Canonical Object ID,Title,Brand / Promoter,Date Text,Object Type,Source Occurrence Count,Member Record IDs,Duplicate Group,Canonical Decision,Confidence,Rights Code,Research Status,Object URL,Category ID,Primary Category
OBJ-0001,1996 GT/Dyno — The BMX & Freestyle Catalog,GT; Dyno,1996,Catalog,2,EPH-0001 | EPH-0018,DUP-GTD-1996,MERGE identity; preserve source occurrence,MEDIUM,INDEX-ONLY,Lead — locate exact reference ID and edition/page count.,https://article134-tech.github.io/lititzbmx-public-knowledge-register/objects/index.html#OBJ-0001,PKR-CAT-001,Catalogs and product literature
OBJ-0002,1992 GT/Dyno Product Catalog,GT; Dyno,1992,Catalog,2,EPH-0002 | EPH-0017,DUP-GTD-1992,MERGE identity; preserve source occurrence,MEDIUM,INDEX-ONLY,Lead — locate exact reference and compare with independent catalog archives.,https://article134-tech.github.io/lititzbmx-public-knowledge-register/objects/index.html#OBJ-0002,PKR-CAT-001,Catalogs and product literature
OBJ-0003,1999 GT/Dyno BMX/Freestyle — Part 2,GT; Dyno,1999,Catalog,2,EPH-0003 | EPH-0019,DUP-GTD-1999-P2,MERGE identity; preserve source occurrence,LOW-MEDIUM,INDEX-ONLY,"Lead — locate part 1, exact reference IDs and page ranges.",https://article134-tech.github.io/lititzbmx-public-knowledge-register/objects/index.html#OBJ-0003,PKR-CAT-001,Catalogs and product literature
OBJ-0004,1990 Haro BMX Catalog,Haro,1990,Catalog,2,EPH-0004 | EPH-0023,DUP-HARO-1990-CAT,MERGE identity; preserve source occurrence,LOW-MEDIUM,INDEX-ONLY,Verified catalog existence — recover exact BMXMuseum ID and compare editions/pages.,https://article134-tech.github.io/lititzbmx-public-knowledge-register/objects/index.html#OBJ-0004,PKR-CAT-001,Catalogs and product literature
OBJ-0005,1987 Dia-Compe 182 Aerial Brake Lever,Dia-Compe,1987,Product literature,1,EPH-0005,,RETAIN — unique source record,MEDIUM,INDEX-ONLY,"Lead — identify publication, page and exact BMXMuseum reference.",https://article134-tech.github.io/lititzbmx-public-knowledge-register/objects/index.html#OBJ-0005,PKR-CAT-001,Catalogs and product literature
OBJ-0006,Ashtabula component catalog,Ashtabula,circa 1977 (unverified),Catalog,2,EPH-0006 | EPH-0031,DUP-ASHT-5027,MERGE identity; preserve source occurrence,HIGH for object; MEDIUM for date,INDEX-ONLY,Exact reference recovered — inspect edition/page structure only through permitted access.,https://article134-tech.github.io/lititzbmx-public-knowledge-register/objects/index.html#OBJ-0006,PKR-CAT-001,Catalogs and product literature
OBJ-0007,1997 Hoffman catalog — George model specification,Hoffman Bikes,1997,Catalog,1,EPH-0007,,RETAIN — unique source record,HIGH for reference existence; MEDIUM for interpreted model data,INDEX-ONLY,Open — record exact page and compare with other Hoffman catalogs.,https://article134-tech.github.io/lititzbmx-public-knowledge-register/objects/index.html#OBJ-0007,PKR-CAT-001,Catalogs and product literature
OBJ-0008,Tioga Rhino III frame advertisement,Tioga; Tange,1983 lead,Magazine advertisement,1,EPH-0008,,RETAIN — unique source record,LOW-MEDIUM,INDEX-ONLY,"Lead — recover exact thread, magazine issue and page.",https://article134-tech.github.io/lititzbmx-public-knowledge-register/objects/index.html#OBJ-0008,PKR-CAT-002,Advertisements and price lists
OBJ-0009,First Torker advertisement in BMX Weekly,Torker,December 1976,Magazine advertisement,2,EPH-0009 | EPH-0047,DUP-TORKER-FIRST-AD,MERGE identity; preserve source occurrence,MEDIUM-HIGH,INDEX-ONLY,Priority — locate the period issue and ad image lawfully.,https://article134-tech.github.io/lititzbmx-public-knowledge-register/objects/index.html#OBJ-0009,PKR-CAT-002,Advertisements and price lists
OBJ-0010,First Red Line magazine advertisement featuring John Palfreyman,Red Line; John Palfreyman,1970s; exact issue pending,Magazine advertisement,2,EPH-0010 | EPH-0037,DUP-REDLINE-FIRST-AD,MERGE identity; preserve source occurrence,HIGH for relationship; MEDIUM for bibliographic detail,INDEX-ONLY,"Priority — identify magazine, issue, page and product shown.",https://article134-tech.github.io/lititzbmx-public-knowledge-register/objects/index.html#OBJ-0010,PKR-CAT-002,Advertisements and price lists
OBJ-0011,JMC Racing Fliers and Price List,JMC Racing,Undated,Combined flyer / price-list set,1,EPH-0011,,RETAIN — unique source record,MEDIUM,INDEX-ONLY,"Priority — locate exact reference ID, count pages and transcribe only clearly labeled factual price fields.",https://article134-tech.github.io/lititzbmx-public-knowledge-register/objects/index.html#OBJ-0011,PKR-CAT-002,Advertisements and price lists
OBJ-0012,Vintage JMC Racing Equipment dealer's price list from Azusa collection,JMC Racing; Azusa collection,Undated vintage document; public post 2026,Dealer price list,1,EPH-0012,,RETAIN — unique source record,LOW-MEDIUM,INDEX-ONLY,Corroboration lead — do not merge with BMXMuseum set until directly compared.,https://article134-tech.github.io/lititzbmx-public-knowledge-register/objects/index.html#OBJ-0012,PKR-CAT-007,Dealers and distributors
OBJ-0013,July 1979 JMC advertisement,JMC Racing,July 1979 issue; ran over multiple months,Magazine advertisement,1,EPH-0013,,RETAIN — unique source record,HIGH for bibliographic identity,INDEX-ONLY / PERMISSION REQUIRED,Included — index metadata; do not reproduce image or extended copy.,https://article134-tech.github.io/lititzbmx-public-knowledge-register/objects/index.html#OBJ-0013,PKR-CAT-002,Advertisements and price lists
OBJ-0014,April 1981 JMC advertisement,JMC Racing; Black Shadow; 3.1 XL,April 1981; appeared in multiple months,Magazine advertisement,1,EPH-0014,,RETAIN — unique source record,HIGH for source/date; MEDIUM-HIGH for summarized claims,INDEX-ONLY,Included — preserve claim-level evidence and recover page/issue details.,https://article134-tech.github.io/lititzbmx-public-knowledge-register/objects/index.html#OBJ-0014,PKR-CAT-002,Advertisements and price lists
OBJ-0015,1981 JMC Factory Team advertisement,JMC Racing; JMC Factory Team,1981,Team advertisement,1,EPH-0015,,RETAIN — unique source record,MEDIUM-HIGH,INDEX-ONLY,Included — identify publication/issue and riders shown before detailed extraction.,https://article134-tech.github.io/lititzbmx-public-knowledge-register/objects/index.html#OBJ-0015,PKR-CAT-006,"Teams, riders, and brand campaigns"
OBJ-0016,JMC 3.1 XL naming-contest announcement,JMC Racing; Bicycle Harbor of Arizona; Matt Raymer,1980,Promotional announcement / naming contest,1,EPH-0016,,RETAIN — unique source record,HIGH for historical claim; LOW for object recovery,INDEX-ONLY,Lead — locate the ABA paper issue and announcement; do not imply an exact scan has been found.,https://article134-tech.github.io/lititzbmx-public-knowledge-register/objects/index.html#OBJ-0016,PKR-CAT-004,Contests and promotions
OBJ-0017,Dynamic BMX complete-bike price advertisement,GT; Dyno; Haro; Auburn,August 1987,Retailer advertisement / price list,1,EPH-0020,,RETAIN — unique source record,MEDIUM-HIGH for clear rows,INDEX-ONLY,INCLUDED — clear prices only,https://article134-tech.github.io/lititzbmx-public-knowledge-register/objects/index.html#OBJ-0017,PKR-CAT-002,Advertisements and price lists
OBJ-0018,Complete-bike mail-order price advertisement,GT; Dyno; Skyway; Haro,July 1987,Retailer advertisement / price list,1,EPH-0021,,RETAIN — unique source record,MEDIUM-HIGH for clear rows,INDEX-ONLY,INCLUDED — clear prices only,https://article134-tech.github.io/lititzbmx-public-knowledge-register/objects/index.html#OBJ-0018,PKR-CAT-002,Advertisements and price lists
OBJ-0019,BMX Plus! / GT Hide-A-Contest entry form,GT; BMX Plus!,Deadline 1987-09-28; drawing 1987-10-05,Contest entry form / promotion,2,EPH-0022 | EPH-0053,DUP-GT-HIDE-CONTEST,MERGE identity; preserve source occurrence,HIGH for dates,INDEX-ONLY,INCLUDED — bibliographic facts; prize details open,https://article134-tech.github.io/lititzbmx-public-knowledge-register/objects/index.html#OBJ-0019,PKR-CAT-004,Contests and promotions
OBJ-0020,1990 Haro Group 1A,Haro,1990,Catalog model page,1,EPH-0024,,RETAIN — unique source record,MEDIUM-HIGH,INDEX-ONLY,INCLUDED WITH ATTRIBUTION,https://article134-tech.github.io/lititzbmx-public-knowledge-register/objects/index.html#OBJ-0020,PKR-CAT-001,Catalogs and product literature
OBJ-0021,1990 Haro Group 1B,Haro,1990,Catalog model page,1,EPH-0025,,RETAIN — unique source record,MEDIUM,INDEX-ONLY,INCLUDED WITH ATTRIBUTION,https://article134-tech.github.io/lititzbmx-public-knowledge-register/objects/index.html#OBJ-0021,PKR-CAT-001,Catalogs and product literature
OBJ-0022,1990 Haro Group 1C,Haro,1990,Catalog model page,1,EPH-0026,,RETAIN — unique source record,MEDIUM-HIGH,INDEX-ONLY,INCLUDED WITH ATTRIBUTION,https://article134-tech.github.io/lititzbmx-public-knowledge-register/objects/index.html#OBJ-0022,PKR-CAT-001,Catalogs and product literature
OBJ-0023,1990 Haro Master / Team Master,Haro,1990,Catalog model page,1,EPH-0027,,RETAIN — unique source record,MEDIUM-HIGH,INDEX-ONLY,INCLUDED WITH ATTRIBUTION,https://article134-tech.github.io/lititzbmx-public-knowledge-register/objects/index.html#OBJ-0023,PKR-CAT-001,Catalogs and product literature
OBJ-0024,1990 Haro Invert,Haro,1990,Catalog model page,1,EPH-0028,,RETAIN — unique source record,MEDIUM-HIGH,INDEX-ONLY,INCLUDED WITH ATTRIBUTION,https://article134-tech.github.io/lititzbmx-public-knowledge-register/objects/index.html#OBJ-0024,PKR-CAT-001,Catalogs and product literature
OBJ-0025,1990 Haro Shredder,Haro,1990,Catalog model list,1,EPH-0029,,RETAIN — unique source record,MEDIUM,INDEX-ONLY,OPEN — locate original catalog page,https://article134-tech.github.io/lititzbmx-public-knowledge-register/objects/index.html#OBJ-0025,PKR-CAT-001,Catalogs and product literature
OBJ-0026,1991 Haro/Fusion catalog offer,Haro; Fusion,1991 catalog; ad in Nov 1991,Catalog mailer / advertisement,2,EPH-0030 | EPH-0055,DUP-HARO-1991-MAILER,MERGE identity; preserve source occurrence,HIGH for offer,INDEX-ONLY,INCLUDED — mailer object,https://article134-tech.github.io/lititzbmx-public-knowledge-register/objects/index.html#OBJ-0026,PKR-CAT-003,"Mailers, stickers, and information packs"
OBJ-0027,Ashtabula crank length range,Ashtabula,circa 1977; interpretation,Catalog claim,1,EPH-0032,,RETAIN — unique source record,MEDIUM,INDEX-ONLY,INCLUDED WITH ATTRIBUTION,https://article134-tech.github.io/lititzbmx-public-knowledge-register/objects/index.html#OBJ-0027,PKR-CAT-001,Catalogs and product literature
OBJ-0028,Ashtabula fork sizing and 6-3/4-inch steerer discussion,Ashtabula,circa 1977; interpretation,Catalog claim,1,EPH-0033,,RETAIN — unique source record,MEDIUM,INDEX-ONLY,INCLUDED WITH ATTRIBUTION,https://article134-tech.github.io/lititzbmx-public-knowledge-register/objects/index.html#OBJ-0028,PKR-CAT-001,Catalogs and product literature
OBJ-0029,Mongoose 1979/80 catalog — Ashtabula one-piece cranks,Mongoose; Ashtabula,1979/80,Manufacturer/distributor catalog page,1,EPH-0034,,RETAIN — unique source record,HIGH,INDEX-ONLY,INCLUDED — visual page inspected,https://article134-tech.github.io/lititzbmx-public-knowledge-register/objects/index.html#OBJ-0029,PKR-CAT-001,Catalogs and product literature
OBJ-0030,Mongoose 1976–77 accessories — Ashtabula/Cecor pedals,Mongoose; Ashtabula/Cecor,1976–77,Manufacturer/distributor catalog page,1,EPH-0035,,RETAIN — unique source record,MEDIUM-HIGH,INDEX-ONLY,INCLUDED — visual page inspected,https://article134-tech.github.io/lititzbmx-public-knowledge-register/objects/index.html#OBJ-0030,PKR-CAT-001,Catalogs and product literature
OBJ-0031,1978 Redline product catalog,Redline,1978,Product catalog,1,EPH-0036,,RETAIN — unique source record,MEDIUM-HIGH,INDEX-ONLY,INCLUDED WITH ATTRIBUTION,https://article134-tech.github.io/lititzbmx-public-knowledge-register/objects/index.html#OBJ-0031,PKR-CAT-001,Catalogs and product literature
OBJ-0032,RL 20 II Prostyler first dedicated freestyle kit,Redline,Summer 1985,Product announcement / kit,1,EPH-0038,,RETAIN — unique source record,MEDIUM-HIGH,INDEX-ONLY,INCLUDED WITH ATTRIBUTION,https://article134-tech.github.io/lititzbmx-public-knowledge-register/objects/index.html#OBJ-0032,PKR-CAT-008,Product announcements and technical material
OBJ-0033,Vintage Mongoose catalog and dealer-price archive,Mongoose,1970s onward,Archive collection,1,EPH-0039,,RETAIN — unique source record,HIGH for archive scope,INDEX-ONLY,INCLUDED — discovery hub,https://article134-tech.github.io/lititzbmx-public-knowledge-register/objects/index.html#OBJ-0033,PKR-CAT-009,Editorial tests and historical documentation
OBJ-0034,1976–77 Bicycle and Components Catalog,Mongoose,1976–77,Manufacturer catalog,1,EPH-0040,,RETAIN — unique source record,HIGH,INDEX-ONLY,INCLUDED — page inspected,https://article134-tech.github.io/lititzbmx-public-knowledge-register/objects/index.html#OBJ-0034,PKR-CAT-001,Catalogs and product literature
OBJ-0035,1979/80 Bicycle and Components Catalog,Mongoose,1979/80,Manufacturer catalog,1,EPH-0041,,RETAIN — unique source record,HIGH,INDEX-ONLY,INCLUDED — page inspected,https://article134-tech.github.io/lititzbmx-public-knowledge-register/objects/index.html#OBJ-0035,PKR-CAT-001,Catalogs and product literature
OBJ-0036,1985 Repco price list — Mongoose and parts,Mongoose,1985,Distributor price list,1,EPH-0042,,RETAIN — unique source record,MEDIUM,INDEX-ONLY,INCLUDED WITH CURRENCY CAUTION,https://article134-tech.github.io/lititzbmx-public-knowledge-register/objects/index.html#OBJ-0036,PKR-CAT-007,Dealers and distributors
OBJ-0037,PK Ripper late-1970s debut,SE Racing,Late 1970s,Product-history object,1,EPH-0043,,RETAIN — unique source record,MEDIUM-HIGH,INDEX-ONLY,INCLUDED WITH ATTRIBUTION,https://article134-tech.github.io/lititzbmx-public-knowledge-register/objects/index.html#OBJ-0037,PKR-CAT-009,Editorial tests and historical documentation
OBJ-0038,Perry Kramer initials on PK Ripper,SE Racing,Since early 1979,Rider/model naming history,1,EPH-0044,,RETAIN — unique source record,HIGH for relationship,INDEX-ONLY,INCLUDED — relationship evidence,https://article134-tech.github.io/lititzbmx-public-knowledge-register/objects/index.html#OBJ-0038,PKR-CAT-006,"Teams, riders, and brand campaigns"
OBJ-0039,Silver Streak team advertisement and product naming,Diamond Back,1982,Team/product advertisement,1,EPH-0045,,RETAIN — unique source record,HIGH for period object,INDEX-ONLY,INCLUDED — campaign object,https://article134-tech.github.io/lititzbmx-public-knowledge-register/objects/index.html#OBJ-0039,PKR-CAT-006,"Teams, riders, and brand campaigns"
OBJ-0040,Free Diamond Back and Pro Star info pack and decal,Diamond Back,1982,Information-pack mailer,2,EPH-0046 | EPH-0054,DUP-DB-INFO-PACK,MERGE identity; preserve source occurrence,HIGH for offer,INDEX-ONLY,INCLUDED — mailer/flyer lead,https://article134-tech.github.io/lititzbmx-public-knowledge-register/objects/index.html#OBJ-0040,PKR-CAT-003,"Mailers, stickers, and information packs"
OBJ-0041,Fullerton-era Torker model archive,Torker,1976–1984,Model archive,1,EPH-0048,,RETAIN — unique source record,HIGH for archive role,INDEX-ONLY,INCLUDED — discovery and verification hub,https://article134-tech.github.io/lititzbmx-public-knowledge-register/objects/index.html#OBJ-0041,PKR-CAT-009,Editorial tests and historical documentation
OBJ-0042,1979 National Number One team / 1980 world-pro chronology,Torker,1979–1980,Factory-team history,1,EPH-0049,,RETAIN — unique source record,MEDIUM-HIGH,INDEX-ONLY,INCLUDED WITH ATTRIBUTION,https://article134-tech.github.io/lititzbmx-public-knowledge-register/objects/index.html#OBJ-0042,PKR-CAT-006,"Teams, riders, and brand campaigns"
OBJ-0043,Pontin's BMX Open Championships & Trade Exhibition,Pontin's; UK BMX organizers,1983-10-07 to 1983-10-09,Event flyer / trade-exhibition notice,1,EPH-0050,,RETAIN — unique source record,HIGH,INDEX-ONLY,INCLUDED — exact dates/venue,https://article134-tech.github.io/lititzbmx-public-knowledge-register/objects/index.html#OBJ-0043,PKR-CAT-005,"Events, registration, and membership"
OBJ-0044,Lee Cooper BMX Indoor Grand Prix pre-registration,Lee Cooper,Winter 1982–83; exact event dates open,Event registration coupon,1,EPH-0051,,RETAIN — unique source record,MEDIUM-HIGH,INDEX-ONLY,INCLUDED — exact dates pending,https://article134-tech.github.io/lititzbmx-public-knowledge-register/objects/index.html#OBJ-0044,PKR-CAT-005,"Events, registration, and membership"
OBJ-0045,AFA Expert & Pro Contest — Austin,AFA,1987-05-02 to 1987-05-03,Event entry / pre-registration advertisement,1,EPH-0052,,RETAIN — unique source record,HIGH,INDEX-ONLY,INCLUDED,https://article134-tech.github.io/lititzbmx-public-knowledge-register/objects/index.html#OBJ-0045,PKR-CAT-005,"Events, registration, and membership"
OBJ-0046,Send SAE for price list and free sticker,Retailer/dealer unresolved from indexed alignment,September 1982,Dealer price-list / sticker offer,1,EPH-0056,,RETAIN — unique source record,MEDIUM,INDEX-ONLY,INCLUDED WITH LIMITS,https://article134-tech.github.io/lititzbmx-public-knowledge-register/objects/index.html#OBJ-0046,PKR-CAT-003,"Mailers, stickers, and information packs"
OBJ-0047,"Ramp Jam — Moorhead, Minnesota",Local organizer; Rob Staiger contact,1987-05-02,Event notice / contact flyer,1,EPH-0057,,RETAIN — unique source record,MEDIUM-HIGH,INDEX-ONLY,INCLUDED — venue open,https://article134-tech.github.io/lititzbmx-public-knowledge-register/objects/index.html#OBJ-0047,PKR-CAT-005,"Events, registration, and membership"
OBJ-0048,DYNO Tour promotional stop listing,Dyno,1987,Tour promotion / route notice,1,EPH-0058,,RETAIN — unique source record,MEDIUM,INDEX-ONLY,INCLUDED — stops pending,https://article134-tech.github.io/lititzbmx-public-knowledge-register/objects/index.html#OBJ-0048,PKR-CAT-005,"Events, registration, and membership"
OBJ-0049,Diamond Back Silver Streak free draw at Lee Cooper event,Lee Cooper; Diamond Back,Winter 1982–83,Event prize promotion,1,EPH-0059,,RETAIN — unique source record,MEDIUM-HIGH,INDEX-ONLY,INCLUDED,https://article134-tech.github.io/lititzbmx-public-knowledge-register/objects/index.html#OBJ-0049,PKR-CAT-004,Contests and promotions
OBJ-0050,Langsett Cycles BMX product advertisement,Langsett Cycles,December 1983 issue,Dealer advertisement / price-list lead,1,EPH-0060,,RETAIN — unique source record,MEDIUM-HIGH,INDEX-ONLY,INCLUDED — deeper transcription deferred,https://article134-tech.github.io/lititzbmx-public-knowledge-register/objects/index.html#OBJ-0050,PKR-CAT-007,Dealers and distributors
OBJ-0051,SR Cycles product and team promotion,SR Cycles; SR Jets,October 1983,Dealer/shop advertisement,1,EPH-0061,,RETAIN — unique source record,MEDIUM-HIGH,INDEX-ONLY,INCLUDED,https://article134-tech.github.io/lititzbmx-public-knowledge-register/objects/index.html#OBJ-0051,PKR-CAT-007,Dealers and distributors
OBJ-0052,Midlands Cycles BMX mail-order special offers,Midlands Cycles; Suntour; Araya; MKS,April/May 1982,Retailer advertisement / price list,1,EPH-0062,,RETAIN — unique issue object,MEDIUM-HIGH,INDEX-ONLY,INCLUDED — indexed issue text; verify page image before exact-layout quotation.,https://article134-tech.github.io/lititzbmx-public-knowledge-register/objects/index.html#OBJ-0052,PKR-CAT-002,Advertisements and price lists
OBJ-0053,Serval Marketing BMX product list and recommended-prices offer,Serval Marketing; JT Racing; AME; Oakley; Johar,April/May 1982,Information-pack mailer,1,EPH-0063,,RETAIN — unique issue object,MEDIUM-HIGH,INDEX-ONLY,INCLUDED — indexed issue text; verify page image before exact-layout quotation.,https://article134-tech.github.io/lititzbmx-public-knowledge-register/objects/index.html#OBJ-0053,PKR-CAT-003,"Mailers, stickers, and information packs"
OBJ-0054,Strongs Cycles Kuwahara and Red Line frame/component advertisement,Strongs Cycles; Kuwahara; Red Line; Dia-Compe,April/May 1982,Retailer advertisement / price list,1,EPH-0064,,RETAIN — unique issue object,MEDIUM-HIGH,INDEX-ONLY,INCLUDED — indexed issue text; verify page image before exact-layout quotation.,https://article134-tech.github.io/lititzbmx-public-knowledge-register/objects/index.html#OBJ-0054,PKR-CAT-002,Advertisements and price lists
OBJ-0055,Gecko BMX product range and free Redline/Kuwahara patch offer,Gecko Leisure Products; Redline; Kuwahara; Race Inc.; MCS,April/May 1982,Dealer/shop advertisement,1,EPH-0065,,RETAIN — unique issue object,MEDIUM-HIGH,INDEX-ONLY,INCLUDED — indexed issue text; verify page image before exact-layout quotation.,https://article134-tech.github.io/lititzbmx-public-knowledge-register/objects/index.html#OBJ-0055,PKR-CAT-007,Dealers and distributors
OBJ-0056,Hotshot BMX complete-bike special and free price-list/sticker offer,Hotshot BMX; Mongoose; Redline; Kuwahara; Diamond Back; GT,April/May 1982,Dealer price-list / sticker offer,1,EPH-0066,,REVIEW — recurring campaign/feature candidate; retain separately pending page-image comparison,MEDIUM-HIGH,INDEX-ONLY,INCLUDED — indexed issue text; verify page image before exact-layout quotation.,https://article134-tech.github.io/lititzbmx-public-knowledge-register/objects/index.html#OBJ-0056,PKR-CAT-003,"Mailers, stickers, and information packs"
OBJ-0057,BMX Action Bike London Dungeon caption competition,BMX Action Bike; London Dungeon,April/May 1982,Contest entry form / promotion,1,EPH-0067,,RETAIN — unique issue object,MEDIUM-HIGH,INDEX-ONLY,INCLUDED — indexed issue text; verify page image before exact-layout quotation.,https://article134-tech.github.io/lititzbmx-public-knowledge-register/objects/index.html#OBJ-0057,PKR-CAT-004,Contests and promotions
OBJ-0058,BMX Action Bike GT Pro 4 bicycle giveaway,BMX Action Bike; GT,April/May 1982,Contest entry form,1,EPH-0068,,RETAIN — unique issue object,HIGH,INDEX-ONLY,INCLUDED — indexed issue text; verify page image before exact-layout quotation.,https://article134-tech.github.io/lititzbmx-public-knowledge-register/objects/index.html#OBJ-0058,PKR-CAT-004,Contests and promotions
OBJ-0059,Kenda Karate free sticker mailer,"Kenda; Moore, Large & Co.",April/May 1982,Information-pack mailer,1,EPH-0069,,RETAIN — unique issue object,HIGH,INDEX-ONLY,INCLUDED — indexed issue text; verify page image before exact-layout quotation.,https://article134-tech.github.io/lititzbmx-public-knowledge-register/objects/index.html#OBJ-0059,PKR-CAT-003,"Mailers, stickers, and information packs"
OBJ-0060,BMX Action Bike track and club list mailer,BMX Action Bike; UKBMX Publications,April/May 1982,Catalog mailer,1,EPH-0070,,RETAIN — unique issue object,HIGH,INDEX-ONLY,INCLUDED — indexed issue text; verify page image before exact-layout quotation.,https://article134-tech.github.io/lititzbmx-public-knowledge-register/objects/index.html#OBJ-0060,PKR-CAT-003,"Mailers, stickers, and information packs"
OBJ-0061,SJK Hurricane complete bike and frame-kit advertisement,SJK Products,April/May 1982,Product literature,1,EPH-0071,,RETAIN — unique issue object,MEDIUM-HIGH,INDEX-ONLY,INCLUDED — indexed issue text; verify page image before exact-layout quotation.,https://article134-tech.github.io/lititzbmx-public-knowledge-register/objects/index.html#OBJ-0061,PKR-CAT-001,Catalogs and product literature
OBJ-0062,CAMM Power Stem dealer advertisement,CAMM Distributing,April/May 1982,Retailer advertisement / price list,1,EPH-0072,,RETAIN — unique issue object,MEDIUM-HIGH,INDEX-ONLY,INCLUDED — indexed issue text; verify page image before exact-layout quotation.,https://article134-tech.github.io/lititzbmx-public-knowledge-register/objects/index.html#OBJ-0062,PKR-CAT-002,Advertisements and price lists
OBJ-0063,Diamond Back Silver Streak test report and projected retail price,Diamond Back; BMX Action Bike,April/May 1982,Product-history object,1,EPH-0073,,RETAIN — unique issue object,HIGH,INDEX-ONLY,INCLUDED — indexed issue text; verify page image before exact-layout quotation.,https://article134-tech.github.io/lititzbmx-public-knowledge-register/objects/index.html#OBJ-0063,PKR-CAT-009,Editorial tests and historical documentation
OBJ-0064,UKBMX membership and racing-licence application form,UKBMX,April/May 1982,Event registration coupon,1,EPH-0074,,RETAIN — unique issue object,HIGH,INDEX-ONLY,INCLUDED — indexed issue text; verify page image before exact-layout quotation.,https://article134-tech.github.io/lititzbmx-public-knowledge-register/objects/index.html#OBJ-0064,PKR-CAT-005,"Events, registration, and membership"
OBJ-0065,BMX Action Bike back-issue mailer,BMX Action Bike; UKBMX Publications,April/May 1982,Catalog mailer,1,EPH-0075,,REVIEW — recurring campaign/feature candidate; retain separately pending page-image comparison,HIGH,INDEX-ONLY,INCLUDED — indexed issue text; verify page image before exact-layout quotation.,https://article134-tech.github.io/lititzbmx-public-knowledge-register/objects/index.html#OBJ-0065,PKR-CAT-003,"Mailers, stickers, and information packs"
OBJ-0066,Stronglite prototype frame and fork announcement,Stronglite; Paul Harvey,April/May 1982,Product announcement / kit,1,EPH-0076,,RETAIN — unique issue object,MEDIUM,INDEX-ONLY,INCLUDED — indexed issue text; verify page image before exact-layout quotation.,https://article134-tech.github.io/lititzbmx-public-knowledge-register/objects/index.html#OBJ-0066,PKR-CAT-008,Product announcements and technical material
OBJ-0067,Prolite racing helmet retailer offer,Prolite; Freewheeler,April/May 1982,Retailer advertisement / price list,1,EPH-0077,,RETAIN — unique issue object,MEDIUM-HIGH,INDEX-ONLY,INCLUDED — indexed issue text; verify page image before exact-layout quotation.,https://article134-tech.github.io/lititzbmx-public-knowledge-register/objects/index.html#OBJ-0067,PKR-CAT-002,Advertisements and price lists
OBJ-0068,Pacer racing gloves retailer offer,Pacer; Gecko,April/May 1982,Retailer advertisement / price list,1,EPH-0078,,RETAIN — unique issue object,HIGH,INDEX-ONLY,INCLUDED — indexed issue text; verify page image before exact-layout quotation.,https://article134-tech.github.io/lititzbmx-public-knowledge-register/objects/index.html#OBJ-0068,PKR-CAT-002,Advertisements and price lists
OBJ-0069,BMX Action Bike assorted sticker packet offer,BMX Action Bike; UKBMX Publications,April/May 1982,Information-pack mailer,1,EPH-0079,,RETAIN — unique issue object,HIGH,INDEX-ONLY,INCLUDED — indexed issue text; verify page image before exact-layout quotation.,https://article134-tech.github.io/lititzbmx-public-knowledge-register/objects/index.html#OBJ-0069,PKR-CAT-003,"Mailers, stickers, and information packs"
OBJ-0070,MX 1000 brake-pair and BMX catalogue offer,MX 1000; retailer unresolved from indexed alignment,April/May 1982,Dealer price-list / sticker offer,1,EPH-0080,,RETAIN — unique issue object,MEDIUM-HIGH,INDEX-ONLY,INCLUDED — indexed issue text; verify page image before exact-layout quotation.,https://article134-tech.github.io/lititzbmx-public-knowledge-register/objects/index.html#OBJ-0070,PKR-CAT-003,"Mailers, stickers, and information packs"
OBJ-0071,Stadium Cycles Atomic Star range advertisement,Stadium Cycles; Atomic Star,June/July 1982,Magazine advertisement,1,EPH-0081,,RETAIN — issue-specific occurrence pending visual comparison,MEDIUM-HIGH,INDEX-ONLY,INCLUDED — indexed issue text; visual comparison pending.,https://article134-tech.github.io/lititzbmx-public-knowledge-register/objects/index.html#OBJ-0071,PKR-CAT-002,Advertisements and price lists
OBJ-0072,Ron Kitching BMX component-distributor brand list,Ron Kitching; SunTour; Dia-Compe; MKS; Tange,June/July 1982,Distributor price list,1,EPH-0082,,RETAIN — issue-specific occurrence pending visual comparison,HIGH,INDEX-ONLY,INCLUDED — indexed issue text; visual comparison pending.,https://article134-tech.github.io/lititzbmx-public-knowledge-register/objects/index.html#OBJ-0072,PKR-CAT-007,Dealers and distributors
OBJ-0073,Raleigh Raceline event-listing service,Raleigh; BMX Action Bike,June/July 1982,Event notice / contact flyer,1,EPH-0083,,RETAIN — issue-specific occurrence pending visual comparison,HIGH,INDEX-ONLY,INCLUDED — indexed issue text; visual comparison pending.,https://article134-tech.github.io/lititzbmx-public-knowledge-register/objects/index.html#OBJ-0073,PKR-CAT-005,"Events, registration, and membership"
OBJ-0074,Halfords free BMX jersey promotion,Halfords,June/July 1982,Event prize promotion,1,EPH-0084,,RETAIN — issue-specific occurrence pending visual comparison,HIGH,INDEX-ONLY,INCLUDED — indexed issue text; visual comparison pending.,https://article134-tech.github.io/lititzbmx-public-knowledge-register/objects/index.html#OBJ-0074,PKR-CAT-004,Contests and promotions
OBJ-0075,Hotshot BMX complete-bike special and petrol bonus,Hotshot BMX Racing,June/July 1982,Retailer advertisement / price list,1,EPH-0085,,RETAIN — issue-specific occurrence pending visual comparison,HIGH,INDEX-ONLY,INCLUDED — indexed issue text; visual comparison pending.,https://article134-tech.github.io/lititzbmx-public-knowledge-register/objects/index.html#OBJ-0075,PKR-CAT-002,Advertisements and price lists
OBJ-0076,Hotshot free price-list and sticker mailer,Hotshot BMX Racing,June/July 1982,Dealer price-list / sticker offer,1,EPH-0086,,REVIEW — recurring campaign/feature candidate; retain separately pending page-image comparison,HIGH,INDEX-ONLY,INCLUDED — indexed issue text; visual comparison pending. Duplicate relationship review open against EPH-0240 (Hotshot price-list / free-sticker campaign).,https://article134-tech.github.io/lititzbmx-public-knowledge-register/objects/index.html#OBJ-0076,PKR-CAT-003,"Mailers, stickers, and information packs"
OBJ-0077,Guisborough national race report,UKBMX; Tucker's Tornadoes,June/July 1982,Product-history object,1,EPH-0087,,RETAIN — issue-specific occurrence pending visual comparison,MEDIUM-HIGH,INDEX-ONLY,INCLUDED — indexed issue text; visual comparison pending.,https://article134-tech.github.io/lititzbmx-public-knowledge-register/objects/index.html#OBJ-0077,PKR-CAT-009,Editorial tests and historical documentation
OBJ-0078,Diamond Back northern-team sponsorship notice,Diamond Back; Tucker's Tornadoes,June/July 1982,Factory-team history,1,EPH-0088,,RETAIN — issue-specific occurrence pending visual comparison,HIGH,INDEX-ONLY,INCLUDED — indexed issue text; visual comparison pending.,https://article134-tech.github.io/lititzbmx-public-knowledge-register/objects/index.html#OBJ-0078,PKR-CAT-006,"Teams, riders, and brand campaigns"
OBJ-0079,GT Pro 4 road and race test,GT; Greg Hill,June/July 1982,Product-history object,1,EPH-0089,,RETAIN — issue-specific occurrence pending visual comparison,HIGH,INDEX-ONLY,INCLUDED — indexed issue text; visual comparison pending.,https://article134-tech.github.io/lititzbmx-public-knowledge-register/objects/index.html#OBJ-0079,PKR-CAT-009,Editorial tests and historical documentation
OBJ-0080,GT Pro 4 specification sheet,GT,June/July 1982,Product literature,1,EPH-0090,,RETAIN — issue-specific occurrence pending visual comparison,HIGH,INDEX-ONLY,INCLUDED — indexed issue text; visual comparison pending.,https://article134-tech.github.io/lititzbmx-public-knowledge-register/objects/index.html#OBJ-0080,PKR-CAT-001,Catalogs and product literature
OBJ-0081,Bermology track-building guide,BMX Action Bike; James Black,June/July 1982,Product literature,1,EPH-0091,,RETAIN — issue-specific occurrence pending visual comparison,HIGH,INDEX-ONLY,INCLUDED — indexed issue text; visual comparison pending.,https://article134-tech.github.io/lititzbmx-public-knowledge-register/objects/index.html#OBJ-0081,PKR-CAT-001,Catalogs and product literature
OBJ-0082,Keith Wilson Redline rider profile,Redline; Keith Wilson,June/July 1982,Rider/model naming history,1,EPH-0092,,RETAIN — issue-specific occurrence pending visual comparison,MEDIUM-HIGH,INDEX-ONLY,INCLUDED — indexed issue text; visual comparison pending.,https://article134-tech.github.io/lititzbmx-public-knowledge-register/objects/index.html#OBJ-0082,PKR-CAT-006,"Teams, riders, and brand campaigns"
OBJ-0083,PK Ripper Radical Art competition,BMX Action Bike; SE Racing; PK Ripper,June/July 1982,Contest entry form / promotion,1,EPH-0093,,RETAIN — issue-specific occurrence pending visual comparison,HIGH,INDEX-ONLY,INCLUDED — indexed issue text; visual comparison pending.,https://article134-tech.github.io/lititzbmx-public-knowledge-register/objects/index.html#OBJ-0083,PKR-CAT-004,Contests and promotions
OBJ-0084,Neal Stevens State of the Art feature,Neal Stevens; BMX Action Bike,June/July 1982,Product-history object,1,EPH-0094,,RETAIN — issue-specific occurrence pending visual comparison,HIGH,INDEX-ONLY,INCLUDED — indexed issue text; visual comparison pending.,https://article134-tech.github.io/lititzbmx-public-knowledge-register/objects/index.html#OBJ-0084,PKR-CAT-009,Editorial tests and historical documentation
OBJ-0085,Shiner SE Racing news and free-decal mailer,Shiner; SE Racing,June/July 1982,Information-pack mailer,1,EPH-0095,,RETAIN — issue-specific occurrence pending visual comparison,HIGH,INDEX-ONLY,INCLUDED — indexed issue text; visual comparison pending.,https://article134-tech.github.io/lititzbmx-public-knowledge-register/objects/index.html#OBJ-0085,PKR-CAT-003,"Mailers, stickers, and information packs"
OBJ-0086,GT racing and dealer advertisement,GT; Greg Hill,June/July 1982,Team/product advertisement,1,EPH-0096,,RETAIN — issue-specific occurrence pending visual comparison,MEDIUM-HIGH,INDEX-ONLY,INCLUDED — indexed issue text; visual comparison pending.,https://article134-tech.github.io/lititzbmx-public-knowledge-register/objects/index.html#OBJ-0086,PKR-CAT-006,"Teams, riders, and brand campaigns"
OBJ-0087,De Ver Cycles BMX bargains listing,De Ver Cycles,June/July 1982,Dealer advertisement / price-list lead,1,EPH-0097,,RETAIN — issue-specific occurrence pending visual comparison,MEDIUM-HIGH,INDEX-ONLY,INCLUDED — indexed issue text; visual comparison pending.,https://article134-tech.github.io/lititzbmx-public-knowledge-register/objects/index.html#OBJ-0087,PKR-CAT-007,Dealers and distributors
OBJ-0088,Max chainring carrying bags,Max,June/July 1982,Product announcement / kit,1,EPH-0098,,RETAIN — issue-specific occurrence pending visual comparison,MEDIUM-HIGH,INDEX-ONLY,INCLUDED — indexed issue text; visual comparison pending.,https://article134-tech.github.io/lititzbmx-public-knowledge-register/objects/index.html#OBJ-0088,PKR-CAT-008,Product announcements and technical material
OBJ-0089,SunTour HL-100 headset locking nut,SunTour,June/July 1982,Product announcement / kit,1,EPH-0099,,RETAIN — issue-specific occurrence pending visual comparison,HIGH,INDEX-ONLY,INCLUDED — indexed issue text; visual comparison pending.,https://article134-tech.github.io/lititzbmx-public-knowledge-register/objects/index.html#OBJ-0089,PKR-CAT-008,Product announcements and technical material
OBJ-0090,Oakley O/20 goggle product notice,Oakley; Gecko,June/July 1982,Product literature,1,EPH-0100,,RETAIN — issue-specific occurrence pending visual comparison,HIGH,INDEX-ONLY,INCLUDED — indexed issue text; visual comparison pending.,https://article134-tech.github.io/lititzbmx-public-knowledge-register/objects/index.html#OBJ-0090,PKR-CAT-001,Catalogs and product literature
OBJ-0091,Torker Ultra 4 lightweight stem,Torker; Alans,June/July 1982,Product announcement / kit,1,EPH-0101,,RETAIN — issue-specific occurrence pending visual comparison,MEDIUM-HIGH,INDEX-ONLY,INCLUDED — indexed issue text; visual comparison pending.,https://article134-tech.github.io/lititzbmx-public-knowledge-register/objects/index.html#OBJ-0091,PKR-CAT-008,Product announcements and technical material
OBJ-0092,Renthal wide-rise handlebar range,Renthal; Mongoose,June/July 1982,Product literature,1,EPH-0102,,RETAIN — issue-specific occurrence pending visual comparison,HIGH,INDEX-ONLY,INCLUDED — indexed issue text; visual comparison pending.,https://article134-tech.github.io/lititzbmx-public-knowledge-register/objects/index.html#OBJ-0092,PKR-CAT-001,Catalogs and product literature
OBJ-0093,ABMX Wonder Light street-safety offer,BMX Action Bike; Wonder Light,June/July 1982,Information-pack mailer,1,EPH-0103,,RETAIN — issue-specific occurrence pending visual comparison,HIGH,INDEX-ONLY,INCLUDED — indexed issue text; visual comparison pending.,https://article134-tech.github.io/lititzbmx-public-knowledge-register/objects/index.html#OBJ-0093,PKR-CAT-003,"Mailers, stickers, and information packs"
OBJ-0094,Huffy Pro Thunder Competition Certified range,Huffy,June/July 1982,Magazine advertisement,1,EPH-0104,,RETAIN — issue-specific occurrence pending visual comparison,HIGH,INDEX-ONLY,INCLUDED — indexed issue text; visual comparison pending.,https://article134-tech.github.io/lititzbmx-public-knowledge-register/objects/index.html#OBJ-0094,PKR-CAT-002,Advertisements and price lists
OBJ-0095,Race Inc Aero special feature,Race Inc; Cav Strutt,June/July 1982,Product-history object,1,EPH-0105,,RETAIN — issue-specific occurrence pending visual comparison,MEDIUM-HIGH,INDEX-ONLY,INCLUDED — indexed issue text; visual comparison pending.,https://article134-tech.github.io/lititzbmx-public-knowledge-register/objects/index.html#OBJ-0095,PKR-CAT-009,Editorial tests and historical documentation
OBJ-0096,SJK British chromoly race-bike test,SJK Products; Steve Woolley,June/July 1982,Product-history object,1,EPH-0106,,RETAIN — issue-specific occurrence pending visual comparison,MEDIUM-HIGH,INDEX-ONLY,INCLUDED — indexed issue text; visual comparison pending.,https://article134-tech.github.io/lititzbmx-public-knowledge-register/objects/index.html#OBJ-0096,PKR-CAT-009,Editorial tests and historical documentation
OBJ-0097,Cyclone Bikes seven-sticker packet offer,Cyclone Bikes; BMX Action Bike,June/July 1982,Information-pack mailer,1,EPH-0107,,RETAIN — issue-specific occurrence pending visual comparison,HIGH,INDEX-ONLY,INCLUDED — indexed issue text; visual comparison pending.,https://article134-tech.github.io/lititzbmx-public-knowledge-register/objects/index.html#OBJ-0097,PKR-CAT-003,"Mailers, stickers, and information packs"
OBJ-0098,UKBMX national rule-book notice,UKBMX; IBMXF,June/July 1982,Product literature,1,EPH-0108,,RETAIN — issue-specific occurrence pending visual comparison,HIGH,INDEX-ONLY,INCLUDED — indexed issue text; visual comparison pending.,https://article134-tech.github.io/lititzbmx-public-knowledge-register/objects/index.html#OBJ-0098,PKR-CAT-001,Catalogs and product literature
OBJ-0099,Puch Murray 20-inch and 24-inch BMX range advertisement,Puch Murray,August/September 1982,Magazine advertisement,1,EPH-0109,,RETAIN — issue-specific occurrence pending visual comparison,HIGH,INDEX-ONLY,INCLUDED — indexed issue text; visual comparison pending.,https://article134-tech.github.io/lititzbmx-public-knowledge-register/objects/index.html#OBJ-0099,PKR-CAT-002,Advertisements and price lists
OBJ-0100,Diamond Back Silver Streak and Pro-Star information-pack offer,Diamond Back; Pro-Star; Freewheeler,August/September 1982,Information-pack mailer,1,EPH-0110,,REVIEW — recurring campaign/feature candidate; retain separately pending page-image comparison,HIGH,INDEX-ONLY,INCLUDED — indexed issue text; visual comparison pending. Duplicate relationship review open against EPH-0159 (Diamond Back Silver Streak information-pack campaign).,https://article134-tech.github.io/lititzbmx-public-knowledge-register/objects/index.html#OBJ-0100,PKR-CAT-003,"Mailers, stickers, and information packs"
OBJ-0101,Kenda Karate tyre advertisement,Kenda; Moore Large,August/September 1982,Magazine advertisement,1,EPH-0111,,RETAIN — issue-specific occurrence pending visual comparison,HIGH,INDEX-ONLY,INCLUDED — indexed issue text; visual comparison pending.,https://article134-tech.github.io/lititzbmx-public-knowledge-register/objects/index.html#OBJ-0101,PKR-CAT-002,Advertisements and price lists
OBJ-0102,Raleigh Burner five-model range launch,Raleigh; Halfords,August/September 1982,Product announcement / kit,1,EPH-0112,,REVIEW — recurring campaign/feature candidate; retain separately pending page-image comparison,HIGH,INDEX-ONLY,INCLUDED — indexed issue text; visual comparison pending. Duplicate relationship review open against EPH-0203 (Raleigh Burner range / price-list campaign).,https://article134-tech.github.io/lititzbmx-public-knowledge-register/objects/index.html#OBJ-0102,PKR-CAT-008,Product announcements and technical material
OBJ-0103,Home-built Diamond Back II project letter,Paul Connors; Diamond Back,August/September 1982,Product-history object,1,EPH-0113,,RETAIN — issue-specific occurrence pending visual comparison,MEDIUM-HIGH,INDEX-ONLY,INCLUDED — indexed issue text; visual comparison pending.,https://article134-tech.github.io/lititzbmx-public-knowledge-register/objects/index.html#OBJ-0103,PKR-CAT-009,Editorial tests and historical documentation
OBJ-0104,Ramsey BMX Club free-entry visitor notice,Ramsey BMX Club; Steve's Team Mongoose,August/September 1982,Event notice / contact flyer,1,EPH-0114,,RETAIN — issue-specific occurrence pending visual comparison,HIGH,INDEX-ONLY,INCLUDED — indexed issue text; visual comparison pending.,https://article134-tech.github.io/lititzbmx-public-knowledge-register/objects/index.html#OBJ-0104,PKR-CAT-005,"Events, registration, and membership"
OBJ-0105,ACS experimental 26-inch Z-rim production note,ACS,August/September 1982,Product-history object,1,EPH-0115,,RETAIN — issue-specific occurrence pending visual comparison,MEDIUM-HIGH,INDEX-ONLY,INCLUDED — indexed issue text; visual comparison pending.,https://article134-tech.github.io/lititzbmx-public-knowledge-register/objects/index.html#OBJ-0105,PKR-CAT-009,Editorial tests and historical documentation
OBJ-0106,Gecko BMX product-range advertisement,Gecko Leisure Products,August/September 1982,Dealer/shop advertisement,1,EPH-0116,,RETAIN — issue-specific occurrence pending visual comparison,MEDIUM-HIGH,INDEX-ONLY,INCLUDED — indexed issue text; visual comparison pending.,https://article134-tech.github.io/lititzbmx-public-knowledge-register/objects/index.html#OBJ-0106,PKR-CAT-007,Dealers and distributors
OBJ-0107,Redline PL-20 Carrera complete-package advertisement,Redline,August/September 1982,Product literature,1,EPH-0117,,RETAIN — issue-specific occurrence pending visual comparison,HIGH,INDEX-ONLY,INCLUDED — indexed issue text; visual comparison pending.,https://article134-tech.github.io/lititzbmx-public-knowledge-register/objects/index.html#OBJ-0107,PKR-CAT-001,Catalogs and product literature
OBJ-0108,Kuwahara frame-and-fork range advertisement,Kuwahara,August/September 1982,Product literature,1,EPH-0118,,RETAIN — issue-specific occurrence pending visual comparison,HIGH,INDEX-ONLY,INCLUDED — indexed issue text; visual comparison pending.,https://article134-tech.github.io/lititzbmx-public-knowledge-register/objects/index.html#OBJ-0108,PKR-CAT-001,Catalogs and product literature
OBJ-0109,"MCS, Race Inc, and Powerlite range advertisement",MCS; Race Inc; Powerlite; Gecko,August/September 1982,Dealer advertisement / price-list lead,1,EPH-0119,,RETAIN — issue-specific occurrence pending visual comparison,MEDIUM-HIGH,INDEX-ONLY,INCLUDED — indexed issue text; visual comparison pending.,https://article134-tech.github.io/lititzbmx-public-knowledge-register/objects/index.html#OBJ-0109,PKR-CAT-007,Dealers and distributors
OBJ-0110,PK Ripper editorial test,SE Racing; PK Ripper,August/September 1982,Product-history object,1,EPH-0120,,RETAIN — issue-specific occurrence pending visual comparison,HIGH,INDEX-ONLY,INCLUDED — indexed issue text; visual comparison pending.,https://article134-tech.github.io/lititzbmx-public-knowledge-register/objects/index.html#OBJ-0110,PKR-CAT-009,Editorial tests and historical documentation
OBJ-0111,Ammaco BMX thrash test,Ammaco; Andy Ruffell,August/September 1982,Product-history object,1,EPH-0121,,RETAIN — issue-specific occurrence pending visual comparison,MEDIUM-HIGH,INDEX-ONLY,INCLUDED — indexed issue text; visual comparison pending.,https://article134-tech.github.io/lititzbmx-public-knowledge-register/objects/index.html#OBJ-0111,PKR-CAT-009,Editorial tests and historical documentation
OBJ-0112,Tim March profile and March Racing Developments launch,Tim March; March Racing Developments,August/September 1982,Factory-team history,1,EPH-0122,,RETAIN — issue-specific occurrence pending visual comparison,HIGH,INDEX-ONLY,INCLUDED — indexed issue text; visual comparison pending.,https://article134-tech.github.io/lititzbmx-public-knowledge-register/objects/index.html#OBJ-0112,PKR-CAT-006,"Teams, riders, and brand campaigns"
OBJ-0113,March Racing Developments number-plate offer,March Racing Developments,August/September 1982,Product literature,1,EPH-0123,,RETAIN — issue-specific occurrence pending visual comparison,HIGH,INDEX-ONLY,INCLUDED — indexed issue text; visual comparison pending.,https://article134-tech.github.io/lititzbmx-public-knowledge-register/objects/index.html#OBJ-0113,PKR-CAT-001,Catalogs and product literature
OBJ-0114,Hotshot retail and trade price-list/sticker service,Hotshot BMX Racing,August/September 1982,Dealer price-list / sticker offer,1,EPH-0124,,RETAIN — issue-specific occurrence pending visual comparison,HIGH,INDEX-ONLY,INCLUDED — indexed issue text; visual comparison pending.,https://article134-tech.github.io/lititzbmx-public-knowledge-register/objects/index.html#OBJ-0114,PKR-CAT-003,"Mailers, stickers, and information packs"
OBJ-0115,DC Racing price-list and sticker mailer,DC Racing,August/September 1982,Dealer price-list / sticker offer,1,EPH-0125,,RETAIN — issue-specific occurrence pending visual comparison,HIGH,INDEX-ONLY,INCLUDED — indexed issue text; visual comparison pending.,https://article134-tech.github.io/lititzbmx-public-knowledge-register/objects/index.html#OBJ-0115,PKR-CAT-003,"Mailers, stickers, and information packs"
OBJ-0116,Piranha cast-wheel model announcement,Piranha,August/September 1982,Product announcement / kit,1,EPH-0126,,RETAIN — issue-specific occurrence pending visual comparison,MEDIUM-HIGH,INDEX-ONLY,INCLUDED — indexed issue text; visual comparison pending.,https://article134-tech.github.io/lititzbmx-public-knowledge-register/objects/index.html#OBJ-0116,PKR-CAT-008,Product announcements and technical material
OBJ-0117,Surrey BMX six-page bargain-list advertisement,Surrey BMX,August/September 1982,Retailer advertisement / price list,1,EPH-0127,,RETAIN — issue-specific occurrence pending visual comparison,HIGH,INDEX-ONLY,INCLUDED — indexed issue text; visual comparison pending.,https://article134-tech.github.io/lititzbmx-public-knowledge-register/objects/index.html#OBJ-0117,PKR-CAT-002,Advertisements and price lists
OBJ-0118,Cooper convertible BMX helmet mailer,Cooper,August/September 1982,Product literature,1,EPH-0128,,RETAIN — issue-specific occurrence pending visual comparison,HIGH,INDEX-ONLY,INCLUDED — indexed issue text; visual comparison pending.,https://article134-tech.github.io/lititzbmx-public-knowledge-register/objects/index.html#OBJ-0118,PKR-CAT-001,Catalogs and product literature
OBJ-0119,Lee and SunTour sealed bottom-bracket product note,Lee; SunTour,August/September 1982,Product announcement / kit,1,EPH-0129,,RETAIN — issue-specific occurrence pending visual comparison,MEDIUM-HIGH,INDEX-ONLY,INCLUDED — indexed issue text; visual comparison pending.,https://article134-tech.github.io/lititzbmx-public-knowledge-register/objects/index.html#OBJ-0119,PKR-CAT-008,Product announcements and technical material
OBJ-0120,Araya aerodynamic sew-up race-wheel note,Araya,August/September 1982,Product literature,1,EPH-0130,,RETAIN — issue-specific occurrence pending visual comparison,MEDIUM,INDEX-ONLY,INCLUDED — indexed issue text; visual comparison pending.,https://article134-tech.github.io/lititzbmx-public-knowledge-register/objects/index.html#OBJ-0120,PKR-CAT-001,Catalogs and product literature
OBJ-0121,Profile mini BMX build feature,Profile; Hotshot BMX,August/September 1982,Product-history object,1,EPH-0131,,RETAIN — issue-specific occurrence pending visual comparison,MEDIUM-HIGH,INDEX-ONLY,INCLUDED — indexed issue text; visual comparison pending.,https://article134-tech.github.io/lititzbmx-public-knowledge-register/objects/index.html#OBJ-0121,PKR-CAT-009,Editorial tests and historical documentation
OBJ-0122,Patterson chromoly frame-and-fork advertisement,Patterson Racing Products,August/September 1982,Product literature,1,EPH-0132,,RETAIN — issue-specific occurrence pending visual comparison,HIGH,INDEX-ONLY,INCLUDED — indexed issue text; visual comparison pending.,https://article134-tech.github.io/lititzbmx-public-knowledge-register/objects/index.html#OBJ-0122,PKR-CAT-001,Catalogs and product literature
OBJ-0123,KHS Duster four-model range and RRPs,KHS; Action Bike Distributing,August/September 1982,Retailer advertisement / price list,1,EPH-0133,,RETAIN — issue-specific occurrence pending visual comparison,HIGH,INDEX-ONLY,INCLUDED — indexed issue text; visual comparison pending.,https://article134-tech.github.io/lititzbmx-public-knowledge-register/objects/index.html#OBJ-0123,PKR-CAT-002,Advertisements and price lists
OBJ-0124,SJK Hurricane distributor announcement,SJK Products; Action Bike Distributing,August/September 1982,Product literature,1,EPH-0134,,RETAIN — issue-specific occurrence pending visual comparison,MEDIUM-HIGH,INDEX-ONLY,INCLUDED — indexed issue text; visual comparison pending.,https://article134-tech.github.io/lititzbmx-public-knowledge-register/objects/index.html#OBJ-0124,PKR-CAT-001,Catalogs and product literature
OBJ-0125,Summer chrome-plating service advertisement,Dartford cycle retailer,August/September 1982,Dealer/shop advertisement,1,EPH-0135,,RETAIN — issue-specific occurrence pending visual comparison,MEDIUM,INDEX-ONLY,INCLUDED — indexed issue text; visual comparison pending.,https://article134-tech.github.io/lititzbmx-public-knowledge-register/objects/index.html#OBJ-0125,PKR-CAT-007,Dealers and distributors
OBJ-0126,Twenty-pence BMX catalogue mailer,Dartford cycle retailer,August/September 1982,Catalog mailer,1,EPH-0136,,RETAIN — issue-specific occurrence pending visual comparison,HIGH,INDEX-ONLY,INCLUDED — indexed issue text; visual comparison pending.,https://article134-tech.github.io/lititzbmx-public-knowledge-register/objects/index.html#OBJ-0126,PKR-CAT-003,"Mailers, stickers, and information packs"
OBJ-0127,Puch Murray competition BMX range advertisement,Puch Murray,October/November 1982,Magazine advertisement,1,EPH-0137,,RETAIN — issue-specific occurrence pending visual comparison,HIGH,INDEX-ONLY,INCLUDED — indexed issue text; visual comparison pending.,https://article134-tech.github.io/lititzbmx-public-knowledge-register/objects/index.html#OBJ-0127,PKR-CAT-002,Advertisements and price lists
OBJ-0128,Redline 400 Series durability advertisement,Redline; Gecko,October/November 1982,Magazine advertisement,1,EPH-0138,,RETAIN — issue-specific occurrence pending visual comparison,MEDIUM-HIGH,INDEX-ONLY,INCLUDED — indexed issue text; visual comparison pending.,https://article134-tech.github.io/lititzbmx-public-knowledge-register/objects/index.html#OBJ-0128,PKR-CAT-002,Advertisements and price lists
OBJ-0129,Hot Wheels BMX Centre Shimano price list,Hot Wheels BMX Centre; Shimano,October/November 1982,Retailer advertisement / price list,1,EPH-0139,,REVIEW — recurring campaign/feature candidate; retain separately pending page-image comparison,HIGH,INDEX-ONLY,INCLUDED — indexed issue text; visual comparison pending. Duplicate relationship review open against EPH-0185 (Hot Wheels Centre retailer campaign).,https://article134-tech.github.io/lititzbmx-public-knowledge-register/objects/index.html#OBJ-0129,PKR-CAT-002,Advertisements and price lists
OBJ-0130,Kuwahara E.T. Special product announcement,Kuwahara; E.T.,October/November 1982,Product announcement / kit,1,EPH-0140,,RETAIN — issue-specific occurrence pending visual comparison,HIGH,INDEX-ONLY,INCLUDED — indexed issue text; visual comparison pending.,https://article134-tech.github.io/lititzbmx-public-knowledge-register/objects/index.html#OBJ-0130,PKR-CAT-008,Product announcements and technical material
OBJ-0131,BMX track-openings and construction logbook,BMX Action Bike,October/November 1982,Archive collection,1,EPH-0141,,RETAIN — issue-specific occurrence pending visual comparison,HIGH,INDEX-ONLY,INCLUDED — indexed issue text; visual comparison pending.,https://article134-tech.github.io/lititzbmx-public-knowledge-register/objects/index.html#OBJ-0131,PKR-CAT-009,Editorial tests and historical documentation
OBJ-0132,"Shiner Panda, SE Racing, and KHS range advertisement",Shiner; SE Racing; Panda; KHS,October/November 1982,Dealer/shop advertisement,1,EPH-0142,,RETAIN — issue-specific occurrence pending visual comparison,MEDIUM-HIGH,INDEX-ONLY,INCLUDED — indexed issue text; visual comparison pending.,https://article134-tech.github.io/lititzbmx-public-knowledge-register/objects/index.html#OBJ-0132,PKR-CAT-007,Dealers and distributors
OBJ-0133,Adjustable car cycle-rack advertisement,Retailer unresolved,October/November 1982,Product literature,1,EPH-0143,,RETAIN — issue-specific occurrence pending visual comparison,MEDIUM,INDEX-ONLY,INCLUDED — indexed issue text; visual comparison pending.,https://article134-tech.github.io/lititzbmx-public-knowledge-register/objects/index.html#OBJ-0133,PKR-CAT-001,Catalogs and product literature
OBJ-0134,Skyway Tuff wheels with alloy hubs launch,Skyway; Hotshot BMX,October/November 1982,Product announcement / kit,1,EPH-0144,,RETAIN — issue-specific occurrence pending visual comparison,HIGH,INDEX-ONLY,INCLUDED — indexed issue text; visual comparison pending.,https://article134-tech.github.io/lititzbmx-public-knowledge-register/objects/index.html#OBJ-0134,PKR-CAT-008,Product announcements and technical material
OBJ-0135,Skyway information and Andy Patterson poster mailer,Skyway; Hotshot BMX; Andy Patterson,October/November 1982,Information-pack mailer,1,EPH-0145,,RETAIN — issue-specific occurrence pending visual comparison,HIGH,INDEX-ONLY,INCLUDED — indexed issue text; visual comparison pending.,https://article134-tech.github.io/lititzbmx-public-knowledge-register/objects/index.html#OBJ-0135,PKR-CAT-003,"Mailers, stickers, and information packs"
OBJ-0136,Alpine Action one-hundred-pound advertisement-design contest,Alpine Action; BMX Action Bike,October/November 1982,Contest entry form / promotion,1,EPH-0146,,RETAIN — issue-specific occurrence pending visual comparison,HIGH,INDEX-ONLY,INCLUDED — indexed issue text; visual comparison pending.,https://article134-tech.github.io/lititzbmx-public-knowledge-register/objects/index.html#OBJ-0136,PKR-CAT-004,Contests and promotions
OBJ-0137,Murray and Puch test-range mailer with free membership,Murray; Puch,October/November 1982,Catalog mailer / advertisement,1,EPH-0147,,RETAIN — issue-specific occurrence pending visual comparison,HIGH,INDEX-ONLY,INCLUDED — indexed issue text; visual comparison pending.,https://article134-tech.github.io/lititzbmx-public-knowledge-register/objects/index.html#OBJ-0137,PKR-CAT-003,"Mailers, stickers, and information packs"
OBJ-0138,BMX Action Bike race-shirt mailer,BMX Action Bike,October/November 1982,Information-pack mailer,1,EPH-0148,,RETAIN — issue-specific occurrence pending visual comparison,HIGH,INDEX-ONLY,INCLUDED — indexed issue text; visual comparison pending.,https://article134-tech.github.io/lititzbmx-public-knowledge-register/objects/index.html#OBJ-0138,PKR-CAT-003,"Mailers, stickers, and information packs"
OBJ-0139,E.T. film and Kuwahara bicycle feature,E.T.; Kuwahara; Steven Spielberg,October/November 1982,Product-history object,1,EPH-0149,,RETAIN — issue-specific occurrence pending visual comparison,HIGH,INDEX-ONLY,INCLUDED — indexed issue text; visual comparison pending.,https://article134-tech.github.io/lititzbmx-public-knowledge-register/objects/index.html#OBJ-0139,PKR-CAT-009,Editorial tests and historical documentation
OBJ-0140,Pro-Lite information-pack and decal mailer,Pro-Lite; Freewheeler Leisure Products,October/November 1982,Information-pack mailer,1,EPH-0150,,RETAIN — issue-specific occurrence pending visual comparison,HIGH,INDEX-ONLY,INCLUDED — indexed issue text; visual comparison pending.,https://article134-tech.github.io/lititzbmx-public-knowledge-register/objects/index.html#OBJ-0140,PKR-CAT-003,"Mailers, stickers, and information packs"
OBJ-0141,ABMX Bonanza reader survey competition,BMX Action Bike,October/November 1982,Contest entry form / promotion,1,EPH-0151,,RETAIN — issue-specific occurrence pending visual comparison,HIGH,INDEX-ONLY,INCLUDED — indexed issue text; visual comparison pending.,https://article134-tech.github.io/lititzbmx-public-knowledge-register/objects/index.html#OBJ-0141,PKR-CAT-004,Contests and promotions
OBJ-0142,AMF Scorcher 7 reader-survey prize,AMF; BMX Action Bike,October/November 1982,Event prize promotion,1,EPH-0152,,RETAIN — issue-specific occurrence pending visual comparison,HIGH,INDEX-ONLY,INCLUDED — indexed issue text; visual comparison pending.,https://article134-tech.github.io/lititzbmx-public-knowledge-register/objects/index.html#OBJ-0142,PKR-CAT-004,Contests and promotions
OBJ-0143,Reynolds 531 BMX frame-and-fork survey prize,Reynolds; BMX Action Bike,October/November 1982,Event prize promotion,1,EPH-0153,,RETAIN — issue-specific occurrence pending visual comparison,HIGH,INDEX-ONLY,INCLUDED — indexed issue text; visual comparison pending.,https://article134-tech.github.io/lititzbmx-public-knowledge-register/objects/index.html#OBJ-0143,PKR-CAT-004,Contests and promotions
OBJ-0144,Team Mongoose factory-direct value advertisement,Mongoose; Ammaco,October/November 1982,Team/product advertisement,1,EPH-0154,,RETAIN — issue-specific occurrence pending visual comparison,MEDIUM-HIGH,INDEX-ONLY,INCLUDED — indexed issue text; visual comparison pending.,https://article134-tech.github.io/lititzbmx-public-knowledge-register/objects/index.html#OBJ-0144,PKR-CAT-006,"Teams, riders, and brand campaigns"
OBJ-0145,ABMX race nutrition and training article,BMX Action Bike,October/November 1982,Product literature,1,EPH-0155,,RETAIN — issue-specific occurrence pending visual comparison,MEDIUM-HIGH,INDEX-ONLY,INCLUDED — indexed issue text; visual comparison pending.,https://article134-tech.github.io/lititzbmx-public-knowledge-register/objects/index.html#OBJ-0145,PKR-CAT-001,Catalogs and product literature
OBJ-0146,BMX Invader and Action Bikes monthly specials,BMX Invader; Action Bikes,October/November 1982,Retailer advertisement / price list,1,EPH-0156,,RETAIN — issue-specific occurrence pending visual comparison,HIGH,INDEX-ONLY,INCLUDED — indexed issue text; visual comparison pending.,https://article134-tech.github.io/lititzbmx-public-knowledge-register/objects/index.html#OBJ-0146,PKR-CAT-002,Advertisements and price lists
OBJ-0147,Huffy Pro Lightning preview,Huffy,October/November 1982,Product-history object,1,EPH-0157,,RETAIN — issue-specific occurrence pending visual comparison,MEDIUM-HIGH,INDEX-ONLY,INCLUDED — indexed issue text; visual comparison pending.,https://article134-tech.github.io/lititzbmx-public-knowledge-register/objects/index.html#OBJ-0147,PKR-CAT-009,Editorial tests and historical documentation
OBJ-0148,Stolen Kuwahara notice and subscription reward,BMX Action Bike; Kuwahara,October/November 1982,Event notice / contact flyer,1,EPH-0158,,RETAIN — issue-specific occurrence pending visual comparison,MEDIUM-HIGH,INDEX-ONLY,INCLUDED — indexed issue text; visual comparison pending.,https://article134-tech.github.io/lititzbmx-public-knowledge-register/objects/index.html#OBJ-0148,PKR-CAT-005,"Events, registration, and membership"
OBJ-0149,Diamond Back Silver Streak information-pack placement,Diamond Back; Pro-Star; Freewheeler,October/November 1982,Information-pack mailer,1,EPH-0159,,REVIEW — recurring campaign/feature candidate; retain separately pending page-image comparison,HIGH,INDEX-ONLY,INCLUDED — indexed issue text; visual comparison pending. Duplicate relationship review open against EPH-0110 (Diamond Back Silver Streak information-pack campaign).,https://article134-tech.github.io/lititzbmx-public-knowledge-register/objects/index.html#OBJ-0149,PKR-CAT-003,"Mailers, stickers, and information packs"
OBJ-0150,Kuwahara one-hundred-rider team recruitment offer,Kuwahara; Gecko,October/November 1982,Factory-team history,1,EPH-0160,,RETAIN — issue-specific occurrence pending visual comparison,HIGH,INDEX-ONLY,INCLUDED — indexed issue text; visual comparison pending.,https://article134-tech.github.io/lititzbmx-public-knowledge-register/objects/index.html#OBJ-0150,PKR-CAT-006,"Teams, riders, and brand campaigns"
OBJ-0151,Holdsworth BMX Centres multi-brand advertisement,Holdsworth BMX Centres,October/November 1982,Dealer/shop advertisement,1,EPH-0161,,REVIEW — recurring campaign/feature candidate; retain separately pending page-image comparison,MEDIUM-HIGH,INDEX-ONLY,INCLUDED — indexed issue text; visual comparison pending. Duplicate relationship review open against EPH-0196 (Holdsworth multi-brand retailer campaign).,https://article134-tech.github.io/lititzbmx-public-knowledge-register/objects/index.html#OBJ-0151,PKR-CAT-007,Dealers and distributors
OBJ-0152,Bolton BMXmas Club Supadeal,Bolton BMX Centre,October/November 1982,Dealer advertisement / price-list lead,1,EPH-0162,,RETAIN — issue-specific occurrence pending visual comparison,HIGH,INDEX-ONLY,INCLUDED — indexed issue text; visual comparison pending.,https://article134-tech.github.io/lititzbmx-public-knowledge-register/objects/index.html#OBJ-0152,PKR-CAT-007,Dealers and distributors
OBJ-0153,Haro number-plate heritage advertisement,Haro Designs,October/November 1982,Product-history object,1,EPH-0163,,RETAIN — issue-specific occurrence pending visual comparison,HIGH,INDEX-ONLY,INCLUDED — indexed issue text; visual comparison pending.,https://article134-tech.github.io/lititzbmx-public-knowledge-register/objects/index.html#OBJ-0153,PKR-CAT-009,Editorial tests and historical documentation
OBJ-0154,SunTour HB-6000 reversible rear-hub product literature,SunTour; Ron Kitching,October/November 1982,Product literature,1,EPH-0164,,RETAIN — issue-specific occurrence pending visual comparison,HIGH,INDEX-ONLY,INCLUDED — indexed issue text; visual comparison pending.,https://article134-tech.github.io/lititzbmx-public-knowledge-register/objects/index.html#OBJ-0154,PKR-CAT-001,Catalogs and product literature
OBJ-0155,Troxel Comet saddle-and-post advertisement,Troxel,October/November 1982,Product literature,1,EPH-0165,,RETAIN — issue-specific occurrence pending visual comparison,HIGH,INDEX-ONLY,INCLUDED — indexed issue text; visual comparison pending.,https://article134-tech.github.io/lititzbmx-public-knowledge-register/objects/index.html#OBJ-0155,PKR-CAT-001,Catalogs and product literature
OBJ-0156,Shimano DX platform-pedal advertisement,Shimano,December 1982/January 1983,Product literature,1,EPH-0166,,RETAIN — issue-specific occurrence pending visual comparison,HIGH,INDEX-ONLY,INCLUDED — indexed issue text; visual comparison pending.,https://article134-tech.github.io/lititzbmx-public-knowledge-register/objects/index.html#OBJ-0156,PKR-CAT-001,Catalogs and product literature
OBJ-0157,Shimano DX micro-adjust seatpost announcement,Shimano,December 1982/January 1983,Product announcement / kit,1,EPH-0167,,RETAIN — issue-specific occurrence pending visual comparison,MEDIUM-HIGH,INDEX-ONLY,INCLUDED — indexed issue text; visual comparison pending.,https://article134-tech.github.io/lititzbmx-public-knowledge-register/objects/index.html#OBJ-0157,PKR-CAT-008,Product announcements and technical material
OBJ-0158,Pro-Lite protective-equipment information-pack placement,Pro-Lite; Freewheeler,December 1982/January 1983,Information-pack mailer,1,EPH-0168,,RETAIN — issue-specific occurrence pending visual comparison,HIGH,INDEX-ONLY,INCLUDED — indexed issue text; visual comparison pending.,https://article134-tech.github.io/lititzbmx-public-knowledge-register/objects/index.html#OBJ-0158,PKR-CAT-003,"Mailers, stickers, and information packs"
OBJ-0159,Halfords California BMX model-range price advertisement,Halfords; California,December 1982/January 1983,Retailer advertisement / price list,1,EPH-0169,,RETAIN — issue-specific occurrence pending visual comparison,HIGH,INDEX-ONLY,INCLUDED — indexed issue text; visual comparison pending.,https://article134-tech.github.io/lititzbmx-public-knowledge-register/objects/index.html#OBJ-0159,PKR-CAT-002,Advertisements and price lists
OBJ-0160,Halfords Raleigh Burner and free Haro plate promotion,Halfords; Raleigh; Haro,December 1982/January 1983,Event prize promotion,1,EPH-0170,,RETAIN — issue-specific occurrence pending visual comparison,HIGH,INDEX-ONLY,INCLUDED — indexed issue text; visual comparison pending.,https://article134-tech.github.io/lititzbmx-public-knowledge-register/objects/index.html#OBJ-0160,PKR-CAT-004,Contests and promotions
OBJ-0161,British and world BMX wheelie-record attempt notice,Lee Cooper; BMX Action Bike,December 1982/January 1983,Event notice / contact flyer,1,EPH-0171,,RETAIN — issue-specific occurrence pending visual comparison,HIGH,INDEX-ONLY,INCLUDED — indexed issue text; visual comparison pending.,https://article134-tech.github.io/lititzbmx-public-knowledge-register/objects/index.html#OBJ-0161,PKR-CAT-005,"Events, registration, and membership"
OBJ-0162,British and world bunnyhop-record attempt notice,Lee Cooper; BMX Action Bike,December 1982/January 1983,Event notice / contact flyer,1,EPH-0172,,RETAIN — issue-specific occurrence pending visual comparison,HIGH,INDEX-ONLY,INCLUDED — indexed issue text; visual comparison pending.,https://article134-tech.github.io/lititzbmx-public-knowledge-register/objects/index.html#OBJ-0162,PKR-CAT-005,"Events, registration, and membership"
OBJ-0163,Lee Cooper BMX coaching clinic,Lee Cooper; BMX Action Bike,December 1982/January 1983,Event flyer / trade-exhibition notice,1,EPH-0173,,RETAIN — issue-specific occurrence pending visual comparison,HIGH,INDEX-ONLY,INCLUDED — indexed issue text; visual comparison pending.,https://article134-tech.github.io/lititzbmx-public-knowledge-register/objects/index.html#OBJ-0163,PKR-CAT-005,"Events, registration, and membership"
OBJ-0164,Lee Cooper freestyle stunt competition,Lee Cooper; BMX Action Bike,December 1982/January 1983,Event entry / pre-registration advertisement,1,EPH-0174,,RETAIN — issue-specific occurrence pending visual comparison,HIGH,INDEX-ONLY,INCLUDED — indexed issue text; visual comparison pending.,https://article134-tech.github.io/lititzbmx-public-knowledge-register/objects/index.html#OBJ-0164,PKR-CAT-005,"Events, registration, and membership"
OBJ-0165,Diamond Back Teamfinder race series launch,Diamond Back; Lee Cooper,December 1982/January 1983,Factory-team history,1,EPH-0175,,RETAIN — issue-specific occurrence pending visual comparison,HIGH,INDEX-ONLY,INCLUDED — indexed issue text; visual comparison pending.,https://article134-tech.github.io/lititzbmx-public-knowledge-register/objects/index.html#OBJ-0165,PKR-CAT-006,"Teams, riders, and brand campaigns"
OBJ-0166,First National BMX Poll ballot,BMX Action Bike,December 1982/January 1983,Contest entry form,1,EPH-0176,,RETAIN — issue-specific occurrence pending visual comparison,HIGH,INDEX-ONLY,INCLUDED — indexed issue text; visual comparison pending.,https://article134-tech.github.io/lititzbmx-public-knowledge-register/objects/index.html#OBJ-0166,PKR-CAT-004,Contests and promotions
OBJ-0167,Diamond Back Turbo national-poll prize,Diamond Back; Harry Leary,December 1982/January 1983,Event prize promotion,1,EPH-0177,,RETAIN — issue-specific occurrence pending visual comparison,HIGH,INDEX-ONLY,INCLUDED — indexed issue text; visual comparison pending.,https://article134-tech.github.io/lititzbmx-public-knowledge-register/objects/index.html#OBJ-0167,PKR-CAT-004,Contests and promotions
OBJ-0168,Skyway Tuff II national-poll prize,Skyway,December 1982/January 1983,Event prize promotion,1,EPH-0178,,RETAIN — issue-specific occurrence pending visual comparison,HIGH,INDEX-ONLY,INCLUDED — indexed issue text; visual comparison pending.,https://article134-tech.github.io/lititzbmx-public-knowledge-register/objects/index.html#OBJ-0168,PKR-CAT-004,Contests and promotions
OBJ-0169,Bell lightweight helmet national-poll prize,Bell,December 1982/January 1983,Event prize promotion,1,EPH-0179,,RETAIN — issue-specific occurrence pending visual comparison,HIGH,INDEX-ONLY,INCLUDED — indexed issue text; visual comparison pending.,https://article134-tech.github.io/lititzbmx-public-knowledge-register/objects/index.html#OBJ-0169,PKR-CAT-004,Contests and promotions
OBJ-0170,Asahi Action Spokes product advertisement,Asahi; Ron Kitching,December 1982/January 1983,Product literature,1,EPH-0180,,RETAIN — issue-specific occurrence pending visual comparison,HIGH,INDEX-ONLY,INCLUDED — indexed issue text; visual comparison pending.,https://article134-tech.github.io/lititzbmx-public-knowledge-register/objects/index.html#OBJ-0170,PKR-CAT-001,Catalogs and product literature
OBJ-0171,King Sticker five-sticker and jumbo-pack offer,King Sticker,December 1982/January 1983,Information-pack mailer,1,EPH-0181,,REVIEW — recurring campaign/feature candidate; retain separately pending page-image comparison,HIGH,INDEX-ONLY,INCLUDED — indexed issue text; visual comparison pending. Duplicate relationship review open against EPH-0238 (King Sticker five-pack / jumbo-pack campaign).,https://article134-tech.github.io/lititzbmx-public-knowledge-register/objects/index.html#OBJ-0171,PKR-CAT-003,"Mailers, stickers, and information packs"
OBJ-0172,Raleigh Pro Burner Christmas price promotion,Raleigh; Cycle Warehouse,December 1982/January 1983,Retailer advertisement / price list,1,EPH-0182,,RETAIN — issue-specific occurrence pending visual comparison,HIGH,INDEX-ONLY,INCLUDED — indexed issue text; visual comparison pending.,https://article134-tech.github.io/lititzbmx-public-knowledge-register/objects/index.html#OBJ-0172,PKR-CAT-002,Advertisements and price lists
OBJ-0173,Diatron Wildcat convertible helmet launch,Diatron,December 1982/January 1983,Product announcement / kit,1,EPH-0183,,RETAIN — issue-specific occurrence pending visual comparison,HIGH,INDEX-ONLY,INCLUDED — indexed issue text; visual comparison pending.,https://article134-tech.github.io/lititzbmx-public-knowledge-register/objects/index.html#OBJ-0173,PKR-CAT-008,Product announcements and technical material
OBJ-0174,Piranha cast-wheel bicycle launch advertisement,Piranha,December 1982/January 1983,Product announcement / kit,1,EPH-0184,,RETAIN — issue-specific occurrence pending visual comparison,HIGH,INDEX-ONLY,INCLUDED — indexed issue text; visual comparison pending.,https://article134-tech.github.io/lititzbmx-public-knowledge-register/objects/index.html#OBJ-0174,PKR-CAT-008,Product announcements and technical material
OBJ-0175,Hot Wheels BMX Centre imported-product advertisement,Hot Wheels BMX Centre,December 1982/January 1983,Dealer/shop advertisement,1,EPH-0185,,REVIEW — recurring campaign/feature candidate; retain separately pending page-image comparison,MEDIUM-HIGH,INDEX-ONLY,INCLUDED — indexed issue text; visual comparison pending. Duplicate relationship review open against EPH-0139 (Hot Wheels Centre retailer campaign).,https://article134-tech.github.io/lititzbmx-public-knowledge-register/objects/index.html#OBJ-0175,PKR-CAT-007,Dealers and distributors
OBJ-0176,Original and replica Kuwahara E.T. price advertisement,Kuwahara; Isaac Henderson BMX,December 1982/January 1983,Retailer advertisement / price list,1,EPH-0186,,RETAIN — issue-specific occurrence pending visual comparison,HIGH,INDEX-ONLY,INCLUDED — indexed issue text; visual comparison pending.,https://article134-tech.github.io/lititzbmx-public-knowledge-register/objects/index.html#OBJ-0176,PKR-CAT-002,Advertisements and price lists
OBJ-0177,Nine-bike shootout overview,BMX Action Bike,December 1982/January 1983,Product-history object,1,EPH-0187,,RETAIN — issue-specific occurrence pending visual comparison,HIGH,INDEX-ONLY,INCLUDED — indexed issue text; visual comparison pending.,https://article134-tech.github.io/lititzbmx-public-knowledge-register/objects/index.html#OBJ-0177,PKR-CAT-009,Editorial tests and historical documentation
OBJ-0178,Huffy Pro 2 shootout test,Huffy,December 1982/January 1983,Product-history object,1,EPH-0188,,RETAIN — issue-specific occurrence pending visual comparison,HIGH,INDEX-ONLY,INCLUDED — indexed issue text; visual comparison pending.,https://article134-tech.github.io/lititzbmx-public-knowledge-register/objects/index.html#OBJ-0178,PKR-CAT-009,Editorial tests and historical documentation
OBJ-0179,Cycle Pro Macho shootout test,Cycle Pro,December 1982/January 1983,Product-history object,1,EPH-0189,,RETAIN — issue-specific occurrence pending visual comparison,MEDIUM-HIGH,INDEX-ONLY,INCLUDED — indexed issue text; visual comparison pending.,https://article134-tech.github.io/lititzbmx-public-knowledge-register/objects/index.html#OBJ-0179,PKR-CAT-009,Editorial tests and historical documentation
OBJ-0180,Falcon BMX shootout test,Falcon,December 1982/January 1983,Product-history object,1,EPH-0190,,RETAIN — issue-specific occurrence pending visual comparison,MEDIUM-HIGH,INDEX-ONLY,INCLUDED — indexed issue text; visual comparison pending.,https://article134-tech.github.io/lititzbmx-public-knowledge-register/objects/index.html#OBJ-0180,PKR-CAT-009,Editorial tests and historical documentation
OBJ-0181,California Star and Trax Pro comparison,California; Halfords,December 1982/January 1983,Product-history object,1,EPH-0191,,RETAIN — issue-specific occurrence pending visual comparison,MEDIUM-HIGH,INDEX-ONLY,INCLUDED — indexed issue text; visual comparison pending.,https://article134-tech.github.io/lititzbmx-public-knowledge-register/objects/index.html#OBJ-0181,PKR-CAT-009,Editorial tests and historical documentation
OBJ-0182,ABMX repeat light-and-reflector offer,BMX Action Bike,December 1982/January 1983,Information-pack mailer,1,EPH-0192,,RETAIN — issue-specific occurrence pending visual comparison,HIGH,INDEX-ONLY,INCLUDED — indexed issue text; visual comparison pending.,https://article134-tech.github.io/lititzbmx-public-knowledge-register/objects/index.html#OBJ-0182,PKR-CAT-003,"Mailers, stickers, and information packs"
OBJ-0183,Robinson Racing sticker-and-catalogue mailer,Robinson Racing Products,December 1982/January 1983,Catalog mailer,1,EPH-0193,,RETAIN — issue-specific occurrence pending visual comparison,HIGH,INDEX-ONLY,INCLUDED — indexed issue text; visual comparison pending.,https://article134-tech.github.io/lititzbmx-public-knowledge-register/objects/index.html#OBJ-0183,PKR-CAT-003,"Mailers, stickers, and information packs"
OBJ-0184,UNI eight-ounce BMX seat launch,UNI; Hotshot BMX,February/March 1983,Product announcement / kit,1,EPH-0194,,RETAIN — issue-specific occurrence pending visual comparison,HIGH,INDEX-ONLY,INCLUDED — indexed issue text; visual comparison pending.,https://article134-tech.github.io/lititzbmx-public-knowledge-register/objects/index.html#OBJ-0184,PKR-CAT-008,Product announcements and technical material
OBJ-0185,SR Cycles bicycle-reservation and free-delivery offer,SR Cycles,February/March 1983,Dealer advertisement / price-list lead,1,EPH-0195,,RETAIN — issue-specific occurrence pending visual comparison,HIGH,INDEX-ONLY,INCLUDED — indexed issue text; visual comparison pending.,https://article134-tech.github.io/lititzbmx-public-knowledge-register/objects/index.html#OBJ-0185,PKR-CAT-007,Dealers and distributors
OBJ-0186,Holdsworth BMX Centres multi-location advertisement,Holdsworth BMX Centres,February/March 1983,Dealer/shop advertisement,1,EPH-0196,,REVIEW — recurring campaign/feature candidate; retain separately pending page-image comparison,MEDIUM-HIGH,INDEX-ONLY,INCLUDED — indexed issue text; visual comparison pending. Duplicate relationship review open against EPH-0161 (Holdsworth multi-brand retailer campaign).,https://article134-tech.github.io/lititzbmx-public-knowledge-register/objects/index.html#OBJ-0186,PKR-CAT-007,Dealers and distributors
OBJ-0187,ABMX light set and reflective-clip offer,BMX Action Bike,February/March 1983,Information-pack mailer,1,EPH-0197,,RETAIN — issue-specific occurrence pending visual comparison,HIGH,INDEX-ONLY,INCLUDED — indexed issue text; visual comparison pending.,https://article134-tech.github.io/lititzbmx-public-knowledge-register/objects/index.html#OBJ-0187,PKR-CAT-003,"Mailers, stickers, and information packs"
OBJ-0188,ABMX blue-and-gold binder offer,BMX Action Bike,February/March 1983,Catalog mailer,1,EPH-0198,,RETAIN — issue-specific occurrence pending visual comparison,HIGH,INDEX-ONLY,INCLUDED — indexed issue text; visual comparison pending.,https://article134-tech.github.io/lititzbmx-public-knowledge-register/objects/index.html#OBJ-0188,PKR-CAT-003,"Mailers, stickers, and information packs"
OBJ-0189,ABMX blue-and-yellow race-shirt offer,BMX Action Bike,February/March 1983,Information-pack mailer,1,EPH-0199,,RETAIN — issue-specific occurrence pending visual comparison,HIGH,INDEX-ONLY,INCLUDED — indexed issue text; visual comparison pending.,https://article134-tech.github.io/lititzbmx-public-knowledge-register/objects/index.html#OBJ-0189,PKR-CAT-003,"Mailers, stickers, and information packs"
OBJ-0190,Araya ADX-7W aero-rim product notice,Araya,February/March 1983,Product literature,1,EPH-0200,,RETAIN — issue-specific occurrence pending visual comparison,HIGH,INDEX-ONLY,INCLUDED — indexed issue text; visual comparison pending.,https://article134-tech.github.io/lititzbmx-public-knowledge-register/objects/index.html#OBJ-0190,PKR-CAT-001,Catalogs and product literature
OBJ-0191,Naga chromoly and fluted-alloy seatpost range,Naga,February/March 1983,Product literature,1,EPH-0201,,RETAIN — issue-specific occurrence pending visual comparison,MEDIUM-HIGH,INDEX-ONLY,INCLUDED — indexed issue text; visual comparison pending.,https://article134-tech.github.io/lititzbmx-public-knowledge-register/objects/index.html#OBJ-0191,PKR-CAT-001,Catalogs and product literature
OBJ-0192,MKS BM-10 and Grafight-X pedal range,MKS,February/March 1983,Product literature,1,EPH-0202,,RETAIN — issue-specific occurrence pending visual comparison,HIGH,INDEX-ONLY,INCLUDED — indexed issue text; visual comparison pending.,https://article134-tech.github.io/lititzbmx-public-knowledge-register/objects/index.html#OBJ-0192,PKR-CAT-001,Catalogs and product literature
OBJ-0193,Raleigh Burner five-model retail price list,Raleigh; Cycle Warehouse,February/March 1983,Retailer advertisement / price list,1,EPH-0203,,REVIEW — recurring campaign/feature candidate; retain separately pending page-image comparison,HIGH,INDEX-ONLY,INCLUDED — indexed issue text; visual comparison pending. Duplicate relationship review open against EPH-0112 (Raleigh Burner range / price-list campaign).,https://article134-tech.github.io/lititzbmx-public-knowledge-register/objects/index.html#OBJ-0193,PKR-CAT-002,Advertisements and price lists
OBJ-0194,"Max checker hats, jerseys, and race-pants advertisement",Max; Alans BMX,February/March 1983,Retailer advertisement / price list,1,EPH-0204,,RETAIN — issue-specific occurrence pending visual comparison,HIGH,INDEX-ONLY,INCLUDED — indexed issue text; visual comparison pending.,https://article134-tech.github.io/lititzbmx-public-knowledge-register/objects/index.html#OBJ-0194,PKR-CAT-002,Advertisements and price lists
OBJ-0195,Halfords BMX Nations Cup pre-registration form,Halfords; BMX Action Bike,February/March 1983,Event registration coupon,1,EPH-0205,,RETAIN — issue-specific occurrence pending visual comparison,HIGH,INDEX-ONLY,INCLUDED — indexed issue text; visual comparison pending.,https://article134-tech.github.io/lititzbmx-public-knowledge-register/objects/index.html#OBJ-0195,PKR-CAT-005,"Events, registration, and membership"
OBJ-0196,Great Meeting survey and Firebird frame-set competition,BMX Action Bike; Firebird; DP Racing,February/March 1983,Contest entry form / promotion,1,EPH-0206,,RETAIN — issue-specific occurrence pending visual comparison,HIGH,INDEX-ONLY,INCLUDED — indexed issue text; visual comparison pending.,https://article134-tech.github.io/lititzbmx-public-knowledge-register/objects/index.html#OBJ-0196,PKR-CAT-004,Contests and promotions
OBJ-0197,Cycle Trader BMX retail survey issue advertisement,Cycle Trader,February/March 1983,Product literature,1,EPH-0207,,RETAIN — issue-specific occurrence pending visual comparison,MEDIUM-HIGH,INDEX-ONLY,INCLUDED — indexed issue text; visual comparison pending.,https://article134-tech.github.io/lititzbmx-public-knowledge-register/objects/index.html#OBJ-0197,PKR-CAT-001,Catalogs and product literature
OBJ-0198,YES Products word-building competition,YES Products; BMX Action Bike,February/March 1983,Contest entry form,1,EPH-0208,,RETAIN — issue-specific occurrence pending visual comparison,HIGH,INDEX-ONLY,INCLUDED — indexed issue text; visual comparison pending.,https://article134-tech.github.io/lititzbmx-public-knowledge-register/objects/index.html#OBJ-0198,PKR-CAT-004,Contests and promotions
OBJ-0199,Firebird British chromoly frame-set feature,Firebird; DP Racing,February/March 1983,Product-history object,1,EPH-0209,,RETAIN — issue-specific occurrence pending visual comparison,HIGH,INDEX-ONLY,INCLUDED — indexed issue text; visual comparison pending.,https://article134-tech.github.io/lititzbmx-public-knowledge-register/objects/index.html#OBJ-0199,PKR-CAT-009,Editorial tests and historical documentation
OBJ-0200,Mongoose Pro Class complete-bike test,Mongoose,February/March 1983,Product-history object,1,EPH-0210,,RETAIN — issue-specific occurrence pending visual comparison,HIGH,INDEX-ONLY,INCLUDED — indexed issue text; visual comparison pending.,https://article134-tech.github.io/lititzbmx-public-knowledge-register/objects/index.html#OBJ-0200,PKR-CAT-009,Editorial tests and historical documentation
OBJ-0201,Mongoose Pro Class lightweight wheel system,Mongoose,February/March 1983,Product literature,1,EPH-0211,,RETAIN — issue-specific occurrence pending visual comparison,MEDIUM-HIGH,INDEX-ONLY,INCLUDED — indexed issue text; visual comparison pending.,https://article134-tech.github.io/lititzbmx-public-knowledge-register/objects/index.html#OBJ-0201,PKR-CAT-001,Catalogs and product literature
OBJ-0202,Bournemouth BMX track-focus report,Bournemouth BMX,February/March 1983,Archive collection,1,EPH-0212,,RETAIN — issue-specific occurrence pending visual comparison,HIGH,INDEX-ONLY,INCLUDED — indexed issue text; visual comparison pending.,https://article134-tech.github.io/lititzbmx-public-knowledge-register/objects/index.html#OBJ-0202,PKR-CAT-009,Editorial tests and historical documentation
OBJ-0203,Diatron Wildcat helmet and race-pants advertisement,Diatron,February/March 1983,Retailer advertisement / price list,1,EPH-0213,,RETAIN — issue-specific occurrence pending visual comparison,HIGH,INDEX-ONLY,INCLUDED — indexed issue text; visual comparison pending.,https://article134-tech.github.io/lititzbmx-public-knowledge-register/objects/index.html#OBJ-0203,PKR-CAT-002,Advertisements and price lists
OBJ-0204,Surrey BMX Kuwahara complete-bike price list,Surrey BMX; Kuwahara,February/March 1983,Retailer advertisement / price list,1,EPH-0214,,RETAIN — issue-specific occurrence pending visual comparison,HIGH,INDEX-ONLY,INCLUDED — indexed issue text; visual comparison pending.,https://article134-tech.github.io/lititzbmx-public-knowledge-register/objects/index.html#OBJ-0204,PKR-CAT-002,Advertisements and price lists
OBJ-0205,Surrey BMX frame-and-fork price list,Surrey BMX; Race Inc; GT; MCS; PK Ripper; Torker; JMC,February/March 1983,Retailer advertisement / price list,1,EPH-0215,,RETAIN — issue-specific occurrence pending visual comparison,HIGH,INDEX-ONLY,INCLUDED — indexed issue text; visual comparison pending.,https://article134-tech.github.io/lititzbmx-public-knowledge-register/objects/index.html#OBJ-0205,PKR-CAT-002,Advertisements and price lists
OBJ-0206,Surrey BMX wheel-system price list,Surrey BMX; Skyway; ACS; Ukai; SunTour,February/March 1983,Retailer advertisement / price list,1,EPH-0216,,RETAIN — issue-specific occurrence pending visual comparison,HIGH,INDEX-ONLY,INCLUDED — indexed issue text; visual comparison pending.,https://article134-tech.github.io/lititzbmx-public-knowledge-register/objects/index.html#OBJ-0206,PKR-CAT-002,Advertisements and price lists
OBJ-0207,Hadley precision bottom-bracket listing,Hadley,February/March 1983,Product literature,1,EPH-0217,,RETAIN — issue-specific occurrence pending visual comparison,HIGH,INDEX-ONLY,INCLUDED — indexed issue text; visual comparison pending.,https://article134-tech.github.io/lititzbmx-public-knowledge-register/objects/index.html#OBJ-0207,PKR-CAT-001,Catalogs and product literature
OBJ-0208,Haro Freestyle Moves book offer,Haro,February/March 1983,Catalog mailer,1,EPH-0218,,RETAIN — issue-specific occurrence pending visual comparison,HIGH,INDEX-ONLY,INCLUDED — indexed issue text; visual comparison pending.,https://article134-tech.github.io/lititzbmx-public-knowledge-register/objects/index.html#OBJ-0208,PKR-CAT-003,"Mailers, stickers, and information packs"
OBJ-0209,Redline Flight Cranks 401 Series listing,Redline,February/March 1983,Product literature,1,EPH-0219,,RETAIN — issue-specific occurrence pending visual comparison,HIGH,INDEX-ONLY,INCLUDED — indexed issue text; visual comparison pending.,https://article134-tech.github.io/lititzbmx-public-knowledge-register/objects/index.html#OBJ-0209,PKR-CAT-001,Catalogs and product literature
OBJ-0210,Vans Style 95 BMX shoe listing,Vans,February/March 1983,Product literature,1,EPH-0220,,RETAIN — issue-specific occurrence pending visual comparison,HIGH,INDEX-ONLY,INCLUDED — indexed issue text; visual comparison pending.,https://article134-tech.github.io/lititzbmx-public-knowledge-register/objects/index.html#OBJ-0210,PKR-CAT-001,Catalogs and product literature
OBJ-0211,ABMX national track-list publication,BMX Action Bike,February/March 1983,Archive collection,1,EPH-0221,,RETAIN — issue-specific occurrence pending visual comparison,HIGH,INDEX-ONLY,INCLUDED — indexed issue text; visual comparison pending.,https://article134-tech.github.io/lititzbmx-public-knowledge-register/objects/index.html#OBJ-0211,PKR-CAT-009,Editorial tests and historical documentation
OBJ-0212,California Lite pad-system advertisement,California Lite; Johar,April/May 1983,Product literature,1,EPH-0222,,REVIEW — recurring campaign/feature candidate; retain separately pending page-image comparison,HIGH,INDEX-ONLY,INCLUDED — indexed issue text; visual comparison pending.,https://article134-tech.github.io/lititzbmx-public-knowledge-register/objects/index.html#OBJ-0212,PKR-CAT-001,Catalogs and product literature
OBJ-0213,Strongs headset-bearing protector offer,Strongs Bicycles,April/May 1983,Product literature,1,EPH-0223,,RETAIN — issue-specific occurrence pending visual comparison,HIGH,INDEX-ONLY,INCLUDED — indexed issue text; visual comparison pending.,https://article134-tech.github.io/lititzbmx-public-knowledge-register/objects/index.html#OBJ-0213,PKR-CAT-001,Catalogs and product literature
OBJ-0214,Strongs BMX race-shirt offer,Strongs Bicycles,April/May 1983,Retailer advertisement / price list,1,EPH-0224,,RETAIN — issue-specific occurrence pending visual comparison,HIGH,INDEX-ONLY,INCLUDED — indexed issue text; visual comparison pending.,https://article134-tech.github.io/lititzbmx-public-knowledge-register/objects/index.html#OBJ-0214,PKR-CAT-002,Advertisements and price lists
OBJ-0215,Strongs free sticker-brochure mailer,Strongs Bicycles,April/May 1983,Information-pack mailer,1,EPH-0225,,REVIEW — recurring campaign/feature candidate; retain separately pending page-image comparison,HIGH,INDEX-ONLY,INCLUDED — indexed issue text; visual comparison pending.,https://article134-tech.github.io/lititzbmx-public-knowledge-register/objects/index.html#OBJ-0215,PKR-CAT-003,"Mailers, stickers, and information packs"
OBJ-0216,Best of 1982 national reader-poll results,BMX Action Bike,April/May 1983,Archive collection,1,EPH-0226,,RETAIN — issue-specific occurrence pending visual comparison,HIGH,INDEX-ONLY,INCLUDED — indexed issue text; visual comparison pending.,https://article134-tech.github.io/lititzbmx-public-knowledge-register/objects/index.html#OBJ-0216,PKR-CAT-009,Editorial tests and historical documentation
OBJ-0217,Scottish BMX Association formation notice,Scottish BMX Association,April/May 1983,Factory-team history,1,EPH-0227,,RETAIN — issue-specific occurrence pending visual comparison,MEDIUM-HIGH,INDEX-ONLY,INCLUDED — indexed issue text; visual comparison pending.,https://article134-tech.github.io/lititzbmx-public-knowledge-register/objects/index.html#OBJ-0217,PKR-CAT-006,"Teams, riders, and brand campaigns"
OBJ-0218,Northern Leisure open-meeting series notice,Northern Leisure BMX,April/May 1983,Event notice / contact flyer,1,EPH-0228,,RETAIN — issue-specific occurrence pending visual comparison,HIGH,INDEX-ONLY,INCLUDED — indexed issue text; visual comparison pending.,https://article134-tech.github.io/lititzbmx-public-knowledge-register/objects/index.html#OBJ-0218,PKR-CAT-005,"Events, registration, and membership"
OBJ-0219,Silverfox complete-bike reader giveaway,Silverfox; BMX Action Bike,April/May 1983,Contest entry form / promotion,1,EPH-0229,,RETAIN — issue-specific occurrence pending visual comparison,HIGH,INDEX-ONLY,INCLUDED — indexed issue text; visual comparison pending.,https://article134-tech.github.io/lititzbmx-public-knowledge-register/objects/index.html#OBJ-0219,PKR-CAT-004,Contests and promotions
OBJ-0220,Harry Leary and Andy Patterson starting guide,Harry Leary; Andy Patterson; BMX Action Bike,April/May 1983,Product literature,1,EPH-0230,,RETAIN — issue-specific occurrence pending visual comparison,HIGH,INDEX-ONLY,INCLUDED — indexed issue text; visual comparison pending.,https://article134-tech.github.io/lititzbmx-public-knowledge-register/objects/index.html#OBJ-0220,PKR-CAT-001,Catalogs and product literature
OBJ-0221,Haro Freestyle Moves equipment chapter,Haro; Bob Haro,April/May 1983,Product literature,1,EPH-0231,,RETAIN — issue-specific occurrence pending visual comparison,HIGH,INDEX-ONLY,INCLUDED — indexed issue text; visual comparison pending.,https://article134-tech.github.io/lititzbmx-public-knowledge-register/objects/index.html#OBJ-0221,PKR-CAT-001,Catalogs and product literature
OBJ-0222,ABMX free private Sales and Swaps service,BMX Action Bike,April/May 1983,Dealer advertisement / price-list lead,1,EPH-0232,,RETAIN — issue-specific occurrence pending visual comparison,HIGH,INDEX-ONLY,INCLUDED — indexed issue text; visual comparison pending.,https://article134-tech.github.io/lititzbmx-public-knowledge-register/objects/index.html#OBJ-0222,PKR-CAT-007,Dealers and distributors
OBJ-0223,City BMX race-pants mail-order offer,City BMX,April/May 1983,Retailer advertisement / price list,1,EPH-0233,,RETAIN — issue-specific occurrence pending visual comparison,HIGH,INDEX-ONLY,INCLUDED — indexed issue text; visual comparison pending.,https://article134-tech.github.io/lititzbmx-public-knowledge-register/objects/index.html#OBJ-0223,PKR-CAT-002,Advertisements and price lists
OBJ-0224,City BMX lightweight race-helmet offer,City BMX,April/May 1983,Retailer advertisement / price list,1,EPH-0234,,RETAIN — issue-specific occurrence pending visual comparison,MEDIUM-HIGH,INDEX-ONLY,INCLUDED — indexed issue text; visual comparison pending.,https://article134-tech.github.io/lititzbmx-public-knowledge-register/objects/index.html#OBJ-0224,PKR-CAT-002,Advertisements and price lists
OBJ-0225,City BMX shoulder-protector offer,City BMX,April/May 1983,Retailer advertisement / price list,1,EPH-0235,,RETAIN — issue-specific occurrence pending visual comparison,HIGH,INDEX-ONLY,INCLUDED — indexed issue text; visual comparison pending.,https://article134-tech.github.io/lititzbmx-public-knowledge-register/objects/index.html#OBJ-0225,PKR-CAT-002,Advertisements and price lists
OBJ-0226,Hot Wheels BMX Centre opening offers,Hot Wheels BMX Centre,April/May 1983,Retailer advertisement / price list,1,EPH-0236,,RETAIN — issue-specific occurrence pending visual comparison,MEDIUM-HIGH,INDEX-ONLY,INCLUDED — indexed issue text; visual comparison pending.,https://article134-tech.github.io/lititzbmx-public-knowledge-register/objects/index.html#OBJ-0226,PKR-CAT-002,Advertisements and price lists
OBJ-0227,"Haro Freestyler, Kuwahara Oval, CW, and SE Floval stock notice",Hot Wheels BMX Centre; Haro; Kuwahara; CW; SE Racing,April/May 1983,Dealer advertisement / price-list lead,1,EPH-0237,,RETAIN — issue-specific occurrence pending visual comparison,HIGH,INDEX-ONLY,INCLUDED — indexed issue text; visual comparison pending.,https://article134-tech.github.io/lititzbmx-public-knowledge-register/objects/index.html#OBJ-0227,PKR-CAT-007,Dealers and distributors
OBJ-0228,King Sticker five-pack and jumbo-pack offer,King Sticker,April/May 1983,Information-pack mailer,1,EPH-0238,,REVIEW — recurring campaign/feature candidate; retain separately pending page-image comparison,HIGH,INDEX-ONLY,INCLUDED — indexed issue text; visual comparison pending. Duplicate relationship review open against EPH-0181 (King Sticker five-pack / jumbo-pack campaign).,https://article134-tech.github.io/lititzbmx-public-knowledge-register/objects/index.html#OBJ-0228,PKR-CAT-003,"Mailers, stickers, and information packs"
OBJ-0229,NBMXA race-licence and rule-book offer,NBMXA,April/May 1983,Event registration coupon,1,EPH-0239,,RETAIN — issue-specific occurrence pending visual comparison,HIGH,INDEX-ONLY,INCLUDED — indexed issue text; visual comparison pending.,https://article134-tech.github.io/lititzbmx-public-knowledge-register/objects/index.html#OBJ-0229,PKR-CAT-005,"Events, registration, and membership"
OBJ-0230,Hotshot price-list and free-sticker mailer,Hotshot BMX Racing,April/May 1983,Dealer price-list / sticker offer,1,EPH-0240,,REVIEW — recurring campaign/feature candidate; retain separately pending page-image comparison,HIGH,INDEX-ONLY,INCLUDED — indexed issue text; visual comparison pending. Duplicate relationship review open against EPH-0086 (Hotshot price-list / free-sticker campaign).,https://article134-tech.github.io/lititzbmx-public-knowledge-register/objects/index.html#OBJ-0230,PKR-CAT-003,"Mailers, stickers, and information packs"
OBJ-0231,Huffy Pro Lightning complete-bike test,Huffy,April/May 1983,Product-history object,1,EPH-0241,,RETAIN — issue-specific occurrence pending visual comparison,HIGH,INDEX-ONLY,INCLUDED — indexed issue text; visual comparison pending.,https://article134-tech.github.io/lititzbmx-public-knowledge-register/objects/index.html#OBJ-0231,PKR-CAT-009,Editorial tests and historical documentation
OBJ-0232,Halfords BMX accessories range advertisement,Halfords,April/May 1983,Retailer advertisement / price list,1,EPH-0242,,RETAIN — issue-specific occurrence pending visual comparison,HIGH,INDEX-ONLY,INCLUDED — indexed issue text; visual comparison pending.,https://article134-tech.github.io/lititzbmx-public-knowledge-register/objects/index.html#OBJ-0232,PKR-CAT-002,Advertisements and price lists
OBJ-0233,Huffy Pro Lightning specification and retail-price record,Huffy,April/May 1983,Product literature,1,EPH-0243,,RETAIN — issue-specific occurrence pending visual comparison,HIGH,INDEX-ONLY,INCLUDED — indexed issue text; visual comparison pending.,https://article134-tech.github.io/lititzbmx-public-knowledge-register/objects/index.html#OBJ-0233,PKR-CAT-001,Catalogs and product literature
OBJ-0234,Ride-On sealed-bearing mag-wheel hub kit,Ride-On MX Products,April/May 1983,Product announcement / kit,1,EPH-0244,,RETAIN — issue-specific occurrence pending visual comparison,HIGH,INDEX-ONLY,INCLUDED — indexed issue text; visual comparison pending.,https://article134-tech.github.io/lititzbmx-public-knowledge-register/objects/index.html#OBJ-0234,PKR-CAT-008,Product announcements and technical material
OBJ-0235,Sharp Racing Products bottom-bracket boot,Sharp Racing Products,April/May 1983,Product announcement / kit,1,EPH-0245,,REVIEW — recurring campaign/feature candidate; retain separately pending page-image comparison,HIGH,INDEX-ONLY,INCLUDED — indexed issue text; visual comparison pending.,https://article134-tech.github.io/lititzbmx-public-knowledge-register/objects/index.html#OBJ-0235,PKR-CAT-008,Product announcements and technical material
OBJ-0236,Lee Cooper Ready to Go BMX video,Lee Cooper; Reflex Publications,April/May 1983,Product literature,1,EPH-0246,,RETAIN — issue-specific occurrence pending visual comparison,HIGH,INDEX-ONLY,INCLUDED — indexed issue text; visual comparison pending.,https://article134-tech.github.io/lititzbmx-public-knowledge-register/objects/index.html#OBJ-0236,PKR-CAT-001,Catalogs and product literature
OBJ-0237,USA professional BMX action video,BMX Video,April/May 1983,Product literature,1,EPH-0247,,REVIEW — recurring campaign/feature candidate; retain separately pending page-image comparison,HIGH,INDEX-ONLY,INCLUDED — indexed issue text; visual comparison pending.,https://article134-tech.github.io/lititzbmx-public-knowledge-register/objects/index.html#OBJ-0237,PKR-CAT-001,Catalogs and product literature
OBJ-0238,BMX Action Bike six-issue subscription offer,BMX Action Bike,April/May 1983,Catalog mailer,1,EPH-0248,,RETAIN — issue-specific occurrence pending visual comparison,HIGH,INDEX-ONLY,INCLUDED — indexed issue text; visual comparison pending.,https://article134-tech.github.io/lititzbmx-public-knowledge-register/objects/index.html#OBJ-0238,PKR-CAT-003,"Mailers, stickers, and information packs"
OBJ-0239,Yamaha professional racing-outfit competition,Yamaha; BMX Action Bike,April/May 1983,Contest entry form / promotion,1,EPH-0249,,RETAIN — issue-specific occurrence pending visual comparison,HIGH,INDEX-ONLY,INCLUDED — indexed issue text; visual comparison pending.,https://article134-tech.github.io/lititzbmx-public-knowledge-register/objects/index.html#OBJ-0239,PKR-CAT-004,Contests and promotions
OBJ-0240,Gainsborough Firebird frame-and-fork retail offer,Gainsborough Cycle Centre; Firebird,April/May 1983,Retailer advertisement / price list,1,EPH-0250,,RETAIN — issue-specific occurrence pending visual comparison,HIGH,INDEX-ONLY,INCLUDED — indexed issue text; visual comparison pending.,https://article134-tech.github.io/lititzbmx-public-knowledge-register/objects/index.html#OBJ-0240,PKR-CAT-002,Advertisements and price lists
OBJ-0241,Haro Software brochure and decals offer,Haro Designs; Gecko Leisure Products; Shiner,June 1983,Information-pack mailer,1,EPH-0251,,REVIEW — recurring campaign/feature candidate; retain separately pending page-image comparison,HIGH,INDEX-ONLY,INCLUDED — indexed issue text; visual comparison pending.,https://article134-tech.github.io/lititzbmx-public-knowledge-register/objects/index.html#OBJ-0241,PKR-CAT-003,"Mailers, stickers, and information packs"
OBJ-0242,Strongs Bicycles mail-order component list and free sticker-brochure offer,Strongs Bicycles; Oakley; Shimano; Araya; Haro; Suntour,June 1983,Dealer price-list / sticker offer,1,EPH-0252,,REVIEW — recurring campaign/feature candidate; retain separately pending page-image comparison,HIGH,INDEX-ONLY,INCLUDED — indexed issue text; visual comparison pending.,https://article134-tech.github.io/lititzbmx-public-knowledge-register/objects/index.html#OBJ-0242,PKR-CAT-003,"Mailers, stickers, and information packs"
OBJ-0243,"SR Cycles bike-stock, deposit, and free-delivery advertisement",SR Cycles; SR Jets; Kuwahara; Mongoose; Redline; GT,June 1983,Dealer/shop advertisement,1,EPH-0253,,RETAIN — issue-specific occurrence pending visual comparison,HIGH,INDEX-ONLY,INCLUDED — indexed issue text; visual comparison pending.,https://article134-tech.github.io/lititzbmx-public-knowledge-register/objects/index.html#OBJ-0243,PKR-CAT-007,Dealers and distributors
OBJ-0244,Spokes Tange FMX 200 complete-bike advertisement,Spokes; Tange; Shimano; Kenda; Takagi,June 1983,Retailer advertisement / price list,1,EPH-0254,,RETAIN — issue-specific occurrence pending visual comparison,HIGH,INDEX-ONLY,INCLUDED — indexed issue text; visual comparison pending.,https://article134-tech.github.io/lititzbmx-public-knowledge-register/objects/index.html#OBJ-0244,PKR-CAT-002,Advertisements and price lists
OBJ-0245,King Sticker thirty-sticker and rub-on mailer,King Sticker,June 1983,Information-pack mailer,1,EPH-0255,,REVIEW — recurring campaign/feature candidate; retain separately pending page-image comparison,HIGH,INDEX-ONLY,INCLUDED — indexed issue text; visual comparison pending.,https://article134-tech.github.io/lititzbmx-public-knowledge-register/objects/index.html#OBJ-0245,PKR-CAT-003,"Mailers, stickers, and information packs"
OBJ-0246,BMX election candidate pledge form,BMX Action Bike,June 1983,Promotional announcement / naming contest,1,EPH-0256,,RETAIN — issue-specific occurrence pending visual comparison,HIGH,INDEX-ONLY,INCLUDED — indexed issue text; visual comparison pending.,https://article134-tech.github.io/lititzbmx-public-knowledge-register/objects/index.html#OBJ-0246,PKR-CAT-004,Contests and promotions
OBJ-0247,Diamond Back Traffic Jammin’ 1983 product and factory-team campaign,Diamond Back; Harry Leary; Aero; Haro; Oakley,June 1983,Team/product advertisement,1,EPH-0257,,RETAIN — issue-specific occurrence pending visual comparison,HIGH,INDEX-ONLY,INCLUDED — indexed issue text; visual comparison pending.,https://article134-tech.github.io/lititzbmx-public-knowledge-register/objects/index.html#OBJ-0247,PKR-CAT-006,"Teams, riders, and brand campaigns"
OBJ-0248,Rapido BMX frame and component advertisement,Rapido,June 1983,Product literature,1,EPH-0258,,RETAIN — issue-specific occurrence pending visual comparison,HIGH,INDEX-ONLY,INCLUDED — indexed issue text; visual comparison pending.,https://article134-tech.github.io/lititzbmx-public-knowledge-register/objects/index.html#OBJ-0248,PKR-CAT-001,Catalogs and product literature
OBJ-0249,BMX Action Bike back-copy mailer,BMX Action Bike; UKBMX Publications,June 1983,Catalog mailer,1,EPH-0259,,REVIEW — recurring campaign/feature candidate; retain separately pending page-image comparison,HIGH,INDEX-ONLY,INCLUDED — indexed issue text; visual comparison pending.,https://article134-tech.github.io/lititzbmx-public-knowledge-register/objects/index.html#OBJ-0249,PKR-CAT-003,"Mailers, stickers, and information packs"
OBJ-0250,DP Racing Firebird frame-and-fork order form,DP Racing; Firebird,June 1983,Retailer advertisement / price list,1,EPH-0260,,RETAIN — issue-specific occurrence pending visual comparison,HIGH,INDEX-ONLY,INCLUDED — indexed issue text; visual comparison pending.,https://article134-tech.github.io/lititzbmx-public-knowledge-register/objects/index.html#OBJ-0250,PKR-CAT-002,Advertisements and price lists
OBJ-0251,BMX Action Bike blue-and-gold binder offer,BMX Action Bike; UKBMX Publications,June 1983,Catalog mailer,1,EPH-0261,,REVIEW — recurring campaign/feature candidate; retain separately pending page-image comparison,HIGH,INDEX-ONLY,INCLUDED — indexed issue text; visual comparison pending.,https://article134-tech.github.io/lititzbmx-public-knowledge-register/objects/index.html#OBJ-0251,PKR-CAT-003,"Mailers, stickers, and information packs"
OBJ-0252,BMX Action Bike blue-and-yellow race-shirt offer,BMX Action Bike; UKBMX Publications,June 1983,Information-pack mailer,1,EPH-0262,,REVIEW — recurring campaign/feature candidate; retain separately pending page-image comparison,HIGH,INDEX-ONLY,INCLUDED — indexed issue text; visual comparison pending.,https://article134-tech.github.io/lititzbmx-public-knowledge-register/objects/index.html#OBJ-0252,PKR-CAT-003,"Mailers, stickers, and information packs"
OBJ-0253,"Torker 260, 280X, and 340 complete-bike price advertisement",Torker; UK distributor unresolved from indexed alignment,June 1983,Retailer advertisement / price list,1,EPH-0263,,RETAIN — issue-specific occurrence pending visual comparison,MEDIUM-HIGH,INDEX-ONLY,INCLUDED — indexed issue text; visual comparison pending.,https://article134-tech.github.io/lititzbmx-public-knowledge-register/objects/index.html#OBJ-0253,PKR-CAT-002,Advertisements and price lists
OBJ-0254,"Big W BMX frame, wheel, fork, crank, helmet, and book specials",Big W; ACS; Skyway; Araya; Tange; Haro; DP Racing,June 1983,Retailer advertisement / price list,1,EPH-0264,,RETAIN — issue-specific occurrence pending visual comparison,HIGH,INDEX-ONLY,INCLUDED — indexed issue text; visual comparison pending.,https://article134-tech.github.io/lititzbmx-public-knowledge-register/objects/index.html#OBJ-0254,PKR-CAT-002,Advertisements and price lists
OBJ-0255,DP Firebird complete-bike editorial test,DP Racing; BMX Action Bike,June 1983,Product-history object,1,EPH-0265,,RETAIN — issue-specific occurrence pending visual comparison,HIGH,INDEX-ONLY,INCLUDED — indexed issue text; visual comparison pending.,https://article134-tech.github.io/lititzbmx-public-knowledge-register/objects/index.html#OBJ-0255,PKR-CAT-009,Editorial tests and historical documentation
OBJ-0256,Firebird Delta II frame announcement,DP Racing; Firebird; Reynolds,June 1983,Product announcement / kit,1,EPH-0266,,RETAIN — issue-specific occurrence pending visual comparison,HIGH,INDEX-ONLY,INCLUDED — indexed issue text; visual comparison pending.,https://article134-tech.github.io/lititzbmx-public-knowledge-register/objects/index.html#OBJ-0256,PKR-CAT-008,Product announcements and technical material
OBJ-0257,Best of 1982 prize-winner follow-up,BMX Action Bike; Bell; Skyway; Diamond Back,June 1983,Archive collection,1,EPH-0267,,RETAIN — issue-specific occurrence pending visual comparison,HIGH,INDEX-ONLY,INCLUDED — indexed issue text; visual comparison pending.,https://article134-tech.github.io/lititzbmx-public-knowledge-register/objects/index.html#OBJ-0257,PKR-CAT-009,Editorial tests and historical documentation
OBJ-0258,Moto-X Fox reader-photo competition,BMX Action Bike; Moto-X Fox,June 1983,Contest entry form / promotion,1,EPH-0268,,RETAIN — issue-specific occurrence pending visual comparison,HIGH,INDEX-ONLY,INCLUDED — indexed issue text; visual comparison pending.,https://article134-tech.github.io/lititzbmx-public-knowledge-register/objects/index.html#OBJ-0258,PKR-CAT-004,Contests and promotions
OBJ-0259,June 1983 BMX race calendar,BMX Action Bike; UKBMX; NBMXA; regional organizers,June 1983,Event notice / contact flyer,1,EPH-0269,,RETAIN — issue-specific occurrence pending visual comparison,HIGH,INDEX-ONLY,INCLUDED — indexed issue text; visual comparison pending.,https://article134-tech.github.io/lititzbmx-public-knowledge-register/objects/index.html#OBJ-0259,PKR-CAT-005,"Events, registration, and membership"
OBJ-0260,Isle of Wight inaugural BMX meeting report,Isle of Wight BMX organizers; BMX Action Bike,June 1983,Archive collection,1,EPH-0270,,RETAIN — issue-specific occurrence pending visual comparison,HIGH,INDEX-ONLY,INCLUDED — indexed issue text; visual comparison pending.,https://article134-tech.github.io/lititzbmx-public-knowledge-register/objects/index.html#OBJ-0260,PKR-CAT-009,Editorial tests and historical documentation
OBJ-0261,BMX Superstore Kuwahara E.T. Replica special,BMX Superstore; Kuwahara,June 1983,Retailer advertisement / price list,1,EPH-0271,,REVIEW — recurring campaign/feature candidate; retain separately pending page-image comparison,HIGH,INDEX-ONLY,INCLUDED — indexed issue text; visual comparison pending.,https://article134-tech.github.io/lititzbmx-public-knowledge-register/objects/index.html#OBJ-0261,PKR-CAT-002,Advertisements and price lists
OBJ-0262,Team Henderson mail-order parts and free-sticker offer,Team Henderson BMX Mail Order Centre; Haro; California Lite; CW; Renthal,June 1983,Dealer price-list / sticker offer,1,EPH-0272,,RETAIN — issue-specific occurrence pending visual comparison,HIGH,INDEX-ONLY,INCLUDED — indexed issue text; visual comparison pending.,https://article134-tech.github.io/lititzbmx-public-knowledge-register/objects/index.html#OBJ-0262,PKR-CAT-003,"Mailers, stickers, and information packs"
OBJ-0263,Langsett Cycles BMX parts price advertisement,Langsett Cycles; MX 100; Sharp; Elina; Suntour; Haro,June 1983,Retailer advertisement / price list,1,EPH-0273,,RETAIN — issue-specific occurrence pending visual comparison,HIGH,INDEX-ONLY,INCLUDED — indexed issue text; visual comparison pending.,https://article134-tech.github.io/lititzbmx-public-knowledge-register/objects/index.html#OBJ-0263,PKR-CAT-002,Advertisements and price lists
OBJ-0264,BMX Centre Mousehole stock and mail-order advertisement,BMX Centre Mousehole; Mongoose; Kuwahara; Torker; GT; Robinson,June 1983,Dealer/shop advertisement,1,EPH-0274,,RETAIN — issue-specific occurrence pending visual comparison,HIGH,INDEX-ONLY,INCLUDED — indexed issue text; visual comparison pending.,https://article134-tech.github.io/lititzbmx-public-knowledge-register/objects/index.html#OBJ-0264,PKR-CAT-007,Dealers and distributors
OBJ-0265,BMX Action Bike monthly subscription promotion,BMX Action Bike; UKBMX Publications,June 1983,Catalog mailer,1,EPH-0275,,REVIEW — recurring campaign/feature candidate; retain separately pending page-image comparison,HIGH,INDEX-ONLY,INCLUDED — indexed issue text; visual comparison pending.,https://article134-tech.github.io/lititzbmx-public-knowledge-register/objects/index.html#OBJ-0265,PKR-CAT-003,"Mailers, stickers, and information packs"
OBJ-0266,ABMX free Sales and Swaps coupon,BMX Action Bike; UKBMX Publications,June 1983,Dealer advertisement / price-list lead,1,EPH-0276,,REVIEW — recurring campaign/feature candidate; retain separately pending page-image comparison,HIGH,INDEX-ONLY,INCLUDED — indexed issue text; visual comparison pending.,https://article134-tech.github.io/lititzbmx-public-knowledge-register/objects/index.html#OBJ-0266,PKR-CAT-007,Dealers and distributors
OBJ-0267,Ammaco Team Pro prize-bike competition,BMX Action Bike; Ammaco,June 1983,Contest entry form / promotion,1,EPH-0277,,RETAIN — issue-specific occurrence pending visual comparison,HIGH,INDEX-ONLY,INCLUDED — indexed issue text; visual comparison pending.,https://article134-tech.github.io/lititzbmx-public-knowledge-register/objects/index.html#OBJ-0267,PKR-CAT-004,Contests and promotions
OBJ-0268,Rivat BMX shoe advertisement,Rivat; March Racing Developments,June 1983,Retailer advertisement / price list,1,EPH-0278,,RETAIN — issue-specific occurrence pending visual comparison,HIGH,INDEX-ONLY,INCLUDED — indexed issue text; visual comparison pending.,https://article134-tech.github.io/lititzbmx-public-knowledge-register/objects/index.html#OBJ-0268,PKR-CAT-002,Advertisements and price lists
OBJ-0269,Halfords NEC indoor championship report,Halfords; BMX Action Bike; Bob Haro,June 1983,Archive collection,1,EPH-0279,,RETAIN — issue-specific occurrence pending visual comparison,HIGH,INDEX-ONLY,INCLUDED — indexed issue text; visual comparison pending.,https://article134-tech.github.io/lititzbmx-public-knowledge-register/objects/index.html#OBJ-0269,PKR-CAT-009,Editorial tests and historical documentation
OBJ-0270,Grasby track-focus course guide,Grasby BMX; BMX Action Bike,June 1983,Archive collection,1,EPH-0280,,RETAIN — issue-specific occurrence pending visual comparison,HIGH,INDEX-ONLY,INCLUDED — indexed issue text; visual comparison pending.,https://article134-tech.github.io/lititzbmx-public-knowledge-register/objects/index.html#OBJ-0270,PKR-CAT-009,Editorial tests and historical documentation
OBJ-0271,ACS Z Rims guarantee advertisement,ACS; Gecko Leisure Products,June 1983,Product literature,1,EPH-0281,,RETAIN — issue-specific occurrence pending visual comparison,HIGH,INDEX-ONLY,INCLUDED — indexed issue text; visual comparison pending.,https://article134-tech.github.io/lititzbmx-public-knowledge-register/objects/index.html#OBJ-0271,PKR-CAT-001,Catalogs and product literature
OBJ-0272,Grease Monkey tyre-selection guide,BMX Action Bike; IRC; National; Mitsuboshi,June 1983,Product literature,1,EPH-0282,,RETAIN — issue-specific occurrence pending visual comparison,HIGH,INDEX-ONLY,INCLUDED — indexed issue text; visual comparison pending.,https://article134-tech.github.io/lititzbmx-public-knowledge-register/objects/index.html#OBJ-0272,PKR-CAT-001,Catalogs and product literature
OBJ-0273,Supertune BMX comprehensive mail-order price list,Supertune BMX Racing; GT; Diamond Back; Robinson; Suntour; Oakley,June 1983,Retailer advertisement / price list,1,EPH-0283,,REVIEW — recurring campaign/feature candidate; retain separately pending page-image comparison,HIGH,INDEX-ONLY,INCLUDED — indexed issue text; visual comparison pending.,https://article134-tech.github.io/lititzbmx-public-knowledge-register/objects/index.html#OBJ-0273,PKR-CAT-002,Advertisements and price lists
OBJ-0274,Yes Products dealer trade-promotion quiz,Yes Products,June 1983,Dealer/shop advertisement,1,EPH-0284,,RETAIN — issue-specific occurrence pending visual comparison,HIGH,INDEX-ONLY,INCLUDED — indexed issue text; visual comparison pending.,https://article134-tech.github.io/lititzbmx-public-knowledge-register/objects/index.html#OBJ-0274,PKR-CAT-007,Dealers and distributors
OBJ-0275,California Lite pad-system pro endorsement advertisement,California Lite; Johar of California; Harry Leary; Perry Kramer; Clint Miller; Toby Henderson,June 1983,Product literature,1,EPH-0285,,REVIEW — recurring campaign/feature candidate; retain separately pending page-image comparison,HIGH,INDEX-ONLY,INCLUDED — indexed issue text; visual comparison pending.,https://article134-tech.github.io/lititzbmx-public-knowledge-register/objects/index.html#OBJ-0275,PKR-CAT-001,Catalogs and product literature
OBJ-0276,Sidehack racing feature,BMX Action Bike; UKBMX; NBMXA; Ammaco-Mongoose,June 1983,Archive collection,1,EPH-0286,,RETAIN — issue-specific occurrence pending visual comparison,HIGH,INDEX-ONLY,INCLUDED — indexed issue text; visual comparison pending.,https://article134-tech.github.io/lititzbmx-public-knowledge-register/objects/index.html#OBJ-0276,PKR-CAT-009,Editorial tests and historical documentation
OBJ-0277,Diatron Wildcat helmet and racewear advertisement,Diatron; Wildcat,June 1983,Retailer advertisement / price list,1,EPH-0287,,RETAIN — issue-specific occurrence pending visual comparison,HIGH,INDEX-ONLY,INCLUDED — indexed issue text; visual comparison pending.,https://article134-tech.github.io/lititzbmx-public-knowledge-register/objects/index.html#OBJ-0277,PKR-CAT-002,Advertisements and price lists
OBJ-0278,Haro Freestyle Moves aerial instructional extract,Bob Haro; Haro; BMX Action Bike,June 1983,Product literature,1,EPH-0288,,RETAIN — issue-specific occurrence pending visual comparison,HIGH,INDEX-ONLY,INCLUDED — indexed issue text; visual comparison pending.,https://article134-tech.github.io/lititzbmx-public-knowledge-register/objects/index.html#OBJ-0278,PKR-CAT-001,Catalogs and product literature
OBJ-0279,NBMXA rulebook and membership offer,NBMXA,June 1983,Event registration coupon,1,EPH-0289,,REVIEW — recurring campaign/feature candidate; retain separately pending page-image comparison,HIGH,INDEX-ONLY,INCLUDED — indexed issue text; visual comparison pending.,https://article134-tech.github.io/lititzbmx-public-knowledge-register/objects/index.html#OBJ-0279,PKR-CAT-005,"Events, registration, and membership"
OBJ-0280,Ammaco Team Mongoose championship advertisement,Ammaco; Mongoose; Wayne Llewellyn,June 1983,Team advertisement,1,EPH-0290,,RETAIN — issue-specific occurrence pending visual comparison,HIGH,INDEX-ONLY,INCLUDED — indexed issue text; visual comparison pending.,https://article134-tech.github.io/lititzbmx-public-knowledge-register/objects/index.html#OBJ-0280,PKR-CAT-006,"Teams, riders, and brand campaigns"
OBJ-0281,Desert Rats Sahara cruiser expedition,Desert Rats; Ritchey; BMX Action Bike,June 1983,Archive collection,1,EPH-0291,,RETAIN — issue-specific occurrence pending visual comparison,HIGH,INDEX-ONLY,INCLUDED — indexed issue text; visual comparison pending.,https://article134-tech.github.io/lititzbmx-public-knowledge-register/objects/index.html#OBJ-0281,PKR-CAT-009,Editorial tests and historical documentation
OBJ-0282,Superbike BMX Centre frame and component advertisement,Superbike BMX Centre; SB Racing; Oakley; Vector; JMC; CW; Patterson,June 1983,Retailer advertisement / price list,1,EPH-0292,,RETAIN — issue-specific occurrence pending visual comparison,HIGH,INDEX-ONLY,INCLUDED — indexed issue text; visual comparison pending.,https://article134-tech.github.io/lititzbmx-public-knowledge-register/objects/index.html#OBJ-0282,PKR-CAT-002,Advertisements and price lists
OBJ-0283,Faze7 one-and-three-eighth-inch wheel and tyre price advertisement,Faze7; Araya; Ukai; Suzue; ACS; Skyway; Panaracer,June 1983,Retailer advertisement / price list,1,EPH-0293,,RETAIN — issue-specific occurrence pending visual comparison,HIGH,INDEX-ONLY,INCLUDED — indexed issue text; visual comparison pending.,https://article134-tech.github.io/lititzbmx-public-knowledge-register/objects/index.html#OBJ-0283,PKR-CAT-002,Advertisements and price lists
OBJ-0284,UKBMX Europeans and Worlds coach-tour offer,UKBMX; Gary Smith,June 1983,Tour promotion / route notice,1,EPH-0294,,RETAIN — issue-specific occurrence pending visual comparison,HIGH,INDEX-ONLY,INCLUDED — indexed issue text; visual comparison pending.,https://article134-tech.github.io/lititzbmx-public-knowledge-register/objects/index.html#OBJ-0284,PKR-CAT-005,"Events, registration, and membership"
OBJ-0285,UKBMX points calendar and membership application,UKBMX,June 1983,Event registration coupon,1,EPH-0295,,REVIEW — recurring campaign/feature candidate; retain separately pending page-image comparison,HIGH,INDEX-ONLY,INCLUDED — indexed issue text; visual comparison pending.,https://article134-tech.github.io/lititzbmx-public-knowledge-register/objects/index.html#OBJ-0285,PKR-CAT-005,"Events, registration, and membership"
OBJ-0286,ACS Z Rims guarantee campaign,ACS; Gecko Leisure Products,July 1983,Product literature,1,EPH-0296,,REVIEW — recurring campaign/feature candidate; retain separately pending page-image comparison,HIGH,INDEX-ONLY,INCLUDED — indexed issue text; visual comparison pending.,https://article134-tech.github.io/lititzbmx-public-knowledge-register/objects/index.html#OBJ-0286,PKR-CAT-001,Catalogs and product literature
OBJ-0287,Just BMX opening offer and complete stock advertisement,Just BMX; Tange; Pro-Star; Skyway; Haro; Raleigh,July 1983,Retailer advertisement / price list,1,EPH-0297,,RETAIN — issue-specific occurrence pending visual comparison,HIGH,INDEX-ONLY,INCLUDED — indexed issue text; visual comparison pending.,https://article134-tech.github.io/lititzbmx-public-knowledge-register/objects/index.html#OBJ-0287,PKR-CAT-002,Advertisements and price lists
OBJ-0288,Reynolds 531 and 501 BMX frame-tubing advertisement,Reynolds,July 1983,Product literature,1,EPH-0298,,RETAIN — issue-specific occurrence pending visual comparison,HIGH,INDEX-ONLY,INCLUDED — indexed issue text; visual comparison pending.,https://article134-tech.github.io/lititzbmx-public-knowledge-register/objects/index.html#OBJ-0288,PKR-CAT-001,Catalogs and product literature
OBJ-0289,Yes Products Words contest results and BMX Record newsletter notice,BMX Action Bike; Yes Products; BMX Record,July 1983,Archive collection,1,EPH-0299,,RETAIN — issue-specific occurrence pending visual comparison,HIGH,INDEX-ONLY,INCLUDED — indexed issue text; visual comparison pending.,https://article134-tech.github.io/lititzbmx-public-knowledge-register/objects/index.html#OBJ-0289,PKR-CAT-009,Editorial tests and historical documentation
OBJ-0290,"SR Cycles Diamond Back, Mongoose, and wheel price advertisement",SR Cycles; Diamond Back; Mongoose; Skyway; ACS; Araya,July 1983,Retailer advertisement / price list,1,EPH-0300,,RETAIN — issue-specific occurrence pending visual comparison,HIGH,INDEX-ONLY,INCLUDED — indexed issue text; visual comparison pending.,https://article134-tech.github.io/lititzbmx-public-knowledge-register/objects/index.html#OBJ-0290,PKR-CAT-002,Advertisements and price lists
OBJ-0291,Firebird Delta II frame advertisement,DP Racing; Firebird; Reynolds,July 1983,Product announcement / kit,1,EPH-0301,,REVIEW — recurring campaign/feature candidate; retain separately pending page-image comparison,HIGH,INDEX-ONLY,INCLUDED — indexed issue text; visual comparison pending.,https://article134-tech.github.io/lititzbmx-public-knowledge-register/objects/index.html#OBJ-0291,PKR-CAT-008,Product announcements and technical material
OBJ-0292,Halfords Turbo 20X colouring competition and T-shirt promotion,Halfords,July 1983,Contest entry form / promotion,1,EPH-0302,,RETAIN — issue-specific occurrence pending visual comparison,HIGH,INDEX-ONLY,INCLUDED — indexed issue text; visual comparison pending.,https://article134-tech.github.io/lititzbmx-public-knowledge-register/objects/index.html#OBJ-0292,PKR-CAT-004,Contests and promotions
OBJ-0293,Wimborne BMX track-focus guide,Wimborne BMX; BMX Action Bike,July 1983,Archive collection,1,EPH-0303,,RETAIN — issue-specific occurrence pending visual comparison,HIGH,INDEX-ONLY,INCLUDED — indexed issue text; visual comparison pending.,https://article134-tech.github.io/lititzbmx-public-knowledge-register/objects/index.html#OBJ-0293,PKR-CAT-009,Editorial tests and historical documentation
OBJ-0294,Huffy Pro Lightning brand advertisement,Huffy; C. W. Toys,July 1983,Magazine advertisement,1,EPH-0304,,RETAIN — issue-specific occurrence pending visual comparison,HIGH,INDEX-ONLY,INCLUDED — indexed issue text; visual comparison pending.,https://article134-tech.github.io/lititzbmx-public-knowledge-register/objects/index.html#OBJ-0294,PKR-CAT-002,Advertisements and price lists
OBJ-0295,July 1983 BMX race and exhibition calendar,BMX Action Bike; UKBMX; NBMXA; regional organizers,July 1983,Event notice / contact flyer,1,EPH-0305,,RETAIN — issue-specific occurrence pending visual comparison,HIGH,INDEX-ONLY,INCLUDED — indexed issue text; visual comparison pending.,https://article134-tech.github.io/lititzbmx-public-knowledge-register/objects/index.html#OBJ-0295,PKR-CAT-005,"Events, registration, and membership"
OBJ-0296,Bunney’s Bikes Nottingham stock and finance advertisement,Bunney’s Bikes; GT; Redline; Kuwahara; Diamond Back; Raleigh,July 1983,Dealer/shop advertisement,1,EPH-0306,,RETAIN — issue-specific occurrence pending visual comparison,HIGH,INDEX-ONLY,INCLUDED — indexed issue text; visual comparison pending.,https://article134-tech.github.io/lititzbmx-public-knowledge-register/objects/index.html#OBJ-0296,PKR-CAT-007,Dealers and distributors
OBJ-0297,Kryptonite Megalock BMX security advertisement,Kryptonite; Ron Kitching,July 1983,Product literature,1,EPH-0307,,RETAIN — issue-specific occurrence pending visual comparison,HIGH,INDEX-ONLY,INCLUDED — indexed issue text; visual comparison pending.,https://article134-tech.github.io/lititzbmx-public-knowledge-register/objects/index.html#OBJ-0297,PKR-CAT-001,Catalogs and product literature
OBJ-0298,Robinson 1983 frameset catalog and sticker offer,Robinson; Alans BMX Distributors,July 1983,Catalog mailer,1,EPH-0308,,RETAIN — issue-specific occurrence pending visual comparison,HIGH,INDEX-ONLY,INCLUDED — indexed issue text; visual comparison pending.,https://article134-tech.github.io/lititzbmx-public-knowledge-register/objects/index.html#OBJ-0298,PKR-CAT-003,"Mailers, stickers, and information packs"
OBJ-0299,Clark’s Power-Glide BMX brake-cable advertisement,S. J. Clark Cables,July 1983,Product literature,1,EPH-0309,,RETAIN — issue-specific occurrence pending visual comparison,HIGH,INDEX-ONLY,INCLUDED — indexed issue text; visual comparison pending.,https://article134-tech.github.io/lititzbmx-public-knowledge-register/objects/index.html#OBJ-0299,PKR-CAT-001,Catalogs and product literature
OBJ-0300,NBMXA Derby stadium national race report,NBMXA; Derby BMX; BMX Action Bike,July 1983,Archive collection,1,EPH-0310,,RETAIN — issue-specific occurrence pending visual comparison,HIGH,INDEX-ONLY,INCLUDED — indexed issue text; visual comparison pending.,https://article134-tech.github.io/lititzbmx-public-knowledge-register/objects/index.html#OBJ-0300,PKR-CAT-009,Editorial tests and historical documentation
OBJ-0301,ABMX Sales and Swaps coupon,BMX Action Bike; UKBMX Publications,July 1983,Dealer advertisement / price-list lead,1,EPH-0311,,REVIEW — recurring campaign/feature candidate; retain separately pending page-image comparison,HIGH,INDEX-ONLY,INCLUDED — indexed issue text; visual comparison pending.,https://article134-tech.github.io/lititzbmx-public-knowledge-register/objects/index.html#OBJ-0301,PKR-CAT-007,Dealers and distributors
OBJ-0302,Bob Haro gear caption competition,BMX Action Bike; Bob Haro; Haro Designs,July 1983,Contest entry form / promotion,1,EPH-0312,,RETAIN — issue-specific occurrence pending visual comparison,HIGH,INDEX-ONLY,INCLUDED — indexed issue text; visual comparison pending.,https://article134-tech.github.io/lititzbmx-public-knowledge-register/objects/index.html#OBJ-0302,PKR-CAT-004,Contests and promotions
OBJ-0303,Sharp Racing Products bottom-bracket boot advertisement,Sharp Racing Products,July 1983,Product announcement / kit,1,EPH-0313,,REVIEW — recurring campaign/feature candidate; retain separately pending page-image comparison,HIGH,INDEX-ONLY,INCLUDED — indexed issue text; visual comparison pending.,https://article134-tech.github.io/lititzbmx-public-knowledge-register/objects/index.html#OBJ-0303,PKR-CAT-008,Product announcements and technical material
OBJ-0304,Supertune BMX comprehensive July mail-order price list,Supertune BMX Racing; GT; Diamond Back; Robinson; Suntour; Oakley,July 1983,Retailer advertisement / price list,1,EPH-0314,,REVIEW — recurring campaign/feature candidate; retain separately pending page-image comparison,HIGH,INDEX-ONLY,INCLUDED — indexed issue text; visual comparison pending.,https://article134-tech.github.io/lititzbmx-public-knowledge-register/objects/index.html#OBJ-0304,PKR-CAT-002,Advertisements and price lists
OBJ-0305,"GT Greg Hill poster, stickers, and price-list mailer",GT; Greg Hill; GB GT,July 1983,Information-pack mailer,1,EPH-0315,,REVIEW — recurring campaign/feature candidate; retain separately pending page-image comparison,HIGH,INDEX-ONLY,INCLUDED — indexed issue text; visual comparison pending.,https://article134-tech.github.io/lititzbmx-public-knowledge-register/objects/index.html#OBJ-0305,PKR-CAT-003,"Mailers, stickers, and information packs"
OBJ-0306,Yamaha Racers free colour-brochure offer,Yamaha; Amoco Leisure,July 1983,Information-pack mailer,1,EPH-0316,,REVIEW — recurring campaign/feature candidate; retain separately pending page-image comparison,HIGH,INDEX-ONLY,INCLUDED — indexed issue text; visual comparison pending.,https://article134-tech.github.io/lititzbmx-public-knowledge-register/objects/index.html#OBJ-0306,PKR-CAT-003,"Mailers, stickers, and information packs"
OBJ-0307,Raleigh Aero Pro Burner editorial test,Raleigh; Tange; BMX Action Bike,July 1983,Product-history object,1,EPH-0317,,RETAIN — issue-specific occurrence pending visual comparison,HIGH,INDEX-ONLY,INCLUDED — indexed issue text; visual comparison pending.,https://article134-tech.github.io/lititzbmx-public-knowledge-register/objects/index.html#OBJ-0307,PKR-CAT-009,Editorial tests and historical documentation
OBJ-0308,Grease Monkey wheel-maintenance guide,BMX Action Bike; Geoff Barraclough,July 1983,Product literature,1,EPH-0318,,RETAIN — issue-specific occurrence pending visual comparison,HIGH,INDEX-ONLY,INCLUDED — indexed issue text; visual comparison pending.,https://article134-tech.github.io/lititzbmx-public-knowledge-register/objects/index.html#OBJ-0308,PKR-CAT-001,Catalogs and product literature
OBJ-0309,NBMXA affiliated-club directory,NBMXA,July 1983,Archive collection,1,EPH-0319,,RETAIN — issue-specific occurrence pending visual comparison,HIGH,INDEX-ONLY,INCLUDED — indexed issue text; visual comparison pending.,https://article134-tech.github.io/lititzbmx-public-knowledge-register/objects/index.html#OBJ-0309,PKR-CAT-009,Editorial tests and historical documentation
OBJ-0310,NBMXA rulebook and membership offer,NBMXA,July 1983,Catalog mailer,1,EPH-0320,,REVIEW — recurring campaign/feature candidate; retain separately pending page-image comparison,HIGH,INDEX-ONLY,INCLUDED — indexed issue text; visual comparison pending.,https://article134-tech.github.io/lititzbmx-public-knowledge-register/objects/index.html#OBJ-0310,PKR-CAT-003,"Mailers, stickers, and information packs"
OBJ-0311,"Surrey BMX complete-bike, frameset, wheel, and apparel price list",Surrey BMX; Kuwahara; GT; Redline; Haro; Skyway; Hutch,July 1983,Retailer advertisement / price list,1,EPH-0321,,RETAIN — issue-specific occurrence pending visual comparison,HIGH,INDEX-ONLY,INCLUDED — indexed issue text; visual comparison pending.,https://article134-tech.github.io/lititzbmx-public-knowledge-register/objects/index.html#OBJ-0311,PKR-CAT-002,Advertisements and price lists
OBJ-0312,Pete Middleton Weekend Warrior rider profile,Pete Middleton; Mongoose; BMX Action Bike,July 1983,Archive collection,1,EPH-0322,,RETAIN — issue-specific occurrence pending visual comparison,HIGH,INDEX-ONLY,INCLUDED — indexed issue text; visual comparison pending.,https://article134-tech.github.io/lititzbmx-public-knowledge-register/objects/index.html#OBJ-0312,PKR-CAT-009,Editorial tests and historical documentation
OBJ-0313,"Rapido Gold Duster, Black Shadow, and Gladiator advertisement",Rapido; Clarkmoor,July 1983,Product literature,1,EPH-0323,,REVIEW — recurring campaign/feature candidate; retain separately pending page-image comparison,HIGH,INDEX-ONLY,INCLUDED — indexed issue text; visual comparison pending.,https://article134-tech.github.io/lititzbmx-public-knowledge-register/objects/index.html#OBJ-0313,PKR-CAT-001,Catalogs and product literature
OBJ-0314,Haro and Ron Wilton front-wheel-hop instructional feature,Bob Haro; Ron Wilton; BMX Action Bike,July 1983,Product literature,1,EPH-0324,,RETAIN — issue-specific occurrence pending visual comparison,HIGH,INDEX-ONLY,INCLUDED — indexed issue text; visual comparison pending.,https://article134-tech.github.io/lititzbmx-public-knowledge-register/objects/index.html#OBJ-0314,PKR-CAT-001,Catalogs and product literature
OBJ-0315,"Hotshot new-products panel: Mushroom grips, Eliminator II helmet, and Johar lever cover",Hotshot BMX Racing; Mushroom; Pro-Tec; Johar,July 1983,Product announcement / kit,1,EPH-0325,,RETAIN — issue-specific occurrence pending visual comparison,HIGH,INDEX-ONLY,INCLUDED — indexed issue text; visual comparison pending.,https://article134-tech.github.io/lititzbmx-public-knowledge-register/objects/index.html#OBJ-0315,PKR-CAT-008,Product announcements and technical material
OBJ-0316,Shiner trade decal and sales-sheet offer,Shiner; SE Racing; Panda,July 1983,Information-pack mailer,1,EPH-0326,,REVIEW — recurring campaign/feature candidate; retain separately pending page-image comparison,HIGH,INDEX-ONLY,INCLUDED — indexed issue text; visual comparison pending.,https://article134-tech.github.io/lititzbmx-public-knowledge-register/objects/index.html#OBJ-0316,PKR-CAT-003,"Mailers, stickers, and information packs"
OBJ-0317,Sales Cycles Warehouse complete-bike and frameset price advertisement,Sales Cycles Warehouse; Kuwahara; Yamaha; Silverfox; Raleigh; Diamond Back,July 1983,Retailer advertisement / price list,1,EPH-0327,,REVIEW — recurring campaign/feature candidate; retain separately pending page-image comparison,HIGH,INDEX-ONLY,INCLUDED — indexed issue text; visual comparison pending.,https://article134-tech.github.io/lititzbmx-public-knowledge-register/objects/index.html#OBJ-0317,PKR-CAT-002,Advertisements and price lists
OBJ-0318,Huffy Pro-Lightning power-crazy reader giveaway,BMX Action Bike; Huffy,July 1983,Contest entry form / promotion,1,EPH-0328,,RETAIN — issue-specific occurrence pending visual comparison,HIGH,INDEX-ONLY,INCLUDED — indexed issue text; visual comparison pending.,https://article134-tech.github.io/lititzbmx-public-knowledge-register/objects/index.html#OBJ-0318,PKR-CAT-004,Contests and promotions
OBJ-0319,Team Henderson July mail-order price list,Team Henderson; Tange; Suntour; CW; Oakley; MKS,July 1983,Retailer advertisement / price list,1,EPH-0329,,REVIEW — recurring campaign/feature candidate; retain separately pending page-image comparison,HIGH,INDEX-ONLY,INCLUDED — indexed issue text; visual comparison pending.,https://article134-tech.github.io/lititzbmx-public-knowledge-register/objects/index.html#OBJ-0319,PKR-CAT-002,Advertisements and price lists
OBJ-0320,Hwa Fong BMX tyre-range advertisement,Hwa Fong; Landar Components,July 1983,Product literature,1,EPH-0330,,RETAIN — issue-specific occurrence pending visual comparison,HIGH,INDEX-ONLY,INCLUDED — indexed issue text; visual comparison pending.,https://article134-tech.github.io/lititzbmx-public-knowledge-register/objects/index.html#OBJ-0320,PKR-CAT-001,Catalogs and product literature
OBJ-0321,Shimano DX platform-pedal technical advertisement,Shimano; Middlemores,July 1983,Product literature,1,EPH-0331,,RETAIN — issue-specific occurrence pending visual comparison,HIGH,INDEX-ONLY,INCLUDED — indexed issue text; visual comparison pending.,https://article134-tech.github.io/lititzbmx-public-knowledge-register/objects/index.html#OBJ-0321,PKR-CAT-001,Catalogs and product literature
OBJ-0322,Ammaco Mongoose Supergoose III advertisement,Ammaco; Mongoose,July 1983,Magazine advertisement,1,EPH-0332,,RETAIN — issue-specific occurrence pending visual comparison,HIGH,INDEX-ONLY,INCLUDED — indexed issue text; visual comparison pending.,https://article134-tech.github.io/lititzbmx-public-knowledge-register/objects/index.html#OBJ-0322,PKR-CAT-002,Advertisements and price lists
OBJ-0323,Trick Stuff July product announcements,Johar; Lee Cooper; Tim March; Clark’s; Superline; Kuwahara,July 1983,Product announcement / kit,1,EPH-0333,,RETAIN — issue-specific occurrence pending visual comparison,HIGH,INDEX-ONLY,INCLUDED — indexed issue text; visual comparison pending.,https://article134-tech.github.io/lititzbmx-public-knowledge-register/objects/index.html#OBJ-0323,PKR-CAT-008,Product announcements and technical material
OBJ-0324,City BMX racewear and protective-equipment price advertisement,City BMX,July 1983,Retailer advertisement / price list,1,EPH-0334,,REVIEW — recurring campaign/feature candidate; retain separately pending page-image comparison,HIGH,INDEX-ONLY,INCLUDED — indexed issue text; visual comparison pending.,https://article134-tech.github.io/lititzbmx-public-knowledge-register/objects/index.html#OBJ-0324,PKR-CAT-002,Advertisements and price lists
OBJ-0325,Bates Cycles and regional dealer stock advertisement,Bates Cycles; Dave Kane Cycles; Conway; Haro; Silverfox; Superfox,July 1983,Dealer/shop advertisement,1,EPH-0335,,REVIEW — recurring campaign/feature candidate; retain separately pending page-image comparison,HIGH,INDEX-ONLY,INCLUDED — indexed issue text; visual comparison pending.,https://article134-tech.github.io/lititzbmx-public-knowledge-register/objects/index.html#OBJ-0325,PKR-CAT-007,Dealers and distributors
OBJ-0326,SportsPlus BMX track-design and landscaping service,SportsPlus,July 1983,Product literature,1,EPH-0336,,RETAIN — issue-specific occurrence pending visual comparison,HIGH,INDEX-ONLY,INCLUDED — indexed issue text; visual comparison pending.,https://article134-tech.github.io/lititzbmx-public-knowledge-register/objects/index.html#OBJ-0326,PKR-CAT-001,Catalogs and product literature
OBJ-0327,BMX Video USA professional-action mailer,BMX Video; BMX Action Bike,July 1983,Product literature,1,EPH-0337,,REVIEW — recurring campaign/feature candidate; retain separately pending page-image comparison,HIGH,INDEX-ONLY,INCLUDED — indexed issue text; visual comparison pending.,https://article134-tech.github.io/lititzbmx-public-knowledge-register/objects/index.html#OBJ-0327,PKR-CAT-001,Catalogs and product literature
OBJ-0328,BMX Action Bike ten-issue subscription offer,BMX Action Bike; UKBMX Publications,July 1983,Catalog mailer,1,EPH-0338,,REVIEW — recurring campaign/feature candidate; retain separately pending page-image comparison,HIGH,INDEX-ONLY,INCLUDED — indexed issue text; visual comparison pending.,https://article134-tech.github.io/lititzbmx-public-knowledge-register/objects/index.html#OBJ-0328,PKR-CAT-003,"Mailers, stickers, and information packs"
OBJ-0329,"Doug Wickens Cycles bike, helmet, and Firebird price advertisement",Doug Wickens Cycles; Kuwahara; Silverfox; Diatron; Firebird,July 1983,Retailer advertisement / price list,1,EPH-0339,,RETAIN — issue-specific occurrence pending visual comparison,HIGH,INDEX-ONLY,INCLUDED — indexed issue text; visual comparison pending.,https://article134-tech.github.io/lititzbmx-public-knowledge-register/objects/index.html#OBJ-0329,PKR-CAT-002,Advertisements and price lists
OBJ-0330,Len’s BMX Centre bikes and parts price advertisement,Len’s BMX Centre,July 1983,Retailer advertisement / price list,1,EPH-0340,,RETAIN — issue-specific occurrence pending visual comparison,HIGH,INDEX-ONLY,INCLUDED — indexed issue text; visual comparison pending.,https://article134-tech.github.io/lititzbmx-public-knowledge-register/objects/index.html#OBJ-0330,PKR-CAT-002,Advertisements and price lists
OBJ-0331,Darren Stock Me & My Bikes profile,Darren Stock; Halfords; Suntour; Steve Wilson; Diamond Back,July 1983,Archive collection,1,EPH-0341,,RETAIN — issue-specific occurrence pending visual comparison,HIGH,INDEX-ONLY,INCLUDED — indexed issue text; visual comparison pending.,https://article134-tech.github.io/lititzbmx-public-knowledge-register/objects/index.html#OBJ-0331,PKR-CAT-009,Editorial tests and historical documentation
OBJ-0332,OT Cycles custom-colour BMX wheel service,OT Cycles; ACS; Firebird,July 1983,Product announcement / kit,1,EPH-0342,,RETAIN — issue-specific occurrence pending visual comparison,HIGH,INDEX-ONLY,INCLUDED — indexed issue text; visual comparison pending.,https://article134-tech.github.io/lititzbmx-public-knowledge-register/objects/index.html#OBJ-0332,PKR-CAT-008,Product announcements and technical material
OBJ-0333,"Skyway Tuff Wheel II, mini wheel, pedals, and pad updates",Skyway; Freewheeler Leisure Products,July 1983,Product announcement / kit,1,EPH-0343,,RETAIN — issue-specific occurrence pending visual comparison,HIGH,INDEX-ONLY,INCLUDED — indexed issue text; visual comparison pending.,https://article134-tech.github.io/lititzbmx-public-knowledge-register/objects/index.html#OBJ-0333,PKR-CAT-008,Product announcements and technical material
OBJ-0334,Aero sticker-pack mailer,Aero,August 1983,Information-pack mailer,1,EPH-0344,,RETAIN — issue-specific occurrence pending visual comparison,HIGH,INDEX-ONLY,INCLUDED — indexed issue text; visual comparison pending.,https://article134-tech.github.io/lititzbmx-public-knowledge-register/objects/index.html#OBJ-0334,PKR-CAT-003,"Mailers, stickers, and information packs"
OBJ-0335,Yamaha Racers free colour-brochure offer,Yamaha; Amoco Leisure,August 1983,Information-pack mailer,1,EPH-0345,,REVIEW — recurring campaign/feature candidate; retain separately pending page-image comparison,HIGH,INDEX-ONLY,INCLUDED — indexed issue text; visual comparison pending.,https://article134-tech.github.io/lititzbmx-public-knowledge-register/objects/index.html#OBJ-0335,PKR-CAT-003,"Mailers, stickers, and information packs"
OBJ-0336,Andy Sammars memorial notice,Andy Sammars; NBMXA; Bournemouth BMX,August 1983,Archive collection,1,EPH-0346,,RETAIN — issue-specific occurrence pending visual comparison,HIGH,INDEX-ONLY,INCLUDED — indexed issue text; visual comparison pending.,https://article134-tech.github.io/lititzbmx-public-knowledge-register/objects/index.html#OBJ-0336,PKR-CAT-009,Editorial tests and historical documentation
OBJ-0337,Andy Ruffell injury and number-one-plate report,Andy Ruffell; Mongoose; BMX Action Bike,August 1983,Archive collection,1,EPH-0347,,RETAIN — issue-specific occurrence pending visual comparison,HIGH,INDEX-ONLY,INCLUDED — indexed issue text; visual comparison pending.,https://article134-tech.github.io/lititzbmx-public-knowledge-register/objects/index.html#OBJ-0337,PKR-CAT-009,Editorial tests and historical documentation
OBJ-0338,ABMX August Sales and Swaps marketplace,BMX Action Bike; UKBMX Publications,August 1983,Dealer advertisement / price-list lead,1,EPH-0348,,REVIEW — recurring campaign/feature candidate; retain separately pending page-image comparison,HIGH,INDEX-ONLY,INCLUDED — indexed issue text; visual comparison pending.,https://article134-tech.github.io/lititzbmx-public-knowledge-register/objects/index.html#OBJ-0338,PKR-CAT-007,Dealers and distributors
OBJ-0339,Meanwhile Madness freestyle photo feature,BMX Action Bike,August 1983,Archive collection,1,EPH-0349,,RETAIN — issue-specific occurrence pending visual comparison,HIGH,INDEX-ONLY,INCLUDED — indexed issue text; visual comparison pending.,https://article134-tech.github.io/lititzbmx-public-knowledge-register/objects/index.html#OBJ-0339,PKR-CAT-009,Editorial tests and historical documentation
OBJ-0340,August 1983 BMX race calendar,BMX Action Bike; UKBMX; NBMXA; regional organizers,August 1983,Event notice / contact flyer,1,EPH-0350,,RETAIN — issue-specific occurrence pending visual comparison,HIGH,INDEX-ONLY,INCLUDED — indexed issue text; visual comparison pending.,https://article134-tech.github.io/lititzbmx-public-knowledge-register/objects/index.html#OBJ-0340,PKR-CAT-005,"Events, registration, and membership"
OBJ-0341,Earls Court fastest-lap Supergoose III competition,Ammaco; Mongoose; Earls Court,August 1983,Event prize promotion,1,EPH-0351,,RETAIN — issue-specific occurrence pending visual comparison,HIGH,INDEX-ONLY,INCLUDED — indexed issue text; visual comparison pending.,https://article134-tech.github.io/lititzbmx-public-knowledge-register/objects/index.html#OBJ-0341,PKR-CAT-004,Contests and promotions
OBJ-0342,Halfords BMX product information offer,Halfords; Suntour; Raleigh,August 1983,Information-pack mailer,1,EPH-0352,,RETAIN — issue-specific occurrence pending visual comparison,HIGH,INDEX-ONLY,INCLUDED — indexed issue text; visual comparison pending.,https://article134-tech.github.io/lititzbmx-public-knowledge-register/objects/index.html#OBJ-0342,PKR-CAT-003,"Mailers, stickers, and information packs"
OBJ-0343,Kuwahara Nova race-ready complete-bike campaign,Kuwahara; Gecko Leisure Products,August 1983,Magazine advertisement,1,EPH-0353,,RETAIN — issue-specific occurrence pending visual comparison,HIGH,INDEX-ONLY,INCLUDED — indexed issue text; visual comparison pending.,https://article134-tech.github.io/lititzbmx-public-knowledge-register/objects/index.html#OBJ-0343,PKR-CAT-002,Advertisements and price lists
OBJ-0344,Wheels photofinish and electronic race-information systems,Wheels BMX facility,August 1983,Product literature,1,EPH-0354,,RETAIN — issue-specific occurrence pending visual comparison,HIGH,INDEX-ONLY,INCLUDED — indexed issue text; visual comparison pending.,https://article134-tech.github.io/lititzbmx-public-knowledge-register/objects/index.html#OBJ-0344,PKR-CAT-001,Catalogs and product literature
OBJ-0345,1983 European Championships first-round report,BMX Action Bike; Wheels; Andy Patterson; Tim March,August 1983,Archive collection,1,EPH-0355,,RETAIN — issue-specific occurrence pending visual comparison,HIGH,INDEX-ONLY,INCLUDED — indexed issue text; visual comparison pending.,https://article134-tech.github.io/lititzbmx-public-knowledge-register/objects/index.html#OBJ-0345,PKR-CAT-009,Editorial tests and historical documentation
OBJ-0346,Wonder rear cycle-light relaunch advertisement,Wonder UK Portable Power,August 1983,Product literature,1,EPH-0356,,RETAIN — issue-specific occurrence pending visual comparison,HIGH,INDEX-ONLY,INCLUDED — indexed issue text; visual comparison pending.,https://article134-tech.github.io/lititzbmx-public-knowledge-register/objects/index.html#OBJ-0346,PKR-CAT-001,Catalogs and product literature
OBJ-0347,Hotshot Uni seat-cover and Turbo-Mag product panel,Hotshot BMX Racing; Uni; Turbo Mag,August 1983,Product announcement / kit,1,EPH-0357,,RETAIN — issue-specific occurrence pending visual comparison,HIGH,INDEX-ONLY,INCLUDED — indexed issue text; visual comparison pending.,https://article134-tech.github.io/lititzbmx-public-knowledge-register/objects/index.html#OBJ-0347,PKR-CAT-008,Product announcements and technical material
OBJ-0348,King Sticker five-sticker packet offer,King Sticker,August 1983,Information-pack mailer,1,EPH-0358,,REVIEW — recurring campaign/feature candidate; retain separately pending page-image comparison,HIGH,INDEX-ONLY,INCLUDED — indexed issue text; visual comparison pending.,https://article134-tech.github.io/lititzbmx-public-knowledge-register/objects/index.html#OBJ-0348,PKR-CAT-003,"Mailers, stickers, and information packs"
OBJ-0349,"Suntal Cycles Burners, complete bikes, and wheel price advertisement",Suntal Cycles; Raleigh; Falcon; Yamaha; Diamond Back; Kuwahara,August 1983,Retailer advertisement / price list,1,EPH-0359,,RETAIN — issue-specific occurrence pending visual comparison,HIGH,INDEX-ONLY,INCLUDED — indexed issue text; visual comparison pending.,https://article134-tech.github.io/lititzbmx-public-knowledge-register/objects/index.html#OBJ-0349,PKR-CAT-002,Advertisements and price lists
OBJ-0350,GT world-champion brand advertisement,GT; Greg Hill; GB GT,August 1983,Team advertisement,1,EPH-0360,,RETAIN — issue-specific occurrence pending visual comparison,HIGH,INDEX-ONLY,INCLUDED — indexed issue text; visual comparison pending.,https://article134-tech.github.io/lititzbmx-public-knowledge-register/objects/index.html#OBJ-0350,PKR-CAT-006,"Teams, riders, and brand campaigns"
OBJ-0351,Greg Hill World Champion profile,Greg Hill; GT; BMX Action Bike,August 1983,Archive collection,1,EPH-0361,,RETAIN — issue-specific occurrence pending visual comparison,HIGH,INDEX-ONLY,INCLUDED — indexed issue text; visual comparison pending.,https://article134-tech.github.io/lititzbmx-public-knowledge-register/objects/index.html#OBJ-0351,PKR-CAT-009,Editorial tests and historical documentation
OBJ-0352,Reporter-for-a-day Aero racewear competition,BMX Action Bike; Aero,August 1983,Contest entry form / promotion,1,EPH-0362,,RETAIN — issue-specific occurrence pending visual comparison,HIGH,INDEX-ONLY,INCLUDED — indexed issue text; visual comparison pending.,https://article134-tech.github.io/lititzbmx-public-knowledge-register/objects/index.html#OBJ-0352,PKR-CAT-004,Contests and promotions
OBJ-0353,Bearing-protection maintenance guide,BMX Action Bike; Sharp Racing Products,August 1983,Product literature,1,EPH-0363,,RETAIN — issue-specific occurrence pending visual comparison,HIGH,INDEX-ONLY,INCLUDED — indexed issue text; visual comparison pending.,https://article134-tech.github.io/lititzbmx-public-knowledge-register/objects/index.html#OBJ-0353,PKR-CAT-001,Catalogs and product literature
OBJ-0354,Shiner free decal and sales-sheet trade offer,Shiner; SE Racing; Panda,August 1983,Information-pack mailer,1,EPH-0364,,REVIEW — recurring campaign/feature candidate; retain separately pending page-image comparison,HIGH,INDEX-ONLY,INCLUDED — indexed issue text; visual comparison pending.,https://article134-tech.github.io/lititzbmx-public-knowledge-register/objects/index.html#OBJ-0354,PKR-CAT-003,"Mailers, stickers, and information packs"
OBJ-0355,Supertune BMX August mail-order price list,Supertune BMX Racing; GT; Suntour; Oakley; Araya,August 1983,Retailer advertisement / price list,1,EPH-0365,,REVIEW — recurring campaign/feature candidate; retain separately pending page-image comparison,HIGH,INDEX-ONLY,INCLUDED — indexed issue text; visual comparison pending.,https://article134-tech.github.io/lititzbmx-public-knowledge-register/objects/index.html#OBJ-0355,PKR-CAT-002,Advertisements and price lists
OBJ-0356,Stechford Cycles component and racewear price advertisement,Stechford Cycles; Tange; ACS; CW; Oakley; Shimano,August 1983,Retailer advertisement / price list,1,EPH-0366,,RETAIN — issue-specific occurrence pending visual comparison,HIGH,INDEX-ONLY,INCLUDED — indexed issue text; visual comparison pending.,https://article134-tech.github.io/lititzbmx-public-knowledge-register/objects/index.html#OBJ-0356,PKR-CAT-002,Advertisements and price lists
OBJ-0357,Just BMX Bournemouth stock advertisement,Just BMX; Skyway; Haro; Raleigh,August 1983,Dealer/shop advertisement,1,EPH-0367,,REVIEW — recurring campaign/feature candidate; retain separately pending page-image comparison,HIGH,INDEX-ONLY,INCLUDED — indexed issue text; visual comparison pending.,https://article134-tech.github.io/lititzbmx-public-knowledge-register/objects/index.html#OBJ-0357,PKR-CAT-007,Dealers and distributors
OBJ-0358,Super Discount Nottingham BMX warehouse advertisement,Super Discount; Mongoose; PK Ripper; Haro; Firebird,August 1983,Dealer/shop advertisement,1,EPH-0368,,RETAIN — issue-specific occurrence pending visual comparison,HIGH,INDEX-ONLY,INCLUDED — indexed issue text; visual comparison pending.,https://article134-tech.github.io/lititzbmx-public-knowledge-register/objects/index.html#OBJ-0358,PKR-CAT-007,Dealers and distributors
OBJ-0359,Suntour three-piece crank technical advertisement,Suntour,August 1983,Product literature,1,EPH-0369,,RETAIN — issue-specific occurrence pending visual comparison,HIGH,INDEX-ONLY,INCLUDED — indexed issue text; visual comparison pending.,https://article134-tech.github.io/lititzbmx-public-knowledge-register/objects/index.html#OBJ-0359,PKR-CAT-001,Catalogs and product literature
OBJ-0360,Superfox complete-bike editorial test,Superfox; BMX Action Bike,August 1983,Product-history object,1,EPH-0370,,RETAIN — issue-specific occurrence pending visual comparison,HIGH,INDEX-ONLY,INCLUDED — indexed issue text; visual comparison pending.,https://article134-tech.github.io/lititzbmx-public-knowledge-register/objects/index.html#OBJ-0360,PKR-CAT-009,Editorial tests and historical documentation
OBJ-0361,BMX security-lock comparison test,BMX Action Bike; No Crak; Citadel; Squire,August 1983,Product-history object,1,EPH-0371,,RETAIN — issue-specific occurrence pending visual comparison,HIGH,INDEX-ONLY,INCLUDED — indexed issue text; visual comparison pending.,https://article134-tech.github.io/lititzbmx-public-knowledge-register/objects/index.html#OBJ-0361,PKR-CAT-009,Editorial tests and historical documentation
OBJ-0362,Aero Pro Burner starter-signal competition,BMX Action Bike; Raleigh,August 1983,Contest entry form / promotion,1,EPH-0372,,RETAIN — issue-specific occurrence pending visual comparison,HIGH,INDEX-ONLY,INCLUDED — indexed issue text; visual comparison pending.,https://article134-tech.github.io/lititzbmx-public-knowledge-register/objects/index.html#OBJ-0362,PKR-CAT-004,Contests and promotions
OBJ-0363,Sales Cycles Warehouse August complete-bike and parts advertisement,Sales Cycles Warehouse; Yamaha; Silverfox; Raleigh; Diamond Back; Shimano,August 1983,Retailer advertisement / price list,1,EPH-0373,,REVIEW — recurring campaign/feature candidate; retain separately pending page-image comparison,HIGH,INDEX-ONLY,INCLUDED — indexed issue text; visual comparison pending.,https://article134-tech.github.io/lititzbmx-public-knowledge-register/objects/index.html#OBJ-0363,PKR-CAT-002,Advertisements and price lists
OBJ-0364,Leechi BMX grips and accessories advertisement,Leechi; Landar Components,August 1983,Magazine advertisement,1,EPH-0374,,RETAIN — issue-specific occurrence pending visual comparison,HIGH,INDEX-ONLY,INCLUDED — indexed issue text; visual comparison pending.,https://article134-tech.github.io/lititzbmx-public-knowledge-register/objects/index.html#OBJ-0364,PKR-CAT-002,Advertisements and price lists
OBJ-0365,Haro Freestyle Moves August instructional extract,Bob Haro; BMX Action Bike,August 1983,Product literature,1,EPH-0375,,RETAIN — issue-specific occurrence pending visual comparison,HIGH,INDEX-ONLY,INCLUDED — indexed issue text; visual comparison pending.,https://article134-tech.github.io/lititzbmx-public-knowledge-register/objects/index.html#OBJ-0365,PKR-CAT-001,Catalogs and product literature
OBJ-0366,"Rapido Gold Duster, Black Shadow, and Gladiator campaign",Rapido; Clarkmoor,August 1983,Product literature,1,EPH-0376,,REVIEW — recurring campaign/feature candidate; retain separately pending page-image comparison,HIGH,INDEX-ONLY,INCLUDED — indexed issue text; visual comparison pending.,https://article134-tech.github.io/lititzbmx-public-knowledge-register/objects/index.html#OBJ-0366,PKR-CAT-001,Catalogs and product literature
OBJ-0367,No Crak high-security chain-lock advertisement,No Crak; SL Chainsport Distributors,August 1983,Product literature,1,EPH-0377,,RETAIN — issue-specific occurrence pending visual comparison,HIGH,INDEX-ONLY,INCLUDED — indexed issue text; visual comparison pending.,https://article134-tech.github.io/lititzbmx-public-knowledge-register/objects/index.html#OBJ-0367,PKR-CAT-001,Catalogs and product literature
OBJ-0368,Langsett Cycles August parts advertisement,Langsett Cycles; Araya; Shimano; Takagi,August 1983,Retailer advertisement / price list,1,EPH-0378,,RETAIN — issue-specific occurrence pending visual comparison,HIGH,INDEX-ONLY,INCLUDED — indexed issue text; visual comparison pending.,https://article134-tech.github.io/lititzbmx-public-knowledge-register/objects/index.html#OBJ-0368,PKR-CAT-002,Advertisements and price lists
OBJ-0369,Darwen race-shop and indoor-track promotion,Darwen BMX retailer; Diamond Back; Mongoose; Kuwahara,August 1983,Dealer/shop advertisement,1,EPH-0379,,RETAIN — issue-specific occurrence pending visual comparison,HIGH,INDEX-ONLY,INCLUDED — indexed issue text; visual comparison pending.,https://article134-tech.github.io/lititzbmx-public-knowledge-register/objects/index.html#OBJ-0369,PKR-CAT-007,Dealers and distributors
OBJ-0370,BMX Action Bike back-copy mailer,BMX Action Bike; UKBMX Publications,August 1983,Catalog mailer,1,EPH-0380,,REVIEW — recurring campaign/feature candidate; retain separately pending page-image comparison,HIGH,INDEX-ONLY,INCLUDED — indexed issue text; visual comparison pending.,https://article134-tech.github.io/lititzbmx-public-knowledge-register/objects/index.html#OBJ-0370,PKR-CAT-003,"Mailers, stickers, and information packs"
OBJ-0371,BMX Action Bike blue-and-gold binder offer,BMX Action Bike; UKBMX Publications,August 1983,Catalog mailer,1,EPH-0381,,REVIEW — recurring campaign/feature candidate; retain separately pending page-image comparison,HIGH,INDEX-ONLY,INCLUDED — indexed issue text; visual comparison pending.,https://article134-tech.github.io/lititzbmx-public-knowledge-register/objects/index.html#OBJ-0371,PKR-CAT-003,"Mailers, stickers, and information packs"
OBJ-0372,BMX Action Bike ten-issue subscription rate card,BMX Action Bike; UKBMX Publications,August 1983,Catalog mailer,1,EPH-0382,,REVIEW — recurring campaign/feature candidate; retain separately pending page-image comparison,HIGH,INDEX-ONLY,INCLUDED — indexed issue text; visual comparison pending.,https://article134-tech.github.io/lititzbmx-public-knowledge-register/objects/index.html#OBJ-0372,PKR-CAT-003,"Mailers, stickers, and information packs"
OBJ-0373,BMX Centre Mousehole August stock and Viper announcement,BMX Centre Mousehole; Diamond Back; Haro; Fox,August 1983,Dealer/shop advertisement,1,EPH-0383,,RETAIN — issue-specific occurrence pending visual comparison,HIGH,INDEX-ONLY,INCLUDED — indexed issue text; visual comparison pending.,https://article134-tech.github.io/lititzbmx-public-knowledge-register/objects/index.html#OBJ-0373,PKR-CAT-007,Dealers and distributors
OBJ-0374,Schofields Haro and Skyway frame discount advertisement,Schofields; Haro; Skyway,August 1983,Retailer advertisement / price list,1,EPH-0384,,RETAIN — issue-specific occurrence pending visual comparison,HIGH,INDEX-ONLY,INCLUDED — indexed issue text; visual comparison pending.,https://article134-tech.github.io/lititzbmx-public-knowledge-register/objects/index.html#OBJ-0374,PKR-CAT-002,Advertisements and price lists
OBJ-0375,SportsPlus BMX track-design service advertisement,SportsPlus,August 1983,Product literature,1,EPH-0385,,REVIEW — recurring campaign/feature candidate; retain separately pending page-image comparison,HIGH,INDEX-ONLY,INCLUDED — indexed issue text; visual comparison pending.,https://article134-tech.github.io/lititzbmx-public-knowledge-register/objects/index.html#OBJ-0375,PKR-CAT-001,Catalogs and product literature
OBJ-0376,OT Cycles custom-built dream-machine service,OT Cycles,August 1983,Product announcement / kit,1,EPH-0386,,REVIEW — recurring campaign/feature candidate; retain separately pending page-image comparison,HIGH,INDEX-ONLY,INCLUDED — indexed issue text; visual comparison pending.,https://article134-tech.github.io/lititzbmx-public-knowledge-register/objects/index.html#OBJ-0376,PKR-CAT-008,Product announcements and technical material
OBJ-0377,Stu Diggens Me & My Bike profile,Stu Diggens; Kuwahara; Redline; BMX Action Bike,August 1983,Archive collection,1,EPH-0387,,RETAIN — issue-specific occurrence pending visual comparison,HIGH,INDEX-ONLY,INCLUDED — indexed issue text; visual comparison pending.,https://article134-tech.github.io/lititzbmx-public-knowledge-register/objects/index.html#OBJ-0377,PKR-CAT-009,Editorial tests and historical documentation
OBJ-0378,Skyway factory-team Horizons advertisement,Skyway; Steve Shobert; Andy Patterson,August 1983,Team advertisement,1,EPH-0388,,RETAIN — issue-specific occurrence pending visual comparison,HIGH,INDEX-ONLY,INCLUDED — indexed issue text; visual comparison pending.,https://article134-tech.github.io/lititzbmx-public-knowledge-register/objects/index.html#OBJ-0378,PKR-CAT-006,"Teams, riders, and brand campaigns"
OBJ-0379,Allen’s BMX Centre August parts price advertisement,Allen’s BMX Centre,August 1983,Retailer advertisement / price list,1,EPH-0389,,RETAIN — issue-specific occurrence pending visual comparison,HIGH,INDEX-ONLY,INCLUDED — indexed issue text; visual comparison pending.,https://article134-tech.github.io/lititzbmx-public-knowledge-register/objects/index.html#OBJ-0379,PKR-CAT-002,Advertisements and price lists
OBJ-0380,Dave Kane Cycles Ireland BMX shop advertisement,Dave Kane Cycles; Diamond Back; Mongoose; Kuwahara,August 1983,Dealer/shop advertisement,1,EPH-0390,,RETAIN — issue-specific occurrence pending visual comparison,HIGH,INDEX-ONLY,INCLUDED — indexed issue text; visual comparison pending.,https://article134-tech.github.io/lititzbmx-public-knowledge-register/objects/index.html#OBJ-0380,PKR-CAT-007,Dealers and distributors
OBJ-0381,Bates Cycles regional stock and mail-order advertisement,Bates Cycles; Haro; Silverfox; Superfox,August 1983,Dealer/shop advertisement,1,EPH-0391,,REVIEW — recurring campaign/feature candidate; retain separately pending page-image comparison,HIGH,INDEX-ONLY,INCLUDED — indexed issue text; visual comparison pending.,https://article134-tech.github.io/lititzbmx-public-knowledge-register/objects/index.html#OBJ-0381,PKR-CAT-007,Dealers and distributors
OBJ-0382,Madigan Cycles Carrickfergus BMX and club advertisement,Madigan Cycles,August 1983,Dealer/shop advertisement,1,EPH-0392,,RETAIN — issue-specific occurrence pending visual comparison,HIGH,INDEX-ONLY,INCLUDED — indexed issue text; visual comparison pending.,https://article134-tech.github.io/lititzbmx-public-knowledge-register/objects/index.html#OBJ-0382,PKR-CAT-007,Dealers and distributors
OBJ-0383,Conway Tyneside BMX specialist advertisement,Conway; Kuwahara; Puch,August 1983,Dealer/shop advertisement,1,EPH-0393,,REVIEW — recurring campaign/feature candidate; retain separately pending page-image comparison,HIGH,INDEX-ONLY,INCLUDED — indexed issue text; visual comparison pending.,https://article134-tech.github.io/lititzbmx-public-knowledge-register/objects/index.html#OBJ-0383,PKR-CAT-007,Dealers and distributors
OBJ-0384,Bolton BMX Centre brand-stock advertisement,Bolton BMX Centre; Mongoose; Diamond Back; GT; Firebird,August 1983,Dealer/shop advertisement,1,EPH-0394,,RETAIN — issue-specific occurrence pending visual comparison,HIGH,INDEX-ONLY,INCLUDED — indexed issue text; visual comparison pending.,https://article134-tech.github.io/lititzbmx-public-knowledge-register/objects/index.html#OBJ-0384,PKR-CAT-007,Dealers and distributors
OBJ-0385,Purley Cycle Sport and Pedalers brand-stock advertisement,Purley Cycle Sport; Pedalers,August 1983,Dealer/shop advertisement,1,EPH-0395,,RETAIN — issue-specific occurrence pending visual comparison,HIGH,INDEX-ONLY,INCLUDED — indexed issue text; visual comparison pending.,https://article134-tech.github.io/lititzbmx-public-knowledge-register/objects/index.html#OBJ-0385,PKR-CAT-007,Dealers and distributors
OBJ-0386,Ukai narrow-rim and Panaracer tyre trend report,Ukai; Panaracer; Gecko,August 1983,Product literature,1,EPH-0396,,RETAIN — issue-specific occurrence pending visual comparison,HIGH,INDEX-ONLY,INCLUDED — indexed issue text; visual comparison pending.,https://article134-tech.github.io/lititzbmx-public-knowledge-register/objects/index.html#OBJ-0386,PKR-CAT-001,Catalogs and product literature
OBJ-0387,ACS Z-Rims no-quibble guarantee campaign,ACS; Gecko Leisure Products,September 1983,Product literature,1,EPH-0397,,REVIEW — recurring campaign/feature candidate; retain separately pending page-image comparison,HIGH,INDEX-ONLY,INCLUDED — indexed issue text; visual comparison pending.,https://article134-tech.github.io/lititzbmx-public-knowledge-register/objects/index.html#OBJ-0387,PKR-CAT-001,Catalogs and product literature
OBJ-0388,Strongs Bicycles free sticker-brochure mailer,Strongs Bicycles,September 1983,Information-pack mailer,1,EPH-0398,,REVIEW — recurring campaign/feature candidate; retain separately pending page-image comparison,HIGH,INDEX-ONLY,INCLUDED — indexed issue text; visual comparison pending.,https://article134-tech.github.io/lititzbmx-public-knowledge-register/objects/index.html#OBJ-0388,PKR-CAT-003,"Mailers, stickers, and information packs"
OBJ-0389,G-Wheels custom-built BMX shop advertisement,G-Wheels,September 1983,Dealer/shop advertisement,1,EPH-0399,,RETAIN — issue-specific occurrence pending visual comparison,HIGH,INDEX-ONLY,INCLUDED — indexed issue text; visual comparison pending.,https://article134-tech.github.io/lititzbmx-public-knowledge-register/objects/index.html#OBJ-0389,PKR-CAT-007,Dealers and distributors
OBJ-0390,Lewisham and Greenwich BMX Centres stock advertisement,BMX Centres Lewisham and Greenwich,September 1983,Dealer/shop advertisement,1,EPH-0400,,RETAIN — issue-specific occurrence pending visual comparison,HIGH,INDEX-ONLY,INCLUDED — indexed issue text; visual comparison pending.,https://article134-tech.github.io/lititzbmx-public-knowledge-register/objects/index.html#OBJ-0390,PKR-CAT-007,Dealers and distributors
OBJ-0391,Patterson Pro 4130 frame advertisement,Patterson; Hotshot BMX Racing,September 1983,Product literature,1,EPH-0401,,RETAIN — issue-specific occurrence pending visual comparison,HIGH,INDEX-ONLY,INCLUDED — indexed issue text; visual comparison pending.,https://article134-tech.github.io/lititzbmx-public-knowledge-register/objects/index.html#OBJ-0391,PKR-CAT-001,Catalogs and product literature
OBJ-0392,Hotshot imported-product line card,Hotshot BMX Racing,September 1983,Manufacturer/distributor catalog page,1,EPH-0402,,RETAIN — issue-specific occurrence pending visual comparison,HIGH,INDEX-ONLY,INCLUDED — indexed issue text; visual comparison pending.,https://article134-tech.github.io/lititzbmx-public-knowledge-register/objects/index.html#OBJ-0392,PKR-CAT-001,Catalogs and product literature
OBJ-0393,1983 IBMXF World Championship results report,IBMXF; Clint Miller; Louis Mears; BMX Action Bike,September 1983,Archive collection,1,EPH-0403,,RETAIN — issue-specific occurrence pending visual comparison,HIGH,INDEX-ONLY,INCLUDED — indexed issue text; visual comparison pending.,https://article134-tech.github.io/lititzbmx-public-knowledge-register/objects/index.html#OBJ-0393,PKR-CAT-009,Editorial tests and historical documentation
OBJ-0394,Waldens BMX Headquarters September specials,Waldens BMX Headquarters,September 1983,Retailer advertisement / price list,1,EPH-0404,,RETAIN — issue-specific occurrence pending visual comparison,HIGH,INDEX-ONLY,INCLUDED — indexed issue text; visual comparison pending.,https://article134-tech.github.io/lititzbmx-public-knowledge-register/objects/index.html#OBJ-0394,PKR-CAT-002,Advertisements and price lists
OBJ-0395,Dales Cycles Glasgow BMX headquarters advertisement,Dales Cycles,September 1983,Dealer/shop advertisement,1,EPH-0405,,RETAIN — issue-specific occurrence pending visual comparison,HIGH,INDEX-ONLY,INCLUDED — indexed issue text; visual comparison pending.,https://article134-tech.github.io/lititzbmx-public-knowledge-register/objects/index.html#OBJ-0395,PKR-CAT-007,Dealers and distributors
OBJ-0396,Bunney’s GT Yes helmet introduction offer,Bunney’s Bikes; Yes,September 1983,Retailer advertisement / price list,1,EPH-0406,,RETAIN — issue-specific occurrence pending visual comparison,HIGH,INDEX-ONLY,INCLUDED — indexed issue text; visual comparison pending.,https://article134-tech.github.io/lititzbmx-public-knowledge-register/objects/index.html#OBJ-0396,PKR-CAT-002,Advertisements and price lists
OBJ-0397,Halfords BMX accessories price campaign,Halfords; Suntour; Trax Pro; Cobra,September 1983,Retailer advertisement / price list,1,EPH-0407,,RETAIN — issue-specific occurrence pending visual comparison,HIGH,INDEX-ONLY,INCLUDED — indexed issue text; visual comparison pending.,https://article134-tech.github.io/lititzbmx-public-knowledge-register/objects/index.html#OBJ-0397,PKR-CAT-002,Advertisements and price lists
OBJ-0398,"Harrogate product roundup: Rivat, Minoura, MKS, and brake controls",Ron Kitching; Rivat; Minoura; MKS,September 1983,Product announcement / kit,1,EPH-0408,,RETAIN — issue-specific occurrence pending visual comparison,HIGH,INDEX-ONLY,INCLUDED — indexed issue text; visual comparison pending.,https://article134-tech.github.io/lititzbmx-public-knowledge-register/objects/index.html#OBJ-0398,PKR-CAT-008,Product announcements and technical material
OBJ-0399,Surrey BMX September comprehensive price list,Surrey BMX; Kuwahara; GT; Torker; Haro; Hutch; Skyway,September 1983,Retailer advertisement / price list,1,EPH-0409,,RETAIN — issue-specific occurrence pending visual comparison,HIGH,INDEX-ONLY,INCLUDED — indexed issue text; visual comparison pending.,https://article134-tech.github.io/lititzbmx-public-knowledge-register/objects/index.html#OBJ-0399,PKR-CAT-002,Advertisements and price lists
OBJ-0400,1983 European Championships Dijon deciding-round report,European BMX Championship; Tim March; Andy Patterson; BMX Action Bike,September 1983,Archive collection,1,EPH-0410,,RETAIN — issue-specific occurrence pending visual comparison,HIGH,INDEX-ONLY,INCLUDED — indexed issue text; visual comparison pending.,https://article134-tech.github.io/lititzbmx-public-knowledge-register/objects/index.html#OBJ-0400,PKR-CAT-009,Editorial tests and historical documentation
OBJ-0401,Raleigh Champions of Europe Burner campaign,Raleigh; Danny Stabielli; Craig Schofield,September 1983,Team advertisement,1,EPH-0411,,RETAIN — issue-specific occurrence pending visual comparison,HIGH,INDEX-ONLY,INCLUDED — indexed issue text; visual comparison pending.,https://article134-tech.github.io/lititzbmx-public-knowledge-register/objects/index.html#OBJ-0401,PKR-CAT-006,"Teams, riders, and brand campaigns"
OBJ-0402,September 1983 BMX race calendar,BMX Action Bike; UKBMX; NBMXA; regional organizers,September 1983,Event notice / contact flyer,1,EPH-0412,,RETAIN — issue-specific occurrence pending visual comparison,HIGH,INDEX-ONLY,INCLUDED — indexed issue text; visual comparison pending.,https://article134-tech.github.io/lititzbmx-public-knowledge-register/objects/index.html#OBJ-0402,PKR-CAT-005,"Events, registration, and membership"
OBJ-0403,Bob Medrano mid-air moves instructional feature,Bob Medrano; BMX Action Bike,September 1983,Product literature,1,EPH-0413,,RETAIN — issue-specific occurrence pending visual comparison,HIGH,INDEX-ONLY,INCLUDED — indexed issue text; visual comparison pending.,https://article134-tech.github.io/lititzbmx-public-knowledge-register/objects/index.html#OBJ-0403,PKR-CAT-001,Catalogs and product literature
OBJ-0404,Skyway TA frame-and-fork giveaway,BMX Action Bike; Skyway,September 1983,Contest entry form / promotion,1,EPH-0414,,RETAIN — issue-specific occurrence pending visual comparison,HIGH,INDEX-ONLY,INCLUDED — indexed issue text; visual comparison pending.,https://article134-tech.github.io/lititzbmx-public-knowledge-register/objects/index.html#OBJ-0404,PKR-CAT-004,Contests and promotions
OBJ-0405,KD Racing BMX brands and indoor-track advertisement,KD Racing; Diamond Back; Mongoose; Kuwahara,September 1983,Dealer/shop advertisement,1,EPH-0415,,RETAIN — issue-specific occurrence pending visual comparison,HIGH,INDEX-ONLY,INCLUDED — indexed issue text; visual comparison pending.,https://article134-tech.github.io/lititzbmx-public-knowledge-register/objects/index.html#OBJ-0405,PKR-CAT-007,Dealers and distributors
OBJ-0406,Bristol custom-built BMX price advertisement,Bristol BMX retailer; Diamond Back; Mongoose; PK Ripper,September 1983,Retailer advertisement / price list,1,EPH-0416,,RETAIN — issue-specific occurrence pending visual comparison,HIGH,INDEX-ONLY,INCLUDED — indexed issue text; visual comparison pending.,https://article134-tech.github.io/lititzbmx-public-knowledge-register/objects/index.html#OBJ-0406,PKR-CAT-002,Advertisements and price lists
OBJ-0407,CW racer handlebar range advertisement,CW; Hotwheels,September 1983,Product literature,1,EPH-0417,,RETAIN — issue-specific occurrence pending visual comparison,HIGH,INDEX-ONLY,INCLUDED — indexed issue text; visual comparison pending.,https://article134-tech.github.io/lititzbmx-public-knowledge-register/objects/index.html#OBJ-0407,PKR-CAT-001,Catalogs and product literature
OBJ-0408,Boss Reynolds 501 handbuilt BMX launch,Boss,September 1983,Product announcement / kit,1,EPH-0418,,RETAIN — issue-specific occurrence pending visual comparison,HIGH,INDEX-ONLY,INCLUDED — indexed issue text; visual comparison pending.,https://article134-tech.github.io/lititzbmx-public-knowledge-register/objects/index.html#OBJ-0408,PKR-CAT-008,Product announcements and technical material
OBJ-0409,Neil Stevens bar-hop instructional feature,Neil Stevens; BMX Action Bike,September 1983,Product literature,1,EPH-0419,,RETAIN — issue-specific occurrence pending visual comparison,HIGH,INDEX-ONLY,INCLUDED — indexed issue text; visual comparison pending.,https://article134-tech.github.io/lititzbmx-public-knowledge-register/objects/index.html#OBJ-0409,PKR-CAT-001,Catalogs and product literature
OBJ-0410,"GT Greg Hill poster, stickers, and price-list mailer",GT; Greg Hill; GB GT,September 1983,Information-pack mailer,1,EPH-0420,,REVIEW — recurring campaign/feature candidate; retain separately pending page-image comparison,HIGH,INDEX-ONLY,INCLUDED — indexed issue text; visual comparison pending.,https://article134-tech.github.io/lititzbmx-public-knowledge-register/objects/index.html#OBJ-0410,PKR-CAT-003,"Mailers, stickers, and information packs"
OBJ-0411,September next-generation BMX dealer network campaign,UK BMX dealer network; Diamond Back; Mongoose; Firebird; Hutch,September 1983,Manufacturer/distributor catalog page,1,EPH-0421,,RETAIN — issue-specific occurrence pending visual comparison,HIGH,INDEX-ONLY,INCLUDED — indexed issue text; visual comparison pending.,https://article134-tech.github.io/lititzbmx-public-knowledge-register/objects/index.html#OBJ-0411,PKR-CAT-001,Catalogs and product literature
OBJ-0412,MK Cycles Haro bargain and custom-wheel advertisement,MK Cycles; Haro,September 1983,Dealer/shop advertisement,1,EPH-0422,,RETAIN — issue-specific occurrence pending visual comparison,HIGH,INDEX-ONLY,INCLUDED — indexed issue text; visual comparison pending.,https://article134-tech.github.io/lititzbmx-public-knowledge-register/objects/index.html#OBJ-0412,PKR-CAT-007,Dealers and distributors
OBJ-0413,Grease Monkey freewheel service guide,BMX Action Bike; Geoff Barraclough; Ian Buckden,September 1983,Product literature,1,EPH-0423,,RETAIN — issue-specific occurrence pending visual comparison,HIGH,INDEX-ONLY,INCLUDED — indexed issue text; visual comparison pending.,https://article134-tech.github.io/lititzbmx-public-knowledge-register/objects/index.html#OBJ-0413,PKR-CAT-001,Catalogs and product literature
OBJ-0414,JMC Mini editorial test,JMC; BMX Action Bike,September 1983,Product-history object,1,EPH-0424,,RETAIN — issue-specific occurrence pending visual comparison,HIGH,INDEX-ONLY,INCLUDED — indexed issue text; visual comparison pending.,https://article134-tech.github.io/lititzbmx-public-knowledge-register/objects/index.html#OBJ-0414,PKR-CAT-009,Editorial tests and historical documentation
OBJ-0415,ABMX Scrapbook cruiser-racing feature,BMX Action Bike; Tim March; Jamie Vince,September 1983,Archive collection,1,EPH-0425,,RETAIN — issue-specific occurrence pending visual comparison,HIGH,INDEX-ONLY,INCLUDED — indexed issue text; visual comparison pending.,https://article134-tech.github.io/lititzbmx-public-knowledge-register/objects/index.html#OBJ-0415,PKR-CAT-009,Editorial tests and historical documentation
OBJ-0416,UKBMX national rankings noticeboard,UKBMX,September 1983,Archive collection,1,EPH-0426,,RETAIN — issue-specific occurrence pending visual comparison,HIGH,INDEX-ONLY,INCLUDED — indexed issue text; visual comparison pending.,https://article134-tech.github.io/lititzbmx-public-knowledge-register/objects/index.html#OBJ-0416,PKR-CAT-009,Editorial tests and historical documentation
OBJ-0417,"Faze 7 frames, wheels, apparel, and complete-bike price list",Faze 7; Haro; Hutch; GT; Skyway,September 1983,Retailer advertisement / price list,1,EPH-0427,,RETAIN — issue-specific occurrence pending visual comparison,HIGH,INDEX-ONLY,INCLUDED — indexed issue text; visual comparison pending.,https://article134-tech.github.io/lititzbmx-public-knowledge-register/objects/index.html#OBJ-0417,PKR-CAT-002,Advertisements and price lists
OBJ-0418,Suntal Cycles September complete-bike and component prices,Suntal Cycles; Diamond Back; Kuwahara; Yamaha,September 1983,Retailer advertisement / price list,1,EPH-0428,,RETAIN — issue-specific occurrence pending visual comparison,HIGH,INDEX-ONLY,INCLUDED — indexed issue text; visual comparison pending.,https://article134-tech.github.io/lititzbmx-public-knowledge-register/objects/index.html#OBJ-0418,PKR-CAT-002,Advertisements and price lists
OBJ-0419,UKBMX membership and insurance-extension application,UKBMX,September 1983,Event registration coupon,1,EPH-0429,,RETAIN — issue-specific occurrence pending visual comparison,HIGH,INDEX-ONLY,INCLUDED — indexed issue text; visual comparison pending.,https://article134-tech.github.io/lititzbmx-public-knowledge-register/objects/index.html#OBJ-0419,PKR-CAT-005,"Events, registration, and membership"
OBJ-0420,Shimano DX chromoly freewheel technical advertisement,Shimano; Middlemores,September 1983,Product literature,1,EPH-0430,,RETAIN — issue-specific occurrence pending visual comparison,HIGH,INDEX-ONLY,INCLUDED — indexed issue text; visual comparison pending.,https://article134-tech.github.io/lititzbmx-public-knowledge-register/objects/index.html#OBJ-0420,PKR-CAT-001,Catalogs and product literature
OBJ-0421,Cycling 2000 September mail-order price list,Cycling 2000; Hutch; Shimano; Skyway; ACS,September 1983,Retailer advertisement / price list,1,EPH-0431,,RETAIN — issue-specific occurrence pending visual comparison,HIGH,INDEX-ONLY,INCLUDED — indexed issue text; visual comparison pending.,https://article134-tech.github.io/lititzbmx-public-knowledge-register/objects/index.html#OBJ-0421,PKR-CAT-002,Advertisements and price lists
OBJ-0422,Edinburgh BMX shop September clearout and component prices,Edinburgh BMX retailer; Kuwahara; Diamond Back; Mongoose,September 1983,Retailer advertisement / price list,1,EPH-0432,,RETAIN — issue-specific occurrence pending visual comparison,HIGH,INDEX-ONLY,INCLUDED — indexed issue text; visual comparison pending.,https://article134-tech.github.io/lititzbmx-public-knowledge-register/objects/index.html#OBJ-0422,PKR-CAT-002,Advertisements and price lists
OBJ-0423,ABMX September Sales and Swaps marketplace,BMX Action Bike; UKBMX Publications,September 1983,Dealer advertisement / price-list lead,1,EPH-0433,,REVIEW — recurring campaign/feature candidate; retain separately pending page-image comparison,HIGH,INDEX-ONLY,INCLUDED — indexed issue text; visual comparison pending.,https://article134-tech.github.io/lititzbmx-public-knowledge-register/objects/index.html#OBJ-0423,PKR-CAT-007,Dealers and distributors
OBJ-0424,Kuwahara Nova editorial test,Kuwahara; BMX Action Bike,September 1983,Product-history object,1,EPH-0434,,RETAIN — issue-specific occurrence pending visual comparison,HIGH,INDEX-ONLY,INCLUDED — indexed issue text; visual comparison pending.,https://article134-tech.github.io/lititzbmx-public-knowledge-register/objects/index.html#OBJ-0424,PKR-CAT-009,Editorial tests and historical documentation
OBJ-0425,Tracy McKinney Me & My Bike profile,Tracy McKinney; BMX Action Bike,September 1983,Archive collection,1,EPH-0435,,RETAIN — issue-specific occurrence pending visual comparison,HIGH,INDEX-ONLY,INCLUDED — indexed issue text; visual comparison pending.,https://article134-tech.github.io/lititzbmx-public-knowledge-register/objects/index.html#OBJ-0425,PKR-CAT-009,Editorial tests and historical documentation
OBJ-0426,September Trick Stuff product roundup,BMX Action Bike; period manufacturers,September 1983,Product announcement / kit,1,EPH-0436,,RETAIN — issue-specific occurrence pending visual comparison,HIGH,INDEX-ONLY,INCLUDED — indexed issue text; visual comparison pending.,https://article134-tech.github.io/lititzbmx-public-knowledge-register/objects/index.html#OBJ-0426,PKR-CAT-008,Product announcements and technical material
OBJ-0427,BMX Action Bike September back-copy mailer,BMX Action Bike; UKBMX Publications,September 1983,Catalog mailer,1,EPH-0437,,REVIEW — recurring campaign/feature candidate; retain separately pending page-image comparison,HIGH,INDEX-ONLY,INCLUDED — indexed issue text; visual comparison pending.,https://article134-tech.github.io/lititzbmx-public-knowledge-register/objects/index.html#OBJ-0427,PKR-CAT-003,"Mailers, stickers, and information packs"
OBJ-0428,BMX Action Bike September binder offer,BMX Action Bike; UKBMX Publications,September 1983,Catalog mailer,1,EPH-0438,,REVIEW — recurring campaign/feature candidate; retain separately pending page-image comparison,HIGH,INDEX-ONLY,INCLUDED — indexed issue text; visual comparison pending.,https://article134-tech.github.io/lititzbmx-public-knowledge-register/objects/index.html#OBJ-0428,PKR-CAT-003,"Mailers, stickers, and information packs"
OBJ-0429,BMX Action Bike September subscription offer,BMX Action Bike; UKBMX Publications,September 1983,Catalog mailer,1,EPH-0439,,REVIEW — recurring campaign/feature candidate; retain separately pending page-image comparison,HIGH,INDEX-ONLY,INCLUDED — indexed issue text; visual comparison pending.,https://article134-tech.github.io/lititzbmx-public-knowledge-register/objects/index.html#OBJ-0429,PKR-CAT-003,"Mailers, stickers, and information packs"
OBJ-0430,King Sticker September packet offer,King Sticker,September 1983,Information-pack mailer,1,EPH-0440,,REVIEW — recurring campaign/feature candidate; retain separately pending page-image comparison,HIGH,INDEX-ONLY,INCLUDED — indexed issue text; visual comparison pending.,https://article134-tech.github.io/lititzbmx-public-knowledge-register/objects/index.html#OBJ-0430,PKR-CAT-003,"Mailers, stickers, and information packs"
OBJ-0431,SportsPlus BMX track-design service campaign,SportsPlus,September 1983,Product literature,1,EPH-0441,,RETAIN — issue-specific occurrence pending visual comparison,HIGH,INDEX-ONLY,INCLUDED — indexed issue text; visual comparison pending.,https://article134-tech.github.io/lititzbmx-public-knowledge-register/objects/index.html#OBJ-0431,PKR-CAT-001,Catalogs and product literature
OBJ-0432,Skyway coaster conversion-kit announcement,Skyway,September 1983,Product announcement / kit,1,EPH-0442,,RETAIN — issue-specific occurrence pending visual comparison,HIGH,INDEX-ONLY,INCLUDED — indexed issue text; visual comparison pending.,https://article134-tech.github.io/lititzbmx-public-knowledge-register/objects/index.html#OBJ-0432,PKR-CAT-008,Product announcements and technical material
OBJ-0433,Yes motorized-visor helmet announcement,Yes,September 1983,Product announcement / kit,1,EPH-0443,,RETAIN — issue-specific occurrence pending visual comparison,HIGH,INDEX-ONLY,INCLUDED — indexed issue text; visual comparison pending.,https://article134-tech.github.io/lititzbmx-public-knowledge-register/objects/index.html#OBJ-0433,PKR-CAT-008,Product announcements and technical material
OBJ-0434,Hutch United Kingdom factory-team formation notice,Hutch; Damion Myles,September 1983,Factory-team history,1,EPH-0444,,RETAIN — issue-specific occurrence pending visual comparison,HIGH,INDEX-ONLY,INCLUDED — indexed issue text; visual comparison pending.,https://article134-tech.github.io/lititzbmx-public-knowledge-register/objects/index.html#OBJ-0434,PKR-CAT-006,"Teams, riders, and brand campaigns"
OBJ-0435,TI Reynolds experimental aero-tubing notice,TI Reynolds; Raleigh,September 1983,Product announcement / kit,1,EPH-0445,,RETAIN — issue-specific occurrence pending visual comparison,HIGH,INDEX-ONLY,INCLUDED — indexed issue text; visual comparison pending.,https://article134-tech.github.io/lititzbmx-public-knowledge-register/objects/index.html#OBJ-0435,PKR-CAT-008,Product announcements and technical material
OBJ-0436,September United Kingdom BMX track-development roundup,BMX Action Bike; local authorities and clubs,September 1983,Archive collection,1,EPH-0446,,RETAIN — issue-specific occurrence pending visual comparison,HIGH,INDEX-ONLY,INCLUDED — indexed issue text; visual comparison pending.,https://article134-tech.github.io/lititzbmx-public-knowledge-register/objects/index.html#OBJ-0436,PKR-CAT-009,Editorial tests and historical documentation
OBJ-0437,Stunting over-the-bars instructional feature,BMX Action Bike,September 1983,Product literature,1,EPH-0447,,RETAIN — issue-specific occurrence pending visual comparison,HIGH,INDEX-ONLY,INCLUDED — indexed issue text; visual comparison pending.,https://article134-tech.github.io/lititzbmx-public-knowledge-register/objects/index.html#OBJ-0437,PKR-CAT-001,Catalogs and product literature
OBJ-0438,Sid’s Amazing Leap stunt documentation,Sid; BMX Action Bike,September 1983,Archive collection,1,EPH-0448,,RETAIN — issue-specific occurrence pending visual comparison,HIGH,INDEX-ONLY,INCLUDED — indexed issue text; visual comparison pending.,https://article134-tech.github.io/lititzbmx-public-knowledge-register/objects/index.html#OBJ-0438,PKR-CAT-009,Editorial tests and historical documentation
OBJ-0439,ACS Z-Wheels Mike Buff technology campaign,ACS; Mike Buff,October 1983,Product literature,1,EPH-0449,,RETAIN — issue-specific occurrence pending visual comparison,HIGH,INDEX-ONLY,INCLUDED — indexed issue text; visual comparison pending.,https://article134-tech.github.io/lititzbmx-public-knowledge-register/objects/index.html#OBJ-0439,PKR-CAT-001,Catalogs and product literature
OBJ-0440,"Torker 260, 280X, and 340 October price advertisement",Torker; UK distributor,October 1983,Retailer advertisement / price list,1,EPH-0450,,RETAIN — issue-specific occurrence pending visual comparison,HIGH,INDEX-ONLY,INCLUDED — indexed issue text; visual comparison pending.,https://article134-tech.github.io/lititzbmx-public-knowledge-register/objects/index.html#OBJ-0440,PKR-CAT-002,Advertisements and price lists
OBJ-0441,Big W October BMX specials,Big W,October 1983,Retailer advertisement / price list,1,EPH-0451,,RETAIN — issue-specific occurrence pending visual comparison,HIGH,INDEX-ONLY,INCLUDED — indexed issue text; visual comparison pending.,https://article134-tech.github.io/lititzbmx-public-knowledge-register/objects/index.html#OBJ-0441,PKR-CAT-002,Advertisements and price lists
OBJ-0442,October 1983 BMX race calendar,BMX Action Bike; UKBMX; NBMXA; regional organizers,October 1983,Event notice / contact flyer,1,EPH-0452,,RETAIN — issue-specific occurrence pending visual comparison,HIGH,INDEX-ONLY,INCLUDED — indexed issue text; visual comparison pending.,https://article134-tech.github.io/lititzbmx-public-knowledge-register/objects/index.html#OBJ-0442,PKR-CAT-005,"Events, registration, and membership"
OBJ-0443,Marlboro Zapper bicycle recognition giveaway,BMX Action Bike; Marlboro,October 1983,Contest entry form / promotion,1,EPH-0453,,RETAIN — issue-specific occurrence pending visual comparison,HIGH,INDEX-ONLY,INCLUDED — indexed issue text; visual comparison pending.,https://article134-tech.github.io/lititzbmx-public-knowledge-register/objects/index.html#OBJ-0443,PKR-CAT-004,Contests and promotions
OBJ-0444,Backyard quarter-pipe construction and riding feature,BMX Action Bike; home builders,October 1983,Product literature,1,EPH-0454,,RETAIN — issue-specific occurrence pending visual comparison,HIGH,INDEX-ONLY,INCLUDED — indexed issue text; visual comparison pending.,https://article134-tech.github.io/lititzbmx-public-knowledge-register/objects/index.html#OBJ-0444,PKR-CAT-001,Catalogs and product literature
OBJ-0445,1983 IBMXF World Championships Slagharen report,IBMXF; Clint Miller; Greg Hill; international teams,October 1983,Archive collection,1,EPH-0455,,RETAIN — issue-specific occurrence pending visual comparison,HIGH,INDEX-ONLY,INCLUDED — indexed issue text; visual comparison pending.,https://article134-tech.github.io/lititzbmx-public-knowledge-register/objects/index.html#OBJ-0445,PKR-CAT-009,Editorial tests and historical documentation
OBJ-0446,Grease Monkey chain and transmission maintenance guide,BMX Action Bike; Geoff Barraclough; Ian Buckden,October 1983,Product literature,1,EPH-0456,,RETAIN — issue-specific occurrence pending visual comparison,HIGH,INDEX-ONLY,INCLUDED — indexed issue text; visual comparison pending.,https://article134-tech.github.io/lititzbmx-public-knowledge-register/objects/index.html#OBJ-0446,PKR-CAT-001,Catalogs and product literature
OBJ-0447,Patterson Pro frame-and-fork editorial test,Patterson; BMX Action Bike,October 1983,Product-history object,1,EPH-0457,,RETAIN — issue-specific occurrence pending visual comparison,HIGH,INDEX-ONLY,INCLUDED — indexed issue text; visual comparison pending.,https://article134-tech.github.io/lititzbmx-public-knowledge-register/objects/index.html#OBJ-0447,PKR-CAT-009,Editorial tests and historical documentation
OBJ-0448,Clint Miller Making of a World Champion profile,Clint Miller; Kuwahara; Craig Kundig,October 1983,Archive collection,1,EPH-0458,,RETAIN — issue-specific occurrence pending visual comparison,HIGH,INDEX-ONLY,INCLUDED — indexed issue text; visual comparison pending.,https://article134-tech.github.io/lititzbmx-public-knowledge-register/objects/index.html#OBJ-0448,PKR-CAT-009,Editorial tests and historical documentation
OBJ-0449,NBMXA affiliated-club and rulebook noticeboard,NBMXA,October 1983,Archive collection,1,EPH-0459,,RETAIN — issue-specific occurrence pending visual comparison,HIGH,INDEX-ONLY,INCLUDED — indexed issue text; visual comparison pending.,https://article134-tech.github.io/lititzbmx-public-knowledge-register/objects/index.html#OBJ-0449,PKR-CAT-009,Editorial tests and historical documentation
OBJ-0450,UKBMX October membership and insurance application,UKBMX,October 1983,Event registration coupon,1,EPH-0460,,RETAIN — issue-specific occurrence pending visual comparison,HIGH,INDEX-ONLY,INCLUDED — indexed issue text; visual comparison pending.,https://article134-tech.github.io/lititzbmx-public-knowledge-register/objects/index.html#OBJ-0450,PKR-CAT-005,"Events, registration, and membership"
OBJ-0451,ABMX October Sales and Swaps marketplace,BMX Action Bike; UKBMX Publications,October 1983,Dealer advertisement / price-list lead,1,EPH-0461,,REVIEW — recurring campaign/feature candidate; retain separately pending page-image comparison,HIGH,INDEX-ONLY,INCLUDED — indexed issue text; visual comparison pending.,https://article134-tech.github.io/lititzbmx-public-knowledge-register/objects/index.html#OBJ-0451,PKR-CAT-007,Dealers and distributors
OBJ-0452,Diamond Back Viper thrash test,Diamond Back; BMX Action Bike,October 1983,Product-history object,1,EPH-0462,,RETAIN — issue-specific occurrence pending visual comparison,HIGH,INDEX-ONLY,INCLUDED — indexed issue text; visual comparison pending.,https://article134-tech.github.io/lititzbmx-public-knowledge-register/objects/index.html#OBJ-0452,PKR-CAT-009,Editorial tests and historical documentation
OBJ-0453,Neil Stevens freestyle hop-back guide,Neil Stevens; BMX Action Bike,October 1983,Product literature,1,EPH-0463,,RETAIN — issue-specific occurrence pending visual comparison,HIGH,INDEX-ONLY,INCLUDED — indexed issue text; visual comparison pending.,https://article134-tech.github.io/lititzbmx-public-knowledge-register/objects/index.html#OBJ-0453,PKR-CAT-001,Catalogs and product literature
OBJ-0454,Craig Strong Me & My Bike profile,Craig Strong; BMX Action Bike,October 1983,Archive collection,1,EPH-0464,,RETAIN — issue-specific occurrence pending visual comparison,HIGH,INDEX-ONLY,INCLUDED — indexed issue text; visual comparison pending.,https://article134-tech.github.io/lititzbmx-public-knowledge-register/objects/index.html#OBJ-0454,PKR-CAT-009,Editorial tests and historical documentation
OBJ-0455,Pedal Pushers October mail-order price list,Pedal Pushers; Kuwahara; GT; Diamond Back,October 1983,Retailer advertisement / price list,1,EPH-0465,,RETAIN — issue-specific occurrence pending visual comparison,HIGH,INDEX-ONLY,INCLUDED — indexed issue text; visual comparison pending.,https://article134-tech.github.io/lititzbmx-public-knowledge-register/objects/index.html#OBJ-0455,PKR-CAT-002,Advertisements and price lists
OBJ-0456,Stechford Cycles October component price list,Stechford Cycles; Tange; ACS; Yes; CW; Haro,October 1983,Retailer advertisement / price list,1,EPH-0466,,RETAIN — issue-specific occurrence pending visual comparison,HIGH,INDEX-ONLY,INCLUDED — indexed issue text; visual comparison pending.,https://article134-tech.github.io/lititzbmx-public-knowledge-register/objects/index.html#OBJ-0456,PKR-CAT-002,Advertisements and price lists
OBJ-0457,Oakley sliders and legaiters protective-apparel announcement,Oakley,October 1983,Product announcement / kit,1,EPH-0467,,RETAIN — issue-specific occurrence pending visual comparison,HIGH,INDEX-ONLY,INCLUDED — indexed issue text; visual comparison pending.,https://article134-tech.github.io/lititzbmx-public-knowledge-register/objects/index.html#OBJ-0457,PKR-CAT-008,Product announcements and technical material
OBJ-0458,"Faze 7 October wheel, component, and complete-bike price list",Faze 7; Skyway; ACS; Redline; Shimano,October 1983,Retailer advertisement / price list,1,EPH-0468,,RETAIN — issue-specific occurrence pending visual comparison,HIGH,INDEX-ONLY,INCLUDED — indexed issue text; visual comparison pending.,https://article134-tech.github.io/lititzbmx-public-knowledge-register/objects/index.html#OBJ-0458,PKR-CAT-002,Advertisements and price lists
OBJ-0459,Firebird Delta II October engineering campaign,DP Racing; Firebird; Reynolds,October 1983,Product literature,1,EPH-0469,,RETAIN — issue-specific occurrence pending visual comparison,HIGH,INDEX-ONLY,INCLUDED — indexed issue text; visual comparison pending.,https://article134-tech.github.io/lititzbmx-public-knowledge-register/objects/index.html#OBJ-0459,PKR-CAT-001,Catalogs and product literature
OBJ-0460,Supertune BMX October mail-order catalogue,Supertune BMX Racing; GT; Diamond Back; Shimano; Oakley,October 1983,Retailer advertisement / price list,1,EPH-0470,,RETAIN — issue-specific occurrence pending visual comparison,HIGH,INDEX-ONLY,INCLUDED — indexed issue text; visual comparison pending.,https://article134-tech.github.io/lititzbmx-public-knowledge-register/objects/index.html#OBJ-0460,PKR-CAT-002,Advertisements and price lists
OBJ-0461,CW winning-racer handlebar campaign,CW; Hotwheels,October 1983,Product literature,1,EPH-0471,,RETAIN — issue-specific occurrence pending visual comparison,HIGH,INDEX-ONLY,INCLUDED — indexed issue text; visual comparison pending.,https://article134-tech.github.io/lititzbmx-public-knowledge-register/objects/index.html#OBJ-0461,PKR-CAT-001,Catalogs and product literature
OBJ-0462,Haro Tech numberplate brochure offer,Haro Designs; Shiner; Gecko,October 1983,Information-pack mailer,1,EPH-0472,,RETAIN — issue-specific occurrence pending visual comparison,HIGH,INDEX-ONLY,INCLUDED — indexed issue text; visual comparison pending.,https://article134-tech.github.io/lititzbmx-public-knowledge-register/objects/index.html#OBJ-0462,PKR-CAT-003,"Mailers, stickers, and information packs"
OBJ-0463,Schofield Cycles frameset price list,Schofield Cycles; Skyway; Robinson; PK Ripper,October 1983,Retailer advertisement / price list,1,EPH-0473,,RETAIN — issue-specific occurrence pending visual comparison,HIGH,INDEX-ONLY,INCLUDED — indexed issue text; visual comparison pending.,https://article134-tech.github.io/lititzbmx-public-knowledge-register/objects/index.html#OBJ-0463,PKR-CAT-002,Advertisements and price lists
OBJ-0464,KD Racing October brand-stock and indoor-track advertisement,KD Racing; Diamond Back; Mongoose; Kuwahara,October 1983,Dealer/shop advertisement,1,EPH-0474,,RETAIN — issue-specific occurrence pending visual comparison,HIGH,INDEX-ONLY,INCLUDED — indexed issue text; visual comparison pending.,https://article134-tech.github.io/lititzbmx-public-knowledge-register/objects/index.html#OBJ-0464,PKR-CAT-007,Dealers and distributors
OBJ-0465,Just BMX October special-offer price list,Just BMX; Skyway; Diamond Back; Takagi,October 1983,Retailer advertisement / price list,1,EPH-0475,,REVIEW — recurring campaign/feature candidate; retain separately pending page-image comparison,HIGH,INDEX-ONLY,INCLUDED — indexed issue text; visual comparison pending.,https://article134-tech.github.io/lititzbmx-public-knowledge-register/objects/index.html#OBJ-0465,PKR-CAT-002,Advertisements and price lists
OBJ-0466,Retro British component line advertisement,Retro Products,October 1983,Product announcement / kit,1,EPH-0476,,RETAIN — issue-specific occurrence pending visual comparison,HIGH,INDEX-ONLY,INCLUDED — indexed issue text; visual comparison pending.,https://article134-tech.github.io/lititzbmx-public-knowledge-register/objects/index.html#OBJ-0466,PKR-CAT-008,Product announcements and technical material
OBJ-0467,Avon and national BMX dealer directory,UK BMX dealers,October 1983,Manufacturer/distributor catalog page,1,EPH-0477,,RETAIN — issue-specific occurrence pending visual comparison,HIGH,INDEX-ONLY,INCLUDED — indexed issue text; visual comparison pending.,https://article134-tech.github.io/lititzbmx-public-knowledge-register/objects/index.html#OBJ-0467,PKR-CAT-001,Catalogs and product literature
OBJ-0468,Marlboro Zapper force bicycle campaign,Marlboro; Zapper,October 1983,Magazine advertisement,1,EPH-0478,,RETAIN — issue-specific occurrence pending visual comparison,HIGH,INDEX-ONLY,INCLUDED — indexed issue text; visual comparison pending.,https://article134-tech.github.io/lititzbmx-public-knowledge-register/objects/index.html#OBJ-0468,PKR-CAT-002,Advertisements and price lists
OBJ-0469,IBMXF 1984 World Championship rule-change notice,IBMXF,October 1983,Archive collection,1,EPH-0479,,RETAIN — issue-specific occurrence pending visual comparison,HIGH,INDEX-ONLY,INCLUDED — indexed issue text; visual comparison pending.,https://article134-tech.github.io/lititzbmx-public-knowledge-register/objects/index.html#OBJ-0469,PKR-CAT-009,Editorial tests and historical documentation
OBJ-0470,1983 Worlds Best of British results,IBMXF; British riders,October 1983,Archive collection,1,EPH-0480,,RETAIN — issue-specific occurrence pending visual comparison,HIGH,INDEX-ONLY,INCLUDED — indexed issue text; visual comparison pending.,https://article134-tech.github.io/lititzbmx-public-knowledge-register/objects/index.html#OBJ-0470,PKR-CAT-009,Editorial tests and historical documentation
OBJ-0471,Leechi BMX brake-component advertisement,Leechi; Landar Components,October 1983,Product literature,1,EPH-0481,,RETAIN — issue-specific occurrence pending visual comparison,HIGH,INDEX-ONLY,INCLUDED — indexed issue text; visual comparison pending.,https://article134-tech.github.io/lititzbmx-public-knowledge-register/objects/index.html#OBJ-0471,PKR-CAT-001,Catalogs and product literature
OBJ-0472,Halfords October BMX accessories campaign,Halfords; Kashimax; Trax Pro; Dia-Compe,October 1983,Retailer advertisement / price list,1,EPH-0482,,RETAIN — issue-specific occurrence pending visual comparison,HIGH,INDEX-ONLY,INCLUDED — indexed issue text; visual comparison pending.,https://article134-tech.github.io/lititzbmx-public-knowledge-register/objects/index.html#OBJ-0472,PKR-CAT-002,Advertisements and price lists
OBJ-0473,Edwardes BMX Centre October new-product list,Edwardes BMX Centre; Mongoose; JAG; Suzue,October 1983,Retailer advertisement / price list,1,EPH-0483,,RETAIN — issue-specific occurrence pending visual comparison,HIGH,INDEX-ONLY,INCLUDED — indexed issue text; visual comparison pending.,https://article134-tech.github.io/lititzbmx-public-knowledge-register/objects/index.html#OBJ-0473,PKR-CAT-002,Advertisements and price lists
OBJ-0474,MT Racing Fox Factor bicycle campaign,MT Racing; SmartFox; SilverFox; SuperFox,October 1983,Magazine advertisement,1,EPH-0484,,RETAIN — issue-specific occurrence pending visual comparison,HIGH,INDEX-ONLY,INCLUDED — indexed issue text; visual comparison pending.,https://article134-tech.github.io/lititzbmx-public-knowledge-register/objects/index.html#OBJ-0474,PKR-CAT-002,Advertisements and price lists
OBJ-0475,Ian Johnson Bikesport Belfast BMX advertisement,Ian Johnson Bikesport; Diamond Back,October 1983,Dealer/shop advertisement,1,EPH-0485,,RETAIN — issue-specific occurrence pending visual comparison,HIGH,INDEX-ONLY,INCLUDED — indexed issue text; visual comparison pending.,https://article134-tech.github.io/lititzbmx-public-knowledge-register/objects/index.html#OBJ-0475,PKR-CAT-007,Dealers and distributors
OBJ-0476,Purley Cycle Sport brand-stock advertisement,Purley Cycle Sport,October 1983,Dealer/shop advertisement,1,EPH-0486,,RETAIN — issue-specific occurrence pending visual comparison,HIGH,INDEX-ONLY,INCLUDED — indexed issue text; visual comparison pending.,https://article134-tech.github.io/lititzbmx-public-knowledge-register/objects/index.html#OBJ-0476,PKR-CAT-007,Dealers and distributors
OBJ-0477,Pedal Power York flight-crank offer,Pedal Power York; Sugino,October 1983,Retailer advertisement / price list,1,EPH-0487,,RETAIN — issue-specific occurrence pending visual comparison,HIGH,INDEX-ONLY,INCLUDED — indexed issue text; visual comparison pending.,https://article134-tech.github.io/lititzbmx-public-knowledge-register/objects/index.html#OBJ-0477,PKR-CAT-002,Advertisements and price lists
OBJ-0478,Bishop’s Burner Club and BMX dealer promotion,S. M. Bishop,October 1983,Dealer/shop advertisement,1,EPH-0488,,RETAIN — issue-specific occurrence pending visual comparison,HIGH,INDEX-ONLY,INCLUDED — indexed issue text; visual comparison pending.,https://article134-tech.github.io/lititzbmx-public-knowledge-register/objects/index.html#OBJ-0478,PKR-CAT-007,Dealers and distributors
OBJ-0479,Fosters BMX Centre October Raleigh offer,Fosters BMX Centre; Raleigh,October 1983,Retailer advertisement / price list,1,EPH-0489,,RETAIN — issue-specific occurrence pending visual comparison,HIGH,INDEX-ONLY,INCLUDED — indexed issue text; visual comparison pending.,https://article134-tech.github.io/lititzbmx-public-knowledge-register/objects/index.html#OBJ-0479,PKR-CAT-002,Advertisements and price lists
OBJ-0480,BMX Cheltenham stock and credit advertisement,BMX Cheltenham,October 1983,Dealer/shop advertisement,1,EPH-0490,,RETAIN — issue-specific occurrence pending visual comparison,HIGH,INDEX-ONLY,INCLUDED — indexed issue text; visual comparison pending.,https://article134-tech.github.io/lititzbmx-public-knowledge-register/objects/index.html#OBJ-0480,PKR-CAT-007,Dealers and distributors
OBJ-0481,Radcity race-frame and wheel service advertisement,Radcity; Skyway; Redline,October 1983,Dealer/shop advertisement,1,EPH-0491,,RETAIN — issue-specific occurrence pending visual comparison,HIGH,INDEX-ONLY,INCLUDED — indexed issue text; visual comparison pending.,https://article134-tech.github.io/lititzbmx-public-knowledge-register/objects/index.html#OBJ-0481,PKR-CAT-007,Dealers and distributors
OBJ-0482,Yeovil BMX Shop free mail-order list,Yeovil BMX Shop,October 1983,Catalog mailer,1,EPH-0492,,RETAIN — issue-specific occurrence pending visual comparison,HIGH,INDEX-ONLY,INCLUDED — indexed issue text; visual comparison pending.,https://article134-tech.github.io/lititzbmx-public-knowledge-register/objects/index.html#OBJ-0482,PKR-CAT-003,"Mailers, stickers, and information packs"
OBJ-0483,BMX Centre Mousehole October stock advertisement,BMX Centre Mousehole,October 1983,Dealer/shop advertisement,1,EPH-0493,,RETAIN — issue-specific occurrence pending visual comparison,HIGH,INDEX-ONLY,INCLUDED — indexed issue text; visual comparison pending.,https://article134-tech.github.io/lititzbmx-public-knowledge-register/objects/index.html#OBJ-0483,PKR-CAT-007,Dealers and distributors
OBJ-0484,Pedalers custom-build and part-exchange advertisement,Pedalers,October 1983,Dealer/shop advertisement,1,EPH-0494,,RETAIN — issue-specific occurrence pending visual comparison,HIGH,INDEX-ONLY,INCLUDED — indexed issue text; visual comparison pending.,https://article134-tech.github.io/lititzbmx-public-knowledge-register/objects/index.html#OBJ-0484,PKR-CAT-007,Dealers and distributors
OBJ-0485,Doug Cycles October complete-bike advertisement,Doug Cycles; Huffy; Firebird; Redline,October 1983,Retailer advertisement / price list,1,EPH-0495,,RETAIN — issue-specific occurrence pending visual comparison,HIGH,INDEX-ONLY,INCLUDED — indexed issue text; visual comparison pending.,https://article134-tech.github.io/lititzbmx-public-knowledge-register/objects/index.html#OBJ-0485,PKR-CAT-002,Advertisements and price lists
OBJ-0486,Cranks Cycle Centre West London advertisement,Cranks Cycle Centre,October 1983,Dealer/shop advertisement,1,EPH-0496,,RETAIN — issue-specific occurrence pending visual comparison,HIGH,INDEX-ONLY,INCLUDED — indexed issue text; visual comparison pending.,https://article134-tech.github.io/lititzbmx-public-knowledge-register/objects/index.html#OBJ-0486,PKR-CAT-007,Dealers and distributors
OBJ-0487,Queensmead and Surrey Cycles Skyway promotion,Queensmead Cycles; Surrey Cycles; Skyway,October 1983,Retailer advertisement / price list,1,EPH-0497,,RETAIN — issue-specific occurrence pending visual comparison,HIGH,INDEX-ONLY,INCLUDED — indexed issue text; visual comparison pending.,https://article134-tech.github.io/lititzbmx-public-knowledge-register/objects/index.html#OBJ-0487,PKR-CAT-002,Advertisements and price lists
OBJ-0488,Allen’s Barnsley October component price list,Allen’s Barnsley,October 1983,Retailer advertisement / price list,1,EPH-0498,,RETAIN — issue-specific occurrence pending visual comparison,HIGH,INDEX-ONLY,INCLUDED — indexed issue text; visual comparison pending.,https://article134-tech.github.io/lititzbmx-public-knowledge-register/objects/index.html#OBJ-0488,PKR-CAT-002,Advertisements and price lists
OBJ-0489,Raleigh Raceline weekend event-information service,Raleigh; BMX Action Bike,October 1983,Event notice / contact flyer,1,EPH-0499,,RETAIN — issue-specific occurrence pending visual comparison,HIGH,INDEX-ONLY,INCLUDED — indexed issue text; visual comparison pending.,https://article134-tech.github.io/lititzbmx-public-knowledge-register/objects/index.html#OBJ-0489,PKR-CAT-005,"Events, registration, and membership"
OBJ-0490,BMX Action Bike October ten-issue subscription offer,BMX Action Bike; UKBMX Publications,October 1983,Catalog mailer,1,EPH-0500,,REVIEW — recurring campaign/feature candidate; retain separately pending page-image comparison,HIGH,INDEX-ONLY,INCLUDED — indexed issue text; visual comparison pending.,https://article134-tech.github.io/lititzbmx-public-knowledge-register/objects/index.html#OBJ-0490,PKR-CAT-003,"Mailers, stickers, and information packs"
OBJ-0491,ACS Z-Rims November no-quibble guarantee campaign,ACS; Gecko Leisure Products,November 1983,Product literature,1,EPH-0501,,REVIEW — recurring campaign/feature candidate; retain separately pending page-image comparison,HIGH,INDEX-ONLY,INCLUDED — indexed issue text; visual comparison pending.,https://article134-tech.github.io/lititzbmx-public-knowledge-register/objects/index.html#OBJ-0491,PKR-CAT-001,Catalogs and product literature
OBJ-0492,ABMX November industry-news and sponsorship roundup,BMX Action Bike; Mirage; Skyway; GT; BMX promoters,November 1983,Archive collection,1,EPH-0502,,RETAIN — issue-specific occurrence pending visual comparison,HIGH,INDEX-ONLY,INCLUDED — indexed issue text; visual comparison pending.,https://article134-tech.github.io/lititzbmx-public-knowledge-register/objects/index.html#OBJ-0492,PKR-CAT-009,Editorial tests and historical documentation
OBJ-0493,Get On Down bicycle-dance album competition,BMX Action Bike; Matt Bianco,November 1983,Contest entry form / promotion,1,EPH-0503,,RETAIN — issue-specific occurrence pending visual comparison,HIGH,INDEX-ONLY,INCLUDED — indexed issue text; visual comparison pending.,https://article134-tech.github.io/lititzbmx-public-knowledge-register/objects/index.html#OBJ-0493,PKR-CAT-004,Contests and promotions
OBJ-0494,Craig Campbell Dark Side of the Bowl profile,Craig Campbell; Haro; BMX Action Bike,November 1983,Archive collection,1,EPH-0504,,RETAIN — issue-specific occurrence pending visual comparison,HIGH,INDEX-ONLY,INCLUDED — indexed issue text; visual comparison pending.,https://article134-tech.github.io/lititzbmx-public-knowledge-register/objects/index.html#OBJ-0494,PKR-CAT-009,Editorial tests and historical documentation
OBJ-0495,November 1983 BMX race calendar,BMX Action Bike; UKBMX; NBMXA; regional organizers,November 1983,Event notice / contact flyer,1,EPH-0505,,RETAIN — issue-specific occurrence pending visual comparison,HIGH,INDEX-ONLY,INCLUDED — indexed issue text; visual comparison pending.,https://article134-tech.github.io/lititzbmx-public-knowledge-register/objects/index.html#OBJ-0495,PKR-CAT-005,"Events, registration, and membership"
OBJ-0496,Halfords Ahead national-champions advertisement,Halfords; Tim Print; Darren Stock; Ian Harrison,November 1983,Team advertisement,1,EPH-0506,,RETAIN — issue-specific occurrence pending visual comparison,HIGH,INDEX-ONLY,INCLUDED — indexed issue text; visual comparison pending.,https://article134-tech.github.io/lititzbmx-public-knowledge-register/objects/index.html#OBJ-0496,PKR-CAT-006,"Teams, riders, and brand campaigns"
OBJ-0497,November BMX sticker and rub-on mail-order sheet,Period BMX sticker retailer; Scott; Haro; Mongoose; Aero; Oakley,November 1983,Information-pack mailer,1,EPH-0507,,REVIEW — recurring campaign/feature candidate; retain separately pending page-image comparison,HIGH,INDEX-ONLY,INCLUDED — indexed issue text; visual comparison pending.,https://article134-tech.github.io/lititzbmx-public-knowledge-register/objects/index.html#OBJ-0497,PKR-CAT-003,"Mailers, stickers, and information packs"
OBJ-0498,Surrey BMX November complete-bike and frameset price list,Surrey BMX; Kuwahara; Torker; Redline; Diamond Back; GT,November 1983,Retailer advertisement / price list,1,EPH-0508,,REVIEW — recurring campaign/feature candidate; retain separately pending page-image comparison,HIGH,INDEX-ONLY,INCLUDED — indexed issue text; visual comparison pending.,https://article134-tech.github.io/lititzbmx-public-knowledge-register/objects/index.html#OBJ-0498,PKR-CAT-002,Advertisements and price lists
OBJ-0499,Torker 280X complete-bike editorial test,Torker; BMX Action Bike,November 1983,Product-history object,1,EPH-0509,,RETAIN — issue-specific occurrence pending visual comparison,HIGH,INDEX-ONLY,INCLUDED — indexed issue text; visual comparison pending.,https://article134-tech.github.io/lititzbmx-public-knowledge-register/objects/index.html#OBJ-0499,PKR-CAT-009,Editorial tests and historical documentation
OBJ-0500,Shimano DX platform-pedal technical campaign,Shimano; Middlemores,November 1983,Product literature,1,EPH-0510,,REVIEW — recurring campaign/feature candidate; retain separately pending page-image comparison,HIGH,INDEX-ONLY,INCLUDED — indexed issue text; visual comparison pending.,https://article134-tech.github.io/lititzbmx-public-knowledge-register/objects/index.html#OBJ-0500,PKR-CAT-001,Catalogs and product literature
OBJ-0501,Second Annual Readers Poll Dragon-frame giveaway,BMX Action Bike; Dragon,November 1983,Contest entry form / promotion,1,EPH-0511,,RETAIN — issue-specific occurrence pending visual comparison,HIGH,INDEX-ONLY,INCLUDED — indexed issue text; visual comparison pending.,https://article134-tech.github.io/lititzbmx-public-knowledge-register/objects/index.html#OBJ-0501,PKR-CAT-004,Contests and promotions
OBJ-0502,Top Plates 1983 champion-rider profiles,BMX Action Bike; UKBMX; NBMXA; leading 1983 riders,November 1983,Archive collection,1,EPH-0512,,RETAIN — issue-specific occurrence pending visual comparison,HIGH,INDEX-ONLY,INCLUDED — indexed issue text; visual comparison pending.,https://article134-tech.github.io/lititzbmx-public-knowledge-register/objects/index.html#OBJ-0502,PKR-CAT-009,Editorial tests and historical documentation
OBJ-0503,Official 1983 UKBMX rider charts,UKBMX,November 1983,Archive collection,1,EPH-0513,,RETAIN — issue-specific occurrence pending visual comparison,HIGH,INDEX-ONLY,INCLUDED — indexed issue text; visual comparison pending.,https://article134-tech.github.io/lititzbmx-public-knowledge-register/objects/index.html#OBJ-0503,PKR-CAT-009,Editorial tests and historical documentation
OBJ-0504,Official 1983 NBMXA rider charts,NBMXA,November 1983,Archive collection,1,EPH-0514,,RETAIN — issue-specific occurrence pending visual comparison,HIGH,INDEX-ONLY,INCLUDED — indexed issue text; visual comparison pending.,https://article134-tech.github.io/lititzbmx-public-knowledge-register/objects/index.html#OBJ-0504,PKR-CAT-009,Editorial tests and historical documentation
OBJ-0505,Official 1983 Scottish BMX rider charts,Scottish BMX organizations,November 1983,Archive collection,1,EPH-0515,,RETAIN — issue-specific occurrence pending visual comparison,HIGH,INDEX-ONLY,INCLUDED — indexed issue text; visual comparison pending.,https://article134-tech.github.io/lititzbmx-public-knowledge-register/objects/index.html#OBJ-0505,PKR-CAT-009,Editorial tests and historical documentation
OBJ-0506,Official 1983 Cornish BMX rider charts,Cornish BMX organizations,November 1983,Archive collection,1,EPH-0516,,RETAIN — issue-specific occurrence pending visual comparison,HIGH,INDEX-ONLY,INCLUDED — indexed issue text; visual comparison pending.,https://article134-tech.github.io/lititzbmx-public-knowledge-register/objects/index.html#OBJ-0506,PKR-CAT-009,Editorial tests and historical documentation
OBJ-0507,BMX Action softwear supplement advertisement,BMX Action Bike; Chorley/Birmingham apparel importer,November 1983,Magazine advertisement,1,EPH-0517,,REVIEW — recurring campaign/feature candidate; retain separately pending page-image comparison,HIGH,INDEX-ONLY,INCLUDED — indexed issue text; visual comparison pending.,https://article134-tech.github.io/lititzbmx-public-knowledge-register/objects/index.html#OBJ-0507,PKR-CAT-002,Advertisements and price lists
OBJ-0508,Hot Wheels BMX Imports Christmas-order advertisement,Hot Wheels BMX Imports; JAG; Aero,November 1983,Dealer/shop advertisement,1,EPH-0518,,RETAIN — issue-specific occurrence pending visual comparison,HIGH,INDEX-ONLY,INCLUDED — indexed issue text; visual comparison pending.,https://article134-tech.github.io/lititzbmx-public-knowledge-register/objects/index.html#OBJ-0508,PKR-CAT-007,Dealers and distributors
OBJ-0509,Holdsworth BMX Centres November price advertisement,Holdsworth BMX Centres; Skyway; GT; Redline; Kuwahara,November 1983,Retailer advertisement / price list,1,EPH-0519,,RETAIN — issue-specific occurrence pending visual comparison,HIGH,INDEX-ONLY,INCLUDED — indexed issue text; visual comparison pending.,https://article134-tech.github.io/lititzbmx-public-knowledge-register/objects/index.html#OBJ-0509,PKR-CAT-002,Advertisements and price lists
OBJ-0510,G-Wheels Dipper GS complete-bike advertisement,G-Wheels; Reynolds; Shimano,November 1983,Retailer advertisement / price list,1,EPH-0520,,RETAIN — issue-specific occurrence pending visual comparison,HIGH,INDEX-ONLY,INCLUDED — indexed issue text; visual comparison pending.,https://article134-tech.github.io/lititzbmx-public-knowledge-register/objects/index.html#OBJ-0510,PKR-CAT-002,Advertisements and price lists
OBJ-0511,ABMX November extended Sales and Swaps marketplace,BMX Action Bike; UKBMX Publications,November 1983,Dealer advertisement / price-list lead,1,EPH-0521,,REVIEW — recurring campaign/feature candidate; retain separately pending page-image comparison,HIGH,INDEX-ONLY,INCLUDED — indexed issue text; visual comparison pending.,https://article134-tech.github.io/lititzbmx-public-knowledge-register/objects/index.html#OBJ-0511,PKR-CAT-007,Dealers and distributors
OBJ-0512,Best of 1983 Readers Poll voting form,BMX Action Bike,November 1983,Contest entry form / promotion,1,EPH-0522,,RETAIN — issue-specific occurrence pending visual comparison,HIGH,INDEX-ONLY,INCLUDED — indexed issue text; visual comparison pending.,https://article134-tech.github.io/lititzbmx-public-knowledge-register/objects/index.html#OBJ-0512,PKR-CAT-004,Contests and promotions
OBJ-0513,Earls Court 1983 indoor-racing report,Ammaco; Mongoose; Earls Court; BMX Action Bike,November 1983,Archive collection,1,EPH-0523,,RETAIN — issue-specific occurrence pending visual comparison,HIGH,INDEX-ONLY,INCLUDED — indexed issue text; visual comparison pending.,https://article134-tech.github.io/lititzbmx-public-knowledge-register/objects/index.html#OBJ-0513,PKR-CAT-009,Editorial tests and historical documentation
OBJ-0514,Grease Monkey BMX crank maintenance guide,BMX Action Bike,November 1983,Product literature,1,EPH-0524,,RETAIN — issue-specific occurrence pending visual comparison,HIGH,INDEX-ONLY,INCLUDED — indexed issue text; visual comparison pending.,https://article134-tech.github.io/lititzbmx-public-knowledge-register/objects/index.html#OBJ-0514,PKR-CAT-001,Catalogs and product literature
OBJ-0515,Peugeot Duralinox glued-frame editorial test,Peugeot; Vitus; BMX Action Bike,November 1983,Product-history object,1,EPH-0525,,RETAIN — issue-specific occurrence pending visual comparison,HIGH,INDEX-ONLY,INCLUDED — indexed issue text; visual comparison pending.,https://article134-tech.github.io/lititzbmx-public-knowledge-register/objects/index.html#OBJ-0515,PKR-CAT-009,Editorial tests and historical documentation
OBJ-0516,November full-service mail-order BMX catalogue,UK BMX mail-order retailer; GT; Diamond Back; Robinson; Patterson; Torker,November 1983,Retailer advertisement / price list,1,EPH-0526,,REVIEW — recurring campaign/feature candidate; retain separately pending page-image comparison,HIGH,INDEX-ONLY,INCLUDED — indexed issue text; visual comparison pending.,https://article134-tech.github.io/lititzbmx-public-knowledge-register/objects/index.html#OBJ-0516,PKR-CAT-002,Advertisements and price lists
OBJ-0517,Best of British Championship report,New British BMX association; Derby; BMX Action Bike,November 1983,Archive collection,1,EPH-0527,,RETAIN — issue-specific occurrence pending visual comparison,HIGH,INDEX-ONLY,INCLUDED — indexed issue text; visual comparison pending.,https://article134-tech.github.io/lititzbmx-public-knowledge-register/objects/index.html#OBJ-0517,PKR-CAT-009,Editorial tests and historical documentation
OBJ-0518,November Trick Stuff Greg Hill shirt and Hutch stem,Greg Hill Products; Aero; Hutch,November 1983,Product announcement / kit,1,EPH-0528,,RETAIN — issue-specific occurrence pending visual comparison,HIGH,INDEX-ONLY,INCLUDED — indexed issue text; visual comparison pending.,https://article134-tech.github.io/lititzbmx-public-knowledge-register/objects/index.html#OBJ-0518,PKR-CAT-008,Product announcements and technical material
OBJ-0519,Scott Williams Me & My Bike profile,Scott Williams; GT; BMX Action Bike,November 1983,Archive collection,1,EPH-0529,,RETAIN — issue-specific occurrence pending visual comparison,HIGH,INDEX-ONLY,INCLUDED — indexed issue text; visual comparison pending.,https://article134-tech.github.io/lititzbmx-public-knowledge-register/objects/index.html#OBJ-0519,PKR-CAT-009,Editorial tests and historical documentation
OBJ-0520,BMX Action Bike Book Christmas promotion,BMX Action Bike; W. H. Smith; Halfords,November 1983,Product literature,1,EPH-0530,,RETAIN — issue-specific occurrence pending visual comparison,HIGH,INDEX-ONLY,INCLUDED — indexed issue text; visual comparison pending.,https://article134-tech.github.io/lititzbmx-public-knowledge-register/objects/index.html#OBJ-0520,PKR-CAT-001,Catalogs and product literature
OBJ-0521,BMX Action Bike patches mailer,BMX Action Bike,November 1983,Information-pack mailer,1,EPH-0531,,REVIEW — recurring campaign/feature candidate; retain separately pending page-image comparison,HIGH,INDEX-ONLY,INCLUDED — indexed issue text; visual comparison pending.,https://article134-tech.github.io/lititzbmx-public-knowledge-register/objects/index.html#OBJ-0521,PKR-CAT-003,"Mailers, stickers, and information packs"
OBJ-0522,Stechford Cycles November Christmas-order price list,Stechford Cycles; Mongoose; Raleigh; Diamond Back; Kuwahara,November 1983,Retailer advertisement / price list,1,EPH-0532,,RETAIN — issue-specific occurrence pending visual comparison,HIGH,INDEX-ONLY,INCLUDED — indexed issue text; visual comparison pending.,https://article134-tech.github.io/lititzbmx-public-knowledge-register/objects/index.html#OBJ-0522,PKR-CAT-002,Advertisements and price lists
OBJ-0523,"Schofield Cycles November frames, wheels, and racewear prices",Schofield Cycles; Skyway; Araya; ACS; Puch; Haro,November 1983,Retailer advertisement / price list,1,EPH-0533,,RETAIN — issue-specific occurrence pending visual comparison,HIGH,INDEX-ONLY,INCLUDED — indexed issue text; visual comparison pending.,https://article134-tech.github.io/lititzbmx-public-knowledge-register/objects/index.html#OBJ-0523,PKR-CAT-002,Advertisements and price lists
OBJ-0524,Puch Challenger Pro complete-bike advertisement,Puch,November 1983,Magazine advertisement,1,EPH-0534,,RETAIN — issue-specific occurrence pending visual comparison,HIGH,INDEX-ONLY,INCLUDED — indexed issue text; visual comparison pending.,https://article134-tech.github.io/lititzbmx-public-knowledge-register/objects/index.html#OBJ-0524,PKR-CAT-002,Advertisements and price lists
OBJ-0525,November national BMX dealer directory,United Kingdom BMX dealer network,November 1983,Manufacturer/distributor catalog page,1,EPH-0535,,RETAIN — issue-specific occurrence pending visual comparison,HIGH,INDEX-ONLY,INCLUDED — indexed issue text; visual comparison pending.,https://article134-tech.github.io/lititzbmx-public-knowledge-register/objects/index.html#OBJ-0525,PKR-CAT-001,Catalogs and product literature
OBJ-0526,Halfords November BMX accessories campaign,Halfords; Kashimax; Trax Pro; Dia-Compe; Landar,November 1983,Retailer advertisement / price list,1,EPH-0536,,REVIEW — recurring campaign/feature candidate; retain separately pending page-image comparison,HIGH,INDEX-ONLY,INCLUDED — indexed issue text; visual comparison pending.,https://article134-tech.github.io/lititzbmx-public-knowledge-register/objects/index.html#OBJ-0526,PKR-CAT-002,Advertisements and price lists
OBJ-0527,Edwardes BMX Centre November product and price list,Edwardes BMX Centre; GT; Mongoose; Diamond Back; Firebird; CW,November 1983,Retailer advertisement / price list,1,EPH-0537,,RETAIN — issue-specific occurrence pending visual comparison,HIGH,INDEX-ONLY,INCLUDED — indexed issue text; visual comparison pending.,https://article134-tech.github.io/lititzbmx-public-knowledge-register/objects/index.html#OBJ-0527,PKR-CAT-002,Advertisements and price lists
OBJ-0528,Derby winter open-meeting series notice,Derby BMX Club,November 1983,Event notice / contact flyer,1,EPH-0538,,RETAIN — issue-specific occurrence pending visual comparison,HIGH,INDEX-ONLY,INCLUDED — indexed issue text; visual comparison pending.,https://article134-tech.github.io/lititzbmx-public-knowledge-register/objects/index.html#OBJ-0528,PKR-CAT-005,"Events, registration, and membership"
OBJ-0529,Maruishi strong-and-styled bicycle campaign,Maruishi,November 1983,Magazine advertisement,1,EPH-0539,,RETAIN — issue-specific occurrence pending visual comparison,HIGH,INDEX-ONLY,INCLUDED — indexed issue text; visual comparison pending.,https://article134-tech.github.io/lititzbmx-public-knowledge-register/objects/index.html#OBJ-0529,PKR-CAT-002,Advertisements and price lists
OBJ-0530,Mirage number-plate first sponsored-rider announcement,Mirage; Scott Williams; Mark White; Anthony Butt,November 1983,Factory-team history,1,EPH-0540,,RETAIN — issue-specific occurrence pending visual comparison,HIGH,INDEX-ONLY,INCLUDED — indexed issue text; visual comparison pending.,https://article134-tech.github.io/lititzbmx-public-knowledge-register/objects/index.html#OBJ-0530,PKR-CAT-006,"Teams, riders, and brand campaigns"
OBJ-0531,ACS Z Rims breakage-guarantee campaign,ACS; American Cycle Systems,December 1983 / January 1984,Magazine advertisement,1,EPH-0541,,REVIEW — recurring campaign/feature candidate; retain separately pending page-image comparison,HIGH,INDEX-ONLY,INCLUDED — indexed issue text; visual comparison pending.,https://article134-tech.github.io/lititzbmx-public-knowledge-register/objects/index.html#OBJ-0531,PKR-CAT-002,Advertisements and price lists
OBJ-0532,Pedalers Christmas stock and build-to-order advertisement,Pedalers,December 1983 / January 1984,Dealer/shop advertisement,1,EPH-0542,,RETAIN — issue-specific occurrence pending visual comparison,HIGH,INDEX-ONLY,INCLUDED — indexed issue text; visual comparison pending.,https://article134-tech.github.io/lititzbmx-public-knowledge-register/objects/index.html#OBJ-0532,PKR-CAT-007,Dealers and distributors
OBJ-0533,Andy Ruffell media appearances and 1984 support update,Andy Ruffell; Mongoose,December 1983 / January 1984,Factory-team history,1,EPH-0543,,RETAIN — issue-specific occurrence pending visual comparison,HIGH,INDEX-ONLY,INCLUDED — indexed issue text; visual comparison pending.,https://article134-tech.github.io/lititzbmx-public-knowledge-register/objects/index.html#OBJ-0533,PKR-CAT-006,"Teams, riders, and brand campaigns"
OBJ-0534,End-of-season US BMX team changes roundup,Skyway; Mongoose; Eric Rupe; Tommy Brackens; Torker; Timmy Judge; Haro; Redline; Diamond Back,December 1983 / January 1984,Factory-team history,1,EPH-0544,,RETAIN — issue-specific occurrence pending visual comparison,HIGH,INDEX-ONLY,INCLUDED — indexed issue text; visual comparison pending.,https://article134-tech.github.io/lititzbmx-public-knowledge-register/objects/index.html#OBJ-0534,PKR-CAT-006,"Teams, riders, and brand campaigns"
OBJ-0535,United Kingdom BMX track-development roundup,Harrogate; Petersfield; Plymouth; Wimborne; Edinburgh; Galashiels; Aberdeen; Glenrothes; Dudley; Henley; Isle of Wight,December 1983 / January 1984,Product-history object,1,EPH-0545,,RETAIN — issue-specific occurrence pending visual comparison,HIGH,INDEX-ONLY,INCLUDED — indexed issue text; visual comparison pending.,https://article134-tech.github.io/lititzbmx-public-knowledge-register/objects/index.html#OBJ-0535,PKR-CAT-009,Editorial tests and historical documentation
OBJ-0536,Kuwahara Survivor 2.5 world-champions campaign,Kuwahara; Clint Miller; Gary Ellis,December 1983 / January 1984,Team/product advertisement,1,EPH-0546,,REVIEW — recurring campaign/feature candidate; retain separately pending page-image comparison,HIGH,INDEX-ONLY,INCLUDED — indexed issue text; visual comparison pending.,https://article134-tech.github.io/lititzbmx-public-knowledge-register/objects/index.html#OBJ-0536,PKR-CAT-006,"Teams, riders, and brand campaigns"
OBJ-0537,Kuwahara year-long crossword prize promotion,Kuwahara,December 1983 / January 1984,Contest entry form / promotion,1,EPH-0547,,REVIEW — recurring campaign/feature candidate; retain separately pending page-image comparison,HIGH,INDEX-ONLY,INCLUDED — indexed issue text; visual comparison pending.,https://article134-tech.github.io/lititzbmx-public-knowledge-register/objects/index.html#OBJ-0537,PKR-CAT-004,Contests and promotions
OBJ-0538,Vans Everett Rosecrans rider advertisement,Vans; Everett Rosecrans,December 1983 / January 1984,Team advertisement,1,EPH-0548,,RETAIN — issue-specific occurrence pending visual comparison,HIGH,INDEX-ONLY,INCLUDED — indexed issue text; visual comparison pending.,https://article134-tech.github.io/lititzbmx-public-knowledge-register/objects/index.html#OBJ-0538,PKR-CAT-006,"Teams, riders, and brand campaigns"
OBJ-0539,Bristol Bicycle Show freestyle competition announcement,Bristol Bicycle Show; Mongoose; BMX Action Bike,December 1983 / January 1984,Event flyer / trade-exhibition notice,1,EPH-0549,,RETAIN — issue-specific occurrence pending visual comparison,HIGH,INDEX-ONLY,INCLUDED — indexed issue text; visual comparison pending.,https://article134-tech.github.io/lititzbmx-public-knowledge-register/objects/index.html#OBJ-0539,PKR-CAT-005,"Events, registration, and membership"
OBJ-0540,Stechford Cycles Christmas BMX product and price list,Stechford Cycles,December 1983 / January 1984,Retailer advertisement / price list,1,EPH-0550,,RETAIN — issue-specific occurrence pending visual comparison,HIGH,INDEX-ONLY,INCLUDED — indexed issue text; visual comparison pending.,https://article134-tech.github.io/lititzbmx-public-knowledge-register/objects/index.html#OBJ-0540,PKR-CAT-002,Advertisements and price lists
OBJ-0541,Pedal Pushers Christmas BMX inventory and price list,Pedal Pushers,December 1983 / January 1984,Retailer advertisement / price list,1,EPH-0551,,RETAIN — issue-specific occurrence pending visual comparison,HIGH,INDEX-ONLY,INCLUDED — indexed issue text; visual comparison pending.,https://article134-tech.github.io/lititzbmx-public-knowledge-register/objects/index.html#OBJ-0541,PKR-CAT-002,Advertisements and price lists
OBJ-0542,Team Gers mobile trackside repair workshop announcement,Team Gers BMX,December 1983 / January 1984,Product announcement / kit,1,EPH-0552,,RETAIN — issue-specific occurrence pending visual comparison,HIGH,INDEX-ONLY,INCLUDED — indexed issue text; visual comparison pending.,https://article134-tech.github.io/lititzbmx-public-knowledge-register/objects/index.html#OBJ-0542,PKR-CAT-008,Product announcements and technical material
OBJ-0543,"Holdsworth BMX Centres frame, wheel and component price list",Holdsworth BMX Centres,December 1983 / January 1984,Retailer advertisement / price list,1,EPH-0553,,RETAIN — issue-specific occurrence pending visual comparison,HIGH,INDEX-ONLY,INCLUDED — indexed issue text; visual comparison pending.,https://article134-tech.github.io/lititzbmx-public-knowledge-register/objects/index.html#OBJ-0543,PKR-CAT-002,Advertisements and price lists
OBJ-0544,"Ride-On MX retrofit hubs, bars, posts and stunt-nuts offer",Ride-On MX Products,December 1983 / January 1984,Product announcement / kit,1,EPH-0554,,RETAIN — issue-specific occurrence pending visual comparison,HIGH,INDEX-ONLY,INCLUDED — indexed issue text; visual comparison pending.,https://article134-tech.github.io/lititzbmx-public-knowledge-register/objects/index.html#OBJ-0544,PKR-CAT-008,Product announcements and technical material
OBJ-0545,Langsett Cycles Christmas complete-bike and parts price list,Langsett Cycles,December 1983 / January 1984,Retailer advertisement / price list,1,EPH-0555,,RETAIN — issue-specific occurrence pending visual comparison,HIGH,INDEX-ONLY,INCLUDED — indexed issue text; visual comparison pending.,https://article134-tech.github.io/lititzbmx-public-knowledge-register/objects/index.html#OBJ-0545,PKR-CAT-002,Advertisements and price lists
OBJ-0546,SuperTune Christmas mail-order equipment catalog,SuperTune,December 1983 / January 1984,Retailer advertisement / price list,1,EPH-0556,,RETAIN — issue-specific occurrence pending visual comparison,HIGH,INDEX-ONLY,INCLUDED — indexed issue text; visual comparison pending.,https://article134-tech.github.io/lititzbmx-public-knowledge-register/objects/index.html#OBJ-0546,PKR-CAT-002,Advertisements and price lists
OBJ-0547,Halfords colouring competition results,Halfords; BMX Action Bike,December 1983 / January 1984,Contest entry form / promotion,1,EPH-0557,,RETAIN — issue-specific occurrence pending visual comparison,HIGH,INDEX-ONLY,INCLUDED — indexed issue text; visual comparison pending.,https://article134-tech.github.io/lititzbmx-public-knowledge-register/objects/index.html#OBJ-0547,PKR-CAT-004,Contests and promotions
OBJ-0548,Aero Burner competition result,Aero; Raleigh Burner; BMX Action Bike,December 1983 / January 1984,Contest entry form / promotion,1,EPH-0558,,RETAIN — issue-specific occurrence pending visual comparison,HIGH,INDEX-ONLY,INCLUDED — indexed issue text; visual comparison pending.,https://article134-tech.github.io/lititzbmx-public-knowledge-register/objects/index.html#OBJ-0548,PKR-CAT-004,Contests and promotions
OBJ-0549,Ammaco-Mongoose team BMX Boys single announcement,Ammaco; Mongoose; CBS; Danny Owen,December 1983 / January 1984,Factory-team history,1,EPH-0559,,RETAIN — issue-specific occurrence pending visual comparison,HIGH,INDEX-ONLY,INCLUDED — indexed issue text; visual comparison pending.,https://article134-tech.github.io/lititzbmx-public-knowledge-register/objects/index.html#OBJ-0549,PKR-CAT-006,"Teams, riders, and brand campaigns"
OBJ-0550,Aero Racing Products clothing and number-plate offer,Aero Racing Products,December 1983 / January 1984,Manufacturer/distributor catalog page,1,EPH-0560,,REVIEW — recurring campaign/feature candidate; retain separately pending page-image comparison,HIGH,INDEX-ONLY,INCLUDED — indexed issue text; visual comparison pending.,https://article134-tech.github.io/lititzbmx-public-knowledge-register/objects/index.html#OBJ-0550,PKR-CAT-001,Catalogs and product literature
OBJ-0551,Christmas BMX book roundup,BMX Action Bike; Purnell; Hamlyn; Reflex Publications; Haynes,December 1983 / January 1984,Product literature,1,EPH-0561,,RETAIN — issue-specific occurrence pending visual comparison,HIGH,INDEX-ONLY,INCLUDED — indexed issue text; visual comparison pending.,https://article134-tech.github.io/lititzbmx-public-knowledge-register/objects/index.html#OBJ-0551,PKR-CAT-001,Catalogs and product literature
OBJ-0552,Haro Software racewear technology campaign,Haro Designs; Greg Hill,December 1983 / January 1984,Team/product advertisement,1,EPH-0562,,RETAIN — issue-specific occurrence pending visual comparison,HIGH,INDEX-ONLY,INCLUDED — indexed issue text; visual comparison pending.,https://article134-tech.github.io/lititzbmx-public-knowledge-register/objects/index.html#OBJ-0552,PKR-CAT-006,"Teams, riders, and brand campaigns"
OBJ-0553,OT Cycles BMX showroom expansion and book offer,OT Cycles; Haro; BMX Action Bike,December 1983 / January 1984,Dealer/shop advertisement,1,EPH-0563,,RETAIN — issue-specific occurrence pending visual comparison,HIGH,INDEX-ONLY,INCLUDED — indexed issue text; visual comparison pending.,https://article134-tech.github.io/lititzbmx-public-knowledge-register/objects/index.html#OBJ-0553,PKR-CAT-007,Dealers and distributors
OBJ-0554,Nicky Dalton and Maruishi rider profile,Nicky Dalton; Maruishi; South-West BMX,December 1983 / January 1984,Product-history object,1,EPH-0564,,RETAIN — issue-specific occurrence pending visual comparison,HIGH,INDEX-ONLY,INCLUDED — indexed issue text; visual comparison pending.,https://article134-tech.github.io/lititzbmx-public-knowledge-register/objects/index.html#OBJ-0554,PKR-CAT-009,Editorial tests and historical documentation
OBJ-0555,Jess Dyrenforth track-in-the-woods feature,Jess Dyrenforth,December 1983 / January 1984,Product-history object,1,EPH-0565,,RETAIN — issue-specific occurrence pending visual comparison,HIGH,INDEX-ONLY,INCLUDED — indexed issue text; visual comparison pending.,https://article134-tech.github.io/lititzbmx-public-knowledge-register/objects/index.html#OBJ-0555,PKR-CAT-009,Editorial tests and historical documentation
OBJ-0556,"DP Racing Firebird, Delta II, Cruiser and Mini frame-set offer",DP Racing,December 1983 / January 1984,Manufacturer/distributor catalog page,1,EPH-0566,,REVIEW — recurring campaign/feature candidate; retain separately pending page-image comparison,HIGH,INDEX-ONLY,INCLUDED — indexed issue text; visual comparison pending.,https://article134-tech.github.io/lititzbmx-public-knowledge-register/objects/index.html#OBJ-0556,PKR-CAT-001,Catalogs and product literature
OBJ-0557,Max Williams Bristol BMXperts Christmas stock advertisement,Max Williams Bristol BMXperts,December 1983 / January 1984,Dealer/shop advertisement,1,EPH-0567,,RETAIN — issue-specific occurrence pending visual comparison,HIGH,INDEX-ONLY,INCLUDED — indexed issue text; visual comparison pending.,https://article134-tech.github.io/lititzbmx-public-knowledge-register/objects/index.html#OBJ-0557,PKR-CAT-007,Dealers and distributors
OBJ-0558,Mo' Wheels ZR LR18 complete-bike advertisement,Mo' Wheels,December 1983 / January 1984,Magazine advertisement,1,EPH-0568,,RETAIN — issue-specific occurrence pending visual comparison,HIGH,INDEX-ONLY,INCLUDED — indexed issue text; visual comparison pending.,https://article134-tech.github.io/lititzbmx-public-knowledge-register/objects/index.html#OBJ-0558,PKR-CAT-002,Advertisements and price lists
OBJ-0559,Bingley Hall winter two-day indoor open,Bingley Hall; MBMMA,December 1983 / January 1984,Event notice / contact flyer,1,EPH-0569,,RETAIN — issue-specific occurrence pending visual comparison,HIGH,INDEX-ONLY,INCLUDED — indexed issue text; visual comparison pending.,https://article134-tech.github.io/lititzbmx-public-knowledge-register/objects/index.html#OBJ-0559,PKR-CAT-005,"Events, registration, and membership"
OBJ-0560,December 1983 BMX race calendar,BMX Action Bike,December 1983 / January 1984,Event notice / contact flyer,1,EPH-0570,,REVIEW — recurring campaign/feature candidate; retain separately pending page-image comparison,HIGH,INDEX-ONLY,INCLUDED — indexed issue text; visual comparison pending.,https://article134-tech.github.io/lititzbmx-public-knowledge-register/objects/index.html#OBJ-0560,PKR-CAT-005,"Events, registration, and membership"
OBJ-0561,Just BMX Christmas product and price list,Just BMX,December 1983 / January 1984,Retailer advertisement / price list,1,EPH-0571,,RETAIN — issue-specific occurrence pending visual comparison,HIGH,INDEX-ONLY,INCLUDED — indexed issue text; visual comparison pending.,https://article134-tech.github.io/lititzbmx-public-knowledge-register/objects/index.html#OBJ-0561,PKR-CAT-002,Advertisements and price lists
OBJ-0562,Puch Track Invader ABMX long-term test,Puch; BMX Action Bike,December 1983 / January 1984,Product literature,1,EPH-0572,,RETAIN — issue-specific occurrence pending visual comparison,HIGH,INDEX-ONLY,INCLUDED — indexed issue text; visual comparison pending.,https://article134-tech.github.io/lititzbmx-public-knowledge-register/objects/index.html#OBJ-0562,PKR-CAT-001,Catalogs and product literature
OBJ-0563,Strongs BMX neck-saver stem-shim and parts offer,Strongs BMX,December 1983 / January 1984,Product announcement / kit,1,EPH-0573,,RETAIN — issue-specific occurrence pending visual comparison,HIGH,INDEX-ONLY,INCLUDED — indexed issue text; visual comparison pending.,https://article134-tech.github.io/lititzbmx-public-knowledge-register/objects/index.html#OBJ-0563,PKR-CAT-008,Product announcements and technical material
OBJ-0564,TTK MP-808R BMX pedal technical advertisement,TTK Industrial,December 1983 / January 1984,Product literature,1,EPH-0574,,RETAIN — issue-specific occurrence pending visual comparison,HIGH,INDEX-ONLY,INCLUDED — indexed issue text; visual comparison pending.,https://article134-tech.github.io/lititzbmx-public-knowledge-register/objects/index.html#OBJ-0564,PKR-CAT-001,Catalogs and product literature
OBJ-0565,Radbourne Rad Riders local club and track record,Radbourne Rad Riders,December 1983 / January 1984,Product-history object,1,EPH-0575,,RETAIN — issue-specific occurrence pending visual comparison,HIGH,INDEX-ONLY,INCLUDED — indexed issue text; visual comparison pending.,https://article134-tech.github.io/lititzbmx-public-knowledge-register/objects/index.html#OBJ-0565,PKR-CAT-009,Editorial tests and historical documentation
OBJ-0566,BMX Action Bike Scotland investigation,BMX Action Bike; Scottish BMX clubs,December 1983 / January 1984,Product-history object,1,EPH-0576,,RETAIN — issue-specific occurrence pending visual comparison,HIGH,INDEX-ONLY,INCLUDED — indexed issue text; visual comparison pending.,https://article134-tech.github.io/lititzbmx-public-knowledge-register/objects/index.html#OBJ-0566,PKR-CAT-009,Editorial tests and historical documentation
OBJ-0567,Lochaber BMX Ben Nevis Torker fundraising ride,Lochaber BMX; Torker,December 1983 / January 1984,Event prize promotion,1,EPH-0577,,RETAIN — issue-specific occurrence pending visual comparison,HIGH,INDEX-ONLY,INCLUDED — indexed issue text; visual comparison pending.,https://article134-tech.github.io/lititzbmx-public-knowledge-register/objects/index.html#OBJ-0567,PKR-CAT-004,Contests and promotions
OBJ-0568,Bristol Bicycle Show BMX course advertisement,Bristol Bicycle Show,December 1983 / January 1984,Event flyer / trade-exhibition notice,1,EPH-0578,,REVIEW — recurring campaign/feature candidate; retain separately pending page-image comparison,HIGH,INDEX-ONLY,INCLUDED — indexed issue text; visual comparison pending.,https://article134-tech.github.io/lititzbmx-public-knowledge-register/objects/index.html#OBJ-0568,PKR-CAT-005,"Events, registration, and membership"
OBJ-0569,Maruishi United Kingdom launch campaign,Maruishi; EB Racing,December 1983 / January 1984,Team/product advertisement,1,EPH-0579,,REVIEW — recurring campaign/feature candidate; retain separately pending page-image comparison,HIGH,INDEX-ONLY,INCLUDED — indexed issue text; visual comparison pending.,https://article134-tech.github.io/lititzbmx-public-knowledge-register/objects/index.html#OBJ-0569,PKR-CAT-006,"Teams, riders, and brand campaigns"
OBJ-0570,California Lite pads pro-rider campaign,California Lite; Perry Kramer; Harry Leary; Toby Henderson,December 1983 / January 1984,Team/product advertisement,1,EPH-0580,,RETAIN — issue-specific occurrence pending visual comparison,HIGH,INDEX-ONLY,INCLUDED — indexed issue text; visual comparison pending.,https://article134-tech.github.io/lititzbmx-public-knowledge-register/objects/index.html#OBJ-0570,PKR-CAT-006,"Teams, riders, and brand campaigns"
OBJ-0571,Rise and rise of Team Hutch feature,Hutch; Timmy Judge; Toby Henderson; Charlie Williams,December 1983 / January 1984,Factory-team history,1,EPH-0581,,RETAIN — issue-specific occurrence pending visual comparison,HIGH,INDEX-ONLY,INCLUDED — indexed issue text; visual comparison pending.,https://article134-tech.github.io/lititzbmx-public-knowledge-register/objects/index.html#OBJ-0571,PKR-CAT-006,"Teams, riders, and brand campaigns"
OBJ-0572,Aero Zytec precision wheel technical advertisement,Aero; Zytec,December 1983 / January 1984,Product literature,1,EPH-0582,,REVIEW — recurring campaign/feature candidate; retain separately pending page-image comparison,HIGH,INDEX-ONLY,INCLUDED — indexed issue text; visual comparison pending.,https://article134-tech.github.io/lititzbmx-public-knowledge-register/objects/index.html#OBJ-0572,PKR-CAT-001,Catalogs and product literature
OBJ-0573,Weinmann BMX braking-system technical advertisement,Weinmann,December 1983 / January 1984,Product literature,1,EPH-0583,,RETAIN — issue-specific occurrence pending visual comparison,HIGH,INDEX-ONLY,INCLUDED — indexed issue text; visual comparison pending.,https://article134-tech.github.io/lititzbmx-public-knowledge-register/objects/index.html#OBJ-0573,PKR-CAT-001,Catalogs and product literature
OBJ-0574,"Condor 1, Condor 3, Condor 5 and 16-inch range advertisement",Condor,December 1983 / January 1984,Manufacturer/distributor catalog page,1,EPH-0584,,RETAIN — issue-specific occurrence pending visual comparison,HIGH,INDEX-ONLY,INCLUDED — indexed issue text; visual comparison pending.,https://article134-tech.github.io/lititzbmx-public-knowledge-register/objects/index.html#OBJ-0574,PKR-CAT-001,Catalogs and product literature
OBJ-0575,Halfords Christmas BMX accessories campaign,Halfords; Kashimax; Trax Pro; Landar; Suntour,December 1983 / January 1984,Retailer advertisement / price list,1,EPH-0585,,REVIEW — recurring campaign/feature candidate; retain separately pending page-image comparison,HIGH,INDEX-ONLY,INCLUDED — indexed issue text; visual comparison pending.,https://article134-tech.github.io/lititzbmx-public-knowledge-register/objects/index.html#OBJ-0575,PKR-CAT-002,Advertisements and price lists
OBJ-0576,BMX Action Bike Bonanza reader survey and 101-prize draw,BMX Action Bike; Race Inc; Kuwahara; DP Racing; Condor,December 1983 / January 1984,Contest entry form / promotion,1,EPH-0586,,RETAIN — issue-specific occurrence pending visual comparison,HIGH,INDEX-ONLY,INCLUDED — indexed issue text; visual comparison pending.,https://article134-tech.github.io/lititzbmx-public-knowledge-register/objects/index.html#OBJ-0576,PKR-CAT-004,Contests and promotions
OBJ-0577,Framestand freestyle lesson,BMX Action Bike; Neil Stephens,December 1983 / January 1984,Product-history object,1,EPH-0587,,REVIEW — recurring campaign/feature candidate; retain separately pending page-image comparison,HIGH,INDEX-ONLY,INCLUDED — indexed issue text; visual comparison pending.,https://article134-tech.github.io/lititzbmx-public-knowledge-register/objects/index.html#OBJ-0577,PKR-CAT-009,Editorial tests and historical documentation
OBJ-0578,"DP Mini, Firebird Delta II and Freestyler product campaign",DP Racing,December 1983 / January 1984,Manufacturer/distributor catalog page,1,EPH-0588,,REVIEW — recurring campaign/feature candidate; retain separately pending page-image comparison,HIGH,INDEX-ONLY,INCLUDED — indexed issue text; visual comparison pending.,https://article134-tech.github.io/lititzbmx-public-knowledge-register/objects/index.html#OBJ-0578,PKR-CAT-001,Catalogs and product literature
OBJ-0579,Skyway winter wheel and accessory offer,Skyway; East Hill BMX dealer,December 1983 / January 1984,Retailer advertisement / price list,1,EPH-0589,,RETAIN — issue-specific occurrence pending visual comparison,HIGH,INDEX-ONLY,INCLUDED — indexed issue text; visual comparison pending.,https://article134-tech.github.io/lititzbmx-public-knowledge-register/objects/index.html#OBJ-0579,PKR-CAT-002,Advertisements and price lists
OBJ-0580,Schofield Cycles complete-bike and component price list,Schofield Cycles,December 1983 / January 1984,Retailer advertisement / price list,1,EPH-0590,,RETAIN — issue-specific occurrence pending visual comparison,HIGH,INDEX-ONLY,INCLUDED — indexed issue text; visual comparison pending.,https://article134-tech.github.io/lititzbmx-public-knowledge-register/objects/index.html#OBJ-0580,PKR-CAT-002,Advertisements and price lists
OBJ-0581,"Skyway street, race and freestyle product-range campaign",Skyway; Bob Medrano; Bob Haro,December 1983 / January 1984,Team/product advertisement,1,EPH-0591,,REVIEW — recurring campaign/feature candidate; retain separately pending page-image comparison,HIGH,INDEX-ONLY,INCLUDED — indexed issue text; visual comparison pending.,https://article134-tech.github.io/lititzbmx-public-knowledge-register/objects/index.html#OBJ-0581,PKR-CAT-006,"Teams, riders, and brand campaigns"
OBJ-0582,JMC Mini and headset-tuning product page,JMC; Tange; Suntour,December 1983 / January 1984,Product literature,1,EPH-0592,,RETAIN — issue-specific occurrence pending visual comparison,HIGH,INDEX-ONLY,INCLUDED — indexed issue text; visual comparison pending.,https://article134-tech.github.io/lititzbmx-public-knowledge-register/objects/index.html#OBJ-0582,PKR-CAT-001,Catalogs and product literature
OBJ-0583,Puch BMX Invader advertisement,Puch; Steyr-Daimler-Puch,December 1983 / January 1984,Magazine advertisement,1,EPH-0593,,REVIEW — recurring campaign/feature candidate; retain separately pending page-image comparison,HIGH,INDEX-ONLY,INCLUDED — indexed issue text; visual comparison pending.,https://article134-tech.github.io/lititzbmx-public-knowledge-register/objects/index.html#OBJ-0583,PKR-CAT-002,Advertisements and price lists
OBJ-0584,GT Team I and Team II attack campaign,GT; GBGT,December 1983 / January 1984,Manufacturer/distributor catalog page,1,EPH-0594,,RETAIN — issue-specific occurrence pending visual comparison,HIGH,INDEX-ONLY,INCLUDED — indexed issue text; visual comparison pending.,https://article134-tech.github.io/lititzbmx-public-knowledge-register/objects/index.html#OBJ-0584,PKR-CAT-001,Catalogs and product literature
OBJ-0585,One-wheel BMX unicycle experiment,BMX Action Bike; Chad Reynolds; Charlie Reynolds,December 1983 / January 1984,Product-history object,1,EPH-0595,,RETAIN — issue-specific occurrence pending visual comparison,HIGH,INDEX-ONLY,INCLUDED — indexed issue text; visual comparison pending.,https://article134-tech.github.io/lititzbmx-public-knowledge-register/objects/index.html#OBJ-0585,PKR-CAT-009,Editorial tests and historical documentation
OBJ-0586,"Curtis BMX mini, expert, pro and cruiser frame range",Curtis BMX,December 1983 / January 1984,Manufacturer/distributor catalog page,1,EPH-0596,,RETAIN — issue-specific occurrence pending visual comparison,HIGH,INDEX-ONLY,INCLUDED — indexed issue text; visual comparison pending.,https://article134-tech.github.io/lititzbmx-public-knowledge-register/objects/index.html#OBJ-0586,PKR-CAT-001,Catalogs and product literature
OBJ-0587,Faze 7 Christmas complete-bike and frame-set deals,Faze 7 BMX,December 1983 / January 1984,Retailer advertisement / price list,1,EPH-0597,,RETAIN — issue-specific occurrence pending visual comparison,HIGH,INDEX-ONLY,INCLUDED — indexed issue text; visual comparison pending.,https://article134-tech.github.io/lititzbmx-public-knowledge-register/objects/index.html#OBJ-0587,PKR-CAT-002,Advertisements and price lists
OBJ-0588,Dave Spurdens BMX book and Haro equipment offer,Dave Spurdens; Hamlyn; Haro,December 1983 / January 1984,Product literature,1,EPH-0598,,RETAIN — issue-specific occurrence pending visual comparison,HIGH,INDEX-ONLY,INCLUDED — indexed issue text; visual comparison pending.,https://article134-tech.github.io/lititzbmx-public-knowledge-register/objects/index.html#OBJ-0588,PKR-CAT-001,Catalogs and product literature
OBJ-0589,NBMXA club affiliations and British BMX rulebook offer,NBMXA,December 1983 / January 1984,Event registration coupon,1,EPH-0599,,RETAIN — issue-specific occurrence pending visual comparison,HIGH,INDEX-ONLY,INCLUDED — indexed issue text; visual comparison pending.,https://article134-tech.github.io/lititzbmx-public-knowledge-register/objects/index.html#OBJ-0589,PKR-CAT-005,"Events, registration, and membership"
OBJ-0590,Skyway T/A ABMX Thrash Test,Skyway; BMX Action Bike; Malcolm Stapleton,December 1983 / January 1984,Product literature,1,EPH-0600,,RETAIN — issue-specific occurrence pending visual comparison,HIGH,INDEX-ONLY,INCLUDED — indexed issue text; visual comparison pending.,https://article134-tech.github.io/lititzbmx-public-knowledge-register/objects/index.html#OBJ-0590,PKR-CAT-001,Catalogs and product literature
OBJ-0591,Anglo-Dutch International racing feature at Ipswich,BMX Action Bike; Ipswich BMX; Eersel BMX,December 1983 / January 1984,Archive collection,1,EPH-0601,,RETAIN — issue-specific occurrence pending visual comparison,HIGH,INDEX-ONLY,INCLUDED — indexed issue text; visual comparison pending.,https://article134-tech.github.io/lititzbmx-public-knowledge-register/objects/index.html#OBJ-0591,PKR-CAT-009,Editorial tests and historical documentation
OBJ-0592,Jumping Jack recurring editorial/cartoon installment,BMX Action Bike; Jumping Jack,December 1983 / January 1984,Archive collection,1,EPH-0602,,REVIEW — recurring campaign/feature candidate; retain separately pending page-image comparison,MEDIUM,INDEX-ONLY,OPEN — contents-listed feature; exact page and installment details require page-image review.,https://article134-tech.github.io/lititzbmx-public-knowledge-register/objects/index.html#OBJ-0592,PKR-CAT-009,Editorial tests and historical documentation
OBJ-0593,Trick Stuff December product-news roundup,BMX Action Bike; Zeronine; Kool-Stop; Sharp Racing Products; Spectra; Epoch; Hotshot; MKS; Haro; Strongs; California Racing Designs,December 1983 / January 1984,Product announcement / kit,1,EPH-0603,,RETAIN — issue-specific occurrence pending visual comparison,HIGH,INDEX-ONLY,INCLUDED — indexed issue text; visual comparison pending.,https://article134-tech.github.io/lititzbmx-public-knowledge-register/objects/index.html#OBJ-0593,PKR-CAT-008,Product announcements and technical material
OBJ-0594,Grease Monkey steering-head maintenance guide,BMX Action Bike; Tange; Suntour,December 1983 / January 1984,Product literature,1,EPH-0604,,RETAIN — issue-specific occurrence pending visual comparison,HIGH,INDEX-ONLY,INCLUDED — indexed issue text; visual comparison pending.,https://article134-tech.github.io/lititzbmx-public-knowledge-register/objects/index.html#OBJ-0594,PKR-CAT-001,Catalogs and product literature
OBJ-0595,ACS Z-Wheels “Z-Wheel Zone” Mike Buff campaign,ACS; Mike Buff,February 1984,Magazine advertisement,1,EPH-0605,,RETAIN — issue-specific occurrence pending visual comparison,HIGH,INDEX-ONLY,INCLUDED — indexed issue text; visual comparison pending.,https://article134-tech.github.io/lititzbmx-public-knowledge-register/objects/index.html#OBJ-0595,PKR-CAT-002,Advertisements and price lists
OBJ-0596,"February Hotlines industry, sponsorship, and event roundup",BMX Action Bike; Huffy; Stu Thomsen; Greg Hill; Skyway; GT; Kuwahara; Hutch,February 1984,Archive collection,1,EPH-0606,,REVIEW — recurring campaign/feature candidate; retain separately pending page-image comparison,HIGH,INDEX-ONLY,INCLUDED — indexed issue text; visual comparison pending.,https://article134-tech.github.io/lititzbmx-public-knowledge-register/objects/index.html#OBJ-0596,PKR-CAT-009,Editorial tests and historical documentation
OBJ-0597,Stechford Cycles February component and apparel price list,Stechford Cycles,February 1984,Retailer advertisement / price list,1,EPH-0607,,REVIEW — recurring campaign/feature candidate; retain separately pending page-image comparison,HIGH,INDEX-ONLY,INCLUDED — indexed issue text; visual comparison pending.,https://article134-tech.github.io/lititzbmx-public-knowledge-register/objects/index.html#OBJ-0597,PKR-CAT-002,Advertisements and price lists
OBJ-0598,Sussex BMX Centre Pro-Class Mongoose opening promotion,Sussex BMX Centre; Mongoose; Andy Ruffell,February 1984,Contest entry form / promotion,1,EPH-0608,,RETAIN — issue-specific occurrence pending visual comparison,HIGH,INDEX-ONLY,INCLUDED — indexed issue text; visual comparison pending.,https://article134-tech.github.io/lititzbmx-public-knowledge-register/objects/index.html#OBJ-0598,PKR-CAT-004,Contests and promotions
OBJ-0599,Falcon Flyers BMX range campaign,Falcon Cycles; Falcon Pro Flyers,February 1984,Team/product advertisement,1,EPH-0609,,RETAIN — issue-specific occurrence pending visual comparison,HIGH,INDEX-ONLY,INCLUDED — indexed issue text; visual comparison pending.,https://article134-tech.github.io/lititzbmx-public-knowledge-register/objects/index.html#OBJ-0599,PKR-CAT-006,"Teams, riders, and brand campaigns"
OBJ-0600,United Kingdom pro and semi-pro class debate,BMX Action Bike; IBMXF; UKBMX,February 1984,Archive collection,1,EPH-0610,,RETAIN — issue-specific occurrence pending visual comparison,HIGH,INDEX-ONLY,INCLUDED — indexed issue text; visual comparison pending.,https://article134-tech.github.io/lititzbmx-public-knowledge-register/objects/index.html#OBJ-0600,PKR-CAT-009,Editorial tests and historical documentation
OBJ-0601,"DKS Anaconda, Rattlesnake, and Golden Mile model campaign",DKS,February 1984,Product literature,1,EPH-0611,,RETAIN — issue-specific occurrence pending visual comparison,HIGH,INDEX-ONLY,INCLUDED — indexed issue text; visual comparison pending.,https://article134-tech.github.io/lititzbmx-public-knowledge-register/objects/index.html#OBJ-0601,PKR-CAT-001,Catalogs and product literature
OBJ-0602,Tioga component-technology campaign,Tioga,February 1984,Product literature,1,EPH-0612,,RETAIN — issue-specific occurrence pending visual comparison,HIGH,INDEX-ONLY,INCLUDED — indexed issue text; visual comparison pending.,https://article134-tech.github.io/lititzbmx-public-knowledge-register/objects/index.html#OBJ-0602,PKR-CAT-001,Catalogs and product literature
OBJ-0603,Curtis Expert frame-family campaign,Curtis BMX,February 1984,Product literature,1,EPH-0613,,REVIEW — recurring campaign/feature candidate; retain separately pending page-image comparison,HIGH,INDEX-ONLY,INCLUDED — indexed issue text; visual comparison pending.,https://article134-tech.github.io/lititzbmx-public-knowledge-register/objects/index.html#OBJ-0603,PKR-CAT-001,Catalogs and product literature
OBJ-0604,Franz Bruckl two-direction bicycle feature,Franz Bruckl; BMX Action Bike,February 1984,Product-history object,1,EPH-0614,,RETAIN — issue-specific occurrence pending visual comparison,HIGH,INDEX-ONLY,INCLUDED — indexed issue text; visual comparison pending.,https://article134-tech.github.io/lititzbmx-public-knowledge-register/objects/index.html#OBJ-0604,PKR-CAT-009,Editorial tests and historical documentation
OBJ-0605,Weinmann BMX braking and rim-system campaign,Weinmann; Chicken & Sons,February 1984,Product literature,1,EPH-0615,,RETAIN — issue-specific occurrence pending visual comparison,HIGH,INDEX-ONLY,INCLUDED — indexed issue text; visual comparison pending.,https://article134-tech.github.io/lititzbmx-public-knowledge-register/objects/index.html#OBJ-0605,PKR-CAT-001,Catalogs and product literature
OBJ-0606,Kelloggs and Channel 4 BMX Championships announcement,Kelloggs; Channel 4; BMX Action Bike,February 1984,Event notice / contact flyer,1,EPH-0616,,RETAIN — issue-specific occurrence pending visual comparison,HIGH,INDEX-ONLY,INCLUDED — indexed issue text; visual comparison pending.,https://article134-tech.github.io/lititzbmx-public-knowledge-register/objects/index.html#OBJ-0606,PKR-CAT-005,"Events, registration, and membership"
OBJ-0607,Wolber BMX ice-racing feature,Wolber; Claude Vuillemont; Jean Lafond,February 1984,Archive collection,1,EPH-0617,,RETAIN — issue-specific occurrence pending visual comparison,HIGH,INDEX-ONLY,INCLUDED — indexed issue text; visual comparison pending.,https://article134-tech.github.io/lititzbmx-public-knowledge-register/objects/index.html#OBJ-0607,PKR-CAT-009,Editorial tests and historical documentation
OBJ-0608,Fox Factor sticker and Fox of the Month promotion,Fox Factor; J & B Associates,February 1984,Contest entry form / promotion,1,EPH-0618,,REVIEW — recurring campaign/feature candidate; retain separately pending page-image comparison,HIGH,INDEX-ONLY,INCLUDED — indexed issue text; visual comparison pending.,https://article134-tech.github.io/lititzbmx-public-knowledge-register/objects/index.html#OBJ-0608,PKR-CAT-004,Contests and promotions
OBJ-0609,"Surrey BMX February complete-bike, frame, and component price list",Surrey BMX,February 1984,Retailer advertisement / price list,1,EPH-0619,,REVIEW — recurring campaign/feature candidate; retain separately pending page-image comparison,HIGH,INDEX-ONLY,INCLUDED — indexed issue text; visual comparison pending.,https://article134-tech.github.io/lititzbmx-public-knowledge-register/objects/index.html#OBJ-0609,PKR-CAT-002,Advertisements and price lists
OBJ-0610,"Rebel Pro-Race, handlebar, and pad-range campaign",Rebel BMX Products,February 1984,Product literature,1,EPH-0620,,RETAIN — issue-specific occurrence pending visual comparison,HIGH,INDEX-ONLY,INCLUDED — indexed issue text; visual comparison pending.,https://article134-tech.github.io/lititzbmx-public-knowledge-register/objects/index.html#OBJ-0610,PKR-CAT-001,Catalogs and product literature
OBJ-0611,ESPN/Jag Burbank world championship and pro-series report,ESPN; Jag; Greg Hill; Stu Thomsen; Harry Leary; Eddy King; Eric Rupe; Brent Patterson; Richie Anderson,February 1984,Archive collection,1,EPH-0621,,RETAIN — issue-specific occurrence pending visual comparison,HIGH,INDEX-ONLY,INCLUDED — indexed issue text; visual comparison pending.,https://article134-tech.github.io/lititzbmx-public-knowledge-register/objects/index.html#OBJ-0611,PKR-CAT-009,Editorial tests and historical documentation
OBJ-0612,Ammaco/Mongoose national dealer directory,Ammaco; Mongoose,February 1984,Manufacturer/distributor catalog page,1,EPH-0622,,RETAIN — issue-specific occurrence pending visual comparison,HIGH,INDEX-ONLY,INCLUDED — indexed issue text; visual comparison pending.,https://article134-tech.github.io/lititzbmx-public-knowledge-register/objects/index.html#OBJ-0612,PKR-CAT-001,Catalogs and product literature
OBJ-0613,YES Scorpion Cross and Fibrelite helmet campaign,YES Helmets,February 1984,Product literature,1,EPH-0623,,RETAIN — issue-specific occurrence pending visual comparison,HIGH,INDEX-ONLY,INCLUDED — indexed issue text; visual comparison pending.,https://article134-tech.github.io/lititzbmx-public-knowledge-register/objects/index.html#OBJ-0613,PKR-CAT-001,Catalogs and product literature
OBJ-0614,"DP February Mini, Firebird Delta II, and Freestyler frame campaign",DP Racing,February 1984,Product literature,1,EPH-0624,,REVIEW — recurring campaign/feature candidate; retain separately pending page-image comparison,HIGH,INDEX-ONLY,INCLUDED — indexed issue text; visual comparison pending.,https://article134-tech.github.io/lititzbmx-public-knowledge-register/objects/index.html#OBJ-0614,PKR-CAT-001,Catalogs and product literature
OBJ-0615,Best of 1983 readers-poll results,BMX Action Bike; Tim March; Bob Haro; Mongoose; Kuwahara Nova,February 1984,Archive collection,1,EPH-0625,,RETAIN — issue-specific occurrence pending visual comparison,HIGH,INDEX-ONLY,INCLUDED — indexed issue text; visual comparison pending.,https://article134-tech.github.io/lititzbmx-public-knowledge-register/objects/index.html#OBJ-0615,PKR-CAT-009,Editorial tests and historical documentation
OBJ-0616,February 1984 BMX race calendar,BMX Action Bike; British BMX clubs,February 1984,Event notice / contact flyer,1,EPH-0626,,REVIEW — recurring campaign/feature candidate; retain separately pending page-image comparison,HIGH,INDEX-ONLY,INCLUDED — indexed issue text; visual comparison pending.,https://article134-tech.github.io/lititzbmx-public-knowledge-register/objects/index.html#OBJ-0616,PKR-CAT-005,"Events, registration, and membership"
OBJ-0617,Faze 7 February complete-bike and component offers,Faze 7,February 1984,Retailer advertisement / price list,1,EPH-0627,,REVIEW — recurring campaign/feature candidate; retain separately pending page-image comparison,HIGH,INDEX-ONLY,INCLUDED — indexed issue text; visual comparison pending.,https://article134-tech.github.io/lititzbmx-public-knowledge-register/objects/index.html#OBJ-0617,PKR-CAT-002,Advertisements and price lists
OBJ-0618,ABMX back-issue and binder offer,BMX Action Bike; UKBMX Publications,February 1984,Catalog mailer / advertisement,1,EPH-0628,,REVIEW — recurring campaign/feature candidate; retain separately pending page-image comparison,HIGH,INDEX-ONLY,INCLUDED — indexed issue text; visual comparison pending.,https://article134-tech.github.io/lititzbmx-public-knowledge-register/objects/index.html#OBJ-0618,PKR-CAT-003,"Mailers, stickers, and information packs"
OBJ-0619,The Rulers Ammaco/Mongoose factory-team campaign,Ammaco; Mongoose; Steve Greaves; Wayne Llewellyn; Andy Ruffell; John Greaves,February 1984,Team advertisement,1,EPH-0629,,REVIEW — recurring campaign/feature candidate; retain separately pending page-image comparison,HIGH,INDEX-ONLY,INCLUDED — indexed issue text; visual comparison pending.,https://article134-tech.github.io/lititzbmx-public-knowledge-register/objects/index.html#OBJ-0619,PKR-CAT-006,"Teams, riders, and brand campaigns"
OBJ-0620,SE Floval Flyer 24-inch cruiser test,SE Racing; Shiner; BMX Action Bike,February 1984,Archive collection,1,EPH-0630,,RETAIN — issue-specific occurrence pending visual comparison,HIGH,INDEX-ONLY,INCLUDED — indexed issue text; visual comparison pending.,https://article134-tech.github.io/lititzbmx-public-knowledge-register/objects/index.html#OBJ-0620,PKR-CAT-009,Editorial tests and historical documentation
OBJ-0621,Supertune February mail-order component catalogue,Supertune,February 1984,Retailer advertisement / price list,1,EPH-0631,,REVIEW — recurring campaign/feature candidate; retain separately pending page-image comparison,HIGH,INDEX-ONLY,INCLUDED — indexed issue text; visual comparison pending.,https://article134-tech.github.io/lititzbmx-public-knowledge-register/objects/index.html#OBJ-0621,PKR-CAT-002,Advertisements and price lists
OBJ-0622,Muddy Fox BMX and mountain-bike range campaign,Muddy Fox,February 1984,Product literature,1,EPH-0632,,RETAIN — issue-specific occurrence pending visual comparison,HIGH,INDEX-ONLY,INCLUDED — indexed issue text; visual comparison pending.,https://article134-tech.github.io/lititzbmx-public-knowledge-register/objects/index.html#OBJ-0622,PKR-CAT-001,Catalogs and product literature
OBJ-0623,Pedal Pushers complete-bike and parts offers,Pedal Pushers,February 1984,Retailer advertisement / price list,1,EPH-0633,,RETAIN — issue-specific occurrence pending visual comparison,HIGH,INDEX-ONLY,INCLUDED — indexed issue text; visual comparison pending.,https://article134-tech.github.io/lititzbmx-public-knowledge-register/objects/index.html#OBJ-0623,PKR-CAT-002,Advertisements and price lists
OBJ-0624,Kuwahara KYZ freestyle campaign,Kuwahara,February 1984,Product literature,1,EPH-0634,,RETAIN — issue-specific occurrence pending visual comparison,HIGH,INDEX-ONLY,INCLUDED — indexed issue text; visual comparison pending.,https://article134-tech.github.io/lititzbmx-public-knowledge-register/objects/index.html#OBJ-0624,PKR-CAT-001,Catalogs and product literature
OBJ-0625,"Greg Hill BMX Masterclass: goals, preparation, and jumping",Greg Hill; Greg Hill Products; BMX Action Bike,February 1984,Archive collection,1,EPH-0635,,RETAIN — issue-specific occurrence pending visual comparison,HIGH,INDEX-ONLY,INCLUDED — indexed issue text; visual comparison pending.,https://article134-tech.github.io/lititzbmx-public-knowledge-register/objects/index.html#OBJ-0625,PKR-CAT-009,Editorial tests and historical documentation
OBJ-0626,"Holdsworth BMX Centres February frame, wheel, and component offers",Holdsworth BMX Centres,February 1984,Retailer advertisement / price list,1,EPH-0636,,REVIEW — recurring campaign/feature candidate; retain separately pending page-image comparison,HIGH,INDEX-ONLY,INCLUDED — indexed issue text; visual comparison pending.,https://article134-tech.github.io/lititzbmx-public-knowledge-register/objects/index.html#OBJ-0626,PKR-CAT-002,Advertisements and price lists
OBJ-0627,Rad City Mini Dude Centre and complete-bike offers,Rad City,February 1984,Dealer/shop advertisement,1,EPH-0637,,RETAIN — issue-specific occurrence pending visual comparison,HIGH,INDEX-ONLY,INCLUDED — indexed issue text; visual comparison pending.,https://article134-tech.github.io/lititzbmx-public-knowledge-register/objects/index.html#OBJ-0627,PKR-CAT-007,Dealers and distributors
OBJ-0628,Southampton winter-sale BMX inventory advertisement,"BMX retailer, Commercial Road Southampton",February 1984,Dealer/shop advertisement,1,EPH-0638,,RETAIN — issue-specific occurrence pending visual comparison,HIGH,INDEX-ONLY,INCLUDED — indexed issue text; visual comparison pending.,https://article134-tech.github.io/lititzbmx-public-knowledge-register/objects/index.html#OBJ-0628,PKR-CAT-007,Dealers and distributors
OBJ-0629,Jumping Jack February 1984 installment,BMX Action Bike; Jumping Jack,February 1984,Archive collection,1,EPH-0639,,REVIEW — recurring campaign/feature candidate; retain separately pending page-image comparison,MEDIUM,INDEX-ONLY,"OPEN — contents-listed feature; exact page, artwork, and storyline require page-image review.",https://article134-tech.github.io/lititzbmx-public-knowledge-register/objects/index.html#OBJ-0629,PKR-CAT-009,Editorial tests and historical documentation
OBJ-0630,Sharp 1:11 Griplocks technical campaign,Sharp Racing Products,February 1984,Product literature,1,EPH-0640,,RETAIN — issue-specific occurrence pending visual comparison,HIGH,INDEX-ONLY,INCLUDED — indexed issue text; visual comparison pending.,https://article134-tech.github.io/lititzbmx-public-knowledge-register/objects/index.html#OBJ-0630,PKR-CAT-001,Catalogs and product literature
OBJ-0631,Freestyle West Bristol competition feature,Freestyle West; Terry Jenkins; Jason Nash; Craig Campbell,February 1984,Archive collection,1,EPH-0641,,RETAIN — issue-specific occurrence pending visual comparison,HIGH,INDEX-ONLY,INCLUDED — indexed issue text; visual comparison pending.,https://article134-tech.github.io/lititzbmx-public-knowledge-register/objects/index.html#OBJ-0631,PKR-CAT-009,Editorial tests and historical documentation
OBJ-0632,Schofield Cycles February complete-bike and frame price list,Schofield Cycles,February 1984,Retailer advertisement / price list,1,EPH-0642,,REVIEW — recurring campaign/feature candidate; retain separately pending page-image comparison,HIGH,INDEX-ONLY,INCLUDED — indexed issue text; visual comparison pending.,https://article134-tech.github.io/lititzbmx-public-knowledge-register/objects/index.html#OBJ-0632,PKR-CAT-002,Advertisements and price lists
OBJ-0633,Scott and Bert Harkins goggles campaign,Scott; Bert Harkins Racing,February 1984,Product literature,1,EPH-0643,,RETAIN — issue-specific occurrence pending visual comparison,HIGH,INDEX-ONLY,INCLUDED — indexed issue text; visual comparison pending.,https://article134-tech.github.io/lititzbmx-public-knowledge-register/objects/index.html#OBJ-0633,PKR-CAT-001,Catalogs and product literature
OBJ-0634,BMX Fever publication-order announcement,BMX Action Bike; UKBMX Publications,February 1984,Catalog mailer / advertisement,1,EPH-0644,,REVIEW — recurring campaign/feature candidate; retain separately pending page-image comparison,HIGH,INDEX-ONLY,INCLUDED — indexed issue text; visual comparison pending.,https://article134-tech.github.io/lititzbmx-public-knowledge-register/objects/index.html#OBJ-0634,PKR-CAT-003,"Mailers, stickers, and information packs"
OBJ-0635,"Shiner decal, sales-sheet, and Hutch/Panda offer",Shiner; Hutch; Panda,February 1984,Dealer price-list / sticker offer,1,EPH-0645,,REVIEW — recurring campaign/feature candidate; retain separately pending page-image comparison,HIGH,INDEX-ONLY,INCLUDED — indexed issue text; visual comparison pending.,https://article134-tech.github.io/lititzbmx-public-knowledge-register/objects/index.html#OBJ-0635,PKR-CAT-003,"Mailers, stickers, and information packs"
OBJ-0636,GT BMX image campaign,GT BMX,February 1984,Magazine advertisement,1,EPH-0646,,RETAIN — issue-specific occurrence pending visual comparison,MEDIUM,INDEX-ONLY,OPEN — image-dominant advertisement; exact model and campaign wording require page-image review.,https://article134-tech.github.io/lititzbmx-public-knowledge-register/objects/index.html#OBJ-0636,PKR-CAT-002,Advertisements and price lists
OBJ-0637,Splat crash-photo feature,BMX Action Bike,February 1984,Archive collection,1,EPH-0647,,REVIEW — recurring campaign/feature candidate; retain separately pending page-image comparison,HIGH,INDEX-ONLY,INCLUDED — indexed issue text; visual comparison pending.,https://article134-tech.github.io/lititzbmx-public-knowledge-register/objects/index.html#OBJ-0637,PKR-CAT-009,Editorial tests and historical documentation
OBJ-0638,Haro Tech numberplate technical campaign,Haro,February 1984,Product literature,1,EPH-0648,,RETAIN — issue-specific occurrence pending visual comparison,HIGH,INDEX-ONLY,INCLUDED — indexed issue text; visual comparison pending.,https://article134-tech.github.io/lititzbmx-public-knowledge-register/objects/index.html#OBJ-0638,PKR-CAT-001,Catalogs and product literature
OBJ-0639,AM box-section aluminium test failure — Wounds of Honour,AM; BMX Action Bike; Malcolm Stapleton,February 1984,Archive collection,1,EPH-0649,,RETAIN — issue-specific occurrence pending visual comparison,HIGH,INDEX-ONLY,INCLUDED — indexed issue text; visual comparison pending.,https://article134-tech.github.io/lititzbmx-public-knowledge-register/objects/index.html#OBJ-0639,PKR-CAT-009,Editorial tests and historical documentation
OBJ-0640,Aero Condor launch campaign,Aero Condor; Condor Distributors,February 1984,Product literature,1,EPH-0650,,RETAIN — issue-specific occurrence pending visual comparison,HIGH,INDEX-ONLY,INCLUDED — indexed issue text; visual comparison pending.,https://article134-tech.github.io/lititzbmx-public-knowledge-register/objects/index.html#OBJ-0640,PKR-CAT-001,Catalogs and product literature
OBJ-0641,Aero Condor national dealer directory,Aero Condor; Condor Distributors,February 1984,Manufacturer/distributor catalog page,1,EPH-0651,,RETAIN — issue-specific occurrence pending visual comparison,HIGH,INDEX-ONLY,INCLUDED — indexed issue text; visual comparison pending.,https://article134-tech.github.io/lititzbmx-public-knowledge-register/objects/index.html#OBJ-0641,PKR-CAT-001,Catalogs and product literature
OBJ-0642,Acorn Magnum Zytel wheel campaign,Acorn; DuPont Zytel,February 1984,Product literature,1,EPH-0652,,RETAIN — issue-specific occurrence pending visual comparison,HIGH,INDEX-ONLY,INCLUDED — indexed issue text; visual comparison pending.,https://article134-tech.github.io/lititzbmx-public-knowledge-register/objects/index.html#OBJ-0642,PKR-CAT-001,Catalogs and product literature
OBJ-0643,Chips with Mayo — Ostende European race report,BMX Action Bike; Ostende BMX; British and Belgian riders,February 1984,Archive collection,1,EPH-0653,,RETAIN — issue-specific occurrence pending visual comparison,HIGH,INDEX-ONLY,INCLUDED — indexed issue text; visual comparison pending.,https://article134-tech.github.io/lititzbmx-public-knowledge-register/objects/index.html#OBJ-0643,PKR-CAT-009,Editorial tests and historical documentation
OBJ-0644,Redline 600a product campaign,Redline,February 1984,Magazine advertisement,1,EPH-0654,,RETAIN — issue-specific occurrence pending visual comparison,HIGH,INDEX-ONLY,INCLUDED — indexed issue text; visual comparison pending.,https://article134-tech.github.io/lititzbmx-public-knowledge-register/objects/index.html#OBJ-0644,PKR-CAT-002,Advertisements and price lists
OBJ-0645,SunTour sealed bottom-bracket campaign,SunTour,February 1984,Product literature,1,EPH-0655,,RETAIN — issue-specific occurrence pending visual comparison,HIGH,INDEX-ONLY,INCLUDED — indexed issue text; visual comparison pending.,https://article134-tech.github.io/lititzbmx-public-knowledge-register/objects/index.html#OBJ-0645,PKR-CAT-001,Catalogs and product literature
OBJ-0646,Raider economy helmet campaign,Raider,February 1984,Product literature,1,EPH-0656,,RETAIN — issue-specific occurrence pending visual comparison,HIGH,INDEX-ONLY,INCLUDED — indexed issue text; visual comparison pending.,https://article134-tech.github.io/lititzbmx-public-knowledge-register/objects/index.html#OBJ-0646,PKR-CAT-001,Catalogs and product literature
OBJ-0647,Sale Cycles Warehouse February complete-bike price list,Sale Cycles Warehouse,February 1984,Retailer advertisement / price list,1,EPH-0657,,REVIEW — recurring campaign/feature candidate; retain separately pending page-image comparison,HIGH,INDEX-ONLY,INCLUDED — indexed issue text; visual comparison pending.,https://article134-tech.github.io/lititzbmx-public-knowledge-register/objects/index.html#OBJ-0647,PKR-CAT-002,Advertisements and price lists
OBJ-0648,Trick Stuff February product-news roundup,BMX Action Bike; Sharp Racing Products; Suzue; Fox Factor,February 1984,Product announcement / kit,1,EPH-0658,,REVIEW — recurring campaign/feature candidate; retain separately pending page-image comparison,HIGH,INDEX-ONLY,INCLUDED — indexed issue text; visual comparison pending.,https://article134-tech.github.io/lititzbmx-public-knowledge-register/objects/index.html#OBJ-0648,PKR-CAT-008,Product announcements and technical material
OBJ-0649,DMX Parts and Accessories supplier campaign,DMX Parts and Accessories; Jenny Young Enterprise; Chung Yung Cycle,February 1984,Product literature,1,EPH-0659,,RETAIN — issue-specific occurrence pending visual comparison,HIGH,INDEX-ONLY,INCLUDED — indexed issue text; visual comparison pending.,https://article134-tech.github.io/lititzbmx-public-knowledge-register/objects/index.html#OBJ-0649,PKR-CAT-001,Catalogs and product literature
OBJ-0650,Suzuki BMX teaser campaign,Suzuki; USA BMX UK,February 1984,Magazine advertisement,1,EPH-0660,,RETAIN — issue-specific occurrence pending visual comparison,HIGH,INDEX-ONLY,INCLUDED — indexed issue text; visual comparison pending.,https://article134-tech.github.io/lititzbmx-public-knowledge-register/objects/index.html#OBJ-0650,PKR-CAT-002,Advertisements and price lists
OBJ-0651,Race Inc RA10 aluminium frameset editorial test,Race Inc; Bill Bastian; Perry Kramer; Greg Alderman; Jason Spurr,February 1984,Archive collection,1,EPH-0661,,RETAIN — issue-specific occurrence pending visual comparison,HIGH,INDEX-ONLY,INCLUDED — indexed issue text; visual comparison pending.,https://article134-tech.github.io/lititzbmx-public-knowledge-register/objects/index.html#OBJ-0651,PKR-CAT-009,Editorial tests and historical documentation
OBJ-0652,Shimano DX platform-pedal campaign — February 1984,Shimano,February 1984,Product literature,1,EPH-0662,,REVIEW — recurring campaign/feature candidate; retain separately pending page-image comparison,HIGH,INDEX-ONLY,INCLUDED — indexed issue text; visual comparison pending.,https://article134-tech.github.io/lititzbmx-public-knowledge-register/objects/index.html#OBJ-0652,PKR-CAT-001,Catalogs and product literature
OBJ-0653,February national multi-dealer advertisement roundup,Multiple United Kingdom BMX retailers,February 1984,Dealer/shop advertisement,1,EPH-0663,,REVIEW — recurring campaign/feature candidate; retain separately pending page-image comparison,HIGH,INDEX-ONLY,INCLUDED — indexed issue text; visual comparison pending.,https://article134-tech.github.io/lititzbmx-public-knowledge-register/objects/index.html#OBJ-0653,PKR-CAT-007,Dealers and distributors
OBJ-0654,BMX cycle carriers advertisement,TT Racing Products,February 1984,Product literature,1,EPH-0664,,RETAIN — issue-specific occurrence pending visual comparison,HIGH,INDEX-ONLY,INCLUDED — indexed issue text; visual comparison pending.,https://article134-tech.github.io/lititzbmx-public-knowledge-register/objects/index.html#OBJ-0654,PKR-CAT-001,Catalogs and product literature
OBJ-0655,OKO puncture-protection campaign,OKO; I. & M.,February 1984,Product literature,1,EPH-0665,,RETAIN — issue-specific occurrence pending visual comparison,HIGH,INDEX-ONLY,INCLUDED — indexed issue text; visual comparison pending.,https://article134-tech.github.io/lititzbmx-public-knowledge-register/objects/index.html#OBJ-0655,PKR-CAT-001,Catalogs and product literature
OBJ-0656,OT Cycles Burner seating adaptation offer,OT Cycles; Colin Sharp,February 1984,Dealer price-list / sticker offer,1,EPH-0666,,REVIEW — recurring campaign/feature candidate; retain separately pending page-image comparison,HIGH,INDEX-ONLY,INCLUDED — indexed issue text; visual comparison pending.,https://article134-tech.github.io/lititzbmx-public-knowledge-register/objects/index.html#OBJ-0656,PKR-CAT-003,"Mailers, stickers, and information packs"
OBJ-0657,Louis Mears Me & My Bike Turbo Lite profile,Louis Mears; Diamond Back; Harry Leary; BMX Action Bike,February 1984,Archive collection,1,EPH-0667,,REVIEW — recurring campaign/feature candidate; retain separately pending page-image comparison,HIGH,INDEX-ONLY,INCLUDED — indexed issue text; visual comparison pending.,https://article134-tech.github.io/lititzbmx-public-knowledge-register/objects/index.html#OBJ-0657,PKR-CAT-009,Editorial tests and historical documentation
OBJ-0658,"Skyway February street, race, and freestyle range campaign",Skyway Recreation; Bob Medrano; Bob Haro,February 1984,Team/product advertisement,1,EPH-0668,,REVIEW — recurring campaign/feature candidate; retain separately pending page-image comparison,HIGH,INDEX-ONLY,INCLUDED — indexed issue text; visual comparison pending.,https://article134-tech.github.io/lititzbmx-public-knowledge-register/objects/index.html#OBJ-0658,PKR-CAT-006,"Teams, riders, and brand campaigns"
OBJ-0659,"Suncycle BMX, mountain, racing, and touring manufacturer campaign",Suncycle Enterprise,February 1984,Manufacturer catalog,1,EPH-0669,,RETAIN — issue-specific occurrence pending visual comparison,HIGH,INDEX-ONLY,INCLUDED — indexed issue text; visual comparison pending.,https://article134-tech.github.io/lititzbmx-public-knowledge-register/objects/index.html#OBJ-0659,PKR-CAT-001,Catalogs and product literature
OBJ-0660,Crazy Legs aerial-stunt feature,BMX Action Bike,February 1984,Archive collection,1,EPH-0670,,REVIEW — recurring campaign/feature candidate; retain separately pending page-image comparison,MEDIUM,INDEX-ONLY,"OPEN — contents-listed feature; rider identity, page, and stunt sequence require page-image review.",https://article134-tech.github.io/lititzbmx-public-knowledge-register/objects/index.html#OBJ-0660,PKR-CAT-009,Editorial tests and historical documentation
OBJ-0661,February reader letters and community submissions,BMX Action Bike readers,February 1984,Archive collection,1,EPH-0671,,REVIEW — recurring campaign/feature candidate; retain separately pending page-image comparison,HIGH,INDEX-ONLY,INCLUDED — indexed issue text; visual comparison pending.,https://article134-tech.github.io/lititzbmx-public-knowledge-register/objects/index.html#OBJ-0661,PKR-CAT-009,Editorial tests and historical documentation
OBJ-0662,ABMX Ammaco team and Ready Rider competition,BMX Action Bike; Ammaco; Ready Rider,February 1984,Event prize promotion,1,EPH-0672,,RETAIN — issue-specific occurrence pending visual comparison,MEDIUM,INDEX-ONLY,"OPEN — contents-listed competition; exact entry mechanism, model, and closing terms require page-image review.",https://article134-tech.github.io/lititzbmx-public-knowledge-register/objects/index.html#OBJ-0662,PKR-CAT-004,Contests and promotions
OBJ-0663,January 1985 issue masthead and poll-winner overview,BMX Action Bike,January 1985,Archive collection,1,EPH-0673,,RETAIN — issue-specific occurrence pending visual comparison,HIGH,INDEX-ONLY,INCLUDED — indexed issue text; visual comparison pending.,https://article134-tech.github.io/lititzbmx-public-knowledge-register/objects/index.html#OBJ-0663,PKR-CAT-009,Editorial tests and historical documentation
OBJ-0664,ACS Z-Rims track-or-tricks strength campaign,ACS; DuPont Zytel,January 1985,Magazine advertisement,1,EPH-0674,,REVIEW — recurring campaign/feature candidate; retain separately pending page-image comparison,HIGH,INDEX-ONLY,INCLUDED — indexed issue text; visual comparison pending.,https://article134-tech.github.io/lititzbmx-public-knowledge-register/objects/index.html#OBJ-0664,PKR-CAT-002,Advertisements and price lists
OBJ-0665,January 1985 BMX race calendar,BMX Action Bike; British BMX clubs,January 1985,Event notice / contact flyer,1,EPH-0675,,REVIEW — recurring campaign/feature candidate; retain separately pending page-image comparison,HIGH,INDEX-ONLY,INCLUDED — indexed issue text; visual comparison pending.,https://article134-tech.github.io/lititzbmx-public-knowledge-register/objects/index.html#OBJ-0665,PKR-CAT-005,"Events, registration, and membership"
OBJ-0666,"January Hotlines rider, sponsor, and industry roundup",BMX Action Bike; Redline; Schweppes; Scorpion; Skyway; Hotshot,January 1985,Archive collection,1,EPH-0676,,REVIEW — recurring campaign/feature candidate; retain separately pending page-image comparison,HIGH,INDEX-ONLY,INCLUDED — indexed issue text; visual comparison pending.,https://article134-tech.github.io/lititzbmx-public-knowledge-register/objects/index.html#OBJ-0666,PKR-CAT-009,Editorial tests and historical documentation
OBJ-0667,Geth Shooter Redline and AGV signing announcement,Redline; AGV; Geth Shooter,January 1985,Factory-team history,1,EPH-0677,,RETAIN — issue-specific occurrence pending visual comparison,HIGH,INDEX-ONLY,INCLUDED — indexed issue text; visual comparison pending.,https://article134-tech.github.io/lititzbmx-public-knowledge-register/objects/index.html#OBJ-0667,PKR-CAT-006,"Teams, riders, and brand campaigns"
OBJ-0668,Schweppes UKBMX Grand Prix sponsorship announcement,Schweppes; UKBMX,January 1985,Event notice / contact flyer,1,EPH-0678,,RETAIN — issue-specific occurrence pending visual comparison,HIGH,INDEX-ONLY,INCLUDED — indexed issue text; visual comparison pending.,https://article134-tech.github.io/lititzbmx-public-knowledge-register/objects/index.html#OBJ-0668,PKR-CAT-005,"Events, registration, and membership"
OBJ-0669,Scorpion Anglo-Dutch season-opening sponsorship announcement,Scorpion; Ipswich BMX,January 1985,Event notice / contact flyer,1,EPH-0679,,RETAIN — issue-specific occurrence pending visual comparison,HIGH,INDEX-ONLY,INCLUDED — indexed issue text; visual comparison pending.,https://article134-tech.github.io/lititzbmx-public-knowledge-register/objects/index.html#OBJ-0669,PKR-CAT-005,"Events, registration, and membership"
OBJ-0670,Richie Anderson move to Skyway,Skyway; Richie Anderson,January 1985,Factory-team history,1,EPH-0680,,RETAIN — issue-specific occurrence pending visual comparison,HIGH,INDEX-ONLY,INCLUDED — indexed issue text; visual comparison pending.,https://article134-tech.github.io/lititzbmx-public-knowledge-register/objects/index.html#OBJ-0670,PKR-CAT-006,"Teams, riders, and brand campaigns"
OBJ-0671,Scorpion Scott-Webb family-team reunion,Scorpion; Debbie Scott-Webb; Jason Scott-Webb; Dean Scott-Webb; Jamie Vince,January 1985,Factory-team history,1,EPH-0681,,RETAIN — issue-specific occurrence pending visual comparison,HIGH,INDEX-ONLY,INCLUDED — indexed issue text; visual comparison pending.,https://article134-tech.github.io/lititzbmx-public-knowledge-register/objects/index.html#OBJ-0671,PKR-CAT-006,"Teams, riders, and brand campaigns"
OBJ-0672,Freewheeler and Skyway freestyle-team changes,Freewheeler; Skyway; Neil Ruffell; Nick Jefferies; Billy Stupple; Craig Campbell,January 1985,Factory-team history,1,EPH-0682,,RETAIN — issue-specific occurrence pending visual comparison,HIGH,INDEX-ONLY,INCLUDED — indexed issue text; visual comparison pending.,https://article134-tech.github.io/lititzbmx-public-knowledge-register/objects/index.html#OBJ-0672,PKR-CAT-006,"Teams, riders, and brand campaigns"
OBJ-0673,Hotshot-Uni all-girl factory team launch,Hotshot; Uni; Caroline Goward; Michelle Webster,January 1985,Factory-team history,1,EPH-0683,,RETAIN — issue-specific occurrence pending visual comparison,HIGH,INDEX-ONLY,INCLUDED — indexed issue text; visual comparison pending.,https://article134-tech.github.io/lititzbmx-public-knowledge-register/objects/index.html#OBJ-0673,PKR-CAT-006,"Teams, riders, and brand campaigns"
OBJ-0674,Skyway lavender Tuff II and CW Freestyler trend announcement,Skyway; CW Racing,January 1985,Product announcement / kit,1,EPH-0684,,RETAIN — issue-specific occurrence pending visual comparison,HIGH,INDEX-ONLY,INCLUDED — indexed issue text; visual comparison pending.,https://article134-tech.github.io/lititzbmx-public-knowledge-register/objects/index.html#OBJ-0674,PKR-CAT-008,Product announcements and technical material
OBJ-0675,Hutch international brand and distributor campaign,Hutch; Shiner Ltd.,January 1985,Magazine advertisement,1,EPH-0685,,REVIEW — recurring campaign/feature candidate; retain separately pending page-image comparison,HIGH,INDEX-ONLY,INCLUDED — indexed issue text; visual comparison pending.,https://article134-tech.github.io/lititzbmx-public-knowledge-register/objects/index.html#OBJ-0675,PKR-CAT-002,Advertisements and price lists
OBJ-0676,"Dragon Wheels race, freestyle, and accessory shop campaign",Dragon Wheels BMX,January 1985,Dealer/shop advertisement,1,EPH-0686,,RETAIN — issue-specific occurrence pending visual comparison,HIGH,INDEX-ONLY,INCLUDED — indexed issue text; visual comparison pending.,https://article134-tech.github.io/lititzbmx-public-knowledge-register/objects/index.html#OBJ-0676,PKR-CAT-007,Dealers and distributors
OBJ-0677,Kawasaki BMX Newcastle and Sunderland dealer campaign,Kawasaki Ltd.; BMX Newcastle; BMX Sunderland,January 1985,Dealer/shop advertisement,1,EPH-0687,,RETAIN — issue-specific occurrence pending visual comparison,HIGH,INDEX-ONLY,INCLUDED — indexed issue text; visual comparison pending.,https://article134-tech.github.io/lititzbmx-public-knowledge-register/objects/index.html#OBJ-0677,PKR-CAT-007,Dealers and distributors
OBJ-0678,De Arco January component and equipment price list,De Arco,January 1985,Retailer advertisement / price list,1,EPH-0688,,REVIEW — recurring campaign/feature candidate; retain separately pending page-image comparison,HIGH,INDEX-ONLY,INCLUDED — indexed issue text; visual comparison pending.,https://article134-tech.github.io/lititzbmx-public-knowledge-register/objects/index.html#OBJ-0678,PKR-CAT-002,Advertisements and price lists
OBJ-0679,Youngs January Megasale price list,Youngs,January 1985,Retailer advertisement / price list,1,EPH-0689,,REVIEW — recurring campaign/feature candidate; retain separately pending page-image comparison,HIGH,INDEX-ONLY,INCLUDED — indexed issue text; visual comparison pending.,https://article134-tech.github.io/lititzbmx-public-knowledge-register/objects/index.html#OBJ-0679,PKR-CAT-002,Advertisements and price lists
OBJ-0680,Tioga Task Force component-family campaign,Tioga,January 1985,Product literature,1,EPH-0690,,REVIEW — recurring campaign/feature candidate; retain separately pending page-image comparison,HIGH,INDEX-ONLY,INCLUDED — indexed issue text; visual comparison pending.,https://article134-tech.github.io/lititzbmx-public-knowledge-register/objects/index.html#OBJ-0680,PKR-CAT-001,Catalogs and product literature
OBJ-0681,Haro Master and Sport freestyle-bike campaign,Haro; Bob Haro; Mike Dominguez,January 1985,Product literature,1,EPH-0691,,REVIEW — recurring campaign/feature candidate; retain separately pending page-image comparison,HIGH,INDEX-ONLY,INCLUDED — indexed issue text; visual comparison pending.,https://article134-tech.github.io/lititzbmx-public-knowledge-register/objects/index.html#OBJ-0681,PKR-CAT-001,Catalogs and product literature
OBJ-0682,Scorpion ZX300 winner-positioning campaign,Scorpion,January 1985,Product literature,1,EPH-0692,,RETAIN — issue-specific occurrence pending visual comparison,HIGH,INDEX-ONLY,INCLUDED — indexed issue text; visual comparison pending.,https://article134-tech.github.io/lititzbmx-public-knowledge-register/objects/index.html#OBJ-0682,PKR-CAT-001,Catalogs and product literature
OBJ-0683,Surrey BMX January complete-bike and frame price list,Surrey BMX,January 1985,Retailer advertisement / price list,1,EPH-0693,,REVIEW — recurring campaign/feature candidate; retain separately pending page-image comparison,HIGH,INDEX-ONLY,INCLUDED — indexed issue text; visual comparison pending.,https://article134-tech.github.io/lititzbmx-public-knowledge-register/objects/index.html#OBJ-0683,PKR-CAT-002,Advertisements and price lists
OBJ-0684,Ivor Clarks West London BMX centre campaign,Ivor Clarks Racing,January 1985,Dealer/shop advertisement,1,EPH-0694,,RETAIN — issue-specific occurrence pending visual comparison,HIGH,INDEX-ONLY,INCLUDED — indexed issue text; visual comparison pending.,https://article134-tech.github.io/lititzbmx-public-knowledge-register/objects/index.html#OBJ-0684,PKR-CAT-007,Dealers and distributors
OBJ-0685,Andy Ruffell BMX from Start to Finish book promotion,Andy Ruffell; Ken Evans,January 1985,Catalog mailer / advertisement,1,EPH-0695,,RETAIN — issue-specific occurrence pending visual comparison,HIGH,INDEX-ONLY,INCLUDED — indexed issue text; visual comparison pending.,https://article134-tech.github.io/lititzbmx-public-knowledge-register/objects/index.html#OBJ-0685,PKR-CAT-003,"Mailers, stickers, and information packs"
OBJ-0686,Araya XA-1 and lightweight 7L rim announcement,Araya,January 1985,Product announcement / kit,1,EPH-0696,,RETAIN — issue-specific occurrence pending visual comparison,HIGH,INDEX-ONLY,INCLUDED — indexed issue text; visual comparison pending.,https://article134-tech.github.io/lititzbmx-public-knowledge-register/objects/index.html#OBJ-0686,PKR-CAT-008,Product announcements and technical material
OBJ-0687,"January reader letters, corrections, and community submissions",BMX Action Bike readers,January 1985,Archive collection,1,EPH-0697,,REVIEW — recurring campaign/feature candidate; retain separately pending page-image comparison,HIGH,INDEX-ONLY,INCLUDED — indexed issue text; visual comparison pending.,https://article134-tech.github.io/lititzbmx-public-knowledge-register/objects/index.html#OBJ-0687,PKR-CAT-009,Editorial tests and historical documentation
OBJ-0688,Madigan Cycles competition-bike and frame-range advertisement,Madigan Cycles,January 1985,Dealer/shop advertisement,1,EPH-0698,,RETAIN — issue-specific occurrence pending visual comparison,HIGH,INDEX-ONLY,INCLUDED — indexed issue text; visual comparison pending.,https://article134-tech.github.io/lititzbmx-public-knowledge-register/objects/index.html#OBJ-0688,PKR-CAT-007,Dealers and distributors
OBJ-0689,Faze 7 Competition Centre freestyle and race price list,Faze 7 BMX,January 1985,Retailer advertisement / price list,1,EPH-0699,,REVIEW — recurring campaign/feature candidate; retain separately pending page-image comparison,HIGH,INDEX-ONLY,INCLUDED — indexed issue text; visual comparison pending.,https://article134-tech.github.io/lititzbmx-public-knowledge-register/objects/index.html#OBJ-0689,PKR-CAT-002,Advertisements and price lists
OBJ-0690,Sales Cycles Warehouse large-stock campaign,Sales Cycles Warehouse,January 1985,Dealer/shop advertisement,1,EPH-0700,,REVIEW — recurring campaign/feature candidate; retain separately pending page-image comparison,HIGH,INDEX-ONLY,INCLUDED — indexed issue text; visual comparison pending.,https://article134-tech.github.io/lititzbmx-public-knowledge-register/objects/index.html#OBJ-0690,PKR-CAT-007,Dealers and distributors
OBJ-0691,Jos Conway Tyneside dealer and team-sponsor campaign,Jos. Conway; Andy Lincoln; Gary Prosser,January 1985,Dealer/shop advertisement,1,EPH-0701,,RETAIN — issue-specific occurrence pending visual comparison,HIGH,INDEX-ONLY,INCLUDED — indexed issue text; visual comparison pending.,https://article134-tech.github.io/lititzbmx-public-knowledge-register/objects/index.html#OBJ-0691,PKR-CAT-007,Dealers and distributors
OBJ-0692,Essex BMX mail-order catalog and Woody Itson poster offer,Essex BMX; Woody Itson,January 1985,Catalog mailer / advertisement,1,EPH-0702,,RETAIN — issue-specific occurrence pending visual comparison,HIGH,INDEX-ONLY,INCLUDED — indexed issue text; visual comparison pending.,https://article134-tech.github.io/lititzbmx-public-knowledge-register/objects/index.html#OBJ-0692,PKR-CAT-003,"Mailers, stickers, and information packs"
OBJ-0693,Rattlesnake Venom speed-positioning campaign,Rattlesnake; J.D.L. Distributors,January 1985,Magazine advertisement,1,EPH-0703,,RETAIN — issue-specific occurrence pending visual comparison,HIGH,INDEX-ONLY,INCLUDED — indexed issue text; visual comparison pending.,https://article134-tech.github.io/lititzbmx-public-knowledge-register/objects/index.html#OBJ-0693,PKR-CAT-002,Advertisements and price lists
OBJ-0694,Alpine Action Maximum Radness Centre shop feature,Alpine Action,January 1985,Dealer/shop advertisement,1,EPH-0704,,RETAIN — issue-specific occurrence pending visual comparison,HIGH,INDEX-ONLY,INCLUDED — indexed issue text; visual comparison pending.,https://article134-tech.github.io/lititzbmx-public-knowledge-register/objects/index.html#OBJ-0694,PKR-CAT-007,Dealers and distributors
OBJ-0695,Premier BMX January mail-order component list,Premier BMX Ltd.,January 1985,Retailer advertisement / price list,1,EPH-0705,,REVIEW — recurring campaign/feature candidate; retain separately pending page-image comparison,HIGH,INDEX-ONLY,INCLUDED — indexed issue text; visual comparison pending.,https://article134-tech.github.io/lititzbmx-public-knowledge-register/objects/index.html#OBJ-0695,PKR-CAT-002,Advertisements and price lists
OBJ-0696,Radical Freestyle Video Volume 1 mail-order offer,Larne Video Sales; Paul Hudson; Craig Campbell; Andy Ruffell; Glyn Lewis; Craig Strong,January 1985,Catalog mailer / advertisement,1,EPH-0706,,RETAIN — issue-specific occurrence pending visual comparison,HIGH,INDEX-ONLY,INCLUDED — indexed issue text; visual comparison pending.,https://article134-tech.github.io/lititzbmx-public-knowledge-register/objects/index.html#OBJ-0696,PKR-CAT-003,"Mailers, stickers, and information packs"
OBJ-0697,Best of 1984 BMX year-in-review and readers awards,BMX Action Bike,January 1985,Archive collection,1,EPH-0707,,RETAIN — issue-specific occurrence pending visual comparison,HIGH,INDEX-ONLY,INCLUDED — indexed issue text; visual comparison pending.,https://article134-tech.github.io/lititzbmx-public-knowledge-register/objects/index.html#OBJ-0697,PKR-CAT-009,Editorial tests and historical documentation
OBJ-0698,Birmingham Wheels Track of the Year feature,Birmingham Wheels; Wayne Llewellyn; Dean Bateson,January 1985,Archive collection,1,EPH-0708,,RETAIN — issue-specific occurrence pending visual comparison,HIGH,INDEX-ONLY,INCLUDED — indexed issue text; visual comparison pending.,https://article134-tech.github.io/lititzbmx-public-knowledge-register/objects/index.html#OBJ-0698,PKR-CAT-009,Editorial tests and historical documentation
OBJ-0699,Kelloggs BMX Championship Meeting of the Year feature,Kelloggs; Channel 4; Eric Rupe; Brian Patterson; Clint Miller; Andy Ruffell,January 1985,Archive collection,1,EPH-0709,,RETAIN — issue-specific occurrence pending visual comparison,HIGH,INDEX-ONLY,INCLUDED — indexed issue text; visual comparison pending.,https://article134-tech.github.io/lititzbmx-public-knowledge-register/objects/index.html#OBJ-0699,PKR-CAT-009,Editorial tests and historical documentation
OBJ-0700,Mike Miranda Joker of the Year and team-move note,Mike Miranda; Torker,January 1985,Rider/model naming history,1,EPH-0710,,RETAIN — issue-specific occurrence pending visual comparison,HIGH,INDEX-ONLY,INCLUDED — indexed issue text; visual comparison pending.,https://article134-tech.github.io/lititzbmx-public-knowledge-register/objects/index.html#OBJ-0700,PKR-CAT-006,"Teams, riders, and brand campaigns"
OBJ-0701,Phil Hoogendoorn Superclass Rider of the Year feature,Phil Hoogendoorn,January 1985,Rider/model naming history,1,EPH-0711,,RETAIN — issue-specific occurrence pending visual comparison,HIGH,INDEX-ONLY,INCLUDED — indexed issue text; visual comparison pending.,https://article134-tech.github.io/lititzbmx-public-knowledge-register/objects/index.html#OBJ-0701,PKR-CAT-006,"Teams, riders, and brand campaigns"
OBJ-0702,Greg Hill GHP founder and off-track award vignette,Greg Hill; GHP,January 1985,Rider/model naming history,1,EPH-0712,,RETAIN — issue-specific occurrence pending visual comparison,HIGH,INDEX-ONLY,INCLUDED — indexed issue text; visual comparison pending.,https://article134-tech.github.io/lititzbmx-public-knowledge-register/objects/index.html#OBJ-0702,PKR-CAT-006,"Teams, riders, and brand campaigns"
OBJ-0703,Eddie Fiola Freestyler of the Year feature,Eddie Fiola; GT,January 1985,Rider/model naming history,1,EPH-0713,,RETAIN — issue-specific occurrence pending visual comparison,HIGH,INDEX-ONLY,INCLUDED — indexed issue text; visual comparison pending.,https://article134-tech.github.io/lititzbmx-public-knowledge-register/objects/index.html#OBJ-0703,PKR-CAT-006,"Teams, riders, and brand campaigns"
OBJ-0704,Dave Vanderspek Vander Roll Trick of the Year feature,Dave Vanderspek; Curb Dogs,January 1985,Product-history object,1,EPH-0714,,REVIEW — recurring campaign/feature candidate; retain separately pending page-image comparison,HIGH,INDEX-ONLY,INCLUDED — indexed issue text; visual comparison pending.,https://article134-tech.github.io/lititzbmx-public-knowledge-register/objects/index.html#OBJ-0704,PKR-CAT-009,Editorial tests and historical documentation
OBJ-0705,Freestyle pegs Component of the Year feature,GT; Eddie Fiola; Chris Young; Colin Kefford,January 1985,Product-history object,1,EPH-0715,,RETAIN — issue-specific occurrence pending visual comparison,HIGH,INDEX-ONLY,INCLUDED — indexed issue text; visual comparison pending.,https://article134-tech.github.io/lititzbmx-public-knowledge-register/objects/index.html#OBJ-0705,PKR-CAT-009,Editorial tests and historical documentation
OBJ-0706,Terry Jenkins and Andy Irwin Split of the Year feature,Terry Jenkins; Andy Irwin; Torker; Haro; GT,January 1985,Factory-team history,1,EPH-0716,,RETAIN — issue-specific occurrence pending visual comparison,HIGH,INDEX-ONLY,INCLUDED — indexed issue text; visual comparison pending.,https://article134-tech.github.io/lititzbmx-public-knowledge-register/objects/index.html#OBJ-0706,PKR-CAT-006,"Teams, riders, and brand campaigns"
OBJ-0707,1984 leading female rider readers ranking,Sarah-Jane Nicholls; Debbie Scott-Webb; Melanie Vauvelle; Donna Duffy; Emma Williams,January 1985,Archive collection,1,EPH-0717,,RETAIN — issue-specific occurrence pending visual comparison,HIGH,INDEX-ONLY,INCLUDED — indexed issue text; visual comparison pending.,https://article134-tech.github.io/lititzbmx-public-knowledge-register/objects/index.html#OBJ-0707,PKR-CAT-009,Editorial tests and historical documentation
OBJ-0708,Frankie Romain MRD development vignette,Frankie Romain; MRD,January 1985,Rider/model naming history,1,EPH-0718,,RETAIN — issue-specific occurrence pending visual comparison,HIGH,INDEX-ONLY,INCLUDED — indexed issue text; visual comparison pending.,https://article134-tech.github.io/lititzbmx-public-knowledge-register/objects/index.html#OBJ-0708,PKR-CAT-006,"Teams, riders, and brand campaigns"
OBJ-0709,Mongoose family-team and Jarvis clan feature,Mongoose; Jarvis family; Greaves family; Llewellyn family,January 1985,Factory-team history,1,EPH-0719,,RETAIN — issue-specific occurrence pending visual comparison,HIGH,INDEX-ONLY,INCLUDED — indexed issue text; visual comparison pending.,https://article134-tech.github.io/lititzbmx-public-knowledge-register/objects/index.html#OBJ-0709,PKR-CAT-006,"Teams, riders, and brand campaigns"
OBJ-0710,Neil Swanson Fox of the Year promotion,Fox Factor; Neil Swanson,January 1985,Contest entry form / promotion,1,EPH-0720,,REVIEW — recurring campaign/feature candidate; retain separately pending page-image comparison,HIGH,INDEX-ONLY,INCLUDED — indexed issue text; visual comparison pending.,https://article134-tech.github.io/lititzbmx-public-knowledge-register/objects/index.html#OBJ-0710,PKR-CAT-004,Contests and promotions
OBJ-0711,"Cadishead Cycles Scottish bikes, frames, and clothing list",Cadishead Cycles,January 1985,Retailer advertisement / price list,1,EPH-0721,,RETAIN — issue-specific occurrence pending visual comparison,HIGH,INDEX-ONLY,INCLUDED — indexed issue text; visual comparison pending.,https://article134-tech.github.io/lititzbmx-public-knowledge-register/objects/index.html#OBJ-0711,PKR-CAT-002,Advertisements and price lists
OBJ-0712,Moti Action padded street-jeans campaign,Moti; Motivend Ltd.,January 1985,Product literature,1,EPH-0722,,RETAIN — issue-specific occurrence pending visual comparison,HIGH,INDEX-ONLY,INCLUDED — indexed issue text; visual comparison pending.,https://article134-tech.github.io/lititzbmx-public-knowledge-register/objects/index.html#OBJ-0712,PKR-CAT-001,Catalogs and product literature
OBJ-0713,BMX Yeadon stickers and current-stock offer,BMX Yeadon,January 1985,Dealer price-list / sticker offer,1,EPH-0723,,RETAIN — issue-specific occurrence pending visual comparison,HIGH,INDEX-ONLY,INCLUDED — indexed issue text; visual comparison pending.,https://article134-tech.github.io/lititzbmx-public-knowledge-register/objects/index.html#OBJ-0713,PKR-CAT-003,"Mailers, stickers, and information packs"
OBJ-0714,DP Firebird Freestyler and accessory offer,DP Racing,January 1985,Retailer advertisement / price list,1,EPH-0724,,REVIEW — recurring campaign/feature candidate; retain separately pending page-image comparison,HIGH,INDEX-ONLY,INCLUDED — indexed issue text; visual comparison pending.,https://article134-tech.github.io/lititzbmx-public-knowledge-register/objects/index.html#OBJ-0714,PKR-CAT-002,Advertisements and price lists
OBJ-0715,Redline Nike team trophy-champions advertisement,Redline; Nike; Nick Dalton; Sarah-Jane Nicholls; Michael Nicholls; Tim Print; Paul Ray,January 1985,Team advertisement,1,EPH-0725,,RETAIN — issue-specific occurrence pending visual comparison,HIGH,INDEX-ONLY,INCLUDED — indexed issue text; visual comparison pending.,https://article134-tech.github.io/lititzbmx-public-knowledge-register/objects/index.html#OBJ-0715,PKR-CAT-006,"Teams, riders, and brand campaigns"
OBJ-0716,Rad City custom freestyle and race-bike price list,Rad City,January 1985,Retailer advertisement / price list,1,EPH-0726,,REVIEW — recurring campaign/feature candidate; retain separately pending page-image comparison,HIGH,INDEX-ONLY,INCLUDED — indexed issue text; visual comparison pending.,https://article134-tech.github.io/lititzbmx-public-knowledge-register/objects/index.html#OBJ-0716,PKR-CAT-002,Advertisements and price lists
OBJ-0717,Rebel Reynolds 531 freestyle frameset campaign,Rebel BMX Products,January 1985,Product literature,1,EPH-0727,,REVIEW — recurring campaign/feature candidate; retain separately pending page-image comparison,HIGH,INDEX-ONLY,INCLUDED — indexed issue text; visual comparison pending.,https://article134-tech.github.io/lititzbmx-public-knowledge-register/objects/index.html#OBJ-0717,PKR-CAT-001,Catalogs and product literature
OBJ-0718,"Panaracer, Elina, and Shiner component-range campaign",Panaracer; Elina; Shiner Ltd.,January 1985,Manufacturer/distributor catalog page,1,EPH-0728,,RETAIN — issue-specific occurrence pending visual comparison,HIGH,INDEX-ONLY,INCLUDED — indexed issue text; visual comparison pending.,https://article134-tech.github.io/lititzbmx-public-knowledge-register/objects/index.html#OBJ-0718,PKR-CAT-001,Catalogs and product literature
OBJ-0719,Bispham Cycles Christmas clearance price list,Bispham Cycles,January 1985,Retailer advertisement / price list,1,EPH-0729,,REVIEW — recurring campaign/feature candidate; retain separately pending page-image comparison,HIGH,INDEX-ONLY,INCLUDED — indexed issue text; visual comparison pending.,https://article134-tech.github.io/lititzbmx-public-knowledge-register/objects/index.html#OBJ-0719,PKR-CAT-002,Advertisements and price lists
OBJ-0720,BMX Store Sale freestyle bikes and component list,The BMX Store (Sale),January 1985,Retailer advertisement / price list,1,EPH-0730,,REVIEW — recurring campaign/feature candidate; retain separately pending page-image comparison,HIGH,INDEX-ONLY,INCLUDED — indexed issue text; visual comparison pending.,https://article134-tech.github.io/lititzbmx-public-knowledge-register/objects/index.html#OBJ-0720,PKR-CAT-002,Advertisements and price lists
OBJ-0721,Curtis integrated freestyle frame technical campaign,Curtis BMX,January 1985,Product literature,1,EPH-0731,,RETAIN — issue-specific occurrence pending visual comparison,HIGH,INDEX-ONLY,INCLUDED — indexed issue text; visual comparison pending.,https://article134-tech.github.io/lititzbmx-public-knowledge-register/objects/index.html#OBJ-0721,PKR-CAT-001,Catalogs and product literature
OBJ-0722,HQ Cycles custom-bike and component list,HQ Cycles,January 1985,Retailer advertisement / price list,1,EPH-0732,,RETAIN — issue-specific occurrence pending visual comparison,HIGH,INDEX-ONLY,INCLUDED — indexed issue text; visual comparison pending.,https://article134-tech.github.io/lititzbmx-public-knowledge-register/objects/index.html#OBJ-0722,PKR-CAT-002,Advertisements and price lists
OBJ-0723,Cycle Superstore 1985 complete-bike range,Cycle Superstore,January 1985,Retailer advertisement / price list,1,EPH-0733,,RETAIN — issue-specific occurrence pending visual comparison,HIGH,INDEX-ONLY,INCLUDED — indexed issue text; visual comparison pending.,https://article134-tech.github.io/lititzbmx-public-knowledge-register/objects/index.html#OBJ-0723,PKR-CAT-002,Advertisements and price lists
OBJ-0724,ABMX BMX Bookshop mail-order catalog,BMX Action Bike; Stu Thomsen; Greg Hill; Andy Ruffell; Bob Osborn,January 1985,Catalog mailer,1,EPH-0734,,RETAIN — issue-specific occurrence pending visual comparison,HIGH,INDEX-ONLY,INCLUDED — indexed issue text; visual comparison pending.,https://article134-tech.github.io/lititzbmx-public-knowledge-register/objects/index.html#OBJ-0724,PKR-CAT-003,"Mailers, stickers, and information packs"
OBJ-0725,"Tim March career, training, team, and 1985 interview",Tim March; MRD; Tran Am; Rickman,January 1985,Archive collection,1,EPH-0735,,RETAIN — issue-specific occurrence pending visual comparison,HIGH,INDEX-ONLY,INCLUDED — indexed issue text; visual comparison pending.,https://article134-tech.github.io/lititzbmx-public-knowledge-register/objects/index.html#OBJ-0725,PKR-CAT-009,Editorial tests and historical documentation
OBJ-0726,"Hutch Pro-Star £1,200 Quiz of the Year contest",BMX Action Bike; Hutch,January 1985,Contest entry form / promotion,1,EPH-0736,,RETAIN — issue-specific occurrence pending visual comparison,HIGH,INDEX-ONLY,INCLUDED — indexed issue text; visual comparison pending.,https://article134-tech.github.io/lititzbmx-public-knowledge-register/objects/index.html#OBJ-0726,PKR-CAT-004,Contests and promotions
OBJ-0727,NBMXA 1985 British Championship qualification notice,NBMXA,January 1985,Event registration coupon,1,EPH-0737,,RETAIN — issue-specific occurrence pending visual comparison,HIGH,INDEX-ONLY,INCLUDED — indexed issue text; visual comparison pending.,https://article134-tech.github.io/lititzbmx-public-knowledge-register/objects/index.html#OBJ-0727,PKR-CAT-005,"Events, registration, and membership"
OBJ-0728,MRD Raiders 1985 team and sponsor announcement,MRD; Tim March; Frankie Romain; Sarah-Jane Nicholls; Ashley Davies,January 1985,Team advertisement,1,EPH-0738,,REVIEW — recurring campaign/feature candidate; retain separately pending page-image comparison,HIGH,INDEX-ONLY,INCLUDED — indexed issue text; visual comparison pending.,https://article134-tech.github.io/lititzbmx-public-knowledge-register/objects/index.html#OBJ-0728,PKR-CAT-006,"Teams, riders, and brand campaigns"
OBJ-0729,Cougar Cycles January mail-order price list,Cougar Cycles,January 1985,Retailer advertisement / price list,1,EPH-0739,,REVIEW — recurring campaign/feature candidate; retain separately pending page-image comparison,HIGH,INDEX-ONLY,INCLUDED — indexed issue text; visual comparison pending.,https://article134-tech.github.io/lititzbmx-public-knowledge-register/objects/index.html#OBJ-0729,PKR-CAT-002,Advertisements and price lists
OBJ-0730,"Sheppey Cycles frames, forks, and component advertisement",Sheppey Cycles,January 1985,Dealer/shop advertisement,1,EPH-0740,,RETAIN — issue-specific occurrence pending visual comparison,HIGH,INDEX-ONLY,INCLUDED — indexed issue text; visual comparison pending.,https://article134-tech.github.io/lititzbmx-public-knowledge-register/objects/index.html#OBJ-0730,PKR-CAT-007,Dealers and distributors
OBJ-0731,Tioga Beartrap 2 headset technical campaign,Tioga,January 1985,Product literature,1,EPH-0741,,RETAIN — issue-specific occurrence pending visual comparison,HIGH,INDEX-ONLY,INCLUDED — indexed issue text; visual comparison pending.,https://article134-tech.github.io/lititzbmx-public-knowledge-register/objects/index.html#OBJ-0731,PKR-CAT-001,Catalogs and product literature
OBJ-0732,Hwa Fong bicycle tyre manufacturer campaign,Hwa Fong Rubber Industrial Co.,January 1985,Manufacturer catalog,1,EPH-0742,,RETAIN — issue-specific occurrence pending visual comparison,HIGH,INDEX-ONLY,INCLUDED — indexed issue text; visual comparison pending.,https://article134-tech.github.io/lititzbmx-public-knowledge-register/objects/index.html#OBJ-0732,PKR-CAT-001,Catalogs and product literature
OBJ-0733,Stechford Cycles comprehensive BMX mail-order list,Stechford Cycles,January 1985,Retailer advertisement / price list,1,EPH-0743,,REVIEW — recurring campaign/feature candidate; retain separately pending page-image comparison,HIGH,INDEX-ONLY,INCLUDED — indexed issue text; visual comparison pending.,https://article134-tech.github.io/lititzbmx-public-knowledge-register/objects/index.html#OBJ-0733,PKR-CAT-002,Advertisements and price lists
OBJ-0734,A’ME Unitron technical grip campaign,A’ME,January 1985,Product literature,1,EPH-0744,,RETAIN — issue-specific occurrence pending visual comparison,HIGH,INDEX-ONLY,INCLUDED — indexed issue text; visual comparison pending.,https://article134-tech.github.io/lititzbmx-public-knowledge-register/objects/index.html#OBJ-0734,PKR-CAT-001,Catalogs and product literature
OBJ-0735,"ABMX back numbers, patch, radcap, and shirt offer",BMX Action Bike,January 1985,Catalog mailer / advertisement,1,EPH-0745,,REVIEW — recurring campaign/feature candidate; retain separately pending page-image comparison,HIGH,INDEX-ONLY,INCLUDED — indexed issue text; visual comparison pending.,https://article134-tech.github.io/lititzbmx-public-knowledge-register/objects/index.html#OBJ-0735,PKR-CAT-003,"Mailers, stickers, and information packs"
OBJ-0736,Brighton Marina Boat and Leisure Show notice,Brighton Marina,January 1985,Event flyer / trade-exhibition notice,1,EPH-0746,,RETAIN — issue-specific occurrence pending visual comparison,HIGH,INDEX-ONLY,INCLUDED — indexed issue text; visual comparison pending.,https://article134-tech.github.io/lititzbmx-public-knowledge-register/objects/index.html#OBJ-0736,PKR-CAT-005,"Events, registration, and membership"
OBJ-0737,A-8 Wheels end-of-year BMX sale,A-8 Wheels,January 1985,Dealer/shop advertisement,1,EPH-0747,,RETAIN — issue-specific occurrence pending visual comparison,HIGH,INDEX-ONLY,INCLUDED — indexed issue text; visual comparison pending.,https://article134-tech.github.io/lititzbmx-public-knowledge-register/objects/index.html#OBJ-0737,PKR-CAT-007,Dealers and distributors
OBJ-0738,A’ME Cam Grip product campaign,A’ME,January 1985,Product literature,1,EPH-0748,,RETAIN — issue-specific occurrence pending visual comparison,HIGH,INDEX-ONLY,INCLUDED — indexed issue text; visual comparison pending.,https://article134-tech.github.io/lititzbmx-public-knowledge-register/objects/index.html#OBJ-0738,PKR-CAT-001,Catalogs and product literature
OBJ-0739,CW Racing action-brand campaign,CW Racing,January 1985,Team/product advertisement,1,EPH-0749,,REVIEW — recurring campaign/feature candidate; retain separately pending page-image comparison,HIGH,INDEX-ONLY,INCLUDED — indexed issue text; visual comparison pending.,https://article134-tech.github.io/lititzbmx-public-knowledge-register/objects/index.html#OBJ-0739,PKR-CAT-006,"Teams, riders, and brand campaigns"
OBJ-0740,Just BMX Gravesend and Camberley price-list spread,Just BMX,January 1985,Retailer advertisement / price list,1,EPH-0750,,REVIEW — recurring campaign/feature candidate; retain separately pending page-image comparison,HIGH,INDEX-ONLY,INCLUDED — indexed issue text; visual comparison pending.,https://article134-tech.github.io/lititzbmx-public-knowledge-register/objects/index.html#OBJ-0740,PKR-CAT-002,Advertisements and price lists
OBJ-0741,Roger Painter Competition Bikes mail-order list,Roger Painter Competition Bikes,January 1985,Retailer advertisement / price list,1,EPH-0751,,RETAIN — issue-specific occurrence pending visual comparison,HIGH,INDEX-ONLY,INCLUDED — indexed issue text; visual comparison pending.,https://article134-tech.github.io/lititzbmx-public-knowledge-register/objects/index.html#OBJ-0741,PKR-CAT-002,Advertisements and price lists
OBJ-0742,SR Cycles custom-bike specialist campaign,SR Cycles; Brian Curtis,January 1985,Dealer/shop advertisement,1,EPH-0752,,RETAIN — issue-specific occurrence pending visual comparison,HIGH,INDEX-ONLY,INCLUDED — indexed issue text; visual comparison pending.,https://article134-tech.github.io/lititzbmx-public-knowledge-register/objects/index.html#OBJ-0742,PKR-CAT-007,Dealers and distributors
OBJ-0743,"NBMXA 1985 board, licence, and rule changes notice",NBMXA,January 1985,Event registration coupon,1,EPH-0753,,RETAIN — issue-specific occurrence pending visual comparison,HIGH,INDEX-ONLY,INCLUDED — indexed issue text; visual comparison pending.,https://article134-tech.github.io/lititzbmx-public-knowledge-register/objects/index.html#OBJ-0743,PKR-CAT-005,"Events, registration, and membership"
OBJ-0744,UKBMX 1985 national and international calendar and membership notice,UKBMX,January 1985,Event registration coupon,1,EPH-0754,,RETAIN — issue-specific occurrence pending visual comparison,HIGH,INDEX-ONLY,INCLUDED — indexed issue text; visual comparison pending.,https://article134-tech.github.io/lititzbmx-public-knowledge-register/objects/index.html#OBJ-0744,PKR-CAT-005,"Events, registration, and membership"
OBJ-0745,Sussex BMX January hot-items price list,Sussex BMX,January 1985,Retailer advertisement / price list,1,EPH-0755,,REVIEW — recurring campaign/feature candidate; retain separately pending page-image comparison,HIGH,INDEX-ONLY,INCLUDED — indexed issue text; visual comparison pending.,https://article134-tech.github.io/lititzbmx-public-knowledge-register/objects/index.html#OBJ-0745,PKR-CAT-002,Advertisements and price lists
OBJ-0746,"OT Cycles Speedmail, limited DP, lavender Tuffs, and trick-bits campaign",OT Cycles; DP Racing; Skyway,January 1985,Retailer advertisement / price list,1,EPH-0756,,REVIEW — recurring campaign/feature candidate; retain separately pending page-image comparison,HIGH,INDEX-ONLY,INCLUDED — indexed issue text; visual comparison pending.,https://article134-tech.github.io/lititzbmx-public-knowledge-register/objects/index.html#OBJ-0746,PKR-CAT-002,Advertisements and price lists
OBJ-0747,Me and My Embarrassing Moment editorial feature,BMX Action Bike; Eric Rupe; Andy Ruffell; Mark Salisbury; Craig Schofield,January 1985,Archive collection,1,EPH-0757,,REVIEW — recurring campaign/feature candidate; retain separately pending page-image comparison,HIGH,INDEX-ONLY,INCLUDED — indexed issue text; visual comparison pending.,https://article134-tech.github.io/lititzbmx-public-knowledge-register/objects/index.html#OBJ-0747,PKR-CAT-009,Editorial tests and historical documentation
OBJ-0748,Skyway T/A and freestyle component technical campaign,Skyway Recreation,January 1985,Product literature,1,EPH-0758,,REVIEW — recurring campaign/feature candidate; retain separately pending page-image comparison,HIGH,INDEX-ONLY,INCLUDED — indexed issue text; visual comparison pending.,https://article134-tech.github.io/lititzbmx-public-knowledge-register/objects/index.html#OBJ-0748,PKR-CAT-001,Catalogs and product literature
OBJ-0749,Jumping Jack January 1985 installment,BMX Action Bike; Jumping Jack,January 1985,Archive collection,1,EPH-0759,,REVIEW — recurring campaign/feature candidate; retain separately pending page-image comparison,MEDIUM,INDEX-ONLY,"OPEN — contents-listed feature; exact page, artwork, and installment details require page-image review.",https://article134-tech.github.io/lititzbmx-public-knowledge-register/objects/index.html#OBJ-0749,PKR-CAT-009,Editorial tests and historical documentation
OBJ-0750,"DP stainless stem bolt, stunt nuts, and Firebird radpad parts advertisement",DP Racing,January 1985,Product announcement / kit,1,EPH-0760,,REVIEW — recurring campaign/feature candidate; retain separately pending page-image comparison,HIGH,INDEX-ONLY,INCLUDED — indexed issue text; visual comparison pending.,https://article134-tech.github.io/lititzbmx-public-knowledge-register/objects/index.html#OBJ-0750,PKR-CAT-008,Product announcements and technical material
OBJ-0751,Bicross Magazine July 1982 inaugural issue masthead and mission,Bicross Magazine,July 1982,Archive collection,1,EPH-0761,,RETAIN — issue-specific occurrence pending visual comparison,HIGH,INDEX-ONLY,INCLUDED — indexed issue text; visual comparison pending.,https://article134-tech.github.io/lititzbmx-public-knowledge-register/objects/index.html#OBJ-0751,PKR-CAT-009,Editorial tests and historical documentation
OBJ-0752,Jacques Laffite Super X and BMX range mail-order advertisement,Jacques Laffite Lignes Loisirs,July 1982,Magazine advertisement,1,EPH-0762,,REVIEW — recurring campaign/feature candidate; retain separately pending page-image comparison,HIGH,INDEX-ONLY,INCLUDED — indexed issue text; visual comparison pending.,https://article134-tech.github.io/lititzbmx-public-knowledge-register/objects/index.html#OBJ-0752,PKR-CAT-002,Advertisements and price lists
OBJ-0753,Cyclo-Car universal two-bike carrier order advertisement,Cyclo-Car; Exim-Press,July 1982,Magazine advertisement,1,EPH-0763,,REVIEW — recurring campaign/feature candidate; retain separately pending page-image comparison,HIGH,INDEX-ONLY,INCLUDED — indexed issue text; visual comparison pending.,https://article134-tech.github.io/lititzbmx-public-knowledge-register/objects/index.html#OBJ-0753,PKR-CAT-002,Advertisements and price lists
OBJ-0754,Saint-Marcel BMX specialist brand-line advertisement,Saint-Marcel BMX specialist,July 1982,Dealer/shop advertisement,1,EPH-0764,,RETAIN — issue-specific occurrence pending visual comparison,HIGH,INDEX-ONLY,INCLUDED — indexed issue text; visual comparison pending.,https://article134-tech.github.io/lititzbmx-public-knowledge-register/objects/index.html#OBJ-0754,PKR-CAT-007,Dealers and distributors
OBJ-0755,Novelastic BMX knee and elbow protection advertisement,Novelastic; Thuasne Textile,July 1982,Magazine advertisement,1,EPH-0765,,RETAIN — issue-specific occurrence pending visual comparison,HIGH,INDEX-ONLY,INCLUDED — indexed issue text; visual comparison pending.,https://article134-tech.github.io/lititzbmx-public-knowledge-register/objects/index.html#OBJ-0755,PKR-CAT-002,Advertisements and price lists
OBJ-0756,Peugeot CPX Team launch and rider roster,Peugeot CPX Team,July 1982,Factory-team history,1,EPH-0766,,RETAIN — issue-specific occurrence pending visual comparison,HIGH,INDEX-ONLY,INCLUDED — indexed issue text; visual comparison pending.,https://article134-tech.github.io/lititzbmx-public-knowledge-register/objects/index.html#OBJ-0756,PKR-CAT-006,"Teams, riders, and brand campaigns"
OBJ-0757,French Vitus and Super-Vitus BMX frame development project,Ateliers de la Rive; Bador; Number One,July 1982,Product announcement / kit,1,EPH-0767,,RETAIN — issue-specific occurrence pending visual comparison,HIGH,INDEX-ONLY,INCLUDED — indexed issue text; visual comparison pending.,https://article134-tech.github.io/lititzbmx-public-knowledge-register/objects/index.html#OBJ-0757,PKR-CAT-008,Product announcements and technical material
OBJ-0758,Raleigh race clothing and equipment line announcement,TI Raleigh France,July 1982,Product announcement / kit,1,EPH-0768,,RETAIN — issue-specific occurrence pending visual comparison,HIGH,INDEX-ONLY,INCLUDED — indexed issue text; visual comparison pending.,https://article134-tech.github.io/lititzbmx-public-knowledge-register/objects/index.html#OBJ-0758,PKR-CAT-008,Product announcements and technical material
OBJ-0759,Summer 1982 French BMX event calendar,Bicross Magazine; AFB; Motobécane-Loïs,July 1982,Event notice / contact flyer,1,EPH-0769,,REVIEW — recurring campaign/feature candidate; retain separately pending page-image comparison,HIGH,INDEX-ONLY,INCLUDED — indexed issue text; visual comparison pending.,https://article134-tech.github.io/lititzbmx-public-knowledge-register/objects/index.html#OBJ-0759,PKR-CAT-005,"Events, registration, and membership"
OBJ-0760,Raleigh Number One team launch,TI Raleigh France; Number One,July 1982,Factory-team history,1,EPH-0770,,REVIEW — recurring campaign/feature candidate; retain separately pending page-image comparison,HIGH,INDEX-ONLY,INCLUDED — indexed issue text; visual comparison pending.,https://article134-tech.github.io/lititzbmx-public-knowledge-register/objects/index.html#OBJ-0760,PKR-CAT-006,"Teams, riders, and brand campaigns"
OBJ-0761,Bicross clubs information-submission notice,Bicross Magazine,July 1982,Archive collection,1,EPH-0771,,RETAIN — issue-specific occurrence pending visual comparison,HIGH,INDEX-ONLY,INCLUDED — indexed issue text; visual comparison pending.,https://article134-tech.github.io/lititzbmx-public-knowledge-register/objects/index.html#OBJ-0761,PKR-CAT-009,Editorial tests and historical documentation
OBJ-0762,Créteil BMX track inauguration,Cycles Lejeune; US Créteil; City of Créteil,July 1982,Archive collection,1,EPH-0772,,RETAIN — issue-specific occurrence pending visual comparison,HIGH,INDEX-ONLY,INCLUDED — indexed issue text; visual comparison pending.,https://article134-tech.github.io/lititzbmx-public-knowledge-register/objects/index.html#OBJ-0762,PKR-CAT-009,Editorial tests and historical documentation
OBJ-0763,Confidential French manufacturer BMX range teaser,Unidentified French manufacturer,July 1982,Product announcement / kit,1,EPH-0773,,RETAIN — issue-specific occurrence pending visual comparison,MEDIUM,INDEX-ONLY,OPEN — manufacturer identity was intentionally withheld in the period source.,https://article134-tech.github.io/lititzbmx-public-knowledge-register/objects/index.html#OBJ-0763,PKR-CAT-008,Product announcements and technical material
OBJ-0764,French team Netherlands and Dayton Worlds travel notice,Association Française de Bicrossing; French national delegation,July 1982,Tour promotion / route notice,1,EPH-0774,,RETAIN — issue-specific occurrence pending visual comparison,HIGH,INDEX-ONLY,INCLUDED — indexed issue text; visual comparison pending.,https://article134-tech.github.io/lititzbmx-public-knowledge-register/objects/index.html#OBJ-0764,PKR-CAT-005,"Events, registration, and membership"
OBJ-0765,First European bicycle-trial cup at San Fost de Campcentelles,European bicycle-trial organizers; Montesa Trialsin,July 1982,Event notice / contact flyer,1,EPH-0775,,RETAIN — issue-specific occurrence pending visual comparison,HIGH,INDEX-ONLY,INCLUDED — indexed issue text; visual comparison pending.,https://article134-tech.github.io/lititzbmx-public-knowledge-register/objects/index.html#OBJ-0765,PKR-CAT-005,"Events, registration, and membership"
OBJ-0766,Jacques Laffite Vélo-Trial launch,Jacques Laffite Lignes Loisirs,July 1982,Product announcement / kit,1,EPH-0776,,RETAIN — issue-specific occurrence pending visual comparison,HIGH,INDEX-ONLY,INCLUDED — indexed issue text; visual comparison pending.,https://article134-tech.github.io/lititzbmx-public-knowledge-register/objects/index.html#OBJ-0766,PKR-CAT-008,Product announcements and technical material
OBJ-0767,Peugeot CPX Team spring 1982 results roundup,Peugeot CPX Team,July 1982,Factory-team history,1,EPH-0777,,REVIEW — recurring campaign/feature candidate; retain separately pending page-image comparison,HIGH,INDEX-ONLY,INCLUDED — indexed issue text; visual comparison pending.,https://article134-tech.github.io/lititzbmx-public-knowledge-register/objects/index.html#OBJ-0767,PKR-CAT-006,"Teams, riders, and brand campaigns"
OBJ-0768,Bicross Magazine annual subscription offer,Bicross Magazine,July 1982,Catalog mailer / advertisement,1,EPH-0778,,REVIEW — recurring campaign/feature candidate; retain separately pending page-image comparison,HIGH,INDEX-ONLY,INCLUDED — indexed issue text; visual comparison pending.,https://article134-tech.github.io/lititzbmx-public-knowledge-register/objects/index.html#OBJ-0768,PKR-CAT-003,"Mailers, stickers, and information packs"
OBJ-0769,Raleigh Ultra Burner road and track test,TI Raleigh; Raleigh Ultra Burner,July 1982,Product literature,1,EPH-0779,,REVIEW — recurring campaign/feature candidate; retain separately pending page-image comparison,HIGH,INDEX-ONLY,INCLUDED — indexed issue text; visual comparison pending.,https://article134-tech.github.io/lititzbmx-public-knowledge-register/objects/index.html#OBJ-0769,PKR-CAT-001,Catalogs and product literature
OBJ-0770,Motobécane-Loïs Bol d’Or event entry advertisement,Motobécane-Loïs; Association Française de Bicrossing,July 1982,Event entry / pre-registration advertisement,1,EPH-0780,,RETAIN — issue-specific occurrence pending visual comparison,HIGH,INDEX-ONLY,INCLUDED — indexed issue text; visual comparison pending.,https://article134-tech.github.io/lititzbmx-public-knowledge-register/objects/index.html#OBJ-0770,PKR-CAT-005,"Events, registration, and membership"
OBJ-0771,Peugeot CPX 101 model announcement,Peugeot; CPX 101,July 1982,Product literature,1,EPH-0781,,RETAIN — issue-specific occurrence pending visual comparison,HIGH,INDEX-ONLY,INCLUDED — indexed issue text; visual comparison pending.,https://article134-tech.github.io/lititzbmx-public-knowledge-register/objects/index.html#OBJ-0771,PKR-CAT-001,Catalogs and product literature
OBJ-0772,Peugeot CPX 150 model announcement,Peugeot; CPX 150,July 1982,Product literature,1,EPH-0782,,RETAIN — issue-specific occurrence pending visual comparison,HIGH,INDEX-ONLY,INCLUDED — indexed issue text; visual comparison pending.,https://article134-tech.github.io/lititzbmx-public-knowledge-register/objects/index.html#OBJ-0772,PKR-CAT-001,Catalogs and product literature
OBJ-0773,Peugeot CPX 600 team model announcement,Peugeot; CPX 600,July 1982,Product literature,1,EPH-0783,,RETAIN — issue-specific occurrence pending visual comparison,HIGH,INDEX-ONLY,INCLUDED — indexed issue text; visual comparison pending.,https://article134-tech.github.io/lititzbmx-public-knowledge-register/objects/index.html#OBJ-0773,PKR-CAT-001,Catalogs and product literature
OBJ-0774,Jacques Laffite Super X updated model profile,Jacques Laffite Super X,July 1982,Product literature,1,EPH-0784,,REVIEW — recurring campaign/feature candidate; retain separately pending page-image comparison,HIGH,INDEX-ONLY,INCLUDED — indexed issue text; visual comparison pending.,https://article134-tech.github.io/lititzbmx-public-knowledge-register/objects/index.html#OBJ-0774,PKR-CAT-001,Catalogs and product literature
OBJ-0775,Raleigh Burner model profile,TI Raleigh; Raleigh Burner,July 1982,Product literature,1,EPH-0785,,REVIEW — recurring campaign/feature candidate; retain separately pending page-image comparison,HIGH,INDEX-ONLY,INCLUDED — indexed issue text; visual comparison pending.,https://article134-tech.github.io/lititzbmx-public-knowledge-register/objects/index.html#OBJ-0775,PKR-CAT-001,Catalogs and product literature
OBJ-0776,Raleigh Tuf Burner model profile,TI Raleigh; Raleigh Tuf Burner,July 1982,Product literature,1,EPH-0786,,REVIEW — recurring campaign/feature candidate; retain separately pending page-image comparison,HIGH,INDEX-ONLY,INCLUDED — indexed issue text; visual comparison pending.,https://article134-tech.github.io/lititzbmx-public-knowledge-register/objects/index.html#OBJ-0776,PKR-CAT-001,Catalogs and product literature
OBJ-0777,Raleigh Super Burner model profile,TI Raleigh; Raleigh Super Burner,July 1982,Product literature,1,EPH-0787,,REVIEW — recurring campaign/feature candidate; retain separately pending page-image comparison,HIGH,INDEX-ONLY,INCLUDED — indexed issue text; visual comparison pending.,https://article134-tech.github.io/lititzbmx-public-knowledge-register/objects/index.html#OBJ-0777,PKR-CAT-001,Catalogs and product literature
OBJ-0778,Raleigh Pro Burner model profile,TI Raleigh; Raleigh Pro Burner,July 1982,Product literature,1,EPH-0788,,REVIEW — recurring campaign/feature candidate; retain separately pending page-image comparison,HIGH,INDEX-ONLY,INCLUDED — indexed issue text; visual comparison pending.,https://article134-tech.github.io/lititzbmx-public-knowledge-register/objects/index.html#OBJ-0778,PKR-CAT-001,Catalogs and product literature
OBJ-0779,Red Line competition model French distribution profile,Red Line; Sportica,July 1982,Product literature,1,EPH-0789,,REVIEW — recurring campaign/feature candidate; retain separately pending page-image comparison,HIGH,INDEX-ONLY,INCLUDED — indexed issue text; visual comparison pending.,https://article134-tech.github.io/lititzbmx-public-knowledge-register/objects/index.html#OBJ-0779,PKR-CAT-001,Catalogs and product literature
OBJ-0780,Pro-Tec full-face BMX helmet accessory profile,Pro-Tec,July 1982,Product announcement / kit,1,EPH-0790,,RETAIN — issue-specific occurrence pending visual comparison,HIGH,INDEX-ONLY,INCLUDED — indexed issue text; visual comparison pending.,https://article134-tech.github.io/lititzbmx-public-knowledge-register/objects/index.html#OBJ-0780,PKR-CAT-008,Product announcements and technical material
OBJ-0781,Cyclo-Car carrier accessory profile,Cyclo-Car; Exim-Press,July 1982,Product literature,1,EPH-0791,,REVIEW — recurring campaign/feature candidate; retain separately pending page-image comparison,HIGH,INDEX-ONLY,INCLUDED — indexed issue text; visual comparison pending.,https://article134-tech.github.io/lititzbmx-public-knowledge-register/objects/index.html#OBJ-0781,PKR-CAT-001,Catalogs and product literature
OBJ-0782,Bufalo BMX racing pants profile,Bufalo; Motobécane,July 1982,Product announcement / kit,1,EPH-0792,,RETAIN — issue-specific occurrence pending visual comparison,HIGH,INDEX-ONLY,INCLUDED — indexed issue text; visual comparison pending.,https://article134-tech.github.io/lititzbmx-public-knowledge-register/objects/index.html#OBJ-0782,PKR-CAT-008,Product announcements and technical material
OBJ-0783,Shimano DX forged-alloy seatpost profile,Shimano DX,July 1982,Product announcement / kit,1,EPH-0793,,RETAIN — issue-specific occurrence pending visual comparison,HIGH,INDEX-ONLY,INCLUDED — indexed issue text; visual comparison pending.,https://article134-tech.github.io/lititzbmx-public-knowledge-register/objects/index.html#OBJ-0783,PKR-CAT-008,Product announcements and technical material
OBJ-0784,Bufalo custom-finished BMX frame offer,Bufalo,July 1982,Product announcement / kit,1,EPH-0794,,RETAIN — issue-specific occurrence pending visual comparison,HIGH,INDEX-ONLY,INCLUDED — indexed issue text; visual comparison pending.,https://article134-tech.github.io/lititzbmx-public-knowledge-register/objects/index.html#OBJ-0784,PKR-CAT-008,Product announcements and technical material
OBJ-0785,Raleigh team-color racing pants profile,TI Raleigh,July 1982,Product announcement / kit,1,EPH-0795,,RETAIN — issue-specific occurrence pending visual comparison,HIGH,INDEX-ONLY,INCLUDED — indexed issue text; visual comparison pending.,https://article134-tech.github.io/lititzbmx-public-knowledge-register/objects/index.html#OBJ-0785,PKR-CAT-008,Product announcements and technical material
OBJ-0786,Shimano DX pedal profile,Shimano DX,July 1982,Product announcement / kit,1,EPH-0796,,RETAIN — issue-specific occurrence pending visual comparison,HIGH,INDEX-ONLY,INCLUDED — indexed issue text; visual comparison pending.,https://article134-tech.github.io/lititzbmx-public-knowledge-register/objects/index.html#OBJ-0786,PKR-CAT-008,Product announcements and technical material
OBJ-0787,BMX setup guide: handlebar and saddle position,Bicross Magazine; Motobécane team,July 1982,Product literature,1,EPH-0797,,RETAIN — issue-specific occurrence pending visual comparison,HIGH,INDEX-ONLY,INCLUDED — indexed issue text; visual comparison pending.,https://article134-tech.github.io/lititzbmx-public-knowledge-register/objects/index.html#OBJ-0787,PKR-CAT-001,Catalogs and product literature
OBJ-0788,"BMX setup guide: grips, brake lever, and crank sizing",Bicross Magazine; Motobécane team; Shimano,July 1982,Product literature,1,EPH-0798,,RETAIN — issue-specific occurrence pending visual comparison,HIGH,INDEX-ONLY,INCLUDED — indexed issue text; visual comparison pending.,https://article134-tech.github.io/lititzbmx-public-knowledge-register/objects/index.html#OBJ-0788,PKR-CAT-001,Catalogs and product literature
OBJ-0789,BMX setup guide: gearing and tire selection,Bicross Magazine; Suntour; Shimano; Maillard; Motobécane,July 1982,Product literature,1,EPH-0799,,RETAIN — issue-specific occurrence pending visual comparison,HIGH,INDEX-ONLY,INCLUDED — indexed issue text; visual comparison pending.,https://article134-tech.github.io/lititzbmx-public-knowledge-register/objects/index.html#OBJ-0789,PKR-CAT-001,Catalogs and product literature
OBJ-0790,Yamaha and Motobécane BMX cooperation announcement,Yamaha Motor; Motobécane,July 1982,Product-history object,1,EPH-0800,,RETAIN — issue-specific occurrence pending visual comparison,HIGH,INDEX-ONLY,INCLUDED — indexed issue text; visual comparison pending.,https://article134-tech.github.io/lititzbmx-public-knowledge-register/objects/index.html#OBJ-0790,PKR-CAT-009,Editorial tests and historical documentation
OBJ-0791,Yamaha BYZ 101 suspension model profile,Yamaha; Motobécane; BYZ 101,July 1982,Product literature,1,EPH-0801,,RETAIN — issue-specific occurrence pending visual comparison,HIGH,INDEX-ONLY,INCLUDED — indexed issue text; visual comparison pending.,https://article134-tech.github.io/lititzbmx-public-knowledge-register/objects/index.html#OBJ-0791,PKR-CAT-001,Catalogs and product literature
OBJ-0792,Yamaha BYZ 201 suspension model profile,Yamaha; Motobécane; BYZ 201,July 1982,Product literature,1,EPH-0802,,RETAIN — issue-specific occurrence pending visual comparison,HIGH,INDEX-ONLY,INCLUDED — indexed issue text; visual comparison pending.,https://article134-tech.github.io/lititzbmx-public-knowledge-register/objects/index.html#OBJ-0792,PKR-CAT-001,Catalogs and product literature
OBJ-0793,Yamaha BYZ 301 race model profile,Yamaha; Motobécane; BYZ 301,July 1982,Product literature,1,EPH-0803,,RETAIN — issue-specific occurrence pending visual comparison,HIGH,INDEX-ONLY,INCLUDED — indexed issue text; visual comparison pending.,https://article134-tech.github.io/lititzbmx-public-knowledge-register/objects/index.html#OBJ-0793,PKR-CAT-001,Catalogs and product literature
OBJ-0794,Yamaha BYZ 401 race model profile,Yamaha; Motobécane; BYZ 401,July 1982,Product literature,1,EPH-0804,,RETAIN — issue-specific occurrence pending visual comparison,HIGH,INDEX-ONLY,INCLUDED — indexed issue text; visual comparison pending.,https://article134-tech.github.io/lititzbmx-public-knowledge-register/objects/index.html#OBJ-0794,PKR-CAT-001,Catalogs and product literature
OBJ-0795,Yamaha BYZ 501 flagship model profile,Yamaha; Motobécane; BYZ 501,July 1982,Product literature,1,EPH-0805,,RETAIN — issue-specific occurrence pending visual comparison,HIGH,INDEX-ONLY,INCLUDED — indexed issue text; visual comparison pending.,https://article134-tech.github.io/lititzbmx-public-knowledge-register/objects/index.html#OBJ-0795,PKR-CAT-001,Catalogs and product literature
OBJ-0796,Yamaha corporate background accompanying BMX launch,Yamaha Motor,July 1982,Product-history object,1,EPH-0806,,RETAIN — issue-specific occurrence pending visual comparison,HIGH,INDEX-ONLY,INCLUDED — indexed issue text; visual comparison pending.,https://article134-tech.github.io/lititzbmx-public-knowledge-register/objects/index.html#OBJ-0796,PKR-CAT-009,Editorial tests and historical documentation
OBJ-0797,Vaux-le-Pénil first international BMX meeting report,Bicross Club de l’Île-de-France; AFB,July 1982,Archive collection,1,EPH-0807,,RETAIN — issue-specific occurrence pending visual comparison,HIGH,INDEX-ONLY,INCLUDED — indexed issue text; visual comparison pending.,https://article134-tech.github.io/lititzbmx-public-knowledge-register/objects/index.html#OBJ-0797,PKR-CAT-009,Editorial tests and historical documentation
OBJ-0798,Vaux-le-Pénil international results and classifications,Bicross Club de l’Île-de-France; AFB,July 1982,Archive collection,1,EPH-0808,,RETAIN — issue-specific occurrence pending visual comparison,HIGH,INDEX-ONLY,INCLUDED — indexed issue text; visual comparison pending.,https://article134-tech.github.io/lititzbmx-public-knowledge-register/objects/index.html#OBJ-0798,PKR-CAT-009,Editorial tests and historical documentation
OBJ-0799,Vaux-le-Pénil event administration and classification critique,Bicross Magazine; AFB,July 1982,Archive collection,1,EPH-0809,,RETAIN — issue-specific occurrence pending visual comparison,HIGH,INDEX-ONLY,INCLUDED — indexed issue text; visual comparison pending.,https://article134-tech.github.io/lititzbmx-public-knowledge-register/objects/index.html#OBJ-0799,PKR-CAT-009,Editorial tests and historical documentation
OBJ-0800,Vaux-le-Pénil Spanish BH team equipment note,BH team,July 1982,Archive collection,1,EPH-0810,,RETAIN — issue-specific occurrence pending visual comparison,HIGH,INDEX-ONLY,INCLUDED — indexed issue text; visual comparison pending.,https://article134-tech.github.io/lititzbmx-public-knowledge-register/objects/index.html#OBJ-0800,PKR-CAT-009,Editorial tests and historical documentation
OBJ-0801,Vandoncourt French Championship and Motobécane-Loïs report,Bicross Club de Vandoncourt; AFB; Motobécane-Loïs,July 1982,Archive collection,1,EPH-0811,,RETAIN — issue-specific occurrence pending visual comparison,HIGH,INDEX-ONLY,INCLUDED — indexed issue text; visual comparison pending.,https://article134-tech.github.io/lititzbmx-public-knowledge-register/objects/index.html#OBJ-0801,PKR-CAT-009,Editorial tests and historical documentation
OBJ-0802,Vandoncourt championship and trophy results,Bicross Club de Vandoncourt; AFB; Motobécane-Loïs,July 1982,Archive collection,1,EPH-0812,,RETAIN — issue-specific occurrence pending visual comparison,HIGH,INDEX-ONLY,INCLUDED — indexed issue text; visual comparison pending.,https://article134-tech.github.io/lititzbmx-public-knowledge-register/objects/index.html#OBJ-0802,PKR-CAT-009,Editorial tests and historical documentation
OBJ-0803,First French indoor BMX event at Mulhouse,City of Mulhouse; Bicross Club d’Altkirch,July 1982,Event flyer / trade-exhibition notice,1,EPH-0813,,RETAIN — issue-specific occurrence pending visual comparison,HIGH,INDEX-ONLY,INCLUDED — indexed issue text; visual comparison pending.,https://article134-tech.github.io/lititzbmx-public-knowledge-register/objects/index.html#OBJ-0803,PKR-CAT-005,"Events, registration, and membership"
OBJ-0804,Altkirch Grand Prix de France notice,Bicross Club d’Altkirch,July 1982,Event notice / contact flyer,1,EPH-0814,,RETAIN — issue-specific occurrence pending visual comparison,HIGH,INDEX-ONLY,INCLUDED — indexed issue text; visual comparison pending.,https://article134-tech.github.io/lititzbmx-public-knowledge-register/objects/index.html#OBJ-0804,PKR-CAT-005,"Events, registration, and membership"
OBJ-0805,Vern-sur-Seiche Motobécane-Loïs results,Motobécane-Loïs; Vern-sur-Seiche organizers,July 1982,Archive collection,1,EPH-0815,,RETAIN — issue-specific occurrence pending visual comparison,HIGH,INDEX-ONLY,INCLUDED — indexed issue text; visual comparison pending.,https://article134-tech.github.io/lititzbmx-public-knowledge-register/objects/index.html#OBJ-0805,PKR-CAT-009,Editorial tests and historical documentation
OBJ-0806,Beaune Motobécane-Loïs results,Motobécane-Loïs; Beaune organizers,July 1982,Archive collection,1,EPH-0816,,RETAIN — issue-specific occurrence pending visual comparison,HIGH,INDEX-ONLY,INCLUDED — indexed issue text; visual comparison pending.,https://article134-tech.github.io/lititzbmx-public-knowledge-register/objects/index.html#OBJ-0806,PKR-CAT-009,Editorial tests and historical documentation
OBJ-0807,Sancerrois Criterium and Veaugues all-terrain school report,AS de Veaugues; Motobécane; EM; Pampryl; Casterman; Adidas,July 1982,Archive collection,1,EPH-0817,,RETAIN — issue-specific occurrence pending visual comparison,HIGH,INDEX-ONLY,INCLUDED — indexed issue text; visual comparison pending.,https://article134-tech.github.io/lititzbmx-public-knowledge-register/objects/index.html#OBJ-0807,PKR-CAT-009,Editorial tests and historical documentation
OBJ-0808,Bicross Magazine classified-ad service and privacy boundary,Bicross Magazine,July 1982,Archive collection,1,EPH-0818,,RETAIN — issue-specific occurrence pending visual comparison,HIGH,INDEX-ONLY,INCLUDED — indexed issue text; visual comparison pending.,https://article134-tech.github.io/lititzbmx-public-knowledge-register/objects/index.html#OBJ-0808,PKR-CAT-009,Editorial tests and historical documentation
OBJ-0809,JT Racing motocross and BMX apparel advertisement,JT Racing,July 1982,Magazine advertisement,1,EPH-0819,,REVIEW — recurring campaign/feature candidate; retain separately pending page-image comparison,HIGH,INDEX-ONLY,INCLUDED — indexed issue text; visual comparison pending.,https://article134-tech.github.io/lititzbmx-public-knowledge-register/objects/index.html#OBJ-0809,PKR-CAT-002,Advertisements and price lists
OBJ-0810,Bicross Magazine October 1982 issue masthead and contents,Bicross Magazine,October 1982,Archive collection,1,EPH-0820,,RETAIN — issue-specific occurrence pending visual comparison,HIGH,INDEX-ONLY,INCLUDED — indexed issue text; visual comparison pending.,https://article134-tech.github.io/lititzbmx-public-knowledge-register/objects/index.html#OBJ-0810,PKR-CAT-009,Editorial tests and historical documentation
OBJ-0811,"Reader letters, requested coverage, and privacy boundary",Bicross Magazine,October 1982,Archive collection,1,EPH-0821,,RETAIN — issue-specific occurrence pending visual comparison,HIGH,INDEX-ONLY,INCLUDED — indexed issue text; visual comparison pending.,https://article134-tech.github.io/lititzbmx-public-knowledge-register/objects/index.html#OBJ-0811,PKR-CAT-009,Editorial tests and historical documentation
OBJ-0812,Bagnères-de-Bigorre BMX track and proposed club,Bagnères BMX riders,October 1982,Archive collection,1,EPH-0822,,RETAIN — issue-specific occurrence pending visual comparison,HIGH,INDEX-ONLY,INCLUDED — indexed issue text; visual comparison pending.,https://article134-tech.github.io/lititzbmx-public-knowledge-register/objects/index.html#OBJ-0812,PKR-CAT-009,Editorial tests and historical documentation
OBJ-0813,French BMX club availability and association-formation guidance,Bicross Magazine; AFB,October 1982,Archive collection,1,EPH-0823,,RETAIN — issue-specific occurrence pending visual comparison,HIGH,INDEX-ONLY,INCLUDED — indexed issue text; visual comparison pending.,https://article134-tech.github.io/lititzbmx-public-knowledge-register/objects/index.html#OBJ-0813,PKR-CAT-009,Editorial tests and historical documentation
OBJ-0814,"Entry-level BMX buying guidance around the 1,000-franc threshold",Bicross Magazine,October 1982,Product literature,1,EPH-0824,,RETAIN — issue-specific occurrence pending visual comparison,HIGH,INDEX-ONLY,INCLUDED — indexed issue text; visual comparison pending.,https://article134-tech.github.io/lititzbmx-public-knowledge-register/objects/index.html#OBJ-0814,PKR-CAT-001,Catalogs and product literature
OBJ-0815,French BMX competition-equipment rules technical Q&A,Bicross Magazine; AFB,October 1982,Product literature,1,EPH-0825,,RETAIN — issue-specific occurrence pending visual comparison,HIGH,INDEX-ONLY,INCLUDED — indexed issue text; visual comparison pending.,https://article134-tech.github.io/lititzbmx-public-knowledge-register/objects/index.html#OBJ-0815,PKR-CAT-001,Catalogs and product literature
OBJ-0816,Aquatic BMX reader-photo feature,Kamikas Club Gacilien,October 1982,Archive collection,1,EPH-0826,,RETAIN — issue-specific occurrence pending visual comparison,HIGH,INDEX-ONLY,INCLUDED — indexed issue text; visual comparison pending.,https://article134-tech.github.io/lititzbmx-public-knowledge-register/objects/index.html#OBJ-0816,PKR-CAT-009,Editorial tests and historical documentation
OBJ-0817,"L’Ami des Sportifs Motobécane, Mongoose, Yamaha, and component advertisement",L’Ami des Sportifs,October 1982,Retailer advertisement / price list,1,EPH-0827,,REVIEW — recurring campaign/feature candidate; retain separately pending page-image comparison,HIGH,INDEX-ONLY,INCLUDED — indexed issue text; visual comparison pending.,https://article134-tech.github.io/lititzbmx-public-knowledge-register/objects/index.html#OBJ-0817,PKR-CAT-002,Advertisements and price lists
OBJ-0818,Motobécane 1983 BMX range overview,Motobécane,October 1982,Product literature,1,EPH-0828,,RETAIN — issue-specific occurrence pending visual comparison,HIGH,INDEX-ONLY,INCLUDED — indexed issue text; visual comparison pending.,https://article134-tech.github.io/lititzbmx-public-knowledge-register/objects/index.html#OBJ-0818,PKR-CAT-001,Catalogs and product literature
OBJ-0819,Motobécane BX 14 model profile,Motobécane,October 1982,Product literature,1,EPH-0829,,RETAIN — issue-specific occurrence pending visual comparison,HIGH,INDEX-ONLY,INCLUDED — indexed issue text; visual comparison pending.,https://article134-tech.github.io/lititzbmx-public-knowledge-register/objects/index.html#OBJ-0819,PKR-CAT-001,Catalogs and product literature
OBJ-0820,Motobécane BX 20 model profile,Motobécane,October 1982,Product literature,1,EPH-0830,,RETAIN — issue-specific occurrence pending visual comparison,HIGH,INDEX-ONLY,INCLUDED — indexed issue text; visual comparison pending.,https://article134-tech.github.io/lititzbmx-public-knowledge-register/objects/index.html#OBJ-0820,PKR-CAT-001,Catalogs and product literature
OBJ-0821,Motobécane MX 102 competition model profile,Motobécane,October 1982,Product literature,1,EPH-0831,,RETAIN — issue-specific occurrence pending visual comparison,HIGH,INDEX-ONLY,INCLUDED — indexed issue text; visual comparison pending.,https://article134-tech.github.io/lititzbmx-public-knowledge-register/objects/index.html#OBJ-0821,PKR-CAT-001,Catalogs and product literature
OBJ-0822,Motobécane MX 152 competition model profile,Motobécane,October 1982,Product literature,1,EPH-0832,,RETAIN — issue-specific occurrence pending visual comparison,HIGH,INDEX-ONLY,INCLUDED — indexed issue text; visual comparison pending.,https://article134-tech.github.io/lititzbmx-public-knowledge-register/objects/index.html#OBJ-0822,PKR-CAT-001,Catalogs and product literature
OBJ-0823,Motobécane MX 252 team competition model profile,Motobécane,October 1982,Product literature,1,EPH-0833,,RETAIN — issue-specific occurrence pending visual comparison,HIGH,INDEX-ONLY,INCLUDED — indexed issue text; visual comparison pending.,https://article134-tech.github.io/lititzbmx-public-knowledge-register/objects/index.html#OBJ-0823,PKR-CAT-001,Catalogs and product literature
OBJ-0824,Altkirch Grand Prix de France international report,Bicross Club d’Altkirch; AFB,October 1982,Archive collection,1,EPH-0834,,RETAIN — issue-specific occurrence pending visual comparison,HIGH,INDEX-ONLY,INCLUDED — indexed issue text; visual comparison pending.,https://article134-tech.github.io/lititzbmx-public-knowledge-register/objects/index.html#OBJ-0824,PKR-CAT-009,Editorial tests and historical documentation
OBJ-0825,Altkirch Grand Prix de France results and classifications,Bicross Club d’Altkirch; AFB,October 1982,Archive collection,1,EPH-0835,,RETAIN — issue-specific occurrence pending visual comparison,HIGH,INDEX-ONLY,INCLUDED — indexed issue text; visual comparison pending.,https://article134-tech.github.io/lititzbmx-public-knowledge-register/objects/index.html#OBJ-0825,PKR-CAT-009,Editorial tests and historical documentation
OBJ-0826,John Hutelin Skyway rider appearance at Altkirch,Skyway; John Hutelin,October 1982,Factory-team history,1,EPH-0836,,RETAIN — issue-specific occurrence pending visual comparison,HIGH,INDEX-ONLY,INCLUDED — indexed issue text; visual comparison pending.,https://article134-tech.github.io/lititzbmx-public-knowledge-register/objects/index.html#OBJ-0826,PKR-CAT-006,"Teams, riders, and brand campaigns"
OBJ-0827,Cyclo-Car universal carrier October order advertisement,Cyclo-Car; Eximpress,October 1982,Magazine advertisement,1,EPH-0837,,REVIEW — recurring campaign/feature candidate; retain separately pending page-image comparison,HIGH,INDEX-ONLY,INCLUDED — indexed issue text; visual comparison pending.,https://article134-tech.github.io/lititzbmx-public-knowledge-register/objects/index.html#OBJ-0827,PKR-CAT-002,Advertisements and price lists
OBJ-0828,BH Stop-Magic synthetic brake-block announcement,Beistegui Hermanos (BH),October 1982,Product announcement / kit,1,EPH-0838,,RETAIN — issue-specific occurrence pending visual comparison,HIGH,INDEX-ONLY,INCLUDED — indexed issue text; visual comparison pending.,https://article134-tech.github.io/lititzbmx-public-knowledge-register/objects/index.html#OBJ-0828,PKR-CAT-008,Product announcements and technical material
OBJ-0829,Bagnères-de-Bigorre permanent BMX circuit technical profile,Bagnères BMX riders,October 1982,Archive collection,1,EPH-0839,,RETAIN — issue-specific occurrence pending visual comparison,HIGH,INDEX-ONLY,INCLUDED — indexed issue text; visual comparison pending.,https://article134-tech.github.io/lititzbmx-public-knowledge-register/objects/index.html#OBJ-0829,PKR-CAT-009,Editorial tests and historical documentation
OBJ-0830,New AFB-affiliated BMX clubs roundup,Association Française de Bicross,October 1982,Archive collection,1,EPH-0840,,REVIEW — recurring campaign/feature candidate; retain separately pending page-image comparison,HIGH,INDEX-ONLY,INCLUDED — indexed issue text; visual comparison pending.,https://article134-tech.github.io/lititzbmx-public-knowledge-register/objects/index.html#OBJ-0830,PKR-CAT-009,Editorial tests and historical documentation
OBJ-0831,Mongoose forthcoming French import through Motobécane,Mongoose; Motobécane,October 1982,Product-history object,1,EPH-0841,,RETAIN — issue-specific occurrence pending visual comparison,HIGH,INDEX-ONLY,INCLUDED — indexed issue text; visual comparison pending.,https://article134-tech.github.io/lititzbmx-public-knowledge-register/objects/index.html#OBJ-0831,PKR-CAT-009,Editorial tests and historical documentation
OBJ-0832,Yamaha BMX French commercial-launch delay,Yamaha,October 1982,Product-history object,1,EPH-0842,,REVIEW — recurring campaign/feature candidate; retain separately pending page-image comparison,HIGH,INDEX-ONLY,INCLUDED — indexed issue text; visual comparison pending.,https://article134-tech.github.io/lititzbmx-public-knowledge-register/objects/index.html#OBJ-0832,PKR-CAT-009,Editorial tests and historical documentation
OBJ-0833,Gilles Burgat lightweight bicycle-trial project,Gilles Burgat,October 1982,Product announcement / kit,1,EPH-0843,,RETAIN — issue-specific occurrence pending visual comparison,HIGH,INDEX-ONLY,INCLUDED — indexed issue text; visual comparison pending.,https://article134-tech.github.io/lititzbmx-public-knowledge-register/objects/index.html#OBJ-0833,PKR-CAT-008,Product announcements and technical material
OBJ-0834,Bol d’Or Motobécane-Loïs BMX event notice,Motobécane-Loïs; AFB; Bol d’Or,October 1982,Event notice / contact flyer,1,EPH-0844,,REVIEW — recurring campaign/feature candidate; retain separately pending page-image comparison,HIGH,INDEX-ONLY,INCLUDED — indexed issue text; visual comparison pending.,https://article134-tech.github.io/lititzbmx-public-knowledge-register/objects/index.html#OBJ-0834,PKR-CAT-005,"Events, registration, and membership"
OBJ-0835,Missing BH championship trophies report,BH; AFB,October 1982,Archive collection,1,EPH-0845,,RETAIN — issue-specific occurrence pending visual comparison,HIGH,INDEX-ONLY,INCLUDED — indexed issue text; visual comparison pending.,https://article134-tech.github.io/lititzbmx-public-knowledge-register/objects/index.html#OBJ-0835,PKR-CAT-009,Editorial tests and historical documentation
OBJ-0836,Gruissan European BMX center and training-stage plan,Gruissan; René Nicolas,October 1982,Archive collection,1,EPH-0846,,RETAIN — issue-specific occurrence pending visual comparison,HIGH,INDEX-ONLY,INCLUDED — indexed issue text; visual comparison pending.,https://article134-tech.github.io/lititzbmx-public-knowledge-register/objects/index.html#OBJ-0836,PKR-CAT-009,Editorial tests and historical documentation
OBJ-0837,Cinelli lightweight BMX and Sireix family equipment profile,Cinelli; Sireix family,October 1982,Product literature,1,EPH-0847,,RETAIN — issue-specific occurrence pending visual comparison,HIGH,INDEX-ONLY,INCLUDED — indexed issue text; visual comparison pending.,https://article134-tech.github.io/lititzbmx-public-knowledge-register/objects/index.html#OBJ-0837,PKR-CAT-001,Catalogs and product literature
OBJ-0838,Paris Bois de Vincennes BMX track and riding school project,Ateliers parisiens d’initiative; City of Paris,October 1982,Archive collection,1,EPH-0848,,RETAIN — issue-specific occurrence pending visual comparison,HIGH,INDEX-ONLY,INCLUDED — indexed issue text; visual comparison pending.,https://article134-tech.github.io/lititzbmx-public-knowledge-register/objects/index.html#OBJ-0838,PKR-CAT-009,Editorial tests and historical documentation
OBJ-0839,JT Hi-Flyers BMX competition shoe announcement,JT Racing; JMP,October 1982,Product announcement / kit,1,EPH-0849,,RETAIN — issue-specific occurrence pending visual comparison,HIGH,INDEX-ONLY,INCLUDED — indexed issue text; visual comparison pending.,https://article134-tech.github.io/lititzbmx-public-knowledge-register/objects/index.html#OBJ-0839,PKR-CAT-008,Product announcements and technical material
OBJ-0840,Saint-Marcel BMX specialist brand-line advertisement,Saint-Marcel BMX specialist,October 1982,Dealer/shop advertisement,1,EPH-0850,,REVIEW — recurring campaign/feature candidate; retain separately pending page-image comparison,HIGH,INDEX-ONLY,INCLUDED — indexed issue text; visual comparison pending.,https://article134-tech.github.io/lititzbmx-public-knowledge-register/objects/index.html#OBJ-0840,PKR-CAT-007,Dealers and distributors
OBJ-0841,Jacques Laffite all-terrain mail-order catalogue advertisement,Jacques Laffite Lignes Loisirs,October 1982,Catalog mailer / advertisement,1,EPH-0851,,REVIEW — recurring campaign/feature candidate; retain separately pending page-image comparison,HIGH,INDEX-ONLY,INCLUDED — indexed issue text; visual comparison pending.,https://article134-tech.github.io/lititzbmx-public-knowledge-register/objects/index.html#OBJ-0841,PKR-CAT-003,"Mailers, stickers, and information packs"
OBJ-0842,French team European Championship and Dayton Worlds expedition,AFB; French BMX delegation,October 1982,Archive collection,1,EPH-0852,,RETAIN — issue-specific occurrence pending visual comparison,HIGH,INDEX-ONLY,INCLUDED — indexed issue text; visual comparison pending.,https://article134-tech.github.io/lititzbmx-public-knowledge-register/objects/index.html#OBJ-0842,PKR-CAT-009,Editorial tests and historical documentation
OBJ-0843,Jean-Luc Ferré European title and Motobécane travel support,Motobécane; Jean-Luc Ferré,October 1982,Factory-team history,1,EPH-0853,,RETAIN — issue-specific occurrence pending visual comparison,HIGH,INDEX-ONLY,INCLUDED — indexed issue text; visual comparison pending.,https://article134-tech.github.io/lititzbmx-public-knowledge-register/objects/index.html#OBJ-0843,PKR-CAT-006,"Teams, riders, and brand campaigns"
OBJ-0844,European BMX charter delegation to Dayton,AFB; Dutch BMX federation; European delegation,October 1982,Tour promotion / route notice,1,EPH-0854,,RETAIN — issue-specific occurrence pending visual comparison,HIGH,INDEX-ONLY,INCLUDED — indexed issue text; visual comparison pending.,https://article134-tech.github.io/lititzbmx-public-knowledge-register/objects/index.html#OBJ-0844,PKR-CAT-005,"Events, registration, and membership"
OBJ-0845,Dayton World Championship track construction and Huffy sponsorship,Huffy; NBL; IBMXF,October 1982,Archive collection,1,EPH-0855,,RETAIN — issue-specific occurrence pending visual comparison,HIGH,INDEX-ONLY,INCLUDED — indexed issue text; visual comparison pending.,https://article134-tech.github.io/lititzbmx-public-knowledge-register/objects/index.html#OBJ-0845,PKR-CAT-009,Editorial tests and historical documentation
OBJ-0846,NBL and IBMXF international-governance context,NBL; IBMXF; AFB,October 1982,Archive collection,1,EPH-0856,,RETAIN — issue-specific occurrence pending visual comparison,HIGH,INDEX-ONLY,INCLUDED — indexed issue text; visual comparison pending.,https://article134-tech.github.io/lititzbmx-public-knowledge-register/objects/index.html#OBJ-0846,PKR-CAT-009,Editorial tests and historical documentation
OBJ-0847,Dayton World Championship track-safety modification,NBL; Huffy,October 1982,Archive collection,1,EPH-0857,,RETAIN — issue-specific occurrence pending visual comparison,HIGH,INDEX-ONLY,INCLUDED — indexed issue text; visual comparison pending.,https://article134-tech.github.io/lititzbmx-public-knowledge-register/objects/index.html#OBJ-0847,PKR-CAT-009,Editorial tests and historical documentation
OBJ-0848,French rider results at the 1982 Dayton World Championship,French BMX delegation,October 1982,Archive collection,1,EPH-0858,,RETAIN — issue-specific occurrence pending visual comparison,HIGH,INDEX-ONLY,INCLUDED — indexed issue text; visual comparison pending.,https://article134-tech.github.io/lititzbmx-public-knowledge-register/objects/index.html#OBJ-0848,PKR-CAT-009,Editorial tests and historical documentation
OBJ-0849,Greg Hill Dayton professional victory and prize-money report,GT; Greg Hill,October 1982,Factory-team history,1,EPH-0859,,RETAIN — issue-specific occurrence pending visual comparison,HIGH,INDEX-ONLY,INCLUDED — indexed issue text; visual comparison pending.,https://article134-tech.github.io/lititzbmx-public-knowledge-register/objects/index.html#OBJ-0849,PKR-CAT-006,"Teams, riders, and brand campaigns"
OBJ-0850,Dayton trophies and temporary-track demolition,NBL; Huffy,October 1982,Archive collection,1,EPH-0860,,RETAIN — issue-specific occurrence pending visual comparison,HIGH,INDEX-ONLY,INCLUDED — indexed issue text; visual comparison pending.,https://article134-tech.github.io/lititzbmx-public-knowledge-register/objects/index.html#OBJ-0850,PKR-CAT-009,Editorial tests and historical documentation
OBJ-0851,Laffite VLX 20 road-and-track test overview,Jacques Laffite,October 1982,Product literature,1,EPH-0861,,REVIEW — recurring campaign/feature candidate; retain separately pending page-image comparison,HIGH,INDEX-ONLY,INCLUDED — indexed issue text; visual comparison pending.,https://article134-tech.github.io/lititzbmx-public-knowledge-register/objects/index.html#OBJ-0851,PKR-CAT-001,Catalogs and product literature
OBJ-0852,Laffite VLX 20 equipment and technical specification,Jacques Laffite,October 1982,Product literature,1,EPH-0862,,REVIEW — recurring campaign/feature candidate; retain separately pending page-image comparison,HIGH,INDEX-ONLY,INCLUDED — indexed issue text; visual comparison pending.,https://article134-tech.github.io/lititzbmx-public-knowledge-register/objects/index.html#OBJ-0852,PKR-CAT-001,Catalogs and product literature
OBJ-0853,"Laffite VLX 20 safety, braking, and durability assessment",Jacques Laffite,October 1982,Product literature,1,EPH-0863,,REVIEW — recurring campaign/feature candidate; retain separately pending page-image comparison,HIGH,INDEX-ONLY,INCLUDED — indexed issue text; visual comparison pending.,https://article134-tech.github.io/lititzbmx-public-knowledge-register/objects/index.html#OBJ-0853,PKR-CAT-001,Catalogs and product literature
OBJ-0854,Laffite VLX 20 performance and value conclusion,Jacques Laffite,October 1982,Product literature,1,EPH-0864,,REVIEW — recurring campaign/feature candidate; retain separately pending page-image comparison,HIGH,INDEX-ONLY,INCLUDED — indexed issue text; visual comparison pending.,https://article134-tech.github.io/lititzbmx-public-knowledge-register/objects/index.html#OBJ-0854,PKR-CAT-001,Catalogs and product literature
OBJ-0855,First European bicycle-trial cup overview,Montesa; European bicycle-trial organizers,October 1982,Archive collection,1,EPH-0865,,RETAIN — issue-specific occurrence pending visual comparison,HIGH,INDEX-ONLY,INCLUDED — indexed issue text; visual comparison pending.,https://article134-tech.github.io/lititzbmx-public-knowledge-register/objects/index.html#OBJ-0855,PKR-CAT-009,Editorial tests and historical documentation
OBJ-0856,San Fost de Campcentelles bicycle-trial European round,Moto Club Mollet; Escuderia Isern,October 1982,Archive collection,1,EPH-0866,,RETAIN — issue-specific occurrence pending visual comparison,HIGH,INDEX-ONLY,INCLUDED — indexed issue text; visual comparison pending.,https://article134-tech.github.io/lititzbmx-public-knowledge-register/objects/index.html#OBJ-0856,PKR-CAT-009,Editorial tests and historical documentation
OBJ-0857,Furstenhagen bicycle-trial European round,German bicycle-trial organizers,October 1982,Archive collection,1,EPH-0867,,RETAIN — issue-specific occurrence pending visual comparison,HIGH,INDEX-ONLY,INCLUDED — indexed issue text; visual comparison pending.,https://article134-tech.github.io/lititzbmx-public-knowledge-register/objects/index.html#OBJ-0857,PKR-CAT-009,Editorial tests and historical documentation
OBJ-0858,Heywood European bicycle-trial final and champions,British bicycle-trial organizers,October 1982,Archive collection,1,EPH-0868,,RETAIN — issue-specific occurrence pending visual comparison,HIGH,INDEX-ONLY,INCLUDED — indexed issue text; visual comparison pending.,https://article134-tech.github.io/lititzbmx-public-knowledge-register/objects/index.html#OBJ-0858,PKR-CAT-009,Editorial tests and historical documentation
OBJ-0859,1982 European bicycle-trial results tables,European bicycle-trial organizers,October 1982,Archive collection,1,EPH-0869,,RETAIN — issue-specific occurrence pending visual comparison,HIGH,INDEX-ONLY,INCLUDED — indexed issue text; visual comparison pending.,https://article134-tech.github.io/lititzbmx-public-knowledge-register/objects/index.html#OBJ-0859,PKR-CAT-009,Editorial tests and historical documentation
OBJ-0860,Gruissan 1982 French Championship final report,AFB; Gruissan; Motobécane-Loïs,October 1982,Archive collection,1,EPH-0870,,RETAIN — issue-specific occurrence pending visual comparison,HIGH,INDEX-ONLY,INCLUDED — indexed issue text; visual comparison pending.,https://article134-tech.github.io/lititzbmx-public-knowledge-register/objects/index.html#OBJ-0860,PKR-CAT-009,Editorial tests and historical documentation
OBJ-0861,1982 French BMX Championship final standings,AFB,October 1982,Archive collection,1,EPH-0871,,RETAIN — issue-specific occurrence pending visual comparison,HIGH,INDEX-ONLY,INCLUDED — indexed issue text; visual comparison pending.,https://article134-tech.github.io/lititzbmx-public-knowledge-register/objects/index.html#OBJ-0861,PKR-CAT-009,Editorial tests and historical documentation
OBJ-0862,Gruissan French Championship event results,AFB; Gruissan,October 1982,Archive collection,1,EPH-0872,,RETAIN — issue-specific occurrence pending visual comparison,HIGH,INDEX-ONLY,INCLUDED — indexed issue text; visual comparison pending.,https://article134-tech.github.io/lititzbmx-public-knowledge-register/objects/index.html#OBJ-0862,PKR-CAT-009,Editorial tests and historical documentation
OBJ-0863,Gruissan Motobécane-Loïs Trophy results,Motobécane-Loïs,October 1982,Archive collection,1,EPH-0873,,REVIEW — recurring campaign/feature candidate; retain separately pending page-image comparison,HIGH,INDEX-ONLY,INCLUDED — indexed issue text; visual comparison pending.,https://article134-tech.github.io/lititzbmx-public-knowledge-register/objects/index.html#OBJ-0863,PKR-CAT-009,Editorial tests and historical documentation
OBJ-0864,Béziers Féria BMX Grand Prix report and results,Bi-Crossing Club Biterrois,October 1982,Archive collection,1,EPH-0874,,RETAIN — issue-specific occurrence pending visual comparison,HIGH,INDEX-ONLY,INCLUDED — indexed issue text; visual comparison pending.,https://article134-tech.github.io/lititzbmx-public-knowledge-register/objects/index.html#OBJ-0864,PKR-CAT-009,Editorial tests and historical documentation
OBJ-0865,AFB 1983 expert-class promotion list,Association Française de Bicross,October 1982,Archive collection,1,EPH-0875,,RETAIN — issue-specific occurrence pending visual comparison,HIGH,INDEX-ONLY,INCLUDED — indexed issue text; visual comparison pending.,https://article134-tech.github.io/lititzbmx-public-knowledge-register/objects/index.html#OBJ-0865,PKR-CAT-009,Editorial tests and historical documentation
OBJ-0866,Bicross Magazine October classified-ad service and privacy boundary,Bicross Magazine,October 1982,Archive collection,1,EPH-0876,,REVIEW — recurring campaign/feature candidate; retain separately pending page-image comparison,HIGH,INDEX-ONLY,INCLUDED — indexed issue text; visual comparison pending.,https://article134-tech.github.io/lititzbmx-public-knowledge-register/objects/index.html#OBJ-0866,PKR-CAT-009,Editorial tests and historical documentation
OBJ-0867,Bol d’Or Circuit Paul Ricard back-page promotion,Bol d’Or; Circuit Paul Ricard,October 1982,Magazine advertisement,1,EPH-0877,,RETAIN — issue-specific occurrence pending visual comparison,HIGH,INDEX-ONLY,INCLUDED — indexed issue text; visual comparison pending.,https://article134-tech.github.io/lititzbmx-public-knowledge-register/objects/index.html#OBJ-0867,PKR-CAT-002,Advertisements and price lists
OBJ-0868,Bicross Magazine November 1982 issue masthead and contents,Bicross Magazine,November 1982,Archive collection,1,EPH-0878,,RETAIN — issue-specific occurrence pending visual comparison,HIGH,INDEX-ONLY,INCLUDED — indexed issue text; visual comparison pending.,https://article134-tech.github.io/lititzbmx-public-knowledge-register/objects/index.html#OBJ-0868,PKR-CAT-009,Editorial tests and historical documentation
OBJ-0869,French BMX manufacturing editorial,Bicross Magazine,November 1982,Archive collection,1,EPH-0879,,RETAIN — issue-specific occurrence pending visual comparison,HIGH,INDEX-ONLY,INCLUDED — indexed issue text; visual comparison pending.,https://article134-tech.github.io/lititzbmx-public-knowledge-register/objects/index.html#OBJ-0869,PKR-CAT-009,Editorial tests and historical documentation
OBJ-0870,BH pan-European BMX brand advertisement,Beistegui Hermanos (BH),November 1982,Magazine advertisement,1,EPH-0880,,REVIEW — recurring campaign/feature candidate; retain separately pending page-image comparison,HIGH,INDEX-ONLY,INCLUDED — indexed issue text; visual comparison pending.,https://article134-tech.github.io/lititzbmx-public-knowledge-register/objects/index.html#OBJ-0870,PKR-CAT-002,Advertisements and price lists
OBJ-0871,Bicrossing Club Givordin launch and permanent track,Bicrossing Club Givordin,November 1982,Archive collection,1,EPH-0881,,RETAIN — issue-specific occurrence pending visual comparison,HIGH,INDEX-ONLY,INCLUDED — indexed issue text; visual comparison pending.,https://article134-tech.github.io/lititzbmx-public-knowledge-register/objects/index.html#OBJ-0871,PKR-CAT-005,"Events, registration, and membership"
OBJ-0872,Motobécane team-entry and club guidance,Bicross Magazine; Motobécane,November 1982,Archive collection,1,EPH-0882,,RETAIN — issue-specific occurrence pending visual comparison,HIGH,INDEX-ONLY,INCLUDED — indexed issue text; visual comparison pending.,https://article134-tech.github.io/lititzbmx-public-knowledge-register/objects/index.html#OBJ-0872,PKR-CAT-006,"Teams, riders, and brand campaigns"
OBJ-0873,Regional club and track information requests,Bicross Magazine,November 1982,Archive collection,1,EPH-0883,,REVIEW — recurring campaign/feature candidate; retain separately pending page-image comparison,HIGH,INDEX-ONLY,INCLUDED — indexed issue text; visual comparison pending.,https://article134-tech.github.io/lititzbmx-public-knowledge-register/objects/index.html#OBJ-0873,PKR-CAT-009,Editorial tests and historical documentation
OBJ-0874,Home-built Peugeot and Motobécane bicycle-trial machine,Philippe Moulène; Peugeot; Motobécane,November 1982,Product literature,1,EPH-0884,,RETAIN — issue-specific occurrence pending visual comparison,HIGH,INDEX-ONLY,INCLUDED — indexed issue text; visual comparison pending.,https://article134-tech.github.io/lititzbmx-public-knowledge-register/objects/index.html#OBJ-0874,PKR-CAT-001,Catalogs and product literature
OBJ-0875,"BMX price, geometry, wheel-weight, and front-brake technical Q&A",Bicross Magazine,November 1982,Product literature,1,EPH-0885,,RETAIN — issue-specific occurrence pending visual comparison,HIGH,INDEX-ONLY,INCLUDED — indexed issue text; visual comparison pending.,https://article134-tech.github.io/lititzbmx-public-knowledge-register/objects/index.html#OBJ-0875,PKR-CAT-001,Catalogs and product literature
OBJ-0876,Motobécane MX 30 suspension-removal guidance,Motobécane; Bicross Magazine,November 1982,Product literature,1,EPH-0886,,RETAIN — issue-specific occurrence pending visual comparison,HIGH,INDEX-ONLY,INCLUDED — indexed issue text; visual comparison pending.,https://article134-tech.github.io/lititzbmx-public-knowledge-register/objects/index.html#OBJ-0876,PKR-CAT-001,Catalogs and product literature
OBJ-0877,"Adult racing, French track growth, and BMX Action subscription guidance",Bicross Magazine; BMX Action,November 1982,Archive collection,1,EPH-0887,,RETAIN — issue-specific occurrence pending visual comparison,HIGH,INDEX-ONLY,INCLUDED — indexed issue text; visual comparison pending.,https://article134-tech.github.io/lititzbmx-public-knowledge-register/objects/index.html#OBJ-0877,PKR-CAT-009,Editorial tests and historical documentation
OBJ-0878,L’Ami des Sportifs BMX component and bicycle price advertisement,L’Ami des Sportifs,November 1982,Retailer advertisement / price list,1,EPH-0888,,REVIEW — recurring campaign/feature candidate; retain separately pending page-image comparison,HIGH,INDEX-ONLY,INCLUDED — indexed issue text; visual comparison pending.,https://article134-tech.github.io/lititzbmx-public-knowledge-register/objects/index.html#OBJ-0878,PKR-CAT-002,Advertisements and price lists
OBJ-0879,"ALVA International BMX frame, fork, and stem order advertisement",ALVA International; Laffite,November 1982,Retailer advertisement / price list,1,EPH-0889,,REVIEW — recurring campaign/feature candidate; retain separately pending page-image comparison,HIGH,INDEX-ONLY,INCLUDED — indexed issue text; visual comparison pending.,https://article134-tech.github.io/lititzbmx-public-knowledge-register/objects/index.html#OBJ-0879,PKR-CAT-002,Advertisements and price lists
OBJ-0880,Gilles Burgat lightweight bicycle-trial prototype,Gilles Burgat,November 1982,Product announcement / kit,1,EPH-0890,,REVIEW — recurring campaign/feature candidate; retain separately pending page-image comparison,HIGH,INDEX-ONLY,INCLUDED — indexed issue text; visual comparison pending.,https://article134-tech.github.io/lititzbmx-public-knowledge-register/objects/index.html#OBJ-0880,PKR-CAT-008,Product announcements and technical material
OBJ-0881,Bagnères-de-Bigorre track inauguration and results,Vélo-Cross Club Bagnérais,November 1982,Archive collection,1,EPH-0891,,REVIEW — recurring campaign/feature candidate; retain separately pending page-image comparison,HIGH,INDEX-ONLY,INCLUDED — indexed issue text; visual comparison pending.,https://article134-tech.github.io/lititzbmx-public-knowledge-register/objects/index.html#OBJ-0881,PKR-CAT-009,Editorial tests and historical documentation
OBJ-0882,1982 United States BMX Grand Prix preview,NBL; IBMXF; Mongoose; Magic Mountain,November 1982,Event flyer / trade-exhibition notice,1,EPH-0892,,RETAIN — issue-specific occurrence pending visual comparison,HIGH,INDEX-ONLY,INCLUDED — indexed issue text; visual comparison pending.,https://article134-tech.github.io/lititzbmx-public-knowledge-register/objects/index.html#OBJ-0882,PKR-CAT-005,"Events, registration, and membership"
OBJ-0883,Gruissan Prom’Obi BMX training-stage schedule,Prom’Obi; AFB; Gruissan,November 1982,Event notice / contact flyer,1,EPH-0893,,REVIEW — recurring campaign/feature candidate; retain separately pending page-image comparison,HIGH,INDEX-ONLY,INCLUDED — indexed issue text; visual comparison pending.,https://article134-tech.github.io/lititzbmx-public-knowledge-register/objects/index.html#OBJ-0883,PKR-CAT-005,"Events, registration, and membership"
OBJ-0884,Issoire BMX club and permanent track,Issoire BMX club,November 1982,Archive collection,1,EPH-0894,,RETAIN — issue-specific occurrence pending visual comparison,HIGH,INDEX-ONLY,INCLUDED — indexed issue text; visual comparison pending.,https://article134-tech.github.io/lititzbmx-public-knowledge-register/objects/index.html#OBJ-0884,PKR-CAT-005,"Events, registration, and membership"
OBJ-0885,New French BMX clubs roundup,AFB; Thuir; Romans; Lure; Grenoble; Cavaillon; Rennes,November 1982,Archive collection,1,EPH-0895,,REVIEW — recurring campaign/feature candidate; retain separately pending page-image comparison,HIGH,INDEX-ONLY,INCLUDED — indexed issue text; visual comparison pending.,https://article134-tech.github.io/lititzbmx-public-knowledge-register/objects/index.html#OBJ-0885,PKR-CAT-005,"Events, registration, and membership"
OBJ-0886,Lyon bicycle-trial event notice,Nyons team; Thierry Girard,November 1982,Event notice / contact flyer,1,EPH-0896,,RETAIN — issue-specific occurrence pending visual comparison,HIGH,INDEX-ONLY,INCLUDED — indexed issue text; visual comparison pending.,https://article134-tech.github.io/lititzbmx-public-knowledge-register/objects/index.html#OBJ-0886,PKR-CAT-005,"Events, registration, and membership"
OBJ-0887,Lunel first BMX race notice,Lunel BMX club,November 1982,Event notice / contact flyer,1,EPH-0897,,RETAIN — issue-specific occurrence pending visual comparison,HIGH,INDEX-ONLY,INCLUDED — indexed issue text; visual comparison pending.,https://article134-tech.github.io/lititzbmx-public-knowledge-register/objects/index.html#OBJ-0887,PKR-CAT-005,"Events, registration, and membership"
OBJ-0888,IFMA Cologne international BMX exhibition overview,IFMA Cologne; Bicross Magazine,November 1982,Event flyer / trade-exhibition notice,1,EPH-0898,,RETAIN — issue-specific occurrence pending visual comparison,HIGH,INDEX-ONLY,INCLUDED — indexed issue text; visual comparison pending.,https://article134-tech.github.io/lititzbmx-public-knowledge-register/objects/index.html#OBJ-0888,PKR-CAT-005,"Events, registration, and membership"
OBJ-0889,Gitane Seven EMC model profile,Gitane,November 1982,Product literature,1,EPH-0899,,RETAIN — issue-specific occurrence pending visual comparison,HIGH,INDEX-ONLY,INCLUDED — indexed issue text; visual comparison pending.,https://article134-tech.github.io/lititzbmx-public-knowledge-register/objects/index.html#OBJ-0889,PKR-CAT-001,Catalogs and product literature
OBJ-0890,Gitane Race competition model profile,Gitane,November 1982,Product literature,1,EPH-0900,,RETAIN — issue-specific occurrence pending visual comparison,HIGH,INDEX-ONLY,INCLUDED — indexed issue text; visual comparison pending.,https://article134-tech.github.io/lititzbmx-public-knowledge-register/objects/index.html#OBJ-0890,PKR-CAT-001,Catalogs and product literature
OBJ-0891,Cizeron Bernard Thévenet BMX range profile,Cizeron; Bernard Thévenet,November 1982,Product literature,1,EPH-0901,,RETAIN — issue-specific occurrence pending visual comparison,HIGH,INDEX-ONLY,INCLUDED — indexed issue text; visual comparison pending.,https://article134-tech.github.io/lititzbmx-public-knowledge-register/objects/index.html#OBJ-0891,PKR-CAT-001,Catalogs and product literature
OBJ-0892,Lejeune RMX 20 model and braking variants,Lejeune,November 1982,Product literature,1,EPH-0902,,RETAIN — issue-specific occurrence pending visual comparison,HIGH,INDEX-ONLY,INCLUDED — indexed issue text; visual comparison pending.,https://article134-tech.github.io/lititzbmx-public-knowledge-register/objects/index.html#OBJ-0892,PKR-CAT-001,Catalogs and product literature
OBJ-0893,"France-Loire Mars, Alcyone, and competition-range development",France-Loire,November 1982,Product literature,1,EPH-0903,,RETAIN — issue-specific occurrence pending visual comparison,HIGH,INDEX-ONLY,INCLUDED — indexed issue text; visual comparison pending.,https://article134-tech.github.io/lititzbmx-public-knowledge-register/objects/index.html#OBJ-0893,PKR-CAT-001,Catalogs and product literature
OBJ-0894,BH California Star competition BMX profile,Beistegui Hermanos (BH),November 1982,Product literature,1,EPH-0904,,REVIEW — recurring campaign/feature candidate; retain separately pending page-image comparison,HIGH,INDEX-ONLY,INCLUDED — indexed issue text; visual comparison pending.,https://article134-tech.github.io/lititzbmx-public-knowledge-register/objects/index.html#OBJ-0894,PKR-CAT-001,Catalogs and product literature
OBJ-0895,BH Running Bull beach-cruiser profile,Beistegui Hermanos (BH),November 1982,Product literature,1,EPH-0905,,RETAIN — issue-specific occurrence pending visual comparison,HIGH,INDEX-ONLY,INCLUDED — indexed issue text; visual comparison pending.,https://article134-tech.github.io/lititzbmx-public-knowledge-register/objects/index.html#OBJ-0895,PKR-CAT-001,Catalogs and product literature
OBJ-0896,Esmaltina Ranger Portuguese BMX profile,Esmaltina,November 1982,Product literature,1,EPH-0906,,RETAIN — issue-specific occurrence pending visual comparison,HIGH,INDEX-ONLY,INCLUDED — indexed issue text; visual comparison pending.,https://article134-tech.github.io/lititzbmx-public-knowledge-register/objects/index.html#OBJ-0896,PKR-CAT-001,Catalogs and product literature
OBJ-0897,Universal Polish BMX industry profile,Universal,November 1982,Product-history object,1,EPH-0907,,RETAIN — issue-specific occurrence pending visual comparison,HIGH,INDEX-ONLY,INCLUDED — indexed issue text; visual comparison pending.,https://article134-tech.github.io/lititzbmx-public-knowledge-register/objects/index.html#OBJ-0897,PKR-CAT-009,Editorial tests and historical documentation
OBJ-0898,"Vaterland XM9, XM1000, and BMX 20 range",Vaterland,November 1982,Product literature,1,EPH-0908,,RETAIN — issue-specific occurrence pending visual comparison,HIGH,INDEX-ONLY,INCLUDED — indexed issue text; visual comparison pending.,https://article134-tech.github.io/lititzbmx-public-knowledge-register/objects/index.html#OBJ-0898,PKR-CAT-001,Catalogs and product literature
OBJ-0899,Schauff sidecar prototype and solo BMX range,Schauff,November 1982,Product literature,1,EPH-0909,,RETAIN — issue-specific occurrence pending visual comparison,HIGH,INDEX-ONLY,INCLUDED — indexed issue text; visual comparison pending.,https://article134-tech.github.io/lititzbmx-public-knowledge-register/objects/index.html#OBJ-0899,PKR-CAT-001,Catalogs and product literature
OBJ-0900,Jobafa German BMX profile,Jobafa,November 1982,Product literature,1,EPH-0910,,RETAIN — issue-specific occurrence pending visual comparison,HIGH,INDEX-ONLY,INCLUDED — indexed issue text; visual comparison pending.,https://article134-tech.github.io/lititzbmx-public-knowledge-register/objects/index.html#OBJ-0900,PKR-CAT-001,Catalogs and product literature
OBJ-0901,"Centurion Spider, Force, Professional-Line, and cruiser range",Centurion,November 1982,Product literature,1,EPH-0911,,RETAIN — issue-specific occurrence pending visual comparison,HIGH,INDEX-ONLY,INCLUDED — indexed issue text; visual comparison pending.,https://article134-tech.github.io/lititzbmx-public-knowledge-register/objects/index.html#OBJ-0901,PKR-CAT-001,Catalogs and product literature
OBJ-0902,Heidemann Zodic Horn BMX profile,Heidemann,November 1982,Product literature,1,EPH-0912,,RETAIN — issue-specific occurrence pending visual comparison,HIGH,INDEX-ONLY,INCLUDED — indexed issue text; visual comparison pending.,https://article134-tech.github.io/lititzbmx-public-knowledge-register/objects/index.html#OBJ-0902,PKR-CAT-001,Catalogs and product literature
OBJ-0903,Kalkhoff BMX 1 and Moto One profiles,Kalkhoff,November 1982,Product literature,1,EPH-0913,,RETAIN — issue-specific occurrence pending visual comparison,HIGH,INDEX-ONLY,INCLUDED — indexed issue text; visual comparison pending.,https://article134-tech.github.io/lititzbmx-public-knowledge-register/objects/index.html#OBJ-0903,PKR-CAT-001,Catalogs and product literature
OBJ-0904,Atala Rizato BMX profile,Atala Rizato,November 1982,Product literature,1,EPH-0914,,RETAIN — issue-specific occurrence pending visual comparison,HIGH,INDEX-ONLY,INCLUDED — indexed issue text; visual comparison pending.,https://article134-tech.github.io/lititzbmx-public-knowledge-register/objects/index.html#OBJ-0904,PKR-CAT-001,Catalogs and product literature
OBJ-0905,Cinelli Columbus BMX profile,Cinelli; Sireix family,November 1982,Product literature,1,EPH-0915,,REVIEW — recurring campaign/feature candidate; retain separately pending page-image comparison,HIGH,INDEX-ONLY,INCLUDED — indexed issue text; visual comparison pending.,https://article134-tech.github.io/lititzbmx-public-knowledge-register/objects/index.html#OBJ-0905,PKR-CAT-001,Catalogs and product literature
OBJ-0906,"Fréjus Super X Competition, Professional, and Action range",Fréjus,November 1982,Product literature,1,EPH-0916,,REVIEW — recurring campaign/feature candidate; retain separately pending page-image comparison,HIGH,INDEX-ONLY,INCLUDED — indexed issue text; visual comparison pending.,https://article134-tech.github.io/lititzbmx-public-knowledge-register/objects/index.html#OBJ-0906,PKR-CAT-001,Catalogs and product literature
OBJ-0907,Fréjus Super Cruiser profile,Fréjus,November 1982,Product literature,1,EPH-0917,,RETAIN — issue-specific occurrence pending visual comparison,HIGH,INDEX-ONLY,INCLUDED — indexed issue text; visual comparison pending.,https://article134-tech.github.io/lititzbmx-public-knowledge-register/objects/index.html#OBJ-0907,PKR-CAT-001,Catalogs and product literature
OBJ-0908,Pioner adjustable-geometry and dual-freewheel BMX system,Pioner,November 1982,Product announcement / kit,1,EPH-0918,,RETAIN — issue-specific occurrence pending visual comparison,HIGH,INDEX-ONLY,INCLUDED — indexed issue text; visual comparison pending.,https://article134-tech.github.io/lititzbmx-public-knowledge-register/objects/index.html#OBJ-0908,PKR-CAT-008,Product announcements and technical material
OBJ-0909,Batavus updated BMX Standard and Cross Luxe range,Batavus,November 1982,Product literature,1,EPH-0919,,REVIEW — recurring campaign/feature candidate; retain separately pending page-image comparison,HIGH,INDEX-ONLY,INCLUDED — indexed issue text; visual comparison pending.,https://article134-tech.github.io/lititzbmx-public-knowledge-register/objects/index.html#OBJ-0909,PKR-CAT-001,Catalogs and product literature
OBJ-0910,EML four-model solo BMX range and sidecar display,EML,November 1982,Product literature,1,EPH-0920,,RETAIN — issue-specific occurrence pending visual comparison,HIGH,INDEX-ONLY,INCLUDED — indexed issue text; visual comparison pending.,https://article134-tech.github.io/lititzbmx-public-knowledge-register/objects/index.html#OBJ-0910,PKR-CAT-001,Catalogs and product literature
OBJ-0911,"Kuwahara E.T. 1, 2, and 3 range",Kuwahara,November 1982,Product literature,1,EPH-0921,,REVIEW — recurring campaign/feature candidate; retain separately pending page-image comparison,HIGH,INDEX-ONLY,INCLUDED — indexed issue text; visual comparison pending.,https://article134-tech.github.io/lititzbmx-public-knowledge-register/objects/index.html#OBJ-0911,PKR-CAT-001,Catalogs and product literature
OBJ-0912,Kuwahara E.T. Pro and Super Pro profiles,Kuwahara,November 1982,Product literature,1,EPH-0922,,REVIEW — recurring campaign/feature candidate; retain separately pending page-image comparison,HIGH,INDEX-ONLY,INCLUDED — indexed issue text; visual comparison pending.,https://article134-tech.github.io/lititzbmx-public-knowledge-register/objects/index.html#OBJ-0912,PKR-CAT-001,Catalogs and product literature
OBJ-0913,Diamond Back Silver Streak and Turbo profiles,Diamond Back,November 1982,Product literature,1,EPH-0923,,REVIEW — recurring campaign/feature candidate; retain separately pending page-image comparison,HIGH,INDEX-ONLY,INCLUDED — indexed issue text; visual comparison pending.,https://article134-tech.github.io/lititzbmx-public-knowledge-register/objects/index.html#OBJ-0913,PKR-CAT-001,Catalogs and product literature
OBJ-0914,Haro accessories and Huffy Pro Lightning profile,Haro; Huffy,November 1982,Product literature,1,EPH-0924,,RETAIN — issue-specific occurrence pending visual comparison,HIGH,INDEX-ONLY,INCLUDED — indexed issue text; visual comparison pending.,https://article134-tech.github.io/lititzbmx-public-knowledge-register/objects/index.html#OBJ-0914,PKR-CAT-001,Catalogs and product literature
OBJ-0915,United States BMX manufacturer and component-industry overview,SE Racing; Torker; GT; Haro; Hutch; Mongoose; Redline; Schwinn; Huffy; Murray,November 1982,Archive collection,1,EPH-0925,,RETAIN — issue-specific occurrence pending visual comparison,HIGH,INDEX-ONLY,INCLUDED — indexed issue text; visual comparison pending.,https://article134-tech.github.io/lititzbmx-public-knowledge-register/objects/index.html#OBJ-0915,PKR-CAT-009,Editorial tests and historical documentation
OBJ-0916,Raleigh Bomber 24 and Bomber 26 cruiser profiles,Raleigh,November 1982,Product literature,1,EPH-0926,,RETAIN — issue-specific occurrence pending visual comparison,HIGH,INDEX-ONLY,INCLUDED — indexed issue text; visual comparison pending.,https://article134-tech.github.io/lititzbmx-public-knowledge-register/objects/index.html#OBJ-0916,PKR-CAT-001,Catalogs and product literature
OBJ-0917,Taiwan BMX production and Giant Team and 350 Super Pro profiles,Giant; Taiwanese bicycle industry,November 1982,Product-history object,1,EPH-0927,,RETAIN — issue-specific occurrence pending visual comparison,HIGH,INDEX-ONLY,INCLUDED — indexed issue text; visual comparison pending.,https://article134-tech.github.io/lititzbmx-public-knowledge-register/objects/index.html#OBJ-0917,PKR-CAT-009,Editorial tests and historical documentation
OBJ-0918,Mady Enterprise build-it-yourself BMX kit,Mady Enterprise,November 1982,Product announcement / kit,1,EPH-0928,,RETAIN — issue-specific occurrence pending visual comparison,HIGH,INDEX-ONLY,INCLUDED — indexed issue text; visual comparison pending.,https://article134-tech.github.io/lititzbmx-public-knowledge-register/objects/index.html#OBJ-0918,PKR-CAT-008,Product announcements and technical material
OBJ-0919,"Mingtien Silver Fox, Super Fox, and Aero-Fox range",Mingtien,November 1982,Product literature,1,EPH-0929,,RETAIN — issue-specific occurrence pending visual comparison,HIGH,INDEX-ONLY,INCLUDED — indexed issue text; visual comparison pending.,https://article134-tech.github.io/lititzbmx-public-knowledge-register/objects/index.html#OBJ-0919,PKR-CAT-001,Catalogs and product literature
OBJ-0920,Motorama Montluçon BMX retailer and mail-order advertisement,Motorama Montluçon,November 1982,Retailer advertisement / price list,1,EPH-0930,,REVIEW — recurring campaign/feature candidate; retain separately pending page-image comparison,HIGH,INDEX-ONLY,INCLUDED — indexed issue text; visual comparison pending.,https://article134-tech.github.io/lititzbmx-public-knowledge-register/objects/index.html#OBJ-0920,PKR-CAT-002,Advertisements and price lists
OBJ-0921,1982 French BMX Championship format and governance review,AFB; Bicross Magazine,November 1982,Archive collection,1,EPH-0931,,RETAIN — issue-specific occurrence pending visual comparison,HIGH,INDEX-ONLY,INCLUDED — indexed issue text; visual comparison pending.,https://article134-tech.github.io/lititzbmx-public-knowledge-register/objects/index.html#OBJ-0921,PKR-CAT-009,Editorial tests and historical documentation
OBJ-0922,1982 French BMX champions — junior categories,AFB,November 1982,Archive collection,1,EPH-0932,,RETAIN — issue-specific occurrence pending visual comparison,HIGH,INDEX-ONLY,INCLUDED — indexed issue text; visual comparison pending.,https://article134-tech.github.io/lititzbmx-public-knowledge-register/objects/index.html#OBJ-0922,PKR-CAT-009,Editorial tests and historical documentation
OBJ-0923,1982 French BMX champions — intermediate categories,AFB,November 1982,Archive collection,1,EPH-0933,,RETAIN — issue-specific occurrence pending visual comparison,HIGH,INDEX-ONLY,INCLUDED — indexed issue text; visual comparison pending.,https://article134-tech.github.io/lititzbmx-public-knowledge-register/objects/index.html#OBJ-0923,PKR-CAT-009,Editorial tests and historical documentation
OBJ-0924,1982 French BMX champions — senior and open categories,AFB,November 1982,Archive collection,1,EPH-0934,,RETAIN — issue-specific occurrence pending visual comparison,HIGH,INDEX-ONLY,INCLUDED — indexed issue text; visual comparison pending.,https://article134-tech.github.io/lititzbmx-public-knowledge-register/objects/index.html#OBJ-0924,PKR-CAT-009,Editorial tests and historical documentation
OBJ-0925,Australian BMX expansion and Scott Breithaupt tour,Australian BMX associations; Scott Breithaupt,November 1982,Archive collection,1,EPH-0935,,RETAIN — issue-specific occurrence pending visual comparison,HIGH,INDEX-ONLY,INCLUDED — indexed issue text; visual comparison pending.,https://article134-tech.github.io/lititzbmx-public-knowledge-register/objects/index.html#OBJ-0925,PKR-CAT-009,Editorial tests and historical documentation
OBJ-0926,Pancake magazine and Dunlop Pancake shoe development,Pancake; Dunlop,November 1982,Product-history object,1,EPH-0936,,RETAIN — issue-specific occurrence pending visual comparison,HIGH,INDEX-ONLY,INCLUDED — indexed issue text; visual comparison pending.,https://article134-tech.github.io/lititzbmx-public-knowledge-register/objects/index.html#OBJ-0926,PKR-CAT-009,Editorial tests and historical documentation
OBJ-0927,Malvern Star Supermax BMX range,Malvern Star,November 1982,Product literature,1,EPH-0937,,RETAIN — issue-specific occurrence pending visual comparison,HIGH,INDEX-ONLY,INCLUDED — indexed issue text; visual comparison pending.,https://article134-tech.github.io/lititzbmx-public-knowledge-register/objects/index.html#OBJ-0927,PKR-CAT-001,Catalogs and product literature
OBJ-0928,"Australian BMX vocabulary, federations, and privacy boundary",Australian state BMX associations,November 1982,Archive collection,1,EPH-0938,,RETAIN — issue-specific occurrence pending visual comparison,HIGH,INDEX-ONLY,INCLUDED — indexed issue text; visual comparison pending.,https://article134-tech.github.io/lititzbmx-public-knowledge-register/objects/index.html#OBJ-0928,PKR-CAT-009,Editorial tests and historical documentation
OBJ-0929,Rixheim national BMX race report and results,Moto Club de la Hardt; AFB,November 1982,Archive collection,1,EPH-0939,,REVIEW — recurring campaign/feature candidate; retain separately pending page-image comparison,HIGH,INDEX-ONLY,INCLUDED — indexed issue text; visual comparison pending.,https://article134-tech.github.io/lititzbmx-public-knowledge-register/objects/index.html#OBJ-0929,PKR-CAT-009,Editorial tests and historical documentation
OBJ-0930,Mours Motobécane Trophy race report and results,Motobécane-Loïs; Mours,November 1982,Archive collection,1,EPH-0940,,REVIEW — recurring campaign/feature candidate; retain separately pending page-image comparison,HIGH,INDEX-ONLY,INCLUDED — indexed issue text; visual comparison pending.,https://article134-tech.github.io/lititzbmx-public-knowledge-register/objects/index.html#OBJ-0930,PKR-CAT-009,Editorial tests and historical documentation
OBJ-0931,Gelos and Pyrenees BMX development report and results,Gelos; Bagnères; regional organizers,November 1982,Archive collection,1,EPH-0941,,RETAIN — issue-specific occurrence pending visual comparison,HIGH,INDEX-ONLY,INCLUDED — indexed issue text; visual comparison pending.,https://article134-tech.github.io/lititzbmx-public-knowledge-register/objects/index.html#OBJ-0931,PKR-CAT-009,Editorial tests and historical documentation
OBJ-0932,Castellet Motobécane Trophy and Bol d’Or BMX report,Motobécane-Loïs; Bol d’Or; Circuit Paul Ricard,November 1982,Archive collection,1,EPH-0942,,REVIEW — recurring campaign/feature candidate; retain separately pending page-image comparison,HIGH,INDEX-ONLY,INCLUDED — indexed issue text; visual comparison pending.,https://article134-tech.github.io/lititzbmx-public-knowledge-register/objects/index.html#OBJ-0932,PKR-CAT-009,Editorial tests and historical documentation
OBJ-0933,Castellet Motobécane Trophy results,Motobécane-Loïs; Circuit Paul Ricard,November 1982,Archive collection,1,EPH-0943,,REVIEW — recurring campaign/feature candidate; retain separately pending page-image comparison,HIGH,INDEX-ONLY,INCLUDED — indexed issue text; visual comparison pending.,https://article134-tech.github.io/lititzbmx-public-knowledge-register/objects/index.html#OBJ-0933,PKR-CAT-009,Editorial tests and historical documentation
OBJ-0934,Bicross Magazine November classified-ad service and privacy boundary,Bicross Magazine,November 1982,Archive collection,1,EPH-0944,,REVIEW — recurring campaign/feature candidate; retain separately pending page-image comparison,HIGH,INDEX-ONLY,INCLUDED — indexed issue text; visual comparison pending.,https://article134-tech.github.io/lititzbmx-public-knowledge-register/objects/index.html#OBJ-0934,PKR-CAT-009,Editorial tests and historical documentation
OBJ-0935,Bicross Magazine November subscription offer,Bicross Magazine,November 1982,Archive collection,1,EPH-0945,,REVIEW — recurring campaign/feature candidate; retain separately pending page-image comparison,HIGH,INDEX-ONLY,INCLUDED — indexed issue text; visual comparison pending.,https://article134-tech.github.io/lititzbmx-public-knowledge-register/objects/index.html#OBJ-0935,PKR-CAT-003,"Mailers, stickers, and information packs"
OBJ-0936,JT Racing BMX glove advertisement,JT Racing,November 1982,Magazine advertisement,1,EPH-0946,,REVIEW — recurring campaign/feature candidate; retain separately pending page-image comparison,HIGH,INDEX-ONLY,INCLUDED — indexed issue text; visual comparison pending.,https://article134-tech.github.io/lititzbmx-public-knowledge-register/objects/index.html#OBJ-0936,PKR-CAT-002,Advertisements and price lists
OBJ-0937,Bicross Magazine December 1982 issue masthead and contents,Bicross Magazine,December 1982,Archive collection,1,EPH-0947,,RETAIN — issue-specific occurrence pending visual comparison,HIGH,INDEX-ONLY,INCLUDED — indexed issue text; visual comparison pending.,https://article134-tech.github.io/lititzbmx-public-knowledge-register/objects/index.html#OBJ-0937,PKR-CAT-009,Editorial tests and historical documentation
OBJ-0938,Laffite VLX 16 and VLX 20 direct-factory Christmas offer,Jacques Laffite; Laffite,December 1982,Magazine advertisement,1,EPH-0948,,REVIEW — recurring campaign/feature candidate; retain separately pending page-image comparison,HIGH,INDEX-ONLY,INCLUDED — indexed issue text; visual comparison pending.,https://article134-tech.github.io/lititzbmx-public-knowledge-register/objects/index.html#OBJ-0938,PKR-CAT-002,Advertisements and price lists
OBJ-0939,Cycles Lejeune and Sprint Sports BMX dealer advertisement,Cycles Lejeune; Sprint Sports,December 1982,Dealer/shop advertisement,1,EPH-0949,,REVIEW — recurring campaign/feature candidate; retain separately pending page-image comparison,HIGH,INDEX-ONLY,INCLUDED — indexed issue text; visual comparison pending.,https://article134-tech.github.io/lititzbmx-public-knowledge-register/objects/index.html#OBJ-0939,PKR-CAT-007,Dealers and distributors
OBJ-0940,Corsica BMX club-development reader appeal,Bicross Magazine,December 1982,Archive collection,1,EPH-0950,,RETAIN — issue-specific occurrence pending visual comparison,HIGH,INDEX-ONLY,INCLUDED — indexed issue text; visual comparison pending.,https://article134-tech.github.io/lititzbmx-public-knowledge-register/objects/index.html#OBJ-0940,PKR-CAT-009,Editorial tests and historical documentation
OBJ-0941,Bicycle-trial network and competition correspondence,Bicross Magazine; French bicycle-trial riders,December 1982,Archive collection,1,EPH-0951,,REVIEW — recurring campaign/feature candidate; retain separately pending page-image comparison,HIGH,INDEX-ONLY,INCLUDED — indexed issue text; visual comparison pending.,https://article134-tech.github.io/lititzbmx-public-knowledge-register/objects/index.html#OBJ-0941,PKR-CAT-009,Editorial tests and historical documentation
OBJ-0942,"BMX tire, wheel, and coaster-hub technical guidance",Bicross Magazine; Raleigh; Laffite; Araya,December 1982,Product literature,1,EPH-0952,,RETAIN — issue-specific occurrence pending visual comparison,HIGH,INDEX-ONLY,INCLUDED — indexed issue text; visual comparison pending.,https://article134-tech.github.io/lititzbmx-public-knowledge-register/objects/index.html#OBJ-0942,PKR-CAT-001,Catalogs and product literature
OBJ-0943,"Liancourt BMX track design, insurance, and AFB guidance",Bicross Magazine; AFB,December 1982,Product literature,1,EPH-0953,,RETAIN — issue-specific occurrence pending visual comparison,HIGH,INDEX-ONLY,INCLUDED — indexed issue text; visual comparison pending.,https://article134-tech.github.io/lititzbmx-public-knowledge-register/objects/index.html#OBJ-0943,PKR-CAT-001,Catalogs and product literature
OBJ-0944,Aquatic BMX immersion and bearing-maintenance warning,Bicross Magazine,December 1982,Product literature,1,EPH-0954,,RETAIN — issue-specific occurrence pending visual comparison,HIGH,INDEX-ONLY,INCLUDED — indexed issue text; visual comparison pending.,https://article134-tech.github.io/lititzbmx-public-knowledge-register/objects/index.html#OBJ-0944,PKR-CAT-001,Catalogs and product literature
OBJ-0945,Yvetot and Rouen BMX club-creation guidance,Bicross Magazine; Maison du Plateau,December 1982,Archive collection,1,EPH-0955,,REVIEW — recurring campaign/feature candidate; retain separately pending page-image comparison,HIGH,INDEX-ONLY,INCLUDED — indexed issue text; visual comparison pending.,https://article134-tech.github.io/lititzbmx-public-knowledge-register/objects/index.html#OBJ-0945,PKR-CAT-005,"Events, registration, and membership"
OBJ-0946,Raleigh Tuf Burner beginner-racing guidance,Raleigh; Bicross Magazine,December 1982,Product literature,1,EPH-0956,,REVIEW — recurring campaign/feature candidate; retain separately pending page-image comparison,HIGH,INDEX-ONLY,INCLUDED — indexed issue text; visual comparison pending.,https://article134-tech.github.io/lititzbmx-public-knowledge-register/objects/index.html#OBJ-0946,PKR-CAT-001,Catalogs and product literature
OBJ-0947,Motobécane and Batavus regional dealer advertisement,Motobécane; Batavus; SED,December 1982,Dealer/shop advertisement,1,EPH-0957,,REVIEW — recurring campaign/feature candidate; retain separately pending page-image comparison,HIGH,INDEX-ONLY,INCLUDED — indexed issue text; visual comparison pending.,https://article134-tech.github.io/lititzbmx-public-knowledge-register/objects/index.html#OBJ-0947,PKR-CAT-007,Dealers and distributors
OBJ-0948,Moto Marconi Bicross T-shirt mail-order offer,Moto Marconi,December 1982,Catalog mailer / advertisement,1,EPH-0958,,REVIEW — recurring campaign/feature candidate; retain separately pending page-image comparison,HIGH,INDEX-ONLY,INCLUDED — indexed issue text; visual comparison pending.,https://article134-tech.github.io/lititzbmx-public-knowledge-register/objects/index.html#OBJ-0948,PKR-CAT-003,"Mailers, stickers, and information packs"
OBJ-0949,MX France Toulouse-built BMX technical profile,MX France; Max Commençal,December 1982,Product literature,1,EPH-0959,,RETAIN — issue-specific occurrence pending visual comparison,HIGH,INDEX-ONLY,INCLUDED — indexed issue text; visual comparison pending.,https://article134-tech.github.io/lititzbmx-public-knowledge-register/objects/index.html#OBJ-0949,PKR-CAT-001,Catalogs and product literature
OBJ-0950,AFB 1982 annual congress and regional structure,AFB,December 1982,Archive collection,1,EPH-0960,,RETAIN — issue-specific occurrence pending visual comparison,HIGH,INDEX-ONLY,INCLUDED — indexed issue text; visual comparison pending.,https://article134-tech.github.io/lititzbmx-public-knowledge-register/objects/index.html#OBJ-0950,PKR-CAT-009,Editorial tests and historical documentation
OBJ-0951,AFB 1983 French Championship five-round calendar,AFB,December 1982,Event notice / contact flyer,1,EPH-0961,,RETAIN — issue-specific occurrence pending visual comparison,HIGH,INDEX-ONLY,INCLUDED — indexed issue text; visual comparison pending.,https://article134-tech.github.io/lititzbmx-public-knowledge-register/objects/index.html#OBJ-0951,PKR-CAT-005,"Events, registration, and membership"
OBJ-0952,AFB 1983 national BMX race calendar,AFB,December 1982,Event notice / contact flyer,1,EPH-0962,,REVIEW — recurring campaign/feature candidate; retain separately pending page-image comparison,HIGH,INDEX-ONLY,INCLUDED — indexed issue text; visual comparison pending.,https://article134-tech.github.io/lititzbmx-public-knowledge-register/objects/index.html#OBJ-0952,PKR-CAT-005,"Events, registration, and membership"
OBJ-0953,AFB 1983 bicycle-trial and enduro calendar,AFB,December 1982,Event notice / contact flyer,1,EPH-0963,,RETAIN — issue-specific occurrence pending visual comparison,HIGH,INDEX-ONLY,INCLUDED — indexed issue text; visual comparison pending.,https://article134-tech.github.io/lititzbmx-public-knowledge-register/objects/index.html#OBJ-0953,PKR-CAT-005,"Events, registration, and membership"
OBJ-0954,AFB 1983 license fees and number-plate colors,AFB,December 1982,Event registration coupon,1,EPH-0964,,REVIEW — recurring campaign/feature candidate; retain separately pending page-image comparison,HIGH,INDEX-ONLY,INCLUDED — indexed issue text; visual comparison pending.,https://article134-tech.github.io/lititzbmx-public-knowledge-register/objects/index.html#OBJ-0954,PKR-CAT-005,"Events, registration, and membership"
OBJ-0955,Startrack Series 1 European BMX calendar and eligibility,Startrack Series 1; AFB,December 1982,Tour promotion / route notice,1,EPH-0965,,REVIEW — recurring campaign/feature candidate; retain separately pending page-image comparison,HIGH,INDEX-ONLY,INCLUDED — indexed issue text; visual comparison pending.,https://article134-tech.github.io/lititzbmx-public-knowledge-register/objects/index.html#OBJ-0955,PKR-CAT-005,"Events, registration, and membership"
OBJ-0956,Yamaha BYZ 501 competition debut at Vaux-le-Pénil,Yamaha; Normandy Moto; Alain Delabost; Eric Boulanger,December 1982,Factory-team history,1,EPH-0966,,RETAIN — issue-specific occurrence pending visual comparison,HIGH,INDEX-ONLY,INCLUDED — indexed issue text; visual comparison pending.,https://article134-tech.github.io/lititzbmx-public-knowledge-register/objects/index.html#OBJ-0956,PKR-CAT-006,"Teams, riders, and brand campaigns"
OBJ-0957,La Ferté-Gaucher and Rochecorbon new BMX clubs,AFB; Bicross Club de La Ferté-Gaucher; Bicross Club de Rochecorbon,December 1982,Archive collection,1,EPH-0967,,RETAIN — issue-specific occurrence pending visual comparison,HIGH,INDEX-ONLY,INCLUDED — indexed issue text; visual comparison pending.,https://article134-tech.github.io/lititzbmx-public-knowledge-register/objects/index.html#OBJ-0957,PKR-CAT-005,"Events, registration, and membership"
OBJ-0958,"Maison du Plateau BMX, trial, and unicycle youth program",Maison du Plateau,December 1982,Archive collection,1,EPH-0968,,RETAIN — issue-specific occurrence pending visual comparison,HIGH,INDEX-ONLY,INCLUDED — indexed issue text; visual comparison pending.,https://article134-tech.github.io/lititzbmx-public-knowledge-register/objects/index.html#OBJ-0958,PKR-CAT-005,"Events, registration, and membership"
OBJ-0959,Mongoose Grand Prix of the United States at Magic Mountain,Mongoose; NBL; IBMXF; BMX Promotion; Six Flags Magic Mountain,December 1982,Event flyer / trade-exhibition notice,1,EPH-0969,,RETAIN — issue-specific occurrence pending visual comparison,HIGH,INDEX-ONLY,INCLUDED — indexed issue text; visual comparison pending.,https://article134-tech.github.io/lititzbmx-public-knowledge-register/objects/index.html#OBJ-0959,PKR-CAT-005,"Events, registration, and membership"
OBJ-0960,California BMX industry and Magic Mountain travel context,Bicross Magazine,December 1982,Archive collection,1,EPH-0970,,RETAIN — issue-specific occurrence pending visual comparison,HIGH,INDEX-ONLY,INCLUDED — indexed issue text; visual comparison pending.,https://article134-tech.github.io/lititzbmx-public-knowledge-register/objects/index.html#OBJ-0960,PKR-CAT-009,Editorial tests and historical documentation
OBJ-0961,United States Grand Prix paddock and factory-team ecosystem,Mongoose; Torker; Hutch; GT; Red Line; Murray; Schwinn; Huffy; Shimano; Diamond Back; CW; JMC,December 1982,Factory-team history,1,EPH-0971,,REVIEW — recurring campaign/feature candidate; retain separately pending page-image comparison,HIGH,INDEX-ONLY,INCLUDED — indexed issue text; visual comparison pending.,https://article134-tech.github.io/lititzbmx-public-knowledge-register/objects/index.html#OBJ-0961,PKR-CAT-006,"Teams, riders, and brand campaigns"
OBJ-0962,"United States Grand Prix entry fees, prizes, and promotion economics",NBL; IBMXF; BMX Promotion; Mongoose,December 1982,Archive collection,1,EPH-0972,,RETAIN — issue-specific occurrence pending visual comparison,HIGH,INDEX-ONLY,INCLUDED — indexed issue text; visual comparison pending.,https://article134-tech.github.io/lititzbmx-public-knowledge-register/objects/index.html#OBJ-0962,PKR-CAT-009,Editorial tests and historical documentation
OBJ-0963,United States cruiser and mini-BMX racing classes,United States BMX industry,December 1982,Product-history object,1,EPH-0973,,RETAIN — issue-specific occurrence pending visual comparison,HIGH,INDEX-ONLY,INCLUDED — indexed issue text; visual comparison pending.,https://article134-tech.github.io/lititzbmx-public-knowledge-register/objects/index.html#OBJ-0963,PKR-CAT-009,Editorial tests and historical documentation
OBJ-0964,Scott Clark Murray X20C factory race bike,Murray; Scott Clark,December 1982,Product literature,1,EPH-0974,,RETAIN — issue-specific occurrence pending visual comparison,HIGH,INDEX-ONLY,INCLUDED — indexed issue text; visual comparison pending.,https://article134-tech.github.io/lititzbmx-public-knowledge-register/objects/index.html#OBJ-0964,PKR-CAT-001,Catalogs and product literature
OBJ-0965,Roland Vlicht Mongoose Pro factory race bike,Mongoose; Roland Vlicht,December 1982,Product literature,1,EPH-0975,,REVIEW — recurring campaign/feature candidate; retain separately pending page-image comparison,HIGH,INDEX-ONLY,INCLUDED — indexed issue text; visual comparison pending.,https://article134-tech.github.io/lititzbmx-public-knowledge-register/objects/index.html#OBJ-0965,PKR-CAT-001,Catalogs and product literature
OBJ-0966,Gregg Hill GT race bike at the United States Grand Prix,GT; Gregg Hill,December 1982,Product literature,1,EPH-0976,,REVIEW — recurring campaign/feature candidate; retain separately pending page-image comparison,HIGH,INDEX-ONLY,INCLUDED — indexed issue text; visual comparison pending.,https://article134-tech.github.io/lititzbmx-public-knowledge-register/objects/index.html#OBJ-0966,PKR-CAT-001,Catalogs and product literature
OBJ-0967,Stu Thomsen Red Line Competition factory race bike,Red Line; Stu Thomsen,December 1982,Product literature,1,EPH-0977,,REVIEW — recurring campaign/feature candidate; retain separately pending page-image comparison,HIGH,INDEX-ONLY,INCLUDED — indexed issue text; visual comparison pending.,https://article134-tech.github.io/lititzbmx-public-knowledge-register/objects/index.html#OBJ-0967,PKR-CAT-001,Catalogs and product literature
OBJ-0968,Wade Nomura 24-inch cruiser race bike,Nomura; Wade Nomura,December 1982,Product literature,1,EPH-0978,,RETAIN — issue-specific occurrence pending visual comparison,HIGH,INDEX-ONLY,INCLUDED — indexed issue text; visual comparison pending.,https://article134-tech.github.io/lititzbmx-public-knowledge-register/objects/index.html#OBJ-0968,PKR-CAT-001,Catalogs and product literature
OBJ-0969,Mike Miranda CW Racing Pro Money A race bike,CW Racing; Mike Miranda,December 1982,Product literature,1,EPH-0979,,RETAIN — issue-specific occurrence pending visual comparison,HIGH,INDEX-ONLY,INCLUDED — indexed issue text; visual comparison pending.,https://article134-tech.github.io/lititzbmx-public-knowledge-register/objects/index.html#OBJ-0969,PKR-CAT-001,Catalogs and product literature
OBJ-0970,JMC Racing Junior mini-BMX profile,JMC Racing,December 1982,Product literature,1,EPH-0980,,RETAIN — issue-specific occurrence pending visual comparison,HIGH,INDEX-ONLY,INCLUDED — indexed issue text; visual comparison pending.,https://article134-tech.github.io/lititzbmx-public-knowledge-register/objects/index.html#OBJ-0970,PKR-CAT-001,Catalogs and product literature
OBJ-0971,"United States Grand Prix rain, track hazards, and compressed schedule",Mongoose Grand Prix of the United States,December 1982,Archive collection,1,EPH-0981,,RETAIN — issue-specific occurrence pending visual comparison,HIGH,INDEX-ONLY,INCLUDED — indexed issue text; visual comparison pending.,https://article134-tech.github.io/lititzbmx-public-knowledge-register/objects/index.html#OBJ-0971,PKR-CAT-009,Editorial tests and historical documentation
OBJ-0972,Mike Miranda Pro Money A victory and final-race incidents,Mike Miranda; CW Racing; Tommy Brackens; Scott Clark; Gregg Hill,December 1982,Archive collection,1,EPH-0982,,RETAIN — issue-specific occurrence pending visual comparison,HIGH,INDEX-ONLY,INCLUDED — indexed issue text; visual comparison pending.,https://article134-tech.github.io/lititzbmx-public-knowledge-register/objects/index.html#OBJ-0972,PKR-CAT-009,Editorial tests and historical documentation
OBJ-0973,United States BMX competition-culture commentary,Bicross Magazine,December 1982,Archive collection,1,EPH-0983,,RETAIN — issue-specific occurrence pending visual comparison,HIGH,INDEX-ONLY,INCLUDED — indexed issue text; visual comparison pending.,https://article134-tech.github.io/lititzbmx-public-knowledge-register/objects/index.html#OBJ-0973,PKR-CAT-009,Editorial tests and historical documentation
OBJ-0974,DH Distribution Burgat and Super Vitus bicycle advertisement,DH Distribution; Gilles Burgat,December 1982,Retailer advertisement / price list,1,EPH-0984,,REVIEW — recurring campaign/feature candidate; retain separately pending page-image comparison,HIGH,INDEX-ONLY,INCLUDED — indexed issue text; visual comparison pending.,https://article134-tech.github.io/lititzbmx-public-knowledge-register/objects/index.html#OBJ-0974,PKR-CAT-002,Advertisements and price lists
OBJ-0975,Yamaha BYZ year-end equipment promotion,Yamaha; Yamaha à Ivry,December 1982,Team/product advertisement,1,EPH-0985,,REVIEW — recurring campaign/feature candidate; retain separately pending page-image comparison,HIGH,INDEX-ONLY,INCLUDED — indexed issue text; visual comparison pending.,https://article134-tech.github.io/lititzbmx-public-knowledge-register/objects/index.html#OBJ-0975,PKR-CAT-006,"Teams, riders, and brand campaigns"
OBJ-0976,Flying Star Scorpion and Competition Service distributor advertisement,Flying Star; Scorpion BMX; Competition Service,December 1982,Distributor price list,1,EPH-0986,,REVIEW — recurring campaign/feature candidate; retain separately pending page-image comparison,HIGH,INDEX-ONLY,INCLUDED — indexed issue text; visual comparison pending.,https://article134-tech.github.io/lititzbmx-public-knowledge-register/objects/index.html#OBJ-0976,PKR-CAT-007,Dealers and distributors
OBJ-0977,R. Julot BMX component and Motobécane price list,R. Julot; Motobécane,December 1982,Retailer advertisement / price list,1,EPH-0987,,REVIEW — recurring campaign/feature candidate; retain separately pending page-image comparison,HIGH,INDEX-ONLY,INCLUDED — indexed issue text; visual comparison pending.,https://article134-tech.github.io/lititzbmx-public-knowledge-register/objects/index.html#OBJ-0977,PKR-CAT-002,Advertisements and price lists
OBJ-0978,Lamouret specialty BMX accessory order advertisement,Lamouret,December 1982,Retailer advertisement / price list,1,EPH-0988,,REVIEW — recurring campaign/feature candidate; retain separately pending page-image comparison,HIGH,INDEX-ONLY,INCLUDED — indexed issue text; visual comparison pending.,https://article134-tech.github.io/lititzbmx-public-knowledge-register/objects/index.html#OBJ-0978,PKR-CAT-002,Advertisements and price lists
OBJ-0979,Stock Express BMX dealer and order-form listing,Stock Express,December 1982,Dealer advertisement / price-list lead,1,EPH-0989,,REVIEW — recurring campaign/feature candidate; retain separately pending page-image comparison,HIGH,INDEX-ONLY,INCLUDED — indexed issue text; visual comparison pending.,https://article134-tech.github.io/lititzbmx-public-knowledge-register/objects/index.html#OBJ-0979,PKR-CAT-007,Dealers and distributors
OBJ-0980,Red Line MX III historical and technical test introduction,Red Line,December 1982,Product literature,1,EPH-0990,,RETAIN — issue-specific occurrence pending visual comparison,HIGH,INDEX-ONLY,INCLUDED — indexed issue text; visual comparison pending.,https://article134-tech.github.io/lititzbmx-public-knowledge-register/objects/index.html#OBJ-0980,PKR-CAT-001,Catalogs and product literature
OBJ-0981,Red Line MX III component specification,Red Line; Sugino; KKT; Suzue; Ukai; Dia-Compe; Suntour,December 1982,Product literature,1,EPH-0991,,RETAIN — issue-specific occurrence pending visual comparison,HIGH,INDEX-ONLY,INCLUDED — indexed issue text; visual comparison pending.,https://article134-tech.github.io/lititzbmx-public-knowledge-register/objects/index.html#OBJ-0981,PKR-CAT-001,Catalogs and product literature
OBJ-0982,"Red Line MX III geometry, handling, jumping, and braking evaluation",Red Line,December 1982,Product literature,1,EPH-0992,,RETAIN — issue-specific occurrence pending visual comparison,HIGH,INDEX-ONLY,INCLUDED — indexed issue text; visual comparison pending.,https://article134-tech.github.io/lititzbmx-public-knowledge-register/objects/index.html#OBJ-0982,PKR-CAT-001,Catalogs and product literature
OBJ-0983,"Red Line MX III durability, price, and conclusion",Red Line,December 1982,Product literature,1,EPH-0993,,RETAIN — issue-specific occurrence pending visual comparison,HIGH,INDEX-ONLY,INCLUDED — indexed issue text; visual comparison pending.,https://article134-tech.github.io/lititzbmx-public-knowledge-register/objects/index.html#OBJ-0983,PKR-CAT-001,Catalogs and product literature
OBJ-0984,Motobécane-Loïs Trophy 1982 final event overview,Motobécane-Loïs; AFB; Vaux-le-Pénil,December 1982,Archive collection,1,EPH-0994,,REVIEW — recurring campaign/feature candidate; retain separately pending page-image comparison,HIGH,INDEX-ONLY,INCLUDED — indexed issue text; visual comparison pending.,https://article134-tech.github.io/lititzbmx-public-knowledge-register/objects/index.html#OBJ-0984,PKR-CAT-009,Editorial tests and historical documentation
OBJ-0985,Motobécane-Loïs Trophy 1982 final category results,Motobécane-Loïs; AFB,December 1982,Archive collection,1,EPH-0995,,REVIEW — recurring campaign/feature candidate; retain separately pending page-image comparison,HIGH,INDEX-ONLY,INCLUDED — indexed issue text; visual comparison pending.,https://article134-tech.github.io/lititzbmx-public-knowledge-register/objects/index.html#OBJ-0985,PKR-CAT-009,Editorial tests and historical documentation
OBJ-0986,Women in BMX from Powder Puff racing to French participation,Bicross Magazine,December 1982,Archive collection,1,EPH-0996,,RETAIN — issue-specific occurrence pending visual comparison,HIGH,INDEX-ONLY,INCLUDED — indexed issue text; visual comparison pending.,https://article134-tech.github.io/lititzbmx-public-knowledge-register/objects/index.html#OBJ-0986,PKR-CAT-009,Editorial tests and historical documentation
OBJ-0987,Motorama Montluçon dealer history and mail-order service,Motorama Montluçon,December 1982,Dealer/shop advertisement,1,EPH-0997,,REVIEW — recurring campaign/feature candidate; retain separately pending page-image comparison,HIGH,INDEX-ONLY,INCLUDED — indexed issue text; visual comparison pending.,https://article134-tech.github.io/lititzbmx-public-knowledge-register/objects/index.html#OBJ-0987,PKR-CAT-007,Dealers and distributors
OBJ-0988,Daniel Golde 201 suspended youth cross-bike specification,Daniel Golde; Motorama,December 1982,Product literature,1,EPH-0998,,RETAIN — issue-specific occurrence pending visual comparison,HIGH,INDEX-ONLY,INCLUDED — indexed issue text; visual comparison pending.,https://article134-tech.github.io/lititzbmx-public-knowledge-register/objects/index.html#OBJ-0988,PKR-CAT-001,Catalogs and product literature
OBJ-0989,Daniel Golde 501 chrome-moly competition BMX specification,Daniel Golde; Shimano; Hatta; Sakae; Weinmann; Maillard; Helicosport; Alesa,December 1982,Product literature,1,EPH-0999,,RETAIN — issue-specific occurrence pending visual comparison,HIGH,INDEX-ONLY,INCLUDED — indexed issue text; visual comparison pending.,https://article134-tech.github.io/lititzbmx-public-knowledge-register/objects/index.html#OBJ-0989,PKR-CAT-001,Catalogs and product literature
OBJ-0990,Daniel Golde 401 French-component BMX specification,Daniel Golde; Nervar; Sakae; Poligon; Laprade; Weinmann; Maillard; Helicosport; Alesa,December 1982,Product literature,1,EPH-1000,,RETAIN — issue-specific occurrence pending visual comparison,HIGH,INDEX-ONLY,INCLUDED — indexed issue text; visual comparison pending.,https://article134-tech.github.io/lititzbmx-public-knowledge-register/objects/index.html#OBJ-0990,PKR-CAT-001,Catalogs and product literature
OBJ-0991,Daniel Golde 301 entry BMX specification,Daniel Golde; Tange; Faubert; KKT; Weinmann; Perrin,December 1982,Product literature,1,EPH-1001,,RETAIN — issue-specific occurrence pending visual comparison,HIGH,INDEX-ONLY,INCLUDED — indexed issue text; visual comparison pending.,https://article134-tech.github.io/lititzbmx-public-knowledge-register/objects/index.html#OBJ-0991,PKR-CAT-001,Catalogs and product literature
OBJ-0992,Motorama Raleigh Burner range and BMX component catalog,Motorama; Raleigh; Shimano; Sakae; Suntour; Kashimax; ASCO,December 1982,Combined flyer / price-list set,1,EPH-1002,,REVIEW — recurring campaign/feature candidate; retain separately pending page-image comparison,HIGH,INDEX-ONLY,INCLUDED — indexed issue text; visual comparison pending.,https://article134-tech.github.io/lititzbmx-public-knowledge-register/objects/index.html#OBJ-0992,PKR-CAT-002,Advertisements and price lists
OBJ-0993,"Motobécane Christmas BX 20, MX 120, and MX 152 range advertisement",Motobécane-Loïs,December 1982,Team/product advertisement,1,EPH-1003,,REVIEW — recurring campaign/feature candidate; retain separately pending page-image comparison,HIGH,INDEX-ONLY,INCLUDED — indexed issue text; visual comparison pending.,https://article134-tech.github.io/lititzbmx-public-knowledge-register/objects/index.html#OBJ-0993,PKR-CAT-006,"Teams, riders, and brand campaigns"
OBJ-0994,Issoire inaugural BMX race report and results,Bicross Club Issoire; AFB,December 1982,Archive collection,1,EPH-1004,,RETAIN — issue-specific occurrence pending visual comparison,HIGH,INDEX-ONLY,INCLUDED — indexed issue text; visual comparison pending.,https://article134-tech.github.io/lititzbmx-public-knowledge-register/objects/index.html#OBJ-0994,PKR-CAT-009,Editorial tests and historical documentation
OBJ-0995,Manosque inaugural BMX race report and results,Bicross Club Manosque,December 1982,Archive collection,1,EPH-1005,,RETAIN — issue-specific occurrence pending visual comparison,HIGH,INDEX-ONLY,INCLUDED — indexed issue text; visual comparison pending.,https://article134-tech.github.io/lititzbmx-public-knowledge-register/objects/index.html#OBJ-0995,PKR-CAT-009,Editorial tests and historical documentation
OBJ-0996,1982 French BMX champions trophy ceremony,AFB; Beistegui Hermanos; Bicross Club de Bourgogne,December 1982,Archive collection,1,EPH-1006,,RETAIN — issue-specific occurrence pending visual comparison,HIGH,INDEX-ONLY,INCLUDED — indexed issue text; visual comparison pending.,https://article134-tech.github.io/lititzbmx-public-knowledge-register/objects/index.html#OBJ-0996,PKR-CAT-009,Editorial tests and historical documentation
OBJ-0997,Bicross Magazine December classified-ad service and privacy boundary,Bicross Magazine,December 1982,Archive collection,1,EPH-1007,,REVIEW — recurring campaign/feature candidate; retain separately pending page-image comparison,HIGH,INDEX-ONLY,INCLUDED — indexed issue text; visual comparison pending.,https://article134-tech.github.io/lititzbmx-public-knowledge-register/objects/index.html#OBJ-0997,PKR-CAT-009,Editorial tests and historical documentation
OBJ-0998,Super X second-generation French distributor advertisement,Super X; Bernard Metzger; Racing Star Equipement; Coutard Moto Week-End; GRD,December 1982,Magazine advertisement,1,EPH-1008,,REVIEW — recurring campaign/feature candidate; retain separately pending page-image comparison,HIGH,INDEX-ONLY,INCLUDED — indexed issue text; visual comparison pending.,https://article134-tech.github.io/lititzbmx-public-knowledge-register/objects/index.html#OBJ-0998,PKR-CAT-002,Advertisements and price lists
OBJ-0999,Bicross Magazine December subscription offer,Bicross Magazine,December 1982,Catalog mailer,1,EPH-1009,,REVIEW — recurring campaign/feature candidate; retain separately pending page-image comparison,HIGH,INDEX-ONLY,INCLUDED — indexed issue text; visual comparison pending.,https://article134-tech.github.io/lititzbmx-public-knowledge-register/objects/index.html#OBJ-0999,PKR-CAT-003,"Mailers, stickers, and information packs"
OBJ-1000,Bibi Cross illustrated installment,Bicross Magazine; C. Drissi,December 1982,Archive collection,1,EPH-1010,,REVIEW — recurring campaign/feature candidate; retain separately pending page-image comparison,MEDIUM,INDEX-ONLY,OPEN — contents or image credit confirms the occurrence; exact narrative and layout require page-image review.,https://article134-tech.github.io/lititzbmx-public-knowledge-register/objects/index.html#OBJ-1000,PKR-CAT-009,Editorial tests and historical documentation
