Canonical Object ID,Title,Brand / Promoter,Date Text,Object Type,Source Occurrence Count,Member Record IDs,Duplicate Group,Canonical Decision,Confidence,Rights Code,Research Status,Object URL,Category ID,Primary Category
OBJ-0001,1996 GT/Dyno — The BMX & Freestyle Catalog,GT; Dyno,1996,Catalog,2,EPH-0001 | EPH-0018,DUP-GTD-1996,MERGE identity; preserve source occurrence,MEDIUM,INDEX-ONLY,Lead — locate exact reference ID and edition/page count.,https://article134-tech.github.io/lititzbmx-public-knowledge-register/objects/index.html#OBJ-0001,PKR-CAT-001,Catalogs and product literature
OBJ-0002,1992 GT/Dyno Product Catalog,GT; Dyno,1992,Catalog,2,EPH-0002 | EPH-0017,DUP-GTD-1992,MERGE identity; preserve source occurrence,MEDIUM,INDEX-ONLY,Lead — locate exact reference and compare with independent catalog archives.,https://article134-tech.github.io/lititzbmx-public-knowledge-register/objects/index.html#OBJ-0002,PKR-CAT-001,Catalogs and product literature
OBJ-0003,1999 GT/Dyno BMX/Freestyle — Part 2,GT; Dyno,1999,Catalog,2,EPH-0003 | EPH-0019,DUP-GTD-1999-P2,MERGE identity; preserve source occurrence,LOW-MEDIUM,INDEX-ONLY,"Lead — locate part 1, exact reference IDs and page ranges.",https://article134-tech.github.io/lititzbmx-public-knowledge-register/objects/index.html#OBJ-0003,PKR-CAT-001,Catalogs and product literature
OBJ-0004,1990 Haro BMX Catalog,Haro,1990,Catalog,2,EPH-0004 | EPH-0023,DUP-HARO-1990-CAT,MERGE identity; preserve source occurrence,LOW-MEDIUM,INDEX-ONLY,Verified catalog existence — recover exact BMXMuseum ID and compare editions/pages.,https://article134-tech.github.io/lititzbmx-public-knowledge-register/objects/index.html#OBJ-0004,PKR-CAT-001,Catalogs and product literature
OBJ-0005,1987 Dia-Compe 182 Aerial Brake Lever,Dia-Compe,1987,Product literature,1,EPH-0005,,RETAIN — unique source record,MEDIUM,INDEX-ONLY,"Lead — identify publication, page and exact BMXMuseum reference.",https://article134-tech.github.io/lititzbmx-public-knowledge-register/objects/index.html#OBJ-0005,PKR-CAT-001,Catalogs and product literature
OBJ-0006,Ashtabula component catalog,Ashtabula,circa 1977 (unverified),Catalog,2,EPH-0006 | EPH-0031,DUP-ASHT-5027,MERGE identity; preserve source occurrence,HIGH for object; MEDIUM for date,INDEX-ONLY,Exact reference recovered — inspect edition/page structure only through permitted access.,https://article134-tech.github.io/lititzbmx-public-knowledge-register/objects/index.html#OBJ-0006,PKR-CAT-001,Catalogs and product literature
OBJ-0007,1997 Hoffman catalog — George model specification,Hoffman Bikes,1997,Catalog,1,EPH-0007,,RETAIN — unique source record,HIGH for reference existence; MEDIUM for interpreted model data,INDEX-ONLY,Open — record exact page and compare with other Hoffman catalogs.,https://article134-tech.github.io/lititzbmx-public-knowledge-register/objects/index.html#OBJ-0007,PKR-CAT-001,Catalogs and product literature
OBJ-0008,Tioga Rhino III frame advertisement,Tioga; Tange,1983 lead,Magazine advertisement,1,EPH-0008,,RETAIN — unique source record,LOW-MEDIUM,INDEX-ONLY,"Lead — recover exact thread, magazine issue and page.",https://article134-tech.github.io/lititzbmx-public-knowledge-register/objects/index.html#OBJ-0008,PKR-CAT-002,Advertisements and price lists
OBJ-0009,First Torker advertisement in BMX Weekly,Torker,December 1976,Magazine advertisement,2,EPH-0009 | EPH-0047,DUP-TORKER-FIRST-AD,MERGE identity; preserve source occurrence,MEDIUM-HIGH,INDEX-ONLY,Priority — locate the period issue and ad image lawfully.,https://article134-tech.github.io/lititzbmx-public-knowledge-register/objects/index.html#OBJ-0009,PKR-CAT-002,Advertisements and price lists
OBJ-0010,First Red Line magazine advertisement featuring John Palfreyman,Red Line; John Palfreyman,1970s; exact issue pending,Magazine advertisement,2,EPH-0010 | EPH-0037,DUP-REDLINE-FIRST-AD,MERGE identity; preserve source occurrence,HIGH for relationship; MEDIUM for bibliographic detail,INDEX-ONLY,"Priority — identify magazine, issue, page and product shown.",https://article134-tech.github.io/lititzbmx-public-knowledge-register/objects/index.html#OBJ-0010,PKR-CAT-002,Advertisements and price lists
OBJ-0011,JMC Racing Fliers and Price List,JMC Racing,Undated,Combined flyer / price-list set,1,EPH-0011,,RETAIN — unique source record,MEDIUM,INDEX-ONLY,"Priority — locate exact reference ID, count pages and transcribe only clearly labeled factual price fields.",https://article134-tech.github.io/lititzbmx-public-knowledge-register/objects/index.html#OBJ-0011,PKR-CAT-002,Advertisements and price lists
OBJ-0012,Vintage JMC Racing Equipment dealer's price list from Azusa collection,JMC Racing; Azusa collection,Undated vintage document; public post 2026,Dealer price list,1,EPH-0012,,RETAIN — unique source record,LOW-MEDIUM,INDEX-ONLY,Corroboration lead — do not merge with BMXMuseum set until directly compared.,https://article134-tech.github.io/lititzbmx-public-knowledge-register/objects/index.html#OBJ-0012,PKR-CAT-007,Dealers and distributors
OBJ-0013,July 1979 JMC advertisement,JMC Racing,July 1979 issue; ran over multiple months,Magazine advertisement,1,EPH-0013,,RETAIN — unique source record,HIGH for bibliographic identity,INDEX-ONLY / PERMISSION REQUIRED,Included — index metadata; do not reproduce image or extended copy.,https://article134-tech.github.io/lititzbmx-public-knowledge-register/objects/index.html#OBJ-0013,PKR-CAT-002,Advertisements and price lists
OBJ-0014,April 1981 JMC advertisement,JMC Racing; Black Shadow; 3.1 XL,April 1981; appeared in multiple months,Magazine advertisement,1,EPH-0014,,RETAIN — unique source record,HIGH for source/date; MEDIUM-HIGH for summarized claims,INDEX-ONLY,Included — preserve claim-level evidence and recover page/issue details.,https://article134-tech.github.io/lititzbmx-public-knowledge-register/objects/index.html#OBJ-0014,PKR-CAT-002,Advertisements and price lists
OBJ-0015,1981 JMC Factory Team advertisement,JMC Racing; JMC Factory Team,1981,Team advertisement,1,EPH-0015,,RETAIN — unique source record,MEDIUM-HIGH,INDEX-ONLY,Included — identify publication/issue and riders shown before detailed extraction.,https://article134-tech.github.io/lititzbmx-public-knowledge-register/objects/index.html#OBJ-0015,PKR-CAT-006,"Teams, riders, and brand campaigns"
OBJ-0016,JMC 3.1 XL naming-contest announcement,JMC Racing; Bicycle Harbor of Arizona; Matt Raymer,1980,Promotional announcement / naming contest,1,EPH-0016,,RETAIN — unique source record,HIGH for historical claim; LOW for object recovery,INDEX-ONLY,Lead — locate the ABA paper issue and announcement; do not imply an exact scan has been found.,https://article134-tech.github.io/lititzbmx-public-knowledge-register/objects/index.html#OBJ-0016,PKR-CAT-004,Contests and promotions
OBJ-0017,Dynamic BMX complete-bike price advertisement,GT; Dyno; Haro; Auburn,August 1987,Retailer advertisement / price list,1,EPH-0020,,RETAIN — unique source record,MEDIUM-HIGH for clear rows,INDEX-ONLY,INCLUDED — clear prices only,https://article134-tech.github.io/lititzbmx-public-knowledge-register/objects/index.html#OBJ-0017,PKR-CAT-002,Advertisements and price lists
OBJ-0018,Complete-bike mail-order price advertisement,GT; Dyno; Skyway; Haro,July 1987,Retailer advertisement / price list,1,EPH-0021,,RETAIN — unique source record,MEDIUM-HIGH for clear rows,INDEX-ONLY,INCLUDED — clear prices only,https://article134-tech.github.io/lititzbmx-public-knowledge-register/objects/index.html#OBJ-0018,PKR-CAT-002,Advertisements and price lists
OBJ-0019,BMX Plus! / GT Hide-A-Contest entry form,GT; BMX Plus!,Deadline 1987-09-28; drawing 1987-10-05,Contest entry form / promotion,2,EPH-0022 | EPH-0053,DUP-GT-HIDE-CONTEST,MERGE identity; preserve source occurrence,HIGH for dates,INDEX-ONLY,INCLUDED — bibliographic facts; prize details open,https://article134-tech.github.io/lititzbmx-public-knowledge-register/objects/index.html#OBJ-0019,PKR-CAT-004,Contests and promotions
OBJ-0020,1990 Haro Group 1A,Haro,1990,Catalog model page,1,EPH-0024,,RETAIN — unique source record,MEDIUM-HIGH,INDEX-ONLY,INCLUDED WITH ATTRIBUTION,https://article134-tech.github.io/lititzbmx-public-knowledge-register/objects/index.html#OBJ-0020,PKR-CAT-001,Catalogs and product literature
OBJ-0021,1990 Haro Group 1B,Haro,1990,Catalog model page,1,EPH-0025,,RETAIN — unique source record,MEDIUM,INDEX-ONLY,INCLUDED WITH ATTRIBUTION,https://article134-tech.github.io/lititzbmx-public-knowledge-register/objects/index.html#OBJ-0021,PKR-CAT-001,Catalogs and product literature
OBJ-0022,1990 Haro Group 1C,Haro,1990,Catalog model page,1,EPH-0026,,RETAIN — unique source record,MEDIUM-HIGH,INDEX-ONLY,INCLUDED WITH ATTRIBUTION,https://article134-tech.github.io/lititzbmx-public-knowledge-register/objects/index.html#OBJ-0022,PKR-CAT-001,Catalogs and product literature
OBJ-0023,1990 Haro Master / Team Master,Haro,1990,Catalog model page,1,EPH-0027,,RETAIN — unique source record,MEDIUM-HIGH,INDEX-ONLY,INCLUDED WITH ATTRIBUTION,https://article134-tech.github.io/lititzbmx-public-knowledge-register/objects/index.html#OBJ-0023,PKR-CAT-001,Catalogs and product literature
OBJ-0024,1990 Haro Invert,Haro,1990,Catalog model page,1,EPH-0028,,RETAIN — unique source record,MEDIUM-HIGH,INDEX-ONLY,INCLUDED WITH ATTRIBUTION,https://article134-tech.github.io/lititzbmx-public-knowledge-register/objects/index.html#OBJ-0024,PKR-CAT-001,Catalogs and product literature
OBJ-0025,1990 Haro Shredder,Haro,1990,Catalog model list,1,EPH-0029,,RETAIN — unique source record,MEDIUM,INDEX-ONLY,OPEN — locate original catalog page,https://article134-tech.github.io/lititzbmx-public-knowledge-register/objects/index.html#OBJ-0025,PKR-CAT-001,Catalogs and product literature
OBJ-0026,1991 Haro/Fusion catalog offer,Haro; Fusion,1991 catalog; ad in Nov 1991,Catalog mailer / advertisement,2,EPH-0030 | EPH-0055,DUP-HARO-1991-MAILER,MERGE identity; preserve source occurrence,HIGH for offer,INDEX-ONLY,INCLUDED — mailer object,https://article134-tech.github.io/lititzbmx-public-knowledge-register/objects/index.html#OBJ-0026,PKR-CAT-003,"Mailers, stickers, and information packs"
OBJ-0027,Ashtabula crank length range,Ashtabula,circa 1977; interpretation,Catalog claim,1,EPH-0032,,RETAIN — unique source record,MEDIUM,INDEX-ONLY,INCLUDED WITH ATTRIBUTION,https://article134-tech.github.io/lititzbmx-public-knowledge-register/objects/index.html#OBJ-0027,PKR-CAT-001,Catalogs and product literature
OBJ-0028,Ashtabula fork sizing and 6-3/4-inch steerer discussion,Ashtabula,circa 1977; interpretation,Catalog claim,1,EPH-0033,,RETAIN — unique source record,MEDIUM,INDEX-ONLY,INCLUDED WITH ATTRIBUTION,https://article134-tech.github.io/lititzbmx-public-knowledge-register/objects/index.html#OBJ-0028,PKR-CAT-001,Catalogs and product literature
OBJ-0029,Mongoose 1979/80 catalog — Ashtabula one-piece cranks,Mongoose; Ashtabula,1979/80,Manufacturer/distributor catalog page,1,EPH-0034,,RETAIN — unique source record,HIGH,INDEX-ONLY,INCLUDED — visual page inspected,https://article134-tech.github.io/lititzbmx-public-knowledge-register/objects/index.html#OBJ-0029,PKR-CAT-001,Catalogs and product literature
OBJ-0030,Mongoose 1976–77 accessories — Ashtabula/Cecor pedals,Mongoose; Ashtabula/Cecor,1976–77,Manufacturer/distributor catalog page,1,EPH-0035,,RETAIN — unique source record,MEDIUM-HIGH,INDEX-ONLY,INCLUDED — visual page inspected,https://article134-tech.github.io/lititzbmx-public-knowledge-register/objects/index.html#OBJ-0030,PKR-CAT-001,Catalogs and product literature
OBJ-0031,1978 Redline product catalog,Redline,1978,Product catalog,1,EPH-0036,,RETAIN — unique source record,MEDIUM-HIGH,INDEX-ONLY,INCLUDED WITH ATTRIBUTION,https://article134-tech.github.io/lititzbmx-public-knowledge-register/objects/index.html#OBJ-0031,PKR-CAT-001,Catalogs and product literature
OBJ-0032,RL 20 II Prostyler first dedicated freestyle kit,Redline,Summer 1985,Product announcement / kit,1,EPH-0038,,RETAIN — unique source record,MEDIUM-HIGH,INDEX-ONLY,INCLUDED WITH ATTRIBUTION,https://article134-tech.github.io/lititzbmx-public-knowledge-register/objects/index.html#OBJ-0032,PKR-CAT-008,Product announcements and technical material
OBJ-0033,Vintage Mongoose catalog and dealer-price archive,Mongoose,1970s onward,Archive collection,1,EPH-0039,,RETAIN — unique source record,HIGH for archive scope,INDEX-ONLY,INCLUDED — discovery hub,https://article134-tech.github.io/lititzbmx-public-knowledge-register/objects/index.html#OBJ-0033,PKR-CAT-009,Editorial tests and historical documentation
OBJ-0034,1976–77 Bicycle and Components Catalog,Mongoose,1976–77,Manufacturer catalog,1,EPH-0040,,RETAIN — unique source record,HIGH,INDEX-ONLY,INCLUDED — page inspected,https://article134-tech.github.io/lititzbmx-public-knowledge-register/objects/index.html#OBJ-0034,PKR-CAT-001,Catalogs and product literature
OBJ-0035,1979/80 Bicycle and Components Catalog,Mongoose,1979/80,Manufacturer catalog,1,EPH-0041,,RETAIN — unique source record,HIGH,INDEX-ONLY,INCLUDED — page inspected,https://article134-tech.github.io/lititzbmx-public-knowledge-register/objects/index.html#OBJ-0035,PKR-CAT-001,Catalogs and product literature
OBJ-0036,1985 Repco price list — Mongoose and parts,Mongoose,1985,Distributor price list,1,EPH-0042,,RETAIN — unique source record,MEDIUM,INDEX-ONLY,INCLUDED WITH CURRENCY CAUTION,https://article134-tech.github.io/lititzbmx-public-knowledge-register/objects/index.html#OBJ-0036,PKR-CAT-007,Dealers and distributors
OBJ-0037,PK Ripper late-1970s debut,SE Racing,Late 1970s,Product-history object,1,EPH-0043,,RETAIN — unique source record,MEDIUM-HIGH,INDEX-ONLY,INCLUDED WITH ATTRIBUTION,https://article134-tech.github.io/lititzbmx-public-knowledge-register/objects/index.html#OBJ-0037,PKR-CAT-009,Editorial tests and historical documentation
OBJ-0038,Perry Kramer initials on PK Ripper,SE Racing,Since early 1979,Rider/model naming history,1,EPH-0044,,RETAIN — unique source record,HIGH for relationship,INDEX-ONLY,INCLUDED — relationship evidence,https://article134-tech.github.io/lititzbmx-public-knowledge-register/objects/index.html#OBJ-0038,PKR-CAT-006,"Teams, riders, and brand campaigns"
OBJ-0039,Silver Streak team advertisement and product naming,Diamond Back,1982,Team/product advertisement,1,EPH-0045,,RETAIN — unique source record,HIGH for period object,INDEX-ONLY,INCLUDED — campaign object,https://article134-tech.github.io/lititzbmx-public-knowledge-register/objects/index.html#OBJ-0039,PKR-CAT-006,"Teams, riders, and brand campaigns"
OBJ-0040,Free Diamond Back and Pro Star info pack and decal,Diamond Back,1982,Information-pack mailer,2,EPH-0046 | EPH-0054,DUP-DB-INFO-PACK,MERGE identity; preserve source occurrence,HIGH for offer,INDEX-ONLY,INCLUDED — mailer/flyer lead,https://article134-tech.github.io/lititzbmx-public-knowledge-register/objects/index.html#OBJ-0040,PKR-CAT-003,"Mailers, stickers, and information packs"
OBJ-0041,Fullerton-era Torker model archive,Torker,1976–1984,Model archive,1,EPH-0048,,RETAIN — unique source record,HIGH for archive role,INDEX-ONLY,INCLUDED — discovery and verification hub,https://article134-tech.github.io/lititzbmx-public-knowledge-register/objects/index.html#OBJ-0041,PKR-CAT-009,Editorial tests and historical documentation
OBJ-0042,1979 National Number One team / 1980 world-pro chronology,Torker,1979–1980,Factory-team history,1,EPH-0049,,RETAIN — unique source record,MEDIUM-HIGH,INDEX-ONLY,INCLUDED WITH ATTRIBUTION,https://article134-tech.github.io/lititzbmx-public-knowledge-register/objects/index.html#OBJ-0042,PKR-CAT-006,"Teams, riders, and brand campaigns"
OBJ-0043,Pontin's BMX Open Championships & Trade Exhibition,Pontin's; UK BMX organizers,1983-10-07 to 1983-10-09,Event flyer / trade-exhibition notice,1,EPH-0050,,RETAIN — unique source record,HIGH,INDEX-ONLY,INCLUDED — exact dates/venue,https://article134-tech.github.io/lititzbmx-public-knowledge-register/objects/index.html#OBJ-0043,PKR-CAT-005,"Events, registration, and membership"
OBJ-0044,Lee Cooper BMX Indoor Grand Prix pre-registration,Lee Cooper,Winter 1982–83; exact event dates open,Event registration coupon,1,EPH-0051,,RETAIN — unique source record,MEDIUM-HIGH,INDEX-ONLY,INCLUDED — exact dates pending,https://article134-tech.github.io/lititzbmx-public-knowledge-register/objects/index.html#OBJ-0044,PKR-CAT-005,"Events, registration, and membership"
OBJ-0045,AFA Expert & Pro Contest — Austin,AFA,1987-05-02 to 1987-05-03,Event entry / pre-registration advertisement,1,EPH-0052,,RETAIN — unique source record,HIGH,INDEX-ONLY,INCLUDED,https://article134-tech.github.io/lititzbmx-public-knowledge-register/objects/index.html#OBJ-0045,PKR-CAT-005,"Events, registration, and membership"
OBJ-0046,Send SAE for price list and free sticker,Retailer/dealer unresolved from indexed alignment,September 1982,Dealer price-list / sticker offer,1,EPH-0056,,RETAIN — unique source record,MEDIUM,INDEX-ONLY,INCLUDED WITH LIMITS,https://article134-tech.github.io/lititzbmx-public-knowledge-register/objects/index.html#OBJ-0046,PKR-CAT-003,"Mailers, stickers, and information packs"
OBJ-0047,"Ramp Jam — Moorhead, Minnesota",Local organizer; Rob Staiger contact,1987-05-02,Event notice / contact flyer,1,EPH-0057,,RETAIN — unique source record,MEDIUM-HIGH,INDEX-ONLY,INCLUDED — venue open,https://article134-tech.github.io/lititzbmx-public-knowledge-register/objects/index.html#OBJ-0047,PKR-CAT-005,"Events, registration, and membership"
OBJ-0048,DYNO Tour promotional stop listing,Dyno,1987,Tour promotion / route notice,1,EPH-0058,,RETAIN — unique source record,MEDIUM,INDEX-ONLY,INCLUDED — stops pending,https://article134-tech.github.io/lititzbmx-public-knowledge-register/objects/index.html#OBJ-0048,PKR-CAT-005,"Events, registration, and membership"
OBJ-0049,Diamond Back Silver Streak free draw at Lee Cooper event,Lee Cooper; Diamond Back,Winter 1982–83,Event prize promotion,1,EPH-0059,,RETAIN — unique source record,MEDIUM-HIGH,INDEX-ONLY,INCLUDED,https://article134-tech.github.io/lititzbmx-public-knowledge-register/objects/index.html#OBJ-0049,PKR-CAT-004,Contests and promotions
OBJ-0050,Langsett Cycles BMX product advertisement,Langsett Cycles,December 1983 issue,Dealer advertisement / price-list lead,1,EPH-0060,,RETAIN — unique source record,MEDIUM-HIGH,INDEX-ONLY,INCLUDED — deeper transcription deferred,https://article134-tech.github.io/lititzbmx-public-knowledge-register/objects/index.html#OBJ-0050,PKR-CAT-007,Dealers and distributors
OBJ-0051,SR Cycles product and team promotion,SR Cycles; SR Jets,October 1983,Dealer/shop advertisement,1,EPH-0061,,RETAIN — unique source record,MEDIUM-HIGH,INDEX-ONLY,INCLUDED,https://article134-tech.github.io/lititzbmx-public-knowledge-register/objects/index.html#OBJ-0051,PKR-CAT-007,Dealers and distributors
OBJ-0052,Midlands Cycles BMX mail-order special offers,Midlands Cycles; Suntour; Araya; MKS,April/May 1982,Retailer advertisement / price list,1,EPH-0062,,RETAIN — unique issue object,MEDIUM-HIGH,INDEX-ONLY,INCLUDED — indexed issue text; verify page image before exact-layout quotation.,https://article134-tech.github.io/lititzbmx-public-knowledge-register/objects/index.html#OBJ-0052,PKR-CAT-002,Advertisements and price lists
OBJ-0053,Serval Marketing BMX product list and recommended-prices offer,Serval Marketing; JT Racing; AME; Oakley; Johar,April/May 1982,Information-pack mailer,1,EPH-0063,,RETAIN — unique issue object,MEDIUM-HIGH,INDEX-ONLY,INCLUDED — indexed issue text; verify page image before exact-layout quotation.,https://article134-tech.github.io/lititzbmx-public-knowledge-register/objects/index.html#OBJ-0053,PKR-CAT-003,"Mailers, stickers, and information packs"
OBJ-0054,Strongs Cycles Kuwahara and Red Line frame/component advertisement,Strongs Cycles; Kuwahara; Red Line; Dia-Compe,April/May 1982,Retailer advertisement / price list,1,EPH-0064,,RETAIN — unique issue object,MEDIUM-HIGH,INDEX-ONLY,INCLUDED — indexed issue text; verify page image before exact-layout quotation.,https://article134-tech.github.io/lititzbmx-public-knowledge-register/objects/index.html#OBJ-0054,PKR-CAT-002,Advertisements and price lists
OBJ-0055,Gecko BMX product range and free Redline/Kuwahara patch offer,Gecko Leisure Products; Redline; Kuwahara; Race Inc.; MCS,April/May 1982,Dealer/shop advertisement,1,EPH-0065,,RETAIN — unique issue object,MEDIUM-HIGH,INDEX-ONLY,INCLUDED — indexed issue text; verify page image before exact-layout quotation.,https://article134-tech.github.io/lititzbmx-public-knowledge-register/objects/index.html#OBJ-0055,PKR-CAT-007,Dealers and distributors
OBJ-0056,Hotshot BMX complete-bike special and free price-list/sticker offer,Hotshot BMX; Mongoose; Redline; Kuwahara; Diamond Back; GT,April/May 1982,Dealer price-list / sticker offer,1,EPH-0066,,REVIEW — recurring campaign/feature candidate; retain separately pending page-image comparison,MEDIUM-HIGH,INDEX-ONLY,INCLUDED — indexed issue text; verify page image before exact-layout quotation.,https://article134-tech.github.io/lititzbmx-public-knowledge-register/objects/index.html#OBJ-0056,PKR-CAT-003,"Mailers, stickers, and information packs"
OBJ-0057,BMX Action Bike London Dungeon caption competition,BMX Action Bike; London Dungeon,April/May 1982,Contest entry form / promotion,1,EPH-0067,,RETAIN — unique issue object,MEDIUM-HIGH,INDEX-ONLY,INCLUDED — indexed issue text; verify page image before exact-layout quotation.,https://article134-tech.github.io/lititzbmx-public-knowledge-register/objects/index.html#OBJ-0057,PKR-CAT-004,Contests and promotions
OBJ-0058,BMX Action Bike GT Pro 4 bicycle giveaway,BMX Action Bike; GT,April/May 1982,Contest entry form,1,EPH-0068,,RETAIN — unique issue object,HIGH,INDEX-ONLY,INCLUDED — indexed issue text; verify page image before exact-layout quotation.,https://article134-tech.github.io/lititzbmx-public-knowledge-register/objects/index.html#OBJ-0058,PKR-CAT-004,Contests and promotions
OBJ-0059,Kenda Karate free sticker mailer,"Kenda; Moore, Large & Co.",April/May 1982,Information-pack mailer,1,EPH-0069,,RETAIN — unique issue object,HIGH,INDEX-ONLY,INCLUDED — indexed issue text; verify page image before exact-layout quotation.,https://article134-tech.github.io/lititzbmx-public-knowledge-register/objects/index.html#OBJ-0059,PKR-CAT-003,"Mailers, stickers, and information packs"
OBJ-0060,BMX Action Bike track and club list mailer,BMX Action Bike; UKBMX Publications,April/May 1982,Catalog mailer,1,EPH-0070,,RETAIN — unique issue object,HIGH,INDEX-ONLY,INCLUDED — indexed issue text; verify page image before exact-layout quotation.,https://article134-tech.github.io/lititzbmx-public-knowledge-register/objects/index.html#OBJ-0060,PKR-CAT-003,"Mailers, stickers, and information packs"
OBJ-0061,SJK Hurricane complete bike and frame-kit advertisement,SJK Products,April/May 1982,Product literature,1,EPH-0071,,RETAIN — unique issue object,MEDIUM-HIGH,INDEX-ONLY,INCLUDED — indexed issue text; verify page image before exact-layout quotation.,https://article134-tech.github.io/lititzbmx-public-knowledge-register/objects/index.html#OBJ-0061,PKR-CAT-001,Catalogs and product literature
OBJ-0062,CAMM Power Stem dealer advertisement,CAMM Distributing,April/May 1982,Retailer advertisement / price list,1,EPH-0072,,RETAIN — unique issue object,MEDIUM-HIGH,INDEX-ONLY,INCLUDED — indexed issue text; verify page image before exact-layout quotation.,https://article134-tech.github.io/lititzbmx-public-knowledge-register/objects/index.html#OBJ-0062,PKR-CAT-002,Advertisements and price lists
OBJ-0063,Diamond Back Silver Streak test report and projected retail price,Diamond Back; BMX Action Bike,April/May 1982,Product-history object,1,EPH-0073,,RETAIN — unique issue object,HIGH,INDEX-ONLY,INCLUDED — indexed issue text; verify page image before exact-layout quotation.,https://article134-tech.github.io/lititzbmx-public-knowledge-register/objects/index.html#OBJ-0063,PKR-CAT-009,Editorial tests and historical documentation
OBJ-0064,UKBMX membership and racing-licence application form,UKBMX,April/May 1982,Event registration coupon,1,EPH-0074,,RETAIN — unique issue object,HIGH,INDEX-ONLY,INCLUDED — indexed issue text; verify page image before exact-layout quotation.,https://article134-tech.github.io/lititzbmx-public-knowledge-register/objects/index.html#OBJ-0064,PKR-CAT-005,"Events, registration, and membership"
OBJ-0065,BMX Action Bike back-issue mailer,BMX Action Bike; UKBMX Publications,April/May 1982,Catalog mailer,1,EPH-0075,,REVIEW — recurring campaign/feature candidate; retain separately pending page-image comparison,HIGH,INDEX-ONLY,INCLUDED — indexed issue text; verify page image before exact-layout quotation.,https://article134-tech.github.io/lititzbmx-public-knowledge-register/objects/index.html#OBJ-0065,PKR-CAT-003,"Mailers, stickers, and information packs"
OBJ-0066,Stronglite prototype frame and fork announcement,Stronglite; Paul Harvey,April/May 1982,Product announcement / kit,1,EPH-0076,,RETAIN — unique issue object,MEDIUM,INDEX-ONLY,INCLUDED — indexed issue text; verify page image before exact-layout quotation.,https://article134-tech.github.io/lititzbmx-public-knowledge-register/objects/index.html#OBJ-0066,PKR-CAT-008,Product announcements and technical material
OBJ-0067,Prolite racing helmet retailer offer,Prolite; Freewheeler,April/May 1982,Retailer advertisement / price list,1,EPH-0077,,RETAIN — unique issue object,MEDIUM-HIGH,INDEX-ONLY,INCLUDED — indexed issue text; verify page image before exact-layout quotation.,https://article134-tech.github.io/lititzbmx-public-knowledge-register/objects/index.html#OBJ-0067,PKR-CAT-002,Advertisements and price lists
OBJ-0068,Pacer racing gloves retailer offer,Pacer; Gecko,April/May 1982,Retailer advertisement / price list,1,EPH-0078,,RETAIN — unique issue object,HIGH,INDEX-ONLY,INCLUDED — indexed issue text; verify page image before exact-layout quotation.,https://article134-tech.github.io/lititzbmx-public-knowledge-register/objects/index.html#OBJ-0068,PKR-CAT-002,Advertisements and price lists
OBJ-0069,BMX Action Bike assorted sticker packet offer,BMX Action Bike; UKBMX Publications,April/May 1982,Information-pack mailer,1,EPH-0079,,RETAIN — unique issue object,HIGH,INDEX-ONLY,INCLUDED — indexed issue text; verify page image before exact-layout quotation.,https://article134-tech.github.io/lititzbmx-public-knowledge-register/objects/index.html#OBJ-0069,PKR-CAT-003,"Mailers, stickers, and information packs"
OBJ-0070,MX 1000 brake-pair and BMX catalogue offer,MX 1000; retailer unresolved from indexed alignment,April/May 1982,Dealer price-list / sticker offer,1,EPH-0080,,RETAIN — unique issue object,MEDIUM-HIGH,INDEX-ONLY,INCLUDED — indexed issue text; verify page image before exact-layout quotation.,https://article134-tech.github.io/lititzbmx-public-knowledge-register/objects/index.html#OBJ-0070,PKR-CAT-003,"Mailers, stickers, and information packs"
OBJ-0071,Stadium Cycles Atomic Star range advertisement,Stadium Cycles; Atomic Star,June/July 1982,Magazine advertisement,1,EPH-0081,,RETAIN — issue-specific occurrence pending visual comparison,MEDIUM-HIGH,INDEX-ONLY,INCLUDED — indexed issue text; visual comparison pending.,https://article134-tech.github.io/lititzbmx-public-knowledge-register/objects/index.html#OBJ-0071,PKR-CAT-002,Advertisements and price lists
OBJ-0072,Ron Kitching BMX component-distributor brand list,Ron Kitching; SunTour; Dia-Compe; MKS; Tange,June/July 1982,Distributor price list,1,EPH-0082,,RETAIN — issue-specific occurrence pending visual comparison,HIGH,INDEX-ONLY,INCLUDED — indexed issue text; visual comparison pending.,https://article134-tech.github.io/lititzbmx-public-knowledge-register/objects/index.html#OBJ-0072,PKR-CAT-007,Dealers and distributors
OBJ-0073,Raleigh Raceline event-listing service,Raleigh; BMX Action Bike,June/July 1982,Event notice / contact flyer,1,EPH-0083,,RETAIN — issue-specific occurrence pending visual comparison,HIGH,INDEX-ONLY,INCLUDED — indexed issue text; visual comparison pending.,https://article134-tech.github.io/lititzbmx-public-knowledge-register/objects/index.html#OBJ-0073,PKR-CAT-005,"Events, registration, and membership"
OBJ-0074,Halfords free BMX jersey promotion,Halfords,June/July 1982,Event prize promotion,1,EPH-0084,,RETAIN — issue-specific occurrence pending visual comparison,HIGH,INDEX-ONLY,INCLUDED — indexed issue text; visual comparison pending.,https://article134-tech.github.io/lititzbmx-public-knowledge-register/objects/index.html#OBJ-0074,PKR-CAT-004,Contests and promotions
OBJ-0075,Hotshot BMX complete-bike special and petrol bonus,Hotshot BMX Racing,June/July 1982,Retailer advertisement / price list,1,EPH-0085,,RETAIN — issue-specific occurrence pending visual comparison,HIGH,INDEX-ONLY,INCLUDED — indexed issue text; visual comparison pending.,https://article134-tech.github.io/lititzbmx-public-knowledge-register/objects/index.html#OBJ-0075,PKR-CAT-002,Advertisements and price lists
OBJ-0076,Hotshot free price-list and sticker mailer,Hotshot BMX Racing,June/July 1982,Dealer price-list / sticker offer,1,EPH-0086,,REVIEW — recurring campaign/feature candidate; retain separately pending page-image comparison,HIGH,INDEX-ONLY,INCLUDED — indexed issue text; visual comparison pending. Duplicate relationship review open against EPH-0240 (Hotshot price-list / free-sticker campaign).,https://article134-tech.github.io/lititzbmx-public-knowledge-register/objects/index.html#OBJ-0076,PKR-CAT-003,"Mailers, stickers, and information packs"
OBJ-0077,Guisborough national race report,UKBMX; Tucker's Tornadoes,June/July 1982,Product-history object,1,EPH-0087,,RETAIN — issue-specific occurrence pending visual comparison,MEDIUM-HIGH,INDEX-ONLY,INCLUDED — indexed issue text; visual comparison pending.,https://article134-tech.github.io/lititzbmx-public-knowledge-register/objects/index.html#OBJ-0077,PKR-CAT-009,Editorial tests and historical documentation
OBJ-0078,Diamond Back northern-team sponsorship notice,Diamond Back; Tucker's Tornadoes,June/July 1982,Factory-team history,1,EPH-0088,,RETAIN — issue-specific occurrence pending visual comparison,HIGH,INDEX-ONLY,INCLUDED — indexed issue text; visual comparison pending.,https://article134-tech.github.io/lititzbmx-public-knowledge-register/objects/index.html#OBJ-0078,PKR-CAT-006,"Teams, riders, and brand campaigns"
OBJ-0079,GT Pro 4 road and race test,GT; Greg Hill,June/July 1982,Product-history object,1,EPH-0089,,RETAIN — issue-specific occurrence pending visual comparison,HIGH,INDEX-ONLY,INCLUDED — indexed issue text; visual comparison pending.,https://article134-tech.github.io/lititzbmx-public-knowledge-register/objects/index.html#OBJ-0079,PKR-CAT-009,Editorial tests and historical documentation
OBJ-0080,GT Pro 4 specification sheet,GT,June/July 1982,Product literature,1,EPH-0090,,RETAIN — issue-specific occurrence pending visual comparison,HIGH,INDEX-ONLY,INCLUDED — indexed issue text; visual comparison pending.,https://article134-tech.github.io/lititzbmx-public-knowledge-register/objects/index.html#OBJ-0080,PKR-CAT-001,Catalogs and product literature
OBJ-0081,Bermology track-building guide,BMX Action Bike; James Black,June/July 1982,Product literature,1,EPH-0091,,RETAIN — issue-specific occurrence pending visual comparison,HIGH,INDEX-ONLY,INCLUDED — indexed issue text; visual comparison pending.,https://article134-tech.github.io/lititzbmx-public-knowledge-register/objects/index.html#OBJ-0081,PKR-CAT-001,Catalogs and product literature
OBJ-0082,Keith Wilson Redline rider profile,Redline; Keith Wilson,June/July 1982,Rider/model naming history,1,EPH-0092,,RETAIN — issue-specific occurrence pending visual comparison,MEDIUM-HIGH,INDEX-ONLY,INCLUDED — indexed issue text; visual comparison pending.,https://article134-tech.github.io/lititzbmx-public-knowledge-register/objects/index.html#OBJ-0082,PKR-CAT-006,"Teams, riders, and brand campaigns"
OBJ-0083,PK Ripper Radical Art competition,BMX Action Bike; SE Racing; PK Ripper,June/July 1982,Contest entry form / promotion,1,EPH-0093,,RETAIN — issue-specific occurrence pending visual comparison,HIGH,INDEX-ONLY,INCLUDED — indexed issue text; visual comparison pending.,https://article134-tech.github.io/lititzbmx-public-knowledge-register/objects/index.html#OBJ-0083,PKR-CAT-004,Contests and promotions
OBJ-0084,Neal Stevens State of the Art feature,Neal Stevens; BMX Action Bike,June/July 1982,Product-history object,1,EPH-0094,,RETAIN — issue-specific occurrence pending visual comparison,HIGH,INDEX-ONLY,INCLUDED — indexed issue text; visual comparison pending.,https://article134-tech.github.io/lititzbmx-public-knowledge-register/objects/index.html#OBJ-0084,PKR-CAT-009,Editorial tests and historical documentation
OBJ-0085,Shiner SE Racing news and free-decal mailer,Shiner; SE Racing,June/July 1982,Information-pack mailer,1,EPH-0095,,RETAIN — issue-specific occurrence pending visual comparison,HIGH,INDEX-ONLY,INCLUDED — indexed issue text; visual comparison pending.,https://article134-tech.github.io/lititzbmx-public-knowledge-register/objects/index.html#OBJ-0085,PKR-CAT-003,"Mailers, stickers, and information packs"
OBJ-0086,GT racing and dealer advertisement,GT; Greg Hill,June/July 1982,Team/product advertisement,1,EPH-0096,,RETAIN — issue-specific occurrence pending visual comparison,MEDIUM-HIGH,INDEX-ONLY,INCLUDED — indexed issue text; visual comparison pending.,https://article134-tech.github.io/lititzbmx-public-knowledge-register/objects/index.html#OBJ-0086,PKR-CAT-006,"Teams, riders, and brand campaigns"
OBJ-0087,De Ver Cycles BMX bargains listing,De Ver Cycles,June/July 1982,Dealer advertisement / price-list lead,1,EPH-0097,,RETAIN — issue-specific occurrence pending visual comparison,MEDIUM-HIGH,INDEX-ONLY,INCLUDED — indexed issue text; visual comparison pending.,https://article134-tech.github.io/lititzbmx-public-knowledge-register/objects/index.html#OBJ-0087,PKR-CAT-007,Dealers and distributors
OBJ-0088,Max chainring carrying bags,Max,June/July 1982,Product announcement / kit,1,EPH-0098,,RETAIN — issue-specific occurrence pending visual comparison,MEDIUM-HIGH,INDEX-ONLY,INCLUDED — indexed issue text; visual comparison pending.,https://article134-tech.github.io/lititzbmx-public-knowledge-register/objects/index.html#OBJ-0088,PKR-CAT-008,Product announcements and technical material
OBJ-0089,SunTour HL-100 headset locking nut,SunTour,June/July 1982,Product announcement / kit,1,EPH-0099,,RETAIN — issue-specific occurrence pending visual comparison,HIGH,INDEX-ONLY,INCLUDED — indexed issue text; visual comparison pending.,https://article134-tech.github.io/lititzbmx-public-knowledge-register/objects/index.html#OBJ-0089,PKR-CAT-008,Product announcements and technical material
OBJ-0090,Oakley O/20 goggle product notice,Oakley; Gecko,June/July 1982,Product literature,1,EPH-0100,,RETAIN — issue-specific occurrence pending visual comparison,HIGH,INDEX-ONLY,INCLUDED — indexed issue text; visual comparison pending.,https://article134-tech.github.io/lititzbmx-public-knowledge-register/objects/index.html#OBJ-0090,PKR-CAT-001,Catalogs and product literature
OBJ-0091,Torker Ultra 4 lightweight stem,Torker; Alans,June/July 1982,Product announcement / kit,1,EPH-0101,,RETAIN — issue-specific occurrence pending visual comparison,MEDIUM-HIGH,INDEX-ONLY,INCLUDED — indexed issue text; visual comparison pending.,https://article134-tech.github.io/lititzbmx-public-knowledge-register/objects/index.html#OBJ-0091,PKR-CAT-008,Product announcements and technical material
OBJ-0092,Renthal wide-rise handlebar range,Renthal; Mongoose,June/July 1982,Product literature,1,EPH-0102,,RETAIN — issue-specific occurrence pending visual comparison,HIGH,INDEX-ONLY,INCLUDED — indexed issue text; visual comparison pending.,https://article134-tech.github.io/lititzbmx-public-knowledge-register/objects/index.html#OBJ-0092,PKR-CAT-001,Catalogs and product literature
OBJ-0093,ABMX Wonder Light street-safety offer,BMX Action Bike; Wonder Light,June/July 1982,Information-pack mailer,1,EPH-0103,,RETAIN — issue-specific occurrence pending visual comparison,HIGH,INDEX-ONLY,INCLUDED — indexed issue text; visual comparison pending.,https://article134-tech.github.io/lititzbmx-public-knowledge-register/objects/index.html#OBJ-0093,PKR-CAT-003,"Mailers, stickers, and information packs"
OBJ-0094,Huffy Pro Thunder Competition Certified range,Huffy,June/July 1982,Magazine advertisement,1,EPH-0104,,RETAIN — issue-specific occurrence pending visual comparison,HIGH,INDEX-ONLY,INCLUDED — indexed issue text; visual comparison pending.,https://article134-tech.github.io/lititzbmx-public-knowledge-register/objects/index.html#OBJ-0094,PKR-CAT-002,Advertisements and price lists
OBJ-0095,Race Inc Aero special feature,Race Inc; Cav Strutt,June/July 1982,Product-history object,1,EPH-0105,,RETAIN — issue-specific occurrence pending visual comparison,MEDIUM-HIGH,INDEX-ONLY,INCLUDED — indexed issue text; visual comparison pending.,https://article134-tech.github.io/lititzbmx-public-knowledge-register/objects/index.html#OBJ-0095,PKR-CAT-009,Editorial tests and historical documentation
OBJ-0096,SJK British chromoly race-bike test,SJK Products; Steve Woolley,June/July 1982,Product-history object,1,EPH-0106,,RETAIN — issue-specific occurrence pending visual comparison,MEDIUM-HIGH,INDEX-ONLY,INCLUDED — indexed issue text; visual comparison pending.,https://article134-tech.github.io/lititzbmx-public-knowledge-register/objects/index.html#OBJ-0096,PKR-CAT-009,Editorial tests and historical documentation
OBJ-0097,Cyclone Bikes seven-sticker packet offer,Cyclone Bikes; BMX Action Bike,June/July 1982,Information-pack mailer,1,EPH-0107,,RETAIN — issue-specific occurrence pending visual comparison,HIGH,INDEX-ONLY,INCLUDED — indexed issue text; visual comparison pending.,https://article134-tech.github.io/lititzbmx-public-knowledge-register/objects/index.html#OBJ-0097,PKR-CAT-003,"Mailers, stickers, and information packs"
OBJ-0098,UKBMX national rule-book notice,UKBMX; IBMXF,June/July 1982,Product literature,1,EPH-0108,,RETAIN — issue-specific occurrence pending visual comparison,HIGH,INDEX-ONLY,INCLUDED — indexed issue text; visual comparison pending.,https://article134-tech.github.io/lititzbmx-public-knowledge-register/objects/index.html#OBJ-0098,PKR-CAT-001,Catalogs and product literature
OBJ-0099,Puch Murray 20-inch and 24-inch BMX range advertisement,Puch Murray,August/September 1982,Magazine advertisement,1,EPH-0109,,RETAIN — issue-specific occurrence pending visual comparison,HIGH,INDEX-ONLY,INCLUDED — indexed issue text; visual comparison pending.,https://article134-tech.github.io/lititzbmx-public-knowledge-register/objects/index.html#OBJ-0099,PKR-CAT-002,Advertisements and price lists
OBJ-0100,Diamond Back Silver Streak and Pro-Star information-pack offer,Diamond Back; Pro-Star; Freewheeler,August/September 1982,Information-pack mailer,1,EPH-0110,,REVIEW — recurring campaign/feature candidate; retain separately pending page-image comparison,HIGH,INDEX-ONLY,INCLUDED — indexed issue text; visual comparison pending. Duplicate relationship review open against EPH-0159 (Diamond Back Silver Streak information-pack campaign).,https://article134-tech.github.io/lititzbmx-public-knowledge-register/objects/index.html#OBJ-0100,PKR-CAT-003,"Mailers, stickers, and information packs"
OBJ-0101,Kenda Karate tyre advertisement,Kenda; Moore Large,August/September 1982,Magazine advertisement,1,EPH-0111,,RETAIN — issue-specific occurrence pending visual comparison,HIGH,INDEX-ONLY,INCLUDED — indexed issue text; visual comparison pending.,https://article134-tech.github.io/lititzbmx-public-knowledge-register/objects/index.html#OBJ-0101,PKR-CAT-002,Advertisements and price lists
OBJ-0102,Raleigh Burner five-model range launch,Raleigh; Halfords,August/September 1982,Product announcement / kit,1,EPH-0112,,REVIEW — recurring campaign/feature candidate; retain separately pending page-image comparison,HIGH,INDEX-ONLY,INCLUDED — indexed issue text; visual comparison pending. Duplicate relationship review open against EPH-0203 (Raleigh Burner range / price-list campaign).,https://article134-tech.github.io/lititzbmx-public-knowledge-register/objects/index.html#OBJ-0102,PKR-CAT-008,Product announcements and technical material
OBJ-0103,Home-built Diamond Back II project letter,Paul Connors; Diamond Back,August/September 1982,Product-history object,1,EPH-0113,,RETAIN — issue-specific occurrence pending visual comparison,MEDIUM-HIGH,INDEX-ONLY,INCLUDED — indexed issue text; visual comparison pending.,https://article134-tech.github.io/lititzbmx-public-knowledge-register/objects/index.html#OBJ-0103,PKR-CAT-009,Editorial tests and historical documentation
OBJ-0104,Ramsey BMX Club free-entry visitor notice,Ramsey BMX Club; Steve's Team Mongoose,August/September 1982,Event notice / contact flyer,1,EPH-0114,,RETAIN — issue-specific occurrence pending visual comparison,HIGH,INDEX-ONLY,INCLUDED — indexed issue text; visual comparison pending.,https://article134-tech.github.io/lititzbmx-public-knowledge-register/objects/index.html#OBJ-0104,PKR-CAT-005,"Events, registration, and membership"
OBJ-0105,ACS experimental 26-inch Z-rim production note,ACS,August/September 1982,Product-history object,1,EPH-0115,,RETAIN — issue-specific occurrence pending visual comparison,MEDIUM-HIGH,INDEX-ONLY,INCLUDED — indexed issue text; visual comparison pending.,https://article134-tech.github.io/lititzbmx-public-knowledge-register/objects/index.html#OBJ-0105,PKR-CAT-009,Editorial tests and historical documentation
OBJ-0106,Gecko BMX product-range advertisement,Gecko Leisure Products,August/September 1982,Dealer/shop advertisement,1,EPH-0116,,RETAIN — issue-specific occurrence pending visual comparison,MEDIUM-HIGH,INDEX-ONLY,INCLUDED — indexed issue text; visual comparison pending.,https://article134-tech.github.io/lititzbmx-public-knowledge-register/objects/index.html#OBJ-0106,PKR-CAT-007,Dealers and distributors
OBJ-0107,Redline PL-20 Carrera complete-package advertisement,Redline,August/September 1982,Product literature,1,EPH-0117,,RETAIN — issue-specific occurrence pending visual comparison,HIGH,INDEX-ONLY,INCLUDED — indexed issue text; visual comparison pending.,https://article134-tech.github.io/lititzbmx-public-knowledge-register/objects/index.html#OBJ-0107,PKR-CAT-001,Catalogs and product literature
OBJ-0108,Kuwahara frame-and-fork range advertisement,Kuwahara,August/September 1982,Product literature,1,EPH-0118,,RETAIN — issue-specific occurrence pending visual comparison,HIGH,INDEX-ONLY,INCLUDED — indexed issue text; visual comparison pending.,https://article134-tech.github.io/lititzbmx-public-knowledge-register/objects/index.html#OBJ-0108,PKR-CAT-001,Catalogs and product literature
OBJ-0109,"MCS, Race Inc, and Powerlite range advertisement",MCS; Race Inc; Powerlite; Gecko,August/September 1982,Dealer advertisement / price-list lead,1,EPH-0119,,RETAIN — issue-specific occurrence pending visual comparison,MEDIUM-HIGH,INDEX-ONLY,INCLUDED — indexed issue text; visual comparison pending.,https://article134-tech.github.io/lititzbmx-public-knowledge-register/objects/index.html#OBJ-0109,PKR-CAT-007,Dealers and distributors
OBJ-0110,PK Ripper editorial test,SE Racing; PK Ripper,August/September 1982,Product-history object,1,EPH-0120,,RETAIN — issue-specific occurrence pending visual comparison,HIGH,INDEX-ONLY,INCLUDED — indexed issue text; visual comparison pending.,https://article134-tech.github.io/lititzbmx-public-knowledge-register/objects/index.html#OBJ-0110,PKR-CAT-009,Editorial tests and historical documentation
OBJ-0111,Ammaco BMX thrash test,Ammaco; Andy Ruffell,August/September 1982,Product-history object,1,EPH-0121,,RETAIN — issue-specific occurrence pending visual comparison,MEDIUM-HIGH,INDEX-ONLY,INCLUDED — indexed issue text; visual comparison pending.,https://article134-tech.github.io/lititzbmx-public-knowledge-register/objects/index.html#OBJ-0111,PKR-CAT-009,Editorial tests and historical documentation
OBJ-0112,Tim March profile and March Racing Developments launch,Tim March; March Racing Developments,August/September 1982,Factory-team history,1,EPH-0122,,RETAIN — issue-specific occurrence pending visual comparison,HIGH,INDEX-ONLY,INCLUDED — indexed issue text; visual comparison pending.,https://article134-tech.github.io/lititzbmx-public-knowledge-register/objects/index.html#OBJ-0112,PKR-CAT-006,"Teams, riders, and brand campaigns"
OBJ-0113,March Racing Developments number-plate offer,March Racing Developments,August/September 1982,Product literature,1,EPH-0123,,RETAIN — issue-specific occurrence pending visual comparison,HIGH,INDEX-ONLY,INCLUDED — indexed issue text; visual comparison pending.,https://article134-tech.github.io/lititzbmx-public-knowledge-register/objects/index.html#OBJ-0113,PKR-CAT-001,Catalogs and product literature
OBJ-0114,Hotshot retail and trade price-list/sticker service,Hotshot BMX Racing,August/September 1982,Dealer price-list / sticker offer,1,EPH-0124,,RETAIN — issue-specific occurrence pending visual comparison,HIGH,INDEX-ONLY,INCLUDED — indexed issue text; visual comparison pending.,https://article134-tech.github.io/lititzbmx-public-knowledge-register/objects/index.html#OBJ-0114,PKR-CAT-003,"Mailers, stickers, and information packs"
OBJ-0115,DC Racing price-list and sticker mailer,DC Racing,August/September 1982,Dealer price-list / sticker offer,1,EPH-0125,,RETAIN — issue-specific occurrence pending visual comparison,HIGH,INDEX-ONLY,INCLUDED — indexed issue text; visual comparison pending.,https://article134-tech.github.io/lititzbmx-public-knowledge-register/objects/index.html#OBJ-0115,PKR-CAT-003,"Mailers, stickers, and information packs"
OBJ-0116,Piranha cast-wheel model announcement,Piranha,August/September 1982,Product announcement / kit,1,EPH-0126,,RETAIN — issue-specific occurrence pending visual comparison,MEDIUM-HIGH,INDEX-ONLY,INCLUDED — indexed issue text; visual comparison pending.,https://article134-tech.github.io/lititzbmx-public-knowledge-register/objects/index.html#OBJ-0116,PKR-CAT-008,Product announcements and technical material
OBJ-0117,Surrey BMX six-page bargain-list advertisement,Surrey BMX,August/September 1982,Retailer advertisement / price list,1,EPH-0127,,RETAIN — issue-specific occurrence pending visual comparison,HIGH,INDEX-ONLY,INCLUDED — indexed issue text; visual comparison pending.,https://article134-tech.github.io/lititzbmx-public-knowledge-register/objects/index.html#OBJ-0117,PKR-CAT-002,Advertisements and price lists
OBJ-0118,Cooper convertible BMX helmet mailer,Cooper,August/September 1982,Product literature,1,EPH-0128,,RETAIN — issue-specific occurrence pending visual comparison,HIGH,INDEX-ONLY,INCLUDED — indexed issue text; visual comparison pending.,https://article134-tech.github.io/lititzbmx-public-knowledge-register/objects/index.html#OBJ-0118,PKR-CAT-001,Catalogs and product literature
OBJ-0119,Lee and SunTour sealed bottom-bracket product note,Lee; SunTour,August/September 1982,Product announcement / kit,1,EPH-0129,,RETAIN — issue-specific occurrence pending visual comparison,MEDIUM-HIGH,INDEX-ONLY,INCLUDED — indexed issue text; visual comparison pending.,https://article134-tech.github.io/lititzbmx-public-knowledge-register/objects/index.html#OBJ-0119,PKR-CAT-008,Product announcements and technical material
OBJ-0120,Araya aerodynamic sew-up race-wheel note,Araya,August/September 1982,Product literature,1,EPH-0130,,RETAIN — issue-specific occurrence pending visual comparison,MEDIUM,INDEX-ONLY,INCLUDED — indexed issue text; visual comparison pending.,https://article134-tech.github.io/lititzbmx-public-knowledge-register/objects/index.html#OBJ-0120,PKR-CAT-001,Catalogs and product literature
OBJ-0121,Profile mini BMX build feature,Profile; Hotshot BMX,August/September 1982,Product-history object,1,EPH-0131,,RETAIN — issue-specific occurrence pending visual comparison,MEDIUM-HIGH,INDEX-ONLY,INCLUDED — indexed issue text; visual comparison pending.,https://article134-tech.github.io/lititzbmx-public-knowledge-register/objects/index.html#OBJ-0121,PKR-CAT-009,Editorial tests and historical documentation
OBJ-0122,Patterson chromoly frame-and-fork advertisement,Patterson Racing Products,August/September 1982,Product literature,1,EPH-0132,,RETAIN — issue-specific occurrence pending visual comparison,HIGH,INDEX-ONLY,INCLUDED — indexed issue text; visual comparison pending.,https://article134-tech.github.io/lititzbmx-public-knowledge-register/objects/index.html#OBJ-0122,PKR-CAT-001,Catalogs and product literature
OBJ-0123,KHS Duster four-model range and RRPs,KHS; Action Bike Distributing,August/September 1982,Retailer advertisement / price list,1,EPH-0133,,RETAIN — issue-specific occurrence pending visual comparison,HIGH,INDEX-ONLY,INCLUDED — indexed issue text; visual comparison pending.,https://article134-tech.github.io/lititzbmx-public-knowledge-register/objects/index.html#OBJ-0123,PKR-CAT-002,Advertisements and price lists
OBJ-0124,SJK Hurricane distributor announcement,SJK Products; Action Bike Distributing,August/September 1982,Product literature,1,EPH-0134,,RETAIN — issue-specific occurrence pending visual comparison,MEDIUM-HIGH,INDEX-ONLY,INCLUDED — indexed issue text; visual comparison pending.,https://article134-tech.github.io/lititzbmx-public-knowledge-register/objects/index.html#OBJ-0124,PKR-CAT-001,Catalogs and product literature
OBJ-0125,Summer chrome-plating service advertisement,Dartford cycle retailer,August/September 1982,Dealer/shop advertisement,1,EPH-0135,,RETAIN — issue-specific occurrence pending visual comparison,MEDIUM,INDEX-ONLY,INCLUDED — indexed issue text; visual comparison pending.,https://article134-tech.github.io/lititzbmx-public-knowledge-register/objects/index.html#OBJ-0125,PKR-CAT-007,Dealers and distributors
OBJ-0126,Twenty-pence BMX catalogue mailer,Dartford cycle retailer,August/September 1982,Catalog mailer,1,EPH-0136,,RETAIN — issue-specific occurrence pending visual comparison,HIGH,INDEX-ONLY,INCLUDED — indexed issue text; visual comparison pending.,https://article134-tech.github.io/lititzbmx-public-knowledge-register/objects/index.html#OBJ-0126,PKR-CAT-003,"Mailers, stickers, and information packs"
OBJ-0127,Puch Murray competition BMX range advertisement,Puch Murray,October/November 1982,Magazine advertisement,1,EPH-0137,,RETAIN — issue-specific occurrence pending visual comparison,HIGH,INDEX-ONLY,INCLUDED — indexed issue text; visual comparison pending.,https://article134-tech.github.io/lititzbmx-public-knowledge-register/objects/index.html#OBJ-0127,PKR-CAT-002,Advertisements and price lists
OBJ-0128,Redline 400 Series durability advertisement,Redline; Gecko,October/November 1982,Magazine advertisement,1,EPH-0138,,RETAIN — issue-specific occurrence pending visual comparison,MEDIUM-HIGH,INDEX-ONLY,INCLUDED — indexed issue text; visual comparison pending.,https://article134-tech.github.io/lititzbmx-public-knowledge-register/objects/index.html#OBJ-0128,PKR-CAT-002,Advertisements and price lists
OBJ-0129,Hot Wheels BMX Centre Shimano price list,Hot Wheels BMX Centre; Shimano,October/November 1982,Retailer advertisement / price list,1,EPH-0139,,REVIEW — recurring campaign/feature candidate; retain separately pending page-image comparison,HIGH,INDEX-ONLY,INCLUDED — indexed issue text; visual comparison pending. Duplicate relationship review open against EPH-0185 (Hot Wheels Centre retailer campaign).,https://article134-tech.github.io/lititzbmx-public-knowledge-register/objects/index.html#OBJ-0129,PKR-CAT-002,Advertisements and price lists
OBJ-0130,Kuwahara E.T. Special product announcement,Kuwahara; E.T.,October/November 1982,Product announcement / kit,1,EPH-0140,,RETAIN — issue-specific occurrence pending visual comparison,HIGH,INDEX-ONLY,INCLUDED — indexed issue text; visual comparison pending.,https://article134-tech.github.io/lititzbmx-public-knowledge-register/objects/index.html#OBJ-0130,PKR-CAT-008,Product announcements and technical material
OBJ-0131,BMX track-openings and construction logbook,BMX Action Bike,October/November 1982,Archive collection,1,EPH-0141,,RETAIN — issue-specific occurrence pending visual comparison,HIGH,INDEX-ONLY,INCLUDED — indexed issue text; visual comparison pending.,https://article134-tech.github.io/lititzbmx-public-knowledge-register/objects/index.html#OBJ-0131,PKR-CAT-009,Editorial tests and historical documentation
OBJ-0132,"Shiner Panda, SE Racing, and KHS range advertisement",Shiner; SE Racing; Panda; KHS,October/November 1982,Dealer/shop advertisement,1,EPH-0142,,RETAIN — issue-specific occurrence pending visual comparison,MEDIUM-HIGH,INDEX-ONLY,INCLUDED — indexed issue text; visual comparison pending.,https://article134-tech.github.io/lititzbmx-public-knowledge-register/objects/index.html#OBJ-0132,PKR-CAT-007,Dealers and distributors
OBJ-0133,Adjustable car cycle-rack advertisement,Retailer unresolved,October/November 1982,Product literature,1,EPH-0143,,RETAIN — issue-specific occurrence pending visual comparison,MEDIUM,INDEX-ONLY,INCLUDED — indexed issue text; visual comparison pending.,https://article134-tech.github.io/lititzbmx-public-knowledge-register/objects/index.html#OBJ-0133,PKR-CAT-001,Catalogs and product literature
OBJ-0134,Skyway Tuff wheels with alloy hubs launch,Skyway; Hotshot BMX,October/November 1982,Product announcement / kit,1,EPH-0144,,RETAIN — issue-specific occurrence pending visual comparison,HIGH,INDEX-ONLY,INCLUDED — indexed issue text; visual comparison pending.,https://article134-tech.github.io/lititzbmx-public-knowledge-register/objects/index.html#OBJ-0134,PKR-CAT-008,Product announcements and technical material
OBJ-0135,Skyway information and Andy Patterson poster mailer,Skyway; Hotshot BMX; Andy Patterson,October/November 1982,Information-pack mailer,1,EPH-0145,,RETAIN — issue-specific occurrence pending visual comparison,HIGH,INDEX-ONLY,INCLUDED — indexed issue text; visual comparison pending.,https://article134-tech.github.io/lititzbmx-public-knowledge-register/objects/index.html#OBJ-0135,PKR-CAT-003,"Mailers, stickers, and information packs"
OBJ-0136,Alpine Action one-hundred-pound advertisement-design contest,Alpine Action; BMX Action Bike,October/November 1982,Contest entry form / promotion,1,EPH-0146,,RETAIN — issue-specific occurrence pending visual comparison,HIGH,INDEX-ONLY,INCLUDED — indexed issue text; visual comparison pending.,https://article134-tech.github.io/lititzbmx-public-knowledge-register/objects/index.html#OBJ-0136,PKR-CAT-004,Contests and promotions
OBJ-0137,Murray and Puch test-range mailer with free membership,Murray; Puch,October/November 1982,Catalog mailer / advertisement,1,EPH-0147,,RETAIN — issue-specific occurrence pending visual comparison,HIGH,INDEX-ONLY,INCLUDED — indexed issue text; visual comparison pending.,https://article134-tech.github.io/lititzbmx-public-knowledge-register/objects/index.html#OBJ-0137,PKR-CAT-003,"Mailers, stickers, and information packs"
OBJ-0138,BMX Action Bike race-shirt mailer,BMX Action Bike,October/November 1982,Information-pack mailer,1,EPH-0148,,RETAIN — issue-specific occurrence pending visual comparison,HIGH,INDEX-ONLY,INCLUDED — indexed issue text; visual comparison pending.,https://article134-tech.github.io/lititzbmx-public-knowledge-register/objects/index.html#OBJ-0138,PKR-CAT-003,"Mailers, stickers, and information packs"
OBJ-0139,E.T. film and Kuwahara bicycle feature,E.T.; Kuwahara; Steven Spielberg,October/November 1982,Product-history object,1,EPH-0149,,RETAIN — issue-specific occurrence pending visual comparison,HIGH,INDEX-ONLY,INCLUDED — indexed issue text; visual comparison pending.,https://article134-tech.github.io/lititzbmx-public-knowledge-register/objects/index.html#OBJ-0139,PKR-CAT-009,Editorial tests and historical documentation
OBJ-0140,Pro-Lite information-pack and decal mailer,Pro-Lite; Freewheeler Leisure Products,October/November 1982,Information-pack mailer,1,EPH-0150,,RETAIN — issue-specific occurrence pending visual comparison,HIGH,INDEX-ONLY,INCLUDED — indexed issue text; visual comparison pending.,https://article134-tech.github.io/lititzbmx-public-knowledge-register/objects/index.html#OBJ-0140,PKR-CAT-003,"Mailers, stickers, and information packs"
OBJ-0141,ABMX Bonanza reader survey competition,BMX Action Bike,October/November 1982,Contest entry form / promotion,1,EPH-0151,,RETAIN — issue-specific occurrence pending visual comparison,HIGH,INDEX-ONLY,INCLUDED — indexed issue text; visual comparison pending.,https://article134-tech.github.io/lititzbmx-public-knowledge-register/objects/index.html#OBJ-0141,PKR-CAT-004,Contests and promotions
OBJ-0142,AMF Scorcher 7 reader-survey prize,AMF; BMX Action Bike,October/November 1982,Event prize promotion,1,EPH-0152,,RETAIN — issue-specific occurrence pending visual comparison,HIGH,INDEX-ONLY,INCLUDED — indexed issue text; visual comparison pending.,https://article134-tech.github.io/lititzbmx-public-knowledge-register/objects/index.html#OBJ-0142,PKR-CAT-004,Contests and promotions
OBJ-0143,Reynolds 531 BMX frame-and-fork survey prize,Reynolds; BMX Action Bike,October/November 1982,Event prize promotion,1,EPH-0153,,RETAIN — issue-specific occurrence pending visual comparison,HIGH,INDEX-ONLY,INCLUDED — indexed issue text; visual comparison pending.,https://article134-tech.github.io/lititzbmx-public-knowledge-register/objects/index.html#OBJ-0143,PKR-CAT-004,Contests and promotions
OBJ-0144,Team Mongoose factory-direct value advertisement,Mongoose; Ammaco,October/November 1982,Team/product advertisement,1,EPH-0154,,RETAIN — issue-specific occurrence pending visual comparison,MEDIUM-HIGH,INDEX-ONLY,INCLUDED — indexed issue text; visual comparison pending.,https://article134-tech.github.io/lititzbmx-public-knowledge-register/objects/index.html#OBJ-0144,PKR-CAT-006,"Teams, riders, and brand campaigns"
OBJ-0145,ABMX race nutrition and training article,BMX Action Bike,October/November 1982,Product literature,1,EPH-0155,,RETAIN — issue-specific occurrence pending visual comparison,MEDIUM-HIGH,INDEX-ONLY,INCLUDED — indexed issue text; visual comparison pending.,https://article134-tech.github.io/lititzbmx-public-knowledge-register/objects/index.html#OBJ-0145,PKR-CAT-001,Catalogs and product literature
OBJ-0146,BMX Invader and Action Bikes monthly specials,BMX Invader; Action Bikes,October/November 1982,Retailer advertisement / price list,1,EPH-0156,,RETAIN — issue-specific occurrence pending visual comparison,HIGH,INDEX-ONLY,INCLUDED — indexed issue text; visual comparison pending.,https://article134-tech.github.io/lititzbmx-public-knowledge-register/objects/index.html#OBJ-0146,PKR-CAT-002,Advertisements and price lists
OBJ-0147,Huffy Pro Lightning preview,Huffy,October/November 1982,Product-history object,1,EPH-0157,,RETAIN — issue-specific occurrence pending visual comparison,MEDIUM-HIGH,INDEX-ONLY,INCLUDED — indexed issue text; visual comparison pending.,https://article134-tech.github.io/lititzbmx-public-knowledge-register/objects/index.html#OBJ-0147,PKR-CAT-009,Editorial tests and historical documentation
OBJ-0148,Stolen Kuwahara notice and subscription reward,BMX Action Bike; Kuwahara,October/November 1982,Event notice / contact flyer,1,EPH-0158,,RETAIN — issue-specific occurrence pending visual comparison,MEDIUM-HIGH,INDEX-ONLY,INCLUDED — indexed issue text; visual comparison pending.,https://article134-tech.github.io/lititzbmx-public-knowledge-register/objects/index.html#OBJ-0148,PKR-CAT-005,"Events, registration, and membership"
OBJ-0149,Diamond Back Silver Streak information-pack placement,Diamond Back; Pro-Star; Freewheeler,October/November 1982,Information-pack mailer,1,EPH-0159,,REVIEW — recurring campaign/feature candidate; retain separately pending page-image comparison,HIGH,INDEX-ONLY,INCLUDED — indexed issue text; visual comparison pending. Duplicate relationship review open against EPH-0110 (Diamond Back Silver Streak information-pack campaign).,https://article134-tech.github.io/lititzbmx-public-knowledge-register/objects/index.html#OBJ-0149,PKR-CAT-003,"Mailers, stickers, and information packs"
OBJ-0150,Kuwahara one-hundred-rider team recruitment offer,Kuwahara; Gecko,October/November 1982,Factory-team history,1,EPH-0160,,RETAIN — issue-specific occurrence pending visual comparison,HIGH,INDEX-ONLY,INCLUDED — indexed issue text; visual comparison pending.,https://article134-tech.github.io/lititzbmx-public-knowledge-register/objects/index.html#OBJ-0150,PKR-CAT-006,"Teams, riders, and brand campaigns"
OBJ-0151,Holdsworth BMX Centres multi-brand advertisement,Holdsworth BMX Centres,October/November 1982,Dealer/shop advertisement,1,EPH-0161,,REVIEW — recurring campaign/feature candidate; retain separately pending page-image comparison,MEDIUM-HIGH,INDEX-ONLY,INCLUDED — indexed issue text; visual comparison pending. Duplicate relationship review open against EPH-0196 (Holdsworth multi-brand retailer campaign).,https://article134-tech.github.io/lititzbmx-public-knowledge-register/objects/index.html#OBJ-0151,PKR-CAT-007,Dealers and distributors
OBJ-0152,Bolton BMXmas Club Supadeal,Bolton BMX Centre,October/November 1982,Dealer advertisement / price-list lead,1,EPH-0162,,RETAIN — issue-specific occurrence pending visual comparison,HIGH,INDEX-ONLY,INCLUDED — indexed issue text; visual comparison pending.,https://article134-tech.github.io/lititzbmx-public-knowledge-register/objects/index.html#OBJ-0152,PKR-CAT-007,Dealers and distributors
OBJ-0153,Haro number-plate heritage advertisement,Haro Designs,October/November 1982,Product-history object,1,EPH-0163,,RETAIN — issue-specific occurrence pending visual comparison,HIGH,INDEX-ONLY,INCLUDED — indexed issue text; visual comparison pending.,https://article134-tech.github.io/lititzbmx-public-knowledge-register/objects/index.html#OBJ-0153,PKR-CAT-009,Editorial tests and historical documentation
OBJ-0154,SunTour HB-6000 reversible rear-hub product literature,SunTour; Ron Kitching,October/November 1982,Product literature,1,EPH-0164,,RETAIN — issue-specific occurrence pending visual comparison,HIGH,INDEX-ONLY,INCLUDED — indexed issue text; visual comparison pending.,https://article134-tech.github.io/lititzbmx-public-knowledge-register/objects/index.html#OBJ-0154,PKR-CAT-001,Catalogs and product literature
OBJ-0155,Troxel Comet saddle-and-post advertisement,Troxel,October/November 1982,Product literature,1,EPH-0165,,RETAIN — issue-specific occurrence pending visual comparison,HIGH,INDEX-ONLY,INCLUDED — indexed issue text; visual comparison pending.,https://article134-tech.github.io/lititzbmx-public-knowledge-register/objects/index.html#OBJ-0155,PKR-CAT-001,Catalogs and product literature
OBJ-0156,Shimano DX platform-pedal advertisement,Shimano,December 1982/January 1983,Product literature,1,EPH-0166,,RETAIN — issue-specific occurrence pending visual comparison,HIGH,INDEX-ONLY,INCLUDED — indexed issue text; visual comparison pending.,https://article134-tech.github.io/lititzbmx-public-knowledge-register/objects/index.html#OBJ-0156,PKR-CAT-001,Catalogs and product literature
OBJ-0157,Shimano DX micro-adjust seatpost announcement,Shimano,December 1982/January 1983,Product announcement / kit,1,EPH-0167,,RETAIN — issue-specific occurrence pending visual comparison,MEDIUM-HIGH,INDEX-ONLY,INCLUDED — indexed issue text; visual comparison pending.,https://article134-tech.github.io/lititzbmx-public-knowledge-register/objects/index.html#OBJ-0157,PKR-CAT-008,Product announcements and technical material
OBJ-0158,Pro-Lite protective-equipment information-pack placement,Pro-Lite; Freewheeler,December 1982/January 1983,Information-pack mailer,1,EPH-0168,,RETAIN — issue-specific occurrence pending visual comparison,HIGH,INDEX-ONLY,INCLUDED — indexed issue text; visual comparison pending.,https://article134-tech.github.io/lititzbmx-public-knowledge-register/objects/index.html#OBJ-0158,PKR-CAT-003,"Mailers, stickers, and information packs"
OBJ-0159,Halfords California BMX model-range price advertisement,Halfords; California,December 1982/January 1983,Retailer advertisement / price list,1,EPH-0169,,RETAIN — issue-specific occurrence pending visual comparison,HIGH,INDEX-ONLY,INCLUDED — indexed issue text; visual comparison pending.,https://article134-tech.github.io/lititzbmx-public-knowledge-register/objects/index.html#OBJ-0159,PKR-CAT-002,Advertisements and price lists
OBJ-0160,Halfords Raleigh Burner and free Haro plate promotion,Halfords; Raleigh; Haro,December 1982/January 1983,Event prize promotion,1,EPH-0170,,RETAIN — issue-specific occurrence pending visual comparison,HIGH,INDEX-ONLY,INCLUDED — indexed issue text; visual comparison pending.,https://article134-tech.github.io/lititzbmx-public-knowledge-register/objects/index.html#OBJ-0160,PKR-CAT-004,Contests and promotions
OBJ-0161,British and world BMX wheelie-record attempt notice,Lee Cooper; BMX Action Bike,December 1982/January 1983,Event notice / contact flyer,1,EPH-0171,,RETAIN — issue-specific occurrence pending visual comparison,HIGH,INDEX-ONLY,INCLUDED — indexed issue text; visual comparison pending.,https://article134-tech.github.io/lititzbmx-public-knowledge-register/objects/index.html#OBJ-0161,PKR-CAT-005,"Events, registration, and membership"
OBJ-0162,British and world bunnyhop-record attempt notice,Lee Cooper; BMX Action Bike,December 1982/January 1983,Event notice / contact flyer,1,EPH-0172,,RETAIN — issue-specific occurrence pending visual comparison,HIGH,INDEX-ONLY,INCLUDED — indexed issue text; visual comparison pending.,https://article134-tech.github.io/lititzbmx-public-knowledge-register/objects/index.html#OBJ-0162,PKR-CAT-005,"Events, registration, and membership"
OBJ-0163,Lee Cooper BMX coaching clinic,Lee Cooper; BMX Action Bike,December 1982/January 1983,Event flyer / trade-exhibition notice,1,EPH-0173,,RETAIN — issue-specific occurrence pending visual comparison,HIGH,INDEX-ONLY,INCLUDED — indexed issue text; visual comparison pending.,https://article134-tech.github.io/lititzbmx-public-knowledge-register/objects/index.html#OBJ-0163,PKR-CAT-005,"Events, registration, and membership"
OBJ-0164,Lee Cooper freestyle stunt competition,Lee Cooper; BMX Action Bike,December 1982/January 1983,Event entry / pre-registration advertisement,1,EPH-0174,,RETAIN — issue-specific occurrence pending visual comparison,HIGH,INDEX-ONLY,INCLUDED — indexed issue text; visual comparison pending.,https://article134-tech.github.io/lititzbmx-public-knowledge-register/objects/index.html#OBJ-0164,PKR-CAT-005,"Events, registration, and membership"
OBJ-0165,Diamond Back Teamfinder race series launch,Diamond Back; Lee Cooper,December 1982/January 1983,Factory-team history,1,EPH-0175,,RETAIN — issue-specific occurrence pending visual comparison,HIGH,INDEX-ONLY,INCLUDED — indexed issue text; visual comparison pending.,https://article134-tech.github.io/lititzbmx-public-knowledge-register/objects/index.html#OBJ-0165,PKR-CAT-006,"Teams, riders, and brand campaigns"
OBJ-0166,First National BMX Poll ballot,BMX Action Bike,December 1982/January 1983,Contest entry form,1,EPH-0176,,RETAIN — issue-specific occurrence pending visual comparison,HIGH,INDEX-ONLY,INCLUDED — indexed issue text; visual comparison pending.,https://article134-tech.github.io/lititzbmx-public-knowledge-register/objects/index.html#OBJ-0166,PKR-CAT-004,Contests and promotions
OBJ-0167,Diamond Back Turbo national-poll prize,Diamond Back; Harry Leary,December 1982/January 1983,Event prize promotion,1,EPH-0177,,RETAIN — issue-specific occurrence pending visual comparison,HIGH,INDEX-ONLY,INCLUDED — indexed issue text; visual comparison pending.,https://article134-tech.github.io/lititzbmx-public-knowledge-register/objects/index.html#OBJ-0167,PKR-CAT-004,Contests and promotions
OBJ-0168,Skyway Tuff II national-poll prize,Skyway,December 1982/January 1983,Event prize promotion,1,EPH-0178,,RETAIN — issue-specific occurrence pending visual comparison,HIGH,INDEX-ONLY,INCLUDED — indexed issue text; visual comparison pending.,https://article134-tech.github.io/lititzbmx-public-knowledge-register/objects/index.html#OBJ-0168,PKR-CAT-004,Contests and promotions
OBJ-0169,Bell lightweight helmet national-poll prize,Bell,December 1982/January 1983,Event prize promotion,1,EPH-0179,,RETAIN — issue-specific occurrence pending visual comparison,HIGH,INDEX-ONLY,INCLUDED — indexed issue text; visual comparison pending.,https://article134-tech.github.io/lititzbmx-public-knowledge-register/objects/index.html#OBJ-0169,PKR-CAT-004,Contests and promotions
OBJ-0170,Asahi Action Spokes product advertisement,Asahi; Ron Kitching,December 1982/January 1983,Product literature,1,EPH-0180,,RETAIN — issue-specific occurrence pending visual comparison,HIGH,INDEX-ONLY,INCLUDED — indexed issue text; visual comparison pending.,https://article134-tech.github.io/lititzbmx-public-knowledge-register/objects/index.html#OBJ-0170,PKR-CAT-001,Catalogs and product literature
OBJ-0171,King Sticker five-sticker and jumbo-pack offer,King Sticker,December 1982/January 1983,Information-pack mailer,1,EPH-0181,,REVIEW — recurring campaign/feature candidate; retain separately pending page-image comparison,HIGH,INDEX-ONLY,INCLUDED — indexed issue text; visual comparison pending. Duplicate relationship review open against EPH-0238 (King Sticker five-pack / jumbo-pack campaign).,https://article134-tech.github.io/lititzbmx-public-knowledge-register/objects/index.html#OBJ-0171,PKR-CAT-003,"Mailers, stickers, and information packs"
OBJ-0172,Raleigh Pro Burner Christmas price promotion,Raleigh; Cycle Warehouse,December 1982/January 1983,Retailer advertisement / price list,1,EPH-0182,,RETAIN — issue-specific occurrence pending visual comparison,HIGH,INDEX-ONLY,INCLUDED — indexed issue text; visual comparison pending.,https://article134-tech.github.io/lititzbmx-public-knowledge-register/objects/index.html#OBJ-0172,PKR-CAT-002,Advertisements and price lists
OBJ-0173,Diatron Wildcat convertible helmet launch,Diatron,December 1982/January 1983,Product announcement / kit,1,EPH-0183,,RETAIN — issue-specific occurrence pending visual comparison,HIGH,INDEX-ONLY,INCLUDED — indexed issue text; visual comparison pending.,https://article134-tech.github.io/lititzbmx-public-knowledge-register/objects/index.html#OBJ-0173,PKR-CAT-008,Product announcements and technical material
OBJ-0174,Piranha cast-wheel bicycle launch advertisement,Piranha,December 1982/January 1983,Product announcement / kit,1,EPH-0184,,RETAIN — issue-specific occurrence pending visual comparison,HIGH,INDEX-ONLY,INCLUDED — indexed issue text; visual comparison pending.,https://article134-tech.github.io/lititzbmx-public-knowledge-register/objects/index.html#OBJ-0174,PKR-CAT-008,Product announcements and technical material
OBJ-0175,Hot Wheels BMX Centre imported-product advertisement,Hot Wheels BMX Centre,December 1982/January 1983,Dealer/shop advertisement,1,EPH-0185,,REVIEW — recurring campaign/feature candidate; retain separately pending page-image comparison,MEDIUM-HIGH,INDEX-ONLY,INCLUDED — indexed issue text; visual comparison pending. Duplicate relationship review open against EPH-0139 (Hot Wheels Centre retailer campaign).,https://article134-tech.github.io/lititzbmx-public-knowledge-register/objects/index.html#OBJ-0175,PKR-CAT-007,Dealers and distributors
OBJ-0176,Original and replica Kuwahara E.T. price advertisement,Kuwahara; Isaac Henderson BMX,December 1982/January 1983,Retailer advertisement / price list,1,EPH-0186,,RETAIN — issue-specific occurrence pending visual comparison,HIGH,INDEX-ONLY,INCLUDED — indexed issue text; visual comparison pending.,https://article134-tech.github.io/lititzbmx-public-knowledge-register/objects/index.html#OBJ-0176,PKR-CAT-002,Advertisements and price lists
OBJ-0177,Nine-bike shootout overview,BMX Action Bike,December 1982/January 1983,Product-history object,1,EPH-0187,,RETAIN — issue-specific occurrence pending visual comparison,HIGH,INDEX-ONLY,INCLUDED — indexed issue text; visual comparison pending.,https://article134-tech.github.io/lititzbmx-public-knowledge-register/objects/index.html#OBJ-0177,PKR-CAT-009,Editorial tests and historical documentation
OBJ-0178,Huffy Pro 2 shootout test,Huffy,December 1982/January 1983,Product-history object,1,EPH-0188,,RETAIN — issue-specific occurrence pending visual comparison,HIGH,INDEX-ONLY,INCLUDED — indexed issue text; visual comparison pending.,https://article134-tech.github.io/lititzbmx-public-knowledge-register/objects/index.html#OBJ-0178,PKR-CAT-009,Editorial tests and historical documentation
OBJ-0179,Cycle Pro Macho shootout test,Cycle Pro,December 1982/January 1983,Product-history object,1,EPH-0189,,RETAIN — issue-specific occurrence pending visual comparison,MEDIUM-HIGH,INDEX-ONLY,INCLUDED — indexed issue text; visual comparison pending.,https://article134-tech.github.io/lititzbmx-public-knowledge-register/objects/index.html#OBJ-0179,PKR-CAT-009,Editorial tests and historical documentation
OBJ-0180,Falcon BMX shootout test,Falcon,December 1982/January 1983,Product-history object,1,EPH-0190,,RETAIN — issue-specific occurrence pending visual comparison,MEDIUM-HIGH,INDEX-ONLY,INCLUDED — indexed issue text; visual comparison pending.,https://article134-tech.github.io/lititzbmx-public-knowledge-register/objects/index.html#OBJ-0180,PKR-CAT-009,Editorial tests and historical documentation
OBJ-0181,California Star and Trax Pro comparison,California; Halfords,December 1982/January 1983,Product-history object,1,EPH-0191,,RETAIN — issue-specific occurrence pending visual comparison,MEDIUM-HIGH,INDEX-ONLY,INCLUDED — indexed issue text; visual comparison pending.,https://article134-tech.github.io/lititzbmx-public-knowledge-register/objects/index.html#OBJ-0181,PKR-CAT-009,Editorial tests and historical documentation
OBJ-0182,ABMX repeat light-and-reflector offer,BMX Action Bike,December 1982/January 1983,Information-pack mailer,1,EPH-0192,,RETAIN — issue-specific occurrence pending visual comparison,HIGH,INDEX-ONLY,INCLUDED — indexed issue text; visual comparison pending.,https://article134-tech.github.io/lititzbmx-public-knowledge-register/objects/index.html#OBJ-0182,PKR-CAT-003,"Mailers, stickers, and information packs"
OBJ-0183,Robinson Racing sticker-and-catalogue mailer,Robinson Racing Products,December 1982/January 1983,Catalog mailer,1,EPH-0193,,RETAIN — issue-specific occurrence pending visual comparison,HIGH,INDEX-ONLY,INCLUDED — indexed issue text; visual comparison pending.,https://article134-tech.github.io/lititzbmx-public-knowledge-register/objects/index.html#OBJ-0183,PKR-CAT-003,"Mailers, stickers, and information packs"
OBJ-0184,UNI eight-ounce BMX seat launch,UNI; Hotshot BMX,February/March 1983,Product announcement / kit,1,EPH-0194,,RETAIN — issue-specific occurrence pending visual comparison,HIGH,INDEX-ONLY,INCLUDED — indexed issue text; visual comparison pending.,https://article134-tech.github.io/lititzbmx-public-knowledge-register/objects/index.html#OBJ-0184,PKR-CAT-008,Product announcements and technical material
OBJ-0185,SR Cycles bicycle-reservation and free-delivery offer,SR Cycles,February/March 1983,Dealer advertisement / price-list lead,1,EPH-0195,,RETAIN — issue-specific occurrence pending visual comparison,HIGH,INDEX-ONLY,INCLUDED — indexed issue text; visual comparison pending.,https://article134-tech.github.io/lititzbmx-public-knowledge-register/objects/index.html#OBJ-0185,PKR-CAT-007,Dealers and distributors
OBJ-0186,Holdsworth BMX Centres multi-location advertisement,Holdsworth BMX Centres,February/March 1983,Dealer/shop advertisement,1,EPH-0196,,REVIEW — recurring campaign/feature candidate; retain separately pending page-image comparison,MEDIUM-HIGH,INDEX-ONLY,INCLUDED — indexed issue text; visual comparison pending. Duplicate relationship review open against EPH-0161 (Holdsworth multi-brand retailer campaign).,https://article134-tech.github.io/lititzbmx-public-knowledge-register/objects/index.html#OBJ-0186,PKR-CAT-007,Dealers and distributors
OBJ-0187,ABMX light set and reflective-clip offer,BMX Action Bike,February/March 1983,Information-pack mailer,1,EPH-0197,,RETAIN — issue-specific occurrence pending visual comparison,HIGH,INDEX-ONLY,INCLUDED — indexed issue text; visual comparison pending.,https://article134-tech.github.io/lititzbmx-public-knowledge-register/objects/index.html#OBJ-0187,PKR-CAT-003,"Mailers, stickers, and information packs"
OBJ-0188,ABMX blue-and-gold binder offer,BMX Action Bike,February/March 1983,Catalog mailer,1,EPH-0198,,RETAIN — issue-specific occurrence pending visual comparison,HIGH,INDEX-ONLY,INCLUDED — indexed issue text; visual comparison pending.,https://article134-tech.github.io/lititzbmx-public-knowledge-register/objects/index.html#OBJ-0188,PKR-CAT-003,"Mailers, stickers, and information packs"
OBJ-0189,ABMX blue-and-yellow race-shirt offer,BMX Action Bike,February/March 1983,Information-pack mailer,1,EPH-0199,,RETAIN — issue-specific occurrence pending visual comparison,HIGH,INDEX-ONLY,INCLUDED — indexed issue text; visual comparison pending.,https://article134-tech.github.io/lititzbmx-public-knowledge-register/objects/index.html#OBJ-0189,PKR-CAT-003,"Mailers, stickers, and information packs"
OBJ-0190,Araya ADX-7W aero-rim product notice,Araya,February/March 1983,Product literature,1,EPH-0200,,RETAIN — issue-specific occurrence pending visual comparison,HIGH,INDEX-ONLY,INCLUDED — indexed issue text; visual comparison pending.,https://article134-tech.github.io/lititzbmx-public-knowledge-register/objects/index.html#OBJ-0190,PKR-CAT-001,Catalogs and product literature
OBJ-0191,Naga chromoly and fluted-alloy seatpost range,Naga,February/March 1983,Product literature,1,EPH-0201,,RETAIN — issue-specific occurrence pending visual comparison,MEDIUM-HIGH,INDEX-ONLY,INCLUDED — indexed issue text; visual comparison pending.,https://article134-tech.github.io/lititzbmx-public-knowledge-register/objects/index.html#OBJ-0191,PKR-CAT-001,Catalogs and product literature
OBJ-0192,MKS BM-10 and Grafight-X pedal range,MKS,February/March 1983,Product literature,1,EPH-0202,,RETAIN — issue-specific occurrence pending visual comparison,HIGH,INDEX-ONLY,INCLUDED — indexed issue text; visual comparison pending.,https://article134-tech.github.io/lititzbmx-public-knowledge-register/objects/index.html#OBJ-0192,PKR-CAT-001,Catalogs and product literature
OBJ-0193,Raleigh Burner five-model retail price list,Raleigh; Cycle Warehouse,February/March 1983,Retailer advertisement / price list,1,EPH-0203,,REVIEW — recurring campaign/feature candidate; retain separately pending page-image comparison,HIGH,INDEX-ONLY,INCLUDED — indexed issue text; visual comparison pending. Duplicate relationship review open against EPH-0112 (Raleigh Burner range / price-list campaign).,https://article134-tech.github.io/lititzbmx-public-knowledge-register/objects/index.html#OBJ-0193,PKR-CAT-002,Advertisements and price lists
OBJ-0194,"Max checker hats, jerseys, and race-pants advertisement",Max; Alans BMX,February/March 1983,Retailer advertisement / price list,1,EPH-0204,,RETAIN — issue-specific occurrence pending visual comparison,HIGH,INDEX-ONLY,INCLUDED — indexed issue text; visual comparison pending.,https://article134-tech.github.io/lititzbmx-public-knowledge-register/objects/index.html#OBJ-0194,PKR-CAT-002,Advertisements and price lists
OBJ-0195,Halfords BMX Nations Cup pre-registration form,Halfords; BMX Action Bike,February/March 1983,Event registration coupon,1,EPH-0205,,RETAIN — issue-specific occurrence pending visual comparison,HIGH,INDEX-ONLY,INCLUDED — indexed issue text; visual comparison pending.,https://article134-tech.github.io/lititzbmx-public-knowledge-register/objects/index.html#OBJ-0195,PKR-CAT-005,"Events, registration, and membership"
OBJ-0196,Great Meeting survey and Firebird frame-set competition,BMX Action Bike; Firebird; DP Racing,February/March 1983,Contest entry form / promotion,1,EPH-0206,,RETAIN — issue-specific occurrence pending visual comparison,HIGH,INDEX-ONLY,INCLUDED — indexed issue text; visual comparison pending.,https://article134-tech.github.io/lititzbmx-public-knowledge-register/objects/index.html#OBJ-0196,PKR-CAT-004,Contests and promotions
OBJ-0197,Cycle Trader BMX retail survey issue advertisement,Cycle Trader,February/March 1983,Product literature,1,EPH-0207,,RETAIN — issue-specific occurrence pending visual comparison,MEDIUM-HIGH,INDEX-ONLY,INCLUDED — indexed issue text; visual comparison pending.,https://article134-tech.github.io/lititzbmx-public-knowledge-register/objects/index.html#OBJ-0197,PKR-CAT-001,Catalogs and product literature
OBJ-0198,YES Products word-building competition,YES Products; BMX Action Bike,February/March 1983,Contest entry form,1,EPH-0208,,RETAIN — issue-specific occurrence pending visual comparison,HIGH,INDEX-ONLY,INCLUDED — indexed issue text; visual comparison pending.,https://article134-tech.github.io/lititzbmx-public-knowledge-register/objects/index.html#OBJ-0198,PKR-CAT-004,Contests and promotions
OBJ-0199,Firebird British chromoly frame-set feature,Firebird; DP Racing,February/March 1983,Product-history object,1,EPH-0209,,RETAIN — issue-specific occurrence pending visual comparison,HIGH,INDEX-ONLY,INCLUDED — indexed issue text; visual comparison pending.,https://article134-tech.github.io/lititzbmx-public-knowledge-register/objects/index.html#OBJ-0199,PKR-CAT-009,Editorial tests and historical documentation
OBJ-0200,Mongoose Pro Class complete-bike test,Mongoose,February/March 1983,Product-history object,1,EPH-0210,,RETAIN — issue-specific occurrence pending visual comparison,HIGH,INDEX-ONLY,INCLUDED — indexed issue text; visual comparison pending.,https://article134-tech.github.io/lititzbmx-public-knowledge-register/objects/index.html#OBJ-0200,PKR-CAT-009,Editorial tests and historical documentation
OBJ-0201,Mongoose Pro Class lightweight wheel system,Mongoose,February/March 1983,Product literature,1,EPH-0211,,RETAIN — issue-specific occurrence pending visual comparison,MEDIUM-HIGH,INDEX-ONLY,INCLUDED — indexed issue text; visual comparison pending.,https://article134-tech.github.io/lititzbmx-public-knowledge-register/objects/index.html#OBJ-0201,PKR-CAT-001,Catalogs and product literature
OBJ-0202,Bournemouth BMX track-focus report,Bournemouth BMX,February/March 1983,Archive collection,1,EPH-0212,,RETAIN — issue-specific occurrence pending visual comparison,HIGH,INDEX-ONLY,INCLUDED — indexed issue text; visual comparison pending.,https://article134-tech.github.io/lititzbmx-public-knowledge-register/objects/index.html#OBJ-0202,PKR-CAT-009,Editorial tests and historical documentation
OBJ-0203,Diatron Wildcat helmet and race-pants advertisement,Diatron,February/March 1983,Retailer advertisement / price list,1,EPH-0213,,RETAIN — issue-specific occurrence pending visual comparison,HIGH,INDEX-ONLY,INCLUDED — indexed issue text; visual comparison pending.,https://article134-tech.github.io/lititzbmx-public-knowledge-register/objects/index.html#OBJ-0203,PKR-CAT-002,Advertisements and price lists
OBJ-0204,Surrey BMX Kuwahara complete-bike price list,Surrey BMX; Kuwahara,February/March 1983,Retailer advertisement / price list,1,EPH-0214,,RETAIN — issue-specific occurrence pending visual comparison,HIGH,INDEX-ONLY,INCLUDED — indexed issue text; visual comparison pending.,https://article134-tech.github.io/lititzbmx-public-knowledge-register/objects/index.html#OBJ-0204,PKR-CAT-002,Advertisements and price lists
OBJ-0205,Surrey BMX frame-and-fork price list,Surrey BMX; Race Inc; GT; MCS; PK Ripper; Torker; JMC,February/March 1983,Retailer advertisement / price list,1,EPH-0215,,RETAIN — issue-specific occurrence pending visual comparison,HIGH,INDEX-ONLY,INCLUDED — indexed issue text; visual comparison pending.,https://article134-tech.github.io/lititzbmx-public-knowledge-register/objects/index.html#OBJ-0205,PKR-CAT-002,Advertisements and price lists
OBJ-0206,Surrey BMX wheel-system price list,Surrey BMX; Skyway; ACS; Ukai; SunTour,February/March 1983,Retailer advertisement / price list,1,EPH-0216,,RETAIN — issue-specific occurrence pending visual comparison,HIGH,INDEX-ONLY,INCLUDED — indexed issue text; visual comparison pending.,https://article134-tech.github.io/lititzbmx-public-knowledge-register/objects/index.html#OBJ-0206,PKR-CAT-002,Advertisements and price lists
OBJ-0207,Hadley precision bottom-bracket listing,Hadley,February/March 1983,Product literature,1,EPH-0217,,RETAIN — issue-specific occurrence pending visual comparison,HIGH,INDEX-ONLY,INCLUDED — indexed issue text; visual comparison pending.,https://article134-tech.github.io/lititzbmx-public-knowledge-register/objects/index.html#OBJ-0207,PKR-CAT-001,Catalogs and product literature
OBJ-0208,Haro Freestyle Moves book offer,Haro,February/March 1983,Catalog mailer,1,EPH-0218,,RETAIN — issue-specific occurrence pending visual comparison,HIGH,INDEX-ONLY,INCLUDED — indexed issue text; visual comparison pending.,https://article134-tech.github.io/lititzbmx-public-knowledge-register/objects/index.html#OBJ-0208,PKR-CAT-003,"Mailers, stickers, and information packs"
OBJ-0209,Redline Flight Cranks 401 Series listing,Redline,February/March 1983,Product literature,1,EPH-0219,,RETAIN — issue-specific occurrence pending visual comparison,HIGH,INDEX-ONLY,INCLUDED — indexed issue text; visual comparison pending.,https://article134-tech.github.io/lititzbmx-public-knowledge-register/objects/index.html#OBJ-0209,PKR-CAT-001,Catalogs and product literature
OBJ-0210,Vans Style 95 BMX shoe listing,Vans,February/March 1983,Product literature,1,EPH-0220,,RETAIN — issue-specific occurrence pending visual comparison,HIGH,INDEX-ONLY,INCLUDED — indexed issue text; visual comparison pending.,https://article134-tech.github.io/lititzbmx-public-knowledge-register/objects/index.html#OBJ-0210,PKR-CAT-001,Catalogs and product literature
OBJ-0211,ABMX national track-list publication,BMX Action Bike,February/March 1983,Archive collection,1,EPH-0221,,RETAIN — issue-specific occurrence pending visual comparison,HIGH,INDEX-ONLY,INCLUDED — indexed issue text; visual comparison pending.,https://article134-tech.github.io/lititzbmx-public-knowledge-register/objects/index.html#OBJ-0211,PKR-CAT-009,Editorial tests and historical documentation
OBJ-0212,California Lite pad-system advertisement,California Lite; Johar,April/May 1983,Product literature,1,EPH-0222,,REVIEW — recurring campaign/feature candidate; retain separately pending page-image comparison,HIGH,INDEX-ONLY,INCLUDED — indexed issue text; visual comparison pending.,https://article134-tech.github.io/lititzbmx-public-knowledge-register/objects/index.html#OBJ-0212,PKR-CAT-001,Catalogs and product literature
OBJ-0213,Strongs headset-bearing protector offer,Strongs Bicycles,April/May 1983,Product literature,1,EPH-0223,,RETAIN — issue-specific occurrence pending visual comparison,HIGH,INDEX-ONLY,INCLUDED — indexed issue text; visual comparison pending.,https://article134-tech.github.io/lititzbmx-public-knowledge-register/objects/index.html#OBJ-0213,PKR-CAT-001,Catalogs and product literature
OBJ-0214,Strongs BMX race-shirt offer,Strongs Bicycles,April/May 1983,Retailer advertisement / price list,1,EPH-0224,,RETAIN — issue-specific occurrence pending visual comparison,HIGH,INDEX-ONLY,INCLUDED — indexed issue text; visual comparison pending.,https://article134-tech.github.io/lititzbmx-public-knowledge-register/objects/index.html#OBJ-0214,PKR-CAT-002,Advertisements and price lists
OBJ-0215,Strongs free sticker-brochure mailer,Strongs Bicycles,April/May 1983,Information-pack mailer,1,EPH-0225,,REVIEW — recurring campaign/feature candidate; retain separately pending page-image comparison,HIGH,INDEX-ONLY,INCLUDED — indexed issue text; visual comparison pending.,https://article134-tech.github.io/lititzbmx-public-knowledge-register/objects/index.html#OBJ-0215,PKR-CAT-003,"Mailers, stickers, and information packs"
OBJ-0216,Best of 1982 national reader-poll results,BMX Action Bike,April/May 1983,Archive collection,1,EPH-0226,,RETAIN — issue-specific occurrence pending visual comparison,HIGH,INDEX-ONLY,INCLUDED — indexed issue text; visual comparison pending.,https://article134-tech.github.io/lititzbmx-public-knowledge-register/objects/index.html#OBJ-0216,PKR-CAT-009,Editorial tests and historical documentation
OBJ-0217,Scottish BMX Association formation notice,Scottish BMX Association,April/May 1983,Factory-team history,1,EPH-0227,,RETAIN — issue-specific occurrence pending visual comparison,MEDIUM-HIGH,INDEX-ONLY,INCLUDED — indexed issue text; visual comparison pending.,https://article134-tech.github.io/lititzbmx-public-knowledge-register/objects/index.html#OBJ-0217,PKR-CAT-006,"Teams, riders, and brand campaigns"
OBJ-0218,Northern Leisure open-meeting series notice,Northern Leisure BMX,April/May 1983,Event notice / contact flyer,1,EPH-0228,,RETAIN — issue-specific occurrence pending visual comparison,HIGH,INDEX-ONLY,INCLUDED — indexed issue text; visual comparison pending.,https://article134-tech.github.io/lititzbmx-public-knowledge-register/objects/index.html#OBJ-0218,PKR-CAT-005,"Events, registration, and membership"
OBJ-0219,Silverfox complete-bike reader giveaway,Silverfox; BMX Action Bike,April/May 1983,Contest entry form / promotion,1,EPH-0229,,RETAIN — issue-specific occurrence pending visual comparison,HIGH,INDEX-ONLY,INCLUDED — indexed issue text; visual comparison pending.,https://article134-tech.github.io/lititzbmx-public-knowledge-register/objects/index.html#OBJ-0219,PKR-CAT-004,Contests and promotions
OBJ-0220,Harry Leary and Andy Patterson starting guide,Harry Leary; Andy Patterson; BMX Action Bike,April/May 1983,Product literature,1,EPH-0230,,RETAIN — issue-specific occurrence pending visual comparison,HIGH,INDEX-ONLY,INCLUDED — indexed issue text; visual comparison pending.,https://article134-tech.github.io/lititzbmx-public-knowledge-register/objects/index.html#OBJ-0220,PKR-CAT-001,Catalogs and product literature
OBJ-0221,Haro Freestyle Moves equipment chapter,Haro; Bob Haro,April/May 1983,Product literature,1,EPH-0231,,RETAIN — issue-specific occurrence pending visual comparison,HIGH,INDEX-ONLY,INCLUDED — indexed issue text; visual comparison pending.,https://article134-tech.github.io/lititzbmx-public-knowledge-register/objects/index.html#OBJ-0221,PKR-CAT-001,Catalogs and product literature
OBJ-0222,ABMX free private Sales and Swaps service,BMX Action Bike,April/May 1983,Dealer advertisement / price-list lead,1,EPH-0232,,RETAIN — issue-specific occurrence pending visual comparison,HIGH,INDEX-ONLY,INCLUDED — indexed issue text; visual comparison pending.,https://article134-tech.github.io/lititzbmx-public-knowledge-register/objects/index.html#OBJ-0222,PKR-CAT-007,Dealers and distributors
OBJ-0223,City BMX race-pants mail-order offer,City BMX,April/May 1983,Retailer advertisement / price list,1,EPH-0233,,RETAIN — issue-specific occurrence pending visual comparison,HIGH,INDEX-ONLY,INCLUDED — indexed issue text; visual comparison pending.,https://article134-tech.github.io/lititzbmx-public-knowledge-register/objects/index.html#OBJ-0223,PKR-CAT-002,Advertisements and price lists
OBJ-0224,City BMX lightweight race-helmet offer,City BMX,April/May 1983,Retailer advertisement / price list,1,EPH-0234,,RETAIN — issue-specific occurrence pending visual comparison,MEDIUM-HIGH,INDEX-ONLY,INCLUDED — indexed issue text; visual comparison pending.,https://article134-tech.github.io/lititzbmx-public-knowledge-register/objects/index.html#OBJ-0224,PKR-CAT-002,Advertisements and price lists
OBJ-0225,City BMX shoulder-protector offer,City BMX,April/May 1983,Retailer advertisement / price list,1,EPH-0235,,RETAIN — issue-specific occurrence pending visual comparison,HIGH,INDEX-ONLY,INCLUDED — indexed issue text; visual comparison pending.,https://article134-tech.github.io/lititzbmx-public-knowledge-register/objects/index.html#OBJ-0225,PKR-CAT-002,Advertisements and price lists
OBJ-0226,Hot Wheels BMX Centre opening offers,Hot Wheels BMX Centre,April/May 1983,Retailer advertisement / price list,1,EPH-0236,,RETAIN — issue-specific occurrence pending visual comparison,MEDIUM-HIGH,INDEX-ONLY,INCLUDED — indexed issue text; visual comparison pending.,https://article134-tech.github.io/lititzbmx-public-knowledge-register/objects/index.html#OBJ-0226,PKR-CAT-002,Advertisements and price lists
OBJ-0227,"Haro Freestyler, Kuwahara Oval, CW, and SE Floval stock notice",Hot Wheels BMX Centre; Haro; Kuwahara; CW; SE Racing,April/May 1983,Dealer advertisement / price-list lead,1,EPH-0237,,RETAIN — issue-specific occurrence pending visual comparison,HIGH,INDEX-ONLY,INCLUDED — indexed issue text; visual comparison pending.,https://article134-tech.github.io/lititzbmx-public-knowledge-register/objects/index.html#OBJ-0227,PKR-CAT-007,Dealers and distributors
OBJ-0228,King Sticker five-pack and jumbo-pack offer,King Sticker,April/May 1983,Information-pack mailer,1,EPH-0238,,REVIEW — recurring campaign/feature candidate; retain separately pending page-image comparison,HIGH,INDEX-ONLY,INCLUDED — indexed issue text; visual comparison pending. Duplicate relationship review open against EPH-0181 (King Sticker five-pack / jumbo-pack campaign).,https://article134-tech.github.io/lititzbmx-public-knowledge-register/objects/index.html#OBJ-0228,PKR-CAT-003,"Mailers, stickers, and information packs"
OBJ-0229,NBMXA race-licence and rule-book offer,NBMXA,April/May 1983,Event registration coupon,1,EPH-0239,,RETAIN — issue-specific occurrence pending visual comparison,HIGH,INDEX-ONLY,INCLUDED — indexed issue text; visual comparison pending.,https://article134-tech.github.io/lititzbmx-public-knowledge-register/objects/index.html#OBJ-0229,PKR-CAT-005,"Events, registration, and membership"
OBJ-0230,Hotshot price-list and free-sticker mailer,Hotshot BMX Racing,April/May 1983,Dealer price-list / sticker offer,1,EPH-0240,,REVIEW — recurring campaign/feature candidate; retain separately pending page-image comparison,HIGH,INDEX-ONLY,INCLUDED — indexed issue text; visual comparison pending. Duplicate relationship review open against EPH-0086 (Hotshot price-list / free-sticker campaign).,https://article134-tech.github.io/lititzbmx-public-knowledge-register/objects/index.html#OBJ-0230,PKR-CAT-003,"Mailers, stickers, and information packs"
OBJ-0231,Huffy Pro Lightning complete-bike test,Huffy,April/May 1983,Product-history object,1,EPH-0241,,RETAIN — issue-specific occurrence pending visual comparison,HIGH,INDEX-ONLY,INCLUDED — indexed issue text; visual comparison pending.,https://article134-tech.github.io/lititzbmx-public-knowledge-register/objects/index.html#OBJ-0231,PKR-CAT-009,Editorial tests and historical documentation
OBJ-0232,Halfords BMX accessories range advertisement,Halfords,April/May 1983,Retailer advertisement / price list,1,EPH-0242,,RETAIN — issue-specific occurrence pending visual comparison,HIGH,INDEX-ONLY,INCLUDED — indexed issue text; visual comparison pending.,https://article134-tech.github.io/lititzbmx-public-knowledge-register/objects/index.html#OBJ-0232,PKR-CAT-002,Advertisements and price lists
OBJ-0233,Huffy Pro Lightning specification and retail-price record,Huffy,April/May 1983,Product literature,1,EPH-0243,,RETAIN — issue-specific occurrence pending visual comparison,HIGH,INDEX-ONLY,INCLUDED — indexed issue text; visual comparison pending.,https://article134-tech.github.io/lititzbmx-public-knowledge-register/objects/index.html#OBJ-0233,PKR-CAT-001,Catalogs and product literature
OBJ-0234,Ride-On sealed-bearing mag-wheel hub kit,Ride-On MX Products,April/May 1983,Product announcement / kit,1,EPH-0244,,RETAIN — issue-specific occurrence pending visual comparison,HIGH,INDEX-ONLY,INCLUDED — indexed issue text; visual comparison pending.,https://article134-tech.github.io/lititzbmx-public-knowledge-register/objects/index.html#OBJ-0234,PKR-CAT-008,Product announcements and technical material
OBJ-0235,Sharp Racing Products bottom-bracket boot,Sharp Racing Products,April/May 1983,Product announcement / kit,1,EPH-0245,,REVIEW — recurring campaign/feature candidate; retain separately pending page-image comparison,HIGH,INDEX-ONLY,INCLUDED — indexed issue text; visual comparison pending.,https://article134-tech.github.io/lititzbmx-public-knowledge-register/objects/index.html#OBJ-0235,PKR-CAT-008,Product announcements and technical material
OBJ-0236,Lee Cooper Ready to Go BMX video,Lee Cooper; Reflex Publications,April/May 1983,Product literature,1,EPH-0246,,RETAIN — issue-specific occurrence pending visual comparison,HIGH,INDEX-ONLY,INCLUDED — indexed issue text; visual comparison pending.,https://article134-tech.github.io/lititzbmx-public-knowledge-register/objects/index.html#OBJ-0236,PKR-CAT-001,Catalogs and product literature
OBJ-0237,USA professional BMX action video,BMX Video,April/May 1983,Product literature,1,EPH-0247,,REVIEW — recurring campaign/feature candidate; retain separately pending page-image comparison,HIGH,INDEX-ONLY,INCLUDED — indexed issue text; visual comparison pending.,https://article134-tech.github.io/lititzbmx-public-knowledge-register/objects/index.html#OBJ-0237,PKR-CAT-001,Catalogs and product literature
OBJ-0238,BMX Action Bike six-issue subscription offer,BMX Action Bike,April/May 1983,Catalog mailer,1,EPH-0248,,RETAIN — issue-specific occurrence pending visual comparison,HIGH,INDEX-ONLY,INCLUDED — indexed issue text; visual comparison pending.,https://article134-tech.github.io/lititzbmx-public-knowledge-register/objects/index.html#OBJ-0238,PKR-CAT-003,"Mailers, stickers, and information packs"
OBJ-0239,Yamaha professional racing-outfit competition,Yamaha; BMX Action Bike,April/May 1983,Contest entry form / promotion,1,EPH-0249,,RETAIN — issue-specific occurrence pending visual comparison,HIGH,INDEX-ONLY,INCLUDED — indexed issue text; visual comparison pending.,https://article134-tech.github.io/lititzbmx-public-knowledge-register/objects/index.html#OBJ-0239,PKR-CAT-004,Contests and promotions
OBJ-0240,Gainsborough Firebird frame-and-fork retail offer,Gainsborough Cycle Centre; Firebird,April/May 1983,Retailer advertisement / price list,1,EPH-0250,,RETAIN — issue-specific occurrence pending visual comparison,HIGH,INDEX-ONLY,INCLUDED — indexed issue text; visual comparison pending.,https://article134-tech.github.io/lititzbmx-public-knowledge-register/objects/index.html#OBJ-0240,PKR-CAT-002,Advertisements and price lists
OBJ-0241,Haro Software brochure and decals offer,Haro Designs; Gecko Leisure Products; Shiner,June 1983,Information-pack mailer,1,EPH-0251,,REVIEW — recurring campaign/feature candidate; retain separately pending page-image comparison,HIGH,INDEX-ONLY,INCLUDED — indexed issue text; visual comparison pending.,https://article134-tech.github.io/lititzbmx-public-knowledge-register/objects/index.html#OBJ-0241,PKR-CAT-003,"Mailers, stickers, and information packs"
OBJ-0242,Strongs Bicycles mail-order component list and free sticker-brochure offer,Strongs Bicycles; Oakley; Shimano; Araya; Haro; Suntour,June 1983,Dealer price-list / sticker offer,1,EPH-0252,,REVIEW — recurring campaign/feature candidate; retain separately pending page-image comparison,HIGH,INDEX-ONLY,INCLUDED — indexed issue text; visual comparison pending.,https://article134-tech.github.io/lititzbmx-public-knowledge-register/objects/index.html#OBJ-0242,PKR-CAT-003,"Mailers, stickers, and information packs"
OBJ-0243,"SR Cycles bike-stock, deposit, and free-delivery advertisement",SR Cycles; SR Jets; Kuwahara; Mongoose; Redline; GT,June 1983,Dealer/shop advertisement,1,EPH-0253,,RETAIN — issue-specific occurrence pending visual comparison,HIGH,INDEX-ONLY,INCLUDED — indexed issue text; visual comparison pending.,https://article134-tech.github.io/lititzbmx-public-knowledge-register/objects/index.html#OBJ-0243,PKR-CAT-007,Dealers and distributors
OBJ-0244,Spokes Tange FMX 200 complete-bike advertisement,Spokes; Tange; Shimano; Kenda; Takagi,June 1983,Retailer advertisement / price list,1,EPH-0254,,RETAIN — issue-specific occurrence pending visual comparison,HIGH,INDEX-ONLY,INCLUDED — indexed issue text; visual comparison pending.,https://article134-tech.github.io/lititzbmx-public-knowledge-register/objects/index.html#OBJ-0244,PKR-CAT-002,Advertisements and price lists
OBJ-0245,King Sticker thirty-sticker and rub-on mailer,King Sticker,June 1983,Information-pack mailer,1,EPH-0255,,REVIEW — recurring campaign/feature candidate; retain separately pending page-image comparison,HIGH,INDEX-ONLY,INCLUDED — indexed issue text; visual comparison pending.,https://article134-tech.github.io/lititzbmx-public-knowledge-register/objects/index.html#OBJ-0245,PKR-CAT-003,"Mailers, stickers, and information packs"
OBJ-0246,BMX election candidate pledge form,BMX Action Bike,June 1983,Promotional announcement / naming contest,1,EPH-0256,,RETAIN — issue-specific occurrence pending visual comparison,HIGH,INDEX-ONLY,INCLUDED — indexed issue text; visual comparison pending.,https://article134-tech.github.io/lititzbmx-public-knowledge-register/objects/index.html#OBJ-0246,PKR-CAT-004,Contests and promotions
OBJ-0247,Diamond Back Traffic Jammin’ 1983 product and factory-team campaign,Diamond Back; Harry Leary; Aero; Haro; Oakley,June 1983,Team/product advertisement,1,EPH-0257,,RETAIN — issue-specific occurrence pending visual comparison,HIGH,INDEX-ONLY,INCLUDED — indexed issue text; visual comparison pending.,https://article134-tech.github.io/lititzbmx-public-knowledge-register/objects/index.html#OBJ-0247,PKR-CAT-006,"Teams, riders, and brand campaigns"
OBJ-0248,Rapido BMX frame and component advertisement,Rapido,June 1983,Product literature,1,EPH-0258,,RETAIN — issue-specific occurrence pending visual comparison,HIGH,INDEX-ONLY,INCLUDED — indexed issue text; visual comparison pending.,https://article134-tech.github.io/lititzbmx-public-knowledge-register/objects/index.html#OBJ-0248,PKR-CAT-001,Catalogs and product literature
OBJ-0249,BMX Action Bike back-copy mailer,BMX Action Bike; UKBMX Publications,June 1983,Catalog mailer,1,EPH-0259,,REVIEW — recurring campaign/feature candidate; retain separately pending page-image comparison,HIGH,INDEX-ONLY,INCLUDED — indexed issue text; visual comparison pending.,https://article134-tech.github.io/lititzbmx-public-knowledge-register/objects/index.html#OBJ-0249,PKR-CAT-003,"Mailers, stickers, and information packs"
OBJ-0250,DP Racing Firebird frame-and-fork order form,DP Racing; Firebird,June 1983,Retailer advertisement / price list,1,EPH-0260,,RETAIN — issue-specific occurrence pending visual comparison,HIGH,INDEX-ONLY,INCLUDED — indexed issue text; visual comparison pending.,https://article134-tech.github.io/lititzbmx-public-knowledge-register/objects/index.html#OBJ-0250,PKR-CAT-002,Advertisements and price lists
OBJ-0251,BMX Action Bike blue-and-gold binder offer,BMX Action Bike; UKBMX Publications,June 1983,Catalog mailer,1,EPH-0261,,REVIEW — recurring campaign/feature candidate; retain separately pending page-image comparison,HIGH,INDEX-ONLY,INCLUDED — indexed issue text; visual comparison pending.,https://article134-tech.github.io/lititzbmx-public-knowledge-register/objects/index.html#OBJ-0251,PKR-CAT-003,"Mailers, stickers, and information packs"
OBJ-0252,BMX Action Bike blue-and-yellow race-shirt offer,BMX Action Bike; UKBMX Publications,June 1983,Information-pack mailer,1,EPH-0262,,REVIEW — recurring campaign/feature candidate; retain separately pending page-image comparison,HIGH,INDEX-ONLY,INCLUDED — indexed issue text; visual comparison pending.,https://article134-tech.github.io/lititzbmx-public-knowledge-register/objects/index.html#OBJ-0252,PKR-CAT-003,"Mailers, stickers, and information packs"
OBJ-0253,"Torker 260, 280X, and 340 complete-bike price advertisement",Torker; UK distributor unresolved from indexed alignment,June 1983,Retailer advertisement / price list,1,EPH-0263,,RETAIN — issue-specific occurrence pending visual comparison,MEDIUM-HIGH,INDEX-ONLY,INCLUDED — indexed issue text; visual comparison pending.,https://article134-tech.github.io/lititzbmx-public-knowledge-register/objects/index.html#OBJ-0253,PKR-CAT-002,Advertisements and price lists
OBJ-0254,"Big W BMX frame, wheel, fork, crank, helmet, and book specials",Big W; ACS; Skyway; Araya; Tange; Haro; DP Racing,June 1983,Retailer advertisement / price list,1,EPH-0264,,RETAIN — issue-specific occurrence pending visual comparison,HIGH,INDEX-ONLY,INCLUDED — indexed issue text; visual comparison pending.,https://article134-tech.github.io/lititzbmx-public-knowledge-register/objects/index.html#OBJ-0254,PKR-CAT-002,Advertisements and price lists
OBJ-0255,DP Firebird complete-bike editorial test,DP Racing; BMX Action Bike,June 1983,Product-history object,1,EPH-0265,,RETAIN — issue-specific occurrence pending visual comparison,HIGH,INDEX-ONLY,INCLUDED — indexed issue text; visual comparison pending.,https://article134-tech.github.io/lititzbmx-public-knowledge-register/objects/index.html#OBJ-0255,PKR-CAT-009,Editorial tests and historical documentation
OBJ-0256,Firebird Delta II frame announcement,DP Racing; Firebird; Reynolds,June 1983,Product announcement / kit,1,EPH-0266,,RETAIN — issue-specific occurrence pending visual comparison,HIGH,INDEX-ONLY,INCLUDED — indexed issue text; visual comparison pending.,https://article134-tech.github.io/lititzbmx-public-knowledge-register/objects/index.html#OBJ-0256,PKR-CAT-008,Product announcements and technical material
OBJ-0257,Best of 1982 prize-winner follow-up,BMX Action Bike; Bell; Skyway; Diamond Back,June 1983,Archive collection,1,EPH-0267,,RETAIN — issue-specific occurrence pending visual comparison,HIGH,INDEX-ONLY,INCLUDED — indexed issue text; visual comparison pending.,https://article134-tech.github.io/lititzbmx-public-knowledge-register/objects/index.html#OBJ-0257,PKR-CAT-009,Editorial tests and historical documentation
OBJ-0258,Moto-X Fox reader-photo competition,BMX Action Bike; Moto-X Fox,June 1983,Contest entry form / promotion,1,EPH-0268,,RETAIN — issue-specific occurrence pending visual comparison,HIGH,INDEX-ONLY,INCLUDED — indexed issue text; visual comparison pending.,https://article134-tech.github.io/lititzbmx-public-knowledge-register/objects/index.html#OBJ-0258,PKR-CAT-004,Contests and promotions
OBJ-0259,June 1983 BMX race calendar,BMX Action Bike; UKBMX; NBMXA; regional organizers,June 1983,Event notice / contact flyer,1,EPH-0269,,RETAIN — issue-specific occurrence pending visual comparison,HIGH,INDEX-ONLY,INCLUDED — indexed issue text; visual comparison pending.,https://article134-tech.github.io/lititzbmx-public-knowledge-register/objects/index.html#OBJ-0259,PKR-CAT-005,"Events, registration, and membership"
OBJ-0260,Isle of Wight inaugural BMX meeting report,Isle of Wight BMX organizers; BMX Action Bike,June 1983,Archive collection,1,EPH-0270,,RETAIN — issue-specific occurrence pending visual comparison,HIGH,INDEX-ONLY,INCLUDED — indexed issue text; visual comparison pending.,https://article134-tech.github.io/lititzbmx-public-knowledge-register/objects/index.html#OBJ-0260,PKR-CAT-009,Editorial tests and historical documentation
OBJ-0261,BMX Superstore Kuwahara E.T. Replica special,BMX Superstore; Kuwahara,June 1983,Retailer advertisement / price list,1,EPH-0271,,REVIEW — recurring campaign/feature candidate; retain separately pending page-image comparison,HIGH,INDEX-ONLY,INCLUDED — indexed issue text; visual comparison pending.,https://article134-tech.github.io/lititzbmx-public-knowledge-register/objects/index.html#OBJ-0261,PKR-CAT-002,Advertisements and price lists
OBJ-0262,Team Henderson mail-order parts and free-sticker offer,Team Henderson BMX Mail Order Centre; Haro; California Lite; CW; Renthal,June 1983,Dealer price-list / sticker offer,1,EPH-0272,,RETAIN — issue-specific occurrence pending visual comparison,HIGH,INDEX-ONLY,INCLUDED — indexed issue text; visual comparison pending.,https://article134-tech.github.io/lititzbmx-public-knowledge-register/objects/index.html#OBJ-0262,PKR-CAT-003,"Mailers, stickers, and information packs"
OBJ-0263,Langsett Cycles BMX parts price advertisement,Langsett Cycles; MX 100; Sharp; Elina; Suntour; Haro,June 1983,Retailer advertisement / price list,1,EPH-0273,,RETAIN — issue-specific occurrence pending visual comparison,HIGH,INDEX-ONLY,INCLUDED — indexed issue text; visual comparison pending.,https://article134-tech.github.io/lititzbmx-public-knowledge-register/objects/index.html#OBJ-0263,PKR-CAT-002,Advertisements and price lists
OBJ-0264,BMX Centre Mousehole stock and mail-order advertisement,BMX Centre Mousehole; Mongoose; Kuwahara; Torker; GT; Robinson,June 1983,Dealer/shop advertisement,1,EPH-0274,,RETAIN — issue-specific occurrence pending visual comparison,HIGH,INDEX-ONLY,INCLUDED — indexed issue text; visual comparison pending.,https://article134-tech.github.io/lititzbmx-public-knowledge-register/objects/index.html#OBJ-0264,PKR-CAT-007,Dealers and distributors
OBJ-0265,BMX Action Bike monthly subscription promotion,BMX Action Bike; UKBMX Publications,June 1983,Catalog mailer,1,EPH-0275,,REVIEW — recurring campaign/feature candidate; retain separately pending page-image comparison,HIGH,INDEX-ONLY,INCLUDED — indexed issue text; visual comparison pending.,https://article134-tech.github.io/lititzbmx-public-knowledge-register/objects/index.html#OBJ-0265,PKR-CAT-003,"Mailers, stickers, and information packs"
OBJ-0266,ABMX free Sales and Swaps coupon,BMX Action Bike; UKBMX Publications,June 1983,Dealer advertisement / price-list lead,1,EPH-0276,,REVIEW — recurring campaign/feature candidate; retain separately pending page-image comparison,HIGH,INDEX-ONLY,INCLUDED — indexed issue text; visual comparison pending.,https://article134-tech.github.io/lititzbmx-public-knowledge-register/objects/index.html#OBJ-0266,PKR-CAT-007,Dealers and distributors
OBJ-0267,Ammaco Team Pro prize-bike competition,BMX Action Bike; Ammaco,June 1983,Contest entry form / promotion,1,EPH-0277,,RETAIN — issue-specific occurrence pending visual comparison,HIGH,INDEX-ONLY,INCLUDED — indexed issue text; visual comparison pending.,https://article134-tech.github.io/lititzbmx-public-knowledge-register/objects/index.html#OBJ-0267,PKR-CAT-004,Contests and promotions
OBJ-0268,Rivat BMX shoe advertisement,Rivat; March Racing Developments,June 1983,Retailer advertisement / price list,1,EPH-0278,,RETAIN — issue-specific occurrence pending visual comparison,HIGH,INDEX-ONLY,INCLUDED — indexed issue text; visual comparison pending.,https://article134-tech.github.io/lititzbmx-public-knowledge-register/objects/index.html#OBJ-0268,PKR-CAT-002,Advertisements and price lists
OBJ-0269,Halfords NEC indoor championship report,Halfords; BMX Action Bike; Bob Haro,June 1983,Archive collection,1,EPH-0279,,RETAIN — issue-specific occurrence pending visual comparison,HIGH,INDEX-ONLY,INCLUDED — indexed issue text; visual comparison pending.,https://article134-tech.github.io/lititzbmx-public-knowledge-register/objects/index.html#OBJ-0269,PKR-CAT-009,Editorial tests and historical documentation
OBJ-0270,Grasby track-focus course guide,Grasby BMX; BMX Action Bike,June 1983,Archive collection,1,EPH-0280,,RETAIN — issue-specific occurrence pending visual comparison,HIGH,INDEX-ONLY,INCLUDED — indexed issue text; visual comparison pending.,https://article134-tech.github.io/lititzbmx-public-knowledge-register/objects/index.html#OBJ-0270,PKR-CAT-009,Editorial tests and historical documentation
OBJ-0271,ACS Z Rims guarantee advertisement,ACS; Gecko Leisure Products,June 1983,Product literature,1,EPH-0281,,RETAIN — issue-specific occurrence pending visual comparison,HIGH,INDEX-ONLY,INCLUDED — indexed issue text; visual comparison pending.,https://article134-tech.github.io/lititzbmx-public-knowledge-register/objects/index.html#OBJ-0271,PKR-CAT-001,Catalogs and product literature
OBJ-0272,Grease Monkey tyre-selection guide,BMX Action Bike; IRC; National; Mitsuboshi,June 1983,Product literature,1,EPH-0282,,RETAIN — issue-specific occurrence pending visual comparison,HIGH,INDEX-ONLY,INCLUDED — indexed issue text; visual comparison pending.,https://article134-tech.github.io/lititzbmx-public-knowledge-register/objects/index.html#OBJ-0272,PKR-CAT-001,Catalogs and product literature
OBJ-0273,Supertune BMX comprehensive mail-order price list,Supertune BMX Racing; GT; Diamond Back; Robinson; Suntour; Oakley,June 1983,Retailer advertisement / price list,1,EPH-0283,,REVIEW — recurring campaign/feature candidate; retain separately pending page-image comparison,HIGH,INDEX-ONLY,INCLUDED — indexed issue text; visual comparison pending.,https://article134-tech.github.io/lititzbmx-public-knowledge-register/objects/index.html#OBJ-0273,PKR-CAT-002,Advertisements and price lists
OBJ-0274,Yes Products dealer trade-promotion quiz,Yes Products,June 1983,Dealer/shop advertisement,1,EPH-0284,,RETAIN — issue-specific occurrence pending visual comparison,HIGH,INDEX-ONLY,INCLUDED — indexed issue text; visual comparison pending.,https://article134-tech.github.io/lititzbmx-public-knowledge-register/objects/index.html#OBJ-0274,PKR-CAT-007,Dealers and distributors
OBJ-0275,California Lite pad-system pro endorsement advertisement,California Lite; Johar of California; Harry Leary; Perry Kramer; Clint Miller; Toby Henderson,June 1983,Product literature,1,EPH-0285,,REVIEW — recurring campaign/feature candidate; retain separately pending page-image comparison,HIGH,INDEX-ONLY,INCLUDED — indexed issue text; visual comparison pending.,https://article134-tech.github.io/lititzbmx-public-knowledge-register/objects/index.html#OBJ-0275,PKR-CAT-001,Catalogs and product literature
OBJ-0276,Sidehack racing feature,BMX Action Bike; UKBMX; NBMXA; Ammaco-Mongoose,June 1983,Archive collection,1,EPH-0286,,RETAIN — issue-specific occurrence pending visual comparison,HIGH,INDEX-ONLY,INCLUDED — indexed issue text; visual comparison pending.,https://article134-tech.github.io/lititzbmx-public-knowledge-register/objects/index.html#OBJ-0276,PKR-CAT-009,Editorial tests and historical documentation
OBJ-0277,Diatron Wildcat helmet and racewear advertisement,Diatron; Wildcat,June 1983,Retailer advertisement / price list,1,EPH-0287,,RETAIN — issue-specific occurrence pending visual comparison,HIGH,INDEX-ONLY,INCLUDED — indexed issue text; visual comparison pending.,https://article134-tech.github.io/lititzbmx-public-knowledge-register/objects/index.html#OBJ-0277,PKR-CAT-002,Advertisements and price lists
OBJ-0278,Haro Freestyle Moves aerial instructional extract,Bob Haro; Haro; BMX Action Bike,June 1983,Product literature,1,EPH-0288,,RETAIN — issue-specific occurrence pending visual comparison,HIGH,INDEX-ONLY,INCLUDED — indexed issue text; visual comparison pending.,https://article134-tech.github.io/lititzbmx-public-knowledge-register/objects/index.html#OBJ-0278,PKR-CAT-001,Catalogs and product literature
OBJ-0279,NBMXA rulebook and membership offer,NBMXA,June 1983,Event registration coupon,1,EPH-0289,,REVIEW — recurring campaign/feature candidate; retain separately pending page-image comparison,HIGH,INDEX-ONLY,INCLUDED — indexed issue text; visual comparison pending.,https://article134-tech.github.io/lititzbmx-public-knowledge-register/objects/index.html#OBJ-0279,PKR-CAT-005,"Events, registration, and membership"
OBJ-0280,Ammaco Team Mongoose championship advertisement,Ammaco; Mongoose; Wayne Llewellyn,June 1983,Team advertisement,1,EPH-0290,,RETAIN — issue-specific occurrence pending visual comparison,HIGH,INDEX-ONLY,INCLUDED — indexed issue text; visual comparison pending.,https://article134-tech.github.io/lititzbmx-public-knowledge-register/objects/index.html#OBJ-0280,PKR-CAT-006,"Teams, riders, and brand campaigns"
OBJ-0281,Desert Rats Sahara cruiser expedition,Desert Rats; Ritchey; BMX Action Bike,June 1983,Archive collection,1,EPH-0291,,RETAIN — issue-specific occurrence pending visual comparison,HIGH,INDEX-ONLY,INCLUDED — indexed issue text; visual comparison pending.,https://article134-tech.github.io/lititzbmx-public-knowledge-register/objects/index.html#OBJ-0281,PKR-CAT-009,Editorial tests and historical documentation
OBJ-0282,Superbike BMX Centre frame and component advertisement,Superbike BMX Centre; SB Racing; Oakley; Vector; JMC; CW; Patterson,June 1983,Retailer advertisement / price list,1,EPH-0292,,RETAIN — issue-specific occurrence pending visual comparison,HIGH,INDEX-ONLY,INCLUDED — indexed issue text; visual comparison pending.,https://article134-tech.github.io/lititzbmx-public-knowledge-register/objects/index.html#OBJ-0282,PKR-CAT-002,Advertisements and price lists
OBJ-0283,Faze7 one-and-three-eighth-inch wheel and tyre price advertisement,Faze7; Araya; Ukai; Suzue; ACS; Skyway; Panaracer,June 1983,Retailer advertisement / price list,1,EPH-0293,,RETAIN — issue-specific occurrence pending visual comparison,HIGH,INDEX-ONLY,INCLUDED — indexed issue text; visual comparison pending.,https://article134-tech.github.io/lititzbmx-public-knowledge-register/objects/index.html#OBJ-0283,PKR-CAT-002,Advertisements and price lists
OBJ-0284,UKBMX Europeans and Worlds coach-tour offer,UKBMX; Gary Smith,June 1983,Tour promotion / route notice,1,EPH-0294,,RETAIN — issue-specific occurrence pending visual comparison,HIGH,INDEX-ONLY,INCLUDED — indexed issue text; visual comparison pending.,https://article134-tech.github.io/lititzbmx-public-knowledge-register/objects/index.html#OBJ-0284,PKR-CAT-005,"Events, registration, and membership"
OBJ-0285,UKBMX points calendar and membership application,UKBMX,June 1983,Event registration coupon,1,EPH-0295,,REVIEW — recurring campaign/feature candidate; retain separately pending page-image comparison,HIGH,INDEX-ONLY,INCLUDED — indexed issue text; visual comparison pending.,https://article134-tech.github.io/lititzbmx-public-knowledge-register/objects/index.html#OBJ-0285,PKR-CAT-005,"Events, registration, and membership"
OBJ-0286,ACS Z Rims guarantee campaign,ACS; Gecko Leisure Products,July 1983,Product literature,1,EPH-0296,,REVIEW — recurring campaign/feature candidate; retain separately pending page-image comparison,HIGH,INDEX-ONLY,INCLUDED — indexed issue text; visual comparison pending.,https://article134-tech.github.io/lititzbmx-public-knowledge-register/objects/index.html#OBJ-0286,PKR-CAT-001,Catalogs and product literature
OBJ-0287,Just BMX opening offer and complete stock advertisement,Just BMX; Tange; Pro-Star; Skyway; Haro; Raleigh,July 1983,Retailer advertisement / price list,1,EPH-0297,,RETAIN — issue-specific occurrence pending visual comparison,HIGH,INDEX-ONLY,INCLUDED — indexed issue text; visual comparison pending.,https://article134-tech.github.io/lititzbmx-public-knowledge-register/objects/index.html#OBJ-0287,PKR-CAT-002,Advertisements and price lists
OBJ-0288,Reynolds 531 and 501 BMX frame-tubing advertisement,Reynolds,July 1983,Product literature,1,EPH-0298,,RETAIN — issue-specific occurrence pending visual comparison,HIGH,INDEX-ONLY,INCLUDED — indexed issue text; visual comparison pending.,https://article134-tech.github.io/lititzbmx-public-knowledge-register/objects/index.html#OBJ-0288,PKR-CAT-001,Catalogs and product literature
OBJ-0289,Yes Products Words contest results and BMX Record newsletter notice,BMX Action Bike; Yes Products; BMX Record,July 1983,Archive collection,1,EPH-0299,,RETAIN — issue-specific occurrence pending visual comparison,HIGH,INDEX-ONLY,INCLUDED — indexed issue text; visual comparison pending.,https://article134-tech.github.io/lititzbmx-public-knowledge-register/objects/index.html#OBJ-0289,PKR-CAT-009,Editorial tests and historical documentation
OBJ-0290,"SR Cycles Diamond Back, Mongoose, and wheel price advertisement",SR Cycles; Diamond Back; Mongoose; Skyway; ACS; Araya,July 1983,Retailer advertisement / price list,1,EPH-0300,,RETAIN — issue-specific occurrence pending visual comparison,HIGH,INDEX-ONLY,INCLUDED — indexed issue text; visual comparison pending.,https://article134-tech.github.io/lititzbmx-public-knowledge-register/objects/index.html#OBJ-0290,PKR-CAT-002,Advertisements and price lists
OBJ-0291,Firebird Delta II frame advertisement,DP Racing; Firebird; Reynolds,July 1983,Product announcement / kit,1,EPH-0301,,REVIEW — recurring campaign/feature candidate; retain separately pending page-image comparison,HIGH,INDEX-ONLY,INCLUDED — indexed issue text; visual comparison pending.,https://article134-tech.github.io/lititzbmx-public-knowledge-register/objects/index.html#OBJ-0291,PKR-CAT-008,Product announcements and technical material
OBJ-0292,Halfords Turbo 20X colouring competition and T-shirt promotion,Halfords,July 1983,Contest entry form / promotion,1,EPH-0302,,RETAIN — issue-specific occurrence pending visual comparison,HIGH,INDEX-ONLY,INCLUDED — indexed issue text; visual comparison pending.,https://article134-tech.github.io/lititzbmx-public-knowledge-register/objects/index.html#OBJ-0292,PKR-CAT-004,Contests and promotions
OBJ-0293,Wimborne BMX track-focus guide,Wimborne BMX; BMX Action Bike,July 1983,Archive collection,1,EPH-0303,,RETAIN — issue-specific occurrence pending visual comparison,HIGH,INDEX-ONLY,INCLUDED — indexed issue text; visual comparison pending.,https://article134-tech.github.io/lititzbmx-public-knowledge-register/objects/index.html#OBJ-0293,PKR-CAT-009,Editorial tests and historical documentation
OBJ-0294,Huffy Pro Lightning brand advertisement,Huffy; C. W. Toys,July 1983,Magazine advertisement,1,EPH-0304,,RETAIN — issue-specific occurrence pending visual comparison,HIGH,INDEX-ONLY,INCLUDED — indexed issue text; visual comparison pending.,https://article134-tech.github.io/lititzbmx-public-knowledge-register/objects/index.html#OBJ-0294,PKR-CAT-002,Advertisements and price lists
OBJ-0295,July 1983 BMX race and exhibition calendar,BMX Action Bike; UKBMX; NBMXA; regional organizers,July 1983,Event notice / contact flyer,1,EPH-0305,,RETAIN — issue-specific occurrence pending visual comparison,HIGH,INDEX-ONLY,INCLUDED — indexed issue text; visual comparison pending.,https://article134-tech.github.io/lititzbmx-public-knowledge-register/objects/index.html#OBJ-0295,PKR-CAT-005,"Events, registration, and membership"
OBJ-0296,Bunney’s Bikes Nottingham stock and finance advertisement,Bunney’s Bikes; GT; Redline; Kuwahara; Diamond Back; Raleigh,July 1983,Dealer/shop advertisement,1,EPH-0306,,RETAIN — issue-specific occurrence pending visual comparison,HIGH,INDEX-ONLY,INCLUDED — indexed issue text; visual comparison pending.,https://article134-tech.github.io/lititzbmx-public-knowledge-register/objects/index.html#OBJ-0296,PKR-CAT-007,Dealers and distributors
OBJ-0297,Kryptonite Megalock BMX security advertisement,Kryptonite; Ron Kitching,July 1983,Product literature,1,EPH-0307,,RETAIN — issue-specific occurrence pending visual comparison,HIGH,INDEX-ONLY,INCLUDED — indexed issue text; visual comparison pending.,https://article134-tech.github.io/lititzbmx-public-knowledge-register/objects/index.html#OBJ-0297,PKR-CAT-001,Catalogs and product literature
OBJ-0298,Robinson 1983 frameset catalog and sticker offer,Robinson; Alans BMX Distributors,July 1983,Catalog mailer,1,EPH-0308,,RETAIN — issue-specific occurrence pending visual comparison,HIGH,INDEX-ONLY,INCLUDED — indexed issue text; visual comparison pending.,https://article134-tech.github.io/lititzbmx-public-knowledge-register/objects/index.html#OBJ-0298,PKR-CAT-003,"Mailers, stickers, and information packs"
OBJ-0299,Clark’s Power-Glide BMX brake-cable advertisement,S. J. Clark Cables,July 1983,Product literature,1,EPH-0309,,RETAIN — issue-specific occurrence pending visual comparison,HIGH,INDEX-ONLY,INCLUDED — indexed issue text; visual comparison pending.,https://article134-tech.github.io/lititzbmx-public-knowledge-register/objects/index.html#OBJ-0299,PKR-CAT-001,Catalogs and product literature
OBJ-0300,NBMXA Derby stadium national race report,NBMXA; Derby BMX; BMX Action Bike,July 1983,Archive collection,1,EPH-0310,,RETAIN — issue-specific occurrence pending visual comparison,HIGH,INDEX-ONLY,INCLUDED — indexed issue text; visual comparison pending.,https://article134-tech.github.io/lititzbmx-public-knowledge-register/objects/index.html#OBJ-0300,PKR-CAT-009,Editorial tests and historical documentation
OBJ-0301,ABMX Sales and Swaps coupon,BMX Action Bike; UKBMX Publications,July 1983,Dealer advertisement / price-list lead,1,EPH-0311,,REVIEW — recurring campaign/feature candidate; retain separately pending page-image comparison,HIGH,INDEX-ONLY,INCLUDED — indexed issue text; visual comparison pending.,https://article134-tech.github.io/lititzbmx-public-knowledge-register/objects/index.html#OBJ-0301,PKR-CAT-007,Dealers and distributors
OBJ-0302,Bob Haro gear caption competition,BMX Action Bike; Bob Haro; Haro Designs,July 1983,Contest entry form / promotion,1,EPH-0312,,RETAIN — issue-specific occurrence pending visual comparison,HIGH,INDEX-ONLY,INCLUDED — indexed issue text; visual comparison pending.,https://article134-tech.github.io/lititzbmx-public-knowledge-register/objects/index.html#OBJ-0302,PKR-CAT-004,Contests and promotions
OBJ-0303,Sharp Racing Products bottom-bracket boot advertisement,Sharp Racing Products,July 1983,Product announcement / kit,1,EPH-0313,,REVIEW — recurring campaign/feature candidate; retain separately pending page-image comparison,HIGH,INDEX-ONLY,INCLUDED — indexed issue text; visual comparison pending.,https://article134-tech.github.io/lititzbmx-public-knowledge-register/objects/index.html#OBJ-0303,PKR-CAT-008,Product announcements and technical material
OBJ-0304,Supertune BMX comprehensive July mail-order price list,Supertune BMX Racing; GT; Diamond Back; Robinson; Suntour; Oakley,July 1983,Retailer advertisement / price list,1,EPH-0314,,REVIEW — recurring campaign/feature candidate; retain separately pending page-image comparison,HIGH,INDEX-ONLY,INCLUDED — indexed issue text; visual comparison pending.,https://article134-tech.github.io/lititzbmx-public-knowledge-register/objects/index.html#OBJ-0304,PKR-CAT-002,Advertisements and price lists
OBJ-0305,"GT Greg Hill poster, stickers, and price-list mailer",GT; Greg Hill; GB GT,July 1983,Information-pack mailer,1,EPH-0315,,REVIEW — recurring campaign/feature candidate; retain separately pending page-image comparison,HIGH,INDEX-ONLY,INCLUDED — indexed issue text; visual comparison pending.,https://article134-tech.github.io/lititzbmx-public-knowledge-register/objects/index.html#OBJ-0305,PKR-CAT-003,"Mailers, stickers, and information packs"
OBJ-0306,Yamaha Racers free colour-brochure offer,Yamaha; Amoco Leisure,July 1983,Information-pack mailer,1,EPH-0316,,REVIEW — recurring campaign/feature candidate; retain separately pending page-image comparison,HIGH,INDEX-ONLY,INCLUDED — indexed issue text; visual comparison pending.,https://article134-tech.github.io/lititzbmx-public-knowledge-register/objects/index.html#OBJ-0306,PKR-CAT-003,"Mailers, stickers, and information packs"
OBJ-0307,Raleigh Aero Pro Burner editorial test,Raleigh; Tange; BMX Action Bike,July 1983,Product-history object,1,EPH-0317,,RETAIN — issue-specific occurrence pending visual comparison,HIGH,INDEX-ONLY,INCLUDED — indexed issue text; visual comparison pending.,https://article134-tech.github.io/lititzbmx-public-knowledge-register/objects/index.html#OBJ-0307,PKR-CAT-009,Editorial tests and historical documentation
OBJ-0308,Grease Monkey wheel-maintenance guide,BMX Action Bike; Geoff Barraclough,July 1983,Product literature,1,EPH-0318,,RETAIN — issue-specific occurrence pending visual comparison,HIGH,INDEX-ONLY,INCLUDED — indexed issue text; visual comparison pending.,https://article134-tech.github.io/lititzbmx-public-knowledge-register/objects/index.html#OBJ-0308,PKR-CAT-001,Catalogs and product literature
OBJ-0309,NBMXA affiliated-club directory,NBMXA,July 1983,Archive collection,1,EPH-0319,,RETAIN — issue-specific occurrence pending visual comparison,HIGH,INDEX-ONLY,INCLUDED — indexed issue text; visual comparison pending.,https://article134-tech.github.io/lititzbmx-public-knowledge-register/objects/index.html#OBJ-0309,PKR-CAT-009,Editorial tests and historical documentation
OBJ-0310,NBMXA rulebook and membership offer,NBMXA,July 1983,Catalog mailer,1,EPH-0320,,REVIEW — recurring campaign/feature candidate; retain separately pending page-image comparison,HIGH,INDEX-ONLY,INCLUDED — indexed issue text; visual comparison pending.,https://article134-tech.github.io/lititzbmx-public-knowledge-register/objects/index.html#OBJ-0310,PKR-CAT-003,"Mailers, stickers, and information packs"
OBJ-0311,"Surrey BMX complete-bike, frameset, wheel, and apparel price list",Surrey BMX; Kuwahara; GT; Redline; Haro; Skyway; Hutch,July 1983,Retailer advertisement / price list,1,EPH-0321,,RETAIN — issue-specific occurrence pending visual comparison,HIGH,INDEX-ONLY,INCLUDED — indexed issue text; visual comparison pending.,https://article134-tech.github.io/lititzbmx-public-knowledge-register/objects/index.html#OBJ-0311,PKR-CAT-002,Advertisements and price lists
OBJ-0312,Pete Middleton Weekend Warrior rider profile,Pete Middleton; Mongoose; BMX Action Bike,July 1983,Archive collection,1,EPH-0322,,RETAIN — issue-specific occurrence pending visual comparison,HIGH,INDEX-ONLY,INCLUDED — indexed issue text; visual comparison pending.,https://article134-tech.github.io/lititzbmx-public-knowledge-register/objects/index.html#OBJ-0312,PKR-CAT-009,Editorial tests and historical documentation
OBJ-0313,"Rapido Gold Duster, Black Shadow, and Gladiator advertisement",Rapido; Clarkmoor,July 1983,Product literature,1,EPH-0323,,REVIEW — recurring campaign/feature candidate; retain separately pending page-image comparison,HIGH,INDEX-ONLY,INCLUDED — indexed issue text; visual comparison pending.,https://article134-tech.github.io/lititzbmx-public-knowledge-register/objects/index.html#OBJ-0313,PKR-CAT-001,Catalogs and product literature
OBJ-0314,Haro and Ron Wilton front-wheel-hop instructional feature,Bob Haro; Ron Wilton; BMX Action Bike,July 1983,Product literature,1,EPH-0324,,RETAIN — issue-specific occurrence pending visual comparison,HIGH,INDEX-ONLY,INCLUDED — indexed issue text; visual comparison pending.,https://article134-tech.github.io/lititzbmx-public-knowledge-register/objects/index.html#OBJ-0314,PKR-CAT-001,Catalogs and product literature
OBJ-0315,"Hotshot new-products panel: Mushroom grips, Eliminator II helmet, and Johar lever cover",Hotshot BMX Racing; Mushroom; Pro-Tec; Johar,July 1983,Product announcement / kit,1,EPH-0325,,RETAIN — issue-specific occurrence pending visual comparison,HIGH,INDEX-ONLY,INCLUDED — indexed issue text; visual comparison pending.,https://article134-tech.github.io/lititzbmx-public-knowledge-register/objects/index.html#OBJ-0315,PKR-CAT-008,Product announcements and technical material
OBJ-0316,Shiner trade decal and sales-sheet offer,Shiner; SE Racing; Panda,July 1983,Information-pack mailer,1,EPH-0326,,REVIEW — recurring campaign/feature candidate; retain separately pending page-image comparison,HIGH,INDEX-ONLY,INCLUDED — indexed issue text; visual comparison pending.,https://article134-tech.github.io/lititzbmx-public-knowledge-register/objects/index.html#OBJ-0316,PKR-CAT-003,"Mailers, stickers, and information packs"
OBJ-0317,Sales Cycles Warehouse complete-bike and frameset price advertisement,Sales Cycles Warehouse; Kuwahara; Yamaha; Silverfox; Raleigh; Diamond Back,July 1983,Retailer advertisement / price list,1,EPH-0327,,REVIEW — recurring campaign/feature candidate; retain separately pending page-image comparison,HIGH,INDEX-ONLY,INCLUDED — indexed issue text; visual comparison pending.,https://article134-tech.github.io/lititzbmx-public-knowledge-register/objects/index.html#OBJ-0317,PKR-CAT-002,Advertisements and price lists
OBJ-0318,Huffy Pro-Lightning power-crazy reader giveaway,BMX Action Bike; Huffy,July 1983,Contest entry form / promotion,1,EPH-0328,,RETAIN — issue-specific occurrence pending visual comparison,HIGH,INDEX-ONLY,INCLUDED — indexed issue text; visual comparison pending.,https://article134-tech.github.io/lititzbmx-public-knowledge-register/objects/index.html#OBJ-0318,PKR-CAT-004,Contests and promotions
OBJ-0319,Team Henderson July mail-order price list,Team Henderson; Tange; Suntour; CW; Oakley; MKS,July 1983,Retailer advertisement / price list,1,EPH-0329,,REVIEW — recurring campaign/feature candidate; retain separately pending page-image comparison,HIGH,INDEX-ONLY,INCLUDED — indexed issue text; visual comparison pending.,https://article134-tech.github.io/lititzbmx-public-knowledge-register/objects/index.html#OBJ-0319,PKR-CAT-002,Advertisements and price lists
OBJ-0320,Hwa Fong BMX tyre-range advertisement,Hwa Fong; Landar Components,July 1983,Product literature,1,EPH-0330,,RETAIN — issue-specific occurrence pending visual comparison,HIGH,INDEX-ONLY,INCLUDED — indexed issue text; visual comparison pending.,https://article134-tech.github.io/lititzbmx-public-knowledge-register/objects/index.html#OBJ-0320,PKR-CAT-001,Catalogs and product literature
OBJ-0321,Shimano DX platform-pedal technical advertisement,Shimano; Middlemores,July 1983,Product literature,1,EPH-0331,,RETAIN — issue-specific occurrence pending visual comparison,HIGH,INDEX-ONLY,INCLUDED — indexed issue text; visual comparison pending.,https://article134-tech.github.io/lititzbmx-public-knowledge-register/objects/index.html#OBJ-0321,PKR-CAT-001,Catalogs and product literature
OBJ-0322,Ammaco Mongoose Supergoose III advertisement,Ammaco; Mongoose,July 1983,Magazine advertisement,1,EPH-0332,,RETAIN — issue-specific occurrence pending visual comparison,HIGH,INDEX-ONLY,INCLUDED — indexed issue text; visual comparison pending.,https://article134-tech.github.io/lititzbmx-public-knowledge-register/objects/index.html#OBJ-0322,PKR-CAT-002,Advertisements and price lists
OBJ-0323,Trick Stuff July product announcements,Johar; Lee Cooper; Tim March; Clark’s; Superline; Kuwahara,July 1983,Product announcement / kit,1,EPH-0333,,RETAIN — issue-specific occurrence pending visual comparison,HIGH,INDEX-ONLY,INCLUDED — indexed issue text; visual comparison pending.,https://article134-tech.github.io/lititzbmx-public-knowledge-register/objects/index.html#OBJ-0323,PKR-CAT-008,Product announcements and technical material
OBJ-0324,City BMX racewear and protective-equipment price advertisement,City BMX,July 1983,Retailer advertisement / price list,1,EPH-0334,,REVIEW — recurring campaign/feature candidate; retain separately pending page-image comparison,HIGH,INDEX-ONLY,INCLUDED — indexed issue text; visual comparison pending.,https://article134-tech.github.io/lititzbmx-public-knowledge-register/objects/index.html#OBJ-0324,PKR-CAT-002,Advertisements and price lists
OBJ-0325,Bates Cycles and regional dealer stock advertisement,Bates Cycles; Dave Kane Cycles; Conway; Haro; Silverfox; Superfox,July 1983,Dealer/shop advertisement,1,EPH-0335,,REVIEW — recurring campaign/feature candidate; retain separately pending page-image comparison,HIGH,INDEX-ONLY,INCLUDED — indexed issue text; visual comparison pending.,https://article134-tech.github.io/lititzbmx-public-knowledge-register/objects/index.html#OBJ-0325,PKR-CAT-007,Dealers and distributors
OBJ-0326,SportsPlus BMX track-design and landscaping service,SportsPlus,July 1983,Product literature,1,EPH-0336,,RETAIN — issue-specific occurrence pending visual comparison,HIGH,INDEX-ONLY,INCLUDED — indexed issue text; visual comparison pending.,https://article134-tech.github.io/lititzbmx-public-knowledge-register/objects/index.html#OBJ-0326,PKR-CAT-001,Catalogs and product literature
OBJ-0327,BMX Video USA professional-action mailer,BMX Video; BMX Action Bike,July 1983,Product literature,1,EPH-0337,,REVIEW — recurring campaign/feature candidate; retain separately pending page-image comparison,HIGH,INDEX-ONLY,INCLUDED — indexed issue text; visual comparison pending.,https://article134-tech.github.io/lititzbmx-public-knowledge-register/objects/index.html#OBJ-0327,PKR-CAT-001,Catalogs and product literature
OBJ-0328,BMX Action Bike ten-issue subscription offer,BMX Action Bike; UKBMX Publications,July 1983,Catalog mailer,1,EPH-0338,,REVIEW — recurring campaign/feature candidate; retain separately pending page-image comparison,HIGH,INDEX-ONLY,INCLUDED — indexed issue text; visual comparison pending.,https://article134-tech.github.io/lititzbmx-public-knowledge-register/objects/index.html#OBJ-0328,PKR-CAT-003,"Mailers, stickers, and information packs"
OBJ-0329,"Doug Wickens Cycles bike, helmet, and Firebird price advertisement",Doug Wickens Cycles; Kuwahara; Silverfox; Diatron; Firebird,July 1983,Retailer advertisement / price list,1,EPH-0339,,RETAIN — issue-specific occurrence pending visual comparison,HIGH,INDEX-ONLY,INCLUDED — indexed issue text; visual comparison pending.,https://article134-tech.github.io/lititzbmx-public-knowledge-register/objects/index.html#OBJ-0329,PKR-CAT-002,Advertisements and price lists
OBJ-0330,Len’s BMX Centre bikes and parts price advertisement,Len’s BMX Centre,July 1983,Retailer advertisement / price list,1,EPH-0340,,RETAIN — issue-specific occurrence pending visual comparison,HIGH,INDEX-ONLY,INCLUDED — indexed issue text; visual comparison pending.,https://article134-tech.github.io/lititzbmx-public-knowledge-register/objects/index.html#OBJ-0330,PKR-CAT-002,Advertisements and price lists
OBJ-0331,Darren Stock Me & My Bikes profile,Darren Stock; Halfords; Suntour; Steve Wilson; Diamond Back,July 1983,Archive collection,1,EPH-0341,,RETAIN — issue-specific occurrence pending visual comparison,HIGH,INDEX-ONLY,INCLUDED — indexed issue text; visual comparison pending.,https://article134-tech.github.io/lititzbmx-public-knowledge-register/objects/index.html#OBJ-0331,PKR-CAT-009,Editorial tests and historical documentation
OBJ-0332,OT Cycles custom-colour BMX wheel service,OT Cycles; ACS; Firebird,July 1983,Product announcement / kit,1,EPH-0342,,RETAIN — issue-specific occurrence pending visual comparison,HIGH,INDEX-ONLY,INCLUDED — indexed issue text; visual comparison pending.,https://article134-tech.github.io/lititzbmx-public-knowledge-register/objects/index.html#OBJ-0332,PKR-CAT-008,Product announcements and technical material
OBJ-0333,"Skyway Tuff Wheel II, mini wheel, pedals, and pad updates",Skyway; Freewheeler Leisure Products,July 1983,Product announcement / kit,1,EPH-0343,,RETAIN — issue-specific occurrence pending visual comparison,HIGH,INDEX-ONLY,INCLUDED — indexed issue text; visual comparison pending.,https://article134-tech.github.io/lititzbmx-public-knowledge-register/objects/index.html#OBJ-0333,PKR-CAT-008,Product announcements and technical material
OBJ-0334,Aero sticker-pack mailer,Aero,August 1983,Information-pack mailer,1,EPH-0344,,RETAIN — issue-specific occurrence pending visual comparison,HIGH,INDEX-ONLY,INCLUDED — indexed issue text; visual comparison pending.,https://article134-tech.github.io/lititzbmx-public-knowledge-register/objects/index.html#OBJ-0334,PKR-CAT-003,"Mailers, stickers, and information packs"
OBJ-0335,Yamaha Racers free colour-brochure offer,Yamaha; Amoco Leisure,August 1983,Information-pack mailer,1,EPH-0345,,REVIEW — recurring campaign/feature candidate; retain separately pending page-image comparison,HIGH,INDEX-ONLY,INCLUDED — indexed issue text; visual comparison pending.,https://article134-tech.github.io/lititzbmx-public-knowledge-register/objects/index.html#OBJ-0335,PKR-CAT-003,"Mailers, stickers, and information packs"
OBJ-0336,Andy Sammars memorial notice,Andy Sammars; NBMXA; Bournemouth BMX,August 1983,Archive collection,1,EPH-0346,,RETAIN — issue-specific occurrence pending visual comparison,HIGH,INDEX-ONLY,INCLUDED — indexed issue text; visual comparison pending.,https://article134-tech.github.io/lititzbmx-public-knowledge-register/objects/index.html#OBJ-0336,PKR-CAT-009,Editorial tests and historical documentation
OBJ-0337,Andy Ruffell injury and number-one-plate report,Andy Ruffell; Mongoose; BMX Action Bike,August 1983,Archive collection,1,EPH-0347,,RETAIN — issue-specific occurrence pending visual comparison,HIGH,INDEX-ONLY,INCLUDED — indexed issue text; visual comparison pending.,https://article134-tech.github.io/lititzbmx-public-knowledge-register/objects/index.html#OBJ-0337,PKR-CAT-009,Editorial tests and historical documentation
OBJ-0338,ABMX August Sales and Swaps marketplace,BMX Action Bike; UKBMX Publications,August 1983,Dealer advertisement / price-list lead,1,EPH-0348,,REVIEW — recurring campaign/feature candidate; retain separately pending page-image comparison,HIGH,INDEX-ONLY,INCLUDED — indexed issue text; visual comparison pending.,https://article134-tech.github.io/lititzbmx-public-knowledge-register/objects/index.html#OBJ-0338,PKR-CAT-007,Dealers and distributors
OBJ-0339,Meanwhile Madness freestyle photo feature,BMX Action Bike,August 1983,Archive collection,1,EPH-0349,,RETAIN — issue-specific occurrence pending visual comparison,HIGH,INDEX-ONLY,INCLUDED — indexed issue text; visual comparison pending.,https://article134-tech.github.io/lititzbmx-public-knowledge-register/objects/index.html#OBJ-0339,PKR-CAT-009,Editorial tests and historical documentation
OBJ-0340,August 1983 BMX race calendar,BMX Action Bike; UKBMX; NBMXA; regional organizers,August 1983,Event notice / contact flyer,1,EPH-0350,,RETAIN — issue-specific occurrence pending visual comparison,HIGH,INDEX-ONLY,INCLUDED — indexed issue text; visual comparison pending.,https://article134-tech.github.io/lititzbmx-public-knowledge-register/objects/index.html#OBJ-0340,PKR-CAT-005,"Events, registration, and membership"
OBJ-0341,Earls Court fastest-lap Supergoose III competition,Ammaco; Mongoose; Earls Court,August 1983,Event prize promotion,1,EPH-0351,,RETAIN — issue-specific occurrence pending visual comparison,HIGH,INDEX-ONLY,INCLUDED — indexed issue text; visual comparison pending.,https://article134-tech.github.io/lititzbmx-public-knowledge-register/objects/index.html#OBJ-0341,PKR-CAT-004,Contests and promotions
OBJ-0342,Halfords BMX product information offer,Halfords; Suntour; Raleigh,August 1983,Information-pack mailer,1,EPH-0352,,RETAIN — issue-specific occurrence pending visual comparison,HIGH,INDEX-ONLY,INCLUDED — indexed issue text; visual comparison pending.,https://article134-tech.github.io/lititzbmx-public-knowledge-register/objects/index.html#OBJ-0342,PKR-CAT-003,"Mailers, stickers, and information packs"
OBJ-0343,Kuwahara Nova race-ready complete-bike campaign,Kuwahara; Gecko Leisure Products,August 1983,Magazine advertisement,1,EPH-0353,,RETAIN — issue-specific occurrence pending visual comparison,HIGH,INDEX-ONLY,INCLUDED — indexed issue text; visual comparison pending.,https://article134-tech.github.io/lititzbmx-public-knowledge-register/objects/index.html#OBJ-0343,PKR-CAT-002,Advertisements and price lists
OBJ-0344,Wheels photofinish and electronic race-information systems,Wheels BMX facility,August 1983,Product literature,1,EPH-0354,,RETAIN — issue-specific occurrence pending visual comparison,HIGH,INDEX-ONLY,INCLUDED — indexed issue text; visual comparison pending.,https://article134-tech.github.io/lititzbmx-public-knowledge-register/objects/index.html#OBJ-0344,PKR-CAT-001,Catalogs and product literature
OBJ-0345,1983 European Championships first-round report,BMX Action Bike; Wheels; Andy Patterson; Tim March,August 1983,Archive collection,1,EPH-0355,,RETAIN — issue-specific occurrence pending visual comparison,HIGH,INDEX-ONLY,INCLUDED — indexed issue text; visual comparison pending.,https://article134-tech.github.io/lititzbmx-public-knowledge-register/objects/index.html#OBJ-0345,PKR-CAT-009,Editorial tests and historical documentation
OBJ-0346,Wonder rear cycle-light relaunch advertisement,Wonder UK Portable Power,August 1983,Product literature,1,EPH-0356,,RETAIN — issue-specific occurrence pending visual comparison,HIGH,INDEX-ONLY,INCLUDED — indexed issue text; visual comparison pending.,https://article134-tech.github.io/lititzbmx-public-knowledge-register/objects/index.html#OBJ-0346,PKR-CAT-001,Catalogs and product literature
OBJ-0347,Hotshot Uni seat-cover and Turbo-Mag product panel,Hotshot BMX Racing; Uni; Turbo Mag,August 1983,Product announcement / kit,1,EPH-0357,,RETAIN — issue-specific occurrence pending visual comparison,HIGH,INDEX-ONLY,INCLUDED — indexed issue text; visual comparison pending.,https://article134-tech.github.io/lititzbmx-public-knowledge-register/objects/index.html#OBJ-0347,PKR-CAT-008,Product announcements and technical material
OBJ-0348,King Sticker five-sticker packet offer,King Sticker,August 1983,Information-pack mailer,1,EPH-0358,,REVIEW — recurring campaign/feature candidate; retain separately pending page-image comparison,HIGH,INDEX-ONLY,INCLUDED — indexed issue text; visual comparison pending.,https://article134-tech.github.io/lititzbmx-public-knowledge-register/objects/index.html#OBJ-0348,PKR-CAT-003,"Mailers, stickers, and information packs"
OBJ-0349,"Suntal Cycles Burners, complete bikes, and wheel price advertisement",Suntal Cycles; Raleigh; Falcon; Yamaha; Diamond Back; Kuwahara,August 1983,Retailer advertisement / price list,1,EPH-0359,,RETAIN — issue-specific occurrence pending visual comparison,HIGH,INDEX-ONLY,INCLUDED — indexed issue text; visual comparison pending.,https://article134-tech.github.io/lititzbmx-public-knowledge-register/objects/index.html#OBJ-0349,PKR-CAT-002,Advertisements and price lists
OBJ-0350,GT world-champion brand advertisement,GT; Greg Hill; GB GT,August 1983,Team advertisement,1,EPH-0360,,RETAIN — issue-specific occurrence pending visual comparison,HIGH,INDEX-ONLY,INCLUDED — indexed issue text; visual comparison pending.,https://article134-tech.github.io/lititzbmx-public-knowledge-register/objects/index.html#OBJ-0350,PKR-CAT-006,"Teams, riders, and brand campaigns"
OBJ-0351,Greg Hill World Champion profile,Greg Hill; GT; BMX Action Bike,August 1983,Archive collection,1,EPH-0361,,RETAIN — issue-specific occurrence pending visual comparison,HIGH,INDEX-ONLY,INCLUDED — indexed issue text; visual comparison pending.,https://article134-tech.github.io/lititzbmx-public-knowledge-register/objects/index.html#OBJ-0351,PKR-CAT-009,Editorial tests and historical documentation
OBJ-0352,Reporter-for-a-day Aero racewear competition,BMX Action Bike; Aero,August 1983,Contest entry form / promotion,1,EPH-0362,,RETAIN — issue-specific occurrence pending visual comparison,HIGH,INDEX-ONLY,INCLUDED — indexed issue text; visual comparison pending.,https://article134-tech.github.io/lititzbmx-public-knowledge-register/objects/index.html#OBJ-0352,PKR-CAT-004,Contests and promotions
OBJ-0353,Bearing-protection maintenance guide,BMX Action Bike; Sharp Racing Products,August 1983,Product literature,1,EPH-0363,,RETAIN — issue-specific occurrence pending visual comparison,HIGH,INDEX-ONLY,INCLUDED — indexed issue text; visual comparison pending.,https://article134-tech.github.io/lititzbmx-public-knowledge-register/objects/index.html#OBJ-0353,PKR-CAT-001,Catalogs and product literature
OBJ-0354,Shiner free decal and sales-sheet trade offer,Shiner; SE Racing; Panda,August 1983,Information-pack mailer,1,EPH-0364,,REVIEW — recurring campaign/feature candidate; retain separately pending page-image comparison,HIGH,INDEX-ONLY,INCLUDED — indexed issue text; visual comparison pending.,https://article134-tech.github.io/lititzbmx-public-knowledge-register/objects/index.html#OBJ-0354,PKR-CAT-003,"Mailers, stickers, and information packs"
OBJ-0355,Supertune BMX August mail-order price list,Supertune BMX Racing; GT; Suntour; Oakley; Araya,August 1983,Retailer advertisement / price list,1,EPH-0365,,REVIEW — recurring campaign/feature candidate; retain separately pending page-image comparison,HIGH,INDEX-ONLY,INCLUDED — indexed issue text; visual comparison pending.,https://article134-tech.github.io/lititzbmx-public-knowledge-register/objects/index.html#OBJ-0355,PKR-CAT-002,Advertisements and price lists
OBJ-0356,Stechford Cycles component and racewear price advertisement,Stechford Cycles; Tange; ACS; CW; Oakley; Shimano,August 1983,Retailer advertisement / price list,1,EPH-0366,,RETAIN — issue-specific occurrence pending visual comparison,HIGH,INDEX-ONLY,INCLUDED — indexed issue text; visual comparison pending.,https://article134-tech.github.io/lititzbmx-public-knowledge-register/objects/index.html#OBJ-0356,PKR-CAT-002,Advertisements and price lists
OBJ-0357,Just BMX Bournemouth stock advertisement,Just BMX; Skyway; Haro; Raleigh,August 1983,Dealer/shop advertisement,1,EPH-0367,,REVIEW — recurring campaign/feature candidate; retain separately pending page-image comparison,HIGH,INDEX-ONLY,INCLUDED — indexed issue text; visual comparison pending.,https://article134-tech.github.io/lititzbmx-public-knowledge-register/objects/index.html#OBJ-0357,PKR-CAT-007,Dealers and distributors
OBJ-0358,Super Discount Nottingham BMX warehouse advertisement,Super Discount; Mongoose; PK Ripper; Haro; Firebird,August 1983,Dealer/shop advertisement,1,EPH-0368,,RETAIN — issue-specific occurrence pending visual comparison,HIGH,INDEX-ONLY,INCLUDED — indexed issue text; visual comparison pending.,https://article134-tech.github.io/lititzbmx-public-knowledge-register/objects/index.html#OBJ-0358,PKR-CAT-007,Dealers and distributors
OBJ-0359,Suntour three-piece crank technical advertisement,Suntour,August 1983,Product literature,1,EPH-0369,,RETAIN — issue-specific occurrence pending visual comparison,HIGH,INDEX-ONLY,INCLUDED — indexed issue text; visual comparison pending.,https://article134-tech.github.io/lititzbmx-public-knowledge-register/objects/index.html#OBJ-0359,PKR-CAT-001,Catalogs and product literature
OBJ-0360,Superfox complete-bike editorial test,Superfox; BMX Action Bike,August 1983,Product-history object,1,EPH-0370,,RETAIN — issue-specific occurrence pending visual comparison,HIGH,INDEX-ONLY,INCLUDED — indexed issue text; visual comparison pending.,https://article134-tech.github.io/lititzbmx-public-knowledge-register/objects/index.html#OBJ-0360,PKR-CAT-009,Editorial tests and historical documentation
OBJ-0361,BMX security-lock comparison test,BMX Action Bike; No Crak; Citadel; Squire,August 1983,Product-history object,1,EPH-0371,,RETAIN — issue-specific occurrence pending visual comparison,HIGH,INDEX-ONLY,INCLUDED — indexed issue text; visual comparison pending.,https://article134-tech.github.io/lititzbmx-public-knowledge-register/objects/index.html#OBJ-0361,PKR-CAT-009,Editorial tests and historical documentation
OBJ-0362,Aero Pro Burner starter-signal competition,BMX Action Bike; Raleigh,August 1983,Contest entry form / promotion,1,EPH-0372,,RETAIN — issue-specific occurrence pending visual comparison,HIGH,INDEX-ONLY,INCLUDED — indexed issue text; visual comparison pending.,https://article134-tech.github.io/lititzbmx-public-knowledge-register/objects/index.html#OBJ-0362,PKR-CAT-004,Contests and promotions
OBJ-0363,Sales Cycles Warehouse August complete-bike and parts advertisement,Sales Cycles Warehouse; Yamaha; Silverfox; Raleigh; Diamond Back; Shimano,August 1983,Retailer advertisement / price list,1,EPH-0373,,REVIEW — recurring campaign/feature candidate; retain separately pending page-image comparison,HIGH,INDEX-ONLY,INCLUDED — indexed issue text; visual comparison pending.,https://article134-tech.github.io/lititzbmx-public-knowledge-register/objects/index.html#OBJ-0363,PKR-CAT-002,Advertisements and price lists
OBJ-0364,Leechi BMX grips and accessories advertisement,Leechi; Landar Components,August 1983,Magazine advertisement,1,EPH-0374,,RETAIN — issue-specific occurrence pending visual comparison,HIGH,INDEX-ONLY,INCLUDED — indexed issue text; visual comparison pending.,https://article134-tech.github.io/lititzbmx-public-knowledge-register/objects/index.html#OBJ-0364,PKR-CAT-002,Advertisements and price lists
OBJ-0365,Haro Freestyle Moves August instructional extract,Bob Haro; BMX Action Bike,August 1983,Product literature,1,EPH-0375,,RETAIN — issue-specific occurrence pending visual comparison,HIGH,INDEX-ONLY,INCLUDED — indexed issue text; visual comparison pending.,https://article134-tech.github.io/lititzbmx-public-knowledge-register/objects/index.html#OBJ-0365,PKR-CAT-001,Catalogs and product literature
OBJ-0366,"Rapido Gold Duster, Black Shadow, and Gladiator campaign",Rapido; Clarkmoor,August 1983,Product literature,1,EPH-0376,,REVIEW — recurring campaign/feature candidate; retain separately pending page-image comparison,HIGH,INDEX-ONLY,INCLUDED — indexed issue text; visual comparison pending.,https://article134-tech.github.io/lititzbmx-public-knowledge-register/objects/index.html#OBJ-0366,PKR-CAT-001,Catalogs and product literature
OBJ-0367,No Crak high-security chain-lock advertisement,No Crak; SL Chainsport Distributors,August 1983,Product literature,1,EPH-0377,,RETAIN — issue-specific occurrence pending visual comparison,HIGH,INDEX-ONLY,INCLUDED — indexed issue text; visual comparison pending.,https://article134-tech.github.io/lititzbmx-public-knowledge-register/objects/index.html#OBJ-0367,PKR-CAT-001,Catalogs and product literature
OBJ-0368,Langsett Cycles August parts advertisement,Langsett Cycles; Araya; Shimano; Takagi,August 1983,Retailer advertisement / price list,1,EPH-0378,,RETAIN — issue-specific occurrence pending visual comparison,HIGH,INDEX-ONLY,INCLUDED — indexed issue text; visual comparison pending.,https://article134-tech.github.io/lititzbmx-public-knowledge-register/objects/index.html#OBJ-0368,PKR-CAT-002,Advertisements and price lists
OBJ-0369,Darwen race-shop and indoor-track promotion,Darwen BMX retailer; Diamond Back; Mongoose; Kuwahara,August 1983,Dealer/shop advertisement,1,EPH-0379,,RETAIN — issue-specific occurrence pending visual comparison,HIGH,INDEX-ONLY,INCLUDED — indexed issue text; visual comparison pending.,https://article134-tech.github.io/lititzbmx-public-knowledge-register/objects/index.html#OBJ-0369,PKR-CAT-007,Dealers and distributors
OBJ-0370,BMX Action Bike back-copy mailer,BMX Action Bike; UKBMX Publications,August 1983,Catalog mailer,1,EPH-0380,,REVIEW — recurring campaign/feature candidate; retain separately pending page-image comparison,HIGH,INDEX-ONLY,INCLUDED — indexed issue text; visual comparison pending.,https://article134-tech.github.io/lititzbmx-public-knowledge-register/objects/index.html#OBJ-0370,PKR-CAT-003,"Mailers, stickers, and information packs"
OBJ-0371,BMX Action Bike blue-and-gold binder offer,BMX Action Bike; UKBMX Publications,August 1983,Catalog mailer,1,EPH-0381,,REVIEW — recurring campaign/feature candidate; retain separately pending page-image comparison,HIGH,INDEX-ONLY,INCLUDED — indexed issue text; visual comparison pending.,https://article134-tech.github.io/lititzbmx-public-knowledge-register/objects/index.html#OBJ-0371,PKR-CAT-003,"Mailers, stickers, and information packs"
OBJ-0372,BMX Action Bike ten-issue subscription rate card,BMX Action Bike; UKBMX Publications,August 1983,Catalog mailer,1,EPH-0382,,REVIEW — recurring campaign/feature candidate; retain separately pending page-image comparison,HIGH,INDEX-ONLY,INCLUDED — indexed issue text; visual comparison pending.,https://article134-tech.github.io/lititzbmx-public-knowledge-register/objects/index.html#OBJ-0372,PKR-CAT-003,"Mailers, stickers, and information packs"
OBJ-0373,BMX Centre Mousehole August stock and Viper announcement,BMX Centre Mousehole; Diamond Back; Haro; Fox,August 1983,Dealer/shop advertisement,1,EPH-0383,,RETAIN — issue-specific occurrence pending visual comparison,HIGH,INDEX-ONLY,INCLUDED — indexed issue text; visual comparison pending.,https://article134-tech.github.io/lititzbmx-public-knowledge-register/objects/index.html#OBJ-0373,PKR-CAT-007,Dealers and distributors
OBJ-0374,Schofields Haro and Skyway frame discount advertisement,Schofields; Haro; Skyway,August 1983,Retailer advertisement / price list,1,EPH-0384,,RETAIN — issue-specific occurrence pending visual comparison,HIGH,INDEX-ONLY,INCLUDED — indexed issue text; visual comparison pending.,https://article134-tech.github.io/lititzbmx-public-knowledge-register/objects/index.html#OBJ-0374,PKR-CAT-002,Advertisements and price lists
OBJ-0375,SportsPlus BMX track-design service advertisement,SportsPlus,August 1983,Product literature,1,EPH-0385,,REVIEW — recurring campaign/feature candidate; retain separately pending page-image comparison,HIGH,INDEX-ONLY,INCLUDED — indexed issue text; visual comparison pending.,https://article134-tech.github.io/lititzbmx-public-knowledge-register/objects/index.html#OBJ-0375,PKR-CAT-001,Catalogs and product literature
OBJ-0376,OT Cycles custom-built dream-machine service,OT Cycles,August 1983,Product announcement / kit,1,EPH-0386,,REVIEW — recurring campaign/feature candidate; retain separately pending page-image comparison,HIGH,INDEX-ONLY,INCLUDED — indexed issue text; visual comparison pending.,https://article134-tech.github.io/lititzbmx-public-knowledge-register/objects/index.html#OBJ-0376,PKR-CAT-008,Product announcements and technical material
OBJ-0377,Stu Diggens Me & My Bike profile,Stu Diggens; Kuwahara; Redline; BMX Action Bike,August 1983,Archive collection,1,EPH-0387,,RETAIN — issue-specific occurrence pending visual comparison,HIGH,INDEX-ONLY,INCLUDED — indexed issue text; visual comparison pending.,https://article134-tech.github.io/lititzbmx-public-knowledge-register/objects/index.html#OBJ-0377,PKR-CAT-009,Editorial tests and historical documentation
OBJ-0378,Skyway factory-team Horizons advertisement,Skyway; Steve Shobert; Andy Patterson,August 1983,Team advertisement,1,EPH-0388,,RETAIN — issue-specific occurrence pending visual comparison,HIGH,INDEX-ONLY,INCLUDED — indexed issue text; visual comparison pending.,https://article134-tech.github.io/lititzbmx-public-knowledge-register/objects/index.html#OBJ-0378,PKR-CAT-006,"Teams, riders, and brand campaigns"
OBJ-0379,Allen’s BMX Centre August parts price advertisement,Allen’s BMX Centre,August 1983,Retailer advertisement / price list,1,EPH-0389,,RETAIN — issue-specific occurrence pending visual comparison,HIGH,INDEX-ONLY,INCLUDED — indexed issue text; visual comparison pending.,https://article134-tech.github.io/lititzbmx-public-knowledge-register/objects/index.html#OBJ-0379,PKR-CAT-002,Advertisements and price lists
OBJ-0380,Dave Kane Cycles Ireland BMX shop advertisement,Dave Kane Cycles; Diamond Back; Mongoose; Kuwahara,August 1983,Dealer/shop advertisement,1,EPH-0390,,RETAIN — issue-specific occurrence pending visual comparison,HIGH,INDEX-ONLY,INCLUDED — indexed issue text; visual comparison pending.,https://article134-tech.github.io/lititzbmx-public-knowledge-register/objects/index.html#OBJ-0380,PKR-CAT-007,Dealers and distributors
OBJ-0381,Bates Cycles regional stock and mail-order advertisement,Bates Cycles; Haro; Silverfox; Superfox,August 1983,Dealer/shop advertisement,1,EPH-0391,,REVIEW — recurring campaign/feature candidate; retain separately pending page-image comparison,HIGH,INDEX-ONLY,INCLUDED — indexed issue text; visual comparison pending.,https://article134-tech.github.io/lititzbmx-public-knowledge-register/objects/index.html#OBJ-0381,PKR-CAT-007,Dealers and distributors
OBJ-0382,Madigan Cycles Carrickfergus BMX and club advertisement,Madigan Cycles,August 1983,Dealer/shop advertisement,1,EPH-0392,,RETAIN — issue-specific occurrence pending visual comparison,HIGH,INDEX-ONLY,INCLUDED — indexed issue text; visual comparison pending.,https://article134-tech.github.io/lititzbmx-public-knowledge-register/objects/index.html#OBJ-0382,PKR-CAT-007,Dealers and distributors
OBJ-0383,Conway Tyneside BMX specialist advertisement,Conway; Kuwahara; Puch,August 1983,Dealer/shop advertisement,1,EPH-0393,,REVIEW — recurring campaign/feature candidate; retain separately pending page-image comparison,HIGH,INDEX-ONLY,INCLUDED — indexed issue text; visual comparison pending.,https://article134-tech.github.io/lititzbmx-public-knowledge-register/objects/index.html#OBJ-0383,PKR-CAT-007,Dealers and distributors
OBJ-0384,Bolton BMX Centre brand-stock advertisement,Bolton BMX Centre; Mongoose; Diamond Back; GT; Firebird,August 1983,Dealer/shop advertisement,1,EPH-0394,,RETAIN — issue-specific occurrence pending visual comparison,HIGH,INDEX-ONLY,INCLUDED — indexed issue text; visual comparison pending.,https://article134-tech.github.io/lititzbmx-public-knowledge-register/objects/index.html#OBJ-0384,PKR-CAT-007,Dealers and distributors
OBJ-0385,Purley Cycle Sport and Pedalers brand-stock advertisement,Purley Cycle Sport; Pedalers,August 1983,Dealer/shop advertisement,1,EPH-0395,,RETAIN — issue-specific occurrence pending visual comparison,HIGH,INDEX-ONLY,INCLUDED — indexed issue text; visual comparison pending.,https://article134-tech.github.io/lititzbmx-public-knowledge-register/objects/index.html#OBJ-0385,PKR-CAT-007,Dealers and distributors
OBJ-0386,Ukai narrow-rim and Panaracer tyre trend report,Ukai; Panaracer; Gecko,August 1983,Product literature,1,EPH-0396,,RETAIN — issue-specific occurrence pending visual comparison,HIGH,INDEX-ONLY,INCLUDED — indexed issue text; visual comparison pending.,https://article134-tech.github.io/lititzbmx-public-knowledge-register/objects/index.html#OBJ-0386,PKR-CAT-001,Catalogs and product literature
OBJ-0387,ACS Z-Rims no-quibble guarantee campaign,ACS; Gecko Leisure Products,September 1983,Product literature,1,EPH-0397,,REVIEW — recurring campaign/feature candidate; retain separately pending page-image comparison,HIGH,INDEX-ONLY,INCLUDED — indexed issue text; visual comparison pending.,https://article134-tech.github.io/lititzbmx-public-knowledge-register/objects/index.html#OBJ-0387,PKR-CAT-001,Catalogs and product literature
OBJ-0388,Strongs Bicycles free sticker-brochure mailer,Strongs Bicycles,September 1983,Information-pack mailer,1,EPH-0398,,REVIEW — recurring campaign/feature candidate; retain separately pending page-image comparison,HIGH,INDEX-ONLY,INCLUDED — indexed issue text; visual comparison pending.,https://article134-tech.github.io/lititzbmx-public-knowledge-register/objects/index.html#OBJ-0388,PKR-CAT-003,"Mailers, stickers, and information packs"
OBJ-0389,G-Wheels custom-built BMX shop advertisement,G-Wheels,September 1983,Dealer/shop advertisement,1,EPH-0399,,RETAIN — issue-specific occurrence pending visual comparison,HIGH,INDEX-ONLY,INCLUDED — indexed issue text; visual comparison pending.,https://article134-tech.github.io/lititzbmx-public-knowledge-register/objects/index.html#OBJ-0389,PKR-CAT-007,Dealers and distributors
OBJ-0390,Lewisham and Greenwich BMX Centres stock advertisement,BMX Centres Lewisham and Greenwich,September 1983,Dealer/shop advertisement,1,EPH-0400,,RETAIN — issue-specific occurrence pending visual comparison,HIGH,INDEX-ONLY,INCLUDED — indexed issue text; visual comparison pending.,https://article134-tech.github.io/lititzbmx-public-knowledge-register/objects/index.html#OBJ-0390,PKR-CAT-007,Dealers and distributors
OBJ-0391,Patterson Pro 4130 frame advertisement,Patterson; Hotshot BMX Racing,September 1983,Product literature,1,EPH-0401,,RETAIN — issue-specific occurrence pending visual comparison,HIGH,INDEX-ONLY,INCLUDED — indexed issue text; visual comparison pending.,https://article134-tech.github.io/lititzbmx-public-knowledge-register/objects/index.html#OBJ-0391,PKR-CAT-001,Catalogs and product literature
OBJ-0392,Hotshot imported-product line card,Hotshot BMX Racing,September 1983,Manufacturer/distributor catalog page,1,EPH-0402,,RETAIN — issue-specific occurrence pending visual comparison,HIGH,INDEX-ONLY,INCLUDED — indexed issue text; visual comparison pending.,https://article134-tech.github.io/lititzbmx-public-knowledge-register/objects/index.html#OBJ-0392,PKR-CAT-001,Catalogs and product literature
OBJ-0393,1983 IBMXF World Championship results report,IBMXF; Clint Miller; Louis Mears; BMX Action Bike,September 1983,Archive collection,1,EPH-0403,,RETAIN — issue-specific occurrence pending visual comparison,HIGH,INDEX-ONLY,INCLUDED — indexed issue text; visual comparison pending.,https://article134-tech.github.io/lititzbmx-public-knowledge-register/objects/index.html#OBJ-0393,PKR-CAT-009,Editorial tests and historical documentation
OBJ-0394,Waldens BMX Headquarters September specials,Waldens BMX Headquarters,September 1983,Retailer advertisement / price list,1,EPH-0404,,RETAIN — issue-specific occurrence pending visual comparison,HIGH,INDEX-ONLY,INCLUDED — indexed issue text; visual comparison pending.,https://article134-tech.github.io/lititzbmx-public-knowledge-register/objects/index.html#OBJ-0394,PKR-CAT-002,Advertisements and price lists
OBJ-0395,Dales Cycles Glasgow BMX headquarters advertisement,Dales Cycles,September 1983,Dealer/shop advertisement,1,EPH-0405,,RETAIN — issue-specific occurrence pending visual comparison,HIGH,INDEX-ONLY,INCLUDED — indexed issue text; visual comparison pending.,https://article134-tech.github.io/lititzbmx-public-knowledge-register/objects/index.html#OBJ-0395,PKR-CAT-007,Dealers and distributors
OBJ-0396,Bunney’s GT Yes helmet introduction offer,Bunney’s Bikes; Yes,September 1983,Retailer advertisement / price list,1,EPH-0406,,RETAIN — issue-specific occurrence pending visual comparison,HIGH,INDEX-ONLY,INCLUDED — indexed issue text; visual comparison pending.,https://article134-tech.github.io/lititzbmx-public-knowledge-register/objects/index.html#OBJ-0396,PKR-CAT-002,Advertisements and price lists
OBJ-0397,Halfords BMX accessories price campaign,Halfords; Suntour; Trax Pro; Cobra,September 1983,Retailer advertisement / price list,1,EPH-0407,,RETAIN — issue-specific occurrence pending visual comparison,HIGH,INDEX-ONLY,INCLUDED — indexed issue text; visual comparison pending.,https://article134-tech.github.io/lititzbmx-public-knowledge-register/objects/index.html#OBJ-0397,PKR-CAT-002,Advertisements and price lists
OBJ-0398,"Harrogate product roundup: Rivat, Minoura, MKS, and brake controls",Ron Kitching; Rivat; Minoura; MKS,September 1983,Product announcement / kit,1,EPH-0408,,RETAIN — issue-specific occurrence pending visual comparison,HIGH,INDEX-ONLY,INCLUDED — indexed issue text; visual comparison pending.,https://article134-tech.github.io/lititzbmx-public-knowledge-register/objects/index.html#OBJ-0398,PKR-CAT-008,Product announcements and technical material
OBJ-0399,Surrey BMX September comprehensive price list,Surrey BMX; Kuwahara; GT; Torker; Haro; Hutch; Skyway,September 1983,Retailer advertisement / price list,1,EPH-0409,,RETAIN — issue-specific occurrence pending visual comparison,HIGH,INDEX-ONLY,INCLUDED — indexed issue text; visual comparison pending.,https://article134-tech.github.io/lititzbmx-public-knowledge-register/objects/index.html#OBJ-0399,PKR-CAT-002,Advertisements and price lists
OBJ-0400,1983 European Championships Dijon deciding-round report,European BMX Championship; Tim March; Andy Patterson; BMX Action Bike,September 1983,Archive collection,1,EPH-0410,,RETAIN — issue-specific occurrence pending visual comparison,HIGH,INDEX-ONLY,INCLUDED — indexed issue text; visual comparison pending.,https://article134-tech.github.io/lititzbmx-public-knowledge-register/objects/index.html#OBJ-0400,PKR-CAT-009,Editorial tests and historical documentation
OBJ-0401,Raleigh Champions of Europe Burner campaign,Raleigh; Danny Stabielli; Craig Schofield,September 1983,Team advertisement,1,EPH-0411,,RETAIN — issue-specific occurrence pending visual comparison,HIGH,INDEX-ONLY,INCLUDED — indexed issue text; visual comparison pending.,https://article134-tech.github.io/lititzbmx-public-knowledge-register/objects/index.html#OBJ-0401,PKR-CAT-006,"Teams, riders, and brand campaigns"
OBJ-0402,September 1983 BMX race calendar,BMX Action Bike; UKBMX; NBMXA; regional organizers,September 1983,Event notice / contact flyer,1,EPH-0412,,RETAIN — issue-specific occurrence pending visual comparison,HIGH,INDEX-ONLY,INCLUDED — indexed issue text; visual comparison pending.,https://article134-tech.github.io/lititzbmx-public-knowledge-register/objects/index.html#OBJ-0402,PKR-CAT-005,"Events, registration, and membership"
OBJ-0403,Bob Medrano mid-air moves instructional feature,Bob Medrano; BMX Action Bike,September 1983,Product literature,1,EPH-0413,,RETAIN — issue-specific occurrence pending visual comparison,HIGH,INDEX-ONLY,INCLUDED — indexed issue text; visual comparison pending.,https://article134-tech.github.io/lititzbmx-public-knowledge-register/objects/index.html#OBJ-0403,PKR-CAT-001,Catalogs and product literature
OBJ-0404,Skyway TA frame-and-fork giveaway,BMX Action Bike; Skyway,September 1983,Contest entry form / promotion,1,EPH-0414,,RETAIN — issue-specific occurrence pending visual comparison,HIGH,INDEX-ONLY,INCLUDED — indexed issue text; visual comparison pending.,https://article134-tech.github.io/lititzbmx-public-knowledge-register/objects/index.html#OBJ-0404,PKR-CAT-004,Contests and promotions
OBJ-0405,KD Racing BMX brands and indoor-track advertisement,KD Racing; Diamond Back; Mongoose; Kuwahara,September 1983,Dealer/shop advertisement,1,EPH-0415,,RETAIN — issue-specific occurrence pending visual comparison,HIGH,INDEX-ONLY,INCLUDED — indexed issue text; visual comparison pending.,https://article134-tech.github.io/lititzbmx-public-knowledge-register/objects/index.html#OBJ-0405,PKR-CAT-007,Dealers and distributors
OBJ-0406,Bristol custom-built BMX price advertisement,Bristol BMX retailer; Diamond Back; Mongoose; PK Ripper,September 1983,Retailer advertisement / price list,1,EPH-0416,,RETAIN — issue-specific occurrence pending visual comparison,HIGH,INDEX-ONLY,INCLUDED — indexed issue text; visual comparison pending.,https://article134-tech.github.io/lititzbmx-public-knowledge-register/objects/index.html#OBJ-0406,PKR-CAT-002,Advertisements and price lists
OBJ-0407,CW racer handlebar range advertisement,CW; Hotwheels,September 1983,Product literature,1,EPH-0417,,RETAIN — issue-specific occurrence pending visual comparison,HIGH,INDEX-ONLY,INCLUDED — indexed issue text; visual comparison pending.,https://article134-tech.github.io/lititzbmx-public-knowledge-register/objects/index.html#OBJ-0407,PKR-CAT-001,Catalogs and product literature
OBJ-0408,Boss Reynolds 501 handbuilt BMX launch,Boss,September 1983,Product announcement / kit,1,EPH-0418,,RETAIN — issue-specific occurrence pending visual comparison,HIGH,INDEX-ONLY,INCLUDED — indexed issue text; visual comparison pending.,https://article134-tech.github.io/lititzbmx-public-knowledge-register/objects/index.html#OBJ-0408,PKR-CAT-008,Product announcements and technical material
OBJ-0409,Neil Stevens bar-hop instructional feature,Neil Stevens; BMX Action Bike,September 1983,Product literature,1,EPH-0419,,RETAIN — issue-specific occurrence pending visual comparison,HIGH,INDEX-ONLY,INCLUDED — indexed issue text; visual comparison pending.,https://article134-tech.github.io/lititzbmx-public-knowledge-register/objects/index.html#OBJ-0409,PKR-CAT-001,Catalogs and product literature
OBJ-0410,"GT Greg Hill poster, stickers, and price-list mailer",GT; Greg Hill; GB GT,September 1983,Information-pack mailer,1,EPH-0420,,REVIEW — recurring campaign/feature candidate; retain separately pending page-image comparison,HIGH,INDEX-ONLY,INCLUDED — indexed issue text; visual comparison pending.,https://article134-tech.github.io/lititzbmx-public-knowledge-register/objects/index.html#OBJ-0410,PKR-CAT-003,"Mailers, stickers, and information packs"
OBJ-0411,September next-generation BMX dealer network campaign,UK BMX dealer network; Diamond Back; Mongoose; Firebird; Hutch,September 1983,Manufacturer/distributor catalog page,1,EPH-0421,,RETAIN — issue-specific occurrence pending visual comparison,HIGH,INDEX-ONLY,INCLUDED — indexed issue text; visual comparison pending.,https://article134-tech.github.io/lititzbmx-public-knowledge-register/objects/index.html#OBJ-0411,PKR-CAT-001,Catalogs and product literature
OBJ-0412,MK Cycles Haro bargain and custom-wheel advertisement,MK Cycles; Haro,September 1983,Dealer/shop advertisement,1,EPH-0422,,RETAIN — issue-specific occurrence pending visual comparison,HIGH,INDEX-ONLY,INCLUDED — indexed issue text; visual comparison pending.,https://article134-tech.github.io/lititzbmx-public-knowledge-register/objects/index.html#OBJ-0412,PKR-CAT-007,Dealers and distributors
OBJ-0413,Grease Monkey freewheel service guide,BMX Action Bike; Geoff Barraclough; Ian Buckden,September 1983,Product literature,1,EPH-0423,,RETAIN — issue-specific occurrence pending visual comparison,HIGH,INDEX-ONLY,INCLUDED — indexed issue text; visual comparison pending.,https://article134-tech.github.io/lititzbmx-public-knowledge-register/objects/index.html#OBJ-0413,PKR-CAT-001,Catalogs and product literature
OBJ-0414,JMC Mini editorial test,JMC; BMX Action Bike,September 1983,Product-history object,1,EPH-0424,,RETAIN — issue-specific occurrence pending visual comparison,HIGH,INDEX-ONLY,INCLUDED — indexed issue text; visual comparison pending.,https://article134-tech.github.io/lititzbmx-public-knowledge-register/objects/index.html#OBJ-0414,PKR-CAT-009,Editorial tests and historical documentation
OBJ-0415,ABMX Scrapbook cruiser-racing feature,BMX Action Bike; Tim March; Jamie Vince,September 1983,Archive collection,1,EPH-0425,,RETAIN — issue-specific occurrence pending visual comparison,HIGH,INDEX-ONLY,INCLUDED — indexed issue text; visual comparison pending.,https://article134-tech.github.io/lititzbmx-public-knowledge-register/objects/index.html#OBJ-0415,PKR-CAT-009,Editorial tests and historical documentation
OBJ-0416,UKBMX national rankings noticeboard,UKBMX,September 1983,Archive collection,1,EPH-0426,,RETAIN — issue-specific occurrence pending visual comparison,HIGH,INDEX-ONLY,INCLUDED — indexed issue text; visual comparison pending.,https://article134-tech.github.io/lititzbmx-public-knowledge-register/objects/index.html#OBJ-0416,PKR-CAT-009,Editorial tests and historical documentation
OBJ-0417,"Faze 7 frames, wheels, apparel, and complete-bike price list",Faze 7; Haro; Hutch; GT; Skyway,September 1983,Retailer advertisement / price list,1,EPH-0427,,RETAIN — issue-specific occurrence pending visual comparison,HIGH,INDEX-ONLY,INCLUDED — indexed issue text; visual comparison pending.,https://article134-tech.github.io/lititzbmx-public-knowledge-register/objects/index.html#OBJ-0417,PKR-CAT-002,Advertisements and price lists
OBJ-0418,Suntal Cycles September complete-bike and component prices,Suntal Cycles; Diamond Back; Kuwahara; Yamaha,September 1983,Retailer advertisement / price list,1,EPH-0428,,RETAIN — issue-specific occurrence pending visual comparison,HIGH,INDEX-ONLY,INCLUDED — indexed issue text; visual comparison pending.,https://article134-tech.github.io/lititzbmx-public-knowledge-register/objects/index.html#OBJ-0418,PKR-CAT-002,Advertisements and price lists
OBJ-0419,UKBMX membership and insurance-extension application,UKBMX,September 1983,Event registration coupon,1,EPH-0429,,RETAIN — issue-specific occurrence pending visual comparison,HIGH,INDEX-ONLY,INCLUDED — indexed issue text; visual comparison pending.,https://article134-tech.github.io/lititzbmx-public-knowledge-register/objects/index.html#OBJ-0419,PKR-CAT-005,"Events, registration, and membership"
OBJ-0420,Shimano DX chromoly freewheel technical advertisement,Shimano; Middlemores,September 1983,Product literature,1,EPH-0430,,RETAIN — issue-specific occurrence pending visual comparison,HIGH,INDEX-ONLY,INCLUDED — indexed issue text; visual comparison pending.,https://article134-tech.github.io/lititzbmx-public-knowledge-register/objects/index.html#OBJ-0420,PKR-CAT-001,Catalogs and product literature
OBJ-0421,Cycling 2000 September mail-order price list,Cycling 2000; Hutch; Shimano; Skyway; ACS,September 1983,Retailer advertisement / price list,1,EPH-0431,,RETAIN — issue-specific occurrence pending visual comparison,HIGH,INDEX-ONLY,INCLUDED — indexed issue text; visual comparison pending.,https://article134-tech.github.io/lititzbmx-public-knowledge-register/objects/index.html#OBJ-0421,PKR-CAT-002,Advertisements and price lists
OBJ-0422,Edinburgh BMX shop September clearout and component prices,Edinburgh BMX retailer; Kuwahara; Diamond Back; Mongoose,September 1983,Retailer advertisement / price list,1,EPH-0432,,RETAIN — issue-specific occurrence pending visual comparison,HIGH,INDEX-ONLY,INCLUDED — indexed issue text; visual comparison pending.,https://article134-tech.github.io/lititzbmx-public-knowledge-register/objects/index.html#OBJ-0422,PKR-CAT-002,Advertisements and price lists
OBJ-0423,ABMX September Sales and Swaps marketplace,BMX Action Bike; UKBMX Publications,September 1983,Dealer advertisement / price-list lead,1,EPH-0433,,REVIEW — recurring campaign/feature candidate; retain separately pending page-image comparison,HIGH,INDEX-ONLY,INCLUDED — indexed issue text; visual comparison pending.,https://article134-tech.github.io/lititzbmx-public-knowledge-register/objects/index.html#OBJ-0423,PKR-CAT-007,Dealers and distributors
OBJ-0424,Kuwahara Nova editorial test,Kuwahara; BMX Action Bike,September 1983,Product-history object,1,EPH-0434,,RETAIN — issue-specific occurrence pending visual comparison,HIGH,INDEX-ONLY,INCLUDED — indexed issue text; visual comparison pending.,https://article134-tech.github.io/lititzbmx-public-knowledge-register/objects/index.html#OBJ-0424,PKR-CAT-009,Editorial tests and historical documentation
OBJ-0425,Tracy McKinney Me & My Bike profile,Tracy McKinney; BMX Action Bike,September 1983,Archive collection,1,EPH-0435,,RETAIN — issue-specific occurrence pending visual comparison,HIGH,INDEX-ONLY,INCLUDED — indexed issue text; visual comparison pending.,https://article134-tech.github.io/lititzbmx-public-knowledge-register/objects/index.html#OBJ-0425,PKR-CAT-009,Editorial tests and historical documentation
OBJ-0426,September Trick Stuff product roundup,BMX Action Bike; period manufacturers,September 1983,Product announcement / kit,1,EPH-0436,,RETAIN — issue-specific occurrence pending visual comparison,HIGH,INDEX-ONLY,INCLUDED — indexed issue text; visual comparison pending.,https://article134-tech.github.io/lititzbmx-public-knowledge-register/objects/index.html#OBJ-0426,PKR-CAT-008,Product announcements and technical material
OBJ-0427,BMX Action Bike September back-copy mailer,BMX Action Bike; UKBMX Publications,September 1983,Catalog mailer,1,EPH-0437,,REVIEW — recurring campaign/feature candidate; retain separately pending page-image comparison,HIGH,INDEX-ONLY,INCLUDED — indexed issue text; visual comparison pending.,https://article134-tech.github.io/lititzbmx-public-knowledge-register/objects/index.html#OBJ-0427,PKR-CAT-003,"Mailers, stickers, and information packs"
OBJ-0428,BMX Action Bike September binder offer,BMX Action Bike; UKBMX Publications,September 1983,Catalog mailer,1,EPH-0438,,REVIEW — recurring campaign/feature candidate; retain separately pending page-image comparison,HIGH,INDEX-ONLY,INCLUDED — indexed issue text; visual comparison pending.,https://article134-tech.github.io/lititzbmx-public-knowledge-register/objects/index.html#OBJ-0428,PKR-CAT-003,"Mailers, stickers, and information packs"
OBJ-0429,BMX Action Bike September subscription offer,BMX Action Bike; UKBMX Publications,September 1983,Catalog mailer,1,EPH-0439,,REVIEW — recurring campaign/feature candidate; retain separately pending page-image comparison,HIGH,INDEX-ONLY,INCLUDED — indexed issue text; visual comparison pending.,https://article134-tech.github.io/lititzbmx-public-knowledge-register/objects/index.html#OBJ-0429,PKR-CAT-003,"Mailers, stickers, and information packs"
OBJ-0430,King Sticker September packet offer,King Sticker,September 1983,Information-pack mailer,1,EPH-0440,,REVIEW — recurring campaign/feature candidate; retain separately pending page-image comparison,HIGH,INDEX-ONLY,INCLUDED — indexed issue text; visual comparison pending.,https://article134-tech.github.io/lititzbmx-public-knowledge-register/objects/index.html#OBJ-0430,PKR-CAT-003,"Mailers, stickers, and information packs"
OBJ-0431,SportsPlus BMX track-design service campaign,SportsPlus,September 1983,Product literature,1,EPH-0441,,RETAIN — issue-specific occurrence pending visual comparison,HIGH,INDEX-ONLY,INCLUDED — indexed issue text; visual comparison pending.,https://article134-tech.github.io/lititzbmx-public-knowledge-register/objects/index.html#OBJ-0431,PKR-CAT-001,Catalogs and product literature
OBJ-0432,Skyway coaster conversion-kit announcement,Skyway,September 1983,Product announcement / kit,1,EPH-0442,,RETAIN — issue-specific occurrence pending visual comparison,HIGH,INDEX-ONLY,INCLUDED — indexed issue text; visual comparison pending.,https://article134-tech.github.io/lititzbmx-public-knowledge-register/objects/index.html#OBJ-0432,PKR-CAT-008,Product announcements and technical material
OBJ-0433,Yes motorized-visor helmet announcement,Yes,September 1983,Product announcement / kit,1,EPH-0443,,RETAIN — issue-specific occurrence pending visual comparison,HIGH,INDEX-ONLY,INCLUDED — indexed issue text; visual comparison pending.,https://article134-tech.github.io/lititzbmx-public-knowledge-register/objects/index.html#OBJ-0433,PKR-CAT-008,Product announcements and technical material
OBJ-0434,Hutch United Kingdom factory-team formation notice,Hutch; Damion Myles,September 1983,Factory-team history,1,EPH-0444,,RETAIN — issue-specific occurrence pending visual comparison,HIGH,INDEX-ONLY,INCLUDED — indexed issue text; visual comparison pending.,https://article134-tech.github.io/lititzbmx-public-knowledge-register/objects/index.html#OBJ-0434,PKR-CAT-006,"Teams, riders, and brand campaigns"
OBJ-0435,TI Reynolds experimental aero-tubing notice,TI Reynolds; Raleigh,September 1983,Product announcement / kit,1,EPH-0445,,RETAIN — issue-specific occurrence pending visual comparison,HIGH,INDEX-ONLY,INCLUDED — indexed issue text; visual comparison pending.,https://article134-tech.github.io/lititzbmx-public-knowledge-register/objects/index.html#OBJ-0435,PKR-CAT-008,Product announcements and technical material
OBJ-0436,September United Kingdom BMX track-development roundup,BMX Action Bike; local authorities and clubs,September 1983,Archive collection,1,EPH-0446,,RETAIN — issue-specific occurrence pending visual comparison,HIGH,INDEX-ONLY,INCLUDED — indexed issue text; visual comparison pending.,https://article134-tech.github.io/lititzbmx-public-knowledge-register/objects/index.html#OBJ-0436,PKR-CAT-009,Editorial tests and historical documentation
OBJ-0437,Stunting over-the-bars instructional feature,BMX Action Bike,September 1983,Product literature,1,EPH-0447,,RETAIN — issue-specific occurrence pending visual comparison,HIGH,INDEX-ONLY,INCLUDED — indexed issue text; visual comparison pending.,https://article134-tech.github.io/lititzbmx-public-knowledge-register/objects/index.html#OBJ-0437,PKR-CAT-001,Catalogs and product literature
OBJ-0438,Sid’s Amazing Leap stunt documentation,Sid; BMX Action Bike,September 1983,Archive collection,1,EPH-0448,,RETAIN — issue-specific occurrence pending visual comparison,HIGH,INDEX-ONLY,INCLUDED — indexed issue text; visual comparison pending.,https://article134-tech.github.io/lititzbmx-public-knowledge-register/objects/index.html#OBJ-0438,PKR-CAT-009,Editorial tests and historical documentation
OBJ-0439,ACS Z-Wheels Mike Buff technology campaign,ACS; Mike Buff,October 1983,Product literature,1,EPH-0449,,RETAIN — issue-specific occurrence pending visual comparison,HIGH,INDEX-ONLY,INCLUDED — indexed issue text; visual comparison pending.,https://article134-tech.github.io/lititzbmx-public-knowledge-register/objects/index.html#OBJ-0439,PKR-CAT-001,Catalogs and product literature
OBJ-0440,"Torker 260, 280X, and 340 October price advertisement",Torker; UK distributor,October 1983,Retailer advertisement / price list,1,EPH-0450,,RETAIN — issue-specific occurrence pending visual comparison,HIGH,INDEX-ONLY,INCLUDED — indexed issue text; visual comparison pending.,https://article134-tech.github.io/lititzbmx-public-knowledge-register/objects/index.html#OBJ-0440,PKR-CAT-002,Advertisements and price lists
OBJ-0441,Big W October BMX specials,Big W,October 1983,Retailer advertisement / price list,1,EPH-0451,,RETAIN — issue-specific occurrence pending visual comparison,HIGH,INDEX-ONLY,INCLUDED — indexed issue text; visual comparison pending.,https://article134-tech.github.io/lititzbmx-public-knowledge-register/objects/index.html#OBJ-0441,PKR-CAT-002,Advertisements and price lists
OBJ-0442,October 1983 BMX race calendar,BMX Action Bike; UKBMX; NBMXA; regional organizers,October 1983,Event notice / contact flyer,1,EPH-0452,,RETAIN — issue-specific occurrence pending visual comparison,HIGH,INDEX-ONLY,INCLUDED — indexed issue text; visual comparison pending.,https://article134-tech.github.io/lititzbmx-public-knowledge-register/objects/index.html#OBJ-0442,PKR-CAT-005,"Events, registration, and membership"
OBJ-0443,Marlboro Zapper bicycle recognition giveaway,BMX Action Bike; Marlboro,October 1983,Contest entry form / promotion,1,EPH-0453,,RETAIN — issue-specific occurrence pending visual comparison,HIGH,INDEX-ONLY,INCLUDED — indexed issue text; visual comparison pending.,https://article134-tech.github.io/lititzbmx-public-knowledge-register/objects/index.html#OBJ-0443,PKR-CAT-004,Contests and promotions
OBJ-0444,Backyard quarter-pipe construction and riding feature,BMX Action Bike; home builders,October 1983,Product literature,1,EPH-0454,,RETAIN — issue-specific occurrence pending visual comparison,HIGH,INDEX-ONLY,INCLUDED — indexed issue text; visual comparison pending.,https://article134-tech.github.io/lititzbmx-public-knowledge-register/objects/index.html#OBJ-0444,PKR-CAT-001,Catalogs and product literature
OBJ-0445,1983 IBMXF World Championships Slagharen report,IBMXF; Clint Miller; Greg Hill; international teams,October 1983,Archive collection,1,EPH-0455,,RETAIN — issue-specific occurrence pending visual comparison,HIGH,INDEX-ONLY,INCLUDED — indexed issue text; visual comparison pending.,https://article134-tech.github.io/lititzbmx-public-knowledge-register/objects/index.html#OBJ-0445,PKR-CAT-009,Editorial tests and historical documentation
OBJ-0446,Grease Monkey chain and transmission maintenance guide,BMX Action Bike; Geoff Barraclough; Ian Buckden,October 1983,Product literature,1,EPH-0456,,RETAIN — issue-specific occurrence pending visual comparison,HIGH,INDEX-ONLY,INCLUDED — indexed issue text; visual comparison pending.,https://article134-tech.github.io/lititzbmx-public-knowledge-register/objects/index.html#OBJ-0446,PKR-CAT-001,Catalogs and product literature
OBJ-0447,Patterson Pro frame-and-fork editorial test,Patterson; BMX Action Bike,October 1983,Product-history object,1,EPH-0457,,RETAIN — issue-specific occurrence pending visual comparison,HIGH,INDEX-ONLY,INCLUDED — indexed issue text; visual comparison pending.,https://article134-tech.github.io/lititzbmx-public-knowledge-register/objects/index.html#OBJ-0447,PKR-CAT-009,Editorial tests and historical documentation
OBJ-0448,Clint Miller Making of a World Champion profile,Clint Miller; Kuwahara; Craig Kundig,October 1983,Archive collection,1,EPH-0458,,RETAIN — issue-specific occurrence pending visual comparison,HIGH,INDEX-ONLY,INCLUDED — indexed issue text; visual comparison pending.,https://article134-tech.github.io/lititzbmx-public-knowledge-register/objects/index.html#OBJ-0448,PKR-CAT-009,Editorial tests and historical documentation
OBJ-0449,NBMXA affiliated-club and rulebook noticeboard,NBMXA,October 1983,Archive collection,1,EPH-0459,,RETAIN — issue-specific occurrence pending visual comparison,HIGH,INDEX-ONLY,INCLUDED — indexed issue text; visual comparison pending.,https://article134-tech.github.io/lititzbmx-public-knowledge-register/objects/index.html#OBJ-0449,PKR-CAT-009,Editorial tests and historical documentation
OBJ-0450,UKBMX October membership and insurance application,UKBMX,October 1983,Event registration coupon,1,EPH-0460,,RETAIN — issue-specific occurrence pending visual comparison,HIGH,INDEX-ONLY,INCLUDED — indexed issue text; visual comparison pending.,https://article134-tech.github.io/lititzbmx-public-knowledge-register/objects/index.html#OBJ-0450,PKR-CAT-005,"Events, registration, and membership"
OBJ-0451,ABMX October Sales and Swaps marketplace,BMX Action Bike; UKBMX Publications,October 1983,Dealer advertisement / price-list lead,1,EPH-0461,,REVIEW — recurring campaign/feature candidate; retain separately pending page-image comparison,HIGH,INDEX-ONLY,INCLUDED — indexed issue text; visual comparison pending.,https://article134-tech.github.io/lititzbmx-public-knowledge-register/objects/index.html#OBJ-0451,PKR-CAT-007,Dealers and distributors
OBJ-0452,Diamond Back Viper thrash test,Diamond Back; BMX Action Bike,October 1983,Product-history object,1,EPH-0462,,RETAIN — issue-specific occurrence pending visual comparison,HIGH,INDEX-ONLY,INCLUDED — indexed issue text; visual comparison pending.,https://article134-tech.github.io/lititzbmx-public-knowledge-register/objects/index.html#OBJ-0452,PKR-CAT-009,Editorial tests and historical documentation
OBJ-0453,Neil Stevens freestyle hop-back guide,Neil Stevens; BMX Action Bike,October 1983,Product literature,1,EPH-0463,,RETAIN — issue-specific occurrence pending visual comparison,HIGH,INDEX-ONLY,INCLUDED — indexed issue text; visual comparison pending.,https://article134-tech.github.io/lititzbmx-public-knowledge-register/objects/index.html#OBJ-0453,PKR-CAT-001,Catalogs and product literature
OBJ-0454,Craig Strong Me & My Bike profile,Craig Strong; BMX Action Bike,October 1983,Archive collection,1,EPH-0464,,RETAIN — issue-specific occurrence pending visual comparison,HIGH,INDEX-ONLY,INCLUDED — indexed issue text; visual comparison pending.,https://article134-tech.github.io/lititzbmx-public-knowledge-register/objects/index.html#OBJ-0454,PKR-CAT-009,Editorial tests and historical documentation
OBJ-0455,Pedal Pushers October mail-order price list,Pedal Pushers; Kuwahara; GT; Diamond Back,October 1983,Retailer advertisement / price list,1,EPH-0465,,RETAIN — issue-specific occurrence pending visual comparison,HIGH,INDEX-ONLY,INCLUDED — indexed issue text; visual comparison pending.,https://article134-tech.github.io/lititzbmx-public-knowledge-register/objects/index.html#OBJ-0455,PKR-CAT-002,Advertisements and price lists
OBJ-0456,Stechford Cycles October component price list,Stechford Cycles; Tange; ACS; Yes; CW; Haro,October 1983,Retailer advertisement / price list,1,EPH-0466,,RETAIN — issue-specific occurrence pending visual comparison,HIGH,INDEX-ONLY,INCLUDED — indexed issue text; visual comparison pending.,https://article134-tech.github.io/lititzbmx-public-knowledge-register/objects/index.html#OBJ-0456,PKR-CAT-002,Advertisements and price lists
OBJ-0457,Oakley sliders and legaiters protective-apparel announcement,Oakley,October 1983,Product announcement / kit,1,EPH-0467,,RETAIN — issue-specific occurrence pending visual comparison,HIGH,INDEX-ONLY,INCLUDED — indexed issue text; visual comparison pending.,https://article134-tech.github.io/lititzbmx-public-knowledge-register/objects/index.html#OBJ-0457,PKR-CAT-008,Product announcements and technical material
OBJ-0458,"Faze 7 October wheel, component, and complete-bike price list",Faze 7; Skyway; ACS; Redline; Shimano,October 1983,Retailer advertisement / price list,1,EPH-0468,,RETAIN — issue-specific occurrence pending visual comparison,HIGH,INDEX-ONLY,INCLUDED — indexed issue text; visual comparison pending.,https://article134-tech.github.io/lititzbmx-public-knowledge-register/objects/index.html#OBJ-0458,PKR-CAT-002,Advertisements and price lists
OBJ-0459,Firebird Delta II October engineering campaign,DP Racing; Firebird; Reynolds,October 1983,Product literature,1,EPH-0469,,RETAIN — issue-specific occurrence pending visual comparison,HIGH,INDEX-ONLY,INCLUDED — indexed issue text; visual comparison pending.,https://article134-tech.github.io/lititzbmx-public-knowledge-register/objects/index.html#OBJ-0459,PKR-CAT-001,Catalogs and product literature
OBJ-0460,Supertune BMX October mail-order catalogue,Supertune BMX Racing; GT; Diamond Back; Shimano; Oakley,October 1983,Retailer advertisement / price list,1,EPH-0470,,RETAIN — issue-specific occurrence pending visual comparison,HIGH,INDEX-ONLY,INCLUDED — indexed issue text; visual comparison pending.,https://article134-tech.github.io/lititzbmx-public-knowledge-register/objects/index.html#OBJ-0460,PKR-CAT-002,Advertisements and price lists
OBJ-0461,CW winning-racer handlebar campaign,CW; Hotwheels,October 1983,Product literature,1,EPH-0471,,RETAIN — issue-specific occurrence pending visual comparison,HIGH,INDEX-ONLY,INCLUDED — indexed issue text; visual comparison pending.,https://article134-tech.github.io/lititzbmx-public-knowledge-register/objects/index.html#OBJ-0461,PKR-CAT-001,Catalogs and product literature
OBJ-0462,Haro Tech numberplate brochure offer,Haro Designs; Shiner; Gecko,October 1983,Information-pack mailer,1,EPH-0472,,RETAIN — issue-specific occurrence pending visual comparison,HIGH,INDEX-ONLY,INCLUDED — indexed issue text; visual comparison pending.,https://article134-tech.github.io/lititzbmx-public-knowledge-register/objects/index.html#OBJ-0462,PKR-CAT-003,"Mailers, stickers, and information packs"
OBJ-0463,Schofield Cycles frameset price list,Schofield Cycles; Skyway; Robinson; PK Ripper,October 1983,Retailer advertisement / price list,1,EPH-0473,,RETAIN — issue-specific occurrence pending visual comparison,HIGH,INDEX-ONLY,INCLUDED — indexed issue text; visual comparison pending.,https://article134-tech.github.io/lititzbmx-public-knowledge-register/objects/index.html#OBJ-0463,PKR-CAT-002,Advertisements and price lists
OBJ-0464,KD Racing October brand-stock and indoor-track advertisement,KD Racing; Diamond Back; Mongoose; Kuwahara,October 1983,Dealer/shop advertisement,1,EPH-0474,,RETAIN — issue-specific occurrence pending visual comparison,HIGH,INDEX-ONLY,INCLUDED — indexed issue text; visual comparison pending.,https://article134-tech.github.io/lititzbmx-public-knowledge-register/objects/index.html#OBJ-0464,PKR-CAT-007,Dealers and distributors
OBJ-0465,Just BMX October special-offer price list,Just BMX; Skyway; Diamond Back; Takagi,October 1983,Retailer advertisement / price list,1,EPH-0475,,REVIEW — recurring campaign/feature candidate; retain separately pending page-image comparison,HIGH,INDEX-ONLY,INCLUDED — indexed issue text; visual comparison pending.,https://article134-tech.github.io/lititzbmx-public-knowledge-register/objects/index.html#OBJ-0465,PKR-CAT-002,Advertisements and price lists
OBJ-0466,Retro British component line advertisement,Retro Products,October 1983,Product announcement / kit,1,EPH-0476,,RETAIN — issue-specific occurrence pending visual comparison,HIGH,INDEX-ONLY,INCLUDED — indexed issue text; visual comparison pending.,https://article134-tech.github.io/lititzbmx-public-knowledge-register/objects/index.html#OBJ-0466,PKR-CAT-008,Product announcements and technical material
OBJ-0467,Avon and national BMX dealer directory,UK BMX dealers,October 1983,Manufacturer/distributor catalog page,1,EPH-0477,,RETAIN — issue-specific occurrence pending visual comparison,HIGH,INDEX-ONLY,INCLUDED — indexed issue text; visual comparison pending.,https://article134-tech.github.io/lititzbmx-public-knowledge-register/objects/index.html#OBJ-0467,PKR-CAT-001,Catalogs and product literature
OBJ-0468,Marlboro Zapper force bicycle campaign,Marlboro; Zapper,October 1983,Magazine advertisement,1,EPH-0478,,RETAIN — issue-specific occurrence pending visual comparison,HIGH,INDEX-ONLY,INCLUDED — indexed issue text; visual comparison pending.,https://article134-tech.github.io/lititzbmx-public-knowledge-register/objects/index.html#OBJ-0468,PKR-CAT-002,Advertisements and price lists
OBJ-0469,IBMXF 1984 World Championship rule-change notice,IBMXF,October 1983,Archive collection,1,EPH-0479,,RETAIN — issue-specific occurrence pending visual comparison,HIGH,INDEX-ONLY,INCLUDED — indexed issue text; visual comparison pending.,https://article134-tech.github.io/lititzbmx-public-knowledge-register/objects/index.html#OBJ-0469,PKR-CAT-009,Editorial tests and historical documentation
OBJ-0470,1983 Worlds Best of British results,IBMXF; British riders,October 1983,Archive collection,1,EPH-0480,,RETAIN — issue-specific occurrence pending visual comparison,HIGH,INDEX-ONLY,INCLUDED — indexed issue text; visual comparison pending.,https://article134-tech.github.io/lititzbmx-public-knowledge-register/objects/index.html#OBJ-0470,PKR-CAT-009,Editorial tests and historical documentation
OBJ-0471,Leechi BMX brake-component advertisement,Leechi; Landar Components,October 1983,Product literature,1,EPH-0481,,RETAIN — issue-specific occurrence pending visual comparison,HIGH,INDEX-ONLY,INCLUDED — indexed issue text; visual comparison pending.,https://article134-tech.github.io/lititzbmx-public-knowledge-register/objects/index.html#OBJ-0471,PKR-CAT-001,Catalogs and product literature
OBJ-0472,Halfords October BMX accessories campaign,Halfords; Kashimax; Trax Pro; Dia-Compe,October 1983,Retailer advertisement / price list,1,EPH-0482,,RETAIN — issue-specific occurrence pending visual comparison,HIGH,INDEX-ONLY,INCLUDED — indexed issue text; visual comparison pending.,https://article134-tech.github.io/lititzbmx-public-knowledge-register/objects/index.html#OBJ-0472,PKR-CAT-002,Advertisements and price lists
OBJ-0473,Edwardes BMX Centre October new-product list,Edwardes BMX Centre; Mongoose; JAG; Suzue,October 1983,Retailer advertisement / price list,1,EPH-0483,,RETAIN — issue-specific occurrence pending visual comparison,HIGH,INDEX-ONLY,INCLUDED — indexed issue text; visual comparison pending.,https://article134-tech.github.io/lititzbmx-public-knowledge-register/objects/index.html#OBJ-0473,PKR-CAT-002,Advertisements and price lists
OBJ-0474,MT Racing Fox Factor bicycle campaign,MT Racing; SmartFox; SilverFox; SuperFox,October 1983,Magazine advertisement,1,EPH-0484,,RETAIN — issue-specific occurrence pending visual comparison,HIGH,INDEX-ONLY,INCLUDED — indexed issue text; visual comparison pending.,https://article134-tech.github.io/lititzbmx-public-knowledge-register/objects/index.html#OBJ-0474,PKR-CAT-002,Advertisements and price lists
OBJ-0475,Ian Johnson Bikesport Belfast BMX advertisement,Ian Johnson Bikesport; Diamond Back,October 1983,Dealer/shop advertisement,1,EPH-0485,,RETAIN — issue-specific occurrence pending visual comparison,HIGH,INDEX-ONLY,INCLUDED — indexed issue text; visual comparison pending.,https://article134-tech.github.io/lititzbmx-public-knowledge-register/objects/index.html#OBJ-0475,PKR-CAT-007,Dealers and distributors
OBJ-0476,Purley Cycle Sport brand-stock advertisement,Purley Cycle Sport,October 1983,Dealer/shop advertisement,1,EPH-0486,,RETAIN — issue-specific occurrence pending visual comparison,HIGH,INDEX-ONLY,INCLUDED — indexed issue text; visual comparison pending.,https://article134-tech.github.io/lititzbmx-public-knowledge-register/objects/index.html#OBJ-0476,PKR-CAT-007,Dealers and distributors
OBJ-0477,Pedal Power York flight-crank offer,Pedal Power York; Sugino,October 1983,Retailer advertisement / price list,1,EPH-0487,,RETAIN — issue-specific occurrence pending visual comparison,HIGH,INDEX-ONLY,INCLUDED — indexed issue text; visual comparison pending.,https://article134-tech.github.io/lititzbmx-public-knowledge-register/objects/index.html#OBJ-0477,PKR-CAT-002,Advertisements and price lists
OBJ-0478,Bishop’s Burner Club and BMX dealer promotion,S. M. Bishop,October 1983,Dealer/shop advertisement,1,EPH-0488,,RETAIN — issue-specific occurrence pending visual comparison,HIGH,INDEX-ONLY,INCLUDED — indexed issue text; visual comparison pending.,https://article134-tech.github.io/lititzbmx-public-knowledge-register/objects/index.html#OBJ-0478,PKR-CAT-007,Dealers and distributors
OBJ-0479,Fosters BMX Centre October Raleigh offer,Fosters BMX Centre; Raleigh,October 1983,Retailer advertisement / price list,1,EPH-0489,,RETAIN — issue-specific occurrence pending visual comparison,HIGH,INDEX-ONLY,INCLUDED — indexed issue text; visual comparison pending.,https://article134-tech.github.io/lititzbmx-public-knowledge-register/objects/index.html#OBJ-0479,PKR-CAT-002,Advertisements and price lists
OBJ-0480,BMX Cheltenham stock and credit advertisement,BMX Cheltenham,October 1983,Dealer/shop advertisement,1,EPH-0490,,RETAIN — issue-specific occurrence pending visual comparison,HIGH,INDEX-ONLY,INCLUDED — indexed issue text; visual comparison pending.,https://article134-tech.github.io/lititzbmx-public-knowledge-register/objects/index.html#OBJ-0480,PKR-CAT-007,Dealers and distributors
OBJ-0481,Radcity race-frame and wheel service advertisement,Radcity; Skyway; Redline,October 1983,Dealer/shop advertisement,1,EPH-0491,,RETAIN — issue-specific occurrence pending visual comparison,HIGH,INDEX-ONLY,INCLUDED — indexed issue text; visual comparison pending.,https://article134-tech.github.io/lititzbmx-public-knowledge-register/objects/index.html#OBJ-0481,PKR-CAT-007,Dealers and distributors
OBJ-0482,Yeovil BMX Shop free mail-order list,Yeovil BMX Shop,October 1983,Catalog mailer,1,EPH-0492,,RETAIN — issue-specific occurrence pending visual comparison,HIGH,INDEX-ONLY,INCLUDED — indexed issue text; visual comparison pending.,https://article134-tech.github.io/lititzbmx-public-knowledge-register/objects/index.html#OBJ-0482,PKR-CAT-003,"Mailers, stickers, and information packs"
OBJ-0483,BMX Centre Mousehole October stock advertisement,BMX Centre Mousehole,October 1983,Dealer/shop advertisement,1,EPH-0493,,RETAIN — issue-specific occurrence pending visual comparison,HIGH,INDEX-ONLY,INCLUDED — indexed issue text; visual comparison pending.,https://article134-tech.github.io/lititzbmx-public-knowledge-register/objects/index.html#OBJ-0483,PKR-CAT-007,Dealers and distributors
OBJ-0484,Pedalers custom-build and part-exchange advertisement,Pedalers,October 1983,Dealer/shop advertisement,1,EPH-0494,,RETAIN — issue-specific occurrence pending visual comparison,HIGH,INDEX-ONLY,INCLUDED — indexed issue text; visual comparison pending.,https://article134-tech.github.io/lititzbmx-public-knowledge-register/objects/index.html#OBJ-0484,PKR-CAT-007,Dealers and distributors
OBJ-0485,Doug Cycles October complete-bike advertisement,Doug Cycles; Huffy; Firebird; Redline,October 1983,Retailer advertisement / price list,1,EPH-0495,,RETAIN — issue-specific occurrence pending visual comparison,HIGH,INDEX-ONLY,INCLUDED — indexed issue text; visual comparison pending.,https://article134-tech.github.io/lititzbmx-public-knowledge-register/objects/index.html#OBJ-0485,PKR-CAT-002,Advertisements and price lists
OBJ-0486,Cranks Cycle Centre West London advertisement,Cranks Cycle Centre,October 1983,Dealer/shop advertisement,1,EPH-0496,,RETAIN — issue-specific occurrence pending visual comparison,HIGH,INDEX-ONLY,INCLUDED — indexed issue text; visual comparison pending.,https://article134-tech.github.io/lititzbmx-public-knowledge-register/objects/index.html#OBJ-0486,PKR-CAT-007,Dealers and distributors
OBJ-0487,Queensmead and Surrey Cycles Skyway promotion,Queensmead Cycles; Surrey Cycles; Skyway,October 1983,Retailer advertisement / price list,1,EPH-0497,,RETAIN — issue-specific occurrence pending visual comparison,HIGH,INDEX-ONLY,INCLUDED — indexed issue text; visual comparison pending.,https://article134-tech.github.io/lititzbmx-public-knowledge-register/objects/index.html#OBJ-0487,PKR-CAT-002,Advertisements and price lists
OBJ-0488,Allen’s Barnsley October component price list,Allen’s Barnsley,October 1983,Retailer advertisement / price list,1,EPH-0498,,RETAIN — issue-specific occurrence pending visual comparison,HIGH,INDEX-ONLY,INCLUDED — indexed issue text; visual comparison pending.,https://article134-tech.github.io/lititzbmx-public-knowledge-register/objects/index.html#OBJ-0488,PKR-CAT-002,Advertisements and price lists
OBJ-0489,Raleigh Raceline weekend event-information service,Raleigh; BMX Action Bike,October 1983,Event notice / contact flyer,1,EPH-0499,,RETAIN — issue-specific occurrence pending visual comparison,HIGH,INDEX-ONLY,INCLUDED — indexed issue text; visual comparison pending.,https://article134-tech.github.io/lititzbmx-public-knowledge-register/objects/index.html#OBJ-0489,PKR-CAT-005,"Events, registration, and membership"
OBJ-0490,BMX Action Bike October ten-issue subscription offer,BMX Action Bike; UKBMX Publications,October 1983,Catalog mailer,1,EPH-0500,,REVIEW — recurring campaign/feature candidate; retain separately pending page-image comparison,HIGH,INDEX-ONLY,INCLUDED — indexed issue text; visual comparison pending.,https://article134-tech.github.io/lititzbmx-public-knowledge-register/objects/index.html#OBJ-0490,PKR-CAT-003,"Mailers, stickers, and information packs"
