Chronology ID,Start Year,End Year,Date Text,Brand / Promoter,Title,Object Type,Source Stage,Master ID,Duplicate Group,Confidence,Source URL,Chronology Note
CHR-004,1970,1970,1970s onward,Mongoose,Vintage Mongoose catalog and dealer-price archive,Archive collection,v0.8,EPH-0039,,HIGH for archive scope,https://www.vintagemongoose.com/,Dated/period placement
CHR-002,1970,1970,1970s; exact issue open,Redline,First Red Line magazine advertisement featuring John Palfreyman,Magazine advertisement,v0.8,EPH-0037,DUP-REDLINE-FIRST-AD,HIGH for relationship; MEDIUM for object,https://www.usabmx.com/news-and-media/6/2012-05-10/National-BMX-Hall-of-Fame-2012-Inductees-Announced?id=580,Year is provisional
CHR-001,1970,1970,1970s; exact issue pending,Red Line; John Palfreyman,First Red Line magazine advertisement featuring John Palfreyman,Magazine advertisement,v0.5 inherited,EPH-0010,DUP-REDLINE-FIRST-AD,HIGH for relationship; MEDIUM for bibliographic detail,https://bmxmuseum.com/bikes/redline/,Dated/period placement
CHR-003,1970,1970,Late 1970s,SE Racing,PK Ripper late-1970s debut,Product-history object,v0.8,EPH-0043,,MEDIUM-HIGH,https://www.sebikes.com/blogs/news/elite-race-series,Dated/period placement
CHR-008,1976,1984,1976–1984,Torker,Fullerton-era Torker model archive,Model archive,v0.8,EPH-0048,,HIGH for archive role,https://torkerracing.com/pages/torker-bmx-models,Dated/period placement
CHR-005,1976,1976,1976–77,Mongoose,1976–77 Bicycle and Components Catalog,Manufacturer catalog,v0.8,EPH-0040,,HIGH,https://www.vintagemongoose.com/pdfs/mongoose_cat76-77.pdf,Dated/period placement
CHR-009,1976,1976,1976–77,Mongoose; Ashtabula/Cecor,Mongoose 1976–77 accessories — Ashtabula/Cecor pedals,Manufacturer/distributor catalog page,v0.7,EPH-0035,,MEDIUM-HIGH,https://www.vintagemongoose.com/pdfs/mongoose_cat76-77.pdf,Dated/period placement
CHR-006,1976,1976,December 1976,Torker,First Torker advertisement in BMX Weekly,Magazine advertisement,v0.5 inherited,EPH-0009,DUP-TORKER-FIRST-AD,MEDIUM-HIGH,https://torkerracing.com/pages/the-fullerton-era-torker-bmx-history,Dated/period placement
CHR-007,1976,1976,December 1976,Torker,First Torker advertisement in BMX Weekly,Magazine advertisement,v0.8,EPH-0047,DUP-TORKER-FIRST-AD,MEDIUM-HIGH,https://torkerracing.com/pages/the-fullerton-era-torker-bmx-history,Dated/period placement
CHR-010,1977,1977,circa 1977 (unverified),Ashtabula,Ashtabula component catalog,Catalog,v0.5 inherited,EPH-0006,DUP-ASHT-5027,HIGH for object; MEDIUM for date,https://bmxmuseum.com/reference/5027,Year is provisional
CHR-011,1977,1977,circa 1977; date provisional,Ashtabula,Ashtabula component catalog,Component catalog,v0.7,EPH-0031,DUP-ASHT-5027,HIGH for ID; MEDIUM for date,https://bmxmuseum.com/reference/5027,Year is provisional
CHR-012,1977,1977,circa 1977; interpretation,Ashtabula,Ashtabula crank length range,Catalog claim,v0.7,EPH-0032,,MEDIUM,https://thecabe.com/forum/threads/ashtabula-fork-identification-help.253603/,Year is provisional
CHR-013,1977,1977,circa 1977; interpretation,Ashtabula,Ashtabula fork sizing and 6-3/4-inch steerer discussion,Catalog claim,v0.7,EPH-0033,,MEDIUM,https://thecabe.com/forum/threads/ashtabula-fork-identification-help.253603/,Year is provisional
CHR-014,1978,1978,1978,Redline,1978 Redline product catalog,Product catalog,v0.8,EPH-0036,,MEDIUM-HIGH,https://www.redlinevintagebmx.com/redline-history,Dated/period placement
CHR-016,1979,1979,1979/80,Mongoose,1979/80 Bicycle and Components Catalog,Manufacturer catalog,v0.8,EPH-0041,,HIGH,https://www.vintagemongoose.com/pdfs/mongoose_cat79-80.pdf,Dated/period placement
CHR-018,1979,1979,1979/80,Mongoose; Ashtabula,Mongoose 1979/80 catalog — Ashtabula one-piece cranks,Manufacturer/distributor catalog page,v0.7,EPH-0034,,HIGH,https://www.vintagemongoose.com/pdfs/mongoose_cat79-80.pdf,Dated/period placement
CHR-015,1979,1980,1979–1980,Torker,1979 National Number One team / 1980 world-pro chronology,Factory-team history,v0.8,EPH-0049,,MEDIUM-HIGH,https://torkerracing.com/blogs/news/torker-bmx-number-one-team-in-america,Dated/period placement
CHR-017,1979,1979,July 1979 issue; ran over multiple months,JMC Racing,July 1979 JMC advertisement,Magazine advertisement,v0.5 inherited,EPH-0013,,HIGH for bibliographic identity,https://jmcbmx.wordpress.com/2010/02/03/july-1979-advertisement/,Dated/period placement
CHR-019,1979,1979,Since early 1979,SE Racing,Perry Kramer initials on PK Ripper,Rider/model naming history,v0.8,EPH-0044,,HIGH for relationship,https://www.sebikes.com/pages/perry-kramer,Dated/period placement
CHR-020,1980,1980,1980,JMC Racing; Bicycle Harbor of Arizona; Matt Raymer,JMC 3.1 XL naming-contest announcement,Promotional announcement / naming contest,v0.5 inherited,EPH-0016,,HIGH for historical claim; LOW for object recovery,https://jmcbmx.wordpress.com/about/,Dated/period placement
CHR-021,1981,1981,1981,JMC Racing; JMC Factory Team,1981 JMC Factory Team advertisement,Team advertisement,v0.5 inherited,EPH-0015,,MEDIUM-HIGH,https://jmcbmx.wordpress.com/2010/02/03/81-jmc-factory-team-advertisement/,Dated/period placement
CHR-022,1981,1981,April 1981; appeared in multiple months,JMC Racing; Black Shadow; 3.1 XL,April 1981 JMC advertisement,Magazine advertisement,v0.5 inherited,EPH-0014,,HIGH for source/date; MEDIUM-HIGH for summarized claims,https://jmcbmx.wordpress.com/2010/02/03/april-1981-advertisement/,Dated/period placement
CHR-025,1982,1982,1982,Diamond Back,Free Diamond Back and Pro Star info pack and decal,Information-pack mailer,v0.8,EPH-0046,DUP-DB-INFO-PACK,HIGH for offer,https://previouspage.co.uk/magazines/BMX%20Action%20Bike/issues/13-april%2Fmay-eighty-two,Dated/period placement
CHR-028,1982,1982,1982,Diamond Back,Silver Streak team advertisement and product naming,Team/product advertisement,v0.8,EPH-0045,,HIGH for period object,https://previouspage.co.uk/magazines/BMX%20Action%20Bike/issues/13-april%2Fmay-eighty-two,Dated/period placement
CHR-024,1982,1982,1982 campaign,Diamond Back; Pro Star,Diamond Back and Pro Star Info Pack & Decal,Information-pack mailer,v0.9,EPH-0054,DUP-DB-INFO-PACK,HIGH for offer,https://previouspage.co.uk/magazines/BMX%20Action%20Bike/issues/13-april%2Fmay-eighty-two,Dated/period placement
CHR-0062,1982,1982,April/May 1982,Midlands Cycles; Suntour; Araya; MKS,Midlands Cycles BMX mail-order special offers,Retailer advertisement / price list,v1.1 expansion,EPH-0062,,MEDIUM-HIGH,https://previouspage.co.uk/magazines/BMX%20Action%20Bike/issues/13-april%2Fmay-eighty-two,Dated/period placement
CHR-0063,1982,1982,April/May 1982,Serval Marketing; JT Racing; AME; Oakley; Johar,Serval Marketing BMX product list and recommended-prices offer,Information-pack mailer,v1.1 expansion,EPH-0063,,MEDIUM-HIGH,https://previouspage.co.uk/magazines/BMX%20Action%20Bike/issues/13-april%2Fmay-eighty-two,Dated/period placement
CHR-0064,1982,1982,April/May 1982,Strongs Cycles; Kuwahara; Red Line; Dia-Compe,Strongs Cycles Kuwahara and Red Line frame/component advertisement,Retailer advertisement / price list,v1.1 expansion,EPH-0064,,MEDIUM-HIGH,https://previouspage.co.uk/magazines/BMX%20Action%20Bike/issues/13-april%2Fmay-eighty-two,Dated/period placement
CHR-0065,1982,1982,April/May 1982,Gecko Leisure Products; Redline; Kuwahara; Race Inc.; MCS,Gecko BMX product range and free Redline/Kuwahara patch offer,Dealer/shop advertisement,v1.1 expansion,EPH-0065,,MEDIUM-HIGH,https://previouspage.co.uk/magazines/BMX%20Action%20Bike/issues/13-april%2Fmay-eighty-two,Dated/period placement
CHR-0066,1982,1982,April/May 1982,Hotshot BMX; Mongoose; Redline; Kuwahara; Diamond Back; GT,Hotshot BMX complete-bike special and free price-list/sticker offer,Dealer price-list / sticker offer,v1.1 expansion,EPH-0066,,MEDIUM-HIGH,https://previouspage.co.uk/magazines/BMX%20Action%20Bike/issues/13-april%2Fmay-eighty-two,Dated/period placement
CHR-0067,1982,1982,April/May 1982,BMX Action Bike; London Dungeon,BMX Action Bike London Dungeon caption competition,Contest entry form / promotion,v1.1 expansion,EPH-0067,,MEDIUM-HIGH,https://previouspage.co.uk/magazines/BMX%20Action%20Bike/issues/13-april%2Fmay-eighty-two,Dated/period placement
CHR-0068,1982,1982,April/May 1982,BMX Action Bike; GT,BMX Action Bike GT Pro 4 bicycle giveaway,Contest entry form,v1.1 expansion,EPH-0068,,HIGH,https://previouspage.co.uk/magazines/BMX%20Action%20Bike/issues/13-april%2Fmay-eighty-two,Dated/period placement
CHR-0069,1982,1982,April/May 1982,"Kenda; Moore, Large & Co.",Kenda Karate free sticker mailer,Information-pack mailer,v1.1 expansion,EPH-0069,,HIGH,https://previouspage.co.uk/magazines/BMX%20Action%20Bike/issues/13-april%2Fmay-eighty-two,Dated/period placement
CHR-0070,1982,1982,April/May 1982,BMX Action Bike; UKBMX Publications,BMX Action Bike track and club list mailer,Catalog mailer,v1.1 expansion,EPH-0070,,HIGH,https://previouspage.co.uk/magazines/BMX%20Action%20Bike/issues/13-april%2Fmay-eighty-two,Dated/period placement
CHR-0071,1982,1982,April/May 1982,SJK Products,SJK Hurricane complete bike and frame-kit advertisement,Product literature,v1.1 expansion,EPH-0071,,MEDIUM-HIGH,https://previouspage.co.uk/magazines/BMX%20Action%20Bike/issues/13-april%2Fmay-eighty-two,Dated/period placement
CHR-0072,1982,1982,April/May 1982,CAMM Distributing,CAMM Power Stem dealer advertisement,Retailer advertisement / price list,v1.1 expansion,EPH-0072,,MEDIUM-HIGH,https://previouspage.co.uk/magazines/BMX%20Action%20Bike/issues/13-april%2Fmay-eighty-two,Dated/period placement
CHR-0073,1982,1982,April/May 1982,Diamond Back; BMX Action Bike,Diamond Back Silver Streak test report and projected retail price,Product-history object,v1.1 expansion,EPH-0073,,HIGH,https://previouspage.co.uk/magazines/BMX%20Action%20Bike/issues/13-april%2Fmay-eighty-two,Dated/period placement
CHR-0074,1982,1982,April/May 1982,UKBMX,UKBMX membership and racing-licence application form,Event registration coupon,v1.1 expansion,EPH-0074,,HIGH,https://previouspage.co.uk/magazines/BMX%20Action%20Bike/issues/13-april%2Fmay-eighty-two,Dated/period placement
CHR-0075,1982,1982,April/May 1982,BMX Action Bike; UKBMX Publications,BMX Action Bike back-issue mailer,Catalog mailer,v1.1 expansion,EPH-0075,,HIGH,https://previouspage.co.uk/magazines/BMX%20Action%20Bike/issues/13-april%2Fmay-eighty-two,Dated/period placement
CHR-0076,1982,1982,April/May 1982,Stronglite; Paul Harvey,Stronglite prototype frame and fork announcement,Product announcement / kit,v1.1 expansion,EPH-0076,,MEDIUM,https://previouspage.co.uk/magazines/BMX%20Action%20Bike/issues/13-april%2Fmay-eighty-two,Dated/period placement
CHR-0077,1982,1982,April/May 1982,Prolite; Freewheeler,Prolite racing helmet retailer offer,Retailer advertisement / price list,v1.1 expansion,EPH-0077,,MEDIUM-HIGH,https://previouspage.co.uk/magazines/BMX%20Action%20Bike/issues/13-april%2Fmay-eighty-two,Dated/period placement
CHR-0078,1982,1982,April/May 1982,Pacer; Gecko,Pacer racing gloves retailer offer,Retailer advertisement / price list,v1.1 expansion,EPH-0078,,HIGH,https://previouspage.co.uk/magazines/BMX%20Action%20Bike/issues/13-april%2Fmay-eighty-two,Dated/period placement
CHR-0079,1982,1982,April/May 1982,BMX Action Bike; UKBMX Publications,BMX Action Bike assorted sticker packet offer,Information-pack mailer,v1.1 expansion,EPH-0079,,HIGH,https://previouspage.co.uk/magazines/BMX%20Action%20Bike/issues/13-april%2Fmay-eighty-two,Dated/period placement
CHR-0080,1982,1982,April/May 1982,MX 1000; retailer unresolved from indexed alignment,MX 1000 brake-pair and BMX catalogue offer,Dealer price-list / sticker offer,v1.1 expansion,EPH-0080,,MEDIUM-HIGH,https://previouspage.co.uk/magazines/BMX%20Action%20Bike/issues/13-april%2Fmay-eighty-two,Dated/period placement
CHR-0109,1982,1982,August/September 1982,Puch Murray,Puch Murray 20-inch and 24-inch BMX range advertisement,Magazine advertisement,v1.1 chronological census,EPH-0109,,HIGH,https://previouspage.co.uk/magazines/BMX%20Action%20Bike/issues/57-august%2Fseptember-eighty-two,Dated period-publication placement
CHR-0110,1982,1982,August/September 1982,Diamond Back; Pro-Star; Freewheeler,Diamond Back Silver Streak and Pro-Star information-pack offer,Information-pack mailer,v1.1 chronological census,EPH-0110,,HIGH,https://previouspage.co.uk/magazines/BMX%20Action%20Bike/issues/57-august%2Fseptember-eighty-two,Dated period-publication placement
CHR-0111,1982,1982,August/September 1982,Kenda; Moore Large,Kenda Karate tyre advertisement,Magazine advertisement,v1.1 chronological census,EPH-0111,,HIGH,https://previouspage.co.uk/magazines/BMX%20Action%20Bike/issues/57-august%2Fseptember-eighty-two,Dated period-publication placement
CHR-0112,1982,1982,August/September 1982,Raleigh; Halfords,Raleigh Burner five-model range launch,Product announcement / kit,v1.1 chronological census,EPH-0112,,HIGH,https://previouspage.co.uk/magazines/BMX%20Action%20Bike/issues/57-august%2Fseptember-eighty-two,Dated period-publication placement
CHR-0113,1982,1982,August/September 1982,Paul Connors; Diamond Back,Home-built Diamond Back II project letter,Product-history object,v1.1 chronological census,EPH-0113,,MEDIUM-HIGH,https://previouspage.co.uk/magazines/BMX%20Action%20Bike/issues/57-august%2Fseptember-eighty-two,Dated period-publication placement
CHR-0114,1982,1982,August/September 1982,Ramsey BMX Club; Steve's Team Mongoose,Ramsey BMX Club free-entry visitor notice,Event notice / contact flyer,v1.1 chronological census,EPH-0114,,HIGH,https://previouspage.co.uk/magazines/BMX%20Action%20Bike/issues/57-august%2Fseptember-eighty-two,Dated period-publication placement
CHR-0115,1982,1982,August/September 1982,ACS,ACS experimental 26-inch Z-rim production note,Product-history object,v1.1 chronological census,EPH-0115,,MEDIUM-HIGH,https://previouspage.co.uk/magazines/BMX%20Action%20Bike/issues/57-august%2Fseptember-eighty-two,Dated period-publication placement
CHR-0116,1982,1982,August/September 1982,Gecko Leisure Products,Gecko BMX product-range advertisement,Dealer/shop advertisement,v1.1 chronological census,EPH-0116,,MEDIUM-HIGH,https://previouspage.co.uk/magazines/BMX%20Action%20Bike/issues/57-august%2Fseptember-eighty-two,Dated period-publication placement
CHR-0117,1982,1982,August/September 1982,Redline,Redline PL-20 Carrera complete-package advertisement,Product literature,v1.1 chronological census,EPH-0117,,HIGH,https://previouspage.co.uk/magazines/BMX%20Action%20Bike/issues/57-august%2Fseptember-eighty-two,Dated period-publication placement
CHR-0118,1982,1982,August/September 1982,Kuwahara,Kuwahara frame-and-fork range advertisement,Product literature,v1.1 chronological census,EPH-0118,,HIGH,https://previouspage.co.uk/magazines/BMX%20Action%20Bike/issues/57-august%2Fseptember-eighty-two,Dated period-publication placement
CHR-0119,1982,1982,August/September 1982,MCS; Race Inc; Powerlite; Gecko,"MCS, Race Inc, and Powerlite range advertisement",Dealer advertisement / price-list lead,v1.1 chronological census,EPH-0119,,MEDIUM-HIGH,https://previouspage.co.uk/magazines/BMX%20Action%20Bike/issues/57-august%2Fseptember-eighty-two,Dated period-publication placement
CHR-0120,1982,1982,August/September 1982,SE Racing; PK Ripper,PK Ripper editorial test,Product-history object,v1.1 chronological census,EPH-0120,,HIGH,https://previouspage.co.uk/magazines/BMX%20Action%20Bike/issues/57-august%2Fseptember-eighty-two,Dated period-publication placement
CHR-0121,1982,1982,August/September 1982,Ammaco; Andy Ruffell,Ammaco BMX thrash test,Product-history object,v1.1 chronological census,EPH-0121,,MEDIUM-HIGH,https://previouspage.co.uk/magazines/BMX%20Action%20Bike/issues/57-august%2Fseptember-eighty-two,Dated period-publication placement
CHR-0122,1982,1982,August/September 1982,Tim March; March Racing Developments,Tim March profile and March Racing Developments launch,Factory-team history,v1.1 chronological census,EPH-0122,,HIGH,https://previouspage.co.uk/magazines/BMX%20Action%20Bike/issues/57-august%2Fseptember-eighty-two,Dated period-publication placement
CHR-0123,1982,1982,August/September 1982,March Racing Developments,March Racing Developments number-plate offer,Product literature,v1.1 chronological census,EPH-0123,,HIGH,https://previouspage.co.uk/magazines/BMX%20Action%20Bike/issues/57-august%2Fseptember-eighty-two,Dated period-publication placement
CHR-0124,1982,1982,August/September 1982,Hotshot BMX Racing,Hotshot retail and trade price-list/sticker service,Dealer price-list / sticker offer,v1.1 chronological census,EPH-0124,,HIGH,https://previouspage.co.uk/magazines/BMX%20Action%20Bike/issues/57-august%2Fseptember-eighty-two,Dated period-publication placement
CHR-0125,1982,1982,August/September 1982,DC Racing,DC Racing price-list and sticker mailer,Dealer price-list / sticker offer,v1.1 chronological census,EPH-0125,,HIGH,https://previouspage.co.uk/magazines/BMX%20Action%20Bike/issues/57-august%2Fseptember-eighty-two,Dated period-publication placement
CHR-0126,1982,1982,August/September 1982,Piranha,Piranha cast-wheel model announcement,Product announcement / kit,v1.1 chronological census,EPH-0126,,MEDIUM-HIGH,https://previouspage.co.uk/magazines/BMX%20Action%20Bike/issues/57-august%2Fseptember-eighty-two,Dated period-publication placement
CHR-0127,1982,1982,August/September 1982,Surrey BMX,Surrey BMX six-page bargain-list advertisement,Retailer advertisement / price list,v1.1 chronological census,EPH-0127,,HIGH,https://previouspage.co.uk/magazines/BMX%20Action%20Bike/issues/57-august%2Fseptember-eighty-two,Dated period-publication placement
CHR-0128,1982,1982,August/September 1982,Cooper,Cooper convertible BMX helmet mailer,Product literature,v1.1 chronological census,EPH-0128,,HIGH,https://previouspage.co.uk/magazines/BMX%20Action%20Bike/issues/57-august%2Fseptember-eighty-two,Dated period-publication placement
CHR-0129,1982,1982,August/September 1982,Lee; SunTour,Lee and SunTour sealed bottom-bracket product note,Product announcement / kit,v1.1 chronological census,EPH-0129,,MEDIUM-HIGH,https://previouspage.co.uk/magazines/BMX%20Action%20Bike/issues/57-august%2Fseptember-eighty-two,Dated period-publication placement
CHR-0130,1982,1982,August/September 1982,Araya,Araya aerodynamic sew-up race-wheel note,Product literature,v1.1 chronological census,EPH-0130,,MEDIUM,https://previouspage.co.uk/magazines/BMX%20Action%20Bike/issues/57-august%2Fseptember-eighty-two,Dated period-publication placement
CHR-0131,1982,1982,August/September 1982,Profile; Hotshot BMX,Profile mini BMX build feature,Product-history object,v1.1 chronological census,EPH-0131,,MEDIUM-HIGH,https://previouspage.co.uk/magazines/BMX%20Action%20Bike/issues/57-august%2Fseptember-eighty-two,Dated period-publication placement
CHR-0132,1982,1982,August/September 1982,Patterson Racing Products,Patterson chromoly frame-and-fork advertisement,Product literature,v1.1 chronological census,EPH-0132,,HIGH,https://previouspage.co.uk/magazines/BMX%20Action%20Bike/issues/57-august%2Fseptember-eighty-two,Dated period-publication placement
CHR-0133,1982,1982,August/September 1982,KHS; Action Bike Distributing,KHS Duster four-model range and RRPs,Retailer advertisement / price list,v1.1 chronological census,EPH-0133,,HIGH,https://previouspage.co.uk/magazines/BMX%20Action%20Bike/issues/57-august%2Fseptember-eighty-two,Dated period-publication placement
CHR-0134,1982,1982,August/September 1982,SJK Products; Action Bike Distributing,SJK Hurricane distributor announcement,Product literature,v1.1 chronological census,EPH-0134,,MEDIUM-HIGH,https://previouspage.co.uk/magazines/BMX%20Action%20Bike/issues/57-august%2Fseptember-eighty-two,Dated period-publication placement
CHR-0135,1982,1982,August/September 1982,Dartford cycle retailer,Summer chrome-plating service advertisement,Dealer/shop advertisement,v1.1 chronological census,EPH-0135,,MEDIUM,https://previouspage.co.uk/magazines/BMX%20Action%20Bike/issues/57-august%2Fseptember-eighty-two,Dated period-publication placement
CHR-0136,1982,1982,August/September 1982,Dartford cycle retailer,Twenty-pence BMX catalogue mailer,Catalog mailer,v1.1 chronological census,EPH-0136,,HIGH,https://previouspage.co.uk/magazines/BMX%20Action%20Bike/issues/57-august%2Fseptember-eighty-two,Dated period-publication placement
CHR-0166,1982,1983,December 1982/January 1983,Shimano,Shimano DX platform-pedal advertisement,Product literature,v1.1 chronological census,EPH-0166,,HIGH,https://previouspage.co.uk/magazines/BMX%20Action%20Bike/issues/58-december%2Fjanuary-eighty-two,Dated period-publication placement
CHR-0167,1982,1983,December 1982/January 1983,Shimano,Shimano DX micro-adjust seatpost announcement,Product announcement / kit,v1.1 chronological census,EPH-0167,,MEDIUM-HIGH,https://previouspage.co.uk/magazines/BMX%20Action%20Bike/issues/58-december%2Fjanuary-eighty-two,Dated period-publication placement
CHR-0168,1982,1983,December 1982/January 1983,Pro-Lite; Freewheeler,Pro-Lite protective-equipment information-pack placement,Information-pack mailer,v1.1 chronological census,EPH-0168,,HIGH,https://previouspage.co.uk/magazines/BMX%20Action%20Bike/issues/58-december%2Fjanuary-eighty-two,Dated period-publication placement
CHR-0169,1982,1983,December 1982/January 1983,Halfords; California,Halfords California BMX model-range price advertisement,Retailer advertisement / price list,v1.1 chronological census,EPH-0169,,HIGH,https://previouspage.co.uk/magazines/BMX%20Action%20Bike/issues/58-december%2Fjanuary-eighty-two,Dated period-publication placement
CHR-0170,1982,1983,December 1982/January 1983,Halfords; Raleigh; Haro,Halfords Raleigh Burner and free Haro plate promotion,Event prize promotion,v1.1 chronological census,EPH-0170,,HIGH,https://previouspage.co.uk/magazines/BMX%20Action%20Bike/issues/58-december%2Fjanuary-eighty-two,Dated period-publication placement
CHR-0171,1982,1983,December 1982/January 1983,Lee Cooper; BMX Action Bike,British and world BMX wheelie-record attempt notice,Event notice / contact flyer,v1.1 chronological census,EPH-0171,,HIGH,https://previouspage.co.uk/magazines/BMX%20Action%20Bike/issues/58-december%2Fjanuary-eighty-two,Dated period-publication placement
CHR-0172,1982,1983,December 1982/January 1983,Lee Cooper; BMX Action Bike,British and world bunnyhop-record attempt notice,Event notice / contact flyer,v1.1 chronological census,EPH-0172,,HIGH,https://previouspage.co.uk/magazines/BMX%20Action%20Bike/issues/58-december%2Fjanuary-eighty-two,Dated period-publication placement
CHR-0173,1982,1983,December 1982/January 1983,Lee Cooper; BMX Action Bike,Lee Cooper BMX coaching clinic,Event flyer / trade-exhibition notice,v1.1 chronological census,EPH-0173,,HIGH,https://previouspage.co.uk/magazines/BMX%20Action%20Bike/issues/58-december%2Fjanuary-eighty-two,Dated period-publication placement
CHR-0174,1982,1983,December 1982/January 1983,Lee Cooper; BMX Action Bike,Lee Cooper freestyle stunt competition,Event entry / pre-registration advertisement,v1.1 chronological census,EPH-0174,,HIGH,https://previouspage.co.uk/magazines/BMX%20Action%20Bike/issues/58-december%2Fjanuary-eighty-two,Dated period-publication placement
CHR-0175,1982,1983,December 1982/January 1983,Diamond Back; Lee Cooper,Diamond Back Teamfinder race series launch,Factory-team history,v1.1 chronological census,EPH-0175,,HIGH,https://previouspage.co.uk/magazines/BMX%20Action%20Bike/issues/58-december%2Fjanuary-eighty-two,Dated period-publication placement
CHR-0176,1982,1983,December 1982/January 1983,BMX Action Bike,First National BMX Poll ballot,Contest entry form,v1.1 chronological census,EPH-0176,,HIGH,https://previouspage.co.uk/magazines/BMX%20Action%20Bike/issues/58-december%2Fjanuary-eighty-two,Dated period-publication placement
CHR-0177,1982,1983,December 1982/January 1983,Diamond Back; Harry Leary,Diamond Back Turbo national-poll prize,Event prize promotion,v1.1 chronological census,EPH-0177,,HIGH,https://previouspage.co.uk/magazines/BMX%20Action%20Bike/issues/58-december%2Fjanuary-eighty-two,Dated period-publication placement
CHR-0178,1982,1983,December 1982/January 1983,Skyway,Skyway Tuff II national-poll prize,Event prize promotion,v1.1 chronological census,EPH-0178,,HIGH,https://previouspage.co.uk/magazines/BMX%20Action%20Bike/issues/58-december%2Fjanuary-eighty-two,Dated period-publication placement
CHR-0179,1982,1983,December 1982/January 1983,Bell,Bell lightweight helmet national-poll prize,Event prize promotion,v1.1 chronological census,EPH-0179,,HIGH,https://previouspage.co.uk/magazines/BMX%20Action%20Bike/issues/58-december%2Fjanuary-eighty-two,Dated period-publication placement
CHR-0180,1982,1983,December 1982/January 1983,Asahi; Ron Kitching,Asahi Action Spokes product advertisement,Product literature,v1.1 chronological census,EPH-0180,,HIGH,https://previouspage.co.uk/magazines/BMX%20Action%20Bike/issues/58-december%2Fjanuary-eighty-two,Dated period-publication placement
CHR-0181,1982,1983,December 1982/January 1983,King Sticker,King Sticker five-sticker and jumbo-pack offer,Information-pack mailer,v1.1 chronological census,EPH-0181,,HIGH,https://previouspage.co.uk/magazines/BMX%20Action%20Bike/issues/58-december%2Fjanuary-eighty-two,Dated period-publication placement
CHR-0182,1982,1983,December 1982/January 1983,Raleigh; Cycle Warehouse,Raleigh Pro Burner Christmas price promotion,Retailer advertisement / price list,v1.1 chronological census,EPH-0182,,HIGH,https://previouspage.co.uk/magazines/BMX%20Action%20Bike/issues/58-december%2Fjanuary-eighty-two,Dated period-publication placement
CHR-0183,1982,1983,December 1982/January 1983,Diatron,Diatron Wildcat convertible helmet launch,Product announcement / kit,v1.1 chronological census,EPH-0183,,HIGH,https://previouspage.co.uk/magazines/BMX%20Action%20Bike/issues/58-december%2Fjanuary-eighty-two,Dated period-publication placement
CHR-0184,1982,1983,December 1982/January 1983,Piranha,Piranha cast-wheel bicycle launch advertisement,Product announcement / kit,v1.1 chronological census,EPH-0184,,HIGH,https://previouspage.co.uk/magazines/BMX%20Action%20Bike/issues/58-december%2Fjanuary-eighty-two,Dated period-publication placement
CHR-0185,1982,1983,December 1982/January 1983,Hot Wheels BMX Centre,Hot Wheels BMX Centre imported-product advertisement,Dealer/shop advertisement,v1.1 chronological census,EPH-0185,,MEDIUM-HIGH,https://previouspage.co.uk/magazines/BMX%20Action%20Bike/issues/58-december%2Fjanuary-eighty-two,Dated period-publication placement
CHR-0186,1982,1983,December 1982/January 1983,Kuwahara; Isaac Henderson BMX,Original and replica Kuwahara E.T. price advertisement,Retailer advertisement / price list,v1.1 chronological census,EPH-0186,,HIGH,https://previouspage.co.uk/magazines/BMX%20Action%20Bike/issues/58-december%2Fjanuary-eighty-two,Dated period-publication placement
CHR-0187,1982,1983,December 1982/January 1983,BMX Action Bike,Nine-bike shootout overview,Product-history object,v1.1 chronological census,EPH-0187,,HIGH,https://previouspage.co.uk/magazines/BMX%20Action%20Bike/issues/58-december%2Fjanuary-eighty-two,Dated period-publication placement
CHR-0188,1982,1983,December 1982/January 1983,Huffy,Huffy Pro 2 shootout test,Product-history object,v1.1 chronological census,EPH-0188,,HIGH,https://previouspage.co.uk/magazines/BMX%20Action%20Bike/issues/58-december%2Fjanuary-eighty-two,Dated period-publication placement
CHR-0189,1982,1983,December 1982/January 1983,Cycle Pro,Cycle Pro Macho shootout test,Product-history object,v1.1 chronological census,EPH-0189,,MEDIUM-HIGH,https://previouspage.co.uk/magazines/BMX%20Action%20Bike/issues/58-december%2Fjanuary-eighty-two,Dated period-publication placement
CHR-0190,1982,1983,December 1982/January 1983,Falcon,Falcon BMX shootout test,Product-history object,v1.1 chronological census,EPH-0190,,MEDIUM-HIGH,https://previouspage.co.uk/magazines/BMX%20Action%20Bike/issues/58-december%2Fjanuary-eighty-two,Dated period-publication placement
CHR-0191,1982,1983,December 1982/January 1983,California; Halfords,California Star and Trax Pro comparison,Product-history object,v1.1 chronological census,EPH-0191,,MEDIUM-HIGH,https://previouspage.co.uk/magazines/BMX%20Action%20Bike/issues/58-december%2Fjanuary-eighty-two,Dated period-publication placement
CHR-0192,1982,1983,December 1982/January 1983,BMX Action Bike,ABMX repeat light-and-reflector offer,Information-pack mailer,v1.1 chronological census,EPH-0192,,HIGH,https://previouspage.co.uk/magazines/BMX%20Action%20Bike/issues/58-december%2Fjanuary-eighty-two,Dated period-publication placement
CHR-0193,1982,1983,December 1982/January 1983,Robinson Racing Products,Robinson Racing sticker-and-catalogue mailer,Catalog mailer,v1.1 chronological census,EPH-0193,,HIGH,https://previouspage.co.uk/magazines/BMX%20Action%20Bike/issues/58-december%2Fjanuary-eighty-two,Dated period-publication placement
CHR-0081,1982,1982,June/July 1982,Stadium Cycles; Atomic Star,Stadium Cycles Atomic Star range advertisement,Magazine advertisement,v1.1 chronological census,EPH-0081,,MEDIUM-HIGH,https://previouspage.co.uk/magazines/BMX%20Action%20Bike/issues/14-june%2Fjuly-eighty-two,Dated period-publication placement
CHR-0082,1982,1982,June/July 1982,Ron Kitching; SunTour; Dia-Compe; MKS; Tange,Ron Kitching BMX component-distributor brand list,Distributor price list,v1.1 chronological census,EPH-0082,,HIGH,https://previouspage.co.uk/magazines/BMX%20Action%20Bike/issues/14-june%2Fjuly-eighty-two,Dated period-publication placement
CHR-0083,1982,1982,June/July 1982,Raleigh; BMX Action Bike,Raleigh Raceline event-listing service,Event notice / contact flyer,v1.1 chronological census,EPH-0083,,HIGH,https://previouspage.co.uk/magazines/BMX%20Action%20Bike/issues/14-june%2Fjuly-eighty-two,Dated period-publication placement
CHR-0084,1982,1982,June/July 1982,Halfords,Halfords free BMX jersey promotion,Event prize promotion,v1.1 chronological census,EPH-0084,,HIGH,https://previouspage.co.uk/magazines/BMX%20Action%20Bike/issues/14-june%2Fjuly-eighty-two,Dated period-publication placement
CHR-0085,1982,1982,June/July 1982,Hotshot BMX Racing,Hotshot BMX complete-bike special and petrol bonus,Retailer advertisement / price list,v1.1 chronological census,EPH-0085,,HIGH,https://previouspage.co.uk/magazines/BMX%20Action%20Bike/issues/14-june%2Fjuly-eighty-two,Dated period-publication placement
CHR-0086,1982,1982,June/July 1982,Hotshot BMX Racing,Hotshot free price-list and sticker mailer,Dealer price-list / sticker offer,v1.1 chronological census,EPH-0086,,HIGH,https://previouspage.co.uk/magazines/BMX%20Action%20Bike/issues/14-june%2Fjuly-eighty-two,Dated period-publication placement
CHR-0087,1982,1982,June/July 1982,UKBMX; Tucker's Tornadoes,Guisborough national race report,Product-history object,v1.1 chronological census,EPH-0087,,MEDIUM-HIGH,https://previouspage.co.uk/magazines/BMX%20Action%20Bike/issues/14-june%2Fjuly-eighty-two,Dated period-publication placement
CHR-0088,1982,1982,June/July 1982,Diamond Back; Tucker's Tornadoes,Diamond Back northern-team sponsorship notice,Factory-team history,v1.1 chronological census,EPH-0088,,HIGH,https://previouspage.co.uk/magazines/BMX%20Action%20Bike/issues/14-june%2Fjuly-eighty-two,Dated period-publication placement
CHR-0089,1982,1982,June/July 1982,GT; Greg Hill,GT Pro 4 road and race test,Product-history object,v1.1 chronological census,EPH-0089,,HIGH,https://previouspage.co.uk/magazines/BMX%20Action%20Bike/issues/14-june%2Fjuly-eighty-two,Dated period-publication placement
CHR-0090,1982,1982,June/July 1982,GT,GT Pro 4 specification sheet,Product literature,v1.1 chronological census,EPH-0090,,HIGH,https://previouspage.co.uk/magazines/BMX%20Action%20Bike/issues/14-june%2Fjuly-eighty-two,Dated period-publication placement
CHR-0091,1982,1982,June/July 1982,BMX Action Bike; James Black,Bermology track-building guide,Product literature,v1.1 chronological census,EPH-0091,,HIGH,https://previouspage.co.uk/magazines/BMX%20Action%20Bike/issues/14-june%2Fjuly-eighty-two,Dated period-publication placement
CHR-0092,1982,1982,June/July 1982,Redline; Keith Wilson,Keith Wilson Redline rider profile,Rider/model naming history,v1.1 chronological census,EPH-0092,,MEDIUM-HIGH,https://previouspage.co.uk/magazines/BMX%20Action%20Bike/issues/14-june%2Fjuly-eighty-two,Dated period-publication placement
CHR-0093,1982,1982,June/July 1982,BMX Action Bike; SE Racing; PK Ripper,PK Ripper Radical Art competition,Contest entry form / promotion,v1.1 chronological census,EPH-0093,,HIGH,https://previouspage.co.uk/magazines/BMX%20Action%20Bike/issues/14-june%2Fjuly-eighty-two,Dated period-publication placement
CHR-0094,1982,1982,June/July 1982,Neal Stevens; BMX Action Bike,Neal Stevens State of the Art feature,Product-history object,v1.1 chronological census,EPH-0094,,HIGH,https://previouspage.co.uk/magazines/BMX%20Action%20Bike/issues/14-june%2Fjuly-eighty-two,Dated period-publication placement
CHR-0095,1982,1982,June/July 1982,Shiner; SE Racing,Shiner SE Racing news and free-decal mailer,Information-pack mailer,v1.1 chronological census,EPH-0095,,HIGH,https://previouspage.co.uk/magazines/BMX%20Action%20Bike/issues/14-june%2Fjuly-eighty-two,Dated period-publication placement
CHR-0096,1982,1982,June/July 1982,GT; Greg Hill,GT racing and dealer advertisement,Team/product advertisement,v1.1 chronological census,EPH-0096,,MEDIUM-HIGH,https://previouspage.co.uk/magazines/BMX%20Action%20Bike/issues/14-june%2Fjuly-eighty-two,Dated period-publication placement
CHR-0097,1982,1982,June/July 1982,De Ver Cycles,De Ver Cycles BMX bargains listing,Dealer advertisement / price-list lead,v1.1 chronological census,EPH-0097,,MEDIUM-HIGH,https://previouspage.co.uk/magazines/BMX%20Action%20Bike/issues/14-june%2Fjuly-eighty-two,Dated period-publication placement
CHR-0098,1982,1982,June/July 1982,Max,Max chainring carrying bags,Product announcement / kit,v1.1 chronological census,EPH-0098,,MEDIUM-HIGH,https://previouspage.co.uk/magazines/BMX%20Action%20Bike/issues/14-june%2Fjuly-eighty-two,Dated period-publication placement
CHR-0099,1982,1982,June/July 1982,SunTour,SunTour HL-100 headset locking nut,Product announcement / kit,v1.1 chronological census,EPH-0099,,HIGH,https://previouspage.co.uk/magazines/BMX%20Action%20Bike/issues/14-june%2Fjuly-eighty-two,Dated period-publication placement
CHR-0100,1982,1982,June/July 1982,Oakley; Gecko,Oakley O/20 goggle product notice,Product literature,v1.1 chronological census,EPH-0100,,HIGH,https://previouspage.co.uk/magazines/BMX%20Action%20Bike/issues/14-june%2Fjuly-eighty-two,Dated period-publication placement
CHR-0101,1982,1982,June/July 1982,Torker; Alans,Torker Ultra 4 lightweight stem,Product announcement / kit,v1.1 chronological census,EPH-0101,,MEDIUM-HIGH,https://previouspage.co.uk/magazines/BMX%20Action%20Bike/issues/14-june%2Fjuly-eighty-two,Dated period-publication placement
CHR-0102,1982,1982,June/July 1982,Renthal; Mongoose,Renthal wide-rise handlebar range,Product literature,v1.1 chronological census,EPH-0102,,HIGH,https://previouspage.co.uk/magazines/BMX%20Action%20Bike/issues/14-june%2Fjuly-eighty-two,Dated period-publication placement
CHR-0103,1982,1982,June/July 1982,BMX Action Bike; Wonder Light,ABMX Wonder Light street-safety offer,Information-pack mailer,v1.1 chronological census,EPH-0103,,HIGH,https://previouspage.co.uk/magazines/BMX%20Action%20Bike/issues/14-june%2Fjuly-eighty-two,Dated period-publication placement
CHR-0104,1982,1982,June/July 1982,Huffy,Huffy Pro Thunder Competition Certified range,Magazine advertisement,v1.1 chronological census,EPH-0104,,HIGH,https://previouspage.co.uk/magazines/BMX%20Action%20Bike/issues/14-june%2Fjuly-eighty-two,Dated period-publication placement
CHR-0105,1982,1982,June/July 1982,Race Inc; Cav Strutt,Race Inc Aero special feature,Product-history object,v1.1 chronological census,EPH-0105,,MEDIUM-HIGH,https://previouspage.co.uk/magazines/BMX%20Action%20Bike/issues/14-june%2Fjuly-eighty-two,Dated period-publication placement
CHR-0106,1982,1982,June/July 1982,SJK Products; Steve Woolley,SJK British chromoly race-bike test,Product-history object,v1.1 chronological census,EPH-0106,,MEDIUM-HIGH,https://previouspage.co.uk/magazines/BMX%20Action%20Bike/issues/14-june%2Fjuly-eighty-two,Dated period-publication placement
CHR-0107,1982,1982,June/July 1982,Cyclone Bikes; BMX Action Bike,Cyclone Bikes seven-sticker packet offer,Information-pack mailer,v1.1 chronological census,EPH-0107,,HIGH,https://previouspage.co.uk/magazines/BMX%20Action%20Bike/issues/14-june%2Fjuly-eighty-two,Dated period-publication placement
CHR-0108,1982,1982,June/July 1982,UKBMX; IBMXF,UKBMX national rule-book notice,Product literature,v1.1 chronological census,EPH-0108,,HIGH,https://previouspage.co.uk/magazines/BMX%20Action%20Bike/issues/14-june%2Fjuly-eighty-two,Dated period-publication placement
CHR-0137,1982,1982,October/November 1982,Puch Murray,Puch Murray competition BMX range advertisement,Magazine advertisement,v1.1 chronological census,EPH-0137,,HIGH,https://previouspage.co.uk/magazines/BMX%20Action%20Bike/issues/25-october%2Fnovember-eighty-two,Dated period-publication placement
CHR-0138,1982,1982,October/November 1982,Redline; Gecko,Redline 400 Series durability advertisement,Magazine advertisement,v1.1 chronological census,EPH-0138,,MEDIUM-HIGH,https://previouspage.co.uk/magazines/BMX%20Action%20Bike/issues/25-october%2Fnovember-eighty-two,Dated period-publication placement
CHR-0139,1982,1982,October/November 1982,Hot Wheels BMX Centre; Shimano,Hot Wheels BMX Centre Shimano price list,Retailer advertisement / price list,v1.1 chronological census,EPH-0139,,HIGH,https://previouspage.co.uk/magazines/BMX%20Action%20Bike/issues/25-october%2Fnovember-eighty-two,Dated period-publication placement
CHR-0140,1982,1982,October/November 1982,Kuwahara; E.T.,Kuwahara E.T. Special product announcement,Product announcement / kit,v1.1 chronological census,EPH-0140,,HIGH,https://previouspage.co.uk/magazines/BMX%20Action%20Bike/issues/25-october%2Fnovember-eighty-two,Dated period-publication placement
CHR-0141,1982,1982,October/November 1982,BMX Action Bike,BMX track-openings and construction logbook,Archive collection,v1.1 chronological census,EPH-0141,,HIGH,https://previouspage.co.uk/magazines/BMX%20Action%20Bike/issues/25-october%2Fnovember-eighty-two,Dated period-publication placement
CHR-0142,1982,1982,October/November 1982,Shiner; SE Racing; Panda; KHS,"Shiner Panda, SE Racing, and KHS range advertisement",Dealer/shop advertisement,v1.1 chronological census,EPH-0142,,MEDIUM-HIGH,https://previouspage.co.uk/magazines/BMX%20Action%20Bike/issues/25-october%2Fnovember-eighty-two,Dated period-publication placement
CHR-0143,1982,1982,October/November 1982,Retailer unresolved,Adjustable car cycle-rack advertisement,Product literature,v1.1 chronological census,EPH-0143,,MEDIUM,https://previouspage.co.uk/magazines/BMX%20Action%20Bike/issues/25-october%2Fnovember-eighty-two,Dated period-publication placement
CHR-0144,1982,1982,October/November 1982,Skyway; Hotshot BMX,Skyway Tuff wheels with alloy hubs launch,Product announcement / kit,v1.1 chronological census,EPH-0144,,HIGH,https://previouspage.co.uk/magazines/BMX%20Action%20Bike/issues/25-october%2Fnovember-eighty-two,Dated period-publication placement
CHR-0145,1982,1982,October/November 1982,Skyway; Hotshot BMX; Andy Patterson,Skyway information and Andy Patterson poster mailer,Information-pack mailer,v1.1 chronological census,EPH-0145,,HIGH,https://previouspage.co.uk/magazines/BMX%20Action%20Bike/issues/25-october%2Fnovember-eighty-two,Dated period-publication placement
CHR-0146,1982,1982,October/November 1982,Alpine Action; BMX Action Bike,Alpine Action one-hundred-pound advertisement-design contest,Contest entry form / promotion,v1.1 chronological census,EPH-0146,,HIGH,https://previouspage.co.uk/magazines/BMX%20Action%20Bike/issues/25-october%2Fnovember-eighty-two,Dated period-publication placement
CHR-0147,1982,1982,October/November 1982,Murray; Puch,Murray and Puch test-range mailer with free membership,Catalog mailer / advertisement,v1.1 chronological census,EPH-0147,,HIGH,https://previouspage.co.uk/magazines/BMX%20Action%20Bike/issues/25-october%2Fnovember-eighty-two,Dated period-publication placement
CHR-0148,1982,1982,October/November 1982,BMX Action Bike,BMX Action Bike race-shirt mailer,Information-pack mailer,v1.1 chronological census,EPH-0148,,HIGH,https://previouspage.co.uk/magazines/BMX%20Action%20Bike/issues/25-october%2Fnovember-eighty-two,Dated period-publication placement
CHR-0149,1982,1982,October/November 1982,E.T.; Kuwahara; Steven Spielberg,E.T. film and Kuwahara bicycle feature,Product-history object,v1.1 chronological census,EPH-0149,,HIGH,https://previouspage.co.uk/magazines/BMX%20Action%20Bike/issues/25-october%2Fnovember-eighty-two,Dated period-publication placement
CHR-0150,1982,1982,October/November 1982,Pro-Lite; Freewheeler Leisure Products,Pro-Lite information-pack and decal mailer,Information-pack mailer,v1.1 chronological census,EPH-0150,,HIGH,https://previouspage.co.uk/magazines/BMX%20Action%20Bike/issues/25-october%2Fnovember-eighty-two,Dated period-publication placement
CHR-0151,1982,1982,October/November 1982,BMX Action Bike,ABMX Bonanza reader survey competition,Contest entry form / promotion,v1.1 chronological census,EPH-0151,,HIGH,https://previouspage.co.uk/magazines/BMX%20Action%20Bike/issues/25-october%2Fnovember-eighty-two,Dated period-publication placement
CHR-0152,1982,1982,October/November 1982,AMF; BMX Action Bike,AMF Scorcher 7 reader-survey prize,Event prize promotion,v1.1 chronological census,EPH-0152,,HIGH,https://previouspage.co.uk/magazines/BMX%20Action%20Bike/issues/25-october%2Fnovember-eighty-two,Dated period-publication placement
CHR-0153,1982,1982,October/November 1982,Reynolds; BMX Action Bike,Reynolds 531 BMX frame-and-fork survey prize,Event prize promotion,v1.1 chronological census,EPH-0153,,HIGH,https://previouspage.co.uk/magazines/BMX%20Action%20Bike/issues/25-october%2Fnovember-eighty-two,Dated period-publication placement
CHR-0154,1982,1982,October/November 1982,Mongoose; Ammaco,Team Mongoose factory-direct value advertisement,Team/product advertisement,v1.1 chronological census,EPH-0154,,MEDIUM-HIGH,https://previouspage.co.uk/magazines/BMX%20Action%20Bike/issues/25-october%2Fnovember-eighty-two,Dated period-publication placement
CHR-0155,1982,1982,October/November 1982,BMX Action Bike,ABMX race nutrition and training article,Product literature,v1.1 chronological census,EPH-0155,,MEDIUM-HIGH,https://previouspage.co.uk/magazines/BMX%20Action%20Bike/issues/25-october%2Fnovember-eighty-two,Dated period-publication placement
CHR-0156,1982,1982,October/November 1982,BMX Invader; Action Bikes,BMX Invader and Action Bikes monthly specials,Retailer advertisement / price list,v1.1 chronological census,EPH-0156,,HIGH,https://previouspage.co.uk/magazines/BMX%20Action%20Bike/issues/25-october%2Fnovember-eighty-two,Dated period-publication placement
CHR-0157,1982,1982,October/November 1982,Huffy,Huffy Pro Lightning preview,Product-history object,v1.1 chronological census,EPH-0157,,MEDIUM-HIGH,https://previouspage.co.uk/magazines/BMX%20Action%20Bike/issues/25-october%2Fnovember-eighty-two,Dated period-publication placement
CHR-0158,1982,1982,October/November 1982,BMX Action Bike; Kuwahara,Stolen Kuwahara notice and subscription reward,Event notice / contact flyer,v1.1 chronological census,EPH-0158,,MEDIUM-HIGH,https://previouspage.co.uk/magazines/BMX%20Action%20Bike/issues/25-october%2Fnovember-eighty-two,Dated period-publication placement
CHR-0159,1982,1982,October/November 1982,Diamond Back; Pro-Star; Freewheeler,Diamond Back Silver Streak information-pack placement,Information-pack mailer,v1.1 chronological census,EPH-0159,,HIGH,https://previouspage.co.uk/magazines/BMX%20Action%20Bike/issues/25-october%2Fnovember-eighty-two,Dated period-publication placement
CHR-0160,1982,1982,October/November 1982,Kuwahara; Gecko,Kuwahara one-hundred-rider team recruitment offer,Factory-team history,v1.1 chronological census,EPH-0160,,HIGH,https://previouspage.co.uk/magazines/BMX%20Action%20Bike/issues/25-october%2Fnovember-eighty-two,Dated period-publication placement
CHR-0161,1982,1982,October/November 1982,Holdsworth BMX Centres,Holdsworth BMX Centres multi-brand advertisement,Dealer/shop advertisement,v1.1 chronological census,EPH-0161,,MEDIUM-HIGH,https://previouspage.co.uk/magazines/BMX%20Action%20Bike/issues/25-october%2Fnovember-eighty-two,Dated period-publication placement
CHR-0162,1982,1982,October/November 1982,Bolton BMX Centre,Bolton BMXmas Club Supadeal,Dealer advertisement / price-list lead,v1.1 chronological census,EPH-0162,,HIGH,https://previouspage.co.uk/magazines/BMX%20Action%20Bike/issues/25-october%2Fnovember-eighty-two,Dated period-publication placement
CHR-0163,1982,1982,October/November 1982,Haro Designs,Haro number-plate heritage advertisement,Product-history object,v1.1 chronological census,EPH-0163,,HIGH,https://previouspage.co.uk/magazines/BMX%20Action%20Bike/issues/25-october%2Fnovember-eighty-two,Dated period-publication placement
CHR-0164,1982,1982,October/November 1982,SunTour; Ron Kitching,SunTour HB-6000 reversible rear-hub product literature,Product literature,v1.1 chronological census,EPH-0164,,HIGH,https://previouspage.co.uk/magazines/BMX%20Action%20Bike/issues/25-october%2Fnovember-eighty-two,Dated period-publication placement
CHR-0165,1982,1982,October/November 1982,Troxel,Troxel Comet saddle-and-post advertisement,Product literature,v1.1 chronological census,EPH-0165,,HIGH,https://previouspage.co.uk/magazines/BMX%20Action%20Bike/issues/25-october%2Fnovember-eighty-two,Dated period-publication placement
CHR-027,1982,1982,September 1982,Retailer/dealer unresolved from indexed alignment,Send SAE for price list and free sticker,Dealer price-list / sticker offer,v0.9,EPH-0056,,MEDIUM,https://previouspage.co.uk/magazines/BMX%20Weekly/issues/213-september-nineteen-eighty-two,Dated/period placement
CHR-023,1982,1982,Winter 1982–83,Lee Cooper; Diamond Back,Diamond Back Silver Streak free draw at Lee Cooper event,Event prize promotion,v0.9,EPH-0059,,MEDIUM-HIGH,https://previouspage.co.uk/magazines/BMX%20Action%20Bike/issues/58-december%2Fjanuary-eighty-two,Dated/period placement
CHR-026,1982,1982,Winter 1982–83; exact event dates open,Lee Cooper,Lee Cooper BMX Indoor Grand Prix pre-registration,Event registration coupon,v0.9,EPH-0051,,MEDIUM-HIGH,https://previouspage.co.uk/magazines/BMX%20Action%20Bike/issues/58-december%2Fjanuary-eighty-two,Year is provisional
CHR-032,1983,1983,1983 lead,Tioga; Tange,Tioga Rhino III frame advertisement,Magazine advertisement,v0.5 inherited,EPH-0008,,LOW-MEDIUM,https://edwardkoenning.blogspot.com/2012/09/,Dated/period placement
CHR-030,1983,1983,1983-10-07 to 1983-10-09,Pontin's; UK BMX organizers,Pontin's BMX Open Championships & Trade Exhibition,Event flyer / trade-exhibition notice,v0.9,EPH-0050,,HIGH,https://previouspage.co.uk/magazines/BMX%20Action%20Bike/issues/64-september-nineteen-eighty-three,Dated/period placement
CHR-0222,1983,1983,April/May 1983,California Lite; Johar,California Lite pad-system advertisement,Product literature,v1.1 chronological census,EPH-0222,,HIGH,https://previouspage.co.uk/magazines/BMX%20Action%20Bike/issues/60-april%2Fmay-eighty-three,Dated period-publication placement
CHR-0223,1983,1983,April/May 1983,Strongs Bicycles,Strongs headset-bearing protector offer,Product literature,v1.1 chronological census,EPH-0223,,HIGH,https://previouspage.co.uk/magazines/BMX%20Action%20Bike/issues/60-april%2Fmay-eighty-three,Dated period-publication placement
CHR-0224,1983,1983,April/May 1983,Strongs Bicycles,Strongs BMX race-shirt offer,Retailer advertisement / price list,v1.1 chronological census,EPH-0224,,HIGH,https://previouspage.co.uk/magazines/BMX%20Action%20Bike/issues/60-april%2Fmay-eighty-three,Dated period-publication placement
CHR-0225,1983,1983,April/May 1983,Strongs Bicycles,Strongs free sticker-brochure mailer,Information-pack mailer,v1.1 chronological census,EPH-0225,,HIGH,https://previouspage.co.uk/magazines/BMX%20Action%20Bike/issues/60-april%2Fmay-eighty-three,Dated period-publication placement
CHR-0226,1983,1983,April/May 1983,BMX Action Bike,Best of 1982 national reader-poll results,Archive collection,v1.1 chronological census,EPH-0226,,HIGH,https://previouspage.co.uk/magazines/BMX%20Action%20Bike/issues/60-april%2Fmay-eighty-three,Dated period-publication placement
CHR-0227,1983,1983,April/May 1983,Scottish BMX Association,Scottish BMX Association formation notice,Factory-team history,v1.1 chronological census,EPH-0227,,MEDIUM-HIGH,https://previouspage.co.uk/magazines/BMX%20Action%20Bike/issues/60-april%2Fmay-eighty-three,Dated period-publication placement
CHR-0228,1983,1983,April/May 1983,Northern Leisure BMX,Northern Leisure open-meeting series notice,Event notice / contact flyer,v1.1 chronological census,EPH-0228,,HIGH,https://previouspage.co.uk/magazines/BMX%20Action%20Bike/issues/60-april%2Fmay-eighty-three,Dated period-publication placement
CHR-0229,1983,1983,April/May 1983,Silverfox; BMX Action Bike,Silverfox complete-bike reader giveaway,Contest entry form / promotion,v1.1 chronological census,EPH-0229,,HIGH,https://previouspage.co.uk/magazines/BMX%20Action%20Bike/issues/60-april%2Fmay-eighty-three,Dated period-publication placement
CHR-0230,1983,1983,April/May 1983,Harry Leary; Andy Patterson; BMX Action Bike,Harry Leary and Andy Patterson starting guide,Product literature,v1.1 chronological census,EPH-0230,,HIGH,https://previouspage.co.uk/magazines/BMX%20Action%20Bike/issues/60-april%2Fmay-eighty-three,Dated period-publication placement
CHR-0231,1983,1983,April/May 1983,Haro; Bob Haro,Haro Freestyle Moves equipment chapter,Product literature,v1.1 chronological census,EPH-0231,,HIGH,https://previouspage.co.uk/magazines/BMX%20Action%20Bike/issues/60-april%2Fmay-eighty-three,Dated period-publication placement
CHR-0232,1983,1983,April/May 1983,BMX Action Bike,ABMX free private Sales and Swaps service,Dealer advertisement / price-list lead,v1.1 chronological census,EPH-0232,,HIGH,https://previouspage.co.uk/magazines/BMX%20Action%20Bike/issues/60-april%2Fmay-eighty-three,Dated period-publication placement
CHR-0233,1983,1983,April/May 1983,City BMX,City BMX race-pants mail-order offer,Retailer advertisement / price list,v1.1 chronological census,EPH-0233,,HIGH,https://previouspage.co.uk/magazines/BMX%20Action%20Bike/issues/60-april%2Fmay-eighty-three,Dated period-publication placement
CHR-0234,1983,1983,April/May 1983,City BMX,City BMX lightweight race-helmet offer,Retailer advertisement / price list,v1.1 chronological census,EPH-0234,,MEDIUM-HIGH,https://previouspage.co.uk/magazines/BMX%20Action%20Bike/issues/60-april%2Fmay-eighty-three,Dated period-publication placement
CHR-0235,1983,1983,April/May 1983,City BMX,City BMX shoulder-protector offer,Retailer advertisement / price list,v1.1 chronological census,EPH-0235,,HIGH,https://previouspage.co.uk/magazines/BMX%20Action%20Bike/issues/60-april%2Fmay-eighty-three,Dated period-publication placement
CHR-0236,1983,1983,April/May 1983,Hot Wheels BMX Centre,Hot Wheels BMX Centre opening offers,Retailer advertisement / price list,v1.1 chronological census,EPH-0236,,MEDIUM-HIGH,https://previouspage.co.uk/magazines/BMX%20Action%20Bike/issues/60-april%2Fmay-eighty-three,Dated period-publication placement
CHR-0237,1983,1983,April/May 1983,Hot Wheels BMX Centre; Haro; Kuwahara; CW; SE Racing,"Haro Freestyler, Kuwahara Oval, CW, and SE Floval stock notice",Dealer advertisement / price-list lead,v1.1 chronological census,EPH-0237,,HIGH,https://previouspage.co.uk/magazines/BMX%20Action%20Bike/issues/60-april%2Fmay-eighty-three,Dated period-publication placement
CHR-0238,1983,1983,April/May 1983,King Sticker,King Sticker five-pack and jumbo-pack offer,Information-pack mailer,v1.1 chronological census,EPH-0238,,HIGH,https://previouspage.co.uk/magazines/BMX%20Action%20Bike/issues/60-april%2Fmay-eighty-three,Dated period-publication placement
CHR-0239,1983,1983,April/May 1983,NBMXA,NBMXA race-licence and rule-book offer,Event registration coupon,v1.1 chronological census,EPH-0239,,HIGH,https://previouspage.co.uk/magazines/BMX%20Action%20Bike/issues/60-april%2Fmay-eighty-three,Dated period-publication placement
CHR-0240,1983,1983,April/May 1983,Hotshot BMX Racing,Hotshot price-list and free-sticker mailer,Dealer price-list / sticker offer,v1.1 chronological census,EPH-0240,,HIGH,https://previouspage.co.uk/magazines/BMX%20Action%20Bike/issues/60-april%2Fmay-eighty-three,Dated period-publication placement
CHR-0241,1983,1983,April/May 1983,Huffy,Huffy Pro Lightning complete-bike test,Product-history object,v1.1 chronological census,EPH-0241,,HIGH,https://previouspage.co.uk/magazines/BMX%20Action%20Bike/issues/60-april%2Fmay-eighty-three,Dated period-publication placement
CHR-0242,1983,1983,April/May 1983,Halfords,Halfords BMX accessories range advertisement,Retailer advertisement / price list,v1.1 chronological census,EPH-0242,,HIGH,https://previouspage.co.uk/magazines/BMX%20Action%20Bike/issues/60-april%2Fmay-eighty-three,Dated period-publication placement
CHR-0243,1983,1983,April/May 1983,Huffy,Huffy Pro Lightning specification and retail-price record,Product literature,v1.1 chronological census,EPH-0243,,HIGH,https://previouspage.co.uk/magazines/BMX%20Action%20Bike/issues/60-april%2Fmay-eighty-three,Dated period-publication placement
CHR-0244,1983,1983,April/May 1983,Ride-On MX Products,Ride-On sealed-bearing mag-wheel hub kit,Product announcement / kit,v1.1 chronological census,EPH-0244,,HIGH,https://previouspage.co.uk/magazines/BMX%20Action%20Bike/issues/60-april%2Fmay-eighty-three,Dated period-publication placement
CHR-0245,1983,1983,April/May 1983,Sharp Racing Products,Sharp Racing Products bottom-bracket boot,Product announcement / kit,v1.1 chronological census,EPH-0245,,HIGH,https://previouspage.co.uk/magazines/BMX%20Action%20Bike/issues/60-april%2Fmay-eighty-three,Dated period-publication placement
CHR-0246,1983,1983,April/May 1983,Lee Cooper; Reflex Publications,Lee Cooper Ready to Go BMX video,Product literature,v1.1 chronological census,EPH-0246,,HIGH,https://previouspage.co.uk/magazines/BMX%20Action%20Bike/issues/60-april%2Fmay-eighty-three,Dated period-publication placement
CHR-0247,1983,1983,April/May 1983,BMX Video,USA professional BMX action video,Product literature,v1.1 chronological census,EPH-0247,,HIGH,https://previouspage.co.uk/magazines/BMX%20Action%20Bike/issues/60-april%2Fmay-eighty-three,Dated period-publication placement
CHR-0248,1983,1983,April/May 1983,BMX Action Bike,BMX Action Bike six-issue subscription offer,Catalog mailer,v1.1 chronological census,EPH-0248,,HIGH,https://previouspage.co.uk/magazines/BMX%20Action%20Bike/issues/60-april%2Fmay-eighty-three,Dated period-publication placement
CHR-0249,1983,1983,April/May 1983,Yamaha; BMX Action Bike,Yamaha professional racing-outfit competition,Contest entry form / promotion,v1.1 chronological census,EPH-0249,,HIGH,https://previouspage.co.uk/magazines/BMX%20Action%20Bike/issues/60-april%2Fmay-eighty-three,Dated period-publication placement
CHR-0250,1983,1983,April/May 1983,Gainsborough Cycle Centre; Firebird,Gainsborough Firebird frame-and-fork retail offer,Retailer advertisement / price list,v1.1 chronological census,EPH-0250,,HIGH,https://previouspage.co.uk/magazines/BMX%20Action%20Bike/issues/60-april%2Fmay-eighty-three,Dated period-publication placement
CHR-0344,1983,1983,August 1983,Aero,Aero sticker-pack mailer,Information-pack mailer,v1.2 chronological census,EPH-0344,,HIGH,https://previouspage.co.uk/magazines/BMX%20Action%20Bike/issues/63-august-nineteen-eighty-three,Dated/period placement
CHR-0345,1983,1983,August 1983,Yamaha; Amoco Leisure,Yamaha Racers free colour-brochure offer,Information-pack mailer,v1.2 chronological census,EPH-0345,,HIGH,https://previouspage.co.uk/magazines/BMX%20Action%20Bike/issues/63-august-nineteen-eighty-three,Dated/period placement
CHR-0346,1983,1983,August 1983,Andy Sammars; NBMXA; Bournemouth BMX,Andy Sammars memorial notice,Archive collection,v1.2 chronological census,EPH-0346,,HIGH,https://previouspage.co.uk/magazines/BMX%20Action%20Bike/issues/63-august-nineteen-eighty-three,Dated/period placement
CHR-0347,1983,1983,August 1983,Andy Ruffell; Mongoose; BMX Action Bike,Andy Ruffell injury and number-one-plate report,Archive collection,v1.2 chronological census,EPH-0347,,HIGH,https://previouspage.co.uk/magazines/BMX%20Action%20Bike/issues/63-august-nineteen-eighty-three,Dated/period placement
CHR-0348,1983,1983,August 1983,BMX Action Bike; UKBMX Publications,ABMX August Sales and Swaps marketplace,Dealer advertisement / price-list lead,v1.2 chronological census,EPH-0348,,HIGH,https://previouspage.co.uk/magazines/BMX%20Action%20Bike/issues/63-august-nineteen-eighty-three,Dated/period placement
CHR-0349,1983,1983,August 1983,BMX Action Bike,Meanwhile Madness freestyle photo feature,Archive collection,v1.2 chronological census,EPH-0349,,HIGH,https://previouspage.co.uk/magazines/BMX%20Action%20Bike/issues/63-august-nineteen-eighty-three,Dated/period placement
CHR-0350,1983,1983,August 1983,BMX Action Bike; UKBMX; NBMXA; regional organizers,August 1983 BMX race calendar,Event notice / contact flyer,v1.2 chronological census,EPH-0350,,HIGH,https://previouspage.co.uk/magazines/BMX%20Action%20Bike/issues/63-august-nineteen-eighty-three,Dated/period placement
CHR-0351,1983,1983,August 1983,Ammaco; Mongoose; Earls Court,Earls Court fastest-lap Supergoose III competition,Event prize promotion,v1.2 chronological census,EPH-0351,,HIGH,https://previouspage.co.uk/magazines/BMX%20Action%20Bike/issues/63-august-nineteen-eighty-three,Dated/period placement
CHR-0352,1983,1983,August 1983,Halfords; Suntour; Raleigh,Halfords BMX product information offer,Information-pack mailer,v1.2 chronological census,EPH-0352,,HIGH,https://previouspage.co.uk/magazines/BMX%20Action%20Bike/issues/63-august-nineteen-eighty-three,Dated/period placement
CHR-0353,1983,1983,August 1983,Kuwahara; Gecko Leisure Products,Kuwahara Nova race-ready complete-bike campaign,Magazine advertisement,v1.2 chronological census,EPH-0353,,HIGH,https://previouspage.co.uk/magazines/BMX%20Action%20Bike/issues/63-august-nineteen-eighty-three,Dated/period placement
CHR-0354,1983,1983,August 1983,Wheels BMX facility,Wheels photofinish and electronic race-information systems,Product literature,v1.2 chronological census,EPH-0354,,HIGH,https://previouspage.co.uk/magazines/BMX%20Action%20Bike/issues/63-august-nineteen-eighty-three,Dated/period placement
CHR-0355,1983,1983,August 1983,BMX Action Bike; Wheels; Andy Patterson; Tim March,1983 European Championships first-round report,Archive collection,v1.2 chronological census,EPH-0355,,HIGH,https://previouspage.co.uk/magazines/BMX%20Action%20Bike/issues/63-august-nineteen-eighty-three,Dated/period placement
CHR-0356,1983,1983,August 1983,Wonder UK Portable Power,Wonder rear cycle-light relaunch advertisement,Product literature,v1.2 chronological census,EPH-0356,,HIGH,https://previouspage.co.uk/magazines/BMX%20Action%20Bike/issues/63-august-nineteen-eighty-three,Dated/period placement
CHR-0357,1983,1983,August 1983,Hotshot BMX Racing; Uni; Turbo Mag,Hotshot Uni seat-cover and Turbo-Mag product panel,Product announcement / kit,v1.2 chronological census,EPH-0357,,HIGH,https://previouspage.co.uk/magazines/BMX%20Action%20Bike/issues/63-august-nineteen-eighty-three,Dated/period placement
CHR-0358,1983,1983,August 1983,King Sticker,King Sticker five-sticker packet offer,Information-pack mailer,v1.2 chronological census,EPH-0358,,HIGH,https://previouspage.co.uk/magazines/BMX%20Action%20Bike/issues/63-august-nineteen-eighty-three,Dated/period placement
CHR-0359,1983,1983,August 1983,Suntal Cycles; Raleigh; Falcon; Yamaha; Diamond Back; Kuwahara,"Suntal Cycles Burners, complete bikes, and wheel price advertisement",Retailer advertisement / price list,v1.2 chronological census,EPH-0359,,HIGH,https://previouspage.co.uk/magazines/BMX%20Action%20Bike/issues/63-august-nineteen-eighty-three,Dated/period placement
CHR-0360,1983,1983,August 1983,GT; Greg Hill; GB GT,GT world-champion brand advertisement,Team advertisement,v1.2 chronological census,EPH-0360,,HIGH,https://previouspage.co.uk/magazines/BMX%20Action%20Bike/issues/63-august-nineteen-eighty-three,Dated/period placement
CHR-0361,1983,1983,August 1983,Greg Hill; GT; BMX Action Bike,Greg Hill World Champion profile,Archive collection,v1.2 chronological census,EPH-0361,,HIGH,https://previouspage.co.uk/magazines/BMX%20Action%20Bike/issues/63-august-nineteen-eighty-three,Dated/period placement
CHR-0362,1983,1983,August 1983,BMX Action Bike; Aero,Reporter-for-a-day Aero racewear competition,Contest entry form / promotion,v1.2 chronological census,EPH-0362,,HIGH,https://previouspage.co.uk/magazines/BMX%20Action%20Bike/issues/63-august-nineteen-eighty-three,Dated/period placement
CHR-0363,1983,1983,August 1983,BMX Action Bike; Sharp Racing Products,Bearing-protection maintenance guide,Product literature,v1.2 chronological census,EPH-0363,,HIGH,https://previouspage.co.uk/magazines/BMX%20Action%20Bike/issues/63-august-nineteen-eighty-three,Dated/period placement
CHR-0364,1983,1983,August 1983,Shiner; SE Racing; Panda,Shiner free decal and sales-sheet trade offer,Information-pack mailer,v1.2 chronological census,EPH-0364,,HIGH,https://previouspage.co.uk/magazines/BMX%20Action%20Bike/issues/63-august-nineteen-eighty-three,Dated/period placement
CHR-0365,1983,1983,August 1983,Supertune BMX Racing; GT; Suntour; Oakley; Araya,Supertune BMX August mail-order price list,Retailer advertisement / price list,v1.2 chronological census,EPH-0365,,HIGH,https://previouspage.co.uk/magazines/BMX%20Action%20Bike/issues/63-august-nineteen-eighty-three,Dated/period placement
CHR-0366,1983,1983,August 1983,Stechford Cycles; Tange; ACS; CW; Oakley; Shimano,Stechford Cycles component and racewear price advertisement,Retailer advertisement / price list,v1.2 chronological census,EPH-0366,,HIGH,https://previouspage.co.uk/magazines/BMX%20Action%20Bike/issues/63-august-nineteen-eighty-three,Dated/period placement
CHR-0367,1983,1983,August 1983,Just BMX; Skyway; Haro; Raleigh,Just BMX Bournemouth stock advertisement,Dealer/shop advertisement,v1.2 chronological census,EPH-0367,,HIGH,https://previouspage.co.uk/magazines/BMX%20Action%20Bike/issues/63-august-nineteen-eighty-three,Dated/period placement
CHR-0368,1983,1983,August 1983,Super Discount; Mongoose; PK Ripper; Haro; Firebird,Super Discount Nottingham BMX warehouse advertisement,Dealer/shop advertisement,v1.2 chronological census,EPH-0368,,HIGH,https://previouspage.co.uk/magazines/BMX%20Action%20Bike/issues/63-august-nineteen-eighty-three,Dated/period placement
CHR-0369,1983,1983,August 1983,Suntour,Suntour three-piece crank technical advertisement,Product literature,v1.2 chronological census,EPH-0369,,HIGH,https://previouspage.co.uk/magazines/BMX%20Action%20Bike/issues/63-august-nineteen-eighty-three,Dated/period placement
CHR-0370,1983,1983,August 1983,Superfox; BMX Action Bike,Superfox complete-bike editorial test,Product-history object,v1.2 chronological census,EPH-0370,,HIGH,https://previouspage.co.uk/magazines/BMX%20Action%20Bike/issues/63-august-nineteen-eighty-three,Dated/period placement
CHR-0371,1983,1983,August 1983,BMX Action Bike; No Crak; Citadel; Squire,BMX security-lock comparison test,Product-history object,v1.2 chronological census,EPH-0371,,HIGH,https://previouspage.co.uk/magazines/BMX%20Action%20Bike/issues/63-august-nineteen-eighty-three,Dated/period placement
CHR-0372,1983,1983,August 1983,BMX Action Bike; Raleigh,Aero Pro Burner starter-signal competition,Contest entry form / promotion,v1.2 chronological census,EPH-0372,,HIGH,https://previouspage.co.uk/magazines/BMX%20Action%20Bike/issues/63-august-nineteen-eighty-three,Dated/period placement
CHR-0373,1983,1983,August 1983,Sales Cycles Warehouse; Yamaha; Silverfox; Raleigh; Diamond Back; Shimano,Sales Cycles Warehouse August complete-bike and parts advertisement,Retailer advertisement / price list,v1.2 chronological census,EPH-0373,,HIGH,https://previouspage.co.uk/magazines/BMX%20Action%20Bike/issues/63-august-nineteen-eighty-three,Dated/period placement
CHR-0374,1983,1983,August 1983,Leechi; Landar Components,Leechi BMX grips and accessories advertisement,Magazine advertisement,v1.2 chronological census,EPH-0374,,HIGH,https://previouspage.co.uk/magazines/BMX%20Action%20Bike/issues/63-august-nineteen-eighty-three,Dated/period placement
CHR-0375,1983,1983,August 1983,Bob Haro; BMX Action Bike,Haro Freestyle Moves August instructional extract,Product literature,v1.2 chronological census,EPH-0375,,HIGH,https://previouspage.co.uk/magazines/BMX%20Action%20Bike/issues/63-august-nineteen-eighty-three,Dated/period placement
CHR-0376,1983,1983,August 1983,Rapido; Clarkmoor,"Rapido Gold Duster, Black Shadow, and Gladiator campaign",Product literature,v1.2 chronological census,EPH-0376,,HIGH,https://previouspage.co.uk/magazines/BMX%20Action%20Bike/issues/63-august-nineteen-eighty-three,Dated/period placement
CHR-0377,1983,1983,August 1983,No Crak; SL Chainsport Distributors,No Crak high-security chain-lock advertisement,Product literature,v1.2 chronological census,EPH-0377,,HIGH,https://previouspage.co.uk/magazines/BMX%20Action%20Bike/issues/63-august-nineteen-eighty-three,Dated/period placement
CHR-0378,1983,1983,August 1983,Langsett Cycles; Araya; Shimano; Takagi,Langsett Cycles August parts advertisement,Retailer advertisement / price list,v1.2 chronological census,EPH-0378,,HIGH,https://previouspage.co.uk/magazines/BMX%20Action%20Bike/issues/63-august-nineteen-eighty-three,Dated/period placement
CHR-0379,1983,1983,August 1983,Darwen BMX retailer; Diamond Back; Mongoose; Kuwahara,Darwen race-shop and indoor-track promotion,Dealer/shop advertisement,v1.2 chronological census,EPH-0379,,HIGH,https://previouspage.co.uk/magazines/BMX%20Action%20Bike/issues/63-august-nineteen-eighty-three,Dated/period placement
CHR-0380,1983,1983,August 1983,BMX Action Bike; UKBMX Publications,BMX Action Bike back-copy mailer,Catalog mailer,v1.2 chronological census,EPH-0380,,HIGH,https://previouspage.co.uk/magazines/BMX%20Action%20Bike/issues/63-august-nineteen-eighty-three,Dated/period placement
CHR-0381,1983,1983,August 1983,BMX Action Bike; UKBMX Publications,BMX Action Bike blue-and-gold binder offer,Catalog mailer,v1.2 chronological census,EPH-0381,,HIGH,https://previouspage.co.uk/magazines/BMX%20Action%20Bike/issues/63-august-nineteen-eighty-three,Dated/period placement
CHR-0382,1983,1983,August 1983,BMX Action Bike; UKBMX Publications,BMX Action Bike ten-issue subscription rate card,Catalog mailer,v1.2 chronological census,EPH-0382,,HIGH,https://previouspage.co.uk/magazines/BMX%20Action%20Bike/issues/63-august-nineteen-eighty-three,Dated/period placement
CHR-0383,1983,1983,August 1983,BMX Centre Mousehole; Diamond Back; Haro; Fox,BMX Centre Mousehole August stock and Viper announcement,Dealer/shop advertisement,v1.2 chronological census,EPH-0383,,HIGH,https://previouspage.co.uk/magazines/BMX%20Action%20Bike/issues/63-august-nineteen-eighty-three,Dated/period placement
CHR-0384,1983,1983,August 1983,Schofields; Haro; Skyway,Schofields Haro and Skyway frame discount advertisement,Retailer advertisement / price list,v1.2 chronological census,EPH-0384,,HIGH,https://previouspage.co.uk/magazines/BMX%20Action%20Bike/issues/63-august-nineteen-eighty-three,Dated/period placement
CHR-0385,1983,1983,August 1983,SportsPlus,SportsPlus BMX track-design service advertisement,Product literature,v1.2 chronological census,EPH-0385,,HIGH,https://previouspage.co.uk/magazines/BMX%20Action%20Bike/issues/63-august-nineteen-eighty-three,Dated/period placement
CHR-0386,1983,1983,August 1983,OT Cycles,OT Cycles custom-built dream-machine service,Product announcement / kit,v1.2 chronological census,EPH-0386,,HIGH,https://previouspage.co.uk/magazines/BMX%20Action%20Bike/issues/63-august-nineteen-eighty-three,Dated/period placement
CHR-0387,1983,1983,August 1983,Stu Diggens; Kuwahara; Redline; BMX Action Bike,Stu Diggens Me & My Bike profile,Archive collection,v1.2 chronological census,EPH-0387,,HIGH,https://previouspage.co.uk/magazines/BMX%20Action%20Bike/issues/63-august-nineteen-eighty-three,Dated/period placement
CHR-0388,1983,1983,August 1983,Skyway; Steve Shobert; Andy Patterson,Skyway factory-team Horizons advertisement,Team advertisement,v1.2 chronological census,EPH-0388,,HIGH,https://previouspage.co.uk/magazines/BMX%20Action%20Bike/issues/63-august-nineteen-eighty-three,Dated/period placement
CHR-0389,1983,1983,August 1983,Allen’s BMX Centre,Allen’s BMX Centre August parts price advertisement,Retailer advertisement / price list,v1.2 chronological census,EPH-0389,,HIGH,https://previouspage.co.uk/magazines/BMX%20Action%20Bike/issues/63-august-nineteen-eighty-three,Dated/period placement
CHR-0390,1983,1983,August 1983,Dave Kane Cycles; Diamond Back; Mongoose; Kuwahara,Dave Kane Cycles Ireland BMX shop advertisement,Dealer/shop advertisement,v1.2 chronological census,EPH-0390,,HIGH,https://previouspage.co.uk/magazines/BMX%20Action%20Bike/issues/63-august-nineteen-eighty-three,Dated/period placement
CHR-0391,1983,1983,August 1983,Bates Cycles; Haro; Silverfox; Superfox,Bates Cycles regional stock and mail-order advertisement,Dealer/shop advertisement,v1.2 chronological census,EPH-0391,,HIGH,https://previouspage.co.uk/magazines/BMX%20Action%20Bike/issues/63-august-nineteen-eighty-three,Dated/period placement
CHR-0392,1983,1983,August 1983,Madigan Cycles,Madigan Cycles Carrickfergus BMX and club advertisement,Dealer/shop advertisement,v1.2 chronological census,EPH-0392,,HIGH,https://previouspage.co.uk/magazines/BMX%20Action%20Bike/issues/63-august-nineteen-eighty-three,Dated/period placement
CHR-0393,1983,1983,August 1983,Conway; Kuwahara; Puch,Conway Tyneside BMX specialist advertisement,Dealer/shop advertisement,v1.2 chronological census,EPH-0393,,HIGH,https://previouspage.co.uk/magazines/BMX%20Action%20Bike/issues/63-august-nineteen-eighty-three,Dated/period placement
CHR-0394,1983,1983,August 1983,Bolton BMX Centre; Mongoose; Diamond Back; GT; Firebird,Bolton BMX Centre brand-stock advertisement,Dealer/shop advertisement,v1.2 chronological census,EPH-0394,,HIGH,https://previouspage.co.uk/magazines/BMX%20Action%20Bike/issues/63-august-nineteen-eighty-three,Dated/period placement
CHR-0395,1983,1983,August 1983,Purley Cycle Sport; Pedalers,Purley Cycle Sport and Pedalers brand-stock advertisement,Dealer/shop advertisement,v1.2 chronological census,EPH-0395,,HIGH,https://previouspage.co.uk/magazines/BMX%20Action%20Bike/issues/63-august-nineteen-eighty-three,Dated/period placement
CHR-0396,1983,1983,August 1983,Ukai; Panaracer; Gecko,Ukai narrow-rim and Panaracer tyre trend report,Product literature,v1.2 chronological census,EPH-0396,,HIGH,https://previouspage.co.uk/magazines/BMX%20Action%20Bike/issues/63-august-nineteen-eighty-three,Dated/period placement
CHR-029,1983,1983,December 1983 issue,Langsett Cycles,Langsett Cycles BMX product advertisement,Dealer advertisement / price-list lead,v0.9,EPH-0060,,MEDIUM-HIGH,https://previouspage.co.uk/magazines/BMX%20Action%20Bike/issues/87-december%20%2F%20january-eighty-three,Dated/period placement
CHR-0194,1983,1983,February/March 1983,UNI; Hotshot BMX,UNI eight-ounce BMX seat launch,Product announcement / kit,v1.1 chronological census,EPH-0194,,HIGH,https://previouspage.co.uk/magazines/BMX%20Action%20Bike/issues/59-february%2Fmarch-eighty-three,Dated period-publication placement
CHR-0195,1983,1983,February/March 1983,SR Cycles,SR Cycles bicycle-reservation and free-delivery offer,Dealer advertisement / price-list lead,v1.1 chronological census,EPH-0195,,HIGH,https://previouspage.co.uk/magazines/BMX%20Action%20Bike/issues/59-february%2Fmarch-eighty-three,Dated period-publication placement
CHR-0196,1983,1983,February/March 1983,Holdsworth BMX Centres,Holdsworth BMX Centres multi-location advertisement,Dealer/shop advertisement,v1.1 chronological census,EPH-0196,,MEDIUM-HIGH,https://previouspage.co.uk/magazines/BMX%20Action%20Bike/issues/59-february%2Fmarch-eighty-three,Dated period-publication placement
CHR-0197,1983,1983,February/March 1983,BMX Action Bike,ABMX light set and reflective-clip offer,Information-pack mailer,v1.1 chronological census,EPH-0197,,HIGH,https://previouspage.co.uk/magazines/BMX%20Action%20Bike/issues/59-february%2Fmarch-eighty-three,Dated period-publication placement
CHR-0198,1983,1983,February/March 1983,BMX Action Bike,ABMX blue-and-gold binder offer,Catalog mailer,v1.1 chronological census,EPH-0198,,HIGH,https://previouspage.co.uk/magazines/BMX%20Action%20Bike/issues/59-february%2Fmarch-eighty-three,Dated period-publication placement
CHR-0199,1983,1983,February/March 1983,BMX Action Bike,ABMX blue-and-yellow race-shirt offer,Information-pack mailer,v1.1 chronological census,EPH-0199,,HIGH,https://previouspage.co.uk/magazines/BMX%20Action%20Bike/issues/59-february%2Fmarch-eighty-three,Dated period-publication placement
CHR-0200,1983,1983,February/March 1983,Araya,Araya ADX-7W aero-rim product notice,Product literature,v1.1 chronological census,EPH-0200,,HIGH,https://previouspage.co.uk/magazines/BMX%20Action%20Bike/issues/59-february%2Fmarch-eighty-three,Dated period-publication placement
CHR-0201,1983,1983,February/March 1983,Naga,Naga chromoly and fluted-alloy seatpost range,Product literature,v1.1 chronological census,EPH-0201,,MEDIUM-HIGH,https://previouspage.co.uk/magazines/BMX%20Action%20Bike/issues/59-february%2Fmarch-eighty-three,Dated period-publication placement
CHR-0202,1983,1983,February/March 1983,MKS,MKS BM-10 and Grafight-X pedal range,Product literature,v1.1 chronological census,EPH-0202,,HIGH,https://previouspage.co.uk/magazines/BMX%20Action%20Bike/issues/59-february%2Fmarch-eighty-three,Dated period-publication placement
CHR-0203,1983,1983,February/March 1983,Raleigh; Cycle Warehouse,Raleigh Burner five-model retail price list,Retailer advertisement / price list,v1.1 chronological census,EPH-0203,,HIGH,https://previouspage.co.uk/magazines/BMX%20Action%20Bike/issues/59-february%2Fmarch-eighty-three,Dated period-publication placement
CHR-0204,1983,1983,February/March 1983,Max; Alans BMX,"Max checker hats, jerseys, and race-pants advertisement",Retailer advertisement / price list,v1.1 chronological census,EPH-0204,,HIGH,https://previouspage.co.uk/magazines/BMX%20Action%20Bike/issues/59-february%2Fmarch-eighty-three,Dated period-publication placement
CHR-0205,1983,1983,February/March 1983,Halfords; BMX Action Bike,Halfords BMX Nations Cup pre-registration form,Event registration coupon,v1.1 chronological census,EPH-0205,,HIGH,https://previouspage.co.uk/magazines/BMX%20Action%20Bike/issues/59-february%2Fmarch-eighty-three,Dated period-publication placement
CHR-0206,1983,1983,February/March 1983,BMX Action Bike; Firebird; DP Racing,Great Meeting survey and Firebird frame-set competition,Contest entry form / promotion,v1.1 chronological census,EPH-0206,,HIGH,https://previouspage.co.uk/magazines/BMX%20Action%20Bike/issues/59-february%2Fmarch-eighty-three,Dated period-publication placement
CHR-0207,1983,1983,February/March 1983,Cycle Trader,Cycle Trader BMX retail survey issue advertisement,Product literature,v1.1 chronological census,EPH-0207,,MEDIUM-HIGH,https://previouspage.co.uk/magazines/BMX%20Action%20Bike/issues/59-february%2Fmarch-eighty-three,Dated period-publication placement
CHR-0208,1983,1983,February/March 1983,YES Products; BMX Action Bike,YES Products word-building competition,Contest entry form,v1.1 chronological census,EPH-0208,,HIGH,https://previouspage.co.uk/magazines/BMX%20Action%20Bike/issues/59-february%2Fmarch-eighty-three,Dated period-publication placement
CHR-0209,1983,1983,February/March 1983,Firebird; DP Racing,Firebird British chromoly frame-set feature,Product-history object,v1.1 chronological census,EPH-0209,,HIGH,https://previouspage.co.uk/magazines/BMX%20Action%20Bike/issues/59-february%2Fmarch-eighty-three,Dated period-publication placement
CHR-0210,1983,1983,February/March 1983,Mongoose,Mongoose Pro Class complete-bike test,Product-history object,v1.1 chronological census,EPH-0210,,HIGH,https://previouspage.co.uk/magazines/BMX%20Action%20Bike/issues/59-february%2Fmarch-eighty-three,Dated period-publication placement
CHR-0211,1983,1983,February/March 1983,Mongoose,Mongoose Pro Class lightweight wheel system,Product literature,v1.1 chronological census,EPH-0211,,MEDIUM-HIGH,https://previouspage.co.uk/magazines/BMX%20Action%20Bike/issues/59-february%2Fmarch-eighty-three,Dated period-publication placement
CHR-0212,1983,1983,February/March 1983,Bournemouth BMX,Bournemouth BMX track-focus report,Archive collection,v1.1 chronological census,EPH-0212,,HIGH,https://previouspage.co.uk/magazines/BMX%20Action%20Bike/issues/59-february%2Fmarch-eighty-three,Dated period-publication placement
CHR-0213,1983,1983,February/March 1983,Diatron,Diatron Wildcat helmet and race-pants advertisement,Retailer advertisement / price list,v1.1 chronological census,EPH-0213,,HIGH,https://previouspage.co.uk/magazines/BMX%20Action%20Bike/issues/59-february%2Fmarch-eighty-three,Dated period-publication placement
CHR-0214,1983,1983,February/March 1983,Surrey BMX; Kuwahara,Surrey BMX Kuwahara complete-bike price list,Retailer advertisement / price list,v1.1 chronological census,EPH-0214,,HIGH,https://previouspage.co.uk/magazines/BMX%20Action%20Bike/issues/59-february%2Fmarch-eighty-three,Dated period-publication placement
CHR-0215,1983,1983,February/March 1983,Surrey BMX; Race Inc; GT; MCS; PK Ripper; Torker; JMC,Surrey BMX frame-and-fork price list,Retailer advertisement / price list,v1.1 chronological census,EPH-0215,,HIGH,https://previouspage.co.uk/magazines/BMX%20Action%20Bike/issues/59-february%2Fmarch-eighty-three,Dated period-publication placement
CHR-0216,1983,1983,February/March 1983,Surrey BMX; Skyway; ACS; Ukai; SunTour,Surrey BMX wheel-system price list,Retailer advertisement / price list,v1.1 chronological census,EPH-0216,,HIGH,https://previouspage.co.uk/magazines/BMX%20Action%20Bike/issues/59-february%2Fmarch-eighty-three,Dated period-publication placement
CHR-0217,1983,1983,February/March 1983,Hadley,Hadley precision bottom-bracket listing,Product literature,v1.1 chronological census,EPH-0217,,HIGH,https://previouspage.co.uk/magazines/BMX%20Action%20Bike/issues/59-february%2Fmarch-eighty-three,Dated period-publication placement
CHR-0218,1983,1983,February/March 1983,Haro,Haro Freestyle Moves book offer,Catalog mailer,v1.1 chronological census,EPH-0218,,HIGH,https://previouspage.co.uk/magazines/BMX%20Action%20Bike/issues/59-february%2Fmarch-eighty-three,Dated period-publication placement
CHR-0219,1983,1983,February/March 1983,Redline,Redline Flight Cranks 401 Series listing,Product literature,v1.1 chronological census,EPH-0219,,HIGH,https://previouspage.co.uk/magazines/BMX%20Action%20Bike/issues/59-february%2Fmarch-eighty-three,Dated period-publication placement
CHR-0220,1983,1983,February/March 1983,Vans,Vans Style 95 BMX shoe listing,Product literature,v1.1 chronological census,EPH-0220,,HIGH,https://previouspage.co.uk/magazines/BMX%20Action%20Bike/issues/59-february%2Fmarch-eighty-three,Dated period-publication placement
CHR-0221,1983,1983,February/March 1983,BMX Action Bike,ABMX national track-list publication,Archive collection,v1.1 chronological census,EPH-0221,,HIGH,https://previouspage.co.uk/magazines/BMX%20Action%20Bike/issues/59-february%2Fmarch-eighty-three,Dated period-publication placement
CHR-0296,1983,1983,July 1983,ACS; Gecko Leisure Products,ACS Z Rims guarantee campaign,Product literature,v1.2 chronological census,EPH-0296,,HIGH,https://previouspage.co.uk/magazines/BMX%20Action%20Bike/issues/62-july-nineteen-eighty-three,Dated/period placement
CHR-0297,1983,1983,July 1983,Just BMX; Tange; Pro-Star; Skyway; Haro; Raleigh,Just BMX opening offer and complete stock advertisement,Retailer advertisement / price list,v1.2 chronological census,EPH-0297,,HIGH,https://previouspage.co.uk/magazines/BMX%20Action%20Bike/issues/62-july-nineteen-eighty-three,Dated/period placement
CHR-0298,1983,1983,July 1983,Reynolds,Reynolds 531 and 501 BMX frame-tubing advertisement,Product literature,v1.2 chronological census,EPH-0298,,HIGH,https://previouspage.co.uk/magazines/BMX%20Action%20Bike/issues/62-july-nineteen-eighty-three,Dated/period placement
CHR-0299,1983,1983,July 1983,BMX Action Bike; Yes Products; BMX Record,Yes Products Words contest results and BMX Record newsletter notice,Archive collection,v1.2 chronological census,EPH-0299,,HIGH,https://previouspage.co.uk/magazines/BMX%20Action%20Bike/issues/62-july-nineteen-eighty-three,Dated/period placement
CHR-0300,1983,1983,July 1983,SR Cycles; Diamond Back; Mongoose; Skyway; ACS; Araya,"SR Cycles Diamond Back, Mongoose, and wheel price advertisement",Retailer advertisement / price list,v1.2 chronological census,EPH-0300,,HIGH,https://previouspage.co.uk/magazines/BMX%20Action%20Bike/issues/62-july-nineteen-eighty-three,Dated/period placement
CHR-0301,1983,1983,July 1983,DP Racing; Firebird; Reynolds,Firebird Delta II frame advertisement,Product announcement / kit,v1.2 chronological census,EPH-0301,,HIGH,https://previouspage.co.uk/magazines/BMX%20Action%20Bike/issues/62-july-nineteen-eighty-three,Dated/period placement
CHR-0302,1983,1983,July 1983,Halfords,Halfords Turbo 20X colouring competition and T-shirt promotion,Contest entry form / promotion,v1.2 chronological census,EPH-0302,,HIGH,https://previouspage.co.uk/magazines/BMX%20Action%20Bike/issues/62-july-nineteen-eighty-three,Dated/period placement
CHR-0303,1983,1983,July 1983,Wimborne BMX; BMX Action Bike,Wimborne BMX track-focus guide,Archive collection,v1.2 chronological census,EPH-0303,,HIGH,https://previouspage.co.uk/magazines/BMX%20Action%20Bike/issues/62-july-nineteen-eighty-three,Dated/period placement
CHR-0304,1983,1983,July 1983,Huffy; C. W. Toys,Huffy Pro Lightning brand advertisement,Magazine advertisement,v1.2 chronological census,EPH-0304,,HIGH,https://previouspage.co.uk/magazines/BMX%20Action%20Bike/issues/62-july-nineteen-eighty-three,Dated/period placement
CHR-0305,1983,1983,July 1983,BMX Action Bike; UKBMX; NBMXA; regional organizers,July 1983 BMX race and exhibition calendar,Event notice / contact flyer,v1.2 chronological census,EPH-0305,,HIGH,https://previouspage.co.uk/magazines/BMX%20Action%20Bike/issues/62-july-nineteen-eighty-three,Dated/period placement
CHR-0306,1983,1983,July 1983,Bunney’s Bikes; GT; Redline; Kuwahara; Diamond Back; Raleigh,Bunney’s Bikes Nottingham stock and finance advertisement,Dealer/shop advertisement,v1.2 chronological census,EPH-0306,,HIGH,https://previouspage.co.uk/magazines/BMX%20Action%20Bike/issues/62-july-nineteen-eighty-three,Dated/period placement
CHR-0307,1983,1983,July 1983,Kryptonite; Ron Kitching,Kryptonite Megalock BMX security advertisement,Product literature,v1.2 chronological census,EPH-0307,,HIGH,https://previouspage.co.uk/magazines/BMX%20Action%20Bike/issues/62-july-nineteen-eighty-three,Dated/period placement
CHR-0308,1983,1983,July 1983,Robinson; Alans BMX Distributors,Robinson 1983 frameset catalog and sticker offer,Catalog mailer,v1.2 chronological census,EPH-0308,,HIGH,https://previouspage.co.uk/magazines/BMX%20Action%20Bike/issues/62-july-nineteen-eighty-three,Dated/period placement
CHR-0309,1983,1983,July 1983,S. J. Clark Cables,Clark’s Power-Glide BMX brake-cable advertisement,Product literature,v1.2 chronological census,EPH-0309,,HIGH,https://previouspage.co.uk/magazines/BMX%20Action%20Bike/issues/62-july-nineteen-eighty-three,Dated/period placement
CHR-0310,1983,1983,July 1983,NBMXA; Derby BMX; BMX Action Bike,NBMXA Derby stadium national race report,Archive collection,v1.2 chronological census,EPH-0310,,HIGH,https://previouspage.co.uk/magazines/BMX%20Action%20Bike/issues/62-july-nineteen-eighty-three,Dated/period placement
CHR-0311,1983,1983,July 1983,BMX Action Bike; UKBMX Publications,ABMX Sales and Swaps coupon,Dealer advertisement / price-list lead,v1.2 chronological census,EPH-0311,,HIGH,https://previouspage.co.uk/magazines/BMX%20Action%20Bike/issues/62-july-nineteen-eighty-three,Dated/period placement
CHR-0312,1983,1983,July 1983,BMX Action Bike; Bob Haro; Haro Designs,Bob Haro gear caption competition,Contest entry form / promotion,v1.2 chronological census,EPH-0312,,HIGH,https://previouspage.co.uk/magazines/BMX%20Action%20Bike/issues/62-july-nineteen-eighty-three,Dated/period placement
CHR-0313,1983,1983,July 1983,Sharp Racing Products,Sharp Racing Products bottom-bracket boot advertisement,Product announcement / kit,v1.2 chronological census,EPH-0313,,HIGH,https://previouspage.co.uk/magazines/BMX%20Action%20Bike/issues/62-july-nineteen-eighty-three,Dated/period placement
CHR-0314,1983,1983,July 1983,Supertune BMX Racing; GT; Diamond Back; Robinson; Suntour; Oakley,Supertune BMX comprehensive July mail-order price list,Retailer advertisement / price list,v1.2 chronological census,EPH-0314,,HIGH,https://previouspage.co.uk/magazines/BMX%20Action%20Bike/issues/62-july-nineteen-eighty-three,Dated/period placement
CHR-0315,1983,1983,July 1983,GT; Greg Hill; GB GT,"GT Greg Hill poster, stickers, and price-list mailer",Information-pack mailer,v1.2 chronological census,EPH-0315,,HIGH,https://previouspage.co.uk/magazines/BMX%20Action%20Bike/issues/62-july-nineteen-eighty-three,Dated/period placement
CHR-0316,1983,1983,July 1983,Yamaha; Amoco Leisure,Yamaha Racers free colour-brochure offer,Information-pack mailer,v1.2 chronological census,EPH-0316,,HIGH,https://previouspage.co.uk/magazines/BMX%20Action%20Bike/issues/62-july-nineteen-eighty-three,Dated/period placement
CHR-0317,1983,1983,July 1983,Raleigh; Tange; BMX Action Bike,Raleigh Aero Pro Burner editorial test,Product-history object,v1.2 chronological census,EPH-0317,,HIGH,https://previouspage.co.uk/magazines/BMX%20Action%20Bike/issues/62-july-nineteen-eighty-three,Dated/period placement
CHR-0318,1983,1983,July 1983,BMX Action Bike; Geoff Barraclough,Grease Monkey wheel-maintenance guide,Product literature,v1.2 chronological census,EPH-0318,,HIGH,https://previouspage.co.uk/magazines/BMX%20Action%20Bike/issues/62-july-nineteen-eighty-three,Dated/period placement
CHR-0319,1983,1983,July 1983,NBMXA,NBMXA affiliated-club directory,Archive collection,v1.2 chronological census,EPH-0319,,HIGH,https://previouspage.co.uk/magazines/BMX%20Action%20Bike/issues/62-july-nineteen-eighty-three,Dated/period placement
CHR-0320,1983,1983,July 1983,NBMXA,NBMXA rulebook and membership offer,Catalog mailer,v1.2 chronological census,EPH-0320,,HIGH,https://previouspage.co.uk/magazines/BMX%20Action%20Bike/issues/62-july-nineteen-eighty-three,Dated/period placement
CHR-0321,1983,1983,July 1983,Surrey BMX; Kuwahara; GT; Redline; Haro; Skyway; Hutch,"Surrey BMX complete-bike, frameset, wheel, and apparel price list",Retailer advertisement / price list,v1.2 chronological census,EPH-0321,,HIGH,https://previouspage.co.uk/magazines/BMX%20Action%20Bike/issues/62-july-nineteen-eighty-three,Dated/period placement
CHR-0322,1983,1983,July 1983,Pete Middleton; Mongoose; BMX Action Bike,Pete Middleton Weekend Warrior rider profile,Archive collection,v1.2 chronological census,EPH-0322,,HIGH,https://previouspage.co.uk/magazines/BMX%20Action%20Bike/issues/62-july-nineteen-eighty-three,Dated/period placement
CHR-0323,1983,1983,July 1983,Rapido; Clarkmoor,"Rapido Gold Duster, Black Shadow, and Gladiator advertisement",Product literature,v1.2 chronological census,EPH-0323,,HIGH,https://previouspage.co.uk/magazines/BMX%20Action%20Bike/issues/62-july-nineteen-eighty-three,Dated/period placement
CHR-0324,1983,1983,July 1983,Bob Haro; Ron Wilton; BMX Action Bike,Haro and Ron Wilton front-wheel-hop instructional feature,Product literature,v1.2 chronological census,EPH-0324,,HIGH,https://previouspage.co.uk/magazines/BMX%20Action%20Bike/issues/62-july-nineteen-eighty-three,Dated/period placement
CHR-0325,1983,1983,July 1983,Hotshot BMX Racing; Mushroom; Pro-Tec; Johar,"Hotshot new-products panel: Mushroom grips, Eliminator II helmet, and Johar lever cover",Product announcement / kit,v1.2 chronological census,EPH-0325,,HIGH,https://previouspage.co.uk/magazines/BMX%20Action%20Bike/issues/62-july-nineteen-eighty-three,Dated/period placement
CHR-0326,1983,1983,July 1983,Shiner; SE Racing; Panda,Shiner trade decal and sales-sheet offer,Information-pack mailer,v1.2 chronological census,EPH-0326,,HIGH,https://previouspage.co.uk/magazines/BMX%20Action%20Bike/issues/62-july-nineteen-eighty-three,Dated/period placement
CHR-0327,1983,1983,July 1983,Sales Cycles Warehouse; Kuwahara; Yamaha; Silverfox; Raleigh; Diamond Back,Sales Cycles Warehouse complete-bike and frameset price advertisement,Retailer advertisement / price list,v1.2 chronological census,EPH-0327,,HIGH,https://previouspage.co.uk/magazines/BMX%20Action%20Bike/issues/62-july-nineteen-eighty-three,Dated/period placement
CHR-0328,1983,1983,July 1983,BMX Action Bike; Huffy,Huffy Pro-Lightning power-crazy reader giveaway,Contest entry form / promotion,v1.2 chronological census,EPH-0328,,HIGH,https://previouspage.co.uk/magazines/BMX%20Action%20Bike/issues/62-july-nineteen-eighty-three,Dated/period placement
CHR-0329,1983,1983,July 1983,Team Henderson; Tange; Suntour; CW; Oakley; MKS,Team Henderson July mail-order price list,Retailer advertisement / price list,v1.2 chronological census,EPH-0329,,HIGH,https://previouspage.co.uk/magazines/BMX%20Action%20Bike/issues/62-july-nineteen-eighty-three,Dated/period placement
CHR-0330,1983,1983,July 1983,Hwa Fong; Landar Components,Hwa Fong BMX tyre-range advertisement,Product literature,v1.2 chronological census,EPH-0330,,HIGH,https://previouspage.co.uk/magazines/BMX%20Action%20Bike/issues/62-july-nineteen-eighty-three,Dated/period placement
CHR-0331,1983,1983,July 1983,Shimano; Middlemores,Shimano DX platform-pedal technical advertisement,Product literature,v1.2 chronological census,EPH-0331,,HIGH,https://previouspage.co.uk/magazines/BMX%20Action%20Bike/issues/62-july-nineteen-eighty-three,Dated/period placement
CHR-0332,1983,1983,July 1983,Ammaco; Mongoose,Ammaco Mongoose Supergoose III advertisement,Magazine advertisement,v1.2 chronological census,EPH-0332,,HIGH,https://previouspage.co.uk/magazines/BMX%20Action%20Bike/issues/62-july-nineteen-eighty-three,Dated/period placement
CHR-0333,1983,1983,July 1983,Johar; Lee Cooper; Tim March; Clark’s; Superline; Kuwahara,Trick Stuff July product announcements,Product announcement / kit,v1.2 chronological census,EPH-0333,,HIGH,https://previouspage.co.uk/magazines/BMX%20Action%20Bike/issues/62-july-nineteen-eighty-three,Dated/period placement
CHR-0334,1983,1983,July 1983,City BMX,City BMX racewear and protective-equipment price advertisement,Retailer advertisement / price list,v1.2 chronological census,EPH-0334,,HIGH,https://previouspage.co.uk/magazines/BMX%20Action%20Bike/issues/62-july-nineteen-eighty-three,Dated/period placement
CHR-0335,1983,1983,July 1983,Bates Cycles; Dave Kane Cycles; Conway; Haro; Silverfox; Superfox,Bates Cycles and regional dealer stock advertisement,Dealer/shop advertisement,v1.2 chronological census,EPH-0335,,HIGH,https://previouspage.co.uk/magazines/BMX%20Action%20Bike/issues/62-july-nineteen-eighty-three,Dated/period placement
CHR-0336,1983,1983,July 1983,SportsPlus,SportsPlus BMX track-design and landscaping service,Product literature,v1.2 chronological census,EPH-0336,,HIGH,https://previouspage.co.uk/magazines/BMX%20Action%20Bike/issues/62-july-nineteen-eighty-three,Dated/period placement
CHR-0337,1983,1983,July 1983,BMX Video; BMX Action Bike,BMX Video USA professional-action mailer,Product literature,v1.2 chronological census,EPH-0337,,HIGH,https://previouspage.co.uk/magazines/BMX%20Action%20Bike/issues/62-july-nineteen-eighty-three,Dated/period placement
CHR-0338,1983,1983,July 1983,BMX Action Bike; UKBMX Publications,BMX Action Bike ten-issue subscription offer,Catalog mailer,v1.2 chronological census,EPH-0338,,HIGH,https://previouspage.co.uk/magazines/BMX%20Action%20Bike/issues/62-july-nineteen-eighty-three,Dated/period placement
CHR-0339,1983,1983,July 1983,Doug Wickens Cycles; Kuwahara; Silverfox; Diatron; Firebird,"Doug Wickens Cycles bike, helmet, and Firebird price advertisement",Retailer advertisement / price list,v1.2 chronological census,EPH-0339,,HIGH,https://previouspage.co.uk/magazines/BMX%20Action%20Bike/issues/62-july-nineteen-eighty-three,Dated/period placement
CHR-0340,1983,1983,July 1983,Len’s BMX Centre,Len’s BMX Centre bikes and parts price advertisement,Retailer advertisement / price list,v1.2 chronological census,EPH-0340,,HIGH,https://previouspage.co.uk/magazines/BMX%20Action%20Bike/issues/62-july-nineteen-eighty-three,Dated/period placement
CHR-0341,1983,1983,July 1983,Darren Stock; Halfords; Suntour; Steve Wilson; Diamond Back,Darren Stock Me & My Bikes profile,Archive collection,v1.2 chronological census,EPH-0341,,HIGH,https://previouspage.co.uk/magazines/BMX%20Action%20Bike/issues/62-july-nineteen-eighty-three,Dated/period placement
CHR-0342,1983,1983,July 1983,OT Cycles; ACS; Firebird,OT Cycles custom-colour BMX wheel service,Product announcement / kit,v1.2 chronological census,EPH-0342,,HIGH,https://previouspage.co.uk/magazines/BMX%20Action%20Bike/issues/62-july-nineteen-eighty-three,Dated/period placement
CHR-0343,1983,1983,July 1983,Skyway; Freewheeler Leisure Products,"Skyway Tuff Wheel II, mini wheel, pedals, and pad updates",Product announcement / kit,v1.2 chronological census,EPH-0343,,HIGH,https://previouspage.co.uk/magazines/BMX%20Action%20Bike/issues/62-july-nineteen-eighty-three,Dated/period placement
CHR-0251,1983,1983,June 1983,Haro Designs; Gecko Leisure Products; Shiner,Haro Software brochure and decals offer,Information-pack mailer,v1.2 chronological census,EPH-0251,,HIGH,https://previouspage.co.uk/magazines/BMX%20Action%20Bike/issues/61-june-nineteen-eighty-three,Dated/period placement
CHR-0252,1983,1983,June 1983,Strongs Bicycles; Oakley; Shimano; Araya; Haro; Suntour,Strongs Bicycles mail-order component list and free sticker-brochure offer,Dealer price-list / sticker offer,v1.2 chronological census,EPH-0252,,HIGH,https://previouspage.co.uk/magazines/BMX%20Action%20Bike/issues/61-june-nineteen-eighty-three,Dated/period placement
CHR-0253,1983,1983,June 1983,SR Cycles; SR Jets; Kuwahara; Mongoose; Redline; GT,"SR Cycles bike-stock, deposit, and free-delivery advertisement",Dealer/shop advertisement,v1.2 chronological census,EPH-0253,,HIGH,https://previouspage.co.uk/magazines/BMX%20Action%20Bike/issues/61-june-nineteen-eighty-three,Dated/period placement
CHR-0254,1983,1983,June 1983,Spokes; Tange; Shimano; Kenda; Takagi,Spokes Tange FMX 200 complete-bike advertisement,Retailer advertisement / price list,v1.2 chronological census,EPH-0254,,HIGH,https://previouspage.co.uk/magazines/BMX%20Action%20Bike/issues/61-june-nineteen-eighty-three,Dated/period placement
CHR-0255,1983,1983,June 1983,King Sticker,King Sticker thirty-sticker and rub-on mailer,Information-pack mailer,v1.2 chronological census,EPH-0255,,HIGH,https://previouspage.co.uk/magazines/BMX%20Action%20Bike/issues/61-june-nineteen-eighty-three,Dated/period placement
CHR-0256,1983,1983,June 1983,BMX Action Bike,BMX election candidate pledge form,Promotional announcement / naming contest,v1.2 chronological census,EPH-0256,,HIGH,https://previouspage.co.uk/magazines/BMX%20Action%20Bike/issues/61-june-nineteen-eighty-three,Dated/period placement
CHR-0257,1983,1983,June 1983,Diamond Back; Harry Leary; Aero; Haro; Oakley,Diamond Back Traffic Jammin’ 1983 product and factory-team campaign,Team/product advertisement,v1.2 chronological census,EPH-0257,,HIGH,https://previouspage.co.uk/magazines/BMX%20Action%20Bike/issues/61-june-nineteen-eighty-three,Dated/period placement
CHR-0258,1983,1983,June 1983,Rapido,Rapido BMX frame and component advertisement,Product literature,v1.2 chronological census,EPH-0258,,HIGH,https://previouspage.co.uk/magazines/BMX%20Action%20Bike/issues/61-june-nineteen-eighty-three,Dated/period placement
CHR-0259,1983,1983,June 1983,BMX Action Bike; UKBMX Publications,BMX Action Bike back-copy mailer,Catalog mailer,v1.2 chronological census,EPH-0259,,HIGH,https://previouspage.co.uk/magazines/BMX%20Action%20Bike/issues/61-june-nineteen-eighty-three,Dated/period placement
CHR-0260,1983,1983,June 1983,DP Racing; Firebird,DP Racing Firebird frame-and-fork order form,Retailer advertisement / price list,v1.2 chronological census,EPH-0260,,HIGH,https://previouspage.co.uk/magazines/BMX%20Action%20Bike/issues/61-june-nineteen-eighty-three,Dated/period placement
CHR-0261,1983,1983,June 1983,BMX Action Bike; UKBMX Publications,BMX Action Bike blue-and-gold binder offer,Catalog mailer,v1.2 chronological census,EPH-0261,,HIGH,https://previouspage.co.uk/magazines/BMX%20Action%20Bike/issues/61-june-nineteen-eighty-three,Dated/period placement
CHR-0262,1983,1983,June 1983,BMX Action Bike; UKBMX Publications,BMX Action Bike blue-and-yellow race-shirt offer,Information-pack mailer,v1.2 chronological census,EPH-0262,,HIGH,https://previouspage.co.uk/magazines/BMX%20Action%20Bike/issues/61-june-nineteen-eighty-three,Dated/period placement
CHR-0263,1983,1983,June 1983,Torker; UK distributor unresolved from indexed alignment,"Torker 260, 280X, and 340 complete-bike price advertisement",Retailer advertisement / price list,v1.2 chronological census,EPH-0263,,MEDIUM-HIGH,https://previouspage.co.uk/magazines/BMX%20Action%20Bike/issues/61-june-nineteen-eighty-three,Dated/period placement
CHR-0264,1983,1983,June 1983,Big W; ACS; Skyway; Araya; Tange; Haro; DP Racing,"Big W BMX frame, wheel, fork, crank, helmet, and book specials",Retailer advertisement / price list,v1.2 chronological census,EPH-0264,,HIGH,https://previouspage.co.uk/magazines/BMX%20Action%20Bike/issues/61-june-nineteen-eighty-three,Dated/period placement
CHR-0265,1983,1983,June 1983,DP Racing; BMX Action Bike,DP Firebird complete-bike editorial test,Product-history object,v1.2 chronological census,EPH-0265,,HIGH,https://previouspage.co.uk/magazines/BMX%20Action%20Bike/issues/61-june-nineteen-eighty-three,Dated/period placement
CHR-0266,1983,1983,June 1983,DP Racing; Firebird; Reynolds,Firebird Delta II frame announcement,Product announcement / kit,v1.2 chronological census,EPH-0266,,HIGH,https://previouspage.co.uk/magazines/BMX%20Action%20Bike/issues/61-june-nineteen-eighty-three,Dated/period placement
CHR-0267,1983,1983,June 1983,BMX Action Bike; Bell; Skyway; Diamond Back,Best of 1982 prize-winner follow-up,Archive collection,v1.2 chronological census,EPH-0267,,HIGH,https://previouspage.co.uk/magazines/BMX%20Action%20Bike/issues/61-june-nineteen-eighty-three,Dated/period placement
CHR-0268,1983,1983,June 1983,BMX Action Bike; Moto-X Fox,Moto-X Fox reader-photo competition,Contest entry form / promotion,v1.2 chronological census,EPH-0268,,HIGH,https://previouspage.co.uk/magazines/BMX%20Action%20Bike/issues/61-june-nineteen-eighty-three,Dated/period placement
CHR-0269,1983,1983,June 1983,BMX Action Bike; UKBMX; NBMXA; regional organizers,June 1983 BMX race calendar,Event notice / contact flyer,v1.2 chronological census,EPH-0269,,HIGH,https://previouspage.co.uk/magazines/BMX%20Action%20Bike/issues/61-june-nineteen-eighty-three,Dated/period placement
CHR-0270,1983,1983,June 1983,Isle of Wight BMX organizers; BMX Action Bike,Isle of Wight inaugural BMX meeting report,Archive collection,v1.2 chronological census,EPH-0270,,HIGH,https://previouspage.co.uk/magazines/BMX%20Action%20Bike/issues/61-june-nineteen-eighty-three,Dated/period placement
CHR-0271,1983,1983,June 1983,BMX Superstore; Kuwahara,BMX Superstore Kuwahara E.T. Replica special,Retailer advertisement / price list,v1.2 chronological census,EPH-0271,,HIGH,https://previouspage.co.uk/magazines/BMX%20Action%20Bike/issues/61-june-nineteen-eighty-three,Dated/period placement
CHR-0272,1983,1983,June 1983,Team Henderson BMX Mail Order Centre; Haro; California Lite; CW; Renthal,Team Henderson mail-order parts and free-sticker offer,Dealer price-list / sticker offer,v1.2 chronological census,EPH-0272,,HIGH,https://previouspage.co.uk/magazines/BMX%20Action%20Bike/issues/61-june-nineteen-eighty-three,Dated/period placement
CHR-0273,1983,1983,June 1983,Langsett Cycles; MX 100; Sharp; Elina; Suntour; Haro,Langsett Cycles BMX parts price advertisement,Retailer advertisement / price list,v1.2 chronological census,EPH-0273,,HIGH,https://previouspage.co.uk/magazines/BMX%20Action%20Bike/issues/61-june-nineteen-eighty-three,Dated/period placement
CHR-0274,1983,1983,June 1983,BMX Centre Mousehole; Mongoose; Kuwahara; Torker; GT; Robinson,BMX Centre Mousehole stock and mail-order advertisement,Dealer/shop advertisement,v1.2 chronological census,EPH-0274,,HIGH,https://previouspage.co.uk/magazines/BMX%20Action%20Bike/issues/61-june-nineteen-eighty-three,Dated/period placement
CHR-0275,1983,1983,June 1983,BMX Action Bike; UKBMX Publications,BMX Action Bike monthly subscription promotion,Catalog mailer,v1.2 chronological census,EPH-0275,,HIGH,https://previouspage.co.uk/magazines/BMX%20Action%20Bike/issues/61-june-nineteen-eighty-three,Dated/period placement
CHR-0276,1983,1983,June 1983,BMX Action Bike; UKBMX Publications,ABMX free Sales and Swaps coupon,Dealer advertisement / price-list lead,v1.2 chronological census,EPH-0276,,HIGH,https://previouspage.co.uk/magazines/BMX%20Action%20Bike/issues/61-june-nineteen-eighty-three,Dated/period placement
CHR-0277,1983,1983,June 1983,BMX Action Bike; Ammaco,Ammaco Team Pro prize-bike competition,Contest entry form / promotion,v1.2 chronological census,EPH-0277,,HIGH,https://previouspage.co.uk/magazines/BMX%20Action%20Bike/issues/61-june-nineteen-eighty-three,Dated/period placement
CHR-0278,1983,1983,June 1983,Rivat; March Racing Developments,Rivat BMX shoe advertisement,Retailer advertisement / price list,v1.2 chronological census,EPH-0278,,HIGH,https://previouspage.co.uk/magazines/BMX%20Action%20Bike/issues/61-june-nineteen-eighty-three,Dated/period placement
CHR-0279,1983,1983,June 1983,Halfords; BMX Action Bike; Bob Haro,Halfords NEC indoor championship report,Archive collection,v1.2 chronological census,EPH-0279,,HIGH,https://previouspage.co.uk/magazines/BMX%20Action%20Bike/issues/61-june-nineteen-eighty-three,Dated/period placement
CHR-0280,1983,1983,June 1983,Grasby BMX; BMX Action Bike,Grasby track-focus course guide,Archive collection,v1.2 chronological census,EPH-0280,,HIGH,https://previouspage.co.uk/magazines/BMX%20Action%20Bike/issues/61-june-nineteen-eighty-three,Dated/period placement
CHR-0281,1983,1983,June 1983,ACS; Gecko Leisure Products,ACS Z Rims guarantee advertisement,Product literature,v1.2 chronological census,EPH-0281,,HIGH,https://previouspage.co.uk/magazines/BMX%20Action%20Bike/issues/61-june-nineteen-eighty-three,Dated/period placement
CHR-0282,1983,1983,June 1983,BMX Action Bike; IRC; National; Mitsuboshi,Grease Monkey tyre-selection guide,Product literature,v1.2 chronological census,EPH-0282,,HIGH,https://previouspage.co.uk/magazines/BMX%20Action%20Bike/issues/61-june-nineteen-eighty-three,Dated/period placement
CHR-0283,1983,1983,June 1983,Supertune BMX Racing; GT; Diamond Back; Robinson; Suntour; Oakley,Supertune BMX comprehensive mail-order price list,Retailer advertisement / price list,v1.2 chronological census,EPH-0283,,HIGH,https://previouspage.co.uk/magazines/BMX%20Action%20Bike/issues/61-june-nineteen-eighty-three,Dated/period placement
CHR-0284,1983,1983,June 1983,Yes Products,Yes Products dealer trade-promotion quiz,Dealer/shop advertisement,v1.2 chronological census,EPH-0284,,HIGH,https://previouspage.co.uk/magazines/BMX%20Action%20Bike/issues/61-june-nineteen-eighty-three,Dated/period placement
CHR-0285,1983,1983,June 1983,California Lite; Johar of California; Harry Leary; Perry Kramer; Clint Miller; Toby Henderson,California Lite pad-system pro endorsement advertisement,Product literature,v1.2 chronological census,EPH-0285,,HIGH,https://previouspage.co.uk/magazines/BMX%20Action%20Bike/issues/61-june-nineteen-eighty-three,Dated/period placement
CHR-0286,1983,1983,June 1983,BMX Action Bike; UKBMX; NBMXA; Ammaco-Mongoose,Sidehack racing feature,Archive collection,v1.2 chronological census,EPH-0286,,HIGH,https://previouspage.co.uk/magazines/BMX%20Action%20Bike/issues/61-june-nineteen-eighty-three,Dated/period placement
CHR-0287,1983,1983,June 1983,Diatron; Wildcat,Diatron Wildcat helmet and racewear advertisement,Retailer advertisement / price list,v1.2 chronological census,EPH-0287,,HIGH,https://previouspage.co.uk/magazines/BMX%20Action%20Bike/issues/61-june-nineteen-eighty-three,Dated/period placement
CHR-0288,1983,1983,June 1983,Bob Haro; Haro; BMX Action Bike,Haro Freestyle Moves aerial instructional extract,Product literature,v1.2 chronological census,EPH-0288,,HIGH,https://previouspage.co.uk/magazines/BMX%20Action%20Bike/issues/61-june-nineteen-eighty-three,Dated/period placement
CHR-0289,1983,1983,June 1983,NBMXA,NBMXA rulebook and membership offer,Event registration coupon,v1.2 chronological census,EPH-0289,,HIGH,https://previouspage.co.uk/magazines/BMX%20Action%20Bike/issues/61-june-nineteen-eighty-three,Dated/period placement
CHR-0290,1983,1983,June 1983,Ammaco; Mongoose; Wayne Llewellyn,Ammaco Team Mongoose championship advertisement,Team advertisement,v1.2 chronological census,EPH-0290,,HIGH,https://previouspage.co.uk/magazines/BMX%20Action%20Bike/issues/61-june-nineteen-eighty-three,Dated/period placement
CHR-0291,1983,1983,June 1983,Desert Rats; Ritchey; BMX Action Bike,Desert Rats Sahara cruiser expedition,Archive collection,v1.2 chronological census,EPH-0291,,HIGH,https://previouspage.co.uk/magazines/BMX%20Action%20Bike/issues/61-june-nineteen-eighty-three,Dated/period placement
CHR-0292,1983,1983,June 1983,Superbike BMX Centre; SB Racing; Oakley; Vector; JMC; CW; Patterson,Superbike BMX Centre frame and component advertisement,Retailer advertisement / price list,v1.2 chronological census,EPH-0292,,HIGH,https://previouspage.co.uk/magazines/BMX%20Action%20Bike/issues/61-june-nineteen-eighty-three,Dated/period placement
CHR-0293,1983,1983,June 1983,Faze7; Araya; Ukai; Suzue; ACS; Skyway; Panaracer,Faze7 one-and-three-eighth-inch wheel and tyre price advertisement,Retailer advertisement / price list,v1.2 chronological census,EPH-0293,,HIGH,https://previouspage.co.uk/magazines/BMX%20Action%20Bike/issues/61-june-nineteen-eighty-three,Dated/period placement
CHR-0294,1983,1983,June 1983,UKBMX; Gary Smith,UKBMX Europeans and Worlds coach-tour offer,Tour promotion / route notice,v1.2 chronological census,EPH-0294,,HIGH,https://previouspage.co.uk/magazines/BMX%20Action%20Bike/issues/61-june-nineteen-eighty-three,Dated/period placement
CHR-0295,1983,1983,June 1983,UKBMX,UKBMX points calendar and membership application,Event registration coupon,v1.2 chronological census,EPH-0295,,HIGH,https://previouspage.co.uk/magazines/BMX%20Action%20Bike/issues/61-june-nineteen-eighty-three,Dated/period placement
CHR-031,1983,1983,October 1983,SR Cycles; SR Jets,SR Cycles product and team promotion,Dealer/shop advertisement,v0.9,EPH-0061,,MEDIUM-HIGH,https://previouspage.co.uk/magazines/BMX%20Action%20Bike/issues/85-october-nineteen-eighty-three,Dated/period placement
CHR-0449,1983,1983,October 1983,ACS; Mike Buff,ACS Z-Wheels Mike Buff technology campaign,Product literature,v1.2 chronological census,EPH-0449,,HIGH,https://previouspage.co.uk/issues/85-october-nineteen-eighty-three,Dated/period placement
CHR-0450,1983,1983,October 1983,Torker; UK distributor,"Torker 260, 280X, and 340 October price advertisement",Retailer advertisement / price list,v1.2 chronological census,EPH-0450,,HIGH,https://previouspage.co.uk/issues/85-october-nineteen-eighty-three,Dated/period placement
CHR-0451,1983,1983,October 1983,Big W,Big W October BMX specials,Retailer advertisement / price list,v1.2 chronological census,EPH-0451,,HIGH,https://previouspage.co.uk/issues/85-october-nineteen-eighty-three,Dated/period placement
CHR-0452,1983,1983,October 1983,BMX Action Bike; UKBMX; NBMXA; regional organizers,October 1983 BMX race calendar,Event notice / contact flyer,v1.2 chronological census,EPH-0452,,HIGH,https://previouspage.co.uk/issues/85-october-nineteen-eighty-three,Dated/period placement
CHR-0453,1983,1983,October 1983,BMX Action Bike; Marlboro,Marlboro Zapper bicycle recognition giveaway,Contest entry form / promotion,v1.2 chronological census,EPH-0453,,HIGH,https://previouspage.co.uk/issues/85-october-nineteen-eighty-three,Dated/period placement
CHR-0454,1983,1983,October 1983,BMX Action Bike; home builders,Backyard quarter-pipe construction and riding feature,Product literature,v1.2 chronological census,EPH-0454,,HIGH,https://previouspage.co.uk/issues/85-october-nineteen-eighty-three,Dated/period placement
CHR-0455,1983,1983,October 1983,IBMXF; Clint Miller; Greg Hill; international teams,1983 IBMXF World Championships Slagharen report,Archive collection,v1.2 chronological census,EPH-0455,,HIGH,https://previouspage.co.uk/issues/85-october-nineteen-eighty-three,Dated/period placement
CHR-0456,1983,1983,October 1983,BMX Action Bike; Geoff Barraclough; Ian Buckden,Grease Monkey chain and transmission maintenance guide,Product literature,v1.2 chronological census,EPH-0456,,HIGH,https://previouspage.co.uk/issues/85-october-nineteen-eighty-three,Dated/period placement
CHR-0457,1983,1983,October 1983,Patterson; BMX Action Bike,Patterson Pro frame-and-fork editorial test,Product-history object,v1.2 chronological census,EPH-0457,,HIGH,https://previouspage.co.uk/issues/85-october-nineteen-eighty-three,Dated/period placement
CHR-0458,1983,1983,October 1983,Clint Miller; Kuwahara; Craig Kundig,Clint Miller Making of a World Champion profile,Archive collection,v1.2 chronological census,EPH-0458,,HIGH,https://previouspage.co.uk/issues/85-october-nineteen-eighty-three,Dated/period placement
CHR-0459,1983,1983,October 1983,NBMXA,NBMXA affiliated-club and rulebook noticeboard,Archive collection,v1.2 chronological census,EPH-0459,,HIGH,https://previouspage.co.uk/issues/85-october-nineteen-eighty-three,Dated/period placement
CHR-0460,1983,1983,October 1983,UKBMX,UKBMX October membership and insurance application,Event registration coupon,v1.2 chronological census,EPH-0460,,HIGH,https://previouspage.co.uk/issues/85-october-nineteen-eighty-three,Dated/period placement
CHR-0461,1983,1983,October 1983,BMX Action Bike; UKBMX Publications,ABMX October Sales and Swaps marketplace,Dealer advertisement / price-list lead,v1.2 chronological census,EPH-0461,,HIGH,https://previouspage.co.uk/issues/85-october-nineteen-eighty-three,Dated/period placement
CHR-0462,1983,1983,October 1983,Diamond Back; BMX Action Bike,Diamond Back Viper thrash test,Product-history object,v1.2 chronological census,EPH-0462,,HIGH,https://previouspage.co.uk/issues/85-october-nineteen-eighty-three,Dated/period placement
CHR-0463,1983,1983,October 1983,Neil Stevens; BMX Action Bike,Neil Stevens freestyle hop-back guide,Product literature,v1.2 chronological census,EPH-0463,,HIGH,https://previouspage.co.uk/issues/85-october-nineteen-eighty-three,Dated/period placement
CHR-0464,1983,1983,October 1983,Craig Strong; BMX Action Bike,Craig Strong Me & My Bike profile,Archive collection,v1.2 chronological census,EPH-0464,,HIGH,https://previouspage.co.uk/issues/85-october-nineteen-eighty-three,Dated/period placement
CHR-0465,1983,1983,October 1983,Pedal Pushers; Kuwahara; GT; Diamond Back,Pedal Pushers October mail-order price list,Retailer advertisement / price list,v1.2 chronological census,EPH-0465,,HIGH,https://previouspage.co.uk/issues/85-october-nineteen-eighty-three,Dated/period placement
CHR-0466,1983,1983,October 1983,Stechford Cycles; Tange; ACS; Yes; CW; Haro,Stechford Cycles October component price list,Retailer advertisement / price list,v1.2 chronological census,EPH-0466,,HIGH,https://previouspage.co.uk/issues/85-october-nineteen-eighty-three,Dated/period placement
CHR-0467,1983,1983,October 1983,Oakley,Oakley sliders and legaiters protective-apparel announcement,Product announcement / kit,v1.2 chronological census,EPH-0467,,HIGH,https://previouspage.co.uk/issues/85-october-nineteen-eighty-three,Dated/period placement
CHR-0468,1983,1983,October 1983,Faze 7; Skyway; ACS; Redline; Shimano,"Faze 7 October wheel, component, and complete-bike price list",Retailer advertisement / price list,v1.2 chronological census,EPH-0468,,HIGH,https://previouspage.co.uk/issues/85-october-nineteen-eighty-three,Dated/period placement
CHR-0469,1983,1983,October 1983,DP Racing; Firebird; Reynolds,Firebird Delta II October engineering campaign,Product literature,v1.2 chronological census,EPH-0469,,HIGH,https://previouspage.co.uk/issues/85-october-nineteen-eighty-three,Dated/period placement
CHR-0470,1983,1983,October 1983,Supertune BMX Racing; GT; Diamond Back; Shimano; Oakley,Supertune BMX October mail-order catalogue,Retailer advertisement / price list,v1.2 chronological census,EPH-0470,,HIGH,https://previouspage.co.uk/issues/85-october-nineteen-eighty-three,Dated/period placement
CHR-0471,1983,1983,October 1983,CW; Hotwheels,CW winning-racer handlebar campaign,Product literature,v1.2 chronological census,EPH-0471,,HIGH,https://previouspage.co.uk/issues/85-october-nineteen-eighty-three,Dated/period placement
CHR-0472,1983,1983,October 1983,Haro Designs; Shiner; Gecko,Haro Tech numberplate brochure offer,Information-pack mailer,v1.2 chronological census,EPH-0472,,HIGH,https://previouspage.co.uk/issues/85-october-nineteen-eighty-three,Dated/period placement
CHR-0473,1983,1983,October 1983,Schofield Cycles; Skyway; Robinson; PK Ripper,Schofield Cycles frameset price list,Retailer advertisement / price list,v1.2 chronological census,EPH-0473,,HIGH,https://previouspage.co.uk/issues/85-october-nineteen-eighty-three,Dated/period placement
CHR-0474,1983,1983,October 1983,KD Racing; Diamond Back; Mongoose; Kuwahara,KD Racing October brand-stock and indoor-track advertisement,Dealer/shop advertisement,v1.2 chronological census,EPH-0474,,HIGH,https://previouspage.co.uk/issues/85-october-nineteen-eighty-three,Dated/period placement
CHR-0475,1983,1983,October 1983,Just BMX; Skyway; Diamond Back; Takagi,Just BMX October special-offer price list,Retailer advertisement / price list,v1.2 chronological census,EPH-0475,,HIGH,https://previouspage.co.uk/issues/85-october-nineteen-eighty-three,Dated/period placement
CHR-0476,1983,1983,October 1983,Retro Products,Retro British component line advertisement,Product announcement / kit,v1.2 chronological census,EPH-0476,,HIGH,https://previouspage.co.uk/issues/85-october-nineteen-eighty-three,Dated/period placement
CHR-0477,1983,1983,October 1983,UK BMX dealers,Avon and national BMX dealer directory,Manufacturer/distributor catalog page,v1.2 chronological census,EPH-0477,,HIGH,https://previouspage.co.uk/issues/85-october-nineteen-eighty-three,Dated/period placement
CHR-0478,1983,1983,October 1983,Marlboro; Zapper,Marlboro Zapper force bicycle campaign,Magazine advertisement,v1.2 chronological census,EPH-0478,,HIGH,https://previouspage.co.uk/issues/85-october-nineteen-eighty-three,Dated/period placement
CHR-0479,1983,1983,October 1983,IBMXF,IBMXF 1984 World Championship rule-change notice,Archive collection,v1.2 chronological census,EPH-0479,,HIGH,https://previouspage.co.uk/issues/85-october-nineteen-eighty-three,Dated/period placement
CHR-0480,1983,1983,October 1983,IBMXF; British riders,1983 Worlds Best of British results,Archive collection,v1.2 chronological census,EPH-0480,,HIGH,https://previouspage.co.uk/issues/85-october-nineteen-eighty-three,Dated/period placement
CHR-0481,1983,1983,October 1983,Leechi; Landar Components,Leechi BMX brake-component advertisement,Product literature,v1.2 chronological census,EPH-0481,,HIGH,https://previouspage.co.uk/issues/85-october-nineteen-eighty-three,Dated/period placement
CHR-0482,1983,1983,October 1983,Halfords; Kashimax; Trax Pro; Dia-Compe,Halfords October BMX accessories campaign,Retailer advertisement / price list,v1.2 chronological census,EPH-0482,,HIGH,https://previouspage.co.uk/issues/85-october-nineteen-eighty-three,Dated/period placement
CHR-0483,1983,1983,October 1983,Edwardes BMX Centre; Mongoose; JAG; Suzue,Edwardes BMX Centre October new-product list,Retailer advertisement / price list,v1.2 chronological census,EPH-0483,,HIGH,https://previouspage.co.uk/issues/85-october-nineteen-eighty-three,Dated/period placement
CHR-0484,1983,1983,October 1983,MT Racing; SmartFox; SilverFox; SuperFox,MT Racing Fox Factor bicycle campaign,Magazine advertisement,v1.2 chronological census,EPH-0484,,HIGH,https://previouspage.co.uk/issues/85-october-nineteen-eighty-three,Dated/period placement
CHR-0485,1983,1983,October 1983,Ian Johnson Bikesport; Diamond Back,Ian Johnson Bikesport Belfast BMX advertisement,Dealer/shop advertisement,v1.2 chronological census,EPH-0485,,HIGH,https://previouspage.co.uk/issues/85-october-nineteen-eighty-three,Dated/period placement
CHR-0486,1983,1983,October 1983,Purley Cycle Sport,Purley Cycle Sport brand-stock advertisement,Dealer/shop advertisement,v1.2 chronological census,EPH-0486,,HIGH,https://previouspage.co.uk/issues/85-october-nineteen-eighty-three,Dated/period placement
CHR-0487,1983,1983,October 1983,Pedal Power York; Sugino,Pedal Power York flight-crank offer,Retailer advertisement / price list,v1.2 chronological census,EPH-0487,,HIGH,https://previouspage.co.uk/issues/85-october-nineteen-eighty-three,Dated/period placement
CHR-0488,1983,1983,October 1983,S. M. Bishop,Bishop’s Burner Club and BMX dealer promotion,Dealer/shop advertisement,v1.2 chronological census,EPH-0488,,HIGH,https://previouspage.co.uk/issues/85-october-nineteen-eighty-three,Dated/period placement
CHR-0489,1983,1983,October 1983,Fosters BMX Centre; Raleigh,Fosters BMX Centre October Raleigh offer,Retailer advertisement / price list,v1.2 chronological census,EPH-0489,,HIGH,https://previouspage.co.uk/issues/85-october-nineteen-eighty-three,Dated/period placement
CHR-0490,1983,1983,October 1983,BMX Cheltenham,BMX Cheltenham stock and credit advertisement,Dealer/shop advertisement,v1.2 chronological census,EPH-0490,,HIGH,https://previouspage.co.uk/issues/85-october-nineteen-eighty-three,Dated/period placement
CHR-0491,1983,1983,October 1983,Radcity; Skyway; Redline,Radcity race-frame and wheel service advertisement,Dealer/shop advertisement,v1.2 chronological census,EPH-0491,,HIGH,https://previouspage.co.uk/issues/85-october-nineteen-eighty-three,Dated/period placement
CHR-0492,1983,1983,October 1983,Yeovil BMX Shop,Yeovil BMX Shop free mail-order list,Catalog mailer,v1.2 chronological census,EPH-0492,,HIGH,https://previouspage.co.uk/issues/85-october-nineteen-eighty-three,Dated/period placement
CHR-0493,1983,1983,October 1983,BMX Centre Mousehole,BMX Centre Mousehole October stock advertisement,Dealer/shop advertisement,v1.2 chronological census,EPH-0493,,HIGH,https://previouspage.co.uk/issues/85-october-nineteen-eighty-three,Dated/period placement
CHR-0494,1983,1983,October 1983,Pedalers,Pedalers custom-build and part-exchange advertisement,Dealer/shop advertisement,v1.2 chronological census,EPH-0494,,HIGH,https://previouspage.co.uk/issues/85-october-nineteen-eighty-three,Dated/period placement
CHR-0495,1983,1983,October 1983,Doug Cycles; Huffy; Firebird; Redline,Doug Cycles October complete-bike advertisement,Retailer advertisement / price list,v1.2 chronological census,EPH-0495,,HIGH,https://previouspage.co.uk/issues/85-october-nineteen-eighty-three,Dated/period placement
CHR-0496,1983,1983,October 1983,Cranks Cycle Centre,Cranks Cycle Centre West London advertisement,Dealer/shop advertisement,v1.2 chronological census,EPH-0496,,HIGH,https://previouspage.co.uk/issues/85-october-nineteen-eighty-three,Dated/period placement
CHR-0497,1983,1983,October 1983,Queensmead Cycles; Surrey Cycles; Skyway,Queensmead and Surrey Cycles Skyway promotion,Retailer advertisement / price list,v1.2 chronological census,EPH-0497,,HIGH,https://previouspage.co.uk/issues/85-october-nineteen-eighty-three,Dated/period placement
CHR-0498,1983,1983,October 1983,Allen’s Barnsley,Allen’s Barnsley October component price list,Retailer advertisement / price list,v1.2 chronological census,EPH-0498,,HIGH,https://previouspage.co.uk/issues/85-october-nineteen-eighty-three,Dated/period placement
CHR-0499,1983,1983,October 1983,Raleigh; BMX Action Bike,Raleigh Raceline weekend event-information service,Event notice / contact flyer,v1.2 chronological census,EPH-0499,,HIGH,https://previouspage.co.uk/issues/85-october-nineteen-eighty-three,Dated/period placement
CHR-0500,1983,1983,October 1983,BMX Action Bike; UKBMX Publications,BMX Action Bike October ten-issue subscription offer,Catalog mailer,v1.2 chronological census,EPH-0500,,HIGH,https://previouspage.co.uk/issues/85-october-nineteen-eighty-three,Dated/period placement
CHR-0397,1983,1983,September 1983,ACS; Gecko Leisure Products,ACS Z-Rims no-quibble guarantee campaign,Product literature,v1.2 chronological census,EPH-0397,,HIGH,https://previouspage.co.uk/magazines/BMX%20Action%20Bike/issues/64-september-nineteen-eighty-three,Dated/period placement
CHR-0398,1983,1983,September 1983,Strongs Bicycles,Strongs Bicycles free sticker-brochure mailer,Information-pack mailer,v1.2 chronological census,EPH-0398,,HIGH,https://previouspage.co.uk/magazines/BMX%20Action%20Bike/issues/64-september-nineteen-eighty-three,Dated/period placement
CHR-0399,1983,1983,September 1983,G-Wheels,G-Wheels custom-built BMX shop advertisement,Dealer/shop advertisement,v1.2 chronological census,EPH-0399,,HIGH,https://previouspage.co.uk/magazines/BMX%20Action%20Bike/issues/64-september-nineteen-eighty-three,Dated/period placement
CHR-0400,1983,1983,September 1983,BMX Centres Lewisham and Greenwich,Lewisham and Greenwich BMX Centres stock advertisement,Dealer/shop advertisement,v1.2 chronological census,EPH-0400,,HIGH,https://previouspage.co.uk/magazines/BMX%20Action%20Bike/issues/64-september-nineteen-eighty-three,Dated/period placement
CHR-0401,1983,1983,September 1983,Patterson; Hotshot BMX Racing,Patterson Pro 4130 frame advertisement,Product literature,v1.2 chronological census,EPH-0401,,HIGH,https://previouspage.co.uk/magazines/BMX%20Action%20Bike/issues/64-september-nineteen-eighty-three,Dated/period placement
CHR-0402,1983,1983,September 1983,Hotshot BMX Racing,Hotshot imported-product line card,Manufacturer/distributor catalog page,v1.2 chronological census,EPH-0402,,HIGH,https://previouspage.co.uk/magazines/BMX%20Action%20Bike/issues/64-september-nineteen-eighty-three,Dated/period placement
CHR-0403,1983,1983,September 1983,IBMXF; Clint Miller; Louis Mears; BMX Action Bike,1983 IBMXF World Championship results report,Archive collection,v1.2 chronological census,EPH-0403,,HIGH,https://previouspage.co.uk/magazines/BMX%20Action%20Bike/issues/64-september-nineteen-eighty-three,Dated/period placement
CHR-0404,1983,1983,September 1983,Waldens BMX Headquarters,Waldens BMX Headquarters September specials,Retailer advertisement / price list,v1.2 chronological census,EPH-0404,,HIGH,https://previouspage.co.uk/magazines/BMX%20Action%20Bike/issues/64-september-nineteen-eighty-three,Dated/period placement
CHR-0405,1983,1983,September 1983,Dales Cycles,Dales Cycles Glasgow BMX headquarters advertisement,Dealer/shop advertisement,v1.2 chronological census,EPH-0405,,HIGH,https://previouspage.co.uk/magazines/BMX%20Action%20Bike/issues/64-september-nineteen-eighty-three,Dated/period placement
CHR-0406,1983,1983,September 1983,Bunney’s Bikes; Yes,Bunney’s GT Yes helmet introduction offer,Retailer advertisement / price list,v1.2 chronological census,EPH-0406,,HIGH,https://previouspage.co.uk/magazines/BMX%20Action%20Bike/issues/64-september-nineteen-eighty-three,Dated/period placement
CHR-0407,1983,1983,September 1983,Halfords; Suntour; Trax Pro; Cobra,Halfords BMX accessories price campaign,Retailer advertisement / price list,v1.2 chronological census,EPH-0407,,HIGH,https://previouspage.co.uk/magazines/BMX%20Action%20Bike/issues/64-september-nineteen-eighty-three,Dated/period placement
CHR-0408,1983,1983,September 1983,Ron Kitching; Rivat; Minoura; MKS,"Harrogate product roundup: Rivat, Minoura, MKS, and brake controls",Product announcement / kit,v1.2 chronological census,EPH-0408,,HIGH,https://previouspage.co.uk/magazines/BMX%20Action%20Bike/issues/64-september-nineteen-eighty-three,Dated/period placement
CHR-0409,1983,1983,September 1983,Surrey BMX; Kuwahara; GT; Torker; Haro; Hutch; Skyway,Surrey BMX September comprehensive price list,Retailer advertisement / price list,v1.2 chronological census,EPH-0409,,HIGH,https://previouspage.co.uk/magazines/BMX%20Action%20Bike/issues/64-september-nineteen-eighty-three,Dated/period placement
CHR-0410,1983,1983,September 1983,European BMX Championship; Tim March; Andy Patterson; BMX Action Bike,1983 European Championships Dijon deciding-round report,Archive collection,v1.2 chronological census,EPH-0410,,HIGH,https://previouspage.co.uk/magazines/BMX%20Action%20Bike/issues/64-september-nineteen-eighty-three,Dated/period placement
CHR-0411,1983,1983,September 1983,Raleigh; Danny Stabielli; Craig Schofield,Raleigh Champions of Europe Burner campaign,Team advertisement,v1.2 chronological census,EPH-0411,,HIGH,https://previouspage.co.uk/magazines/BMX%20Action%20Bike/issues/64-september-nineteen-eighty-three,Dated/period placement
CHR-0412,1983,1983,September 1983,BMX Action Bike; UKBMX; NBMXA; regional organizers,September 1983 BMX race calendar,Event notice / contact flyer,v1.2 chronological census,EPH-0412,,HIGH,https://previouspage.co.uk/magazines/BMX%20Action%20Bike/issues/64-september-nineteen-eighty-three,Dated/period placement
CHR-0413,1983,1983,September 1983,Bob Medrano; BMX Action Bike,Bob Medrano mid-air moves instructional feature,Product literature,v1.2 chronological census,EPH-0413,,HIGH,https://previouspage.co.uk/magazines/BMX%20Action%20Bike/issues/64-september-nineteen-eighty-three,Dated/period placement
CHR-0414,1983,1983,September 1983,BMX Action Bike; Skyway,Skyway TA frame-and-fork giveaway,Contest entry form / promotion,v1.2 chronological census,EPH-0414,,HIGH,https://previouspage.co.uk/magazines/BMX%20Action%20Bike/issues/64-september-nineteen-eighty-three,Dated/period placement
CHR-0415,1983,1983,September 1983,KD Racing; Diamond Back; Mongoose; Kuwahara,KD Racing BMX brands and indoor-track advertisement,Dealer/shop advertisement,v1.2 chronological census,EPH-0415,,HIGH,https://previouspage.co.uk/magazines/BMX%20Action%20Bike/issues/64-september-nineteen-eighty-three,Dated/period placement
CHR-0416,1983,1983,September 1983,Bristol BMX retailer; Diamond Back; Mongoose; PK Ripper,Bristol custom-built BMX price advertisement,Retailer advertisement / price list,v1.2 chronological census,EPH-0416,,HIGH,https://previouspage.co.uk/magazines/BMX%20Action%20Bike/issues/64-september-nineteen-eighty-three,Dated/period placement
CHR-0417,1983,1983,September 1983,CW; Hotwheels,CW racer handlebar range advertisement,Product literature,v1.2 chronological census,EPH-0417,,HIGH,https://previouspage.co.uk/magazines/BMX%20Action%20Bike/issues/64-september-nineteen-eighty-three,Dated/period placement
CHR-0418,1983,1983,September 1983,Boss,Boss Reynolds 501 handbuilt BMX launch,Product announcement / kit,v1.2 chronological census,EPH-0418,,HIGH,https://previouspage.co.uk/magazines/BMX%20Action%20Bike/issues/64-september-nineteen-eighty-three,Dated/period placement
CHR-0419,1983,1983,September 1983,Neil Stevens; BMX Action Bike,Neil Stevens bar-hop instructional feature,Product literature,v1.2 chronological census,EPH-0419,,HIGH,https://previouspage.co.uk/magazines/BMX%20Action%20Bike/issues/64-september-nineteen-eighty-three,Dated/period placement
CHR-0420,1983,1983,September 1983,GT; Greg Hill; GB GT,"GT Greg Hill poster, stickers, and price-list mailer",Information-pack mailer,v1.2 chronological census,EPH-0420,,HIGH,https://previouspage.co.uk/magazines/BMX%20Action%20Bike/issues/64-september-nineteen-eighty-three,Dated/period placement
CHR-0421,1983,1983,September 1983,UK BMX dealer network; Diamond Back; Mongoose; Firebird; Hutch,September next-generation BMX dealer network campaign,Manufacturer/distributor catalog page,v1.2 chronological census,EPH-0421,,HIGH,https://previouspage.co.uk/magazines/BMX%20Action%20Bike/issues/64-september-nineteen-eighty-three,Dated/period placement
CHR-0422,1983,1983,September 1983,MK Cycles; Haro,MK Cycles Haro bargain and custom-wheel advertisement,Dealer/shop advertisement,v1.2 chronological census,EPH-0422,,HIGH,https://previouspage.co.uk/magazines/BMX%20Action%20Bike/issues/64-september-nineteen-eighty-three,Dated/period placement
CHR-0423,1983,1983,September 1983,BMX Action Bike; Geoff Barraclough; Ian Buckden,Grease Monkey freewheel service guide,Product literature,v1.2 chronological census,EPH-0423,,HIGH,https://previouspage.co.uk/magazines/BMX%20Action%20Bike/issues/64-september-nineteen-eighty-three,Dated/period placement
CHR-0424,1983,1983,September 1983,JMC; BMX Action Bike,JMC Mini editorial test,Product-history object,v1.2 chronological census,EPH-0424,,HIGH,https://previouspage.co.uk/magazines/BMX%20Action%20Bike/issues/64-september-nineteen-eighty-three,Dated/period placement
CHR-0425,1983,1983,September 1983,BMX Action Bike; Tim March; Jamie Vince,ABMX Scrapbook cruiser-racing feature,Archive collection,v1.2 chronological census,EPH-0425,,HIGH,https://previouspage.co.uk/magazines/BMX%20Action%20Bike/issues/64-september-nineteen-eighty-three,Dated/period placement
CHR-0426,1983,1983,September 1983,UKBMX,UKBMX national rankings noticeboard,Archive collection,v1.2 chronological census,EPH-0426,,HIGH,https://previouspage.co.uk/magazines/BMX%20Action%20Bike/issues/64-september-nineteen-eighty-three,Dated/period placement
CHR-0427,1983,1983,September 1983,Faze 7; Haro; Hutch; GT; Skyway,"Faze 7 frames, wheels, apparel, and complete-bike price list",Retailer advertisement / price list,v1.2 chronological census,EPH-0427,,HIGH,https://previouspage.co.uk/magazines/BMX%20Action%20Bike/issues/64-september-nineteen-eighty-three,Dated/period placement
CHR-0428,1983,1983,September 1983,Suntal Cycles; Diamond Back; Kuwahara; Yamaha,Suntal Cycles September complete-bike and component prices,Retailer advertisement / price list,v1.2 chronological census,EPH-0428,,HIGH,https://previouspage.co.uk/magazines/BMX%20Action%20Bike/issues/64-september-nineteen-eighty-three,Dated/period placement
CHR-0429,1983,1983,September 1983,UKBMX,UKBMX membership and insurance-extension application,Event registration coupon,v1.2 chronological census,EPH-0429,,HIGH,https://previouspage.co.uk/magazines/BMX%20Action%20Bike/issues/64-september-nineteen-eighty-three,Dated/period placement
CHR-0430,1983,1983,September 1983,Shimano; Middlemores,Shimano DX chromoly freewheel technical advertisement,Product literature,v1.2 chronological census,EPH-0430,,HIGH,https://previouspage.co.uk/magazines/BMX%20Action%20Bike/issues/64-september-nineteen-eighty-three,Dated/period placement
CHR-0431,1983,1983,September 1983,Cycling 2000; Hutch; Shimano; Skyway; ACS,Cycling 2000 September mail-order price list,Retailer advertisement / price list,v1.2 chronological census,EPH-0431,,HIGH,https://previouspage.co.uk/magazines/BMX%20Action%20Bike/issues/64-september-nineteen-eighty-three,Dated/period placement
CHR-0432,1983,1983,September 1983,Edinburgh BMX retailer; Kuwahara; Diamond Back; Mongoose,Edinburgh BMX shop September clearout and component prices,Retailer advertisement / price list,v1.2 chronological census,EPH-0432,,HIGH,https://previouspage.co.uk/magazines/BMX%20Action%20Bike/issues/64-september-nineteen-eighty-three,Dated/period placement
CHR-0433,1983,1983,September 1983,BMX Action Bike; UKBMX Publications,ABMX September Sales and Swaps marketplace,Dealer advertisement / price-list lead,v1.2 chronological census,EPH-0433,,HIGH,https://previouspage.co.uk/magazines/BMX%20Action%20Bike/issues/64-september-nineteen-eighty-three,Dated/period placement
CHR-0434,1983,1983,September 1983,Kuwahara; BMX Action Bike,Kuwahara Nova editorial test,Product-history object,v1.2 chronological census,EPH-0434,,HIGH,https://previouspage.co.uk/magazines/BMX%20Action%20Bike/issues/64-september-nineteen-eighty-three,Dated/period placement
CHR-0435,1983,1983,September 1983,Tracy McKinney; BMX Action Bike,Tracy McKinney Me & My Bike profile,Archive collection,v1.2 chronological census,EPH-0435,,HIGH,https://previouspage.co.uk/magazines/BMX%20Action%20Bike/issues/64-september-nineteen-eighty-three,Dated/period placement
CHR-0436,1983,1983,September 1983,BMX Action Bike; period manufacturers,September Trick Stuff product roundup,Product announcement / kit,v1.2 chronological census,EPH-0436,,HIGH,https://previouspage.co.uk/magazines/BMX%20Action%20Bike/issues/64-september-nineteen-eighty-three,Dated/period placement
CHR-0437,1983,1983,September 1983,BMX Action Bike; UKBMX Publications,BMX Action Bike September back-copy mailer,Catalog mailer,v1.2 chronological census,EPH-0437,,HIGH,https://previouspage.co.uk/magazines/BMX%20Action%20Bike/issues/64-september-nineteen-eighty-three,Dated/period placement
CHR-0438,1983,1983,September 1983,BMX Action Bike; UKBMX Publications,BMX Action Bike September binder offer,Catalog mailer,v1.2 chronological census,EPH-0438,,HIGH,https://previouspage.co.uk/magazines/BMX%20Action%20Bike/issues/64-september-nineteen-eighty-three,Dated/period placement
CHR-0439,1983,1983,September 1983,BMX Action Bike; UKBMX Publications,BMX Action Bike September subscription offer,Catalog mailer,v1.2 chronological census,EPH-0439,,HIGH,https://previouspage.co.uk/magazines/BMX%20Action%20Bike/issues/64-september-nineteen-eighty-three,Dated/period placement
CHR-0440,1983,1983,September 1983,King Sticker,King Sticker September packet offer,Information-pack mailer,v1.2 chronological census,EPH-0440,,HIGH,https://previouspage.co.uk/magazines/BMX%20Action%20Bike/issues/64-september-nineteen-eighty-three,Dated/period placement
CHR-0441,1983,1983,September 1983,SportsPlus,SportsPlus BMX track-design service campaign,Product literature,v1.2 chronological census,EPH-0441,,HIGH,https://previouspage.co.uk/magazines/BMX%20Action%20Bike/issues/64-september-nineteen-eighty-three,Dated/period placement
CHR-0442,1983,1983,September 1983,Skyway,Skyway coaster conversion-kit announcement,Product announcement / kit,v1.2 chronological census,EPH-0442,,HIGH,https://previouspage.co.uk/magazines/BMX%20Action%20Bike/issues/64-september-nineteen-eighty-three,Dated/period placement
CHR-0443,1983,1983,September 1983,Yes,Yes motorized-visor helmet announcement,Product announcement / kit,v1.2 chronological census,EPH-0443,,HIGH,https://previouspage.co.uk/magazines/BMX%20Action%20Bike/issues/64-september-nineteen-eighty-three,Dated/period placement
CHR-0444,1983,1983,September 1983,Hutch; Damion Myles,Hutch United Kingdom factory-team formation notice,Factory-team history,v1.2 chronological census,EPH-0444,,HIGH,https://previouspage.co.uk/magazines/BMX%20Action%20Bike/issues/64-september-nineteen-eighty-three,Dated/period placement
CHR-0445,1983,1983,September 1983,TI Reynolds; Raleigh,TI Reynolds experimental aero-tubing notice,Product announcement / kit,v1.2 chronological census,EPH-0445,,HIGH,https://previouspage.co.uk/magazines/BMX%20Action%20Bike/issues/64-september-nineteen-eighty-three,Dated/period placement
CHR-0446,1983,1983,September 1983,BMX Action Bike; local authorities and clubs,September United Kingdom BMX track-development roundup,Archive collection,v1.2 chronological census,EPH-0446,,HIGH,https://previouspage.co.uk/magazines/BMX%20Action%20Bike/issues/64-september-nineteen-eighty-three,Dated/period placement
CHR-0447,1983,1983,September 1983,BMX Action Bike,Stunting over-the-bars instructional feature,Product literature,v1.2 chronological census,EPH-0447,,HIGH,https://previouspage.co.uk/magazines/BMX%20Action%20Bike/issues/64-september-nineteen-eighty-three,Dated/period placement
CHR-0448,1983,1983,September 1983,Sid; BMX Action Bike,Sid’s Amazing Leap stunt documentation,Archive collection,v1.2 chronological census,EPH-0448,,HIGH,https://previouspage.co.uk/magazines/BMX%20Action%20Bike/issues/64-september-nineteen-eighty-three,Dated/period placement
CHR-033,1985,1985,1985,Mongoose,1985 Repco price list — Mongoose and parts,Distributor price list,v0.8,EPH-0042,,MEDIUM,https://www.bloggingadeadhorse.com/hotfoot2.php,Dated/period placement
CHR-034,1985,1985,Summer 1985,Redline,RL 20 II Prostyler first dedicated freestyle kit,Product announcement / kit,v0.8,EPH-0038,,MEDIUM-HIGH,https://www.redlinevintagebmx.com/the-rl-40-project,Dated/period placement
CHR-035,1987,1987,1987,Dia-Compe,1987 Dia-Compe 182 Aerial Brake Lever,Product literature,v0.5 inherited,EPH-0005,,MEDIUM,https://www.pinterest.com/pin/bmxmuseumcom-reference-1987-diacompe-182-aerial-brake-lever--731623901972849898/,Dated/period placement
CHR-040,1987,1987,1987,Dyno,DYNO Tour promotional stop listing,Tour promotion / route notice,v0.9,EPH-0058,,MEDIUM,https://previouspage.co.uk/magazines/BMX%20Plus/issues/244-july-nineteen-eighty-seven,Dated/period placement
CHR-042,1987,1987,1987-05-02,Local organizer; Rob Staiger contact,"Ramp Jam — Moorhead, Minnesota",Event notice / contact flyer,v0.9,EPH-0057,,MEDIUM-HIGH,https://previouspage.co.uk/magazines/BMX%20Plus/issues/243-may-nineteen-eighty-seven,Dated/period placement
CHR-036,1987,1987,1987-05-02 to 1987-05-03,AFA,AFA Expert & Pro Contest — Austin,Event entry / pre-registration advertisement,v0.9,EPH-0052,,HIGH,https://previouspage.co.uk/magazines/BMX%20Plus/issues/244-july-nineteen-eighty-seven,Dated/period placement
CHR-041,1987,1987,August 1987,GT; Dyno; Haro; Auburn,Dynamic BMX complete-bike price advertisement,Retailer advertisement / price list,v0.6,EPH-0020,,MEDIUM-HIGH for clear rows,https://previouspage.co.uk/issues/245-august-nineteen-eighty-seven,Dated/period placement
CHR-037,1987,1987,Deadline 1987-09-28; drawing 1987-10-05,GT; BMX Plus!,BMX Plus! / GT Hide-A-Contest,Contest entry form,v0.9,EPH-0053,DUP-GT-HIDE-CONTEST,HIGH for dates,https://previouspage.co.uk/issues/245-august-nineteen-eighty-seven,Dated/period placement
CHR-038,1987,1987,Deadline 1987-09-28; drawing 1987-10-05,GT; BMX Plus!,BMX Plus! / GT Hide-A-Contest entry form,Contest entry form / promotion,v0.6,EPH-0022,DUP-GT-HIDE-CONTEST,HIGH for dates,https://previouspage.co.uk/issues/245-august-nineteen-eighty-seven,Dated/period placement
CHR-039,1987,1987,July 1987,GT; Dyno; Skyway; Haro,Complete-bike mail-order price advertisement,Retailer advertisement / price list,v0.6,EPH-0021,,MEDIUM-HIGH for clear rows,https://previouspage.co.uk/magazines/BMX%20Plus/issues/244-july-nineteen-eighty-seven,Dated/period placement
CHR-043,1990,1990,1990,Haro,1990 Haro BMX Catalog,Catalog,v0.5 inherited,EPH-0004,DUP-HARO-1990-CAT,LOW-MEDIUM,https://storage.googleapis.com/dioyjtkukhpqse/haro-bmx-catalog.html,Dated/period placement
CHR-044,1990,1990,1990,Haro,1990 Haro BMX Catalog,Catalog,v0.7,EPH-0023,DUP-HARO-1990-CAT,HIGH for existence,https://archive.harobikes.com/bmx,Dated/period placement
CHR-045,1990,1990,1990,Haro,1990 Haro Group 1A,Catalog model page,v0.7,EPH-0024,,MEDIUM-HIGH,https://www.bmx-catalogue.com/haro/mid-school/1990/group-1a.html,Dated/period placement
CHR-046,1990,1990,1990,Haro,1990 Haro Group 1B,Catalog model page,v0.7,EPH-0025,,MEDIUM,https://www.bmx-catalogue.com/haro/mid-school/1990/group-1b.html,Dated/period placement
CHR-047,1990,1990,1990,Haro,1990 Haro Group 1C,Catalog model page,v0.7,EPH-0026,,MEDIUM-HIGH,https://www.bmx-catalogue.com/haro/mid-school/1990/group-1c.html,Dated/period placement
CHR-048,1990,1990,1990,Haro,1990 Haro Invert,Catalog model page,v0.7,EPH-0028,,MEDIUM-HIGH,https://www.bmx-catalogue.com/haro/mid-school/1990/invert.html,Dated/period placement
CHR-049,1990,1990,1990,Haro,1990 Haro Master / Team Master,Catalog model page,v0.7,EPH-0027,,MEDIUM-HIGH,https://www.bmx-catalogue.com/haro/mid-school/1990/master.html,Dated/period placement
CHR-050,1990,1990,1990,Haro,1990 Haro Shredder,Catalog model list,v0.7,EPH-0029,,MEDIUM,https://www.bmx-catalogue.com/advanced-search.html,Dated/period placement
CHR-051,1991,1991,1991 catalog; ad in Nov 1991,Haro; Fusion,1991 Haro/Fusion catalog offer,Catalog mailer / advertisement,v0.7,EPH-0030,DUP-HARO-1991-MAILER,HIGH for offer,https://www.previouspage.co.uk/issues/131-november-nineteen-ninety-one,Dated/period placement
CHR-052,1991,1991,Advertisement in Nov 1991,Haro; Fusion; West Coast Cycle,1991 Haro/Fusion catalog request,Catalog mailer,v0.9,EPH-0055,DUP-HARO-1991-MAILER,HIGH,https://www.previouspage.co.uk/issues/131-november-nineteen-ninety-one,Dated/period placement
CHR-053,1992,1992,1992,GT; Dyno,1992 GT/Dyno Product Catalog,Catalog,v0.5 inherited,EPH-0002,DUP-GTD-1992,MEDIUM,https://in.pinterest.com/pin/1011550766308215575/,Dated/period placement
CHR-054,1992,1992,1992,GT; Dyno,1992 GT/Dyno Product Catalog,Catalog,v0.6,EPH-0017,DUP-GTD-1992,MEDIUM,https://in.pinterest.com/pin/1011550766308215575/,Dated/period placement
CHR-055,1996,1996,1996,GT; Dyno,1996 GT/Dyno — The BMX & Freestyle Catalog,Catalog,v0.5 inherited,EPH-0001,DUP-GTD-1996,MEDIUM,https://www.pinterest.com/pin/bmxmuseumcom-reference-1996-gtdyno-the-bmx-freestyle-catalog--491877590560035755/,Dated/period placement
CHR-056,1996,1996,1996,GT; Dyno,1996 GT/Dyno — The BMX & Freestyle Catalog,Catalog,v0.6,EPH-0018,DUP-GTD-1996,MEDIUM,https://www.pinterest.com/pin/bmxmuseumcom-reference-1996-gtdyno-the-bmx-freestyle-catalog--491877590560035755/,Dated/period placement
CHR-057,1997,1997,1997,Hoffman Bikes,1997 Hoffman catalog — George model specification,Catalog,v0.5 inherited,EPH-0007,,HIGH for reference existence; MEDIUM for interpreted model data,https://bmxmuseum.com/reference/1911,Dated/period placement
CHR-058,1999,1999,1999,GT; Dyno,1999 GT/Dyno BMX/Freestyle — Part 2,Catalog,v0.5 inherited,EPH-0003,DUP-GTD-1999-P2,LOW-MEDIUM,https://www.pinterest.com/pin/bmxmuseumcom-reference-1999-gtdyno-bmxfreestyle-part-2-in-2025--798192733998105769/,Dated/period placement
CHR-059,1999,1999,1999,GT; Dyno,1999 GT/Dyno BMX/Freestyle — Part 2,Catalog,v0.6,EPH-0019,DUP-GTD-1999-P2,LOW-MEDIUM,https://www.pinterest.com/pin/bmxmuseumcom-reference-1999-gtdyno-bmxfreestyle-part-2-in-2025--798192733998105769/,Dated/period placement
CHR-060,2026,2026,Undated vintage document; public post 2026,JMC Racing; Azusa collection,Vintage JMC Racing Equipment dealer's price list from Azusa collection,Dealer price list,v0.5 inherited,EPH-0012,,LOW-MEDIUM,https://www.facebook.com/groups/553888658024748/posts/27080185384968381/,Dated/period placement
CHR-061,,,Undated,JMC Racing,JMC Racing Fliers and Price List,Combined flyer / price-list set,v0.5 inherited,EPH-0011,,MEDIUM,https://www.pinterest.com/pin/jmc-bmx-fliers-and-price-list--442478732119429034/,Year is provisional
CHR-0501,1983,1983,November 1983,ACS; Gecko Leisure Products,ACS Z-Rims November no-quibble guarantee campaign,Product literature,v2.0 chronological census,EPH-0501,,HIGH,https://previouspage.co.uk/magazines/BMX%20Action%20Bike/issues/86-november-nineteen-eighty-three,Dated/period placement
CHR-0502,1983,1983,November 1983,BMX Action Bike; Mirage; Skyway; GT; BMX promoters,ABMX November industry-news and sponsorship roundup,Archive collection,v2.0 chronological census,EPH-0502,,HIGH,https://previouspage.co.uk/magazines/BMX%20Action%20Bike/issues/86-november-nineteen-eighty-three,Dated/period placement
CHR-0503,1983,1983,November 1983,BMX Action Bike; Matt Bianco,Get On Down bicycle-dance album competition,Contest entry form / promotion,v2.0 chronological census,EPH-0503,,HIGH,https://previouspage.co.uk/magazines/BMX%20Action%20Bike/issues/86-november-nineteen-eighty-three,Dated/period placement
CHR-0504,1983,1983,November 1983,Craig Campbell; Haro; BMX Action Bike,Craig Campbell Dark Side of the Bowl profile,Archive collection,v2.0 chronological census,EPH-0504,,HIGH,https://previouspage.co.uk/magazines/BMX%20Action%20Bike/issues/86-november-nineteen-eighty-three,Dated/period placement
CHR-0505,1983,1983,November 1983,BMX Action Bike; UKBMX; NBMXA; regional organizers,November 1983 BMX race calendar,Event notice / contact flyer,v2.0 chronological census,EPH-0505,,HIGH,https://previouspage.co.uk/magazines/BMX%20Action%20Bike/issues/86-november-nineteen-eighty-three,Dated/period placement
CHR-0506,1983,1983,November 1983,Halfords; Tim Print; Darren Stock; Ian Harrison,Halfords Ahead national-champions advertisement,Team advertisement,v2.0 chronological census,EPH-0506,,HIGH,https://previouspage.co.uk/magazines/BMX%20Action%20Bike/issues/86-november-nineteen-eighty-three,Dated/period placement
CHR-0507,1983,1983,November 1983,Period BMX sticker retailer; Scott; Haro; Mongoose; Aero; Oakley,November BMX sticker and rub-on mail-order sheet,Information-pack mailer,v2.0 chronological census,EPH-0507,,HIGH,https://previouspage.co.uk/magazines/BMX%20Action%20Bike/issues/86-november-nineteen-eighty-three,Dated/period placement
CHR-0508,1983,1983,November 1983,Surrey BMX; Kuwahara; Torker; Redline; Diamond Back; GT,Surrey BMX November complete-bike and frameset price list,Retailer advertisement / price list,v2.0 chronological census,EPH-0508,,HIGH,https://previouspage.co.uk/magazines/BMX%20Action%20Bike/issues/86-november-nineteen-eighty-three,Dated/period placement
CHR-0509,1983,1983,November 1983,Torker; BMX Action Bike,Torker 280X complete-bike editorial test,Product-history object,v2.0 chronological census,EPH-0509,,HIGH,https://previouspage.co.uk/magazines/BMX%20Action%20Bike/issues/86-november-nineteen-eighty-three,Dated/period placement
CHR-0510,1983,1983,November 1983,Shimano; Middlemores,Shimano DX platform-pedal technical campaign,Product literature,v2.0 chronological census,EPH-0510,,HIGH,https://previouspage.co.uk/magazines/BMX%20Action%20Bike/issues/86-november-nineteen-eighty-three,Dated/period placement
CHR-0511,1983,1983,November 1983,BMX Action Bike; Dragon,Second Annual Readers Poll Dragon-frame giveaway,Contest entry form / promotion,v2.0 chronological census,EPH-0511,,HIGH,https://previouspage.co.uk/magazines/BMX%20Action%20Bike/issues/86-november-nineteen-eighty-three,Dated/period placement
CHR-0512,1983,1983,November 1983,BMX Action Bike; UKBMX; NBMXA; leading 1983 riders,Top Plates 1983 champion-rider profiles,Archive collection,v2.0 chronological census,EPH-0512,,HIGH,https://previouspage.co.uk/magazines/BMX%20Action%20Bike/issues/86-november-nineteen-eighty-three,Dated/period placement
CHR-0513,1983,1983,November 1983,UKBMX,Official 1983 UKBMX rider charts,Archive collection,v2.0 chronological census,EPH-0513,,HIGH,https://previouspage.co.uk/magazines/BMX%20Action%20Bike/issues/86-november-nineteen-eighty-three,Dated/period placement
CHR-0514,1983,1983,November 1983,NBMXA,Official 1983 NBMXA rider charts,Archive collection,v2.0 chronological census,EPH-0514,,HIGH,https://previouspage.co.uk/magazines/BMX%20Action%20Bike/issues/86-november-nineteen-eighty-three,Dated/period placement
CHR-0515,1983,1983,November 1983,Scottish BMX organizations,Official 1983 Scottish BMX rider charts,Archive collection,v2.0 chronological census,EPH-0515,,HIGH,https://previouspage.co.uk/magazines/BMX%20Action%20Bike/issues/86-november-nineteen-eighty-three,Dated/period placement
CHR-0516,1983,1983,November 1983,Cornish BMX organizations,Official 1983 Cornish BMX rider charts,Archive collection,v2.0 chronological census,EPH-0516,,HIGH,https://previouspage.co.uk/magazines/BMX%20Action%20Bike/issues/86-november-nineteen-eighty-three,Dated/period placement
CHR-0517,1983,1983,November 1983,BMX Action Bike; Chorley/Birmingham apparel importer,BMX Action softwear supplement advertisement,Magazine advertisement,v2.0 chronological census,EPH-0517,,HIGH,https://previouspage.co.uk/magazines/BMX%20Action%20Bike/issues/86-november-nineteen-eighty-three,Dated/period placement
CHR-0518,1983,1983,November 1983,Hot Wheels BMX Imports; JAG; Aero,Hot Wheels BMX Imports Christmas-order advertisement,Dealer/shop advertisement,v2.0 chronological census,EPH-0518,,HIGH,https://previouspage.co.uk/magazines/BMX%20Action%20Bike/issues/86-november-nineteen-eighty-three,Dated/period placement
CHR-0519,1983,1983,November 1983,Holdsworth BMX Centres; Skyway; GT; Redline; Kuwahara,Holdsworth BMX Centres November price advertisement,Retailer advertisement / price list,v2.0 chronological census,EPH-0519,,HIGH,https://previouspage.co.uk/magazines/BMX%20Action%20Bike/issues/86-november-nineteen-eighty-three,Dated/period placement
CHR-0520,1983,1983,November 1983,G-Wheels; Reynolds; Shimano,G-Wheels Dipper GS complete-bike advertisement,Retailer advertisement / price list,v2.0 chronological census,EPH-0520,,HIGH,https://previouspage.co.uk/magazines/BMX%20Action%20Bike/issues/86-november-nineteen-eighty-three,Dated/period placement
CHR-0521,1983,1983,November 1983,BMX Action Bike; UKBMX Publications,ABMX November extended Sales and Swaps marketplace,Dealer advertisement / price-list lead,v2.0 chronological census,EPH-0521,,HIGH,https://previouspage.co.uk/magazines/BMX%20Action%20Bike/issues/86-november-nineteen-eighty-three,Dated/period placement
CHR-0522,1983,1983,November 1983,BMX Action Bike,Best of 1983 Readers Poll voting form,Contest entry form / promotion,v2.0 chronological census,EPH-0522,,HIGH,https://previouspage.co.uk/magazines/BMX%20Action%20Bike/issues/86-november-nineteen-eighty-three,Dated/period placement
CHR-0523,1983,1983,November 1983,Ammaco; Mongoose; Earls Court; BMX Action Bike,Earls Court 1983 indoor-racing report,Archive collection,v2.0 chronological census,EPH-0523,,HIGH,https://previouspage.co.uk/magazines/BMX%20Action%20Bike/issues/86-november-nineteen-eighty-three,Dated/period placement
CHR-0524,1983,1983,November 1983,BMX Action Bike,Grease Monkey BMX crank maintenance guide,Product literature,v2.0 chronological census,EPH-0524,,HIGH,https://previouspage.co.uk/magazines/BMX%20Action%20Bike/issues/86-november-nineteen-eighty-three,Dated/period placement
CHR-0525,1983,1983,November 1983,Peugeot; Vitus; BMX Action Bike,Peugeot Duralinox glued-frame editorial test,Product-history object,v2.0 chronological census,EPH-0525,,HIGH,https://previouspage.co.uk/magazines/BMX%20Action%20Bike/issues/86-november-nineteen-eighty-three,Dated/period placement
CHR-0526,1983,1983,November 1983,UK BMX mail-order retailer; GT; Diamond Back; Robinson; Patterson; Torker,November full-service mail-order BMX catalogue,Retailer advertisement / price list,v2.0 chronological census,EPH-0526,,HIGH,https://previouspage.co.uk/magazines/BMX%20Action%20Bike/issues/86-november-nineteen-eighty-three,Dated/period placement
CHR-0527,1983,1983,November 1983,New British BMX association; Derby; BMX Action Bike,Best of British Championship report,Archive collection,v2.0 chronological census,EPH-0527,,HIGH,https://previouspage.co.uk/magazines/BMX%20Action%20Bike/issues/86-november-nineteen-eighty-three,Dated/period placement
CHR-0528,1983,1983,November 1983,Greg Hill Products; Aero; Hutch,November Trick Stuff Greg Hill shirt and Hutch stem,Product announcement / kit,v2.0 chronological census,EPH-0528,,HIGH,https://previouspage.co.uk/magazines/BMX%20Action%20Bike/issues/86-november-nineteen-eighty-three,Dated/period placement
CHR-0529,1983,1983,November 1983,Scott Williams; GT; BMX Action Bike,Scott Williams Me & My Bike profile,Archive collection,v2.0 chronological census,EPH-0529,,HIGH,https://previouspage.co.uk/magazines/BMX%20Action%20Bike/issues/86-november-nineteen-eighty-three,Dated/period placement
CHR-0530,1983,1983,November 1983,BMX Action Bike; W. H. Smith; Halfords,BMX Action Bike Book Christmas promotion,Product literature,v2.0 chronological census,EPH-0530,,HIGH,https://previouspage.co.uk/magazines/BMX%20Action%20Bike/issues/86-november-nineteen-eighty-three,Dated/period placement
CHR-0531,1983,1983,November 1983,BMX Action Bike,BMX Action Bike patches mailer,Information-pack mailer,v2.0 chronological census,EPH-0531,,HIGH,https://previouspage.co.uk/magazines/BMX%20Action%20Bike/issues/86-november-nineteen-eighty-three,Dated/period placement
CHR-0532,1983,1983,November 1983,Stechford Cycles; Mongoose; Raleigh; Diamond Back; Kuwahara,Stechford Cycles November Christmas-order price list,Retailer advertisement / price list,v2.0 chronological census,EPH-0532,,HIGH,https://previouspage.co.uk/magazines/BMX%20Action%20Bike/issues/86-november-nineteen-eighty-three,Dated/period placement
CHR-0533,1983,1983,November 1983,Schofield Cycles; Skyway; Araya; ACS; Puch; Haro,"Schofield Cycles November frames, wheels, and racewear prices",Retailer advertisement / price list,v2.0 chronological census,EPH-0533,,HIGH,https://previouspage.co.uk/magazines/BMX%20Action%20Bike/issues/86-november-nineteen-eighty-three,Dated/period placement
CHR-0534,1983,1983,November 1983,Puch,Puch Challenger Pro complete-bike advertisement,Magazine advertisement,v2.0 chronological census,EPH-0534,,HIGH,https://previouspage.co.uk/magazines/BMX%20Action%20Bike/issues/86-november-nineteen-eighty-three,Dated/period placement
CHR-0535,1983,1983,November 1983,United Kingdom BMX dealer network,November national BMX dealer directory,Manufacturer/distributor catalog page,v2.0 chronological census,EPH-0535,,HIGH,https://previouspage.co.uk/magazines/BMX%20Action%20Bike/issues/86-november-nineteen-eighty-three,Dated/period placement
CHR-0536,1983,1983,November 1983,Halfords; Kashimax; Trax Pro; Dia-Compe; Landar,Halfords November BMX accessories campaign,Retailer advertisement / price list,v2.0 chronological census,EPH-0536,,HIGH,https://previouspage.co.uk/magazines/BMX%20Action%20Bike/issues/86-november-nineteen-eighty-three,Dated/period placement
CHR-0537,1983,1983,November 1983,Edwardes BMX Centre; GT; Mongoose; Diamond Back; Firebird; CW,Edwardes BMX Centre November product and price list,Retailer advertisement / price list,v2.0 chronological census,EPH-0537,,HIGH,https://previouspage.co.uk/magazines/BMX%20Action%20Bike/issues/86-november-nineteen-eighty-three,Dated/period placement
CHR-0538,1983,1983,November 1983,Derby BMX Club,Derby winter open-meeting series notice,Event notice / contact flyer,v2.0 chronological census,EPH-0538,,HIGH,https://previouspage.co.uk/magazines/BMX%20Action%20Bike/issues/86-november-nineteen-eighty-three,Dated/period placement
CHR-0539,1983,1983,November 1983,Maruishi,Maruishi strong-and-styled bicycle campaign,Magazine advertisement,v2.0 chronological census,EPH-0539,,HIGH,https://previouspage.co.uk/magazines/BMX%20Action%20Bike/issues/86-november-nineteen-eighty-three,Dated/period placement
CHR-0540,1983,1983,November 1983,Mirage; Scott Williams; Mark White; Anthony Butt,Mirage number-plate first sponsored-rider announcement,Factory-team history,v2.0 chronological census,EPH-0540,,HIGH,https://previouspage.co.uk/magazines/BMX%20Action%20Bike/issues/86-november-nineteen-eighty-three,Dated/period placement
CHR-0541,1983,1984,December 1983 / January 1984,ACS; American Cycle Systems,ACS Z Rims breakage-guarantee campaign,Magazine advertisement,v2.0 chronological census,EPH-0541,,HIGH,https://previouspage.co.uk/magazines/BMX%20Action%20Bike/issues/87-december%20%2F%20january-eighty-three,Dated/period placement
CHR-0542,1983,1984,December 1983 / January 1984,Pedalers,Pedalers Christmas stock and build-to-order advertisement,Dealer/shop advertisement,v2.0 chronological census,EPH-0542,,HIGH,https://previouspage.co.uk/magazines/BMX%20Action%20Bike/issues/87-december%20%2F%20january-eighty-three,Dated/period placement
CHR-0543,1983,1984,December 1983 / January 1984,Andy Ruffell; Mongoose,Andy Ruffell media appearances and 1984 support update,Factory-team history,v2.0 chronological census,EPH-0543,,HIGH,https://previouspage.co.uk/magazines/BMX%20Action%20Bike/issues/87-december%20%2F%20january-eighty-three,Dated/period placement
CHR-0544,1983,1984,December 1983 / January 1984,Skyway; Mongoose; Eric Rupe; Tommy Brackens; Torker; Timmy Judge; Haro; Redline; Diamond Back,End-of-season US BMX team changes roundup,Factory-team history,v2.0 chronological census,EPH-0544,,HIGH,https://previouspage.co.uk/magazines/BMX%20Action%20Bike/issues/87-december%20%2F%20january-eighty-three,Dated/period placement
CHR-0545,1983,1984,December 1983 / January 1984,Harrogate; Petersfield; Plymouth; Wimborne; Edinburgh; Galashiels; Aberdeen; Glenrothes; Dudley; Henley; Isle of Wight,United Kingdom BMX track-development roundup,Product-history object,v2.0 chronological census,EPH-0545,,HIGH,https://previouspage.co.uk/magazines/BMX%20Action%20Bike/issues/87-december%20%2F%20january-eighty-three,Dated/period placement
CHR-0546,1983,1984,December 1983 / January 1984,Kuwahara; Clint Miller; Gary Ellis,Kuwahara Survivor 2.5 world-champions campaign,Team/product advertisement,v2.0 chronological census,EPH-0546,,HIGH,https://previouspage.co.uk/magazines/BMX%20Action%20Bike/issues/87-december%20%2F%20january-eighty-three,Dated/period placement
CHR-0547,1983,1984,December 1983 / January 1984,Kuwahara,Kuwahara year-long crossword prize promotion,Contest entry form / promotion,v2.0 chronological census,EPH-0547,,HIGH,https://previouspage.co.uk/magazines/BMX%20Action%20Bike/issues/87-december%20%2F%20january-eighty-three,Dated/period placement
CHR-0548,1983,1984,December 1983 / January 1984,Vans; Everett Rosecrans,Vans Everett Rosecrans rider advertisement,Team advertisement,v2.0 chronological census,EPH-0548,,HIGH,https://previouspage.co.uk/magazines/BMX%20Action%20Bike/issues/87-december%20%2F%20january-eighty-three,Dated/period placement
CHR-0549,1983,1984,December 1983 / January 1984,Bristol Bicycle Show; Mongoose; BMX Action Bike,Bristol Bicycle Show freestyle competition announcement,Event flyer / trade-exhibition notice,v2.0 chronological census,EPH-0549,,HIGH,https://previouspage.co.uk/magazines/BMX%20Action%20Bike/issues/87-december%20%2F%20january-eighty-three,Dated/period placement
CHR-0550,1983,1984,December 1983 / January 1984,Stechford Cycles,Stechford Cycles Christmas BMX product and price list,Retailer advertisement / price list,v2.0 chronological census,EPH-0550,,HIGH,https://previouspage.co.uk/magazines/BMX%20Action%20Bike/issues/87-december%20%2F%20january-eighty-three,Dated/period placement
CHR-0551,1983,1984,December 1983 / January 1984,Pedal Pushers,Pedal Pushers Christmas BMX inventory and price list,Retailer advertisement / price list,v2.0 chronological census,EPH-0551,,HIGH,https://previouspage.co.uk/magazines/BMX%20Action%20Bike/issues/87-december%20%2F%20january-eighty-three,Dated/period placement
CHR-0552,1983,1984,December 1983 / January 1984,Team Gers BMX,Team Gers mobile trackside repair workshop announcement,Product announcement / kit,v2.0 chronological census,EPH-0552,,HIGH,https://previouspage.co.uk/magazines/BMX%20Action%20Bike/issues/87-december%20%2F%20january-eighty-three,Dated/period placement
CHR-0553,1983,1984,December 1983 / January 1984,Holdsworth BMX Centres,"Holdsworth BMX Centres frame, wheel and component price list",Retailer advertisement / price list,v2.0 chronological census,EPH-0553,,HIGH,https://previouspage.co.uk/magazines/BMX%20Action%20Bike/issues/87-december%20%2F%20january-eighty-three,Dated/period placement
CHR-0554,1983,1984,December 1983 / January 1984,Ride-On MX Products,"Ride-On MX retrofit hubs, bars, posts and stunt-nuts offer",Product announcement / kit,v2.0 chronological census,EPH-0554,,HIGH,https://previouspage.co.uk/magazines/BMX%20Action%20Bike/issues/87-december%20%2F%20january-eighty-three,Dated/period placement
CHR-0555,1983,1984,December 1983 / January 1984,Langsett Cycles,Langsett Cycles Christmas complete-bike and parts price list,Retailer advertisement / price list,v2.0 chronological census,EPH-0555,,HIGH,https://previouspage.co.uk/magazines/BMX%20Action%20Bike/issues/87-december%20%2F%20january-eighty-three,Dated/period placement
CHR-0556,1983,1984,December 1983 / January 1984,SuperTune,SuperTune Christmas mail-order equipment catalog,Retailer advertisement / price list,v2.0 chronological census,EPH-0556,,HIGH,https://previouspage.co.uk/magazines/BMX%20Action%20Bike/issues/87-december%20%2F%20january-eighty-three,Dated/period placement
CHR-0557,1983,1984,December 1983 / January 1984,Halfords; BMX Action Bike,Halfords colouring competition results,Contest entry form / promotion,v2.0 chronological census,EPH-0557,,HIGH,https://previouspage.co.uk/magazines/BMX%20Action%20Bike/issues/87-december%20%2F%20january-eighty-three,Dated/period placement
CHR-0558,1983,1984,December 1983 / January 1984,Aero; Raleigh Burner; BMX Action Bike,Aero Burner competition result,Contest entry form / promotion,v2.0 chronological census,EPH-0558,,HIGH,https://previouspage.co.uk/magazines/BMX%20Action%20Bike/issues/87-december%20%2F%20january-eighty-three,Dated/period placement
CHR-0559,1983,1984,December 1983 / January 1984,Ammaco; Mongoose; CBS; Danny Owen,Ammaco-Mongoose team BMX Boys single announcement,Factory-team history,v2.0 chronological census,EPH-0559,,HIGH,https://previouspage.co.uk/magazines/BMX%20Action%20Bike/issues/87-december%20%2F%20january-eighty-three,Dated/period placement
CHR-0560,1983,1984,December 1983 / January 1984,Aero Racing Products,Aero Racing Products clothing and number-plate offer,Manufacturer/distributor catalog page,v2.0 chronological census,EPH-0560,,HIGH,https://previouspage.co.uk/magazines/BMX%20Action%20Bike/issues/87-december%20%2F%20january-eighty-three,Dated/period placement
CHR-0561,1983,1984,December 1983 / January 1984,BMX Action Bike; Purnell; Hamlyn; Reflex Publications; Haynes,Christmas BMX book roundup,Product literature,v2.0 chronological census,EPH-0561,,HIGH,https://previouspage.co.uk/magazines/BMX%20Action%20Bike/issues/87-december%20%2F%20january-eighty-three,Dated/period placement
CHR-0562,1983,1984,December 1983 / January 1984,Haro Designs; Greg Hill,Haro Software racewear technology campaign,Team/product advertisement,v2.0 chronological census,EPH-0562,,HIGH,https://previouspage.co.uk/magazines/BMX%20Action%20Bike/issues/87-december%20%2F%20january-eighty-three,Dated/period placement
CHR-0563,1983,1984,December 1983 / January 1984,OT Cycles; Haro; BMX Action Bike,OT Cycles BMX showroom expansion and book offer,Dealer/shop advertisement,v2.0 chronological census,EPH-0563,,HIGH,https://previouspage.co.uk/magazines/BMX%20Action%20Bike/issues/87-december%20%2F%20january-eighty-three,Dated/period placement
CHR-0564,1983,1984,December 1983 / January 1984,Nicky Dalton; Maruishi; South-West BMX,Nicky Dalton and Maruishi rider profile,Product-history object,v2.0 chronological census,EPH-0564,,HIGH,https://previouspage.co.uk/magazines/BMX%20Action%20Bike/issues/87-december%20%2F%20january-eighty-three,Dated/period placement
CHR-0565,1983,1984,December 1983 / January 1984,Jess Dyrenforth,Jess Dyrenforth track-in-the-woods feature,Product-history object,v2.0 chronological census,EPH-0565,,HIGH,https://previouspage.co.uk/magazines/BMX%20Action%20Bike/issues/87-december%20%2F%20january-eighty-three,Dated/period placement
CHR-0566,1983,1984,December 1983 / January 1984,DP Racing,"DP Racing Firebird, Delta II, Cruiser and Mini frame-set offer",Manufacturer/distributor catalog page,v2.0 chronological census,EPH-0566,,HIGH,https://previouspage.co.uk/magazines/BMX%20Action%20Bike/issues/87-december%20%2F%20january-eighty-three,Dated/period placement
CHR-0567,1983,1984,December 1983 / January 1984,Max Williams Bristol BMXperts,Max Williams Bristol BMXperts Christmas stock advertisement,Dealer/shop advertisement,v2.0 chronological census,EPH-0567,,HIGH,https://previouspage.co.uk/magazines/BMX%20Action%20Bike/issues/87-december%20%2F%20january-eighty-three,Dated/period placement
CHR-0568,1983,1984,December 1983 / January 1984,Mo' Wheels,Mo' Wheels ZR LR18 complete-bike advertisement,Magazine advertisement,v2.0 chronological census,EPH-0568,,HIGH,https://previouspage.co.uk/magazines/BMX%20Action%20Bike/issues/87-december%20%2F%20january-eighty-three,Dated/period placement
CHR-0569,1983,1984,December 1983 / January 1984,Bingley Hall; MBMMA,Bingley Hall winter two-day indoor open,Event notice / contact flyer,v2.0 chronological census,EPH-0569,,HIGH,https://previouspage.co.uk/magazines/BMX%20Action%20Bike/issues/87-december%20%2F%20january-eighty-three,Dated/period placement
CHR-0570,1983,1984,December 1983 / January 1984,BMX Action Bike,December 1983 BMX race calendar,Event notice / contact flyer,v2.0 chronological census,EPH-0570,,HIGH,https://previouspage.co.uk/magazines/BMX%20Action%20Bike/issues/87-december%20%2F%20january-eighty-three,Dated/period placement
CHR-0571,1983,1984,December 1983 / January 1984,Just BMX,Just BMX Christmas product and price list,Retailer advertisement / price list,v2.0 chronological census,EPH-0571,,HIGH,https://previouspage.co.uk/magazines/BMX%20Action%20Bike/issues/87-december%20%2F%20january-eighty-three,Dated/period placement
CHR-0572,1983,1984,December 1983 / January 1984,Puch; BMX Action Bike,Puch Track Invader ABMX long-term test,Product literature,v2.0 chronological census,EPH-0572,,HIGH,https://previouspage.co.uk/magazines/BMX%20Action%20Bike/issues/87-december%20%2F%20january-eighty-three,Dated/period placement
CHR-0573,1983,1984,December 1983 / January 1984,Strongs BMX,Strongs BMX neck-saver stem-shim and parts offer,Product announcement / kit,v2.0 chronological census,EPH-0573,,HIGH,https://previouspage.co.uk/magazines/BMX%20Action%20Bike/issues/87-december%20%2F%20january-eighty-three,Dated/period placement
CHR-0574,1983,1984,December 1983 / January 1984,TTK Industrial,TTK MP-808R BMX pedal technical advertisement,Product literature,v2.0 chronological census,EPH-0574,,HIGH,https://previouspage.co.uk/magazines/BMX%20Action%20Bike/issues/87-december%20%2F%20january-eighty-three,Dated/period placement
CHR-0575,1983,1984,December 1983 / January 1984,Radbourne Rad Riders,Radbourne Rad Riders local club and track record,Product-history object,v2.0 chronological census,EPH-0575,,HIGH,https://previouspage.co.uk/magazines/BMX%20Action%20Bike/issues/87-december%20%2F%20january-eighty-three,Dated/period placement
CHR-0576,1983,1984,December 1983 / January 1984,BMX Action Bike; Scottish BMX clubs,BMX Action Bike Scotland investigation,Product-history object,v2.0 chronological census,EPH-0576,,HIGH,https://previouspage.co.uk/magazines/BMX%20Action%20Bike/issues/87-december%20%2F%20january-eighty-three,Dated/period placement
CHR-0577,1983,1984,December 1983 / January 1984,Lochaber BMX; Torker,Lochaber BMX Ben Nevis Torker fundraising ride,Event prize promotion,v2.0 chronological census,EPH-0577,,HIGH,https://previouspage.co.uk/magazines/BMX%20Action%20Bike/issues/87-december%20%2F%20january-eighty-three,Dated/period placement
CHR-0578,1983,1984,December 1983 / January 1984,Bristol Bicycle Show,Bristol Bicycle Show BMX course advertisement,Event flyer / trade-exhibition notice,v2.0 chronological census,EPH-0578,,HIGH,https://previouspage.co.uk/magazines/BMX%20Action%20Bike/issues/87-december%20%2F%20january-eighty-three,Dated/period placement
CHR-0579,1983,1984,December 1983 / January 1984,Maruishi; EB Racing,Maruishi United Kingdom launch campaign,Team/product advertisement,v2.0 chronological census,EPH-0579,,HIGH,https://previouspage.co.uk/magazines/BMX%20Action%20Bike/issues/87-december%20%2F%20january-eighty-three,Dated/period placement
CHR-0580,1983,1984,December 1983 / January 1984,California Lite; Perry Kramer; Harry Leary; Toby Henderson,California Lite pads pro-rider campaign,Team/product advertisement,v2.0 chronological census,EPH-0580,,HIGH,https://previouspage.co.uk/magazines/BMX%20Action%20Bike/issues/87-december%20%2F%20january-eighty-three,Dated/period placement
CHR-0581,1983,1984,December 1983 / January 1984,Hutch; Timmy Judge; Toby Henderson; Charlie Williams,Rise and rise of Team Hutch feature,Factory-team history,v2.0 chronological census,EPH-0581,,HIGH,https://previouspage.co.uk/magazines/BMX%20Action%20Bike/issues/87-december%20%2F%20january-eighty-three,Dated/period placement
CHR-0582,1983,1984,December 1983 / January 1984,Aero; Zytec,Aero Zytec precision wheel technical advertisement,Product literature,v2.0 chronological census,EPH-0582,,HIGH,https://previouspage.co.uk/magazines/BMX%20Action%20Bike/issues/87-december%20%2F%20january-eighty-three,Dated/period placement
CHR-0583,1983,1984,December 1983 / January 1984,Weinmann,Weinmann BMX braking-system technical advertisement,Product literature,v2.0 chronological census,EPH-0583,,HIGH,https://previouspage.co.uk/magazines/BMX%20Action%20Bike/issues/87-december%20%2F%20january-eighty-three,Dated/period placement
CHR-0584,1983,1984,December 1983 / January 1984,Condor,"Condor 1, Condor 3, Condor 5 and 16-inch range advertisement",Manufacturer/distributor catalog page,v2.0 chronological census,EPH-0584,,HIGH,https://previouspage.co.uk/magazines/BMX%20Action%20Bike/issues/87-december%20%2F%20january-eighty-three,Dated/period placement
CHR-0585,1983,1984,December 1983 / January 1984,Halfords; Kashimax; Trax Pro; Landar; Suntour,Halfords Christmas BMX accessories campaign,Retailer advertisement / price list,v2.0 chronological census,EPH-0585,,HIGH,https://previouspage.co.uk/magazines/BMX%20Action%20Bike/issues/87-december%20%2F%20january-eighty-three,Dated/period placement
CHR-0586,1983,1984,December 1983 / January 1984,BMX Action Bike; Race Inc; Kuwahara; DP Racing; Condor,BMX Action Bike Bonanza reader survey and 101-prize draw,Contest entry form / promotion,v2.0 chronological census,EPH-0586,,HIGH,https://previouspage.co.uk/magazines/BMX%20Action%20Bike/issues/87-december%20%2F%20january-eighty-three,Dated/period placement
CHR-0587,1983,1984,December 1983 / January 1984,BMX Action Bike; Neil Stephens,Framestand freestyle lesson,Product-history object,v2.0 chronological census,EPH-0587,,HIGH,https://previouspage.co.uk/magazines/BMX%20Action%20Bike/issues/87-december%20%2F%20january-eighty-three,Dated/period placement
CHR-0588,1983,1984,December 1983 / January 1984,DP Racing,"DP Mini, Firebird Delta II and Freestyler product campaign",Manufacturer/distributor catalog page,v2.0 chronological census,EPH-0588,,HIGH,https://previouspage.co.uk/magazines/BMX%20Action%20Bike/issues/87-december%20%2F%20january-eighty-three,Dated/period placement
CHR-0589,1983,1984,December 1983 / January 1984,Skyway; East Hill BMX dealer,Skyway winter wheel and accessory offer,Retailer advertisement / price list,v2.0 chronological census,EPH-0589,,HIGH,https://previouspage.co.uk/magazines/BMX%20Action%20Bike/issues/87-december%20%2F%20january-eighty-three,Dated/period placement
CHR-0590,1983,1984,December 1983 / January 1984,Schofield Cycles,Schofield Cycles complete-bike and component price list,Retailer advertisement / price list,v2.0 chronological census,EPH-0590,,HIGH,https://previouspage.co.uk/magazines/BMX%20Action%20Bike/issues/87-december%20%2F%20january-eighty-three,Dated/period placement
CHR-0591,1983,1984,December 1983 / January 1984,Skyway; Bob Medrano; Bob Haro,"Skyway street, race and freestyle product-range campaign",Team/product advertisement,v2.0 chronological census,EPH-0591,,HIGH,https://previouspage.co.uk/magazines/BMX%20Action%20Bike/issues/87-december%20%2F%20january-eighty-three,Dated/period placement
CHR-0592,1983,1984,December 1983 / January 1984,JMC; Tange; Suntour,JMC Mini and headset-tuning product page,Product literature,v2.0 chronological census,EPH-0592,,HIGH,https://previouspage.co.uk/magazines/BMX%20Action%20Bike/issues/87-december%20%2F%20january-eighty-three,Dated/period placement
CHR-0593,1983,1984,December 1983 / January 1984,Puch; Steyr-Daimler-Puch,Puch BMX Invader advertisement,Magazine advertisement,v2.0 chronological census,EPH-0593,,HIGH,https://previouspage.co.uk/magazines/BMX%20Action%20Bike/issues/87-december%20%2F%20january-eighty-three,Dated/period placement
CHR-0594,1983,1984,December 1983 / January 1984,GT; GBGT,GT Team I and Team II attack campaign,Manufacturer/distributor catalog page,v2.0 chronological census,EPH-0594,,HIGH,https://previouspage.co.uk/magazines/BMX%20Action%20Bike/issues/87-december%20%2F%20january-eighty-three,Dated/period placement
CHR-0595,1983,1984,December 1983 / January 1984,BMX Action Bike; Chad Reynolds; Charlie Reynolds,One-wheel BMX unicycle experiment,Product-history object,v2.0 chronological census,EPH-0595,,HIGH,https://previouspage.co.uk/magazines/BMX%20Action%20Bike/issues/87-december%20%2F%20january-eighty-three,Dated/period placement
CHR-0596,1983,1984,December 1983 / January 1984,Curtis BMX,"Curtis BMX mini, expert, pro and cruiser frame range",Manufacturer/distributor catalog page,v2.0 chronological census,EPH-0596,,HIGH,https://previouspage.co.uk/magazines/BMX%20Action%20Bike/issues/87-december%20%2F%20january-eighty-three,Dated/period placement
CHR-0597,1983,1984,December 1983 / January 1984,Faze 7 BMX,Faze 7 Christmas complete-bike and frame-set deals,Retailer advertisement / price list,v2.0 chronological census,EPH-0597,,HIGH,https://previouspage.co.uk/magazines/BMX%20Action%20Bike/issues/87-december%20%2F%20january-eighty-three,Dated/period placement
CHR-0598,1983,1984,December 1983 / January 1984,Dave Spurdens; Hamlyn; Haro,Dave Spurdens BMX book and Haro equipment offer,Product literature,v2.0 chronological census,EPH-0598,,HIGH,https://previouspage.co.uk/magazines/BMX%20Action%20Bike/issues/87-december%20%2F%20january-eighty-three,Dated/period placement
CHR-0599,1983,1984,December 1983 / January 1984,NBMXA,NBMXA club affiliations and British BMX rulebook offer,Event registration coupon,v2.0 chronological census,EPH-0599,,HIGH,https://previouspage.co.uk/magazines/BMX%20Action%20Bike/issues/87-december%20%2F%20january-eighty-three,Dated/period placement
CHR-0600,1983,1984,December 1983 / January 1984,Skyway; BMX Action Bike; Malcolm Stapleton,Skyway T/A ABMX Thrash Test,Product literature,v2.0 chronological census,EPH-0600,,HIGH,https://previouspage.co.uk/magazines/BMX%20Action%20Bike/issues/87-december%20%2F%20january-eighty-three,Dated/period placement
CHR-0601,1983,1984,December 1983 / January 1984,BMX Action Bike; Ipswich BMX; Eersel BMX,Anglo-Dutch International racing feature at Ipswich,Archive collection,v2.0 chronological census,EPH-0601,,HIGH,https://previouspage.co.uk/magazines/BMX%20Action%20Bike/issues/87-december%20%2F%20january-eighty-three,Dated/period placement
CHR-0602,1983,1984,December 1983 / January 1984,BMX Action Bike; Jumping Jack,Jumping Jack recurring editorial/cartoon installment,Archive collection,v2.0 chronological census,EPH-0602,,MEDIUM,https://previouspage.co.uk/magazines/BMX%20Action%20Bike/issues/87-december%20%2F%20january-eighty-three,Period placement; exact page/installment detail open
CHR-0603,1983,1984,December 1983 / January 1984,BMX Action Bike; Zeronine; Kool-Stop; Sharp Racing Products; Spectra; Epoch; Hotshot; MKS; Haro; Strongs; California Racing Designs,Trick Stuff December product-news roundup,Product announcement / kit,v2.0 chronological census,EPH-0603,,HIGH,https://previouspage.co.uk/magazines/BMX%20Action%20Bike/issues/87-december%20%2F%20january-eighty-three,Dated/period placement
CHR-0604,1983,1984,December 1983 / January 1984,BMX Action Bike; Tange; Suntour,Grease Monkey steering-head maintenance guide,Product literature,v2.0 chronological census,EPH-0604,,HIGH,https://previouspage.co.uk/magazines/BMX%20Action%20Bike/issues/87-december%20%2F%20january-eighty-three,Dated/period placement
CHR-0605,1984,1984,February 1984,ACS; Mike Buff,ACS Z-Wheels “Z-Wheel Zone” Mike Buff campaign,Magazine advertisement,v2.0 chronological census,EPH-0605,,HIGH,https://previouspage.co.uk/magazines/BMX%20Action%20Bike/issues/194-february-nineteen-eighty-four,Dated/period placement
CHR-0606,1984,1984,February 1984,BMX Action Bike; Huffy; Stu Thomsen; Greg Hill; Skyway; GT; Kuwahara; Hutch,"February Hotlines industry, sponsorship, and event roundup",Archive collection,v2.0 chronological census,EPH-0606,,HIGH,https://previouspage.co.uk/magazines/BMX%20Action%20Bike/issues/194-february-nineteen-eighty-four,Dated/period placement
CHR-0607,1984,1984,February 1984,Stechford Cycles,Stechford Cycles February component and apparel price list,Retailer advertisement / price list,v2.0 chronological census,EPH-0607,,HIGH,https://previouspage.co.uk/magazines/BMX%20Action%20Bike/issues/194-february-nineteen-eighty-four,Dated/period placement
CHR-0608,1984,1984,February 1984,Sussex BMX Centre; Mongoose; Andy Ruffell,Sussex BMX Centre Pro-Class Mongoose opening promotion,Contest entry form / promotion,v2.0 chronological census,EPH-0608,,HIGH,https://previouspage.co.uk/magazines/BMX%20Action%20Bike/issues/194-february-nineteen-eighty-four,Dated/period placement
CHR-0609,1984,1984,February 1984,Falcon Cycles; Falcon Pro Flyers,Falcon Flyers BMX range campaign,Team/product advertisement,v2.0 chronological census,EPH-0609,,HIGH,https://previouspage.co.uk/magazines/BMX%20Action%20Bike/issues/194-february-nineteen-eighty-four,Dated/period placement
CHR-0610,1984,1984,February 1984,BMX Action Bike; IBMXF; UKBMX,United Kingdom pro and semi-pro class debate,Archive collection,v2.0 chronological census,EPH-0610,,HIGH,https://previouspage.co.uk/magazines/BMX%20Action%20Bike/issues/194-february-nineteen-eighty-four,Dated/period placement
CHR-0611,1984,1984,February 1984,DKS,"DKS Anaconda, Rattlesnake, and Golden Mile model campaign",Product literature,v2.0 chronological census,EPH-0611,,HIGH,https://previouspage.co.uk/magazines/BMX%20Action%20Bike/issues/194-february-nineteen-eighty-four,Dated/period placement
CHR-0612,1984,1984,February 1984,Tioga,Tioga component-technology campaign,Product literature,v2.0 chronological census,EPH-0612,,HIGH,https://previouspage.co.uk/magazines/BMX%20Action%20Bike/issues/194-february-nineteen-eighty-four,Dated/period placement
CHR-0613,1984,1984,February 1984,Curtis BMX,Curtis Expert frame-family campaign,Product literature,v2.0 chronological census,EPH-0613,,HIGH,https://previouspage.co.uk/magazines/BMX%20Action%20Bike/issues/194-february-nineteen-eighty-four,Dated/period placement
CHR-0614,1984,1984,February 1984,Franz Bruckl; BMX Action Bike,Franz Bruckl two-direction bicycle feature,Product-history object,v2.0 chronological census,EPH-0614,,HIGH,https://previouspage.co.uk/magazines/BMX%20Action%20Bike/issues/194-february-nineteen-eighty-four,Dated/period placement
CHR-0615,1984,1984,February 1984,Weinmann; Chicken & Sons,Weinmann BMX braking and rim-system campaign,Product literature,v2.0 chronological census,EPH-0615,,HIGH,https://previouspage.co.uk/magazines/BMX%20Action%20Bike/issues/194-february-nineteen-eighty-four,Dated/period placement
CHR-0616,1984,1984,February 1984,Kelloggs; Channel 4; BMX Action Bike,Kelloggs and Channel 4 BMX Championships announcement,Event notice / contact flyer,v2.0 chronological census,EPH-0616,,HIGH,https://previouspage.co.uk/magazines/BMX%20Action%20Bike/issues/194-february-nineteen-eighty-four,Dated/period placement
CHR-0617,1984,1984,February 1984,Wolber; Claude Vuillemont; Jean Lafond,Wolber BMX ice-racing feature,Archive collection,v2.0 chronological census,EPH-0617,,HIGH,https://previouspage.co.uk/magazines/BMX%20Action%20Bike/issues/194-february-nineteen-eighty-four,Dated/period placement
CHR-0618,1984,1984,February 1984,Fox Factor; J & B Associates,Fox Factor sticker and Fox of the Month promotion,Contest entry form / promotion,v2.0 chronological census,EPH-0618,,HIGH,https://previouspage.co.uk/magazines/BMX%20Action%20Bike/issues/194-february-nineteen-eighty-four,Dated/period placement
CHR-0619,1984,1984,February 1984,Surrey BMX,"Surrey BMX February complete-bike, frame, and component price list",Retailer advertisement / price list,v2.0 chronological census,EPH-0619,,HIGH,https://previouspage.co.uk/magazines/BMX%20Action%20Bike/issues/194-february-nineteen-eighty-four,Dated/period placement
CHR-0620,1984,1984,February 1984,Rebel BMX Products,"Rebel Pro-Race, handlebar, and pad-range campaign",Product literature,v2.0 chronological census,EPH-0620,,HIGH,https://previouspage.co.uk/magazines/BMX%20Action%20Bike/issues/194-february-nineteen-eighty-four,Dated/period placement
CHR-0621,1984,1984,February 1984,ESPN; Jag; Greg Hill; Stu Thomsen; Harry Leary; Eddy King; Eric Rupe; Brent Patterson; Richie Anderson,ESPN/Jag Burbank world championship and pro-series report,Archive collection,v2.0 chronological census,EPH-0621,,HIGH,https://previouspage.co.uk/magazines/BMX%20Action%20Bike/issues/194-february-nineteen-eighty-four,Dated/period placement
CHR-0622,1984,1984,February 1984,Ammaco; Mongoose,Ammaco/Mongoose national dealer directory,Manufacturer/distributor catalog page,v2.0 chronological census,EPH-0622,,HIGH,https://previouspage.co.uk/magazines/BMX%20Action%20Bike/issues/194-february-nineteen-eighty-four,Dated/period placement
CHR-0623,1984,1984,February 1984,YES Helmets,YES Scorpion Cross and Fibrelite helmet campaign,Product literature,v2.0 chronological census,EPH-0623,,HIGH,https://previouspage.co.uk/magazines/BMX%20Action%20Bike/issues/194-february-nineteen-eighty-four,Dated/period placement
CHR-0624,1984,1984,February 1984,DP Racing,"DP February Mini, Firebird Delta II, and Freestyler frame campaign",Product literature,v2.0 chronological census,EPH-0624,,HIGH,https://previouspage.co.uk/magazines/BMX%20Action%20Bike/issues/194-february-nineteen-eighty-four,Dated/period placement
CHR-0625,1984,1984,February 1984,BMX Action Bike; Tim March; Bob Haro; Mongoose; Kuwahara Nova,Best of 1983 readers-poll results,Archive collection,v2.0 chronological census,EPH-0625,,HIGH,https://previouspage.co.uk/magazines/BMX%20Action%20Bike/issues/194-february-nineteen-eighty-four,Dated/period placement
CHR-0626,1984,1984,February 1984,BMX Action Bike; British BMX clubs,February 1984 BMX race calendar,Event notice / contact flyer,v2.0 chronological census,EPH-0626,,HIGH,https://previouspage.co.uk/magazines/BMX%20Action%20Bike/issues/194-february-nineteen-eighty-four,Dated/period placement
CHR-0627,1984,1984,February 1984,Faze 7,Faze 7 February complete-bike and component offers,Retailer advertisement / price list,v2.0 chronological census,EPH-0627,,HIGH,https://previouspage.co.uk/magazines/BMX%20Action%20Bike/issues/194-february-nineteen-eighty-four,Dated/period placement
CHR-0628,1984,1984,February 1984,BMX Action Bike; UKBMX Publications,ABMX back-issue and binder offer,Catalog mailer / advertisement,v2.0 chronological census,EPH-0628,,HIGH,https://previouspage.co.uk/magazines/BMX%20Action%20Bike/issues/194-february-nineteen-eighty-four,Dated/period placement
CHR-0629,1984,1984,February 1984,Ammaco; Mongoose; Steve Greaves; Wayne Llewellyn; Andy Ruffell; John Greaves,The Rulers Ammaco/Mongoose factory-team campaign,Team advertisement,v2.0 chronological census,EPH-0629,,HIGH,https://previouspage.co.uk/magazines/BMX%20Action%20Bike/issues/194-february-nineteen-eighty-four,Dated/period placement
CHR-0630,1984,1984,February 1984,SE Racing; Shiner; BMX Action Bike,SE Floval Flyer 24-inch cruiser test,Archive collection,v2.0 chronological census,EPH-0630,,HIGH,https://previouspage.co.uk/magazines/BMX%20Action%20Bike/issues/194-february-nineteen-eighty-four,Dated/period placement
CHR-0631,1984,1984,February 1984,Supertune,Supertune February mail-order component catalogue,Retailer advertisement / price list,v2.0 chronological census,EPH-0631,,HIGH,https://previouspage.co.uk/magazines/BMX%20Action%20Bike/issues/194-february-nineteen-eighty-four,Dated/period placement
CHR-0632,1984,1984,February 1984,Muddy Fox,Muddy Fox BMX and mountain-bike range campaign,Product literature,v2.0 chronological census,EPH-0632,,HIGH,https://previouspage.co.uk/magazines/BMX%20Action%20Bike/issues/194-february-nineteen-eighty-four,Dated/period placement
CHR-0633,1984,1984,February 1984,Pedal Pushers,Pedal Pushers complete-bike and parts offers,Retailer advertisement / price list,v2.0 chronological census,EPH-0633,,HIGH,https://previouspage.co.uk/magazines/BMX%20Action%20Bike/issues/194-february-nineteen-eighty-four,Dated/period placement
CHR-0634,1984,1984,February 1984,Kuwahara,Kuwahara KYZ freestyle campaign,Product literature,v2.0 chronological census,EPH-0634,,HIGH,https://previouspage.co.uk/magazines/BMX%20Action%20Bike/issues/194-february-nineteen-eighty-four,Dated/period placement
CHR-0635,1984,1984,February 1984,Greg Hill; Greg Hill Products; BMX Action Bike,"Greg Hill BMX Masterclass: goals, preparation, and jumping",Archive collection,v2.0 chronological census,EPH-0635,,HIGH,https://previouspage.co.uk/magazines/BMX%20Action%20Bike/issues/194-february-nineteen-eighty-four,Dated/period placement
CHR-0636,1984,1984,February 1984,Holdsworth BMX Centres,"Holdsworth BMX Centres February frame, wheel, and component offers",Retailer advertisement / price list,v2.0 chronological census,EPH-0636,,HIGH,https://previouspage.co.uk/magazines/BMX%20Action%20Bike/issues/194-february-nineteen-eighty-four,Dated/period placement
CHR-0637,1984,1984,February 1984,Rad City,Rad City Mini Dude Centre and complete-bike offers,Dealer/shop advertisement,v2.0 chronological census,EPH-0637,,HIGH,https://previouspage.co.uk/magazines/BMX%20Action%20Bike/issues/194-february-nineteen-eighty-four,Dated/period placement
CHR-0638,1984,1984,February 1984,"BMX retailer, Commercial Road Southampton",Southampton winter-sale BMX inventory advertisement,Dealer/shop advertisement,v2.0 chronological census,EPH-0638,,HIGH,https://previouspage.co.uk/magazines/BMX%20Action%20Bike/issues/194-february-nineteen-eighty-four,Dated/period placement
CHR-0639,1984,1984,February 1984,BMX Action Bike; Jumping Jack,Jumping Jack February 1984 installment,Archive collection,v2.0 chronological census,EPH-0639,,MEDIUM,https://previouspage.co.uk/magazines/BMX%20Action%20Bike/issues/194-february-nineteen-eighty-four,Period placement; exact feature detail open
CHR-0640,1984,1984,February 1984,Sharp Racing Products,Sharp 1:11 Griplocks technical campaign,Product literature,v2.0 chronological census,EPH-0640,,HIGH,https://previouspage.co.uk/magazines/BMX%20Action%20Bike/issues/194-february-nineteen-eighty-four,Dated/period placement
CHR-0641,1984,1984,February 1984,Freestyle West; Terry Jenkins; Jason Nash; Craig Campbell,Freestyle West Bristol competition feature,Archive collection,v2.0 chronological census,EPH-0641,,HIGH,https://previouspage.co.uk/magazines/BMX%20Action%20Bike/issues/194-february-nineteen-eighty-four,Dated/period placement
CHR-0642,1984,1984,February 1984,Schofield Cycles,Schofield Cycles February complete-bike and frame price list,Retailer advertisement / price list,v2.0 chronological census,EPH-0642,,HIGH,https://previouspage.co.uk/magazines/BMX%20Action%20Bike/issues/194-february-nineteen-eighty-four,Dated/period placement
CHR-0643,1984,1984,February 1984,Scott; Bert Harkins Racing,Scott and Bert Harkins goggles campaign,Product literature,v2.0 chronological census,EPH-0643,,HIGH,https://previouspage.co.uk/magazines/BMX%20Action%20Bike/issues/194-february-nineteen-eighty-four,Dated/period placement
CHR-0644,1984,1984,February 1984,BMX Action Bike; UKBMX Publications,BMX Fever publication-order announcement,Catalog mailer / advertisement,v2.0 chronological census,EPH-0644,,HIGH,https://previouspage.co.uk/magazines/BMX%20Action%20Bike/issues/194-february-nineteen-eighty-four,Dated/period placement
CHR-0645,1984,1984,February 1984,Shiner; Hutch; Panda,"Shiner decal, sales-sheet, and Hutch/Panda offer",Dealer price-list / sticker offer,v2.0 chronological census,EPH-0645,,HIGH,https://previouspage.co.uk/magazines/BMX%20Action%20Bike/issues/194-february-nineteen-eighty-four,Dated/period placement
CHR-0646,1984,1984,February 1984,GT BMX,GT BMX image campaign,Magazine advertisement,v2.0 chronological census,EPH-0646,,MEDIUM,https://previouspage.co.uk/magazines/BMX%20Action%20Bike/issues/194-february-nineteen-eighty-four,Period placement; exact feature detail open
CHR-0647,1984,1984,February 1984,BMX Action Bike,Splat crash-photo feature,Archive collection,v2.0 chronological census,EPH-0647,,HIGH,https://previouspage.co.uk/magazines/BMX%20Action%20Bike/issues/194-february-nineteen-eighty-four,Dated/period placement
CHR-0648,1984,1984,February 1984,Haro,Haro Tech numberplate technical campaign,Product literature,v2.0 chronological census,EPH-0648,,HIGH,https://previouspage.co.uk/magazines/BMX%20Action%20Bike/issues/194-february-nineteen-eighty-four,Dated/period placement
CHR-0649,1984,1984,February 1984,AM; BMX Action Bike; Malcolm Stapleton,AM box-section aluminium test failure — Wounds of Honour,Archive collection,v2.0 chronological census,EPH-0649,,HIGH,https://previouspage.co.uk/magazines/BMX%20Action%20Bike/issues/194-february-nineteen-eighty-four,Dated/period placement
CHR-0650,1984,1984,February 1984,Aero Condor; Condor Distributors,Aero Condor launch campaign,Product literature,v2.0 chronological census,EPH-0650,,HIGH,https://previouspage.co.uk/magazines/BMX%20Action%20Bike/issues/194-february-nineteen-eighty-four,Dated/period placement
CHR-0651,1984,1984,February 1984,Aero Condor; Condor Distributors,Aero Condor national dealer directory,Manufacturer/distributor catalog page,v2.0 chronological census,EPH-0651,,HIGH,https://previouspage.co.uk/magazines/BMX%20Action%20Bike/issues/194-february-nineteen-eighty-four,Dated/period placement
CHR-0652,1984,1984,February 1984,Acorn; DuPont Zytel,Acorn Magnum Zytel wheel campaign,Product literature,v2.0 chronological census,EPH-0652,,HIGH,https://previouspage.co.uk/magazines/BMX%20Action%20Bike/issues/194-february-nineteen-eighty-four,Dated/period placement
CHR-0653,1984,1984,February 1984,BMX Action Bike; Ostende BMX; British and Belgian riders,Chips with Mayo — Ostende European race report,Archive collection,v2.0 chronological census,EPH-0653,,HIGH,https://previouspage.co.uk/magazines/BMX%20Action%20Bike/issues/194-february-nineteen-eighty-four,Dated/period placement
CHR-0654,1984,1984,February 1984,Redline,Redline 600a product campaign,Magazine advertisement,v2.0 chronological census,EPH-0654,,HIGH,https://previouspage.co.uk/magazines/BMX%20Action%20Bike/issues/194-february-nineteen-eighty-four,Dated/period placement
CHR-0655,1984,1984,February 1984,SunTour,SunTour sealed bottom-bracket campaign,Product literature,v2.0 chronological census,EPH-0655,,HIGH,https://previouspage.co.uk/magazines/BMX%20Action%20Bike/issues/194-february-nineteen-eighty-four,Dated/period placement
CHR-0656,1984,1984,February 1984,Raider,Raider economy helmet campaign,Product literature,v2.0 chronological census,EPH-0656,,HIGH,https://previouspage.co.uk/magazines/BMX%20Action%20Bike/issues/194-february-nineteen-eighty-four,Dated/period placement
CHR-0657,1984,1984,February 1984,Sale Cycles Warehouse,Sale Cycles Warehouse February complete-bike price list,Retailer advertisement / price list,v2.0 chronological census,EPH-0657,,HIGH,https://previouspage.co.uk/magazines/BMX%20Action%20Bike/issues/194-february-nineteen-eighty-four,Dated/period placement
CHR-0658,1984,1984,February 1984,BMX Action Bike; Sharp Racing Products; Suzue; Fox Factor,Trick Stuff February product-news roundup,Product announcement / kit,v2.0 chronological census,EPH-0658,,HIGH,https://previouspage.co.uk/magazines/BMX%20Action%20Bike/issues/194-february-nineteen-eighty-four,Dated/period placement
CHR-0659,1984,1984,February 1984,DMX Parts and Accessories; Jenny Young Enterprise; Chung Yung Cycle,DMX Parts and Accessories supplier campaign,Product literature,v2.0 chronological census,EPH-0659,,HIGH,https://previouspage.co.uk/magazines/BMX%20Action%20Bike/issues/194-february-nineteen-eighty-four,Dated/period placement
CHR-0660,1984,1984,February 1984,Suzuki; USA BMX UK,Suzuki BMX teaser campaign,Magazine advertisement,v2.0 chronological census,EPH-0660,,HIGH,https://previouspage.co.uk/magazines/BMX%20Action%20Bike/issues/194-february-nineteen-eighty-four,Dated/period placement
CHR-0661,1984,1984,February 1984,Race Inc; Bill Bastian; Perry Kramer; Greg Alderman; Jason Spurr,Race Inc RA10 aluminium frameset editorial test,Archive collection,v2.0 chronological census,EPH-0661,,HIGH,https://previouspage.co.uk/magazines/BMX%20Action%20Bike/issues/194-february-nineteen-eighty-four,Dated/period placement
CHR-0662,1984,1984,February 1984,Shimano,Shimano DX platform-pedal campaign — February 1984,Product literature,v2.0 chronological census,EPH-0662,,HIGH,https://previouspage.co.uk/magazines/BMX%20Action%20Bike/issues/194-february-nineteen-eighty-four,Dated/period placement
CHR-0663,1984,1984,February 1984,Multiple United Kingdom BMX retailers,February national multi-dealer advertisement roundup,Dealer/shop advertisement,v2.0 chronological census,EPH-0663,,HIGH,https://previouspage.co.uk/magazines/BMX%20Action%20Bike/issues/194-february-nineteen-eighty-four,Dated/period placement
CHR-0664,1984,1984,February 1984,TT Racing Products,BMX cycle carriers advertisement,Product literature,v2.0 chronological census,EPH-0664,,HIGH,https://previouspage.co.uk/magazines/BMX%20Action%20Bike/issues/194-february-nineteen-eighty-four,Dated/period placement
CHR-0665,1984,1984,February 1984,OKO; I. & M.,OKO puncture-protection campaign,Product literature,v2.0 chronological census,EPH-0665,,HIGH,https://previouspage.co.uk/magazines/BMX%20Action%20Bike/issues/194-february-nineteen-eighty-four,Dated/period placement
CHR-0666,1984,1984,February 1984,OT Cycles; Colin Sharp,OT Cycles Burner seating adaptation offer,Dealer price-list / sticker offer,v2.0 chronological census,EPH-0666,,HIGH,https://previouspage.co.uk/magazines/BMX%20Action%20Bike/issues/194-february-nineteen-eighty-four,Dated/period placement
CHR-0667,1984,1984,February 1984,Louis Mears; Diamond Back; Harry Leary; BMX Action Bike,Louis Mears Me & My Bike Turbo Lite profile,Archive collection,v2.0 chronological census,EPH-0667,,HIGH,https://previouspage.co.uk/magazines/BMX%20Action%20Bike/issues/194-february-nineteen-eighty-four,Dated/period placement
CHR-0668,1984,1984,February 1984,Skyway Recreation; Bob Medrano; Bob Haro,"Skyway February street, race, and freestyle range campaign",Team/product advertisement,v2.0 chronological census,EPH-0668,,HIGH,https://previouspage.co.uk/magazines/BMX%20Action%20Bike/issues/194-february-nineteen-eighty-four,Dated/period placement
CHR-0669,1984,1984,February 1984,Suncycle Enterprise,"Suncycle BMX, mountain, racing, and touring manufacturer campaign",Manufacturer catalog,v2.0 chronological census,EPH-0669,,HIGH,https://previouspage.co.uk/magazines/BMX%20Action%20Bike/issues/194-february-nineteen-eighty-four,Dated/period placement
CHR-0670,1984,1984,February 1984,BMX Action Bike,Crazy Legs aerial-stunt feature,Archive collection,v2.0 chronological census,EPH-0670,,MEDIUM,https://previouspage.co.uk/magazines/BMX%20Action%20Bike/issues/194-february-nineteen-eighty-four,Period placement; exact feature detail open
CHR-0671,1984,1984,February 1984,BMX Action Bike readers,February reader letters and community submissions,Archive collection,v2.0 chronological census,EPH-0671,,HIGH,https://previouspage.co.uk/magazines/BMX%20Action%20Bike/issues/194-february-nineteen-eighty-four,Dated/period placement
CHR-0672,1984,1984,February 1984,BMX Action Bike; Ammaco; Ready Rider,ABMX Ammaco team and Ready Rider competition,Event prize promotion,v2.0 chronological census,EPH-0672,,MEDIUM,https://previouspage.co.uk/magazines/BMX%20Action%20Bike/issues/194-february-nineteen-eighty-four,Period placement; exact feature detail open
CHR-0673,1985,1985,January 1985,BMX Action Bike,January 1985 issue masthead and poll-winner overview,Archive collection,v2.0 chronological census,EPH-0673,,HIGH,https://previouspage.co.uk/magazines/BMX%20Action%20Bike/issues/44-january-nineteen-eighty-five,Dated/period placement
CHR-0674,1985,1985,January 1985,ACS; DuPont Zytel,ACS Z-Rims track-or-tricks strength campaign,Magazine advertisement,v2.0 chronological census,EPH-0674,,HIGH,https://previouspage.co.uk/magazines/BMX%20Action%20Bike/issues/44-january-nineteen-eighty-five,Dated/period placement
CHR-0675,1985,1985,January 1985,BMX Action Bike; British BMX clubs,January 1985 BMX race calendar,Event notice / contact flyer,v2.0 chronological census,EPH-0675,,HIGH,https://previouspage.co.uk/magazines/BMX%20Action%20Bike/issues/44-january-nineteen-eighty-five,Dated/period placement
CHR-0676,1985,1985,January 1985,BMX Action Bike; Redline; Schweppes; Scorpion; Skyway; Hotshot,"January Hotlines rider, sponsor, and industry roundup",Archive collection,v2.0 chronological census,EPH-0676,,HIGH,https://previouspage.co.uk/magazines/BMX%20Action%20Bike/issues/44-january-nineteen-eighty-five,Dated/period placement
CHR-0677,1985,1985,January 1985,Redline; AGV; Geth Shooter,Geth Shooter Redline and AGV signing announcement,Factory-team history,v2.0 chronological census,EPH-0677,,HIGH,https://previouspage.co.uk/magazines/BMX%20Action%20Bike/issues/44-january-nineteen-eighty-five,Dated/period placement
CHR-0678,1985,1985,January 1985,Schweppes; UKBMX,Schweppes UKBMX Grand Prix sponsorship announcement,Event notice / contact flyer,v2.0 chronological census,EPH-0678,,HIGH,https://previouspage.co.uk/magazines/BMX%20Action%20Bike/issues/44-january-nineteen-eighty-five,Dated/period placement
CHR-0679,1985,1985,January 1985,Scorpion; Ipswich BMX,Scorpion Anglo-Dutch season-opening sponsorship announcement,Event notice / contact flyer,v2.0 chronological census,EPH-0679,,HIGH,https://previouspage.co.uk/magazines/BMX%20Action%20Bike/issues/44-january-nineteen-eighty-five,Dated/period placement
CHR-0680,1985,1985,January 1985,Skyway; Richie Anderson,Richie Anderson move to Skyway,Factory-team history,v2.0 chronological census,EPH-0680,,HIGH,https://previouspage.co.uk/magazines/BMX%20Action%20Bike/issues/44-january-nineteen-eighty-five,Dated/period placement
CHR-0681,1985,1985,January 1985,Scorpion; Debbie Scott-Webb; Jason Scott-Webb; Dean Scott-Webb; Jamie Vince,Scorpion Scott-Webb family-team reunion,Factory-team history,v2.0 chronological census,EPH-0681,,HIGH,https://previouspage.co.uk/magazines/BMX%20Action%20Bike/issues/44-january-nineteen-eighty-five,Dated/period placement
CHR-0682,1985,1985,January 1985,Freewheeler; Skyway; Neil Ruffell; Nick Jefferies; Billy Stupple; Craig Campbell,Freewheeler and Skyway freestyle-team changes,Factory-team history,v2.0 chronological census,EPH-0682,,HIGH,https://previouspage.co.uk/magazines/BMX%20Action%20Bike/issues/44-january-nineteen-eighty-five,Dated/period placement
CHR-0683,1985,1985,January 1985,Hotshot; Uni; Caroline Goward; Michelle Webster,Hotshot-Uni all-girl factory team launch,Factory-team history,v2.0 chronological census,EPH-0683,,HIGH,https://previouspage.co.uk/magazines/BMX%20Action%20Bike/issues/44-january-nineteen-eighty-five,Dated/period placement
CHR-0684,1985,1985,January 1985,Skyway; CW Racing,Skyway lavender Tuff II and CW Freestyler trend announcement,Product announcement / kit,v2.0 chronological census,EPH-0684,,HIGH,https://previouspage.co.uk/magazines/BMX%20Action%20Bike/issues/44-january-nineteen-eighty-five,Dated/period placement
CHR-0685,1985,1985,January 1985,Hutch; Shiner Ltd.,Hutch international brand and distributor campaign,Magazine advertisement,v2.0 chronological census,EPH-0685,,HIGH,https://previouspage.co.uk/magazines/BMX%20Action%20Bike/issues/44-january-nineteen-eighty-five,Dated/period placement
CHR-0686,1985,1985,January 1985,Dragon Wheels BMX,"Dragon Wheels race, freestyle, and accessory shop campaign",Dealer/shop advertisement,v2.0 chronological census,EPH-0686,,HIGH,https://previouspage.co.uk/magazines/BMX%20Action%20Bike/issues/44-january-nineteen-eighty-five,Dated/period placement
CHR-0687,1985,1985,January 1985,Kawasaki Ltd.; BMX Newcastle; BMX Sunderland,Kawasaki BMX Newcastle and Sunderland dealer campaign,Dealer/shop advertisement,v2.0 chronological census,EPH-0687,,HIGH,https://previouspage.co.uk/magazines/BMX%20Action%20Bike/issues/44-january-nineteen-eighty-five,Dated/period placement
CHR-0688,1985,1985,January 1985,De Arco,De Arco January component and equipment price list,Retailer advertisement / price list,v2.0 chronological census,EPH-0688,,HIGH,https://previouspage.co.uk/magazines/BMX%20Action%20Bike/issues/44-january-nineteen-eighty-five,Dated/period placement
CHR-0689,1985,1985,January 1985,Youngs,Youngs January Megasale price list,Retailer advertisement / price list,v2.0 chronological census,EPH-0689,,HIGH,https://previouspage.co.uk/magazines/BMX%20Action%20Bike/issues/44-january-nineteen-eighty-five,Dated/period placement
CHR-0690,1985,1985,January 1985,Tioga,Tioga Task Force component-family campaign,Product literature,v2.0 chronological census,EPH-0690,,HIGH,https://previouspage.co.uk/magazines/BMX%20Action%20Bike/issues/44-january-nineteen-eighty-five,Dated/period placement
CHR-0691,1985,1985,January 1985,Haro; Bob Haro; Mike Dominguez,Haro Master and Sport freestyle-bike campaign,Product literature,v2.0 chronological census,EPH-0691,,HIGH,https://previouspage.co.uk/magazines/BMX%20Action%20Bike/issues/44-january-nineteen-eighty-five,Dated/period placement
CHR-0692,1985,1985,January 1985,Scorpion,Scorpion ZX300 winner-positioning campaign,Product literature,v2.0 chronological census,EPH-0692,,HIGH,https://previouspage.co.uk/magazines/BMX%20Action%20Bike/issues/44-january-nineteen-eighty-five,Dated/period placement
CHR-0693,1985,1985,January 1985,Surrey BMX,Surrey BMX January complete-bike and frame price list,Retailer advertisement / price list,v2.0 chronological census,EPH-0693,,HIGH,https://previouspage.co.uk/magazines/BMX%20Action%20Bike/issues/44-january-nineteen-eighty-five,Dated/period placement
CHR-0694,1985,1985,January 1985,Ivor Clarks Racing,Ivor Clarks West London BMX centre campaign,Dealer/shop advertisement,v2.0 chronological census,EPH-0694,,HIGH,https://previouspage.co.uk/magazines/BMX%20Action%20Bike/issues/44-january-nineteen-eighty-five,Dated/period placement
CHR-0695,1985,1985,January 1985,Andy Ruffell; Ken Evans,Andy Ruffell BMX from Start to Finish book promotion,Catalog mailer / advertisement,v2.0 chronological census,EPH-0695,,HIGH,https://previouspage.co.uk/magazines/BMX%20Action%20Bike/issues/44-january-nineteen-eighty-five,Dated/period placement
CHR-0696,1985,1985,January 1985,Araya,Araya XA-1 and lightweight 7L rim announcement,Product announcement / kit,v2.0 chronological census,EPH-0696,,HIGH,https://previouspage.co.uk/magazines/BMX%20Action%20Bike/issues/44-january-nineteen-eighty-five,Dated/period placement
CHR-0697,1985,1985,January 1985,BMX Action Bike readers,"January reader letters, corrections, and community submissions",Archive collection,v2.0 chronological census,EPH-0697,,HIGH,https://previouspage.co.uk/magazines/BMX%20Action%20Bike/issues/44-january-nineteen-eighty-five,Dated/period placement
CHR-0698,1985,1985,January 1985,Madigan Cycles,Madigan Cycles competition-bike and frame-range advertisement,Dealer/shop advertisement,v2.0 chronological census,EPH-0698,,HIGH,https://previouspage.co.uk/magazines/BMX%20Action%20Bike/issues/44-january-nineteen-eighty-five,Dated/period placement
CHR-0699,1985,1985,January 1985,Faze 7 BMX,Faze 7 Competition Centre freestyle and race price list,Retailer advertisement / price list,v2.0 chronological census,EPH-0699,,HIGH,https://previouspage.co.uk/magazines/BMX%20Action%20Bike/issues/44-january-nineteen-eighty-five,Dated/period placement
CHR-0700,1985,1985,January 1985,Sales Cycles Warehouse,Sales Cycles Warehouse large-stock campaign,Dealer/shop advertisement,v2.0 chronological census,EPH-0700,,HIGH,https://previouspage.co.uk/magazines/BMX%20Action%20Bike/issues/44-january-nineteen-eighty-five,Dated/period placement
CHR-0701,1985,1985,January 1985,Jos. Conway; Andy Lincoln; Gary Prosser,Jos Conway Tyneside dealer and team-sponsor campaign,Dealer/shop advertisement,v2.0 chronological census,EPH-0701,,HIGH,https://previouspage.co.uk/magazines/BMX%20Action%20Bike/issues/44-january-nineteen-eighty-five,Dated/period placement
CHR-0702,1985,1985,January 1985,Essex BMX; Woody Itson,Essex BMX mail-order catalog and Woody Itson poster offer,Catalog mailer / advertisement,v2.0 chronological census,EPH-0702,,HIGH,https://previouspage.co.uk/magazines/BMX%20Action%20Bike/issues/44-january-nineteen-eighty-five,Dated/period placement
CHR-0703,1985,1985,January 1985,Rattlesnake; J.D.L. Distributors,Rattlesnake Venom speed-positioning campaign,Magazine advertisement,v2.0 chronological census,EPH-0703,,HIGH,https://previouspage.co.uk/magazines/BMX%20Action%20Bike/issues/44-january-nineteen-eighty-five,Dated/period placement
CHR-0704,1985,1985,January 1985,Alpine Action,Alpine Action Maximum Radness Centre shop feature,Dealer/shop advertisement,v2.0 chronological census,EPH-0704,,HIGH,https://previouspage.co.uk/magazines/BMX%20Action%20Bike/issues/44-january-nineteen-eighty-five,Dated/period placement
CHR-0705,1985,1985,January 1985,Premier BMX Ltd.,Premier BMX January mail-order component list,Retailer advertisement / price list,v2.0 chronological census,EPH-0705,,HIGH,https://previouspage.co.uk/magazines/BMX%20Action%20Bike/issues/44-january-nineteen-eighty-five,Dated/period placement
CHR-0706,1985,1985,January 1985,Larne Video Sales; Paul Hudson; Craig Campbell; Andy Ruffell; Glyn Lewis; Craig Strong,Radical Freestyle Video Volume 1 mail-order offer,Catalog mailer / advertisement,v2.0 chronological census,EPH-0706,,HIGH,https://previouspage.co.uk/magazines/BMX%20Action%20Bike/issues/44-january-nineteen-eighty-five,Dated/period placement
CHR-0707,1985,1985,January 1985,BMX Action Bike,Best of 1984 BMX year-in-review and readers awards,Archive collection,v2.0 chronological census,EPH-0707,,HIGH,https://previouspage.co.uk/magazines/BMX%20Action%20Bike/issues/44-january-nineteen-eighty-five,Dated/period placement
CHR-0708,1985,1985,January 1985,Birmingham Wheels; Wayne Llewellyn; Dean Bateson,Birmingham Wheels Track of the Year feature,Archive collection,v2.0 chronological census,EPH-0708,,HIGH,https://previouspage.co.uk/magazines/BMX%20Action%20Bike/issues/44-january-nineteen-eighty-five,Dated/period placement
CHR-0709,1985,1985,January 1985,Kelloggs; Channel 4; Eric Rupe; Brian Patterson; Clint Miller; Andy Ruffell,Kelloggs BMX Championship Meeting of the Year feature,Archive collection,v2.0 chronological census,EPH-0709,,HIGH,https://previouspage.co.uk/magazines/BMX%20Action%20Bike/issues/44-january-nineteen-eighty-five,Dated/period placement
CHR-0710,1985,1985,January 1985,Mike Miranda; Torker,Mike Miranda Joker of the Year and team-move note,Rider/model naming history,v2.0 chronological census,EPH-0710,,HIGH,https://previouspage.co.uk/magazines/BMX%20Action%20Bike/issues/44-january-nineteen-eighty-five,Dated/period placement
CHR-0711,1985,1985,January 1985,Phil Hoogendoorn,Phil Hoogendoorn Superclass Rider of the Year feature,Rider/model naming history,v2.0 chronological census,EPH-0711,,HIGH,https://previouspage.co.uk/magazines/BMX%20Action%20Bike/issues/44-january-nineteen-eighty-five,Dated/period placement
CHR-0712,1985,1985,January 1985,Greg Hill; GHP,Greg Hill GHP founder and off-track award vignette,Rider/model naming history,v2.0 chronological census,EPH-0712,,HIGH,https://previouspage.co.uk/magazines/BMX%20Action%20Bike/issues/44-january-nineteen-eighty-five,Dated/period placement
CHR-0713,1985,1985,January 1985,Eddie Fiola; GT,Eddie Fiola Freestyler of the Year feature,Rider/model naming history,v2.0 chronological census,EPH-0713,,HIGH,https://previouspage.co.uk/magazines/BMX%20Action%20Bike/issues/44-january-nineteen-eighty-five,Dated/period placement
CHR-0714,1985,1985,January 1985,Dave Vanderspek; Curb Dogs,Dave Vanderspek Vander Roll Trick of the Year feature,Product-history object,v2.0 chronological census,EPH-0714,,HIGH,https://previouspage.co.uk/magazines/BMX%20Action%20Bike/issues/44-january-nineteen-eighty-five,Dated/period placement
CHR-0715,1985,1985,January 1985,GT; Eddie Fiola; Chris Young; Colin Kefford,Freestyle pegs Component of the Year feature,Product-history object,v2.0 chronological census,EPH-0715,,HIGH,https://previouspage.co.uk/magazines/BMX%20Action%20Bike/issues/44-january-nineteen-eighty-five,Dated/period placement
CHR-0716,1985,1985,January 1985,Terry Jenkins; Andy Irwin; Torker; Haro; GT,Terry Jenkins and Andy Irwin Split of the Year feature,Factory-team history,v2.0 chronological census,EPH-0716,,HIGH,https://previouspage.co.uk/magazines/BMX%20Action%20Bike/issues/44-january-nineteen-eighty-five,Dated/period placement
CHR-0717,1985,1985,January 1985,Sarah-Jane Nicholls; Debbie Scott-Webb; Melanie Vauvelle; Donna Duffy; Emma Williams,1984 leading female rider readers ranking,Archive collection,v2.0 chronological census,EPH-0717,,HIGH,https://previouspage.co.uk/magazines/BMX%20Action%20Bike/issues/44-january-nineteen-eighty-five,Dated/period placement
CHR-0718,1985,1985,January 1985,Frankie Romain; MRD,Frankie Romain MRD development vignette,Rider/model naming history,v2.0 chronological census,EPH-0718,,HIGH,https://previouspage.co.uk/magazines/BMX%20Action%20Bike/issues/44-january-nineteen-eighty-five,Dated/period placement
CHR-0719,1985,1985,January 1985,Mongoose; Jarvis family; Greaves family; Llewellyn family,Mongoose family-team and Jarvis clan feature,Factory-team history,v2.0 chronological census,EPH-0719,,HIGH,https://previouspage.co.uk/magazines/BMX%20Action%20Bike/issues/44-january-nineteen-eighty-five,Dated/period placement
CHR-0720,1985,1985,January 1985,Fox Factor; Neil Swanson,Neil Swanson Fox of the Year promotion,Contest entry form / promotion,v2.0 chronological census,EPH-0720,,HIGH,https://previouspage.co.uk/magazines/BMX%20Action%20Bike/issues/44-january-nineteen-eighty-five,Dated/period placement
CHR-0721,1985,1985,January 1985,Cadishead Cycles,"Cadishead Cycles Scottish bikes, frames, and clothing list",Retailer advertisement / price list,v2.0 chronological census,EPH-0721,,HIGH,https://previouspage.co.uk/magazines/BMX%20Action%20Bike/issues/44-january-nineteen-eighty-five,Dated/period placement
CHR-0722,1985,1985,January 1985,Moti; Motivend Ltd.,Moti Action padded street-jeans campaign,Product literature,v2.0 chronological census,EPH-0722,,HIGH,https://previouspage.co.uk/magazines/BMX%20Action%20Bike/issues/44-january-nineteen-eighty-five,Dated/period placement
CHR-0723,1985,1985,January 1985,BMX Yeadon,BMX Yeadon stickers and current-stock offer,Dealer price-list / sticker offer,v2.0 chronological census,EPH-0723,,HIGH,https://previouspage.co.uk/magazines/BMX%20Action%20Bike/issues/44-january-nineteen-eighty-five,Dated/period placement
CHR-0724,1985,1985,January 1985,DP Racing,DP Firebird Freestyler and accessory offer,Retailer advertisement / price list,v2.0 chronological census,EPH-0724,,HIGH,https://previouspage.co.uk/magazines/BMX%20Action%20Bike/issues/44-january-nineteen-eighty-five,Dated/period placement
CHR-0725,1985,1985,January 1985,Redline; Nike; Nick Dalton; Sarah-Jane Nicholls; Michael Nicholls; Tim Print; Paul Ray,Redline Nike team trophy-champions advertisement,Team advertisement,v2.0 chronological census,EPH-0725,,HIGH,https://previouspage.co.uk/magazines/BMX%20Action%20Bike/issues/44-january-nineteen-eighty-five,Dated/period placement
CHR-0726,1985,1985,January 1985,Rad City,Rad City custom freestyle and race-bike price list,Retailer advertisement / price list,v2.0 chronological census,EPH-0726,,HIGH,https://previouspage.co.uk/magazines/BMX%20Action%20Bike/issues/44-january-nineteen-eighty-five,Dated/period placement
CHR-0727,1985,1985,January 1985,Rebel BMX Products,Rebel Reynolds 531 freestyle frameset campaign,Product literature,v2.0 chronological census,EPH-0727,,HIGH,https://previouspage.co.uk/magazines/BMX%20Action%20Bike/issues/44-january-nineteen-eighty-five,Dated/period placement
CHR-0728,1985,1985,January 1985,Panaracer; Elina; Shiner Ltd.,"Panaracer, Elina, and Shiner component-range campaign",Manufacturer/distributor catalog page,v2.0 chronological census,EPH-0728,,HIGH,https://previouspage.co.uk/magazines/BMX%20Action%20Bike/issues/44-january-nineteen-eighty-five,Dated/period placement
CHR-0729,1985,1985,January 1985,Bispham Cycles,Bispham Cycles Christmas clearance price list,Retailer advertisement / price list,v2.0 chronological census,EPH-0729,,HIGH,https://previouspage.co.uk/magazines/BMX%20Action%20Bike/issues/44-january-nineteen-eighty-five,Dated/period placement
CHR-0730,1985,1985,January 1985,The BMX Store (Sale),BMX Store Sale freestyle bikes and component list,Retailer advertisement / price list,v2.0 chronological census,EPH-0730,,HIGH,https://previouspage.co.uk/magazines/BMX%20Action%20Bike/issues/44-january-nineteen-eighty-five,Dated/period placement
CHR-0731,1985,1985,January 1985,Curtis BMX,Curtis integrated freestyle frame technical campaign,Product literature,v2.0 chronological census,EPH-0731,,HIGH,https://previouspage.co.uk/magazines/BMX%20Action%20Bike/issues/44-january-nineteen-eighty-five,Dated/period placement
CHR-0732,1985,1985,January 1985,HQ Cycles,HQ Cycles custom-bike and component list,Retailer advertisement / price list,v2.0 chronological census,EPH-0732,,HIGH,https://previouspage.co.uk/magazines/BMX%20Action%20Bike/issues/44-january-nineteen-eighty-five,Dated/period placement
CHR-0733,1985,1985,January 1985,Cycle Superstore,Cycle Superstore 1985 complete-bike range,Retailer advertisement / price list,v2.0 chronological census,EPH-0733,,HIGH,https://previouspage.co.uk/magazines/BMX%20Action%20Bike/issues/44-january-nineteen-eighty-five,Dated/period placement
CHR-0734,1985,1985,January 1985,BMX Action Bike; Stu Thomsen; Greg Hill; Andy Ruffell; Bob Osborn,ABMX BMX Bookshop mail-order catalog,Catalog mailer,v2.0 chronological census,EPH-0734,,HIGH,https://previouspage.co.uk/magazines/BMX%20Action%20Bike/issues/44-january-nineteen-eighty-five,Dated/period placement
CHR-0735,1985,1985,January 1985,Tim March; MRD; Tran Am; Rickman,"Tim March career, training, team, and 1985 interview",Archive collection,v2.0 chronological census,EPH-0735,,HIGH,https://previouspage.co.uk/magazines/BMX%20Action%20Bike/issues/44-january-nineteen-eighty-five,Dated/period placement
CHR-0736,1985,1985,January 1985,BMX Action Bike; Hutch,"Hutch Pro-Star £1,200 Quiz of the Year contest",Contest entry form / promotion,v2.0 chronological census,EPH-0736,,HIGH,https://previouspage.co.uk/magazines/BMX%20Action%20Bike/issues/44-january-nineteen-eighty-five,Dated/period placement
CHR-0737,1985,1985,January 1985,NBMXA,NBMXA 1985 British Championship qualification notice,Event registration coupon,v2.0 chronological census,EPH-0737,,HIGH,https://previouspage.co.uk/magazines/BMX%20Action%20Bike/issues/44-january-nineteen-eighty-five,Dated/period placement
CHR-0738,1985,1985,January 1985,MRD; Tim March; Frankie Romain; Sarah-Jane Nicholls; Ashley Davies,MRD Raiders 1985 team and sponsor announcement,Team advertisement,v2.0 chronological census,EPH-0738,,HIGH,https://previouspage.co.uk/magazines/BMX%20Action%20Bike/issues/44-january-nineteen-eighty-five,Dated/period placement
CHR-0739,1985,1985,January 1985,Cougar Cycles,Cougar Cycles January mail-order price list,Retailer advertisement / price list,v2.0 chronological census,EPH-0739,,HIGH,https://previouspage.co.uk/magazines/BMX%20Action%20Bike/issues/44-january-nineteen-eighty-five,Dated/period placement
CHR-0740,1985,1985,January 1985,Sheppey Cycles,"Sheppey Cycles frames, forks, and component advertisement",Dealer/shop advertisement,v2.0 chronological census,EPH-0740,,HIGH,https://previouspage.co.uk/magazines/BMX%20Action%20Bike/issues/44-january-nineteen-eighty-five,Dated/period placement
CHR-0741,1985,1985,January 1985,Tioga,Tioga Beartrap 2 headset technical campaign,Product literature,v2.0 chronological census,EPH-0741,,HIGH,https://previouspage.co.uk/magazines/BMX%20Action%20Bike/issues/44-january-nineteen-eighty-five,Dated/period placement
CHR-0742,1985,1985,January 1985,Hwa Fong Rubber Industrial Co.,Hwa Fong bicycle tyre manufacturer campaign,Manufacturer catalog,v2.0 chronological census,EPH-0742,,HIGH,https://previouspage.co.uk/magazines/BMX%20Action%20Bike/issues/44-january-nineteen-eighty-five,Dated/period placement
CHR-0743,1985,1985,January 1985,Stechford Cycles,Stechford Cycles comprehensive BMX mail-order list,Retailer advertisement / price list,v2.0 chronological census,EPH-0743,,HIGH,https://previouspage.co.uk/magazines/BMX%20Action%20Bike/issues/44-january-nineteen-eighty-five,Dated/period placement
CHR-0744,1985,1985,January 1985,A’ME,A’ME Unitron technical grip campaign,Product literature,v2.0 chronological census,EPH-0744,,HIGH,https://previouspage.co.uk/magazines/BMX%20Action%20Bike/issues/44-january-nineteen-eighty-five,Dated/period placement
CHR-0745,1985,1985,January 1985,BMX Action Bike,"ABMX back numbers, patch, radcap, and shirt offer",Catalog mailer / advertisement,v2.0 chronological census,EPH-0745,,HIGH,https://previouspage.co.uk/magazines/BMX%20Action%20Bike/issues/44-january-nineteen-eighty-five,Dated/period placement
CHR-0746,1985,1985,January 1985,Brighton Marina,Brighton Marina Boat and Leisure Show notice,Event flyer / trade-exhibition notice,v2.0 chronological census,EPH-0746,,HIGH,https://previouspage.co.uk/magazines/BMX%20Action%20Bike/issues/44-january-nineteen-eighty-five,Dated/period placement
CHR-0747,1985,1985,January 1985,A-8 Wheels,A-8 Wheels end-of-year BMX sale,Dealer/shop advertisement,v2.0 chronological census,EPH-0747,,HIGH,https://previouspage.co.uk/magazines/BMX%20Action%20Bike/issues/44-january-nineteen-eighty-five,Dated/period placement
CHR-0748,1985,1985,January 1985,A’ME,A’ME Cam Grip product campaign,Product literature,v2.0 chronological census,EPH-0748,,HIGH,https://previouspage.co.uk/magazines/BMX%20Action%20Bike/issues/44-january-nineteen-eighty-five,Dated/period placement
CHR-0749,1985,1985,January 1985,CW Racing,CW Racing action-brand campaign,Team/product advertisement,v2.0 chronological census,EPH-0749,,HIGH,https://previouspage.co.uk/magazines/BMX%20Action%20Bike/issues/44-january-nineteen-eighty-five,Dated/period placement
CHR-0750,1985,1985,January 1985,Just BMX,Just BMX Gravesend and Camberley price-list spread,Retailer advertisement / price list,v2.0 chronological census,EPH-0750,,HIGH,https://previouspage.co.uk/magazines/BMX%20Action%20Bike/issues/44-january-nineteen-eighty-five,Dated/period placement
CHR-0751,1985,1985,January 1985,Roger Painter Competition Bikes,Roger Painter Competition Bikes mail-order list,Retailer advertisement / price list,v2.0 chronological census,EPH-0751,,HIGH,https://previouspage.co.uk/magazines/BMX%20Action%20Bike/issues/44-january-nineteen-eighty-five,Dated/period placement
CHR-0752,1985,1985,January 1985,SR Cycles; Brian Curtis,SR Cycles custom-bike specialist campaign,Dealer/shop advertisement,v2.0 chronological census,EPH-0752,,HIGH,https://previouspage.co.uk/magazines/BMX%20Action%20Bike/issues/44-january-nineteen-eighty-five,Dated/period placement
CHR-0753,1985,1985,January 1985,NBMXA,"NBMXA 1985 board, licence, and rule changes notice",Event registration coupon,v2.0 chronological census,EPH-0753,,HIGH,https://previouspage.co.uk/magazines/BMX%20Action%20Bike/issues/44-january-nineteen-eighty-five,Dated/period placement
CHR-0754,1985,1985,January 1985,UKBMX,UKBMX 1985 national and international calendar and membership notice,Event registration coupon,v2.0 chronological census,EPH-0754,,HIGH,https://previouspage.co.uk/magazines/BMX%20Action%20Bike/issues/44-january-nineteen-eighty-five,Dated/period placement
CHR-0755,1985,1985,January 1985,Sussex BMX,Sussex BMX January hot-items price list,Retailer advertisement / price list,v2.0 chronological census,EPH-0755,,HIGH,https://previouspage.co.uk/magazines/BMX%20Action%20Bike/issues/44-january-nineteen-eighty-five,Dated/period placement
CHR-0756,1985,1985,January 1985,OT Cycles; DP Racing; Skyway,"OT Cycles Speedmail, limited DP, lavender Tuffs, and trick-bits campaign",Retailer advertisement / price list,v2.0 chronological census,EPH-0756,,HIGH,https://previouspage.co.uk/magazines/BMX%20Action%20Bike/issues/44-january-nineteen-eighty-five,Dated/period placement
CHR-0757,1985,1985,January 1985,BMX Action Bike; Eric Rupe; Andy Ruffell; Mark Salisbury; Craig Schofield,Me and My Embarrassing Moment editorial feature,Archive collection,v2.0 chronological census,EPH-0757,,HIGH,https://previouspage.co.uk/magazines/BMX%20Action%20Bike/issues/44-january-nineteen-eighty-five,Dated/period placement
CHR-0758,1985,1985,January 1985,Skyway Recreation,Skyway T/A and freestyle component technical campaign,Product literature,v2.0 chronological census,EPH-0758,,HIGH,https://previouspage.co.uk/magazines/BMX%20Action%20Bike/issues/44-january-nineteen-eighty-five,Dated/period placement
CHR-0759,1985,1985,January 1985,BMX Action Bike; Jumping Jack,Jumping Jack January 1985 installment,Archive collection,v2.0 chronological census,EPH-0759,,MEDIUM,https://previouspage.co.uk/magazines/BMX%20Action%20Bike/issues/44-january-nineteen-eighty-five,Period placement; exact feature detail open
CHR-0760,1985,1985,January 1985,DP Racing,"DP stainless stem bolt, stunt nuts, and Firebird radpad parts advertisement",Product announcement / kit,v2.0 chronological census,EPH-0760,,HIGH,https://previouspage.co.uk/magazines/BMX%20Action%20Bike/issues/44-january-nineteen-eighty-five,Dated/period placement
CHR-0761,1982,1982,July 1982,Bicross Magazine,Bicross Magazine July 1982 inaugural issue masthead and mission,Archive collection,v2.0 chronological census,EPH-0761,,HIGH,https://previouspage.co.uk/magazines/Bicross/issues/230-july-nineteen-eighty-two,Dated/period placement
CHR-0762,1982,1982,July 1982,Jacques Laffite Lignes Loisirs,Jacques Laffite Super X and BMX range mail-order advertisement,Magazine advertisement,v2.0 chronological census,EPH-0762,,HIGH,https://previouspage.co.uk/magazines/Bicross/issues/230-july-nineteen-eighty-two,Dated/period placement
CHR-0763,1982,1982,July 1982,Cyclo-Car; Exim-Press,Cyclo-Car universal two-bike carrier order advertisement,Magazine advertisement,v2.0 chronological census,EPH-0763,,HIGH,https://previouspage.co.uk/magazines/Bicross/issues/230-july-nineteen-eighty-two,Dated/period placement
CHR-0764,1982,1982,July 1982,Saint-Marcel BMX specialist,Saint-Marcel BMX specialist brand-line advertisement,Dealer/shop advertisement,v2.0 chronological census,EPH-0764,,HIGH,https://previouspage.co.uk/magazines/Bicross/issues/230-july-nineteen-eighty-two,Dated/period placement
CHR-0765,1982,1982,July 1982,Novelastic; Thuasne Textile,Novelastic BMX knee and elbow protection advertisement,Magazine advertisement,v2.0 chronological census,EPH-0765,,HIGH,https://previouspage.co.uk/magazines/Bicross/issues/230-july-nineteen-eighty-two,Dated/period placement
CHR-0766,1982,1982,July 1982,Peugeot CPX Team,Peugeot CPX Team launch and rider roster,Factory-team history,v2.0 chronological census,EPH-0766,,HIGH,https://previouspage.co.uk/magazines/Bicross/issues/230-july-nineteen-eighty-two,Dated/period placement
CHR-0767,1982,1982,July 1982,Ateliers de la Rive; Bador; Number One,French Vitus and Super-Vitus BMX frame development project,Product announcement / kit,v2.0 chronological census,EPH-0767,,HIGH,https://previouspage.co.uk/magazines/Bicross/issues/230-july-nineteen-eighty-two,Dated/period placement
CHR-0768,1982,1982,July 1982,TI Raleigh France,Raleigh race clothing and equipment line announcement,Product announcement / kit,v2.0 chronological census,EPH-0768,,HIGH,https://previouspage.co.uk/magazines/Bicross/issues/230-july-nineteen-eighty-two,Dated/period placement
CHR-0769,1982,1982,July 1982,Bicross Magazine; AFB; Motobécane-Loïs,Summer 1982 French BMX event calendar,Event notice / contact flyer,v2.0 chronological census,EPH-0769,,HIGH,https://previouspage.co.uk/magazines/Bicross/issues/230-july-nineteen-eighty-two,Dated/period placement
CHR-0770,1982,1982,July 1982,TI Raleigh France; Number One,Raleigh Number One team launch,Factory-team history,v2.0 chronological census,EPH-0770,,HIGH,https://previouspage.co.uk/magazines/Bicross/issues/230-july-nineteen-eighty-two,Dated/period placement
CHR-0771,1982,1982,July 1982,Bicross Magazine,Bicross clubs information-submission notice,Archive collection,v2.0 chronological census,EPH-0771,,HIGH,https://previouspage.co.uk/magazines/Bicross/issues/230-july-nineteen-eighty-two,Dated/period placement
CHR-0772,1982,1982,July 1982,Cycles Lejeune; US Créteil; City of Créteil,Créteil BMX track inauguration,Archive collection,v2.0 chronological census,EPH-0772,,HIGH,https://previouspage.co.uk/magazines/Bicross/issues/230-july-nineteen-eighty-two,Dated/period placement
CHR-0773,1982,1982,July 1982,Unidentified French manufacturer,Confidential French manufacturer BMX range teaser,Product announcement / kit,v2.0 chronological census,EPH-0773,,MEDIUM,https://previouspage.co.uk/magazines/Bicross/issues/230-july-nineteen-eighty-two,Period placement; specific identity/detail remains open
CHR-0774,1982,1982,July 1982,Association Française de Bicrossing; French national delegation,French team Netherlands and Dayton Worlds travel notice,Tour promotion / route notice,v2.0 chronological census,EPH-0774,,HIGH,https://previouspage.co.uk/magazines/Bicross/issues/230-july-nineteen-eighty-two,Dated/period placement
CHR-0775,1982,1982,July 1982,European bicycle-trial organizers; Montesa Trialsin,First European bicycle-trial cup at San Fost de Campcentelles,Event notice / contact flyer,v2.0 chronological census,EPH-0775,,HIGH,https://previouspage.co.uk/magazines/Bicross/issues/230-july-nineteen-eighty-two,Dated/period placement
CHR-0776,1982,1982,July 1982,Jacques Laffite Lignes Loisirs,Jacques Laffite Vélo-Trial launch,Product announcement / kit,v2.0 chronological census,EPH-0776,,HIGH,https://previouspage.co.uk/magazines/Bicross/issues/230-july-nineteen-eighty-two,Dated/period placement
CHR-0777,1982,1982,July 1982,Peugeot CPX Team,Peugeot CPX Team spring 1982 results roundup,Factory-team history,v2.0 chronological census,EPH-0777,,HIGH,https://previouspage.co.uk/magazines/Bicross/issues/230-july-nineteen-eighty-two,Dated/period placement
CHR-0778,1982,1982,July 1982,Bicross Magazine,Bicross Magazine annual subscription offer,Catalog mailer / advertisement,v2.0 chronological census,EPH-0778,,HIGH,https://previouspage.co.uk/magazines/Bicross/issues/230-july-nineteen-eighty-two,Dated/period placement
CHR-0779,1982,1982,July 1982,TI Raleigh; Raleigh Ultra Burner,Raleigh Ultra Burner road and track test,Product literature,v2.0 chronological census,EPH-0779,,HIGH,https://previouspage.co.uk/magazines/Bicross/issues/230-july-nineteen-eighty-two,Dated/period placement
CHR-0780,1982,1982,July 1982,Motobécane-Loïs; Association Française de Bicrossing,Motobécane-Loïs Bol d’Or event entry advertisement,Event entry / pre-registration advertisement,v2.0 chronological census,EPH-0780,,HIGH,https://previouspage.co.uk/magazines/Bicross/issues/230-july-nineteen-eighty-two,Dated/period placement
CHR-0781,1982,1982,July 1982,Peugeot; CPX 101,Peugeot CPX 101 model announcement,Product literature,v2.0 chronological census,EPH-0781,,HIGH,https://previouspage.co.uk/magazines/Bicross/issues/230-july-nineteen-eighty-two,Dated/period placement
CHR-0782,1982,1982,July 1982,Peugeot; CPX 150,Peugeot CPX 150 model announcement,Product literature,v2.0 chronological census,EPH-0782,,HIGH,https://previouspage.co.uk/magazines/Bicross/issues/230-july-nineteen-eighty-two,Dated/period placement
CHR-0783,1982,1982,July 1982,Peugeot; CPX 600,Peugeot CPX 600 team model announcement,Product literature,v2.0 chronological census,EPH-0783,,HIGH,https://previouspage.co.uk/magazines/Bicross/issues/230-july-nineteen-eighty-two,Dated/period placement
CHR-0784,1982,1982,July 1982,Jacques Laffite Super X,Jacques Laffite Super X updated model profile,Product literature,v2.0 chronological census,EPH-0784,,HIGH,https://previouspage.co.uk/magazines/Bicross/issues/230-july-nineteen-eighty-two,Dated/period placement
CHR-0785,1982,1982,July 1982,TI Raleigh; Raleigh Burner,Raleigh Burner model profile,Product literature,v2.0 chronological census,EPH-0785,,HIGH,https://previouspage.co.uk/magazines/Bicross/issues/230-july-nineteen-eighty-two,Dated/period placement
CHR-0786,1982,1982,July 1982,TI Raleigh; Raleigh Tuf Burner,Raleigh Tuf Burner model profile,Product literature,v2.0 chronological census,EPH-0786,,HIGH,https://previouspage.co.uk/magazines/Bicross/issues/230-july-nineteen-eighty-two,Dated/period placement
CHR-0787,1982,1982,July 1982,TI Raleigh; Raleigh Super Burner,Raleigh Super Burner model profile,Product literature,v2.0 chronological census,EPH-0787,,HIGH,https://previouspage.co.uk/magazines/Bicross/issues/230-july-nineteen-eighty-two,Dated/period placement
CHR-0788,1982,1982,July 1982,TI Raleigh; Raleigh Pro Burner,Raleigh Pro Burner model profile,Product literature,v2.0 chronological census,EPH-0788,,HIGH,https://previouspage.co.uk/magazines/Bicross/issues/230-july-nineteen-eighty-two,Dated/period placement
CHR-0789,1982,1982,July 1982,Red Line; Sportica,Red Line competition model French distribution profile,Product literature,v2.0 chronological census,EPH-0789,,HIGH,https://previouspage.co.uk/magazines/Bicross/issues/230-july-nineteen-eighty-two,Dated/period placement
CHR-0790,1982,1982,July 1982,Pro-Tec,Pro-Tec full-face BMX helmet accessory profile,Product announcement / kit,v2.0 chronological census,EPH-0790,,HIGH,https://previouspage.co.uk/magazines/Bicross/issues/230-july-nineteen-eighty-two,Dated/period placement
CHR-0791,1982,1982,July 1982,Cyclo-Car; Exim-Press,Cyclo-Car carrier accessory profile,Product literature,v2.0 chronological census,EPH-0791,,HIGH,https://previouspage.co.uk/magazines/Bicross/issues/230-july-nineteen-eighty-two,Dated/period placement
CHR-0792,1982,1982,July 1982,Bufalo; Motobécane,Bufalo BMX racing pants profile,Product announcement / kit,v2.0 chronological census,EPH-0792,,HIGH,https://previouspage.co.uk/magazines/Bicross/issues/230-july-nineteen-eighty-two,Dated/period placement
CHR-0793,1982,1982,July 1982,Shimano DX,Shimano DX forged-alloy seatpost profile,Product announcement / kit,v2.0 chronological census,EPH-0793,,HIGH,https://previouspage.co.uk/magazines/Bicross/issues/230-july-nineteen-eighty-two,Dated/period placement
CHR-0794,1982,1982,July 1982,Bufalo,Bufalo custom-finished BMX frame offer,Product announcement / kit,v2.0 chronological census,EPH-0794,,HIGH,https://previouspage.co.uk/magazines/Bicross/issues/230-july-nineteen-eighty-two,Dated/period placement
CHR-0795,1982,1982,July 1982,TI Raleigh,Raleigh team-color racing pants profile,Product announcement / kit,v2.0 chronological census,EPH-0795,,HIGH,https://previouspage.co.uk/magazines/Bicross/issues/230-july-nineteen-eighty-two,Dated/period placement
CHR-0796,1982,1982,July 1982,Shimano DX,Shimano DX pedal profile,Product announcement / kit,v2.0 chronological census,EPH-0796,,HIGH,https://previouspage.co.uk/magazines/Bicross/issues/230-july-nineteen-eighty-two,Dated/period placement
CHR-0797,1982,1982,July 1982,Bicross Magazine; Motobécane team,BMX setup guide: handlebar and saddle position,Product literature,v2.0 chronological census,EPH-0797,,HIGH,https://previouspage.co.uk/magazines/Bicross/issues/230-july-nineteen-eighty-two,Dated/period placement
CHR-0798,1982,1982,July 1982,Bicross Magazine; Motobécane team; Shimano,"BMX setup guide: grips, brake lever, and crank sizing",Product literature,v2.0 chronological census,EPH-0798,,HIGH,https://previouspage.co.uk/magazines/Bicross/issues/230-july-nineteen-eighty-two,Dated/period placement
CHR-0799,1982,1982,July 1982,Bicross Magazine; Suntour; Shimano; Maillard; Motobécane,BMX setup guide: gearing and tire selection,Product literature,v2.0 chronological census,EPH-0799,,HIGH,https://previouspage.co.uk/magazines/Bicross/issues/230-july-nineteen-eighty-two,Dated/period placement
CHR-0800,1982,1982,July 1982,Yamaha Motor; Motobécane,Yamaha and Motobécane BMX cooperation announcement,Product-history object,v2.0 chronological census,EPH-0800,,HIGH,https://previouspage.co.uk/magazines/Bicross/issues/230-july-nineteen-eighty-two,Dated/period placement
CHR-0801,1982,1982,July 1982,Yamaha; Motobécane; BYZ 101,Yamaha BYZ 101 suspension model profile,Product literature,v2.0 chronological census,EPH-0801,,HIGH,https://previouspage.co.uk/magazines/Bicross/issues/230-july-nineteen-eighty-two,Dated/period placement
CHR-0802,1982,1982,July 1982,Yamaha; Motobécane; BYZ 201,Yamaha BYZ 201 suspension model profile,Product literature,v2.0 chronological census,EPH-0802,,HIGH,https://previouspage.co.uk/magazines/Bicross/issues/230-july-nineteen-eighty-two,Dated/period placement
CHR-0803,1982,1982,July 1982,Yamaha; Motobécane; BYZ 301,Yamaha BYZ 301 race model profile,Product literature,v2.0 chronological census,EPH-0803,,HIGH,https://previouspage.co.uk/magazines/Bicross/issues/230-july-nineteen-eighty-two,Dated/period placement
CHR-0804,1982,1982,July 1982,Yamaha; Motobécane; BYZ 401,Yamaha BYZ 401 race model profile,Product literature,v2.0 chronological census,EPH-0804,,HIGH,https://previouspage.co.uk/magazines/Bicross/issues/230-july-nineteen-eighty-two,Dated/period placement
CHR-0805,1982,1982,July 1982,Yamaha; Motobécane; BYZ 501,Yamaha BYZ 501 flagship model profile,Product literature,v2.0 chronological census,EPH-0805,,HIGH,https://previouspage.co.uk/magazines/Bicross/issues/230-july-nineteen-eighty-two,Dated/period placement
CHR-0806,1982,1982,July 1982,Yamaha Motor,Yamaha corporate background accompanying BMX launch,Product-history object,v2.0 chronological census,EPH-0806,,HIGH,https://previouspage.co.uk/magazines/Bicross/issues/230-july-nineteen-eighty-two,Dated/period placement
CHR-0807,1982,1982,July 1982,Bicross Club de l’Île-de-France; AFB,Vaux-le-Pénil first international BMX meeting report,Archive collection,v2.0 chronological census,EPH-0807,,HIGH,https://previouspage.co.uk/magazines/Bicross/issues/230-july-nineteen-eighty-two,Dated/period placement
CHR-0808,1982,1982,July 1982,Bicross Club de l’Île-de-France; AFB,Vaux-le-Pénil international results and classifications,Archive collection,v2.0 chronological census,EPH-0808,,HIGH,https://previouspage.co.uk/magazines/Bicross/issues/230-july-nineteen-eighty-two,Dated/period placement
CHR-0809,1982,1982,July 1982,Bicross Magazine; AFB,Vaux-le-Pénil event administration and classification critique,Archive collection,v2.0 chronological census,EPH-0809,,HIGH,https://previouspage.co.uk/magazines/Bicross/issues/230-july-nineteen-eighty-two,Dated/period placement
CHR-0810,1982,1982,July 1982,BH team,Vaux-le-Pénil Spanish BH team equipment note,Archive collection,v2.0 chronological census,EPH-0810,,HIGH,https://previouspage.co.uk/magazines/Bicross/issues/230-july-nineteen-eighty-two,Dated/period placement
CHR-0811,1982,1982,July 1982,Bicross Club de Vandoncourt; AFB; Motobécane-Loïs,Vandoncourt French Championship and Motobécane-Loïs report,Archive collection,v2.0 chronological census,EPH-0811,,HIGH,https://previouspage.co.uk/magazines/Bicross/issues/230-july-nineteen-eighty-two,Dated/period placement
CHR-0812,1982,1982,July 1982,Bicross Club de Vandoncourt; AFB; Motobécane-Loïs,Vandoncourt championship and trophy results,Archive collection,v2.0 chronological census,EPH-0812,,HIGH,https://previouspage.co.uk/magazines/Bicross/issues/230-july-nineteen-eighty-two,Dated/period placement
CHR-0813,1982,1982,July 1982,City of Mulhouse; Bicross Club d’Altkirch,First French indoor BMX event at Mulhouse,Event flyer / trade-exhibition notice,v2.0 chronological census,EPH-0813,,HIGH,https://previouspage.co.uk/magazines/Bicross/issues/230-july-nineteen-eighty-two,Dated/period placement
CHR-0814,1982,1982,July 1982,Bicross Club d’Altkirch,Altkirch Grand Prix de France notice,Event notice / contact flyer,v2.0 chronological census,EPH-0814,,HIGH,https://previouspage.co.uk/magazines/Bicross/issues/230-july-nineteen-eighty-two,Dated/period placement
CHR-0815,1982,1982,July 1982,Motobécane-Loïs; Vern-sur-Seiche organizers,Vern-sur-Seiche Motobécane-Loïs results,Archive collection,v2.0 chronological census,EPH-0815,,HIGH,https://previouspage.co.uk/magazines/Bicross/issues/230-july-nineteen-eighty-two,Dated/period placement
CHR-0816,1982,1982,July 1982,Motobécane-Loïs; Beaune organizers,Beaune Motobécane-Loïs results,Archive collection,v2.0 chronological census,EPH-0816,,HIGH,https://previouspage.co.uk/magazines/Bicross/issues/230-july-nineteen-eighty-two,Dated/period placement
CHR-0817,1982,1982,July 1982,AS de Veaugues; Motobécane; EM; Pampryl; Casterman; Adidas,Sancerrois Criterium and Veaugues all-terrain school report,Archive collection,v2.0 chronological census,EPH-0817,,HIGH,https://previouspage.co.uk/magazines/Bicross/issues/230-july-nineteen-eighty-two,Dated/period placement
CHR-0818,1982,1982,July 1982,Bicross Magazine,Bicross Magazine classified-ad service and privacy boundary,Archive collection,v2.0 chronological census,EPH-0818,,HIGH,https://previouspage.co.uk/magazines/Bicross/issues/230-july-nineteen-eighty-two,Dated/period placement
CHR-0819,1982,1982,July 1982,JT Racing,JT Racing motocross and BMX apparel advertisement,Magazine advertisement,v2.0 chronological census,EPH-0819,,HIGH,https://previouspage.co.uk/magazines/Bicross/issues/230-july-nineteen-eighty-two,Dated/period placement
CHR-0820,1982,1982,October 1982,Bicross Magazine,Bicross Magazine October 1982 issue masthead and contents,Archive collection,v2.0 chronological census,EPH-0820,,HIGH,https://previouspage.co.uk/magazines/Bicross/issues/231-october-nineteen-eighty-two,Dated/period placement; Master ID follows research order.
CHR-0821,1982,1982,October 1982,Bicross Magazine,"Reader letters, requested coverage, and privacy boundary",Archive collection,v2.0 chronological census,EPH-0821,,HIGH,https://previouspage.co.uk/magazines/Bicross/issues/231-october-nineteen-eighty-two,Dated/period placement; Master ID follows research order.
CHR-0822,1982,1982,October 1982,Bagnères BMX riders,Bagnères-de-Bigorre BMX track and proposed club,Archive collection,v2.0 chronological census,EPH-0822,,HIGH,https://previouspage.co.uk/magazines/Bicross/issues/231-october-nineteen-eighty-two,Dated/period placement; Master ID follows research order.
CHR-0823,1982,1982,October 1982,Bicross Magazine; AFB,French BMX club availability and association-formation guidance,Archive collection,v2.0 chronological census,EPH-0823,,HIGH,https://previouspage.co.uk/magazines/Bicross/issues/231-october-nineteen-eighty-two,Dated/period placement; Master ID follows research order.
CHR-0824,1982,1982,October 1982,Bicross Magazine,"Entry-level BMX buying guidance around the 1,000-franc threshold",Product literature,v2.0 chronological census,EPH-0824,,HIGH,https://previouspage.co.uk/magazines/Bicross/issues/231-october-nineteen-eighty-two,Dated/period placement; Master ID follows research order.
CHR-0825,1982,1982,October 1982,Bicross Magazine; AFB,French BMX competition-equipment rules technical Q&A,Product literature,v2.0 chronological census,EPH-0825,,HIGH,https://previouspage.co.uk/magazines/Bicross/issues/231-october-nineteen-eighty-two,Dated/period placement; Master ID follows research order.
CHR-0826,1982,1982,October 1982,Kamikas Club Gacilien,Aquatic BMX reader-photo feature,Archive collection,v2.0 chronological census,EPH-0826,,HIGH,https://previouspage.co.uk/magazines/Bicross/issues/231-october-nineteen-eighty-two,Dated/period placement; Master ID follows research order.
CHR-0827,1982,1982,October 1982,L’Ami des Sportifs,"L’Ami des Sportifs Motobécane, Mongoose, Yamaha, and component advertisement",Retailer advertisement / price list,v2.0 chronological census,EPH-0827,,HIGH,https://previouspage.co.uk/magazines/Bicross/issues/231-october-nineteen-eighty-two,Dated/period placement; Master ID follows research order.
CHR-0828,1982,1982,October 1982,Motobécane,Motobécane 1983 BMX range overview,Product literature,v2.0 chronological census,EPH-0828,,HIGH,https://previouspage.co.uk/magazines/Bicross/issues/231-october-nineteen-eighty-two,Dated/period placement; Master ID follows research order.
CHR-0829,1982,1982,October 1982,Motobécane,Motobécane BX 14 model profile,Product literature,v2.0 chronological census,EPH-0829,,HIGH,https://previouspage.co.uk/magazines/Bicross/issues/231-october-nineteen-eighty-two,Dated/period placement; Master ID follows research order.
CHR-0830,1982,1982,October 1982,Motobécane,Motobécane BX 20 model profile,Product literature,v2.0 chronological census,EPH-0830,,HIGH,https://previouspage.co.uk/magazines/Bicross/issues/231-october-nineteen-eighty-two,Dated/period placement; Master ID follows research order.
CHR-0831,1982,1982,October 1982,Motobécane,Motobécane MX 102 competition model profile,Product literature,v2.0 chronological census,EPH-0831,,HIGH,https://previouspage.co.uk/magazines/Bicross/issues/231-october-nineteen-eighty-two,Dated/period placement; Master ID follows research order.
CHR-0832,1982,1982,October 1982,Motobécane,Motobécane MX 152 competition model profile,Product literature,v2.0 chronological census,EPH-0832,,HIGH,https://previouspage.co.uk/magazines/Bicross/issues/231-october-nineteen-eighty-two,Dated/period placement; Master ID follows research order.
CHR-0833,1982,1982,October 1982,Motobécane,Motobécane MX 252 team competition model profile,Product literature,v2.0 chronological census,EPH-0833,,HIGH,https://previouspage.co.uk/magazines/Bicross/issues/231-october-nineteen-eighty-two,Dated/period placement; Master ID follows research order.
CHR-0834,1982,1982,October 1982,Bicross Club d’Altkirch; AFB,Altkirch Grand Prix de France international report,Archive collection,v2.0 chronological census,EPH-0834,,HIGH,https://previouspage.co.uk/magazines/Bicross/issues/231-october-nineteen-eighty-two,Dated/period placement; Master ID follows research order.
CHR-0835,1982,1982,October 1982,Bicross Club d’Altkirch; AFB,Altkirch Grand Prix de France results and classifications,Archive collection,v2.0 chronological census,EPH-0835,,HIGH,https://previouspage.co.uk/magazines/Bicross/issues/231-october-nineteen-eighty-two,Dated/period placement; Master ID follows research order.
CHR-0836,1982,1982,October 1982,Skyway; John Hutelin,John Hutelin Skyway rider appearance at Altkirch,Factory-team history,v2.0 chronological census,EPH-0836,,HIGH,https://previouspage.co.uk/magazines/Bicross/issues/231-october-nineteen-eighty-two,Dated/period placement; Master ID follows research order.
CHR-0837,1982,1982,October 1982,Cyclo-Car; Eximpress,Cyclo-Car universal carrier October order advertisement,Magazine advertisement,v2.0 chronological census,EPH-0837,,HIGH,https://previouspage.co.uk/magazines/Bicross/issues/231-october-nineteen-eighty-two,Dated/period placement; Master ID follows research order.
CHR-0838,1982,1982,October 1982,Beistegui Hermanos (BH),BH Stop-Magic synthetic brake-block announcement,Product announcement / kit,v2.0 chronological census,EPH-0838,,HIGH,https://previouspage.co.uk/magazines/Bicross/issues/231-october-nineteen-eighty-two,Dated/period placement; Master ID follows research order.
CHR-0839,1982,1982,October 1982,Bagnères BMX riders,Bagnères-de-Bigorre permanent BMX circuit technical profile,Archive collection,v2.0 chronological census,EPH-0839,,HIGH,https://previouspage.co.uk/magazines/Bicross/issues/231-october-nineteen-eighty-two,Dated/period placement; Master ID follows research order.
CHR-0840,1982,1982,October 1982,Association Française de Bicross,New AFB-affiliated BMX clubs roundup,Archive collection,v2.0 chronological census,EPH-0840,,HIGH,https://previouspage.co.uk/magazines/Bicross/issues/231-october-nineteen-eighty-two,Dated/period placement; Master ID follows research order.
CHR-0841,1982,1982,October 1982,Mongoose; Motobécane,Mongoose forthcoming French import through Motobécane,Product-history object,v2.0 chronological census,EPH-0841,,HIGH,https://previouspage.co.uk/magazines/Bicross/issues/231-october-nineteen-eighty-two,Dated/period placement; Master ID follows research order.
CHR-0842,1982,1982,October 1982,Yamaha,Yamaha BMX French commercial-launch delay,Product-history object,v2.0 chronological census,EPH-0842,,HIGH,https://previouspage.co.uk/magazines/Bicross/issues/231-october-nineteen-eighty-two,Dated/period placement; Master ID follows research order.
CHR-0843,1982,1982,October 1982,Gilles Burgat,Gilles Burgat lightweight bicycle-trial project,Product announcement / kit,v2.0 chronological census,EPH-0843,,HIGH,https://previouspage.co.uk/magazines/Bicross/issues/231-october-nineteen-eighty-two,Dated/period placement; Master ID follows research order.
CHR-0844,1982,1982,October 1982,Motobécane-Loïs; AFB; Bol d’Or,Bol d’Or Motobécane-Loïs BMX event notice,Event notice / contact flyer,v2.0 chronological census,EPH-0844,,HIGH,https://previouspage.co.uk/magazines/Bicross/issues/231-october-nineteen-eighty-two,Dated/period placement; Master ID follows research order.
CHR-0845,1982,1982,October 1982,BH; AFB,Missing BH championship trophies report,Archive collection,v2.0 chronological census,EPH-0845,,HIGH,https://previouspage.co.uk/magazines/Bicross/issues/231-october-nineteen-eighty-two,Dated/period placement; Master ID follows research order.
CHR-0846,1982,1982,October 1982,Gruissan; René Nicolas,Gruissan European BMX center and training-stage plan,Archive collection,v2.0 chronological census,EPH-0846,,HIGH,https://previouspage.co.uk/magazines/Bicross/issues/231-october-nineteen-eighty-two,Dated/period placement; Master ID follows research order.
CHR-0847,1982,1982,October 1982,Cinelli; Sireix family,Cinelli lightweight BMX and Sireix family equipment profile,Product literature,v2.0 chronological census,EPH-0847,,HIGH,https://previouspage.co.uk/magazines/Bicross/issues/231-october-nineteen-eighty-two,Dated/period placement; Master ID follows research order.
CHR-0848,1982,1982,October 1982,Ateliers parisiens d’initiative; City of Paris,Paris Bois de Vincennes BMX track and riding school project,Archive collection,v2.0 chronological census,EPH-0848,,HIGH,https://previouspage.co.uk/magazines/Bicross/issues/231-october-nineteen-eighty-two,Dated/period placement; Master ID follows research order.
CHR-0849,1982,1982,October 1982,JT Racing; JMP,JT Hi-Flyers BMX competition shoe announcement,Product announcement / kit,v2.0 chronological census,EPH-0849,,HIGH,https://previouspage.co.uk/magazines/Bicross/issues/231-october-nineteen-eighty-two,Dated/period placement; Master ID follows research order.
CHR-0850,1982,1982,October 1982,Saint-Marcel BMX specialist,Saint-Marcel BMX specialist brand-line advertisement,Dealer/shop advertisement,v2.0 chronological census,EPH-0850,,HIGH,https://previouspage.co.uk/magazines/Bicross/issues/231-october-nineteen-eighty-two,Dated/period placement; Master ID follows research order.
CHR-0851,1982,1982,October 1982,Jacques Laffite Lignes Loisirs,Jacques Laffite all-terrain mail-order catalogue advertisement,Catalog mailer / advertisement,v2.0 chronological census,EPH-0851,,HIGH,https://previouspage.co.uk/magazines/Bicross/issues/231-october-nineteen-eighty-two,Dated/period placement; Master ID follows research order.
CHR-0852,1982,1982,October 1982,AFB; French BMX delegation,French team European Championship and Dayton Worlds expedition,Archive collection,v2.0 chronological census,EPH-0852,,HIGH,https://previouspage.co.uk/magazines/Bicross/issues/231-october-nineteen-eighty-two,Dated/period placement; Master ID follows research order.
CHR-0853,1982,1982,October 1982,Motobécane; Jean-Luc Ferré,Jean-Luc Ferré European title and Motobécane travel support,Factory-team history,v2.0 chronological census,EPH-0853,,HIGH,https://previouspage.co.uk/magazines/Bicross/issues/231-october-nineteen-eighty-two,Dated/period placement; Master ID follows research order.
CHR-0854,1982,1982,October 1982,AFB; Dutch BMX federation; European delegation,European BMX charter delegation to Dayton,Tour promotion / route notice,v2.0 chronological census,EPH-0854,,HIGH,https://previouspage.co.uk/magazines/Bicross/issues/231-october-nineteen-eighty-two,Dated/period placement; Master ID follows research order.
CHR-0855,1982,1982,October 1982,Huffy; NBL; IBMXF,Dayton World Championship track construction and Huffy sponsorship,Archive collection,v2.0 chronological census,EPH-0855,,HIGH,https://previouspage.co.uk/magazines/Bicross/issues/231-october-nineteen-eighty-two,Dated/period placement; Master ID follows research order.
CHR-0856,1982,1982,October 1982,NBL; IBMXF; AFB,NBL and IBMXF international-governance context,Archive collection,v2.0 chronological census,EPH-0856,,HIGH,https://previouspage.co.uk/magazines/Bicross/issues/231-october-nineteen-eighty-two,Dated/period placement; Master ID follows research order.
CHR-0857,1982,1982,October 1982,NBL; Huffy,Dayton World Championship track-safety modification,Archive collection,v2.0 chronological census,EPH-0857,,HIGH,https://previouspage.co.uk/magazines/Bicross/issues/231-october-nineteen-eighty-two,Dated/period placement; Master ID follows research order.
CHR-0858,1982,1982,October 1982,French BMX delegation,French rider results at the 1982 Dayton World Championship,Archive collection,v2.0 chronological census,EPH-0858,,HIGH,https://previouspage.co.uk/magazines/Bicross/issues/231-october-nineteen-eighty-two,Dated/period placement; Master ID follows research order.
CHR-0859,1982,1982,October 1982,GT; Greg Hill,Greg Hill Dayton professional victory and prize-money report,Factory-team history,v2.0 chronological census,EPH-0859,,HIGH,https://previouspage.co.uk/magazines/Bicross/issues/231-october-nineteen-eighty-two,Dated/period placement; Master ID follows research order.
CHR-0860,1982,1982,October 1982,NBL; Huffy,Dayton trophies and temporary-track demolition,Archive collection,v2.0 chronological census,EPH-0860,,HIGH,https://previouspage.co.uk/magazines/Bicross/issues/231-october-nineteen-eighty-two,Dated/period placement; Master ID follows research order.
CHR-0861,1982,1982,October 1982,Jacques Laffite,Laffite VLX 20 road-and-track test overview,Product literature,v2.0 chronological census,EPH-0861,,HIGH,https://previouspage.co.uk/magazines/Bicross/issues/231-october-nineteen-eighty-two,Dated/period placement; Master ID follows research order.
CHR-0862,1982,1982,October 1982,Jacques Laffite,Laffite VLX 20 equipment and technical specification,Product literature,v2.0 chronological census,EPH-0862,,HIGH,https://previouspage.co.uk/magazines/Bicross/issues/231-october-nineteen-eighty-two,Dated/period placement; Master ID follows research order.
CHR-0863,1982,1982,October 1982,Jacques Laffite,"Laffite VLX 20 safety, braking, and durability assessment",Product literature,v2.0 chronological census,EPH-0863,,HIGH,https://previouspage.co.uk/magazines/Bicross/issues/231-october-nineteen-eighty-two,Dated/period placement; Master ID follows research order.
CHR-0864,1982,1982,October 1982,Jacques Laffite,Laffite VLX 20 performance and value conclusion,Product literature,v2.0 chronological census,EPH-0864,,HIGH,https://previouspage.co.uk/magazines/Bicross/issues/231-october-nineteen-eighty-two,Dated/period placement; Master ID follows research order.
CHR-0865,1982,1982,October 1982,Montesa; European bicycle-trial organizers,First European bicycle-trial cup overview,Archive collection,v2.0 chronological census,EPH-0865,,HIGH,https://previouspage.co.uk/magazines/Bicross/issues/231-october-nineteen-eighty-two,Dated/period placement; Master ID follows research order.
CHR-0866,1982,1982,October 1982,Moto Club Mollet; Escuderia Isern,San Fost de Campcentelles bicycle-trial European round,Archive collection,v2.0 chronological census,EPH-0866,,HIGH,https://previouspage.co.uk/magazines/Bicross/issues/231-october-nineteen-eighty-two,Dated/period placement; Master ID follows research order.
CHR-0867,1982,1982,October 1982,German bicycle-trial organizers,Furstenhagen bicycle-trial European round,Archive collection,v2.0 chronological census,EPH-0867,,HIGH,https://previouspage.co.uk/magazines/Bicross/issues/231-october-nineteen-eighty-two,Dated/period placement; Master ID follows research order.
CHR-0868,1982,1982,October 1982,British bicycle-trial organizers,Heywood European bicycle-trial final and champions,Archive collection,v2.0 chronological census,EPH-0868,,HIGH,https://previouspage.co.uk/magazines/Bicross/issues/231-october-nineteen-eighty-two,Dated/period placement; Master ID follows research order.
CHR-0869,1982,1982,October 1982,European bicycle-trial organizers,1982 European bicycle-trial results tables,Archive collection,v2.0 chronological census,EPH-0869,,HIGH,https://previouspage.co.uk/magazines/Bicross/issues/231-october-nineteen-eighty-two,Dated/period placement; Master ID follows research order.
CHR-0870,1982,1982,October 1982,AFB; Gruissan; Motobécane-Loïs,Gruissan 1982 French Championship final report,Archive collection,v2.0 chronological census,EPH-0870,,HIGH,https://previouspage.co.uk/magazines/Bicross/issues/231-october-nineteen-eighty-two,Dated/period placement; Master ID follows research order.
CHR-0871,1982,1982,October 1982,AFB,1982 French BMX Championship final standings,Archive collection,v2.0 chronological census,EPH-0871,,HIGH,https://previouspage.co.uk/magazines/Bicross/issues/231-october-nineteen-eighty-two,Dated/period placement; Master ID follows research order.
CHR-0872,1982,1982,October 1982,AFB; Gruissan,Gruissan French Championship event results,Archive collection,v2.0 chronological census,EPH-0872,,HIGH,https://previouspage.co.uk/magazines/Bicross/issues/231-october-nineteen-eighty-two,Dated/period placement; Master ID follows research order.
CHR-0873,1982,1982,October 1982,Motobécane-Loïs,Gruissan Motobécane-Loïs Trophy results,Archive collection,v2.0 chronological census,EPH-0873,,HIGH,https://previouspage.co.uk/magazines/Bicross/issues/231-october-nineteen-eighty-two,Dated/period placement; Master ID follows research order.
CHR-0874,1982,1982,October 1982,Bi-Crossing Club Biterrois,Béziers Féria BMX Grand Prix report and results,Archive collection,v2.0 chronological census,EPH-0874,,HIGH,https://previouspage.co.uk/magazines/Bicross/issues/231-october-nineteen-eighty-two,Dated/period placement; Master ID follows research order.
CHR-0875,1982,1982,October 1982,Association Française de Bicross,AFB 1983 expert-class promotion list,Archive collection,v2.0 chronological census,EPH-0875,,HIGH,https://previouspage.co.uk/magazines/Bicross/issues/231-october-nineteen-eighty-two,Dated/period placement; Master ID follows research order.
CHR-0876,1982,1982,October 1982,Bicross Magazine,Bicross Magazine October classified-ad service and privacy boundary,Archive collection,v2.0 chronological census,EPH-0876,,HIGH,https://previouspage.co.uk/magazines/Bicross/issues/231-october-nineteen-eighty-two,Dated/period placement; Master ID follows research order.
CHR-0877,1982,1982,October 1982,Bol d’Or; Circuit Paul Ricard,Bol d’Or Circuit Paul Ricard back-page promotion,Magazine advertisement,v2.0 chronological census,EPH-0877,,HIGH,https://previouspage.co.uk/magazines/Bicross/issues/231-october-nineteen-eighty-two,Dated/period placement; Master ID follows research order.
CHR-0878,1982,1982,November 1982,Bicross Magazine,Bicross Magazine November 1982 issue masthead and contents,Archive collection,v2.0 chronological census,EPH-0878,,HIGH,https://previouspage.co.uk/magazines/Bicross/issues/232-november-nineteen-eighty-two,Dated/period placement; Master ID follows research order.
CHR-0879,1982,1982,November 1982,Bicross Magazine,French BMX manufacturing editorial,Archive collection,v2.0 chronological census,EPH-0879,,HIGH,https://previouspage.co.uk/magazines/Bicross/issues/232-november-nineteen-eighty-two,Dated/period placement; Master ID follows research order.
CHR-0880,1982,1982,November 1982,Beistegui Hermanos (BH),BH pan-European BMX brand advertisement,Magazine advertisement,v2.0 chronological census,EPH-0880,,HIGH,https://previouspage.co.uk/magazines/Bicross/issues/232-november-nineteen-eighty-two,Dated/period placement; Master ID follows research order.
CHR-0881,1982,1982,November 1982,Bicrossing Club Givordin,Bicrossing Club Givordin launch and permanent track,Archive collection,v2.0 chronological census,EPH-0881,,HIGH,https://previouspage.co.uk/magazines/Bicross/issues/232-november-nineteen-eighty-two,Dated/period placement; Master ID follows research order.
CHR-0882,1982,1982,November 1982,Bicross Magazine; Motobécane,Motobécane team-entry and club guidance,Archive collection,v2.0 chronological census,EPH-0882,,HIGH,https://previouspage.co.uk/magazines/Bicross/issues/232-november-nineteen-eighty-two,Dated/period placement; Master ID follows research order.
CHR-0883,1982,1982,November 1982,Bicross Magazine,Regional club and track information requests,Archive collection,v2.0 chronological census,EPH-0883,,HIGH,https://previouspage.co.uk/magazines/Bicross/issues/232-november-nineteen-eighty-two,Dated/period placement; Master ID follows research order.
CHR-0884,1982,1982,November 1982,Philippe Moulène; Peugeot; Motobécane,Home-built Peugeot and Motobécane bicycle-trial machine,Product literature,v2.0 chronological census,EPH-0884,,HIGH,https://previouspage.co.uk/magazines/Bicross/issues/232-november-nineteen-eighty-two,Dated/period placement; Master ID follows research order.
CHR-0885,1982,1982,November 1982,Bicross Magazine,"BMX price, geometry, wheel-weight, and front-brake technical Q&A",Product literature,v2.0 chronological census,EPH-0885,,HIGH,https://previouspage.co.uk/magazines/Bicross/issues/232-november-nineteen-eighty-two,Dated/period placement; Master ID follows research order.
CHR-0886,1982,1982,November 1982,Motobécane; Bicross Magazine,Motobécane MX 30 suspension-removal guidance,Product literature,v2.0 chronological census,EPH-0886,,HIGH,https://previouspage.co.uk/magazines/Bicross/issues/232-november-nineteen-eighty-two,Dated/period placement; Master ID follows research order.
CHR-0887,1982,1982,November 1982,Bicross Magazine; BMX Action,"Adult racing, French track growth, and BMX Action subscription guidance",Archive collection,v2.0 chronological census,EPH-0887,,HIGH,https://previouspage.co.uk/magazines/Bicross/issues/232-november-nineteen-eighty-two,Dated/period placement; Master ID follows research order.
CHR-0888,1982,1982,November 1982,L’Ami des Sportifs,L’Ami des Sportifs BMX component and bicycle price advertisement,Retailer advertisement / price list,v2.0 chronological census,EPH-0888,,HIGH,https://previouspage.co.uk/magazines/Bicross/issues/232-november-nineteen-eighty-two,Dated/period placement; Master ID follows research order.
CHR-0889,1982,1982,November 1982,ALVA International; Laffite,"ALVA International BMX frame, fork, and stem order advertisement",Retailer advertisement / price list,v2.0 chronological census,EPH-0889,,HIGH,https://previouspage.co.uk/magazines/Bicross/issues/232-november-nineteen-eighty-two,Dated/period placement; Master ID follows research order.
CHR-0890,1982,1982,November 1982,Gilles Burgat,Gilles Burgat lightweight bicycle-trial prototype,Product announcement / kit,v2.0 chronological census,EPH-0890,,HIGH,https://previouspage.co.uk/magazines/Bicross/issues/232-november-nineteen-eighty-two,Dated/period placement; Master ID follows research order.
CHR-0891,1982,1982,November 1982,Vélo-Cross Club Bagnérais,Bagnères-de-Bigorre track inauguration and results,Archive collection,v2.0 chronological census,EPH-0891,,HIGH,https://previouspage.co.uk/magazines/Bicross/issues/232-november-nineteen-eighty-two,Dated/period placement; Master ID follows research order.
CHR-0892,1982,1982,November 1982,NBL; IBMXF; Mongoose; Magic Mountain,1982 United States BMX Grand Prix preview,Event flyer / trade-exhibition notice,v2.0 chronological census,EPH-0892,,HIGH,https://previouspage.co.uk/magazines/Bicross/issues/232-november-nineteen-eighty-two,Dated/period placement; Master ID follows research order.
CHR-0893,1982,1982,November 1982,Prom’Obi; AFB; Gruissan,Gruissan Prom’Obi BMX training-stage schedule,Event notice / contact flyer,v2.0 chronological census,EPH-0893,,HIGH,https://previouspage.co.uk/magazines/Bicross/issues/232-november-nineteen-eighty-two,Dated/period placement; Master ID follows research order.
CHR-0894,1982,1982,November 1982,Issoire BMX club,Issoire BMX club and permanent track,Archive collection,v2.0 chronological census,EPH-0894,,HIGH,https://previouspage.co.uk/magazines/Bicross/issues/232-november-nineteen-eighty-two,Dated/period placement; Master ID follows research order.
CHR-0895,1982,1982,November 1982,AFB; Thuir; Romans; Lure; Grenoble; Cavaillon; Rennes,New French BMX clubs roundup,Archive collection,v2.0 chronological census,EPH-0895,,HIGH,https://previouspage.co.uk/magazines/Bicross/issues/232-november-nineteen-eighty-two,Dated/period placement; Master ID follows research order.
CHR-0896,1982,1982,November 1982,Nyons team; Thierry Girard,Lyon bicycle-trial event notice,Event notice / contact flyer,v2.0 chronological census,EPH-0896,,HIGH,https://previouspage.co.uk/magazines/Bicross/issues/232-november-nineteen-eighty-two,Dated/period placement; Master ID follows research order.
CHR-0897,1982,1982,November 1982,Lunel BMX club,Lunel first BMX race notice,Event notice / contact flyer,v2.0 chronological census,EPH-0897,,HIGH,https://previouspage.co.uk/magazines/Bicross/issues/232-november-nineteen-eighty-two,Dated/period placement; Master ID follows research order.
CHR-0898,1982,1982,November 1982,IFMA Cologne; Bicross Magazine,IFMA Cologne international BMX exhibition overview,Event flyer / trade-exhibition notice,v2.0 chronological census,EPH-0898,,HIGH,https://previouspage.co.uk/magazines/Bicross/issues/232-november-nineteen-eighty-two,Dated/period placement; Master ID follows research order.
CHR-0899,1982,1982,November 1982,Gitane,Gitane Seven EMC model profile,Product literature,v2.0 chronological census,EPH-0899,,HIGH,https://previouspage.co.uk/magazines/Bicross/issues/232-november-nineteen-eighty-two,Dated/period placement; Master ID follows research order.
CHR-0900,1982,1982,November 1982,Gitane,Gitane Race competition model profile,Product literature,v2.0 chronological census,EPH-0900,,HIGH,https://previouspage.co.uk/magazines/Bicross/issues/232-november-nineteen-eighty-two,Dated/period placement; Master ID follows research order.
CHR-0901,1982,1982,November 1982,Cizeron; Bernard Thévenet,Cizeron Bernard Thévenet BMX range profile,Product literature,v2.0 chronological census,EPH-0901,,HIGH,https://previouspage.co.uk/magazines/Bicross/issues/232-november-nineteen-eighty-two,Dated/period placement; Master ID follows research order.
CHR-0902,1982,1982,November 1982,Lejeune,Lejeune RMX 20 model and braking variants,Product literature,v2.0 chronological census,EPH-0902,,HIGH,https://previouspage.co.uk/magazines/Bicross/issues/232-november-nineteen-eighty-two,Dated/period placement; Master ID follows research order.
CHR-0903,1982,1982,November 1982,France-Loire,"France-Loire Mars, Alcyone, and competition-range development",Product literature,v2.0 chronological census,EPH-0903,,HIGH,https://previouspage.co.uk/magazines/Bicross/issues/232-november-nineteen-eighty-two,Dated/period placement; Master ID follows research order.
CHR-0904,1982,1982,November 1982,Beistegui Hermanos (BH),BH California Star competition BMX profile,Product literature,v2.0 chronological census,EPH-0904,,HIGH,https://previouspage.co.uk/magazines/Bicross/issues/232-november-nineteen-eighty-two,Dated/period placement; Master ID follows research order.
CHR-0905,1982,1982,November 1982,Beistegui Hermanos (BH),BH Running Bull beach-cruiser profile,Product literature,v2.0 chronological census,EPH-0905,,HIGH,https://previouspage.co.uk/magazines/Bicross/issues/232-november-nineteen-eighty-two,Dated/period placement; Master ID follows research order.
CHR-0906,1982,1982,November 1982,Esmaltina,Esmaltina Ranger Portuguese BMX profile,Product literature,v2.0 chronological census,EPH-0906,,HIGH,https://previouspage.co.uk/magazines/Bicross/issues/232-november-nineteen-eighty-two,Dated/period placement; Master ID follows research order.
CHR-0907,1982,1982,November 1982,Universal,Universal Polish BMX industry profile,Product-history object,v2.0 chronological census,EPH-0907,,HIGH,https://previouspage.co.uk/magazines/Bicross/issues/232-november-nineteen-eighty-two,Dated/period placement; Master ID follows research order.
CHR-0908,1982,1982,November 1982,Vaterland,"Vaterland XM9, XM1000, and BMX 20 range",Product literature,v2.0 chronological census,EPH-0908,,HIGH,https://previouspage.co.uk/magazines/Bicross/issues/232-november-nineteen-eighty-two,Dated/period placement; Master ID follows research order.
CHR-0909,1982,1982,November 1982,Schauff,Schauff sidecar prototype and solo BMX range,Product literature,v2.0 chronological census,EPH-0909,,HIGH,https://previouspage.co.uk/magazines/Bicross/issues/232-november-nineteen-eighty-two,Dated/period placement; Master ID follows research order.
CHR-0910,1982,1982,November 1982,Jobafa,Jobafa German BMX profile,Product literature,v2.0 chronological census,EPH-0910,,HIGH,https://previouspage.co.uk/magazines/Bicross/issues/232-november-nineteen-eighty-two,Dated/period placement; Master ID follows research order.
CHR-0911,1982,1982,November 1982,Centurion,"Centurion Spider, Force, Professional-Line, and cruiser range",Product literature,v2.0 chronological census,EPH-0911,,HIGH,https://previouspage.co.uk/magazines/Bicross/issues/232-november-nineteen-eighty-two,Dated/period placement; Master ID follows research order.
CHR-0912,1982,1982,November 1982,Heidemann,Heidemann Zodic Horn BMX profile,Product literature,v2.0 chronological census,EPH-0912,,HIGH,https://previouspage.co.uk/magazines/Bicross/issues/232-november-nineteen-eighty-two,Dated/period placement; Master ID follows research order.
CHR-0913,1982,1982,November 1982,Kalkhoff,Kalkhoff BMX 1 and Moto One profiles,Product literature,v2.0 chronological census,EPH-0913,,HIGH,https://previouspage.co.uk/magazines/Bicross/issues/232-november-nineteen-eighty-two,Dated/period placement; Master ID follows research order.
CHR-0914,1982,1982,November 1982,Atala Rizato,Atala Rizato BMX profile,Product literature,v2.0 chronological census,EPH-0914,,HIGH,https://previouspage.co.uk/magazines/Bicross/issues/232-november-nineteen-eighty-two,Dated/period placement; Master ID follows research order.
CHR-0915,1982,1982,November 1982,Cinelli; Sireix family,Cinelli Columbus BMX profile,Product literature,v2.0 chronological census,EPH-0915,,HIGH,https://previouspage.co.uk/magazines/Bicross/issues/232-november-nineteen-eighty-two,Dated/period placement; Master ID follows research order.
CHR-0916,1982,1982,November 1982,Fréjus,"Fréjus Super X Competition, Professional, and Action range",Product literature,v2.0 chronological census,EPH-0916,,HIGH,https://previouspage.co.uk/magazines/Bicross/issues/232-november-nineteen-eighty-two,Dated/period placement; Master ID follows research order.
CHR-0917,1982,1982,November 1982,Fréjus,Fréjus Super Cruiser profile,Product literature,v2.0 chronological census,EPH-0917,,HIGH,https://previouspage.co.uk/magazines/Bicross/issues/232-november-nineteen-eighty-two,Dated/period placement; Master ID follows research order.
CHR-0918,1982,1982,November 1982,Pioner,Pioner adjustable-geometry and dual-freewheel BMX system,Product announcement / kit,v2.0 chronological census,EPH-0918,,HIGH,https://previouspage.co.uk/magazines/Bicross/issues/232-november-nineteen-eighty-two,Dated/period placement; Master ID follows research order.
CHR-0919,1982,1982,November 1982,Batavus,Batavus updated BMX Standard and Cross Luxe range,Product literature,v2.0 chronological census,EPH-0919,,HIGH,https://previouspage.co.uk/magazines/Bicross/issues/232-november-nineteen-eighty-two,Dated/period placement; Master ID follows research order.
CHR-0920,1982,1982,November 1982,EML,EML four-model solo BMX range and sidecar display,Product literature,v2.0 chronological census,EPH-0920,,HIGH,https://previouspage.co.uk/magazines/Bicross/issues/232-november-nineteen-eighty-two,Dated/period placement; Master ID follows research order.
CHR-0921,1982,1982,November 1982,Kuwahara,"Kuwahara E.T. 1, 2, and 3 range",Product literature,v2.0 chronological census,EPH-0921,,HIGH,https://previouspage.co.uk/magazines/Bicross/issues/232-november-nineteen-eighty-two,Dated/period placement; Master ID follows research order.
CHR-0922,1982,1982,November 1982,Kuwahara,Kuwahara E.T. Pro and Super Pro profiles,Product literature,v2.0 chronological census,EPH-0922,,HIGH,https://previouspage.co.uk/magazines/Bicross/issues/232-november-nineteen-eighty-two,Dated/period placement; Master ID follows research order.
CHR-0923,1982,1982,November 1982,Diamond Back,Diamond Back Silver Streak and Turbo profiles,Product literature,v2.0 chronological census,EPH-0923,,HIGH,https://previouspage.co.uk/magazines/Bicross/issues/232-november-nineteen-eighty-two,Dated/period placement; Master ID follows research order.
CHR-0924,1982,1982,November 1982,Haro; Huffy,Haro accessories and Huffy Pro Lightning profile,Product literature,v2.0 chronological census,EPH-0924,,HIGH,https://previouspage.co.uk/magazines/Bicross/issues/232-november-nineteen-eighty-two,Dated/period placement; Master ID follows research order.
CHR-0925,1982,1982,November 1982,SE Racing; Torker; GT; Haro; Hutch; Mongoose; Redline; Schwinn; Huffy; Murray,United States BMX manufacturer and component-industry overview,Archive collection,v2.0 chronological census,EPH-0925,,HIGH,https://previouspage.co.uk/magazines/Bicross/issues/232-november-nineteen-eighty-two,Dated/period placement; Master ID follows research order.
CHR-0926,1982,1982,November 1982,Raleigh,Raleigh Bomber 24 and Bomber 26 cruiser profiles,Product literature,v2.0 chronological census,EPH-0926,,HIGH,https://previouspage.co.uk/magazines/Bicross/issues/232-november-nineteen-eighty-two,Dated/period placement; Master ID follows research order.
CHR-0927,1982,1982,November 1982,Giant; Taiwanese bicycle industry,Taiwan BMX production and Giant Team and 350 Super Pro profiles,Product-history object,v2.0 chronological census,EPH-0927,,HIGH,https://previouspage.co.uk/magazines/Bicross/issues/232-november-nineteen-eighty-two,Dated/period placement; Master ID follows research order.
CHR-0928,1982,1982,November 1982,Mady Enterprise,Mady Enterprise build-it-yourself BMX kit,Product announcement / kit,v2.0 chronological census,EPH-0928,,HIGH,https://previouspage.co.uk/magazines/Bicross/issues/232-november-nineteen-eighty-two,Dated/period placement; Master ID follows research order.
CHR-0929,1982,1982,November 1982,Mingtien,"Mingtien Silver Fox, Super Fox, and Aero-Fox range",Product literature,v2.0 chronological census,EPH-0929,,HIGH,https://previouspage.co.uk/magazines/Bicross/issues/232-november-nineteen-eighty-two,Dated/period placement; Master ID follows research order.
CHR-0930,1982,1982,November 1982,Motorama Montluçon,Motorama Montluçon BMX retailer and mail-order advertisement,Retailer advertisement / price list,v2.0 chronological census,EPH-0930,,HIGH,https://previouspage.co.uk/magazines/Bicross/issues/232-november-nineteen-eighty-two,Dated/period placement; Master ID follows research order.
CHR-0931,1982,1982,November 1982,AFB; Bicross Magazine,1982 French BMX Championship format and governance review,Archive collection,v2.0 chronological census,EPH-0931,,HIGH,https://previouspage.co.uk/magazines/Bicross/issues/232-november-nineteen-eighty-two,Dated/period placement; Master ID follows research order.
CHR-0932,1982,1982,November 1982,AFB,1982 French BMX champions — junior categories,Archive collection,v2.0 chronological census,EPH-0932,,HIGH,https://previouspage.co.uk/magazines/Bicross/issues/232-november-nineteen-eighty-two,Dated/period placement; Master ID follows research order.
CHR-0933,1982,1982,November 1982,AFB,1982 French BMX champions — intermediate categories,Archive collection,v2.0 chronological census,EPH-0933,,HIGH,https://previouspage.co.uk/magazines/Bicross/issues/232-november-nineteen-eighty-two,Dated/period placement; Master ID follows research order.
CHR-0934,1982,1982,November 1982,AFB,1982 French BMX champions — senior and open categories,Archive collection,v2.0 chronological census,EPH-0934,,HIGH,https://previouspage.co.uk/magazines/Bicross/issues/232-november-nineteen-eighty-two,Dated/period placement; Master ID follows research order.
CHR-0935,1982,1982,November 1982,Australian BMX associations; Scott Breithaupt,Australian BMX expansion and Scott Breithaupt tour,Archive collection,v2.0 chronological census,EPH-0935,,HIGH,https://previouspage.co.uk/magazines/Bicross/issues/232-november-nineteen-eighty-two,Dated/period placement; Master ID follows research order.
CHR-0936,1982,1982,November 1982,Pancake; Dunlop,Pancake magazine and Dunlop Pancake shoe development,Product-history object,v2.0 chronological census,EPH-0936,,HIGH,https://previouspage.co.uk/magazines/Bicross/issues/232-november-nineteen-eighty-two,Dated/period placement; Master ID follows research order.
CHR-0937,1982,1982,November 1982,Malvern Star,Malvern Star Supermax BMX range,Product literature,v2.0 chronological census,EPH-0937,,HIGH,https://previouspage.co.uk/magazines/Bicross/issues/232-november-nineteen-eighty-two,Dated/period placement; Master ID follows research order.
CHR-0938,1982,1982,November 1982,Australian state BMX associations,"Australian BMX vocabulary, federations, and privacy boundary",Archive collection,v2.0 chronological census,EPH-0938,,HIGH,https://previouspage.co.uk/magazines/Bicross/issues/232-november-nineteen-eighty-two,Dated/period placement; Master ID follows research order.
CHR-0939,1982,1982,November 1982,Moto Club de la Hardt; AFB,Rixheim national BMX race report and results,Archive collection,v2.0 chronological census,EPH-0939,,HIGH,https://previouspage.co.uk/magazines/Bicross/issues/232-november-nineteen-eighty-two,Dated/period placement; Master ID follows research order.
CHR-0940,1982,1982,November 1982,Motobécane-Loïs; Mours,Mours Motobécane Trophy race report and results,Archive collection,v2.0 chronological census,EPH-0940,,HIGH,https://previouspage.co.uk/magazines/Bicross/issues/232-november-nineteen-eighty-two,Dated/period placement; Master ID follows research order.
CHR-0941,1982,1982,November 1982,Gelos; Bagnères; regional organizers,Gelos and Pyrenees BMX development report and results,Archive collection,v2.0 chronological census,EPH-0941,,HIGH,https://previouspage.co.uk/magazines/Bicross/issues/232-november-nineteen-eighty-two,Dated/period placement; Master ID follows research order.
CHR-0942,1982,1982,November 1982,Motobécane-Loïs; Bol d’Or; Circuit Paul Ricard,Castellet Motobécane Trophy and Bol d’Or BMX report,Archive collection,v2.0 chronological census,EPH-0942,,HIGH,https://previouspage.co.uk/magazines/Bicross/issues/232-november-nineteen-eighty-two,Dated/period placement; Master ID follows research order.
CHR-0943,1982,1982,November 1982,Motobécane-Loïs; Circuit Paul Ricard,Castellet Motobécane Trophy results,Archive collection,v2.0 chronological census,EPH-0943,,HIGH,https://previouspage.co.uk/magazines/Bicross/issues/232-november-nineteen-eighty-two,Dated/period placement; Master ID follows research order.
CHR-0944,1982,1982,November 1982,Bicross Magazine,Bicross Magazine November classified-ad service and privacy boundary,Archive collection,v2.0 chronological census,EPH-0944,,HIGH,https://previouspage.co.uk/magazines/Bicross/issues/232-november-nineteen-eighty-two,Dated/period placement; Master ID follows research order.
CHR-0945,1982,1982,November 1982,Bicross Magazine,Bicross Magazine November subscription offer,Archive collection,v2.0 chronological census,EPH-0945,,HIGH,https://previouspage.co.uk/magazines/Bicross/issues/232-november-nineteen-eighty-two,Dated/period placement; Master ID follows research order.
CHR-0946,1982,1982,November 1982,JT Racing,JT Racing BMX glove advertisement,Magazine advertisement,v2.0 chronological census,EPH-0946,,HIGH,https://previouspage.co.uk/magazines/Bicross/issues/232-november-nineteen-eighty-two,Dated/period placement; Master ID follows research order.
CHR-0947,1982,1982,December 1982,Bicross Magazine,Bicross Magazine December 1982 issue masthead and contents,Archive collection,v2.0 chronological census,EPH-0947,,HIGH,https://previouspage.co.uk/magazines/Bicross/issues/233-december-nineteen-eighty-two,Dated/period placement; Master ID follows research order.
CHR-0948,1982,1982,December 1982,Jacques Laffite; Laffite,Laffite VLX 16 and VLX 20 direct-factory Christmas offer,Magazine advertisement,v2.0 chronological census,EPH-0948,,HIGH,https://previouspage.co.uk/magazines/Bicross/issues/233-december-nineteen-eighty-two,Dated/period placement; Master ID follows research order.
CHR-0949,1982,1982,December 1982,Cycles Lejeune; Sprint Sports,Cycles Lejeune and Sprint Sports BMX dealer advertisement,Dealer/shop advertisement,v2.0 chronological census,EPH-0949,,HIGH,https://previouspage.co.uk/magazines/Bicross/issues/233-december-nineteen-eighty-two,Dated/period placement; Master ID follows research order.
CHR-0950,1982,1982,December 1982,Bicross Magazine,Corsica BMX club-development reader appeal,Archive collection,v2.0 chronological census,EPH-0950,,HIGH,https://previouspage.co.uk/magazines/Bicross/issues/233-december-nineteen-eighty-two,Dated/period placement; Master ID follows research order.
CHR-0951,1982,1982,December 1982,Bicross Magazine; French bicycle-trial riders,Bicycle-trial network and competition correspondence,Archive collection,v2.0 chronological census,EPH-0951,,HIGH,https://previouspage.co.uk/magazines/Bicross/issues/233-december-nineteen-eighty-two,Dated/period placement; Master ID follows research order.
CHR-0952,1982,1982,December 1982,Bicross Magazine; Raleigh; Laffite; Araya,"BMX tire, wheel, and coaster-hub technical guidance",Product literature,v2.0 chronological census,EPH-0952,,HIGH,https://previouspage.co.uk/magazines/Bicross/issues/233-december-nineteen-eighty-two,Dated/period placement; Master ID follows research order.
CHR-0953,1982,1982,December 1982,Bicross Magazine; AFB,"Liancourt BMX track design, insurance, and AFB guidance",Product literature,v2.0 chronological census,EPH-0953,,HIGH,https://previouspage.co.uk/magazines/Bicross/issues/233-december-nineteen-eighty-two,Dated/period placement; Master ID follows research order.
CHR-0954,1982,1982,December 1982,Bicross Magazine,Aquatic BMX immersion and bearing-maintenance warning,Product literature,v2.0 chronological census,EPH-0954,,HIGH,https://previouspage.co.uk/magazines/Bicross/issues/233-december-nineteen-eighty-two,Dated/period placement; Master ID follows research order.
CHR-0955,1982,1982,December 1982,Bicross Magazine; Maison du Plateau,Yvetot and Rouen BMX club-creation guidance,Archive collection,v2.0 chronological census,EPH-0955,,HIGH,https://previouspage.co.uk/magazines/Bicross/issues/233-december-nineteen-eighty-two,Dated/period placement; Master ID follows research order.
CHR-0956,1982,1982,December 1982,Raleigh; Bicross Magazine,Raleigh Tuf Burner beginner-racing guidance,Product literature,v2.0 chronological census,EPH-0956,,HIGH,https://previouspage.co.uk/magazines/Bicross/issues/233-december-nineteen-eighty-two,Dated/period placement; Master ID follows research order.
CHR-0957,1982,1982,December 1982,Motobécane; Batavus; SED,Motobécane and Batavus regional dealer advertisement,Dealer/shop advertisement,v2.0 chronological census,EPH-0957,,HIGH,https://previouspage.co.uk/magazines/Bicross/issues/233-december-nineteen-eighty-two,Dated/period placement; Master ID follows research order.
CHR-0958,1982,1982,December 1982,Moto Marconi,Moto Marconi Bicross T-shirt mail-order offer,Catalog mailer / advertisement,v2.0 chronological census,EPH-0958,,HIGH,https://previouspage.co.uk/magazines/Bicross/issues/233-december-nineteen-eighty-two,Dated/period placement; Master ID follows research order.
CHR-0959,1982,1982,December 1982,MX France; Max Commençal,MX France Toulouse-built BMX technical profile,Product literature,v2.0 chronological census,EPH-0959,,HIGH,https://previouspage.co.uk/magazines/Bicross/issues/233-december-nineteen-eighty-two,Dated/period placement; Master ID follows research order.
CHR-0960,1982,1982,December 1982,AFB,AFB 1982 annual congress and regional structure,Archive collection,v2.0 chronological census,EPH-0960,,HIGH,https://previouspage.co.uk/magazines/Bicross/issues/233-december-nineteen-eighty-two,Dated/period placement; Master ID follows research order.
CHR-0961,1982,1982,December 1982,AFB,AFB 1983 French Championship five-round calendar,Event notice / contact flyer,v2.0 chronological census,EPH-0961,,HIGH,https://previouspage.co.uk/magazines/Bicross/issues/233-december-nineteen-eighty-two,Dated/period placement; Master ID follows research order.
CHR-0962,1982,1982,December 1982,AFB,AFB 1983 national BMX race calendar,Event notice / contact flyer,v2.0 chronological census,EPH-0962,,HIGH,https://previouspage.co.uk/magazines/Bicross/issues/233-december-nineteen-eighty-two,Dated/period placement; Master ID follows research order.
CHR-0963,1982,1982,December 1982,AFB,AFB 1983 bicycle-trial and enduro calendar,Event notice / contact flyer,v2.0 chronological census,EPH-0963,,HIGH,https://previouspage.co.uk/magazines/Bicross/issues/233-december-nineteen-eighty-two,Dated/period placement; Master ID follows research order.
CHR-0964,1982,1982,December 1982,AFB,AFB 1983 license fees and number-plate colors,Event registration coupon,v2.0 chronological census,EPH-0964,,HIGH,https://previouspage.co.uk/magazines/Bicross/issues/233-december-nineteen-eighty-two,Dated/period placement; Master ID follows research order.
CHR-0965,1982,1982,December 1982,Startrack Series 1; AFB,Startrack Series 1 European BMX calendar and eligibility,Tour promotion / route notice,v2.0 chronological census,EPH-0965,,HIGH,https://previouspage.co.uk/magazines/Bicross/issues/233-december-nineteen-eighty-two,Dated/period placement; Master ID follows research order.
CHR-0966,1982,1982,December 1982,Yamaha; Normandy Moto; Alain Delabost; Eric Boulanger,Yamaha BYZ 501 competition debut at Vaux-le-Pénil,Factory-team history,v2.0 chronological census,EPH-0966,,HIGH,https://previouspage.co.uk/magazines/Bicross/issues/233-december-nineteen-eighty-two,Dated/period placement; Master ID follows research order.
CHR-0967,1982,1982,December 1982,AFB; Bicross Club de La Ferté-Gaucher; Bicross Club de Rochecorbon,La Ferté-Gaucher and Rochecorbon new BMX clubs,Archive collection,v2.0 chronological census,EPH-0967,,HIGH,https://previouspage.co.uk/magazines/Bicross/issues/233-december-nineteen-eighty-two,Dated/period placement; Master ID follows research order.
CHR-0968,1982,1982,December 1982,Maison du Plateau,"Maison du Plateau BMX, trial, and unicycle youth program",Archive collection,v2.0 chronological census,EPH-0968,,HIGH,https://previouspage.co.uk/magazines/Bicross/issues/233-december-nineteen-eighty-two,Dated/period placement; Master ID follows research order.
CHR-0969,1982,1982,December 1982,Mongoose; NBL; IBMXF; BMX Promotion; Six Flags Magic Mountain,Mongoose Grand Prix of the United States at Magic Mountain,Event flyer / trade-exhibition notice,v2.0 chronological census,EPH-0969,,HIGH,https://previouspage.co.uk/magazines/Bicross/issues/233-december-nineteen-eighty-two,Dated/period placement; Master ID follows research order.
CHR-0970,1982,1982,December 1982,Bicross Magazine,California BMX industry and Magic Mountain travel context,Archive collection,v2.0 chronological census,EPH-0970,,HIGH,https://previouspage.co.uk/magazines/Bicross/issues/233-december-nineteen-eighty-two,Dated/period placement; Master ID follows research order.
CHR-0971,1982,1982,December 1982,Mongoose; Torker; Hutch; GT; Red Line; Murray; Schwinn; Huffy; Shimano; Diamond Back; CW; JMC,United States Grand Prix paddock and factory-team ecosystem,Factory-team history,v2.0 chronological census,EPH-0971,,HIGH,https://previouspage.co.uk/magazines/Bicross/issues/233-december-nineteen-eighty-two,Dated/period placement; Master ID follows research order.
CHR-0972,1982,1982,December 1982,NBL; IBMXF; BMX Promotion; Mongoose,"United States Grand Prix entry fees, prizes, and promotion economics",Archive collection,v2.0 chronological census,EPH-0972,,HIGH,https://previouspage.co.uk/magazines/Bicross/issues/233-december-nineteen-eighty-two,Dated/period placement; Master ID follows research order.
CHR-0973,1982,1982,December 1982,United States BMX industry,United States cruiser and mini-BMX racing classes,Product-history object,v2.0 chronological census,EPH-0973,,HIGH,https://previouspage.co.uk/magazines/Bicross/issues/233-december-nineteen-eighty-two,Dated/period placement; Master ID follows research order.
CHR-0974,1982,1982,December 1982,Murray; Scott Clark,Scott Clark Murray X20C factory race bike,Product literature,v2.0 chronological census,EPH-0974,,HIGH,https://previouspage.co.uk/magazines/Bicross/issues/233-december-nineteen-eighty-two,Dated/period placement; Master ID follows research order.
CHR-0975,1982,1982,December 1982,Mongoose; Roland Vlicht,Roland Vlicht Mongoose Pro factory race bike,Product literature,v2.0 chronological census,EPH-0975,,HIGH,https://previouspage.co.uk/magazines/Bicross/issues/233-december-nineteen-eighty-two,Dated/period placement; Master ID follows research order.
CHR-0976,1982,1982,December 1982,GT; Gregg Hill,Gregg Hill GT race bike at the United States Grand Prix,Product literature,v2.0 chronological census,EPH-0976,,HIGH,https://previouspage.co.uk/magazines/Bicross/issues/233-december-nineteen-eighty-two,Dated/period placement; Master ID follows research order.
CHR-0977,1982,1982,December 1982,Red Line; Stu Thomsen,Stu Thomsen Red Line Competition factory race bike,Product literature,v2.0 chronological census,EPH-0977,,HIGH,https://previouspage.co.uk/magazines/Bicross/issues/233-december-nineteen-eighty-two,Dated/period placement; Master ID follows research order.
CHR-0978,1982,1982,December 1982,Nomura; Wade Nomura,Wade Nomura 24-inch cruiser race bike,Product literature,v2.0 chronological census,EPH-0978,,HIGH,https://previouspage.co.uk/magazines/Bicross/issues/233-december-nineteen-eighty-two,Dated/period placement; Master ID follows research order.
CHR-0979,1982,1982,December 1982,CW Racing; Mike Miranda,Mike Miranda CW Racing Pro Money A race bike,Product literature,v2.0 chronological census,EPH-0979,,HIGH,https://previouspage.co.uk/magazines/Bicross/issues/233-december-nineteen-eighty-two,Dated/period placement; Master ID follows research order.
CHR-0980,1982,1982,December 1982,JMC Racing,JMC Racing Junior mini-BMX profile,Product literature,v2.0 chronological census,EPH-0980,,HIGH,https://previouspage.co.uk/magazines/Bicross/issues/233-december-nineteen-eighty-two,Dated/period placement; Master ID follows research order.
CHR-0981,1982,1982,December 1982,Mongoose Grand Prix of the United States,"United States Grand Prix rain, track hazards, and compressed schedule",Archive collection,v2.0 chronological census,EPH-0981,,HIGH,https://previouspage.co.uk/magazines/Bicross/issues/233-december-nineteen-eighty-two,Dated/period placement; Master ID follows research order.
CHR-0982,1982,1982,December 1982,Mike Miranda; CW Racing; Tommy Brackens; Scott Clark; Gregg Hill,Mike Miranda Pro Money A victory and final-race incidents,Archive collection,v2.0 chronological census,EPH-0982,,HIGH,https://previouspage.co.uk/magazines/Bicross/issues/233-december-nineteen-eighty-two,Dated/period placement; Master ID follows research order.
CHR-0983,1982,1982,December 1982,Bicross Magazine,United States BMX competition-culture commentary,Archive collection,v2.0 chronological census,EPH-0983,,HIGH,https://previouspage.co.uk/magazines/Bicross/issues/233-december-nineteen-eighty-two,Dated/period placement; Master ID follows research order.
CHR-0984,1982,1982,December 1982,DH Distribution; Gilles Burgat,DH Distribution Burgat and Super Vitus bicycle advertisement,Retailer advertisement / price list,v2.0 chronological census,EPH-0984,,HIGH,https://previouspage.co.uk/magazines/Bicross/issues/233-december-nineteen-eighty-two,Dated/period placement; Master ID follows research order.
CHR-0985,1982,1982,December 1982,Yamaha; Yamaha à Ivry,Yamaha BYZ year-end equipment promotion,Team/product advertisement,v2.0 chronological census,EPH-0985,,HIGH,https://previouspage.co.uk/magazines/Bicross/issues/233-december-nineteen-eighty-two,Dated/period placement; Master ID follows research order.
CHR-0986,1982,1982,December 1982,Flying Star; Scorpion BMX; Competition Service,Flying Star Scorpion and Competition Service distributor advertisement,Distributor price list,v2.0 chronological census,EPH-0986,,HIGH,https://previouspage.co.uk/magazines/Bicross/issues/233-december-nineteen-eighty-two,Dated/period placement; Master ID follows research order.
CHR-0987,1982,1982,December 1982,R. Julot; Motobécane,R. Julot BMX component and Motobécane price list,Retailer advertisement / price list,v2.0 chronological census,EPH-0987,,HIGH,https://previouspage.co.uk/magazines/Bicross/issues/233-december-nineteen-eighty-two,Dated/period placement; Master ID follows research order.
CHR-0988,1982,1982,December 1982,Lamouret,Lamouret specialty BMX accessory order advertisement,Retailer advertisement / price list,v2.0 chronological census,EPH-0988,,HIGH,https://previouspage.co.uk/magazines/Bicross/issues/233-december-nineteen-eighty-two,Dated/period placement; Master ID follows research order.
CHR-0989,1982,1982,December 1982,Stock Express,Stock Express BMX dealer and order-form listing,Dealer advertisement / price-list lead,v2.0 chronological census,EPH-0989,,HIGH,https://previouspage.co.uk/magazines/Bicross/issues/233-december-nineteen-eighty-two,Dated/period placement; Master ID follows research order.
CHR-0990,1982,1982,December 1982,Red Line,Red Line MX III historical and technical test introduction,Product literature,v2.0 chronological census,EPH-0990,,HIGH,https://previouspage.co.uk/magazines/Bicross/issues/233-december-nineteen-eighty-two,Dated/period placement; Master ID follows research order.
CHR-0991,1982,1982,December 1982,Red Line; Sugino; KKT; Suzue; Ukai; Dia-Compe; Suntour,Red Line MX III component specification,Product literature,v2.0 chronological census,EPH-0991,,HIGH,https://previouspage.co.uk/magazines/Bicross/issues/233-december-nineteen-eighty-two,Dated/period placement; Master ID follows research order.
CHR-0992,1982,1982,December 1982,Red Line,"Red Line MX III geometry, handling, jumping, and braking evaluation",Product literature,v2.0 chronological census,EPH-0992,,HIGH,https://previouspage.co.uk/magazines/Bicross/issues/233-december-nineteen-eighty-two,Dated/period placement; Master ID follows research order.
CHR-0993,1982,1982,December 1982,Red Line,"Red Line MX III durability, price, and conclusion",Product literature,v2.0 chronological census,EPH-0993,,HIGH,https://previouspage.co.uk/magazines/Bicross/issues/233-december-nineteen-eighty-two,Dated/period placement; Master ID follows research order.
CHR-0994,1982,1982,December 1982,Motobécane-Loïs; AFB; Vaux-le-Pénil,Motobécane-Loïs Trophy 1982 final event overview,Archive collection,v2.0 chronological census,EPH-0994,,HIGH,https://previouspage.co.uk/magazines/Bicross/issues/233-december-nineteen-eighty-two,Dated/period placement; Master ID follows research order.
CHR-0995,1982,1982,December 1982,Motobécane-Loïs; AFB,Motobécane-Loïs Trophy 1982 final category results,Archive collection,v2.0 chronological census,EPH-0995,,HIGH,https://previouspage.co.uk/magazines/Bicross/issues/233-december-nineteen-eighty-two,Dated/period placement; Master ID follows research order.
CHR-0996,1982,1982,December 1982,Bicross Magazine,Women in BMX from Powder Puff racing to French participation,Archive collection,v2.0 chronological census,EPH-0996,,HIGH,https://previouspage.co.uk/magazines/Bicross/issues/233-december-nineteen-eighty-two,Dated/period placement; Master ID follows research order.
CHR-0997,1982,1982,December 1982,Motorama Montluçon,Motorama Montluçon dealer history and mail-order service,Dealer/shop advertisement,v2.0 chronological census,EPH-0997,,HIGH,https://previouspage.co.uk/magazines/Bicross/issues/233-december-nineteen-eighty-two,Dated/period placement; Master ID follows research order.
CHR-0998,1982,1982,December 1982,Daniel Golde; Motorama,Daniel Golde 201 suspended youth cross-bike specification,Product literature,v2.0 chronological census,EPH-0998,,HIGH,https://previouspage.co.uk/magazines/Bicross/issues/233-december-nineteen-eighty-two,Dated/period placement; Master ID follows research order.
CHR-0999,1982,1982,December 1982,Daniel Golde; Shimano; Hatta; Sakae; Weinmann; Maillard; Helicosport; Alesa,Daniel Golde 501 chrome-moly competition BMX specification,Product literature,v2.0 chronological census,EPH-0999,,HIGH,https://previouspage.co.uk/magazines/Bicross/issues/233-december-nineteen-eighty-two,Dated/period placement; Master ID follows research order.
CHR-1000,1982,1982,December 1982,Daniel Golde; Nervar; Sakae; Poligon; Laprade; Weinmann; Maillard; Helicosport; Alesa,Daniel Golde 401 French-component BMX specification,Product literature,v2.0 chronological census,EPH-1000,,HIGH,https://previouspage.co.uk/magazines/Bicross/issues/233-december-nineteen-eighty-two,Dated/period placement; Master ID follows research order.
CHR-1001,1982,1982,December 1982,Daniel Golde; Tange; Faubert; KKT; Weinmann; Perrin,Daniel Golde 301 entry BMX specification,Product literature,v2.0 chronological census,EPH-1001,,HIGH,https://previouspage.co.uk/magazines/Bicross/issues/233-december-nineteen-eighty-two,Dated/period placement; Master ID follows research order.
CHR-1002,1982,1982,December 1982,Motorama; Raleigh; Shimano; Sakae; Suntour; Kashimax; ASCO,Motorama Raleigh Burner range and BMX component catalog,Combined flyer / price-list set,v2.0 chronological census,EPH-1002,,HIGH,https://previouspage.co.uk/magazines/Bicross/issues/233-december-nineteen-eighty-two,Dated/period placement; Master ID follows research order.
CHR-1003,1982,1982,December 1982,Motobécane-Loïs,"Motobécane Christmas BX 20, MX 120, and MX 152 range advertisement",Team/product advertisement,v2.0 chronological census,EPH-1003,,HIGH,https://previouspage.co.uk/magazines/Bicross/issues/233-december-nineteen-eighty-two,Dated/period placement; Master ID follows research order.
CHR-1004,1982,1982,December 1982,Bicross Club Issoire; AFB,Issoire inaugural BMX race report and results,Archive collection,v2.0 chronological census,EPH-1004,,HIGH,https://previouspage.co.uk/magazines/Bicross/issues/233-december-nineteen-eighty-two,Dated/period placement; Master ID follows research order.
CHR-1005,1982,1982,December 1982,Bicross Club Manosque,Manosque inaugural BMX race report and results,Archive collection,v2.0 chronological census,EPH-1005,,HIGH,https://previouspage.co.uk/magazines/Bicross/issues/233-december-nineteen-eighty-two,Dated/period placement; Master ID follows research order.
CHR-1006,1982,1982,December 1982,AFB; Beistegui Hermanos; Bicross Club de Bourgogne,1982 French BMX champions trophy ceremony,Archive collection,v2.0 chronological census,EPH-1006,,HIGH,https://previouspage.co.uk/magazines/Bicross/issues/233-december-nineteen-eighty-two,Dated/period placement; Master ID follows research order.
CHR-1007,1982,1982,December 1982,Bicross Magazine,Bicross Magazine December classified-ad service and privacy boundary,Archive collection,v2.0 chronological census,EPH-1007,,HIGH,https://previouspage.co.uk/magazines/Bicross/issues/233-december-nineteen-eighty-two,Dated/period placement; Master ID follows research order.
CHR-1008,1982,1982,December 1982,Super X; Bernard Metzger; Racing Star Equipement; Coutard Moto Week-End; GRD,Super X second-generation French distributor advertisement,Magazine advertisement,v2.0 chronological census,EPH-1008,,HIGH,https://previouspage.co.uk/magazines/Bicross/issues/233-december-nineteen-eighty-two,Dated/period placement; Master ID follows research order.
CHR-1009,1982,1982,December 1982,Bicross Magazine,Bicross Magazine December subscription offer,Catalog mailer,v2.0 chronological census,EPH-1009,,HIGH,https://previouspage.co.uk/magazines/Bicross/issues/233-december-nineteen-eighty-two,Dated/period placement; Master ID follows research order.
CHR-1010,1982,1982,December 1982,Bicross Magazine; C. Drissi,Bibi Cross illustrated installment,Archive collection,v2.0 chronological census,EPH-1010,,MEDIUM,https://previouspage.co.uk/magazines/Bicross/issues/233-december-nineteen-eighty-two,Dated/period placement; Master ID follows research order.
