Chronology ID,Start Year,End Year,Date Text,Brand / Promoter,Title,Object Type,Source Stage,Master ID,Duplicate Group,Confidence,Source URL,Chronology Note
CHR-004,1970,1970,1970s onward,Mongoose,Vintage Mongoose catalog and dealer-price archive,Archive collection,v0.8,EPH-0039,,HIGH for archive scope,https://www.vintagemongoose.com/,Dated/period placement
CHR-002,1970,1970,1970s; exact issue open,Redline,First Red Line magazine advertisement featuring John Palfreyman,Magazine advertisement,v0.8,EPH-0037,DUP-REDLINE-FIRST-AD,HIGH for relationship; MEDIUM for object,https://www.usabmx.com/news-and-media/6/2012-05-10/National-BMX-Hall-of-Fame-2012-Inductees-Announced?id=580,Year is provisional
CHR-001,1970,1970,1970s; exact issue pending,Red Line; John Palfreyman,First Red Line magazine advertisement featuring John Palfreyman,Magazine advertisement,v0.5 inherited,EPH-0010,DUP-REDLINE-FIRST-AD,HIGH for relationship; MEDIUM for bibliographic detail,https://bmxmuseum.com/bikes/redline/,Dated/period placement
CHR-003,1970,1970,Late 1970s,SE Racing,PK Ripper late-1970s debut,Product-history object,v0.8,EPH-0043,,MEDIUM-HIGH,https://www.sebikes.com/blogs/news/elite-race-series,Dated/period placement
CHR-008,1976,1984,1976–1984,Torker,Fullerton-era Torker model archive,Model archive,v0.8,EPH-0048,,HIGH for archive role,https://torkerracing.com/pages/torker-bmx-models,Dated/period placement
CHR-005,1976,1976,1976–77,Mongoose,1976–77 Bicycle and Components Catalog,Manufacturer catalog,v0.8,EPH-0040,,HIGH,https://www.vintagemongoose.com/pdfs/mongoose_cat76-77.pdf,Dated/period placement
CHR-009,1976,1976,1976–77,Mongoose; Ashtabula/Cecor,Mongoose 1976–77 accessories — Ashtabula/Cecor pedals,Manufacturer/distributor catalog page,v0.7,EPH-0035,,MEDIUM-HIGH,https://www.vintagemongoose.com/pdfs/mongoose_cat76-77.pdf,Dated/period placement
CHR-006,1976,1976,December 1976,Torker,First Torker advertisement in BMX Weekly,Magazine advertisement,v0.5 inherited,EPH-0009,DUP-TORKER-FIRST-AD,MEDIUM-HIGH,https://torkerracing.com/pages/the-fullerton-era-torker-bmx-history,Dated/period placement
CHR-007,1976,1976,December 1976,Torker,First Torker advertisement in BMX Weekly,Magazine advertisement,v0.8,EPH-0047,DUP-TORKER-FIRST-AD,MEDIUM-HIGH,https://torkerracing.com/pages/the-fullerton-era-torker-bmx-history,Dated/period placement
CHR-010,1977,1977,circa 1977 (unverified),Ashtabula,Ashtabula component catalog,Catalog,v0.5 inherited,EPH-0006,DUP-ASHT-5027,HIGH for object; MEDIUM for date,https://bmxmuseum.com/reference/5027,Year is provisional
CHR-011,1977,1977,circa 1977; date provisional,Ashtabula,Ashtabula component catalog,Component catalog,v0.7,EPH-0031,DUP-ASHT-5027,HIGH for ID; MEDIUM for date,https://bmxmuseum.com/reference/5027,Year is provisional
CHR-012,1977,1977,circa 1977; interpretation,Ashtabula,Ashtabula crank length range,Catalog claim,v0.7,EPH-0032,,MEDIUM,https://thecabe.com/forum/threads/ashtabula-fork-identification-help.253603/,Year is provisional
CHR-013,1977,1977,circa 1977; interpretation,Ashtabula,Ashtabula fork sizing and 6-3/4-inch steerer discussion,Catalog claim,v0.7,EPH-0033,,MEDIUM,https://thecabe.com/forum/threads/ashtabula-fork-identification-help.253603/,Year is provisional
CHR-014,1978,1978,1978,Redline,1978 Redline product catalog,Product catalog,v0.8,EPH-0036,,MEDIUM-HIGH,https://www.redlinevintagebmx.com/redline-history,Dated/period placement
CHR-016,1979,1979,1979/80,Mongoose,1979/80 Bicycle and Components Catalog,Manufacturer catalog,v0.8,EPH-0041,,HIGH,https://www.vintagemongoose.com/pdfs/mongoose_cat79-80.pdf,Dated/period placement
CHR-018,1979,1979,1979/80,Mongoose; Ashtabula,Mongoose 1979/80 catalog — Ashtabula one-piece cranks,Manufacturer/distributor catalog page,v0.7,EPH-0034,,HIGH,https://www.vintagemongoose.com/pdfs/mongoose_cat79-80.pdf,Dated/period placement
CHR-015,1979,1980,1979–1980,Torker,1979 National Number One team / 1980 world-pro chronology,Factory-team history,v0.8,EPH-0049,,MEDIUM-HIGH,https://torkerracing.com/blogs/news/torker-bmx-number-one-team-in-america,Dated/period placement
CHR-017,1979,1979,July 1979 issue; ran over multiple months,JMC Racing,July 1979 JMC advertisement,Magazine advertisement,v0.5 inherited,EPH-0013,,HIGH for bibliographic identity,https://jmcbmx.wordpress.com/2010/02/03/july-1979-advertisement/,Dated/period placement
CHR-019,1979,1979,Since early 1979,SE Racing,Perry Kramer initials on PK Ripper,Rider/model naming history,v0.8,EPH-0044,,HIGH for relationship,https://www.sebikes.com/pages/perry-kramer,Dated/period placement
CHR-020,1980,1980,1980,JMC Racing; Bicycle Harbor of Arizona; Matt Raymer,JMC 3.1 XL naming-contest announcement,Promotional announcement / naming contest,v0.5 inherited,EPH-0016,,HIGH for historical claim; LOW for object recovery,https://jmcbmx.wordpress.com/about/,Dated/period placement
CHR-021,1981,1981,1981,JMC Racing; JMC Factory Team,1981 JMC Factory Team advertisement,Team advertisement,v0.5 inherited,EPH-0015,,MEDIUM-HIGH,https://jmcbmx.wordpress.com/2010/02/03/81-jmc-factory-team-advertisement/,Dated/period placement
CHR-022,1981,1981,April 1981; appeared in multiple months,JMC Racing; Black Shadow; 3.1 XL,April 1981 JMC advertisement,Magazine advertisement,v0.5 inherited,EPH-0014,,HIGH for source/date; MEDIUM-HIGH for summarized claims,https://jmcbmx.wordpress.com/2010/02/03/april-1981-advertisement/,Dated/period placement
CHR-025,1982,1982,1982,Diamond Back,Free Diamond Back and Pro Star info pack and decal,Information-pack mailer,v0.8,EPH-0046,DUP-DB-INFO-PACK,HIGH for offer,https://previouspage.co.uk/magazines/BMX%20Action%20Bike/issues/13-april%2Fmay-eighty-two,Dated/period placement
CHR-028,1982,1982,1982,Diamond Back,Silver Streak team advertisement and product naming,Team/product advertisement,v0.8,EPH-0045,,HIGH for period object,https://previouspage.co.uk/magazines/BMX%20Action%20Bike/issues/13-april%2Fmay-eighty-two,Dated/period placement
CHR-024,1982,1982,1982 campaign,Diamond Back; Pro Star,Diamond Back and Pro Star Info Pack & Decal,Information-pack mailer,v0.9,EPH-0054,DUP-DB-INFO-PACK,HIGH for offer,https://previouspage.co.uk/magazines/BMX%20Action%20Bike/issues/13-april%2Fmay-eighty-two,Dated/period placement
CHR-0062,1982,1982,April/May 1982,Midlands Cycles; Suntour; Araya; MKS,Midlands Cycles BMX mail-order special offers,Retailer advertisement / price list,v1.1 expansion,EPH-0062,,MEDIUM-HIGH,https://previouspage.co.uk/magazines/BMX%20Action%20Bike/issues/13-april%2Fmay-eighty-two,Dated/period placement
CHR-0063,1982,1982,April/May 1982,Serval Marketing; JT Racing; AME; Oakley; Johar,Serval Marketing BMX product list and recommended-prices offer,Information-pack mailer,v1.1 expansion,EPH-0063,,MEDIUM-HIGH,https://previouspage.co.uk/magazines/BMX%20Action%20Bike/issues/13-april%2Fmay-eighty-two,Dated/period placement
CHR-0064,1982,1982,April/May 1982,Strongs Cycles; Kuwahara; Red Line; Dia-Compe,Strongs Cycles Kuwahara and Red Line frame/component advertisement,Retailer advertisement / price list,v1.1 expansion,EPH-0064,,MEDIUM-HIGH,https://previouspage.co.uk/magazines/BMX%20Action%20Bike/issues/13-april%2Fmay-eighty-two,Dated/period placement
CHR-0065,1982,1982,April/May 1982,Gecko Leisure Products; Redline; Kuwahara; Race Inc.; MCS,Gecko BMX product range and free Redline/Kuwahara patch offer,Dealer/shop advertisement,v1.1 expansion,EPH-0065,,MEDIUM-HIGH,https://previouspage.co.uk/magazines/BMX%20Action%20Bike/issues/13-april%2Fmay-eighty-two,Dated/period placement
CHR-0066,1982,1982,April/May 1982,Hotshot BMX; Mongoose; Redline; Kuwahara; Diamond Back; GT,Hotshot BMX complete-bike special and free price-list/sticker offer,Dealer price-list / sticker offer,v1.1 expansion,EPH-0066,,MEDIUM-HIGH,https://previouspage.co.uk/magazines/BMX%20Action%20Bike/issues/13-april%2Fmay-eighty-two,Dated/period placement
CHR-0067,1982,1982,April/May 1982,BMX Action Bike; London Dungeon,BMX Action Bike London Dungeon caption competition,Contest entry form / promotion,v1.1 expansion,EPH-0067,,MEDIUM-HIGH,https://previouspage.co.uk/magazines/BMX%20Action%20Bike/issues/13-april%2Fmay-eighty-two,Dated/period placement
CHR-0068,1982,1982,April/May 1982,BMX Action Bike; GT,BMX Action Bike GT Pro 4 bicycle giveaway,Contest entry form,v1.1 expansion,EPH-0068,,HIGH,https://previouspage.co.uk/magazines/BMX%20Action%20Bike/issues/13-april%2Fmay-eighty-two,Dated/period placement
CHR-0069,1982,1982,April/May 1982,"Kenda; Moore, Large & Co.",Kenda Karate free sticker mailer,Information-pack mailer,v1.1 expansion,EPH-0069,,HIGH,https://previouspage.co.uk/magazines/BMX%20Action%20Bike/issues/13-april%2Fmay-eighty-two,Dated/period placement
CHR-0070,1982,1982,April/May 1982,BMX Action Bike; UKBMX Publications,BMX Action Bike track and club list mailer,Catalog mailer,v1.1 expansion,EPH-0070,,HIGH,https://previouspage.co.uk/magazines/BMX%20Action%20Bike/issues/13-april%2Fmay-eighty-two,Dated/period placement
CHR-0071,1982,1982,April/May 1982,SJK Products,SJK Hurricane complete bike and frame-kit advertisement,Product literature,v1.1 expansion,EPH-0071,,MEDIUM-HIGH,https://previouspage.co.uk/magazines/BMX%20Action%20Bike/issues/13-april%2Fmay-eighty-two,Dated/period placement
CHR-0072,1982,1982,April/May 1982,CAMM Distributing,CAMM Power Stem dealer advertisement,Retailer advertisement / price list,v1.1 expansion,EPH-0072,,MEDIUM-HIGH,https://previouspage.co.uk/magazines/BMX%20Action%20Bike/issues/13-april%2Fmay-eighty-two,Dated/period placement
CHR-0073,1982,1982,April/May 1982,Diamond Back; BMX Action Bike,Diamond Back Silver Streak test report and projected retail price,Product-history object,v1.1 expansion,EPH-0073,,HIGH,https://previouspage.co.uk/magazines/BMX%20Action%20Bike/issues/13-april%2Fmay-eighty-two,Dated/period placement
CHR-0074,1982,1982,April/May 1982,UKBMX,UKBMX membership and racing-licence application form,Event registration coupon,v1.1 expansion,EPH-0074,,HIGH,https://previouspage.co.uk/magazines/BMX%20Action%20Bike/issues/13-april%2Fmay-eighty-two,Dated/period placement
CHR-0075,1982,1982,April/May 1982,BMX Action Bike; UKBMX Publications,BMX Action Bike back-issue mailer,Catalog mailer,v1.1 expansion,EPH-0075,,HIGH,https://previouspage.co.uk/magazines/BMX%20Action%20Bike/issues/13-april%2Fmay-eighty-two,Dated/period placement
CHR-0076,1982,1982,April/May 1982,Stronglite; Paul Harvey,Stronglite prototype frame and fork announcement,Product announcement / kit,v1.1 expansion,EPH-0076,,MEDIUM,https://previouspage.co.uk/magazines/BMX%20Action%20Bike/issues/13-april%2Fmay-eighty-two,Dated/period placement
CHR-0077,1982,1982,April/May 1982,Prolite; Freewheeler,Prolite racing helmet retailer offer,Retailer advertisement / price list,v1.1 expansion,EPH-0077,,MEDIUM-HIGH,https://previouspage.co.uk/magazines/BMX%20Action%20Bike/issues/13-april%2Fmay-eighty-two,Dated/period placement
CHR-0078,1982,1982,April/May 1982,Pacer; Gecko,Pacer racing gloves retailer offer,Retailer advertisement / price list,v1.1 expansion,EPH-0078,,HIGH,https://previouspage.co.uk/magazines/BMX%20Action%20Bike/issues/13-april%2Fmay-eighty-two,Dated/period placement
CHR-0079,1982,1982,April/May 1982,BMX Action Bike; UKBMX Publications,BMX Action Bike assorted sticker packet offer,Information-pack mailer,v1.1 expansion,EPH-0079,,HIGH,https://previouspage.co.uk/magazines/BMX%20Action%20Bike/issues/13-april%2Fmay-eighty-two,Dated/period placement
CHR-0080,1982,1982,April/May 1982,MX 1000; retailer unresolved from indexed alignment,MX 1000 brake-pair and BMX catalogue offer,Dealer price-list / sticker offer,v1.1 expansion,EPH-0080,,MEDIUM-HIGH,https://previouspage.co.uk/magazines/BMX%20Action%20Bike/issues/13-april%2Fmay-eighty-two,Dated/period placement
CHR-0109,1982,1982,August/September 1982,Puch Murray,Puch Murray 20-inch and 24-inch BMX range advertisement,Magazine advertisement,v1.1 chronological census,EPH-0109,,HIGH,https://previouspage.co.uk/magazines/BMX%20Action%20Bike/issues/57-august%2Fseptember-eighty-two,Dated period-publication placement
CHR-0110,1982,1982,August/September 1982,Diamond Back; Pro-Star; Freewheeler,Diamond Back Silver Streak and Pro-Star information-pack offer,Information-pack mailer,v1.1 chronological census,EPH-0110,,HIGH,https://previouspage.co.uk/magazines/BMX%20Action%20Bike/issues/57-august%2Fseptember-eighty-two,Dated period-publication placement
CHR-0111,1982,1982,August/September 1982,Kenda; Moore Large,Kenda Karate tyre advertisement,Magazine advertisement,v1.1 chronological census,EPH-0111,,HIGH,https://previouspage.co.uk/magazines/BMX%20Action%20Bike/issues/57-august%2Fseptember-eighty-two,Dated period-publication placement
CHR-0112,1982,1982,August/September 1982,Raleigh; Halfords,Raleigh Burner five-model range launch,Product announcement / kit,v1.1 chronological census,EPH-0112,,HIGH,https://previouspage.co.uk/magazines/BMX%20Action%20Bike/issues/57-august%2Fseptember-eighty-two,Dated period-publication placement
CHR-0113,1982,1982,August/September 1982,Paul Connors; Diamond Back,Home-built Diamond Back II project letter,Product-history object,v1.1 chronological census,EPH-0113,,MEDIUM-HIGH,https://previouspage.co.uk/magazines/BMX%20Action%20Bike/issues/57-august%2Fseptember-eighty-two,Dated period-publication placement
CHR-0114,1982,1982,August/September 1982,Ramsey BMX Club; Steve's Team Mongoose,Ramsey BMX Club free-entry visitor notice,Event notice / contact flyer,v1.1 chronological census,EPH-0114,,HIGH,https://previouspage.co.uk/magazines/BMX%20Action%20Bike/issues/57-august%2Fseptember-eighty-two,Dated period-publication placement
CHR-0115,1982,1982,August/September 1982,ACS,ACS experimental 26-inch Z-rim production note,Product-history object,v1.1 chronological census,EPH-0115,,MEDIUM-HIGH,https://previouspage.co.uk/magazines/BMX%20Action%20Bike/issues/57-august%2Fseptember-eighty-two,Dated period-publication placement
CHR-0116,1982,1982,August/September 1982,Gecko Leisure Products,Gecko BMX product-range advertisement,Dealer/shop advertisement,v1.1 chronological census,EPH-0116,,MEDIUM-HIGH,https://previouspage.co.uk/magazines/BMX%20Action%20Bike/issues/57-august%2Fseptember-eighty-two,Dated period-publication placement
CHR-0117,1982,1982,August/September 1982,Redline,Redline PL-20 Carrera complete-package advertisement,Product literature,v1.1 chronological census,EPH-0117,,HIGH,https://previouspage.co.uk/magazines/BMX%20Action%20Bike/issues/57-august%2Fseptember-eighty-two,Dated period-publication placement
CHR-0118,1982,1982,August/September 1982,Kuwahara,Kuwahara frame-and-fork range advertisement,Product literature,v1.1 chronological census,EPH-0118,,HIGH,https://previouspage.co.uk/magazines/BMX%20Action%20Bike/issues/57-august%2Fseptember-eighty-two,Dated period-publication placement
CHR-0119,1982,1982,August/September 1982,MCS; Race Inc; Powerlite; Gecko,"MCS, Race Inc, and Powerlite range advertisement",Dealer advertisement / price-list lead,v1.1 chronological census,EPH-0119,,MEDIUM-HIGH,https://previouspage.co.uk/magazines/BMX%20Action%20Bike/issues/57-august%2Fseptember-eighty-two,Dated period-publication placement
CHR-0120,1982,1982,August/September 1982,SE Racing; PK Ripper,PK Ripper editorial test,Product-history object,v1.1 chronological census,EPH-0120,,HIGH,https://previouspage.co.uk/magazines/BMX%20Action%20Bike/issues/57-august%2Fseptember-eighty-two,Dated period-publication placement
CHR-0121,1982,1982,August/September 1982,Ammaco; Andy Ruffell,Ammaco BMX thrash test,Product-history object,v1.1 chronological census,EPH-0121,,MEDIUM-HIGH,https://previouspage.co.uk/magazines/BMX%20Action%20Bike/issues/57-august%2Fseptember-eighty-two,Dated period-publication placement
CHR-0122,1982,1982,August/September 1982,Tim March; March Racing Developments,Tim March profile and March Racing Developments launch,Factory-team history,v1.1 chronological census,EPH-0122,,HIGH,https://previouspage.co.uk/magazines/BMX%20Action%20Bike/issues/57-august%2Fseptember-eighty-two,Dated period-publication placement
CHR-0123,1982,1982,August/September 1982,March Racing Developments,March Racing Developments number-plate offer,Product literature,v1.1 chronological census,EPH-0123,,HIGH,https://previouspage.co.uk/magazines/BMX%20Action%20Bike/issues/57-august%2Fseptember-eighty-two,Dated period-publication placement
CHR-0124,1982,1982,August/September 1982,Hotshot BMX Racing,Hotshot retail and trade price-list/sticker service,Dealer price-list / sticker offer,v1.1 chronological census,EPH-0124,,HIGH,https://previouspage.co.uk/magazines/BMX%20Action%20Bike/issues/57-august%2Fseptember-eighty-two,Dated period-publication placement
CHR-0125,1982,1982,August/September 1982,DC Racing,DC Racing price-list and sticker mailer,Dealer price-list / sticker offer,v1.1 chronological census,EPH-0125,,HIGH,https://previouspage.co.uk/magazines/BMX%20Action%20Bike/issues/57-august%2Fseptember-eighty-two,Dated period-publication placement
CHR-0126,1982,1982,August/September 1982,Piranha,Piranha cast-wheel model announcement,Product announcement / kit,v1.1 chronological census,EPH-0126,,MEDIUM-HIGH,https://previouspage.co.uk/magazines/BMX%20Action%20Bike/issues/57-august%2Fseptember-eighty-two,Dated period-publication placement
CHR-0127,1982,1982,August/September 1982,Surrey BMX,Surrey BMX six-page bargain-list advertisement,Retailer advertisement / price list,v1.1 chronological census,EPH-0127,,HIGH,https://previouspage.co.uk/magazines/BMX%20Action%20Bike/issues/57-august%2Fseptember-eighty-two,Dated period-publication placement
CHR-0128,1982,1982,August/September 1982,Cooper,Cooper convertible BMX helmet mailer,Product literature,v1.1 chronological census,EPH-0128,,HIGH,https://previouspage.co.uk/magazines/BMX%20Action%20Bike/issues/57-august%2Fseptember-eighty-two,Dated period-publication placement
CHR-0129,1982,1982,August/September 1982,Lee; SunTour,Lee and SunTour sealed bottom-bracket product note,Product announcement / kit,v1.1 chronological census,EPH-0129,,MEDIUM-HIGH,https://previouspage.co.uk/magazines/BMX%20Action%20Bike/issues/57-august%2Fseptember-eighty-two,Dated period-publication placement
CHR-0130,1982,1982,August/September 1982,Araya,Araya aerodynamic sew-up race-wheel note,Product literature,v1.1 chronological census,EPH-0130,,MEDIUM,https://previouspage.co.uk/magazines/BMX%20Action%20Bike/issues/57-august%2Fseptember-eighty-two,Dated period-publication placement
CHR-0131,1982,1982,August/September 1982,Profile; Hotshot BMX,Profile mini BMX build feature,Product-history object,v1.1 chronological census,EPH-0131,,MEDIUM-HIGH,https://previouspage.co.uk/magazines/BMX%20Action%20Bike/issues/57-august%2Fseptember-eighty-two,Dated period-publication placement
CHR-0132,1982,1982,August/September 1982,Patterson Racing Products,Patterson chromoly frame-and-fork advertisement,Product literature,v1.1 chronological census,EPH-0132,,HIGH,https://previouspage.co.uk/magazines/BMX%20Action%20Bike/issues/57-august%2Fseptember-eighty-two,Dated period-publication placement
CHR-0133,1982,1982,August/September 1982,KHS; Action Bike Distributing,KHS Duster four-model range and RRPs,Retailer advertisement / price list,v1.1 chronological census,EPH-0133,,HIGH,https://previouspage.co.uk/magazines/BMX%20Action%20Bike/issues/57-august%2Fseptember-eighty-two,Dated period-publication placement
CHR-0134,1982,1982,August/September 1982,SJK Products; Action Bike Distributing,SJK Hurricane distributor announcement,Product literature,v1.1 chronological census,EPH-0134,,MEDIUM-HIGH,https://previouspage.co.uk/magazines/BMX%20Action%20Bike/issues/57-august%2Fseptember-eighty-two,Dated period-publication placement
CHR-0135,1982,1982,August/September 1982,Dartford cycle retailer,Summer chrome-plating service advertisement,Dealer/shop advertisement,v1.1 chronological census,EPH-0135,,MEDIUM,https://previouspage.co.uk/magazines/BMX%20Action%20Bike/issues/57-august%2Fseptember-eighty-two,Dated period-publication placement
CHR-0136,1982,1982,August/September 1982,Dartford cycle retailer,Twenty-pence BMX catalogue mailer,Catalog mailer,v1.1 chronological census,EPH-0136,,HIGH,https://previouspage.co.uk/magazines/BMX%20Action%20Bike/issues/57-august%2Fseptember-eighty-two,Dated period-publication placement
CHR-0166,1982,1983,December 1982/January 1983,Shimano,Shimano DX platform-pedal advertisement,Product literature,v1.1 chronological census,EPH-0166,,HIGH,https://previouspage.co.uk/magazines/BMX%20Action%20Bike/issues/58-december%2Fjanuary-eighty-two,Dated period-publication placement
CHR-0167,1982,1983,December 1982/January 1983,Shimano,Shimano DX micro-adjust seatpost announcement,Product announcement / kit,v1.1 chronological census,EPH-0167,,MEDIUM-HIGH,https://previouspage.co.uk/magazines/BMX%20Action%20Bike/issues/58-december%2Fjanuary-eighty-two,Dated period-publication placement
CHR-0168,1982,1983,December 1982/January 1983,Pro-Lite; Freewheeler,Pro-Lite protective-equipment information-pack placement,Information-pack mailer,v1.1 chronological census,EPH-0168,,HIGH,https://previouspage.co.uk/magazines/BMX%20Action%20Bike/issues/58-december%2Fjanuary-eighty-two,Dated period-publication placement
CHR-0169,1982,1983,December 1982/January 1983,Halfords; California,Halfords California BMX model-range price advertisement,Retailer advertisement / price list,v1.1 chronological census,EPH-0169,,HIGH,https://previouspage.co.uk/magazines/BMX%20Action%20Bike/issues/58-december%2Fjanuary-eighty-two,Dated period-publication placement
CHR-0170,1982,1983,December 1982/January 1983,Halfords; Raleigh; Haro,Halfords Raleigh Burner and free Haro plate promotion,Event prize promotion,v1.1 chronological census,EPH-0170,,HIGH,https://previouspage.co.uk/magazines/BMX%20Action%20Bike/issues/58-december%2Fjanuary-eighty-two,Dated period-publication placement
CHR-0171,1982,1983,December 1982/January 1983,Lee Cooper; BMX Action Bike,British and world BMX wheelie-record attempt notice,Event notice / contact flyer,v1.1 chronological census,EPH-0171,,HIGH,https://previouspage.co.uk/magazines/BMX%20Action%20Bike/issues/58-december%2Fjanuary-eighty-two,Dated period-publication placement
CHR-0172,1982,1983,December 1982/January 1983,Lee Cooper; BMX Action Bike,British and world bunnyhop-record attempt notice,Event notice / contact flyer,v1.1 chronological census,EPH-0172,,HIGH,https://previouspage.co.uk/magazines/BMX%20Action%20Bike/issues/58-december%2Fjanuary-eighty-two,Dated period-publication placement
CHR-0173,1982,1983,December 1982/January 1983,Lee Cooper; BMX Action Bike,Lee Cooper BMX coaching clinic,Event flyer / trade-exhibition notice,v1.1 chronological census,EPH-0173,,HIGH,https://previouspage.co.uk/magazines/BMX%20Action%20Bike/issues/58-december%2Fjanuary-eighty-two,Dated period-publication placement
CHR-0174,1982,1983,December 1982/January 1983,Lee Cooper; BMX Action Bike,Lee Cooper freestyle stunt competition,Event entry / pre-registration advertisement,v1.1 chronological census,EPH-0174,,HIGH,https://previouspage.co.uk/magazines/BMX%20Action%20Bike/issues/58-december%2Fjanuary-eighty-two,Dated period-publication placement
CHR-0175,1982,1983,December 1982/January 1983,Diamond Back; Lee Cooper,Diamond Back Teamfinder race series launch,Factory-team history,v1.1 chronological census,EPH-0175,,HIGH,https://previouspage.co.uk/magazines/BMX%20Action%20Bike/issues/58-december%2Fjanuary-eighty-two,Dated period-publication placement
CHR-0176,1982,1983,December 1982/January 1983,BMX Action Bike,First National BMX Poll ballot,Contest entry form,v1.1 chronological census,EPH-0176,,HIGH,https://previouspage.co.uk/magazines/BMX%20Action%20Bike/issues/58-december%2Fjanuary-eighty-two,Dated period-publication placement
CHR-0177,1982,1983,December 1982/January 1983,Diamond Back; Harry Leary,Diamond Back Turbo national-poll prize,Event prize promotion,v1.1 chronological census,EPH-0177,,HIGH,https://previouspage.co.uk/magazines/BMX%20Action%20Bike/issues/58-december%2Fjanuary-eighty-two,Dated period-publication placement
CHR-0178,1982,1983,December 1982/January 1983,Skyway,Skyway Tuff II national-poll prize,Event prize promotion,v1.1 chronological census,EPH-0178,,HIGH,https://previouspage.co.uk/magazines/BMX%20Action%20Bike/issues/58-december%2Fjanuary-eighty-two,Dated period-publication placement
CHR-0179,1982,1983,December 1982/January 1983,Bell,Bell lightweight helmet national-poll prize,Event prize promotion,v1.1 chronological census,EPH-0179,,HIGH,https://previouspage.co.uk/magazines/BMX%20Action%20Bike/issues/58-december%2Fjanuary-eighty-two,Dated period-publication placement
CHR-0180,1982,1983,December 1982/January 1983,Asahi; Ron Kitching,Asahi Action Spokes product advertisement,Product literature,v1.1 chronological census,EPH-0180,,HIGH,https://previouspage.co.uk/magazines/BMX%20Action%20Bike/issues/58-december%2Fjanuary-eighty-two,Dated period-publication placement
CHR-0181,1982,1983,December 1982/January 1983,King Sticker,King Sticker five-sticker and jumbo-pack offer,Information-pack mailer,v1.1 chronological census,EPH-0181,,HIGH,https://previouspage.co.uk/magazines/BMX%20Action%20Bike/issues/58-december%2Fjanuary-eighty-two,Dated period-publication placement
CHR-0182,1982,1983,December 1982/January 1983,Raleigh; Cycle Warehouse,Raleigh Pro Burner Christmas price promotion,Retailer advertisement / price list,v1.1 chronological census,EPH-0182,,HIGH,https://previouspage.co.uk/magazines/BMX%20Action%20Bike/issues/58-december%2Fjanuary-eighty-two,Dated period-publication placement
CHR-0183,1982,1983,December 1982/January 1983,Diatron,Diatron Wildcat convertible helmet launch,Product announcement / kit,v1.1 chronological census,EPH-0183,,HIGH,https://previouspage.co.uk/magazines/BMX%20Action%20Bike/issues/58-december%2Fjanuary-eighty-two,Dated period-publication placement
CHR-0184,1982,1983,December 1982/January 1983,Piranha,Piranha cast-wheel bicycle launch advertisement,Product announcement / kit,v1.1 chronological census,EPH-0184,,HIGH,https://previouspage.co.uk/magazines/BMX%20Action%20Bike/issues/58-december%2Fjanuary-eighty-two,Dated period-publication placement
CHR-0185,1982,1983,December 1982/January 1983,Hot Wheels BMX Centre,Hot Wheels BMX Centre imported-product advertisement,Dealer/shop advertisement,v1.1 chronological census,EPH-0185,,MEDIUM-HIGH,https://previouspage.co.uk/magazines/BMX%20Action%20Bike/issues/58-december%2Fjanuary-eighty-two,Dated period-publication placement
CHR-0186,1982,1983,December 1982/January 1983,Kuwahara; Isaac Henderson BMX,Original and replica Kuwahara E.T. price advertisement,Retailer advertisement / price list,v1.1 chronological census,EPH-0186,,HIGH,https://previouspage.co.uk/magazines/BMX%20Action%20Bike/issues/58-december%2Fjanuary-eighty-two,Dated period-publication placement
CHR-0187,1982,1983,December 1982/January 1983,BMX Action Bike,Nine-bike shootout overview,Product-history object,v1.1 chronological census,EPH-0187,,HIGH,https://previouspage.co.uk/magazines/BMX%20Action%20Bike/issues/58-december%2Fjanuary-eighty-two,Dated period-publication placement
CHR-0188,1982,1983,December 1982/January 1983,Huffy,Huffy Pro 2 shootout test,Product-history object,v1.1 chronological census,EPH-0188,,HIGH,https://previouspage.co.uk/magazines/BMX%20Action%20Bike/issues/58-december%2Fjanuary-eighty-two,Dated period-publication placement
CHR-0189,1982,1983,December 1982/January 1983,Cycle Pro,Cycle Pro Macho shootout test,Product-history object,v1.1 chronological census,EPH-0189,,MEDIUM-HIGH,https://previouspage.co.uk/magazines/BMX%20Action%20Bike/issues/58-december%2Fjanuary-eighty-two,Dated period-publication placement
CHR-0190,1982,1983,December 1982/January 1983,Falcon,Falcon BMX shootout test,Product-history object,v1.1 chronological census,EPH-0190,,MEDIUM-HIGH,https://previouspage.co.uk/magazines/BMX%20Action%20Bike/issues/58-december%2Fjanuary-eighty-two,Dated period-publication placement
CHR-0191,1982,1983,December 1982/January 1983,California; Halfords,California Star and Trax Pro comparison,Product-history object,v1.1 chronological census,EPH-0191,,MEDIUM-HIGH,https://previouspage.co.uk/magazines/BMX%20Action%20Bike/issues/58-december%2Fjanuary-eighty-two,Dated period-publication placement
CHR-0192,1982,1983,December 1982/January 1983,BMX Action Bike,ABMX repeat light-and-reflector offer,Information-pack mailer,v1.1 chronological census,EPH-0192,,HIGH,https://previouspage.co.uk/magazines/BMX%20Action%20Bike/issues/58-december%2Fjanuary-eighty-two,Dated period-publication placement
CHR-0193,1982,1983,December 1982/January 1983,Robinson Racing Products,Robinson Racing sticker-and-catalogue mailer,Catalog mailer,v1.1 chronological census,EPH-0193,,HIGH,https://previouspage.co.uk/magazines/BMX%20Action%20Bike/issues/58-december%2Fjanuary-eighty-two,Dated period-publication placement
CHR-0081,1982,1982,June/July 1982,Stadium Cycles; Atomic Star,Stadium Cycles Atomic Star range advertisement,Magazine advertisement,v1.1 chronological census,EPH-0081,,MEDIUM-HIGH,https://previouspage.co.uk/magazines/BMX%20Action%20Bike/issues/14-june%2Fjuly-eighty-two,Dated period-publication placement
CHR-0082,1982,1982,June/July 1982,Ron Kitching; SunTour; Dia-Compe; MKS; Tange,Ron Kitching BMX component-distributor brand list,Distributor price list,v1.1 chronological census,EPH-0082,,HIGH,https://previouspage.co.uk/magazines/BMX%20Action%20Bike/issues/14-june%2Fjuly-eighty-two,Dated period-publication placement
CHR-0083,1982,1982,June/July 1982,Raleigh; BMX Action Bike,Raleigh Raceline event-listing service,Event notice / contact flyer,v1.1 chronological census,EPH-0083,,HIGH,https://previouspage.co.uk/magazines/BMX%20Action%20Bike/issues/14-june%2Fjuly-eighty-two,Dated period-publication placement
CHR-0084,1982,1982,June/July 1982,Halfords,Halfords free BMX jersey promotion,Event prize promotion,v1.1 chronological census,EPH-0084,,HIGH,https://previouspage.co.uk/magazines/BMX%20Action%20Bike/issues/14-june%2Fjuly-eighty-two,Dated period-publication placement
CHR-0085,1982,1982,June/July 1982,Hotshot BMX Racing,Hotshot BMX complete-bike special and petrol bonus,Retailer advertisement / price list,v1.1 chronological census,EPH-0085,,HIGH,https://previouspage.co.uk/magazines/BMX%20Action%20Bike/issues/14-june%2Fjuly-eighty-two,Dated period-publication placement
CHR-0086,1982,1982,June/July 1982,Hotshot BMX Racing,Hotshot free price-list and sticker mailer,Dealer price-list / sticker offer,v1.1 chronological census,EPH-0086,,HIGH,https://previouspage.co.uk/magazines/BMX%20Action%20Bike/issues/14-june%2Fjuly-eighty-two,Dated period-publication placement
CHR-0087,1982,1982,June/July 1982,UKBMX; Tucker's Tornadoes,Guisborough national race report,Product-history object,v1.1 chronological census,EPH-0087,,MEDIUM-HIGH,https://previouspage.co.uk/magazines/BMX%20Action%20Bike/issues/14-june%2Fjuly-eighty-two,Dated period-publication placement
CHR-0088,1982,1982,June/July 1982,Diamond Back; Tucker's Tornadoes,Diamond Back northern-team sponsorship notice,Factory-team history,v1.1 chronological census,EPH-0088,,HIGH,https://previouspage.co.uk/magazines/BMX%20Action%20Bike/issues/14-june%2Fjuly-eighty-two,Dated period-publication placement
CHR-0089,1982,1982,June/July 1982,GT; Greg Hill,GT Pro 4 road and race test,Product-history object,v1.1 chronological census,EPH-0089,,HIGH,https://previouspage.co.uk/magazines/BMX%20Action%20Bike/issues/14-june%2Fjuly-eighty-two,Dated period-publication placement
CHR-0090,1982,1982,June/July 1982,GT,GT Pro 4 specification sheet,Product literature,v1.1 chronological census,EPH-0090,,HIGH,https://previouspage.co.uk/magazines/BMX%20Action%20Bike/issues/14-june%2Fjuly-eighty-two,Dated period-publication placement
CHR-0091,1982,1982,June/July 1982,BMX Action Bike; James Black,Bermology track-building guide,Product literature,v1.1 chronological census,EPH-0091,,HIGH,https://previouspage.co.uk/magazines/BMX%20Action%20Bike/issues/14-june%2Fjuly-eighty-two,Dated period-publication placement
CHR-0092,1982,1982,June/July 1982,Redline; Keith Wilson,Keith Wilson Redline rider profile,Rider/model naming history,v1.1 chronological census,EPH-0092,,MEDIUM-HIGH,https://previouspage.co.uk/magazines/BMX%20Action%20Bike/issues/14-june%2Fjuly-eighty-two,Dated period-publication placement
CHR-0093,1982,1982,June/July 1982,BMX Action Bike; SE Racing; PK Ripper,PK Ripper Radical Art competition,Contest entry form / promotion,v1.1 chronological census,EPH-0093,,HIGH,https://previouspage.co.uk/magazines/BMX%20Action%20Bike/issues/14-june%2Fjuly-eighty-two,Dated period-publication placement
CHR-0094,1982,1982,June/July 1982,Neal Stevens; BMX Action Bike,Neal Stevens State of the Art feature,Product-history object,v1.1 chronological census,EPH-0094,,HIGH,https://previouspage.co.uk/magazines/BMX%20Action%20Bike/issues/14-june%2Fjuly-eighty-two,Dated period-publication placement
CHR-0095,1982,1982,June/July 1982,Shiner; SE Racing,Shiner SE Racing news and free-decal mailer,Information-pack mailer,v1.1 chronological census,EPH-0095,,HIGH,https://previouspage.co.uk/magazines/BMX%20Action%20Bike/issues/14-june%2Fjuly-eighty-two,Dated period-publication placement
CHR-0096,1982,1982,June/July 1982,GT; Greg Hill,GT racing and dealer advertisement,Team/product advertisement,v1.1 chronological census,EPH-0096,,MEDIUM-HIGH,https://previouspage.co.uk/magazines/BMX%20Action%20Bike/issues/14-june%2Fjuly-eighty-two,Dated period-publication placement
CHR-0097,1982,1982,June/July 1982,De Ver Cycles,De Ver Cycles BMX bargains listing,Dealer advertisement / price-list lead,v1.1 chronological census,EPH-0097,,MEDIUM-HIGH,https://previouspage.co.uk/magazines/BMX%20Action%20Bike/issues/14-june%2Fjuly-eighty-two,Dated period-publication placement
CHR-0098,1982,1982,June/July 1982,Max,Max chainring carrying bags,Product announcement / kit,v1.1 chronological census,EPH-0098,,MEDIUM-HIGH,https://previouspage.co.uk/magazines/BMX%20Action%20Bike/issues/14-june%2Fjuly-eighty-two,Dated period-publication placement
CHR-0099,1982,1982,June/July 1982,SunTour,SunTour HL-100 headset locking nut,Product announcement / kit,v1.1 chronological census,EPH-0099,,HIGH,https://previouspage.co.uk/magazines/BMX%20Action%20Bike/issues/14-june%2Fjuly-eighty-two,Dated period-publication placement
CHR-0100,1982,1982,June/July 1982,Oakley; Gecko,Oakley O/20 goggle product notice,Product literature,v1.1 chronological census,EPH-0100,,HIGH,https://previouspage.co.uk/magazines/BMX%20Action%20Bike/issues/14-june%2Fjuly-eighty-two,Dated period-publication placement
CHR-0101,1982,1982,June/July 1982,Torker; Alans,Torker Ultra 4 lightweight stem,Product announcement / kit,v1.1 chronological census,EPH-0101,,MEDIUM-HIGH,https://previouspage.co.uk/magazines/BMX%20Action%20Bike/issues/14-june%2Fjuly-eighty-two,Dated period-publication placement
CHR-0102,1982,1982,June/July 1982,Renthal; Mongoose,Renthal wide-rise handlebar range,Product literature,v1.1 chronological census,EPH-0102,,HIGH,https://previouspage.co.uk/magazines/BMX%20Action%20Bike/issues/14-june%2Fjuly-eighty-two,Dated period-publication placement
CHR-0103,1982,1982,June/July 1982,BMX Action Bike; Wonder Light,ABMX Wonder Light street-safety offer,Information-pack mailer,v1.1 chronological census,EPH-0103,,HIGH,https://previouspage.co.uk/magazines/BMX%20Action%20Bike/issues/14-june%2Fjuly-eighty-two,Dated period-publication placement
CHR-0104,1982,1982,June/July 1982,Huffy,Huffy Pro Thunder Competition Certified range,Magazine advertisement,v1.1 chronological census,EPH-0104,,HIGH,https://previouspage.co.uk/magazines/BMX%20Action%20Bike/issues/14-june%2Fjuly-eighty-two,Dated period-publication placement
CHR-0105,1982,1982,June/July 1982,Race Inc; Cav Strutt,Race Inc Aero special feature,Product-history object,v1.1 chronological census,EPH-0105,,MEDIUM-HIGH,https://previouspage.co.uk/magazines/BMX%20Action%20Bike/issues/14-june%2Fjuly-eighty-two,Dated period-publication placement
CHR-0106,1982,1982,June/July 1982,SJK Products; Steve Woolley,SJK British chromoly race-bike test,Product-history object,v1.1 chronological census,EPH-0106,,MEDIUM-HIGH,https://previouspage.co.uk/magazines/BMX%20Action%20Bike/issues/14-june%2Fjuly-eighty-two,Dated period-publication placement
CHR-0107,1982,1982,June/July 1982,Cyclone Bikes; BMX Action Bike,Cyclone Bikes seven-sticker packet offer,Information-pack mailer,v1.1 chronological census,EPH-0107,,HIGH,https://previouspage.co.uk/magazines/BMX%20Action%20Bike/issues/14-june%2Fjuly-eighty-two,Dated period-publication placement
CHR-0108,1982,1982,June/July 1982,UKBMX; IBMXF,UKBMX national rule-book notice,Product literature,v1.1 chronological census,EPH-0108,,HIGH,https://previouspage.co.uk/magazines/BMX%20Action%20Bike/issues/14-june%2Fjuly-eighty-two,Dated period-publication placement
CHR-0137,1982,1982,October/November 1982,Puch Murray,Puch Murray competition BMX range advertisement,Magazine advertisement,v1.1 chronological census,EPH-0137,,HIGH,https://previouspage.co.uk/magazines/BMX%20Action%20Bike/issues/25-october%2Fnovember-eighty-two,Dated period-publication placement
CHR-0138,1982,1982,October/November 1982,Redline; Gecko,Redline 400 Series durability advertisement,Magazine advertisement,v1.1 chronological census,EPH-0138,,MEDIUM-HIGH,https://previouspage.co.uk/magazines/BMX%20Action%20Bike/issues/25-october%2Fnovember-eighty-two,Dated period-publication placement
CHR-0139,1982,1982,October/November 1982,Hot Wheels BMX Centre; Shimano,Hot Wheels BMX Centre Shimano price list,Retailer advertisement / price list,v1.1 chronological census,EPH-0139,,HIGH,https://previouspage.co.uk/magazines/BMX%20Action%20Bike/issues/25-october%2Fnovember-eighty-two,Dated period-publication placement
CHR-0140,1982,1982,October/November 1982,Kuwahara; E.T.,Kuwahara E.T. Special product announcement,Product announcement / kit,v1.1 chronological census,EPH-0140,,HIGH,https://previouspage.co.uk/magazines/BMX%20Action%20Bike/issues/25-october%2Fnovember-eighty-two,Dated period-publication placement
CHR-0141,1982,1982,October/November 1982,BMX Action Bike,BMX track-openings and construction logbook,Archive collection,v1.1 chronological census,EPH-0141,,HIGH,https://previouspage.co.uk/magazines/BMX%20Action%20Bike/issues/25-october%2Fnovember-eighty-two,Dated period-publication placement
CHR-0142,1982,1982,October/November 1982,Shiner; SE Racing; Panda; KHS,"Shiner Panda, SE Racing, and KHS range advertisement",Dealer/shop advertisement,v1.1 chronological census,EPH-0142,,MEDIUM-HIGH,https://previouspage.co.uk/magazines/BMX%20Action%20Bike/issues/25-october%2Fnovember-eighty-two,Dated period-publication placement
CHR-0143,1982,1982,October/November 1982,Retailer unresolved,Adjustable car cycle-rack advertisement,Product literature,v1.1 chronological census,EPH-0143,,MEDIUM,https://previouspage.co.uk/magazines/BMX%20Action%20Bike/issues/25-october%2Fnovember-eighty-two,Dated period-publication placement
CHR-0144,1982,1982,October/November 1982,Skyway; Hotshot BMX,Skyway Tuff wheels with alloy hubs launch,Product announcement / kit,v1.1 chronological census,EPH-0144,,HIGH,https://previouspage.co.uk/magazines/BMX%20Action%20Bike/issues/25-october%2Fnovember-eighty-two,Dated period-publication placement
CHR-0145,1982,1982,October/November 1982,Skyway; Hotshot BMX; Andy Patterson,Skyway information and Andy Patterson poster mailer,Information-pack mailer,v1.1 chronological census,EPH-0145,,HIGH,https://previouspage.co.uk/magazines/BMX%20Action%20Bike/issues/25-october%2Fnovember-eighty-two,Dated period-publication placement
CHR-0146,1982,1982,October/November 1982,Alpine Action; BMX Action Bike,Alpine Action one-hundred-pound advertisement-design contest,Contest entry form / promotion,v1.1 chronological census,EPH-0146,,HIGH,https://previouspage.co.uk/magazines/BMX%20Action%20Bike/issues/25-october%2Fnovember-eighty-two,Dated period-publication placement
CHR-0147,1982,1982,October/November 1982,Murray; Puch,Murray and Puch test-range mailer with free membership,Catalog mailer / advertisement,v1.1 chronological census,EPH-0147,,HIGH,https://previouspage.co.uk/magazines/BMX%20Action%20Bike/issues/25-october%2Fnovember-eighty-two,Dated period-publication placement
CHR-0148,1982,1982,October/November 1982,BMX Action Bike,BMX Action Bike race-shirt mailer,Information-pack mailer,v1.1 chronological census,EPH-0148,,HIGH,https://previouspage.co.uk/magazines/BMX%20Action%20Bike/issues/25-october%2Fnovember-eighty-two,Dated period-publication placement
CHR-0149,1982,1982,October/November 1982,E.T.; Kuwahara; Steven Spielberg,E.T. film and Kuwahara bicycle feature,Product-history object,v1.1 chronological census,EPH-0149,,HIGH,https://previouspage.co.uk/magazines/BMX%20Action%20Bike/issues/25-october%2Fnovember-eighty-two,Dated period-publication placement
CHR-0150,1982,1982,October/November 1982,Pro-Lite; Freewheeler Leisure Products,Pro-Lite information-pack and decal mailer,Information-pack mailer,v1.1 chronological census,EPH-0150,,HIGH,https://previouspage.co.uk/magazines/BMX%20Action%20Bike/issues/25-october%2Fnovember-eighty-two,Dated period-publication placement
CHR-0151,1982,1982,October/November 1982,BMX Action Bike,ABMX Bonanza reader survey competition,Contest entry form / promotion,v1.1 chronological census,EPH-0151,,HIGH,https://previouspage.co.uk/magazines/BMX%20Action%20Bike/issues/25-october%2Fnovember-eighty-two,Dated period-publication placement
CHR-0152,1982,1982,October/November 1982,AMF; BMX Action Bike,AMF Scorcher 7 reader-survey prize,Event prize promotion,v1.1 chronological census,EPH-0152,,HIGH,https://previouspage.co.uk/magazines/BMX%20Action%20Bike/issues/25-october%2Fnovember-eighty-two,Dated period-publication placement
CHR-0153,1982,1982,October/November 1982,Reynolds; BMX Action Bike,Reynolds 531 BMX frame-and-fork survey prize,Event prize promotion,v1.1 chronological census,EPH-0153,,HIGH,https://previouspage.co.uk/magazines/BMX%20Action%20Bike/issues/25-october%2Fnovember-eighty-two,Dated period-publication placement
CHR-0154,1982,1982,October/November 1982,Mongoose; Ammaco,Team Mongoose factory-direct value advertisement,Team/product advertisement,v1.1 chronological census,EPH-0154,,MEDIUM-HIGH,https://previouspage.co.uk/magazines/BMX%20Action%20Bike/issues/25-october%2Fnovember-eighty-two,Dated period-publication placement
CHR-0155,1982,1982,October/November 1982,BMX Action Bike,ABMX race nutrition and training article,Product literature,v1.1 chronological census,EPH-0155,,MEDIUM-HIGH,https://previouspage.co.uk/magazines/BMX%20Action%20Bike/issues/25-october%2Fnovember-eighty-two,Dated period-publication placement
CHR-0156,1982,1982,October/November 1982,BMX Invader; Action Bikes,BMX Invader and Action Bikes monthly specials,Retailer advertisement / price list,v1.1 chronological census,EPH-0156,,HIGH,https://previouspage.co.uk/magazines/BMX%20Action%20Bike/issues/25-october%2Fnovember-eighty-two,Dated period-publication placement
CHR-0157,1982,1982,October/November 1982,Huffy,Huffy Pro Lightning preview,Product-history object,v1.1 chronological census,EPH-0157,,MEDIUM-HIGH,https://previouspage.co.uk/magazines/BMX%20Action%20Bike/issues/25-october%2Fnovember-eighty-two,Dated period-publication placement
CHR-0158,1982,1982,October/November 1982,BMX Action Bike; Kuwahara,Stolen Kuwahara notice and subscription reward,Event notice / contact flyer,v1.1 chronological census,EPH-0158,,MEDIUM-HIGH,https://previouspage.co.uk/magazines/BMX%20Action%20Bike/issues/25-october%2Fnovember-eighty-two,Dated period-publication placement
CHR-0159,1982,1982,October/November 1982,Diamond Back; Pro-Star; Freewheeler,Diamond Back Silver Streak information-pack placement,Information-pack mailer,v1.1 chronological census,EPH-0159,,HIGH,https://previouspage.co.uk/magazines/BMX%20Action%20Bike/issues/25-october%2Fnovember-eighty-two,Dated period-publication placement
CHR-0160,1982,1982,October/November 1982,Kuwahara; Gecko,Kuwahara one-hundred-rider team recruitment offer,Factory-team history,v1.1 chronological census,EPH-0160,,HIGH,https://previouspage.co.uk/magazines/BMX%20Action%20Bike/issues/25-october%2Fnovember-eighty-two,Dated period-publication placement
CHR-0161,1982,1982,October/November 1982,Holdsworth BMX Centres,Holdsworth BMX Centres multi-brand advertisement,Dealer/shop advertisement,v1.1 chronological census,EPH-0161,,MEDIUM-HIGH,https://previouspage.co.uk/magazines/BMX%20Action%20Bike/issues/25-october%2Fnovember-eighty-two,Dated period-publication placement
CHR-0162,1982,1982,October/November 1982,Bolton BMX Centre,Bolton BMXmas Club Supadeal,Dealer advertisement / price-list lead,v1.1 chronological census,EPH-0162,,HIGH,https://previouspage.co.uk/magazines/BMX%20Action%20Bike/issues/25-october%2Fnovember-eighty-two,Dated period-publication placement
CHR-0163,1982,1982,October/November 1982,Haro Designs,Haro number-plate heritage advertisement,Product-history object,v1.1 chronological census,EPH-0163,,HIGH,https://previouspage.co.uk/magazines/BMX%20Action%20Bike/issues/25-october%2Fnovember-eighty-two,Dated period-publication placement
CHR-0164,1982,1982,October/November 1982,SunTour; Ron Kitching,SunTour HB-6000 reversible rear-hub product literature,Product literature,v1.1 chronological census,EPH-0164,,HIGH,https://previouspage.co.uk/magazines/BMX%20Action%20Bike/issues/25-october%2Fnovember-eighty-two,Dated period-publication placement
CHR-0165,1982,1982,October/November 1982,Troxel,Troxel Comet saddle-and-post advertisement,Product literature,v1.1 chronological census,EPH-0165,,HIGH,https://previouspage.co.uk/magazines/BMX%20Action%20Bike/issues/25-october%2Fnovember-eighty-two,Dated period-publication placement
CHR-027,1982,1982,September 1982,Retailer/dealer unresolved from indexed alignment,Send SAE for price list and free sticker,Dealer price-list / sticker offer,v0.9,EPH-0056,,MEDIUM,https://previouspage.co.uk/magazines/BMX%20Weekly/issues/213-september-nineteen-eighty-two,Dated/period placement
CHR-023,1982,1982,Winter 1982–83,Lee Cooper; Diamond Back,Diamond Back Silver Streak free draw at Lee Cooper event,Event prize promotion,v0.9,EPH-0059,,MEDIUM-HIGH,https://previouspage.co.uk/magazines/BMX%20Action%20Bike/issues/58-december%2Fjanuary-eighty-two,Dated/period placement
CHR-026,1982,1982,Winter 1982–83; exact event dates open,Lee Cooper,Lee Cooper BMX Indoor Grand Prix pre-registration,Event registration coupon,v0.9,EPH-0051,,MEDIUM-HIGH,https://previouspage.co.uk/magazines/BMX%20Action%20Bike/issues/58-december%2Fjanuary-eighty-two,Year is provisional
CHR-032,1983,1983,1983 lead,Tioga; Tange,Tioga Rhino III frame advertisement,Magazine advertisement,v0.5 inherited,EPH-0008,,LOW-MEDIUM,https://edwardkoenning.blogspot.com/2012/09/,Dated/period placement
CHR-030,1983,1983,1983-10-07 to 1983-10-09,Pontin's; UK BMX organizers,Pontin's BMX Open Championships & Trade Exhibition,Event flyer / trade-exhibition notice,v0.9,EPH-0050,,HIGH,https://previouspage.co.uk/magazines/BMX%20Action%20Bike/issues/64-september-nineteen-eighty-three,Dated/period placement
CHR-0222,1983,1983,April/May 1983,California Lite; Johar,California Lite pad-system advertisement,Product literature,v1.1 chronological census,EPH-0222,,HIGH,https://previouspage.co.uk/magazines/BMX%20Action%20Bike/issues/60-april%2Fmay-eighty-three,Dated period-publication placement
CHR-0223,1983,1983,April/May 1983,Strongs Bicycles,Strongs headset-bearing protector offer,Product literature,v1.1 chronological census,EPH-0223,,HIGH,https://previouspage.co.uk/magazines/BMX%20Action%20Bike/issues/60-april%2Fmay-eighty-three,Dated period-publication placement
CHR-0224,1983,1983,April/May 1983,Strongs Bicycles,Strongs BMX race-shirt offer,Retailer advertisement / price list,v1.1 chronological census,EPH-0224,,HIGH,https://previouspage.co.uk/magazines/BMX%20Action%20Bike/issues/60-april%2Fmay-eighty-three,Dated period-publication placement
CHR-0225,1983,1983,April/May 1983,Strongs Bicycles,Strongs free sticker-brochure mailer,Information-pack mailer,v1.1 chronological census,EPH-0225,,HIGH,https://previouspage.co.uk/magazines/BMX%20Action%20Bike/issues/60-april%2Fmay-eighty-three,Dated period-publication placement
CHR-0226,1983,1983,April/May 1983,BMX Action Bike,Best of 1982 national reader-poll results,Archive collection,v1.1 chronological census,EPH-0226,,HIGH,https://previouspage.co.uk/magazines/BMX%20Action%20Bike/issues/60-april%2Fmay-eighty-three,Dated period-publication placement
CHR-0227,1983,1983,April/May 1983,Scottish BMX Association,Scottish BMX Association formation notice,Factory-team history,v1.1 chronological census,EPH-0227,,MEDIUM-HIGH,https://previouspage.co.uk/magazines/BMX%20Action%20Bike/issues/60-april%2Fmay-eighty-three,Dated period-publication placement
CHR-0228,1983,1983,April/May 1983,Northern Leisure BMX,Northern Leisure open-meeting series notice,Event notice / contact flyer,v1.1 chronological census,EPH-0228,,HIGH,https://previouspage.co.uk/magazines/BMX%20Action%20Bike/issues/60-april%2Fmay-eighty-three,Dated period-publication placement
CHR-0229,1983,1983,April/May 1983,Silverfox; BMX Action Bike,Silverfox complete-bike reader giveaway,Contest entry form / promotion,v1.1 chronological census,EPH-0229,,HIGH,https://previouspage.co.uk/magazines/BMX%20Action%20Bike/issues/60-april%2Fmay-eighty-three,Dated period-publication placement
CHR-0230,1983,1983,April/May 1983,Harry Leary; Andy Patterson; BMX Action Bike,Harry Leary and Andy Patterson starting guide,Product literature,v1.1 chronological census,EPH-0230,,HIGH,https://previouspage.co.uk/magazines/BMX%20Action%20Bike/issues/60-april%2Fmay-eighty-three,Dated period-publication placement
CHR-0231,1983,1983,April/May 1983,Haro; Bob Haro,Haro Freestyle Moves equipment chapter,Product literature,v1.1 chronological census,EPH-0231,,HIGH,https://previouspage.co.uk/magazines/BMX%20Action%20Bike/issues/60-april%2Fmay-eighty-three,Dated period-publication placement
CHR-0232,1983,1983,April/May 1983,BMX Action Bike,ABMX free private Sales and Swaps service,Dealer advertisement / price-list lead,v1.1 chronological census,EPH-0232,,HIGH,https://previouspage.co.uk/magazines/BMX%20Action%20Bike/issues/60-april%2Fmay-eighty-three,Dated period-publication placement
CHR-0233,1983,1983,April/May 1983,City BMX,City BMX race-pants mail-order offer,Retailer advertisement / price list,v1.1 chronological census,EPH-0233,,HIGH,https://previouspage.co.uk/magazines/BMX%20Action%20Bike/issues/60-april%2Fmay-eighty-three,Dated period-publication placement
CHR-0234,1983,1983,April/May 1983,City BMX,City BMX lightweight race-helmet offer,Retailer advertisement / price list,v1.1 chronological census,EPH-0234,,MEDIUM-HIGH,https://previouspage.co.uk/magazines/BMX%20Action%20Bike/issues/60-april%2Fmay-eighty-three,Dated period-publication placement
CHR-0235,1983,1983,April/May 1983,City BMX,City BMX shoulder-protector offer,Retailer advertisement / price list,v1.1 chronological census,EPH-0235,,HIGH,https://previouspage.co.uk/magazines/BMX%20Action%20Bike/issues/60-april%2Fmay-eighty-three,Dated period-publication placement
CHR-0236,1983,1983,April/May 1983,Hot Wheels BMX Centre,Hot Wheels BMX Centre opening offers,Retailer advertisement / price list,v1.1 chronological census,EPH-0236,,MEDIUM-HIGH,https://previouspage.co.uk/magazines/BMX%20Action%20Bike/issues/60-april%2Fmay-eighty-three,Dated period-publication placement
CHR-0237,1983,1983,April/May 1983,Hot Wheels BMX Centre; Haro; Kuwahara; CW; SE Racing,"Haro Freestyler, Kuwahara Oval, CW, and SE Floval stock notice",Dealer advertisement / price-list lead,v1.1 chronological census,EPH-0237,,HIGH,https://previouspage.co.uk/magazines/BMX%20Action%20Bike/issues/60-april%2Fmay-eighty-three,Dated period-publication placement
CHR-0238,1983,1983,April/May 1983,King Sticker,King Sticker five-pack and jumbo-pack offer,Information-pack mailer,v1.1 chronological census,EPH-0238,,HIGH,https://previouspage.co.uk/magazines/BMX%20Action%20Bike/issues/60-april%2Fmay-eighty-three,Dated period-publication placement
CHR-0239,1983,1983,April/May 1983,NBMXA,NBMXA race-licence and rule-book offer,Event registration coupon,v1.1 chronological census,EPH-0239,,HIGH,https://previouspage.co.uk/magazines/BMX%20Action%20Bike/issues/60-april%2Fmay-eighty-three,Dated period-publication placement
CHR-0240,1983,1983,April/May 1983,Hotshot BMX Racing,Hotshot price-list and free-sticker mailer,Dealer price-list / sticker offer,v1.1 chronological census,EPH-0240,,HIGH,https://previouspage.co.uk/magazines/BMX%20Action%20Bike/issues/60-april%2Fmay-eighty-three,Dated period-publication placement
CHR-0241,1983,1983,April/May 1983,Huffy,Huffy Pro Lightning complete-bike test,Product-history object,v1.1 chronological census,EPH-0241,,HIGH,https://previouspage.co.uk/magazines/BMX%20Action%20Bike/issues/60-april%2Fmay-eighty-three,Dated period-publication placement
CHR-0242,1983,1983,April/May 1983,Halfords,Halfords BMX accessories range advertisement,Retailer advertisement / price list,v1.1 chronological census,EPH-0242,,HIGH,https://previouspage.co.uk/magazines/BMX%20Action%20Bike/issues/60-april%2Fmay-eighty-three,Dated period-publication placement
CHR-0243,1983,1983,April/May 1983,Huffy,Huffy Pro Lightning specification and retail-price record,Product literature,v1.1 chronological census,EPH-0243,,HIGH,https://previouspage.co.uk/magazines/BMX%20Action%20Bike/issues/60-april%2Fmay-eighty-three,Dated period-publication placement
CHR-0244,1983,1983,April/May 1983,Ride-On MX Products,Ride-On sealed-bearing mag-wheel hub kit,Product announcement / kit,v1.1 chronological census,EPH-0244,,HIGH,https://previouspage.co.uk/magazines/BMX%20Action%20Bike/issues/60-april%2Fmay-eighty-three,Dated period-publication placement
CHR-0245,1983,1983,April/May 1983,Sharp Racing Products,Sharp Racing Products bottom-bracket boot,Product announcement / kit,v1.1 chronological census,EPH-0245,,HIGH,https://previouspage.co.uk/magazines/BMX%20Action%20Bike/issues/60-april%2Fmay-eighty-three,Dated period-publication placement
CHR-0246,1983,1983,April/May 1983,Lee Cooper; Reflex Publications,Lee Cooper Ready to Go BMX video,Product literature,v1.1 chronological census,EPH-0246,,HIGH,https://previouspage.co.uk/magazines/BMX%20Action%20Bike/issues/60-april%2Fmay-eighty-three,Dated period-publication placement
CHR-0247,1983,1983,April/May 1983,BMX Video,USA professional BMX action video,Product literature,v1.1 chronological census,EPH-0247,,HIGH,https://previouspage.co.uk/magazines/BMX%20Action%20Bike/issues/60-april%2Fmay-eighty-three,Dated period-publication placement
CHR-0248,1983,1983,April/May 1983,BMX Action Bike,BMX Action Bike six-issue subscription offer,Catalog mailer,v1.1 chronological census,EPH-0248,,HIGH,https://previouspage.co.uk/magazines/BMX%20Action%20Bike/issues/60-april%2Fmay-eighty-three,Dated period-publication placement
CHR-0249,1983,1983,April/May 1983,Yamaha; BMX Action Bike,Yamaha professional racing-outfit competition,Contest entry form / promotion,v1.1 chronological census,EPH-0249,,HIGH,https://previouspage.co.uk/magazines/BMX%20Action%20Bike/issues/60-april%2Fmay-eighty-three,Dated period-publication placement
CHR-0250,1983,1983,April/May 1983,Gainsborough Cycle Centre; Firebird,Gainsborough Firebird frame-and-fork retail offer,Retailer advertisement / price list,v1.1 chronological census,EPH-0250,,HIGH,https://previouspage.co.uk/magazines/BMX%20Action%20Bike/issues/60-april%2Fmay-eighty-three,Dated period-publication placement
CHR-0344,1983,1983,August 1983,Aero,Aero sticker-pack mailer,Information-pack mailer,v1.2 chronological census,EPH-0344,,HIGH,https://previouspage.co.uk/magazines/BMX%20Action%20Bike/issues/63-august-nineteen-eighty-three,Dated/period placement
CHR-0345,1983,1983,August 1983,Yamaha; Amoco Leisure,Yamaha Racers free colour-brochure offer,Information-pack mailer,v1.2 chronological census,EPH-0345,,HIGH,https://previouspage.co.uk/magazines/BMX%20Action%20Bike/issues/63-august-nineteen-eighty-three,Dated/period placement
CHR-0346,1983,1983,August 1983,Andy Sammars; NBMXA; Bournemouth BMX,Andy Sammars memorial notice,Archive collection,v1.2 chronological census,EPH-0346,,HIGH,https://previouspage.co.uk/magazines/BMX%20Action%20Bike/issues/63-august-nineteen-eighty-three,Dated/period placement
CHR-0347,1983,1983,August 1983,Andy Ruffell; Mongoose; BMX Action Bike,Andy Ruffell injury and number-one-plate report,Archive collection,v1.2 chronological census,EPH-0347,,HIGH,https://previouspage.co.uk/magazines/BMX%20Action%20Bike/issues/63-august-nineteen-eighty-three,Dated/period placement
CHR-0348,1983,1983,August 1983,BMX Action Bike; UKBMX Publications,ABMX August Sales and Swaps marketplace,Dealer advertisement / price-list lead,v1.2 chronological census,EPH-0348,,HIGH,https://previouspage.co.uk/magazines/BMX%20Action%20Bike/issues/63-august-nineteen-eighty-three,Dated/period placement
CHR-0349,1983,1983,August 1983,BMX Action Bike,Meanwhile Madness freestyle photo feature,Archive collection,v1.2 chronological census,EPH-0349,,HIGH,https://previouspage.co.uk/magazines/BMX%20Action%20Bike/issues/63-august-nineteen-eighty-three,Dated/period placement
CHR-0350,1983,1983,August 1983,BMX Action Bike; UKBMX; NBMXA; regional organizers,August 1983 BMX race calendar,Event notice / contact flyer,v1.2 chronological census,EPH-0350,,HIGH,https://previouspage.co.uk/magazines/BMX%20Action%20Bike/issues/63-august-nineteen-eighty-three,Dated/period placement
CHR-0351,1983,1983,August 1983,Ammaco; Mongoose; Earls Court,Earls Court fastest-lap Supergoose III competition,Event prize promotion,v1.2 chronological census,EPH-0351,,HIGH,https://previouspage.co.uk/magazines/BMX%20Action%20Bike/issues/63-august-nineteen-eighty-three,Dated/period placement
CHR-0352,1983,1983,August 1983,Halfords; Suntour; Raleigh,Halfords BMX product information offer,Information-pack mailer,v1.2 chronological census,EPH-0352,,HIGH,https://previouspage.co.uk/magazines/BMX%20Action%20Bike/issues/63-august-nineteen-eighty-three,Dated/period placement
CHR-0353,1983,1983,August 1983,Kuwahara; Gecko Leisure Products,Kuwahara Nova race-ready complete-bike campaign,Magazine advertisement,v1.2 chronological census,EPH-0353,,HIGH,https://previouspage.co.uk/magazines/BMX%20Action%20Bike/issues/63-august-nineteen-eighty-three,Dated/period placement
CHR-0354,1983,1983,August 1983,Wheels BMX facility,Wheels photofinish and electronic race-information systems,Product literature,v1.2 chronological census,EPH-0354,,HIGH,https://previouspage.co.uk/magazines/BMX%20Action%20Bike/issues/63-august-nineteen-eighty-three,Dated/period placement
CHR-0355,1983,1983,August 1983,BMX Action Bike; Wheels; Andy Patterson; Tim March,1983 European Championships first-round report,Archive collection,v1.2 chronological census,EPH-0355,,HIGH,https://previouspage.co.uk/magazines/BMX%20Action%20Bike/issues/63-august-nineteen-eighty-three,Dated/period placement
CHR-0356,1983,1983,August 1983,Wonder UK Portable Power,Wonder rear cycle-light relaunch advertisement,Product literature,v1.2 chronological census,EPH-0356,,HIGH,https://previouspage.co.uk/magazines/BMX%20Action%20Bike/issues/63-august-nineteen-eighty-three,Dated/period placement
CHR-0357,1983,1983,August 1983,Hotshot BMX Racing; Uni; Turbo Mag,Hotshot Uni seat-cover and Turbo-Mag product panel,Product announcement / kit,v1.2 chronological census,EPH-0357,,HIGH,https://previouspage.co.uk/magazines/BMX%20Action%20Bike/issues/63-august-nineteen-eighty-three,Dated/period placement
CHR-0358,1983,1983,August 1983,King Sticker,King Sticker five-sticker packet offer,Information-pack mailer,v1.2 chronological census,EPH-0358,,HIGH,https://previouspage.co.uk/magazines/BMX%20Action%20Bike/issues/63-august-nineteen-eighty-three,Dated/period placement
CHR-0359,1983,1983,August 1983,Suntal Cycles; Raleigh; Falcon; Yamaha; Diamond Back; Kuwahara,"Suntal Cycles Burners, complete bikes, and wheel price advertisement",Retailer advertisement / price list,v1.2 chronological census,EPH-0359,,HIGH,https://previouspage.co.uk/magazines/BMX%20Action%20Bike/issues/63-august-nineteen-eighty-three,Dated/period placement
CHR-0360,1983,1983,August 1983,GT; Greg Hill; GB GT,GT world-champion brand advertisement,Team advertisement,v1.2 chronological census,EPH-0360,,HIGH,https://previouspage.co.uk/magazines/BMX%20Action%20Bike/issues/63-august-nineteen-eighty-three,Dated/period placement
CHR-0361,1983,1983,August 1983,Greg Hill; GT; BMX Action Bike,Greg Hill World Champion profile,Archive collection,v1.2 chronological census,EPH-0361,,HIGH,https://previouspage.co.uk/magazines/BMX%20Action%20Bike/issues/63-august-nineteen-eighty-three,Dated/period placement
CHR-0362,1983,1983,August 1983,BMX Action Bike; Aero,Reporter-for-a-day Aero racewear competition,Contest entry form / promotion,v1.2 chronological census,EPH-0362,,HIGH,https://previouspage.co.uk/magazines/BMX%20Action%20Bike/issues/63-august-nineteen-eighty-three,Dated/period placement
CHR-0363,1983,1983,August 1983,BMX Action Bike; Sharp Racing Products,Bearing-protection maintenance guide,Product literature,v1.2 chronological census,EPH-0363,,HIGH,https://previouspage.co.uk/magazines/BMX%20Action%20Bike/issues/63-august-nineteen-eighty-three,Dated/period placement
CHR-0364,1983,1983,August 1983,Shiner; SE Racing; Panda,Shiner free decal and sales-sheet trade offer,Information-pack mailer,v1.2 chronological census,EPH-0364,,HIGH,https://previouspage.co.uk/magazines/BMX%20Action%20Bike/issues/63-august-nineteen-eighty-three,Dated/period placement
CHR-0365,1983,1983,August 1983,Supertune BMX Racing; GT; Suntour; Oakley; Araya,Supertune BMX August mail-order price list,Retailer advertisement / price list,v1.2 chronological census,EPH-0365,,HIGH,https://previouspage.co.uk/magazines/BMX%20Action%20Bike/issues/63-august-nineteen-eighty-three,Dated/period placement
CHR-0366,1983,1983,August 1983,Stechford Cycles; Tange; ACS; CW; Oakley; Shimano,Stechford Cycles component and racewear price advertisement,Retailer advertisement / price list,v1.2 chronological census,EPH-0366,,HIGH,https://previouspage.co.uk/magazines/BMX%20Action%20Bike/issues/63-august-nineteen-eighty-three,Dated/period placement
CHR-0367,1983,1983,August 1983,Just BMX; Skyway; Haro; Raleigh,Just BMX Bournemouth stock advertisement,Dealer/shop advertisement,v1.2 chronological census,EPH-0367,,HIGH,https://previouspage.co.uk/magazines/BMX%20Action%20Bike/issues/63-august-nineteen-eighty-three,Dated/period placement
CHR-0368,1983,1983,August 1983,Super Discount; Mongoose; PK Ripper; Haro; Firebird,Super Discount Nottingham BMX warehouse advertisement,Dealer/shop advertisement,v1.2 chronological census,EPH-0368,,HIGH,https://previouspage.co.uk/magazines/BMX%20Action%20Bike/issues/63-august-nineteen-eighty-three,Dated/period placement
CHR-0369,1983,1983,August 1983,Suntour,Suntour three-piece crank technical advertisement,Product literature,v1.2 chronological census,EPH-0369,,HIGH,https://previouspage.co.uk/magazines/BMX%20Action%20Bike/issues/63-august-nineteen-eighty-three,Dated/period placement
CHR-0370,1983,1983,August 1983,Superfox; BMX Action Bike,Superfox complete-bike editorial test,Product-history object,v1.2 chronological census,EPH-0370,,HIGH,https://previouspage.co.uk/magazines/BMX%20Action%20Bike/issues/63-august-nineteen-eighty-three,Dated/period placement
CHR-0371,1983,1983,August 1983,BMX Action Bike; No Crak; Citadel; Squire,BMX security-lock comparison test,Product-history object,v1.2 chronological census,EPH-0371,,HIGH,https://previouspage.co.uk/magazines/BMX%20Action%20Bike/issues/63-august-nineteen-eighty-three,Dated/period placement
CHR-0372,1983,1983,August 1983,BMX Action Bike; Raleigh,Aero Pro Burner starter-signal competition,Contest entry form / promotion,v1.2 chronological census,EPH-0372,,HIGH,https://previouspage.co.uk/magazines/BMX%20Action%20Bike/issues/63-august-nineteen-eighty-three,Dated/period placement
CHR-0373,1983,1983,August 1983,Sales Cycles Warehouse; Yamaha; Silverfox; Raleigh; Diamond Back; Shimano,Sales Cycles Warehouse August complete-bike and parts advertisement,Retailer advertisement / price list,v1.2 chronological census,EPH-0373,,HIGH,https://previouspage.co.uk/magazines/BMX%20Action%20Bike/issues/63-august-nineteen-eighty-three,Dated/period placement
CHR-0374,1983,1983,August 1983,Leechi; Landar Components,Leechi BMX grips and accessories advertisement,Magazine advertisement,v1.2 chronological census,EPH-0374,,HIGH,https://previouspage.co.uk/magazines/BMX%20Action%20Bike/issues/63-august-nineteen-eighty-three,Dated/period placement
CHR-0375,1983,1983,August 1983,Bob Haro; BMX Action Bike,Haro Freestyle Moves August instructional extract,Product literature,v1.2 chronological census,EPH-0375,,HIGH,https://previouspage.co.uk/magazines/BMX%20Action%20Bike/issues/63-august-nineteen-eighty-three,Dated/period placement
CHR-0376,1983,1983,August 1983,Rapido; Clarkmoor,"Rapido Gold Duster, Black Shadow, and Gladiator campaign",Product literature,v1.2 chronological census,EPH-0376,,HIGH,https://previouspage.co.uk/magazines/BMX%20Action%20Bike/issues/63-august-nineteen-eighty-three,Dated/period placement
CHR-0377,1983,1983,August 1983,No Crak; SL Chainsport Distributors,No Crak high-security chain-lock advertisement,Product literature,v1.2 chronological census,EPH-0377,,HIGH,https://previouspage.co.uk/magazines/BMX%20Action%20Bike/issues/63-august-nineteen-eighty-three,Dated/period placement
CHR-0378,1983,1983,August 1983,Langsett Cycles; Araya; Shimano; Takagi,Langsett Cycles August parts advertisement,Retailer advertisement / price list,v1.2 chronological census,EPH-0378,,HIGH,https://previouspage.co.uk/magazines/BMX%20Action%20Bike/issues/63-august-nineteen-eighty-three,Dated/period placement
CHR-0379,1983,1983,August 1983,Darwen BMX retailer; Diamond Back; Mongoose; Kuwahara,Darwen race-shop and indoor-track promotion,Dealer/shop advertisement,v1.2 chronological census,EPH-0379,,HIGH,https://previouspage.co.uk/magazines/BMX%20Action%20Bike/issues/63-august-nineteen-eighty-three,Dated/period placement
CHR-0380,1983,1983,August 1983,BMX Action Bike; UKBMX Publications,BMX Action Bike back-copy mailer,Catalog mailer,v1.2 chronological census,EPH-0380,,HIGH,https://previouspage.co.uk/magazines/BMX%20Action%20Bike/issues/63-august-nineteen-eighty-three,Dated/period placement
CHR-0381,1983,1983,August 1983,BMX Action Bike; UKBMX Publications,BMX Action Bike blue-and-gold binder offer,Catalog mailer,v1.2 chronological census,EPH-0381,,HIGH,https://previouspage.co.uk/magazines/BMX%20Action%20Bike/issues/63-august-nineteen-eighty-three,Dated/period placement
CHR-0382,1983,1983,August 1983,BMX Action Bike; UKBMX Publications,BMX Action Bike ten-issue subscription rate card,Catalog mailer,v1.2 chronological census,EPH-0382,,HIGH,https://previouspage.co.uk/magazines/BMX%20Action%20Bike/issues/63-august-nineteen-eighty-three,Dated/period placement
CHR-0383,1983,1983,August 1983,BMX Centre Mousehole; Diamond Back; Haro; Fox,BMX Centre Mousehole August stock and Viper announcement,Dealer/shop advertisement,v1.2 chronological census,EPH-0383,,HIGH,https://previouspage.co.uk/magazines/BMX%20Action%20Bike/issues/63-august-nineteen-eighty-three,Dated/period placement
CHR-0384,1983,1983,August 1983,Schofields; Haro; Skyway,Schofields Haro and Skyway frame discount advertisement,Retailer advertisement / price list,v1.2 chronological census,EPH-0384,,HIGH,https://previouspage.co.uk/magazines/BMX%20Action%20Bike/issues/63-august-nineteen-eighty-three,Dated/period placement
CHR-0385,1983,1983,August 1983,SportsPlus,SportsPlus BMX track-design service advertisement,Product literature,v1.2 chronological census,EPH-0385,,HIGH,https://previouspage.co.uk/magazines/BMX%20Action%20Bike/issues/63-august-nineteen-eighty-three,Dated/period placement
CHR-0386,1983,1983,August 1983,OT Cycles,OT Cycles custom-built dream-machine service,Product announcement / kit,v1.2 chronological census,EPH-0386,,HIGH,https://previouspage.co.uk/magazines/BMX%20Action%20Bike/issues/63-august-nineteen-eighty-three,Dated/period placement
CHR-0387,1983,1983,August 1983,Stu Diggens; Kuwahara; Redline; BMX Action Bike,Stu Diggens Me & My Bike profile,Archive collection,v1.2 chronological census,EPH-0387,,HIGH,https://previouspage.co.uk/magazines/BMX%20Action%20Bike/issues/63-august-nineteen-eighty-three,Dated/period placement
CHR-0388,1983,1983,August 1983,Skyway; Steve Shobert; Andy Patterson,Skyway factory-team Horizons advertisement,Team advertisement,v1.2 chronological census,EPH-0388,,HIGH,https://previouspage.co.uk/magazines/BMX%20Action%20Bike/issues/63-august-nineteen-eighty-three,Dated/period placement
CHR-0389,1983,1983,August 1983,Allen’s BMX Centre,Allen’s BMX Centre August parts price advertisement,Retailer advertisement / price list,v1.2 chronological census,EPH-0389,,HIGH,https://previouspage.co.uk/magazines/BMX%20Action%20Bike/issues/63-august-nineteen-eighty-three,Dated/period placement
CHR-0390,1983,1983,August 1983,Dave Kane Cycles; Diamond Back; Mongoose; Kuwahara,Dave Kane Cycles Ireland BMX shop advertisement,Dealer/shop advertisement,v1.2 chronological census,EPH-0390,,HIGH,https://previouspage.co.uk/magazines/BMX%20Action%20Bike/issues/63-august-nineteen-eighty-three,Dated/period placement
CHR-0391,1983,1983,August 1983,Bates Cycles; Haro; Silverfox; Superfox,Bates Cycles regional stock and mail-order advertisement,Dealer/shop advertisement,v1.2 chronological census,EPH-0391,,HIGH,https://previouspage.co.uk/magazines/BMX%20Action%20Bike/issues/63-august-nineteen-eighty-three,Dated/period placement
CHR-0392,1983,1983,August 1983,Madigan Cycles,Madigan Cycles Carrickfergus BMX and club advertisement,Dealer/shop advertisement,v1.2 chronological census,EPH-0392,,HIGH,https://previouspage.co.uk/magazines/BMX%20Action%20Bike/issues/63-august-nineteen-eighty-three,Dated/period placement
CHR-0393,1983,1983,August 1983,Conway; Kuwahara; Puch,Conway Tyneside BMX specialist advertisement,Dealer/shop advertisement,v1.2 chronological census,EPH-0393,,HIGH,https://previouspage.co.uk/magazines/BMX%20Action%20Bike/issues/63-august-nineteen-eighty-three,Dated/period placement
CHR-0394,1983,1983,August 1983,Bolton BMX Centre; Mongoose; Diamond Back; GT; Firebird,Bolton BMX Centre brand-stock advertisement,Dealer/shop advertisement,v1.2 chronological census,EPH-0394,,HIGH,https://previouspage.co.uk/magazines/BMX%20Action%20Bike/issues/63-august-nineteen-eighty-three,Dated/period placement
CHR-0395,1983,1983,August 1983,Purley Cycle Sport; Pedalers,Purley Cycle Sport and Pedalers brand-stock advertisement,Dealer/shop advertisement,v1.2 chronological census,EPH-0395,,HIGH,https://previouspage.co.uk/magazines/BMX%20Action%20Bike/issues/63-august-nineteen-eighty-three,Dated/period placement
CHR-0396,1983,1983,August 1983,Ukai; Panaracer; Gecko,Ukai narrow-rim and Panaracer tyre trend report,Product literature,v1.2 chronological census,EPH-0396,,HIGH,https://previouspage.co.uk/magazines/BMX%20Action%20Bike/issues/63-august-nineteen-eighty-three,Dated/period placement
CHR-029,1983,1983,December 1983 issue,Langsett Cycles,Langsett Cycles BMX product advertisement,Dealer advertisement / price-list lead,v0.9,EPH-0060,,MEDIUM-HIGH,https://previouspage.co.uk/magazines/BMX%20Action%20Bike/issues/87-december%20%2F%20january-eighty-three,Dated/period placement
CHR-0194,1983,1983,February/March 1983,UNI; Hotshot BMX,UNI eight-ounce BMX seat launch,Product announcement / kit,v1.1 chronological census,EPH-0194,,HIGH,https://previouspage.co.uk/magazines/BMX%20Action%20Bike/issues/59-february%2Fmarch-eighty-three,Dated period-publication placement
CHR-0195,1983,1983,February/March 1983,SR Cycles,SR Cycles bicycle-reservation and free-delivery offer,Dealer advertisement / price-list lead,v1.1 chronological census,EPH-0195,,HIGH,https://previouspage.co.uk/magazines/BMX%20Action%20Bike/issues/59-february%2Fmarch-eighty-three,Dated period-publication placement
CHR-0196,1983,1983,February/March 1983,Holdsworth BMX Centres,Holdsworth BMX Centres multi-location advertisement,Dealer/shop advertisement,v1.1 chronological census,EPH-0196,,MEDIUM-HIGH,https://previouspage.co.uk/magazines/BMX%20Action%20Bike/issues/59-february%2Fmarch-eighty-three,Dated period-publication placement
CHR-0197,1983,1983,February/March 1983,BMX Action Bike,ABMX light set and reflective-clip offer,Information-pack mailer,v1.1 chronological census,EPH-0197,,HIGH,https://previouspage.co.uk/magazines/BMX%20Action%20Bike/issues/59-february%2Fmarch-eighty-three,Dated period-publication placement
CHR-0198,1983,1983,February/March 1983,BMX Action Bike,ABMX blue-and-gold binder offer,Catalog mailer,v1.1 chronological census,EPH-0198,,HIGH,https://previouspage.co.uk/magazines/BMX%20Action%20Bike/issues/59-february%2Fmarch-eighty-three,Dated period-publication placement
CHR-0199,1983,1983,February/March 1983,BMX Action Bike,ABMX blue-and-yellow race-shirt offer,Information-pack mailer,v1.1 chronological census,EPH-0199,,HIGH,https://previouspage.co.uk/magazines/BMX%20Action%20Bike/issues/59-february%2Fmarch-eighty-three,Dated period-publication placement
CHR-0200,1983,1983,February/March 1983,Araya,Araya ADX-7W aero-rim product notice,Product literature,v1.1 chronological census,EPH-0200,,HIGH,https://previouspage.co.uk/magazines/BMX%20Action%20Bike/issues/59-february%2Fmarch-eighty-three,Dated period-publication placement
CHR-0201,1983,1983,February/March 1983,Naga,Naga chromoly and fluted-alloy seatpost range,Product literature,v1.1 chronological census,EPH-0201,,MEDIUM-HIGH,https://previouspage.co.uk/magazines/BMX%20Action%20Bike/issues/59-february%2Fmarch-eighty-three,Dated period-publication placement
CHR-0202,1983,1983,February/March 1983,MKS,MKS BM-10 and Grafight-X pedal range,Product literature,v1.1 chronological census,EPH-0202,,HIGH,https://previouspage.co.uk/magazines/BMX%20Action%20Bike/issues/59-february%2Fmarch-eighty-three,Dated period-publication placement
CHR-0203,1983,1983,February/March 1983,Raleigh; Cycle Warehouse,Raleigh Burner five-model retail price list,Retailer advertisement / price list,v1.1 chronological census,EPH-0203,,HIGH,https://previouspage.co.uk/magazines/BMX%20Action%20Bike/issues/59-february%2Fmarch-eighty-three,Dated period-publication placement
CHR-0204,1983,1983,February/March 1983,Max; Alans BMX,"Max checker hats, jerseys, and race-pants advertisement",Retailer advertisement / price list,v1.1 chronological census,EPH-0204,,HIGH,https://previouspage.co.uk/magazines/BMX%20Action%20Bike/issues/59-february%2Fmarch-eighty-three,Dated period-publication placement
CHR-0205,1983,1983,February/March 1983,Halfords; BMX Action Bike,Halfords BMX Nations Cup pre-registration form,Event registration coupon,v1.1 chronological census,EPH-0205,,HIGH,https://previouspage.co.uk/magazines/BMX%20Action%20Bike/issues/59-february%2Fmarch-eighty-three,Dated period-publication placement
CHR-0206,1983,1983,February/March 1983,BMX Action Bike; Firebird; DP Racing,Great Meeting survey and Firebird frame-set competition,Contest entry form / promotion,v1.1 chronological census,EPH-0206,,HIGH,https://previouspage.co.uk/magazines/BMX%20Action%20Bike/issues/59-february%2Fmarch-eighty-three,Dated period-publication placement
CHR-0207,1983,1983,February/March 1983,Cycle Trader,Cycle Trader BMX retail survey issue advertisement,Product literature,v1.1 chronological census,EPH-0207,,MEDIUM-HIGH,https://previouspage.co.uk/magazines/BMX%20Action%20Bike/issues/59-february%2Fmarch-eighty-three,Dated period-publication placement
CHR-0208,1983,1983,February/March 1983,YES Products; BMX Action Bike,YES Products word-building competition,Contest entry form,v1.1 chronological census,EPH-0208,,HIGH,https://previouspage.co.uk/magazines/BMX%20Action%20Bike/issues/59-february%2Fmarch-eighty-three,Dated period-publication placement
CHR-0209,1983,1983,February/March 1983,Firebird; DP Racing,Firebird British chromoly frame-set feature,Product-history object,v1.1 chronological census,EPH-0209,,HIGH,https://previouspage.co.uk/magazines/BMX%20Action%20Bike/issues/59-february%2Fmarch-eighty-three,Dated period-publication placement
CHR-0210,1983,1983,February/March 1983,Mongoose,Mongoose Pro Class complete-bike test,Product-history object,v1.1 chronological census,EPH-0210,,HIGH,https://previouspage.co.uk/magazines/BMX%20Action%20Bike/issues/59-february%2Fmarch-eighty-three,Dated period-publication placement
CHR-0211,1983,1983,February/March 1983,Mongoose,Mongoose Pro Class lightweight wheel system,Product literature,v1.1 chronological census,EPH-0211,,MEDIUM-HIGH,https://previouspage.co.uk/magazines/BMX%20Action%20Bike/issues/59-february%2Fmarch-eighty-three,Dated period-publication placement
CHR-0212,1983,1983,February/March 1983,Bournemouth BMX,Bournemouth BMX track-focus report,Archive collection,v1.1 chronological census,EPH-0212,,HIGH,https://previouspage.co.uk/magazines/BMX%20Action%20Bike/issues/59-february%2Fmarch-eighty-three,Dated period-publication placement
CHR-0213,1983,1983,February/March 1983,Diatron,Diatron Wildcat helmet and race-pants advertisement,Retailer advertisement / price list,v1.1 chronological census,EPH-0213,,HIGH,https://previouspage.co.uk/magazines/BMX%20Action%20Bike/issues/59-february%2Fmarch-eighty-three,Dated period-publication placement
CHR-0214,1983,1983,February/March 1983,Surrey BMX; Kuwahara,Surrey BMX Kuwahara complete-bike price list,Retailer advertisement / price list,v1.1 chronological census,EPH-0214,,HIGH,https://previouspage.co.uk/magazines/BMX%20Action%20Bike/issues/59-february%2Fmarch-eighty-three,Dated period-publication placement
CHR-0215,1983,1983,February/March 1983,Surrey BMX; Race Inc; GT; MCS; PK Ripper; Torker; JMC,Surrey BMX frame-and-fork price list,Retailer advertisement / price list,v1.1 chronological census,EPH-0215,,HIGH,https://previouspage.co.uk/magazines/BMX%20Action%20Bike/issues/59-february%2Fmarch-eighty-three,Dated period-publication placement
CHR-0216,1983,1983,February/March 1983,Surrey BMX; Skyway; ACS; Ukai; SunTour,Surrey BMX wheel-system price list,Retailer advertisement / price list,v1.1 chronological census,EPH-0216,,HIGH,https://previouspage.co.uk/magazines/BMX%20Action%20Bike/issues/59-february%2Fmarch-eighty-three,Dated period-publication placement
CHR-0217,1983,1983,February/March 1983,Hadley,Hadley precision bottom-bracket listing,Product literature,v1.1 chronological census,EPH-0217,,HIGH,https://previouspage.co.uk/magazines/BMX%20Action%20Bike/issues/59-february%2Fmarch-eighty-three,Dated period-publication placement
CHR-0218,1983,1983,February/March 1983,Haro,Haro Freestyle Moves book offer,Catalog mailer,v1.1 chronological census,EPH-0218,,HIGH,https://previouspage.co.uk/magazines/BMX%20Action%20Bike/issues/59-february%2Fmarch-eighty-three,Dated period-publication placement
CHR-0219,1983,1983,February/March 1983,Redline,Redline Flight Cranks 401 Series listing,Product literature,v1.1 chronological census,EPH-0219,,HIGH,https://previouspage.co.uk/magazines/BMX%20Action%20Bike/issues/59-february%2Fmarch-eighty-three,Dated period-publication placement
CHR-0220,1983,1983,February/March 1983,Vans,Vans Style 95 BMX shoe listing,Product literature,v1.1 chronological census,EPH-0220,,HIGH,https://previouspage.co.uk/magazines/BMX%20Action%20Bike/issues/59-february%2Fmarch-eighty-three,Dated period-publication placement
CHR-0221,1983,1983,February/March 1983,BMX Action Bike,ABMX national track-list publication,Archive collection,v1.1 chronological census,EPH-0221,,HIGH,https://previouspage.co.uk/magazines/BMX%20Action%20Bike/issues/59-february%2Fmarch-eighty-three,Dated period-publication placement
CHR-0296,1983,1983,July 1983,ACS; Gecko Leisure Products,ACS Z Rims guarantee campaign,Product literature,v1.2 chronological census,EPH-0296,,HIGH,https://previouspage.co.uk/magazines/BMX%20Action%20Bike/issues/62-july-nineteen-eighty-three,Dated/period placement
CHR-0297,1983,1983,July 1983,Just BMX; Tange; Pro-Star; Skyway; Haro; Raleigh,Just BMX opening offer and complete stock advertisement,Retailer advertisement / price list,v1.2 chronological census,EPH-0297,,HIGH,https://previouspage.co.uk/magazines/BMX%20Action%20Bike/issues/62-july-nineteen-eighty-three,Dated/period placement
CHR-0298,1983,1983,July 1983,Reynolds,Reynolds 531 and 501 BMX frame-tubing advertisement,Product literature,v1.2 chronological census,EPH-0298,,HIGH,https://previouspage.co.uk/magazines/BMX%20Action%20Bike/issues/62-july-nineteen-eighty-three,Dated/period placement
CHR-0299,1983,1983,July 1983,BMX Action Bike; Yes Products; BMX Record,Yes Products Words contest results and BMX Record newsletter notice,Archive collection,v1.2 chronological census,EPH-0299,,HIGH,https://previouspage.co.uk/magazines/BMX%20Action%20Bike/issues/62-july-nineteen-eighty-three,Dated/period placement
CHR-0300,1983,1983,July 1983,SR Cycles; Diamond Back; Mongoose; Skyway; ACS; Araya,"SR Cycles Diamond Back, Mongoose, and wheel price advertisement",Retailer advertisement / price list,v1.2 chronological census,EPH-0300,,HIGH,https://previouspage.co.uk/magazines/BMX%20Action%20Bike/issues/62-july-nineteen-eighty-three,Dated/period placement
CHR-0301,1983,1983,July 1983,DP Racing; Firebird; Reynolds,Firebird Delta II frame advertisement,Product announcement / kit,v1.2 chronological census,EPH-0301,,HIGH,https://previouspage.co.uk/magazines/BMX%20Action%20Bike/issues/62-july-nineteen-eighty-three,Dated/period placement
CHR-0302,1983,1983,July 1983,Halfords,Halfords Turbo 20X colouring competition and T-shirt promotion,Contest entry form / promotion,v1.2 chronological census,EPH-0302,,HIGH,https://previouspage.co.uk/magazines/BMX%20Action%20Bike/issues/62-july-nineteen-eighty-three,Dated/period placement
CHR-0303,1983,1983,July 1983,Wimborne BMX; BMX Action Bike,Wimborne BMX track-focus guide,Archive collection,v1.2 chronological census,EPH-0303,,HIGH,https://previouspage.co.uk/magazines/BMX%20Action%20Bike/issues/62-july-nineteen-eighty-three,Dated/period placement
CHR-0304,1983,1983,July 1983,Huffy; C. W. Toys,Huffy Pro Lightning brand advertisement,Magazine advertisement,v1.2 chronological census,EPH-0304,,HIGH,https://previouspage.co.uk/magazines/BMX%20Action%20Bike/issues/62-july-nineteen-eighty-three,Dated/period placement
CHR-0305,1983,1983,July 1983,BMX Action Bike; UKBMX; NBMXA; regional organizers,July 1983 BMX race and exhibition calendar,Event notice / contact flyer,v1.2 chronological census,EPH-0305,,HIGH,https://previouspage.co.uk/magazines/BMX%20Action%20Bike/issues/62-july-nineteen-eighty-three,Dated/period placement
CHR-0306,1983,1983,July 1983,Bunney’s Bikes; GT; Redline; Kuwahara; Diamond Back; Raleigh,Bunney’s Bikes Nottingham stock and finance advertisement,Dealer/shop advertisement,v1.2 chronological census,EPH-0306,,HIGH,https://previouspage.co.uk/magazines/BMX%20Action%20Bike/issues/62-july-nineteen-eighty-three,Dated/period placement
CHR-0307,1983,1983,July 1983,Kryptonite; Ron Kitching,Kryptonite Megalock BMX security advertisement,Product literature,v1.2 chronological census,EPH-0307,,HIGH,https://previouspage.co.uk/magazines/BMX%20Action%20Bike/issues/62-july-nineteen-eighty-three,Dated/period placement
CHR-0308,1983,1983,July 1983,Robinson; Alans BMX Distributors,Robinson 1983 frameset catalog and sticker offer,Catalog mailer,v1.2 chronological census,EPH-0308,,HIGH,https://previouspage.co.uk/magazines/BMX%20Action%20Bike/issues/62-july-nineteen-eighty-three,Dated/period placement
CHR-0309,1983,1983,July 1983,S. J. Clark Cables,Clark’s Power-Glide BMX brake-cable advertisement,Product literature,v1.2 chronological census,EPH-0309,,HIGH,https://previouspage.co.uk/magazines/BMX%20Action%20Bike/issues/62-july-nineteen-eighty-three,Dated/period placement
CHR-0310,1983,1983,July 1983,NBMXA; Derby BMX; BMX Action Bike,NBMXA Derby stadium national race report,Archive collection,v1.2 chronological census,EPH-0310,,HIGH,https://previouspage.co.uk/magazines/BMX%20Action%20Bike/issues/62-july-nineteen-eighty-three,Dated/period placement
CHR-0311,1983,1983,July 1983,BMX Action Bike; UKBMX Publications,ABMX Sales and Swaps coupon,Dealer advertisement / price-list lead,v1.2 chronological census,EPH-0311,,HIGH,https://previouspage.co.uk/magazines/BMX%20Action%20Bike/issues/62-july-nineteen-eighty-three,Dated/period placement
CHR-0312,1983,1983,July 1983,BMX Action Bike; Bob Haro; Haro Designs,Bob Haro gear caption competition,Contest entry form / promotion,v1.2 chronological census,EPH-0312,,HIGH,https://previouspage.co.uk/magazines/BMX%20Action%20Bike/issues/62-july-nineteen-eighty-three,Dated/period placement
CHR-0313,1983,1983,July 1983,Sharp Racing Products,Sharp Racing Products bottom-bracket boot advertisement,Product announcement / kit,v1.2 chronological census,EPH-0313,,HIGH,https://previouspage.co.uk/magazines/BMX%20Action%20Bike/issues/62-july-nineteen-eighty-three,Dated/period placement
CHR-0314,1983,1983,July 1983,Supertune BMX Racing; GT; Diamond Back; Robinson; Suntour; Oakley,Supertune BMX comprehensive July mail-order price list,Retailer advertisement / price list,v1.2 chronological census,EPH-0314,,HIGH,https://previouspage.co.uk/magazines/BMX%20Action%20Bike/issues/62-july-nineteen-eighty-three,Dated/period placement
CHR-0315,1983,1983,July 1983,GT; Greg Hill; GB GT,"GT Greg Hill poster, stickers, and price-list mailer",Information-pack mailer,v1.2 chronological census,EPH-0315,,HIGH,https://previouspage.co.uk/magazines/BMX%20Action%20Bike/issues/62-july-nineteen-eighty-three,Dated/period placement
CHR-0316,1983,1983,July 1983,Yamaha; Amoco Leisure,Yamaha Racers free colour-brochure offer,Information-pack mailer,v1.2 chronological census,EPH-0316,,HIGH,https://previouspage.co.uk/magazines/BMX%20Action%20Bike/issues/62-july-nineteen-eighty-three,Dated/period placement
CHR-0317,1983,1983,July 1983,Raleigh; Tange; BMX Action Bike,Raleigh Aero Pro Burner editorial test,Product-history object,v1.2 chronological census,EPH-0317,,HIGH,https://previouspage.co.uk/magazines/BMX%20Action%20Bike/issues/62-july-nineteen-eighty-three,Dated/period placement
CHR-0318,1983,1983,July 1983,BMX Action Bike; Geoff Barraclough,Grease Monkey wheel-maintenance guide,Product literature,v1.2 chronological census,EPH-0318,,HIGH,https://previouspage.co.uk/magazines/BMX%20Action%20Bike/issues/62-july-nineteen-eighty-three,Dated/period placement
CHR-0319,1983,1983,July 1983,NBMXA,NBMXA affiliated-club directory,Archive collection,v1.2 chronological census,EPH-0319,,HIGH,https://previouspage.co.uk/magazines/BMX%20Action%20Bike/issues/62-july-nineteen-eighty-three,Dated/period placement
CHR-0320,1983,1983,July 1983,NBMXA,NBMXA rulebook and membership offer,Catalog mailer,v1.2 chronological census,EPH-0320,,HIGH,https://previouspage.co.uk/magazines/BMX%20Action%20Bike/issues/62-july-nineteen-eighty-three,Dated/period placement
CHR-0321,1983,1983,July 1983,Surrey BMX; Kuwahara; GT; Redline; Haro; Skyway; Hutch,"Surrey BMX complete-bike, frameset, wheel, and apparel price list",Retailer advertisement / price list,v1.2 chronological census,EPH-0321,,HIGH,https://previouspage.co.uk/magazines/BMX%20Action%20Bike/issues/62-july-nineteen-eighty-three,Dated/period placement
CHR-0322,1983,1983,July 1983,Pete Middleton; Mongoose; BMX Action Bike,Pete Middleton Weekend Warrior rider profile,Archive collection,v1.2 chronological census,EPH-0322,,HIGH,https://previouspage.co.uk/magazines/BMX%20Action%20Bike/issues/62-july-nineteen-eighty-three,Dated/period placement
CHR-0323,1983,1983,July 1983,Rapido; Clarkmoor,"Rapido Gold Duster, Black Shadow, and Gladiator advertisement",Product literature,v1.2 chronological census,EPH-0323,,HIGH,https://previouspage.co.uk/magazines/BMX%20Action%20Bike/issues/62-july-nineteen-eighty-three,Dated/period placement
CHR-0324,1983,1983,July 1983,Bob Haro; Ron Wilton; BMX Action Bike,Haro and Ron Wilton front-wheel-hop instructional feature,Product literature,v1.2 chronological census,EPH-0324,,HIGH,https://previouspage.co.uk/magazines/BMX%20Action%20Bike/issues/62-july-nineteen-eighty-three,Dated/period placement
CHR-0325,1983,1983,July 1983,Hotshot BMX Racing; Mushroom; Pro-Tec; Johar,"Hotshot new-products panel: Mushroom grips, Eliminator II helmet, and Johar lever cover",Product announcement / kit,v1.2 chronological census,EPH-0325,,HIGH,https://previouspage.co.uk/magazines/BMX%20Action%20Bike/issues/62-july-nineteen-eighty-three,Dated/period placement
CHR-0326,1983,1983,July 1983,Shiner; SE Racing; Panda,Shiner trade decal and sales-sheet offer,Information-pack mailer,v1.2 chronological census,EPH-0326,,HIGH,https://previouspage.co.uk/magazines/BMX%20Action%20Bike/issues/62-july-nineteen-eighty-three,Dated/period placement
CHR-0327,1983,1983,July 1983,Sales Cycles Warehouse; Kuwahara; Yamaha; Silverfox; Raleigh; Diamond Back,Sales Cycles Warehouse complete-bike and frameset price advertisement,Retailer advertisement / price list,v1.2 chronological census,EPH-0327,,HIGH,https://previouspage.co.uk/magazines/BMX%20Action%20Bike/issues/62-july-nineteen-eighty-three,Dated/period placement
CHR-0328,1983,1983,July 1983,BMX Action Bike; Huffy,Huffy Pro-Lightning power-crazy reader giveaway,Contest entry form / promotion,v1.2 chronological census,EPH-0328,,HIGH,https://previouspage.co.uk/magazines/BMX%20Action%20Bike/issues/62-july-nineteen-eighty-three,Dated/period placement
CHR-0329,1983,1983,July 1983,Team Henderson; Tange; Suntour; CW; Oakley; MKS,Team Henderson July mail-order price list,Retailer advertisement / price list,v1.2 chronological census,EPH-0329,,HIGH,https://previouspage.co.uk/magazines/BMX%20Action%20Bike/issues/62-july-nineteen-eighty-three,Dated/period placement
CHR-0330,1983,1983,July 1983,Hwa Fong; Landar Components,Hwa Fong BMX tyre-range advertisement,Product literature,v1.2 chronological census,EPH-0330,,HIGH,https://previouspage.co.uk/magazines/BMX%20Action%20Bike/issues/62-july-nineteen-eighty-three,Dated/period placement
CHR-0331,1983,1983,July 1983,Shimano; Middlemores,Shimano DX platform-pedal technical advertisement,Product literature,v1.2 chronological census,EPH-0331,,HIGH,https://previouspage.co.uk/magazines/BMX%20Action%20Bike/issues/62-july-nineteen-eighty-three,Dated/period placement
CHR-0332,1983,1983,July 1983,Ammaco; Mongoose,Ammaco Mongoose Supergoose III advertisement,Magazine advertisement,v1.2 chronological census,EPH-0332,,HIGH,https://previouspage.co.uk/magazines/BMX%20Action%20Bike/issues/62-july-nineteen-eighty-three,Dated/period placement
CHR-0333,1983,1983,July 1983,Johar; Lee Cooper; Tim March; Clark’s; Superline; Kuwahara,Trick Stuff July product announcements,Product announcement / kit,v1.2 chronological census,EPH-0333,,HIGH,https://previouspage.co.uk/magazines/BMX%20Action%20Bike/issues/62-july-nineteen-eighty-three,Dated/period placement
CHR-0334,1983,1983,July 1983,City BMX,City BMX racewear and protective-equipment price advertisement,Retailer advertisement / price list,v1.2 chronological census,EPH-0334,,HIGH,https://previouspage.co.uk/magazines/BMX%20Action%20Bike/issues/62-july-nineteen-eighty-three,Dated/period placement
CHR-0335,1983,1983,July 1983,Bates Cycles; Dave Kane Cycles; Conway; Haro; Silverfox; Superfox,Bates Cycles and regional dealer stock advertisement,Dealer/shop advertisement,v1.2 chronological census,EPH-0335,,HIGH,https://previouspage.co.uk/magazines/BMX%20Action%20Bike/issues/62-july-nineteen-eighty-three,Dated/period placement
CHR-0336,1983,1983,July 1983,SportsPlus,SportsPlus BMX track-design and landscaping service,Product literature,v1.2 chronological census,EPH-0336,,HIGH,https://previouspage.co.uk/magazines/BMX%20Action%20Bike/issues/62-july-nineteen-eighty-three,Dated/period placement
CHR-0337,1983,1983,July 1983,BMX Video; BMX Action Bike,BMX Video USA professional-action mailer,Product literature,v1.2 chronological census,EPH-0337,,HIGH,https://previouspage.co.uk/magazines/BMX%20Action%20Bike/issues/62-july-nineteen-eighty-three,Dated/period placement
CHR-0338,1983,1983,July 1983,BMX Action Bike; UKBMX Publications,BMX Action Bike ten-issue subscription offer,Catalog mailer,v1.2 chronological census,EPH-0338,,HIGH,https://previouspage.co.uk/magazines/BMX%20Action%20Bike/issues/62-july-nineteen-eighty-three,Dated/period placement
CHR-0339,1983,1983,July 1983,Doug Wickens Cycles; Kuwahara; Silverfox; Diatron; Firebird,"Doug Wickens Cycles bike, helmet, and Firebird price advertisement",Retailer advertisement / price list,v1.2 chronological census,EPH-0339,,HIGH,https://previouspage.co.uk/magazines/BMX%20Action%20Bike/issues/62-july-nineteen-eighty-three,Dated/period placement
CHR-0340,1983,1983,July 1983,Len’s BMX Centre,Len’s BMX Centre bikes and parts price advertisement,Retailer advertisement / price list,v1.2 chronological census,EPH-0340,,HIGH,https://previouspage.co.uk/magazines/BMX%20Action%20Bike/issues/62-july-nineteen-eighty-three,Dated/period placement
CHR-0341,1983,1983,July 1983,Darren Stock; Halfords; Suntour; Steve Wilson; Diamond Back,Darren Stock Me & My Bikes profile,Archive collection,v1.2 chronological census,EPH-0341,,HIGH,https://previouspage.co.uk/magazines/BMX%20Action%20Bike/issues/62-july-nineteen-eighty-three,Dated/period placement
CHR-0342,1983,1983,July 1983,OT Cycles; ACS; Firebird,OT Cycles custom-colour BMX wheel service,Product announcement / kit,v1.2 chronological census,EPH-0342,,HIGH,https://previouspage.co.uk/magazines/BMX%20Action%20Bike/issues/62-july-nineteen-eighty-three,Dated/period placement
CHR-0343,1983,1983,July 1983,Skyway; Freewheeler Leisure Products,"Skyway Tuff Wheel II, mini wheel, pedals, and pad updates",Product announcement / kit,v1.2 chronological census,EPH-0343,,HIGH,https://previouspage.co.uk/magazines/BMX%20Action%20Bike/issues/62-july-nineteen-eighty-three,Dated/period placement
CHR-0251,1983,1983,June 1983,Haro Designs; Gecko Leisure Products; Shiner,Haro Software brochure and decals offer,Information-pack mailer,v1.2 chronological census,EPH-0251,,HIGH,https://previouspage.co.uk/magazines/BMX%20Action%20Bike/issues/61-june-nineteen-eighty-three,Dated/period placement
CHR-0252,1983,1983,June 1983,Strongs Bicycles; Oakley; Shimano; Araya; Haro; Suntour,Strongs Bicycles mail-order component list and free sticker-brochure offer,Dealer price-list / sticker offer,v1.2 chronological census,EPH-0252,,HIGH,https://previouspage.co.uk/magazines/BMX%20Action%20Bike/issues/61-june-nineteen-eighty-three,Dated/period placement
CHR-0253,1983,1983,June 1983,SR Cycles; SR Jets; Kuwahara; Mongoose; Redline; GT,"SR Cycles bike-stock, deposit, and free-delivery advertisement",Dealer/shop advertisement,v1.2 chronological census,EPH-0253,,HIGH,https://previouspage.co.uk/magazines/BMX%20Action%20Bike/issues/61-june-nineteen-eighty-three,Dated/period placement
CHR-0254,1983,1983,June 1983,Spokes; Tange; Shimano; Kenda; Takagi,Spokes Tange FMX 200 complete-bike advertisement,Retailer advertisement / price list,v1.2 chronological census,EPH-0254,,HIGH,https://previouspage.co.uk/magazines/BMX%20Action%20Bike/issues/61-june-nineteen-eighty-three,Dated/period placement
CHR-0255,1983,1983,June 1983,King Sticker,King Sticker thirty-sticker and rub-on mailer,Information-pack mailer,v1.2 chronological census,EPH-0255,,HIGH,https://previouspage.co.uk/magazines/BMX%20Action%20Bike/issues/61-june-nineteen-eighty-three,Dated/period placement
CHR-0256,1983,1983,June 1983,BMX Action Bike,BMX election candidate pledge form,Promotional announcement / naming contest,v1.2 chronological census,EPH-0256,,HIGH,https://previouspage.co.uk/magazines/BMX%20Action%20Bike/issues/61-june-nineteen-eighty-three,Dated/period placement
CHR-0257,1983,1983,June 1983,Diamond Back; Harry Leary; Aero; Haro; Oakley,Diamond Back Traffic Jammin’ 1983 product and factory-team campaign,Team/product advertisement,v1.2 chronological census,EPH-0257,,HIGH,https://previouspage.co.uk/magazines/BMX%20Action%20Bike/issues/61-june-nineteen-eighty-three,Dated/period placement
CHR-0258,1983,1983,June 1983,Rapido,Rapido BMX frame and component advertisement,Product literature,v1.2 chronological census,EPH-0258,,HIGH,https://previouspage.co.uk/magazines/BMX%20Action%20Bike/issues/61-june-nineteen-eighty-three,Dated/period placement
CHR-0259,1983,1983,June 1983,BMX Action Bike; UKBMX Publications,BMX Action Bike back-copy mailer,Catalog mailer,v1.2 chronological census,EPH-0259,,HIGH,https://previouspage.co.uk/magazines/BMX%20Action%20Bike/issues/61-june-nineteen-eighty-three,Dated/period placement
CHR-0260,1983,1983,June 1983,DP Racing; Firebird,DP Racing Firebird frame-and-fork order form,Retailer advertisement / price list,v1.2 chronological census,EPH-0260,,HIGH,https://previouspage.co.uk/magazines/BMX%20Action%20Bike/issues/61-june-nineteen-eighty-three,Dated/period placement
CHR-0261,1983,1983,June 1983,BMX Action Bike; UKBMX Publications,BMX Action Bike blue-and-gold binder offer,Catalog mailer,v1.2 chronological census,EPH-0261,,HIGH,https://previouspage.co.uk/magazines/BMX%20Action%20Bike/issues/61-june-nineteen-eighty-three,Dated/period placement
CHR-0262,1983,1983,June 1983,BMX Action Bike; UKBMX Publications,BMX Action Bike blue-and-yellow race-shirt offer,Information-pack mailer,v1.2 chronological census,EPH-0262,,HIGH,https://previouspage.co.uk/magazines/BMX%20Action%20Bike/issues/61-june-nineteen-eighty-three,Dated/period placement
CHR-0263,1983,1983,June 1983,Torker; UK distributor unresolved from indexed alignment,"Torker 260, 280X, and 340 complete-bike price advertisement",Retailer advertisement / price list,v1.2 chronological census,EPH-0263,,MEDIUM-HIGH,https://previouspage.co.uk/magazines/BMX%20Action%20Bike/issues/61-june-nineteen-eighty-three,Dated/period placement
CHR-0264,1983,1983,June 1983,Big W; ACS; Skyway; Araya; Tange; Haro; DP Racing,"Big W BMX frame, wheel, fork, crank, helmet, and book specials",Retailer advertisement / price list,v1.2 chronological census,EPH-0264,,HIGH,https://previouspage.co.uk/magazines/BMX%20Action%20Bike/issues/61-june-nineteen-eighty-three,Dated/period placement
CHR-0265,1983,1983,June 1983,DP Racing; BMX Action Bike,DP Firebird complete-bike editorial test,Product-history object,v1.2 chronological census,EPH-0265,,HIGH,https://previouspage.co.uk/magazines/BMX%20Action%20Bike/issues/61-june-nineteen-eighty-three,Dated/period placement
CHR-0266,1983,1983,June 1983,DP Racing; Firebird; Reynolds,Firebird Delta II frame announcement,Product announcement / kit,v1.2 chronological census,EPH-0266,,HIGH,https://previouspage.co.uk/magazines/BMX%20Action%20Bike/issues/61-june-nineteen-eighty-three,Dated/period placement
CHR-0267,1983,1983,June 1983,BMX Action Bike; Bell; Skyway; Diamond Back,Best of 1982 prize-winner follow-up,Archive collection,v1.2 chronological census,EPH-0267,,HIGH,https://previouspage.co.uk/magazines/BMX%20Action%20Bike/issues/61-june-nineteen-eighty-three,Dated/period placement
CHR-0268,1983,1983,June 1983,BMX Action Bike; Moto-X Fox,Moto-X Fox reader-photo competition,Contest entry form / promotion,v1.2 chronological census,EPH-0268,,HIGH,https://previouspage.co.uk/magazines/BMX%20Action%20Bike/issues/61-june-nineteen-eighty-three,Dated/period placement
CHR-0269,1983,1983,June 1983,BMX Action Bike; UKBMX; NBMXA; regional organizers,June 1983 BMX race calendar,Event notice / contact flyer,v1.2 chronological census,EPH-0269,,HIGH,https://previouspage.co.uk/magazines/BMX%20Action%20Bike/issues/61-june-nineteen-eighty-three,Dated/period placement
CHR-0270,1983,1983,June 1983,Isle of Wight BMX organizers; BMX Action Bike,Isle of Wight inaugural BMX meeting report,Archive collection,v1.2 chronological census,EPH-0270,,HIGH,https://previouspage.co.uk/magazines/BMX%20Action%20Bike/issues/61-june-nineteen-eighty-three,Dated/period placement
CHR-0271,1983,1983,June 1983,BMX Superstore; Kuwahara,BMX Superstore Kuwahara E.T. Replica special,Retailer advertisement / price list,v1.2 chronological census,EPH-0271,,HIGH,https://previouspage.co.uk/magazines/BMX%20Action%20Bike/issues/61-june-nineteen-eighty-three,Dated/period placement
CHR-0272,1983,1983,June 1983,Team Henderson BMX Mail Order Centre; Haro; California Lite; CW; Renthal,Team Henderson mail-order parts and free-sticker offer,Dealer price-list / sticker offer,v1.2 chronological census,EPH-0272,,HIGH,https://previouspage.co.uk/magazines/BMX%20Action%20Bike/issues/61-june-nineteen-eighty-three,Dated/period placement
CHR-0273,1983,1983,June 1983,Langsett Cycles; MX 100; Sharp; Elina; Suntour; Haro,Langsett Cycles BMX parts price advertisement,Retailer advertisement / price list,v1.2 chronological census,EPH-0273,,HIGH,https://previouspage.co.uk/magazines/BMX%20Action%20Bike/issues/61-june-nineteen-eighty-three,Dated/period placement
CHR-0274,1983,1983,June 1983,BMX Centre Mousehole; Mongoose; Kuwahara; Torker; GT; Robinson,BMX Centre Mousehole stock and mail-order advertisement,Dealer/shop advertisement,v1.2 chronological census,EPH-0274,,HIGH,https://previouspage.co.uk/magazines/BMX%20Action%20Bike/issues/61-june-nineteen-eighty-three,Dated/period placement
CHR-0275,1983,1983,June 1983,BMX Action Bike; UKBMX Publications,BMX Action Bike monthly subscription promotion,Catalog mailer,v1.2 chronological census,EPH-0275,,HIGH,https://previouspage.co.uk/magazines/BMX%20Action%20Bike/issues/61-june-nineteen-eighty-three,Dated/period placement
CHR-0276,1983,1983,June 1983,BMX Action Bike; UKBMX Publications,ABMX free Sales and Swaps coupon,Dealer advertisement / price-list lead,v1.2 chronological census,EPH-0276,,HIGH,https://previouspage.co.uk/magazines/BMX%20Action%20Bike/issues/61-june-nineteen-eighty-three,Dated/period placement
CHR-0277,1983,1983,June 1983,BMX Action Bike; Ammaco,Ammaco Team Pro prize-bike competition,Contest entry form / promotion,v1.2 chronological census,EPH-0277,,HIGH,https://previouspage.co.uk/magazines/BMX%20Action%20Bike/issues/61-june-nineteen-eighty-three,Dated/period placement
CHR-0278,1983,1983,June 1983,Rivat; March Racing Developments,Rivat BMX shoe advertisement,Retailer advertisement / price list,v1.2 chronological census,EPH-0278,,HIGH,https://previouspage.co.uk/magazines/BMX%20Action%20Bike/issues/61-june-nineteen-eighty-three,Dated/period placement
CHR-0279,1983,1983,June 1983,Halfords; BMX Action Bike; Bob Haro,Halfords NEC indoor championship report,Archive collection,v1.2 chronological census,EPH-0279,,HIGH,https://previouspage.co.uk/magazines/BMX%20Action%20Bike/issues/61-june-nineteen-eighty-three,Dated/period placement
CHR-0280,1983,1983,June 1983,Grasby BMX; BMX Action Bike,Grasby track-focus course guide,Archive collection,v1.2 chronological census,EPH-0280,,HIGH,https://previouspage.co.uk/magazines/BMX%20Action%20Bike/issues/61-june-nineteen-eighty-three,Dated/period placement
CHR-0281,1983,1983,June 1983,ACS; Gecko Leisure Products,ACS Z Rims guarantee advertisement,Product literature,v1.2 chronological census,EPH-0281,,HIGH,https://previouspage.co.uk/magazines/BMX%20Action%20Bike/issues/61-june-nineteen-eighty-three,Dated/period placement
CHR-0282,1983,1983,June 1983,BMX Action Bike; IRC; National; Mitsuboshi,Grease Monkey tyre-selection guide,Product literature,v1.2 chronological census,EPH-0282,,HIGH,https://previouspage.co.uk/magazines/BMX%20Action%20Bike/issues/61-june-nineteen-eighty-three,Dated/period placement
CHR-0283,1983,1983,June 1983,Supertune BMX Racing; GT; Diamond Back; Robinson; Suntour; Oakley,Supertune BMX comprehensive mail-order price list,Retailer advertisement / price list,v1.2 chronological census,EPH-0283,,HIGH,https://previouspage.co.uk/magazines/BMX%20Action%20Bike/issues/61-june-nineteen-eighty-three,Dated/period placement
CHR-0284,1983,1983,June 1983,Yes Products,Yes Products dealer trade-promotion quiz,Dealer/shop advertisement,v1.2 chronological census,EPH-0284,,HIGH,https://previouspage.co.uk/magazines/BMX%20Action%20Bike/issues/61-june-nineteen-eighty-three,Dated/period placement
CHR-0285,1983,1983,June 1983,California Lite; Johar of California; Harry Leary; Perry Kramer; Clint Miller; Toby Henderson,California Lite pad-system pro endorsement advertisement,Product literature,v1.2 chronological census,EPH-0285,,HIGH,https://previouspage.co.uk/magazines/BMX%20Action%20Bike/issues/61-june-nineteen-eighty-three,Dated/period placement
CHR-0286,1983,1983,June 1983,BMX Action Bike; UKBMX; NBMXA; Ammaco-Mongoose,Sidehack racing feature,Archive collection,v1.2 chronological census,EPH-0286,,HIGH,https://previouspage.co.uk/magazines/BMX%20Action%20Bike/issues/61-june-nineteen-eighty-three,Dated/period placement
CHR-0287,1983,1983,June 1983,Diatron; Wildcat,Diatron Wildcat helmet and racewear advertisement,Retailer advertisement / price list,v1.2 chronological census,EPH-0287,,HIGH,https://previouspage.co.uk/magazines/BMX%20Action%20Bike/issues/61-june-nineteen-eighty-three,Dated/period placement
CHR-0288,1983,1983,June 1983,Bob Haro; Haro; BMX Action Bike,Haro Freestyle Moves aerial instructional extract,Product literature,v1.2 chronological census,EPH-0288,,HIGH,https://previouspage.co.uk/magazines/BMX%20Action%20Bike/issues/61-june-nineteen-eighty-three,Dated/period placement
CHR-0289,1983,1983,June 1983,NBMXA,NBMXA rulebook and membership offer,Event registration coupon,v1.2 chronological census,EPH-0289,,HIGH,https://previouspage.co.uk/magazines/BMX%20Action%20Bike/issues/61-june-nineteen-eighty-three,Dated/period placement
CHR-0290,1983,1983,June 1983,Ammaco; Mongoose; Wayne Llewellyn,Ammaco Team Mongoose championship advertisement,Team advertisement,v1.2 chronological census,EPH-0290,,HIGH,https://previouspage.co.uk/magazines/BMX%20Action%20Bike/issues/61-june-nineteen-eighty-three,Dated/period placement
CHR-0291,1983,1983,June 1983,Desert Rats; Ritchey; BMX Action Bike,Desert Rats Sahara cruiser expedition,Archive collection,v1.2 chronological census,EPH-0291,,HIGH,https://previouspage.co.uk/magazines/BMX%20Action%20Bike/issues/61-june-nineteen-eighty-three,Dated/period placement
CHR-0292,1983,1983,June 1983,Superbike BMX Centre; SB Racing; Oakley; Vector; JMC; CW; Patterson,Superbike BMX Centre frame and component advertisement,Retailer advertisement / price list,v1.2 chronological census,EPH-0292,,HIGH,https://previouspage.co.uk/magazines/BMX%20Action%20Bike/issues/61-june-nineteen-eighty-three,Dated/period placement
CHR-0293,1983,1983,June 1983,Faze7; Araya; Ukai; Suzue; ACS; Skyway; Panaracer,Faze7 one-and-three-eighth-inch wheel and tyre price advertisement,Retailer advertisement / price list,v1.2 chronological census,EPH-0293,,HIGH,https://previouspage.co.uk/magazines/BMX%20Action%20Bike/issues/61-june-nineteen-eighty-three,Dated/period placement
CHR-0294,1983,1983,June 1983,UKBMX; Gary Smith,UKBMX Europeans and Worlds coach-tour offer,Tour promotion / route notice,v1.2 chronological census,EPH-0294,,HIGH,https://previouspage.co.uk/magazines/BMX%20Action%20Bike/issues/61-june-nineteen-eighty-three,Dated/period placement
CHR-0295,1983,1983,June 1983,UKBMX,UKBMX points calendar and membership application,Event registration coupon,v1.2 chronological census,EPH-0295,,HIGH,https://previouspage.co.uk/magazines/BMX%20Action%20Bike/issues/61-june-nineteen-eighty-three,Dated/period placement
CHR-031,1983,1983,October 1983,SR Cycles; SR Jets,SR Cycles product and team promotion,Dealer/shop advertisement,v0.9,EPH-0061,,MEDIUM-HIGH,https://previouspage.co.uk/magazines/BMX%20Action%20Bike/issues/85-october-nineteen-eighty-three,Dated/period placement
CHR-0449,1983,1983,October 1983,ACS; Mike Buff,ACS Z-Wheels Mike Buff technology campaign,Product literature,v1.2 chronological census,EPH-0449,,HIGH,https://previouspage.co.uk/issues/85-october-nineteen-eighty-three,Dated/period placement
CHR-0450,1983,1983,October 1983,Torker; UK distributor,"Torker 260, 280X, and 340 October price advertisement",Retailer advertisement / price list,v1.2 chronological census,EPH-0450,,HIGH,https://previouspage.co.uk/issues/85-october-nineteen-eighty-three,Dated/period placement
CHR-0451,1983,1983,October 1983,Big W,Big W October BMX specials,Retailer advertisement / price list,v1.2 chronological census,EPH-0451,,HIGH,https://previouspage.co.uk/issues/85-october-nineteen-eighty-three,Dated/period placement
CHR-0452,1983,1983,October 1983,BMX Action Bike; UKBMX; NBMXA; regional organizers,October 1983 BMX race calendar,Event notice / contact flyer,v1.2 chronological census,EPH-0452,,HIGH,https://previouspage.co.uk/issues/85-october-nineteen-eighty-three,Dated/period placement
CHR-0453,1983,1983,October 1983,BMX Action Bike; Marlboro,Marlboro Zapper bicycle recognition giveaway,Contest entry form / promotion,v1.2 chronological census,EPH-0453,,HIGH,https://previouspage.co.uk/issues/85-october-nineteen-eighty-three,Dated/period placement
CHR-0454,1983,1983,October 1983,BMX Action Bike; home builders,Backyard quarter-pipe construction and riding feature,Product literature,v1.2 chronological census,EPH-0454,,HIGH,https://previouspage.co.uk/issues/85-october-nineteen-eighty-three,Dated/period placement
CHR-0455,1983,1983,October 1983,IBMXF; Clint Miller; Greg Hill; international teams,1983 IBMXF World Championships Slagharen report,Archive collection,v1.2 chronological census,EPH-0455,,HIGH,https://previouspage.co.uk/issues/85-october-nineteen-eighty-three,Dated/period placement
CHR-0456,1983,1983,October 1983,BMX Action Bike; Geoff Barraclough; Ian Buckden,Grease Monkey chain and transmission maintenance guide,Product literature,v1.2 chronological census,EPH-0456,,HIGH,https://previouspage.co.uk/issues/85-october-nineteen-eighty-three,Dated/period placement
CHR-0457,1983,1983,October 1983,Patterson; BMX Action Bike,Patterson Pro frame-and-fork editorial test,Product-history object,v1.2 chronological census,EPH-0457,,HIGH,https://previouspage.co.uk/issues/85-october-nineteen-eighty-three,Dated/period placement
CHR-0458,1983,1983,October 1983,Clint Miller; Kuwahara; Craig Kundig,Clint Miller Making of a World Champion profile,Archive collection,v1.2 chronological census,EPH-0458,,HIGH,https://previouspage.co.uk/issues/85-october-nineteen-eighty-three,Dated/period placement
CHR-0459,1983,1983,October 1983,NBMXA,NBMXA affiliated-club and rulebook noticeboard,Archive collection,v1.2 chronological census,EPH-0459,,HIGH,https://previouspage.co.uk/issues/85-october-nineteen-eighty-three,Dated/period placement
CHR-0460,1983,1983,October 1983,UKBMX,UKBMX October membership and insurance application,Event registration coupon,v1.2 chronological census,EPH-0460,,HIGH,https://previouspage.co.uk/issues/85-october-nineteen-eighty-three,Dated/period placement
CHR-0461,1983,1983,October 1983,BMX Action Bike; UKBMX Publications,ABMX October Sales and Swaps marketplace,Dealer advertisement / price-list lead,v1.2 chronological census,EPH-0461,,HIGH,https://previouspage.co.uk/issues/85-october-nineteen-eighty-three,Dated/period placement
CHR-0462,1983,1983,October 1983,Diamond Back; BMX Action Bike,Diamond Back Viper thrash test,Product-history object,v1.2 chronological census,EPH-0462,,HIGH,https://previouspage.co.uk/issues/85-october-nineteen-eighty-three,Dated/period placement
CHR-0463,1983,1983,October 1983,Neil Stevens; BMX Action Bike,Neil Stevens freestyle hop-back guide,Product literature,v1.2 chronological census,EPH-0463,,HIGH,https://previouspage.co.uk/issues/85-october-nineteen-eighty-three,Dated/period placement
CHR-0464,1983,1983,October 1983,Craig Strong; BMX Action Bike,Craig Strong Me & My Bike profile,Archive collection,v1.2 chronological census,EPH-0464,,HIGH,https://previouspage.co.uk/issues/85-october-nineteen-eighty-three,Dated/period placement
CHR-0465,1983,1983,October 1983,Pedal Pushers; Kuwahara; GT; Diamond Back,Pedal Pushers October mail-order price list,Retailer advertisement / price list,v1.2 chronological census,EPH-0465,,HIGH,https://previouspage.co.uk/issues/85-october-nineteen-eighty-three,Dated/period placement
CHR-0466,1983,1983,October 1983,Stechford Cycles; Tange; ACS; Yes; CW; Haro,Stechford Cycles October component price list,Retailer advertisement / price list,v1.2 chronological census,EPH-0466,,HIGH,https://previouspage.co.uk/issues/85-october-nineteen-eighty-three,Dated/period placement
CHR-0467,1983,1983,October 1983,Oakley,Oakley sliders and legaiters protective-apparel announcement,Product announcement / kit,v1.2 chronological census,EPH-0467,,HIGH,https://previouspage.co.uk/issues/85-october-nineteen-eighty-three,Dated/period placement
CHR-0468,1983,1983,October 1983,Faze 7; Skyway; ACS; Redline; Shimano,"Faze 7 October wheel, component, and complete-bike price list",Retailer advertisement / price list,v1.2 chronological census,EPH-0468,,HIGH,https://previouspage.co.uk/issues/85-october-nineteen-eighty-three,Dated/period placement
CHR-0469,1983,1983,October 1983,DP Racing; Firebird; Reynolds,Firebird Delta II October engineering campaign,Product literature,v1.2 chronological census,EPH-0469,,HIGH,https://previouspage.co.uk/issues/85-october-nineteen-eighty-three,Dated/period placement
CHR-0470,1983,1983,October 1983,Supertune BMX Racing; GT; Diamond Back; Shimano; Oakley,Supertune BMX October mail-order catalogue,Retailer advertisement / price list,v1.2 chronological census,EPH-0470,,HIGH,https://previouspage.co.uk/issues/85-october-nineteen-eighty-three,Dated/period placement
CHR-0471,1983,1983,October 1983,CW; Hotwheels,CW winning-racer handlebar campaign,Product literature,v1.2 chronological census,EPH-0471,,HIGH,https://previouspage.co.uk/issues/85-october-nineteen-eighty-three,Dated/period placement
CHR-0472,1983,1983,October 1983,Haro Designs; Shiner; Gecko,Haro Tech numberplate brochure offer,Information-pack mailer,v1.2 chronological census,EPH-0472,,HIGH,https://previouspage.co.uk/issues/85-october-nineteen-eighty-three,Dated/period placement
CHR-0473,1983,1983,October 1983,Schofield Cycles; Skyway; Robinson; PK Ripper,Schofield Cycles frameset price list,Retailer advertisement / price list,v1.2 chronological census,EPH-0473,,HIGH,https://previouspage.co.uk/issues/85-october-nineteen-eighty-three,Dated/period placement
CHR-0474,1983,1983,October 1983,KD Racing; Diamond Back; Mongoose; Kuwahara,KD Racing October brand-stock and indoor-track advertisement,Dealer/shop advertisement,v1.2 chronological census,EPH-0474,,HIGH,https://previouspage.co.uk/issues/85-october-nineteen-eighty-three,Dated/period placement
CHR-0475,1983,1983,October 1983,Just BMX; Skyway; Diamond Back; Takagi,Just BMX October special-offer price list,Retailer advertisement / price list,v1.2 chronological census,EPH-0475,,HIGH,https://previouspage.co.uk/issues/85-october-nineteen-eighty-three,Dated/period placement
CHR-0476,1983,1983,October 1983,Retro Products,Retro British component line advertisement,Product announcement / kit,v1.2 chronological census,EPH-0476,,HIGH,https://previouspage.co.uk/issues/85-october-nineteen-eighty-three,Dated/period placement
CHR-0477,1983,1983,October 1983,UK BMX dealers,Avon and national BMX dealer directory,Manufacturer/distributor catalog page,v1.2 chronological census,EPH-0477,,HIGH,https://previouspage.co.uk/issues/85-october-nineteen-eighty-three,Dated/period placement
CHR-0478,1983,1983,October 1983,Marlboro; Zapper,Marlboro Zapper force bicycle campaign,Magazine advertisement,v1.2 chronological census,EPH-0478,,HIGH,https://previouspage.co.uk/issues/85-october-nineteen-eighty-three,Dated/period placement
CHR-0479,1983,1983,October 1983,IBMXF,IBMXF 1984 World Championship rule-change notice,Archive collection,v1.2 chronological census,EPH-0479,,HIGH,https://previouspage.co.uk/issues/85-october-nineteen-eighty-three,Dated/period placement
CHR-0480,1983,1983,October 1983,IBMXF; British riders,1983 Worlds Best of British results,Archive collection,v1.2 chronological census,EPH-0480,,HIGH,https://previouspage.co.uk/issues/85-october-nineteen-eighty-three,Dated/period placement
CHR-0481,1983,1983,October 1983,Leechi; Landar Components,Leechi BMX brake-component advertisement,Product literature,v1.2 chronological census,EPH-0481,,HIGH,https://previouspage.co.uk/issues/85-october-nineteen-eighty-three,Dated/period placement
CHR-0482,1983,1983,October 1983,Halfords; Kashimax; Trax Pro; Dia-Compe,Halfords October BMX accessories campaign,Retailer advertisement / price list,v1.2 chronological census,EPH-0482,,HIGH,https://previouspage.co.uk/issues/85-october-nineteen-eighty-three,Dated/period placement
CHR-0483,1983,1983,October 1983,Edwardes BMX Centre; Mongoose; JAG; Suzue,Edwardes BMX Centre October new-product list,Retailer advertisement / price list,v1.2 chronological census,EPH-0483,,HIGH,https://previouspage.co.uk/issues/85-october-nineteen-eighty-three,Dated/period placement
CHR-0484,1983,1983,October 1983,MT Racing; SmartFox; SilverFox; SuperFox,MT Racing Fox Factor bicycle campaign,Magazine advertisement,v1.2 chronological census,EPH-0484,,HIGH,https://previouspage.co.uk/issues/85-october-nineteen-eighty-three,Dated/period placement
CHR-0485,1983,1983,October 1983,Ian Johnson Bikesport; Diamond Back,Ian Johnson Bikesport Belfast BMX advertisement,Dealer/shop advertisement,v1.2 chronological census,EPH-0485,,HIGH,https://previouspage.co.uk/issues/85-october-nineteen-eighty-three,Dated/period placement
CHR-0486,1983,1983,October 1983,Purley Cycle Sport,Purley Cycle Sport brand-stock advertisement,Dealer/shop advertisement,v1.2 chronological census,EPH-0486,,HIGH,https://previouspage.co.uk/issues/85-october-nineteen-eighty-three,Dated/period placement
CHR-0487,1983,1983,October 1983,Pedal Power York; Sugino,Pedal Power York flight-crank offer,Retailer advertisement / price list,v1.2 chronological census,EPH-0487,,HIGH,https://previouspage.co.uk/issues/85-october-nineteen-eighty-three,Dated/period placement
CHR-0488,1983,1983,October 1983,S. M. Bishop,Bishop’s Burner Club and BMX dealer promotion,Dealer/shop advertisement,v1.2 chronological census,EPH-0488,,HIGH,https://previouspage.co.uk/issues/85-october-nineteen-eighty-three,Dated/period placement
CHR-0489,1983,1983,October 1983,Fosters BMX Centre; Raleigh,Fosters BMX Centre October Raleigh offer,Retailer advertisement / price list,v1.2 chronological census,EPH-0489,,HIGH,https://previouspage.co.uk/issues/85-october-nineteen-eighty-three,Dated/period placement
CHR-0490,1983,1983,October 1983,BMX Cheltenham,BMX Cheltenham stock and credit advertisement,Dealer/shop advertisement,v1.2 chronological census,EPH-0490,,HIGH,https://previouspage.co.uk/issues/85-october-nineteen-eighty-three,Dated/period placement
CHR-0491,1983,1983,October 1983,Radcity; Skyway; Redline,Radcity race-frame and wheel service advertisement,Dealer/shop advertisement,v1.2 chronological census,EPH-0491,,HIGH,https://previouspage.co.uk/issues/85-october-nineteen-eighty-three,Dated/period placement
CHR-0492,1983,1983,October 1983,Yeovil BMX Shop,Yeovil BMX Shop free mail-order list,Catalog mailer,v1.2 chronological census,EPH-0492,,HIGH,https://previouspage.co.uk/issues/85-october-nineteen-eighty-three,Dated/period placement
CHR-0493,1983,1983,October 1983,BMX Centre Mousehole,BMX Centre Mousehole October stock advertisement,Dealer/shop advertisement,v1.2 chronological census,EPH-0493,,HIGH,https://previouspage.co.uk/issues/85-october-nineteen-eighty-three,Dated/period placement
CHR-0494,1983,1983,October 1983,Pedalers,Pedalers custom-build and part-exchange advertisement,Dealer/shop advertisement,v1.2 chronological census,EPH-0494,,HIGH,https://previouspage.co.uk/issues/85-october-nineteen-eighty-three,Dated/period placement
CHR-0495,1983,1983,October 1983,Doug Cycles; Huffy; Firebird; Redline,Doug Cycles October complete-bike advertisement,Retailer advertisement / price list,v1.2 chronological census,EPH-0495,,HIGH,https://previouspage.co.uk/issues/85-october-nineteen-eighty-three,Dated/period placement
CHR-0496,1983,1983,October 1983,Cranks Cycle Centre,Cranks Cycle Centre West London advertisement,Dealer/shop advertisement,v1.2 chronological census,EPH-0496,,HIGH,https://previouspage.co.uk/issues/85-october-nineteen-eighty-three,Dated/period placement
CHR-0497,1983,1983,October 1983,Queensmead Cycles; Surrey Cycles; Skyway,Queensmead and Surrey Cycles Skyway promotion,Retailer advertisement / price list,v1.2 chronological census,EPH-0497,,HIGH,https://previouspage.co.uk/issues/85-october-nineteen-eighty-three,Dated/period placement
CHR-0498,1983,1983,October 1983,Allen’s Barnsley,Allen’s Barnsley October component price list,Retailer advertisement / price list,v1.2 chronological census,EPH-0498,,HIGH,https://previouspage.co.uk/issues/85-october-nineteen-eighty-three,Dated/period placement
CHR-0499,1983,1983,October 1983,Raleigh; BMX Action Bike,Raleigh Raceline weekend event-information service,Event notice / contact flyer,v1.2 chronological census,EPH-0499,,HIGH,https://previouspage.co.uk/issues/85-october-nineteen-eighty-three,Dated/period placement
CHR-0500,1983,1983,October 1983,BMX Action Bike; UKBMX Publications,BMX Action Bike October ten-issue subscription offer,Catalog mailer,v1.2 chronological census,EPH-0500,,HIGH,https://previouspage.co.uk/issues/85-october-nineteen-eighty-three,Dated/period placement
CHR-0397,1983,1983,September 1983,ACS; Gecko Leisure Products,ACS Z-Rims no-quibble guarantee campaign,Product literature,v1.2 chronological census,EPH-0397,,HIGH,https://previouspage.co.uk/magazines/BMX%20Action%20Bike/issues/64-september-nineteen-eighty-three,Dated/period placement
CHR-0398,1983,1983,September 1983,Strongs Bicycles,Strongs Bicycles free sticker-brochure mailer,Information-pack mailer,v1.2 chronological census,EPH-0398,,HIGH,https://previouspage.co.uk/magazines/BMX%20Action%20Bike/issues/64-september-nineteen-eighty-three,Dated/period placement
CHR-0399,1983,1983,September 1983,G-Wheels,G-Wheels custom-built BMX shop advertisement,Dealer/shop advertisement,v1.2 chronological census,EPH-0399,,HIGH,https://previouspage.co.uk/magazines/BMX%20Action%20Bike/issues/64-september-nineteen-eighty-three,Dated/period placement
CHR-0400,1983,1983,September 1983,BMX Centres Lewisham and Greenwich,Lewisham and Greenwich BMX Centres stock advertisement,Dealer/shop advertisement,v1.2 chronological census,EPH-0400,,HIGH,https://previouspage.co.uk/magazines/BMX%20Action%20Bike/issues/64-september-nineteen-eighty-three,Dated/period placement
CHR-0401,1983,1983,September 1983,Patterson; Hotshot BMX Racing,Patterson Pro 4130 frame advertisement,Product literature,v1.2 chronological census,EPH-0401,,HIGH,https://previouspage.co.uk/magazines/BMX%20Action%20Bike/issues/64-september-nineteen-eighty-three,Dated/period placement
CHR-0402,1983,1983,September 1983,Hotshot BMX Racing,Hotshot imported-product line card,Manufacturer/distributor catalog page,v1.2 chronological census,EPH-0402,,HIGH,https://previouspage.co.uk/magazines/BMX%20Action%20Bike/issues/64-september-nineteen-eighty-three,Dated/period placement
CHR-0403,1983,1983,September 1983,IBMXF; Clint Miller; Louis Mears; BMX Action Bike,1983 IBMXF World Championship results report,Archive collection,v1.2 chronological census,EPH-0403,,HIGH,https://previouspage.co.uk/magazines/BMX%20Action%20Bike/issues/64-september-nineteen-eighty-three,Dated/period placement
CHR-0404,1983,1983,September 1983,Waldens BMX Headquarters,Waldens BMX Headquarters September specials,Retailer advertisement / price list,v1.2 chronological census,EPH-0404,,HIGH,https://previouspage.co.uk/magazines/BMX%20Action%20Bike/issues/64-september-nineteen-eighty-three,Dated/period placement
CHR-0405,1983,1983,September 1983,Dales Cycles,Dales Cycles Glasgow BMX headquarters advertisement,Dealer/shop advertisement,v1.2 chronological census,EPH-0405,,HIGH,https://previouspage.co.uk/magazines/BMX%20Action%20Bike/issues/64-september-nineteen-eighty-three,Dated/period placement
CHR-0406,1983,1983,September 1983,Bunney’s Bikes; Yes,Bunney’s GT Yes helmet introduction offer,Retailer advertisement / price list,v1.2 chronological census,EPH-0406,,HIGH,https://previouspage.co.uk/magazines/BMX%20Action%20Bike/issues/64-september-nineteen-eighty-three,Dated/period placement
CHR-0407,1983,1983,September 1983,Halfords; Suntour; Trax Pro; Cobra,Halfords BMX accessories price campaign,Retailer advertisement / price list,v1.2 chronological census,EPH-0407,,HIGH,https://previouspage.co.uk/magazines/BMX%20Action%20Bike/issues/64-september-nineteen-eighty-three,Dated/period placement
CHR-0408,1983,1983,September 1983,Ron Kitching; Rivat; Minoura; MKS,"Harrogate product roundup: Rivat, Minoura, MKS, and brake controls",Product announcement / kit,v1.2 chronological census,EPH-0408,,HIGH,https://previouspage.co.uk/magazines/BMX%20Action%20Bike/issues/64-september-nineteen-eighty-three,Dated/period placement
CHR-0409,1983,1983,September 1983,Surrey BMX; Kuwahara; GT; Torker; Haro; Hutch; Skyway,Surrey BMX September comprehensive price list,Retailer advertisement / price list,v1.2 chronological census,EPH-0409,,HIGH,https://previouspage.co.uk/magazines/BMX%20Action%20Bike/issues/64-september-nineteen-eighty-three,Dated/period placement
CHR-0410,1983,1983,September 1983,European BMX Championship; Tim March; Andy Patterson; BMX Action Bike,1983 European Championships Dijon deciding-round report,Archive collection,v1.2 chronological census,EPH-0410,,HIGH,https://previouspage.co.uk/magazines/BMX%20Action%20Bike/issues/64-september-nineteen-eighty-three,Dated/period placement
CHR-0411,1983,1983,September 1983,Raleigh; Danny Stabielli; Craig Schofield,Raleigh Champions of Europe Burner campaign,Team advertisement,v1.2 chronological census,EPH-0411,,HIGH,https://previouspage.co.uk/magazines/BMX%20Action%20Bike/issues/64-september-nineteen-eighty-three,Dated/period placement
CHR-0412,1983,1983,September 1983,BMX Action Bike; UKBMX; NBMXA; regional organizers,September 1983 BMX race calendar,Event notice / contact flyer,v1.2 chronological census,EPH-0412,,HIGH,https://previouspage.co.uk/magazines/BMX%20Action%20Bike/issues/64-september-nineteen-eighty-three,Dated/period placement
CHR-0413,1983,1983,September 1983,Bob Medrano; BMX Action Bike,Bob Medrano mid-air moves instructional feature,Product literature,v1.2 chronological census,EPH-0413,,HIGH,https://previouspage.co.uk/magazines/BMX%20Action%20Bike/issues/64-september-nineteen-eighty-three,Dated/period placement
CHR-0414,1983,1983,September 1983,BMX Action Bike; Skyway,Skyway TA frame-and-fork giveaway,Contest entry form / promotion,v1.2 chronological census,EPH-0414,,HIGH,https://previouspage.co.uk/magazines/BMX%20Action%20Bike/issues/64-september-nineteen-eighty-three,Dated/period placement
CHR-0415,1983,1983,September 1983,KD Racing; Diamond Back; Mongoose; Kuwahara,KD Racing BMX brands and indoor-track advertisement,Dealer/shop advertisement,v1.2 chronological census,EPH-0415,,HIGH,https://previouspage.co.uk/magazines/BMX%20Action%20Bike/issues/64-september-nineteen-eighty-three,Dated/period placement
CHR-0416,1983,1983,September 1983,Bristol BMX retailer; Diamond Back; Mongoose; PK Ripper,Bristol custom-built BMX price advertisement,Retailer advertisement / price list,v1.2 chronological census,EPH-0416,,HIGH,https://previouspage.co.uk/magazines/BMX%20Action%20Bike/issues/64-september-nineteen-eighty-three,Dated/period placement
CHR-0417,1983,1983,September 1983,CW; Hotwheels,CW racer handlebar range advertisement,Product literature,v1.2 chronological census,EPH-0417,,HIGH,https://previouspage.co.uk/magazines/BMX%20Action%20Bike/issues/64-september-nineteen-eighty-three,Dated/period placement
CHR-0418,1983,1983,September 1983,Boss,Boss Reynolds 501 handbuilt BMX launch,Product announcement / kit,v1.2 chronological census,EPH-0418,,HIGH,https://previouspage.co.uk/magazines/BMX%20Action%20Bike/issues/64-september-nineteen-eighty-three,Dated/period placement
CHR-0419,1983,1983,September 1983,Neil Stevens; BMX Action Bike,Neil Stevens bar-hop instructional feature,Product literature,v1.2 chronological census,EPH-0419,,HIGH,https://previouspage.co.uk/magazines/BMX%20Action%20Bike/issues/64-september-nineteen-eighty-three,Dated/period placement
CHR-0420,1983,1983,September 1983,GT; Greg Hill; GB GT,"GT Greg Hill poster, stickers, and price-list mailer",Information-pack mailer,v1.2 chronological census,EPH-0420,,HIGH,https://previouspage.co.uk/magazines/BMX%20Action%20Bike/issues/64-september-nineteen-eighty-three,Dated/period placement
CHR-0421,1983,1983,September 1983,UK BMX dealer network; Diamond Back; Mongoose; Firebird; Hutch,September next-generation BMX dealer network campaign,Manufacturer/distributor catalog page,v1.2 chronological census,EPH-0421,,HIGH,https://previouspage.co.uk/magazines/BMX%20Action%20Bike/issues/64-september-nineteen-eighty-three,Dated/period placement
CHR-0422,1983,1983,September 1983,MK Cycles; Haro,MK Cycles Haro bargain and custom-wheel advertisement,Dealer/shop advertisement,v1.2 chronological census,EPH-0422,,HIGH,https://previouspage.co.uk/magazines/BMX%20Action%20Bike/issues/64-september-nineteen-eighty-three,Dated/period placement
CHR-0423,1983,1983,September 1983,BMX Action Bike; Geoff Barraclough; Ian Buckden,Grease Monkey freewheel service guide,Product literature,v1.2 chronological census,EPH-0423,,HIGH,https://previouspage.co.uk/magazines/BMX%20Action%20Bike/issues/64-september-nineteen-eighty-three,Dated/period placement
CHR-0424,1983,1983,September 1983,JMC; BMX Action Bike,JMC Mini editorial test,Product-history object,v1.2 chronological census,EPH-0424,,HIGH,https://previouspage.co.uk/magazines/BMX%20Action%20Bike/issues/64-september-nineteen-eighty-three,Dated/period placement
CHR-0425,1983,1983,September 1983,BMX Action Bike; Tim March; Jamie Vince,ABMX Scrapbook cruiser-racing feature,Archive collection,v1.2 chronological census,EPH-0425,,HIGH,https://previouspage.co.uk/magazines/BMX%20Action%20Bike/issues/64-september-nineteen-eighty-three,Dated/period placement
CHR-0426,1983,1983,September 1983,UKBMX,UKBMX national rankings noticeboard,Archive collection,v1.2 chronological census,EPH-0426,,HIGH,https://previouspage.co.uk/magazines/BMX%20Action%20Bike/issues/64-september-nineteen-eighty-three,Dated/period placement
CHR-0427,1983,1983,September 1983,Faze 7; Haro; Hutch; GT; Skyway,"Faze 7 frames, wheels, apparel, and complete-bike price list",Retailer advertisement / price list,v1.2 chronological census,EPH-0427,,HIGH,https://previouspage.co.uk/magazines/BMX%20Action%20Bike/issues/64-september-nineteen-eighty-three,Dated/period placement
CHR-0428,1983,1983,September 1983,Suntal Cycles; Diamond Back; Kuwahara; Yamaha,Suntal Cycles September complete-bike and component prices,Retailer advertisement / price list,v1.2 chronological census,EPH-0428,,HIGH,https://previouspage.co.uk/magazines/BMX%20Action%20Bike/issues/64-september-nineteen-eighty-three,Dated/period placement
CHR-0429,1983,1983,September 1983,UKBMX,UKBMX membership and insurance-extension application,Event registration coupon,v1.2 chronological census,EPH-0429,,HIGH,https://previouspage.co.uk/magazines/BMX%20Action%20Bike/issues/64-september-nineteen-eighty-three,Dated/period placement
CHR-0430,1983,1983,September 1983,Shimano; Middlemores,Shimano DX chromoly freewheel technical advertisement,Product literature,v1.2 chronological census,EPH-0430,,HIGH,https://previouspage.co.uk/magazines/BMX%20Action%20Bike/issues/64-september-nineteen-eighty-three,Dated/period placement
CHR-0431,1983,1983,September 1983,Cycling 2000; Hutch; Shimano; Skyway; ACS,Cycling 2000 September mail-order price list,Retailer advertisement / price list,v1.2 chronological census,EPH-0431,,HIGH,https://previouspage.co.uk/magazines/BMX%20Action%20Bike/issues/64-september-nineteen-eighty-three,Dated/period placement
CHR-0432,1983,1983,September 1983,Edinburgh BMX retailer; Kuwahara; Diamond Back; Mongoose,Edinburgh BMX shop September clearout and component prices,Retailer advertisement / price list,v1.2 chronological census,EPH-0432,,HIGH,https://previouspage.co.uk/magazines/BMX%20Action%20Bike/issues/64-september-nineteen-eighty-three,Dated/period placement
CHR-0433,1983,1983,September 1983,BMX Action Bike; UKBMX Publications,ABMX September Sales and Swaps marketplace,Dealer advertisement / price-list lead,v1.2 chronological census,EPH-0433,,HIGH,https://previouspage.co.uk/magazines/BMX%20Action%20Bike/issues/64-september-nineteen-eighty-three,Dated/period placement
CHR-0434,1983,1983,September 1983,Kuwahara; BMX Action Bike,Kuwahara Nova editorial test,Product-history object,v1.2 chronological census,EPH-0434,,HIGH,https://previouspage.co.uk/magazines/BMX%20Action%20Bike/issues/64-september-nineteen-eighty-three,Dated/period placement
CHR-0435,1983,1983,September 1983,Tracy McKinney; BMX Action Bike,Tracy McKinney Me & My Bike profile,Archive collection,v1.2 chronological census,EPH-0435,,HIGH,https://previouspage.co.uk/magazines/BMX%20Action%20Bike/issues/64-september-nineteen-eighty-three,Dated/period placement
CHR-0436,1983,1983,September 1983,BMX Action Bike; period manufacturers,September Trick Stuff product roundup,Product announcement / kit,v1.2 chronological census,EPH-0436,,HIGH,https://previouspage.co.uk/magazines/BMX%20Action%20Bike/issues/64-september-nineteen-eighty-three,Dated/period placement
CHR-0437,1983,1983,September 1983,BMX Action Bike; UKBMX Publications,BMX Action Bike September back-copy mailer,Catalog mailer,v1.2 chronological census,EPH-0437,,HIGH,https://previouspage.co.uk/magazines/BMX%20Action%20Bike/issues/64-september-nineteen-eighty-three,Dated/period placement
CHR-0438,1983,1983,September 1983,BMX Action Bike; UKBMX Publications,BMX Action Bike September binder offer,Catalog mailer,v1.2 chronological census,EPH-0438,,HIGH,https://previouspage.co.uk/magazines/BMX%20Action%20Bike/issues/64-september-nineteen-eighty-three,Dated/period placement
CHR-0439,1983,1983,September 1983,BMX Action Bike; UKBMX Publications,BMX Action Bike September subscription offer,Catalog mailer,v1.2 chronological census,EPH-0439,,HIGH,https://previouspage.co.uk/magazines/BMX%20Action%20Bike/issues/64-september-nineteen-eighty-three,Dated/period placement
CHR-0440,1983,1983,September 1983,King Sticker,King Sticker September packet offer,Information-pack mailer,v1.2 chronological census,EPH-0440,,HIGH,https://previouspage.co.uk/magazines/BMX%20Action%20Bike/issues/64-september-nineteen-eighty-three,Dated/period placement
CHR-0441,1983,1983,September 1983,SportsPlus,SportsPlus BMX track-design service campaign,Product literature,v1.2 chronological census,EPH-0441,,HIGH,https://previouspage.co.uk/magazines/BMX%20Action%20Bike/issues/64-september-nineteen-eighty-three,Dated/period placement
CHR-0442,1983,1983,September 1983,Skyway,Skyway coaster conversion-kit announcement,Product announcement / kit,v1.2 chronological census,EPH-0442,,HIGH,https://previouspage.co.uk/magazines/BMX%20Action%20Bike/issues/64-september-nineteen-eighty-three,Dated/period placement
CHR-0443,1983,1983,September 1983,Yes,Yes motorized-visor helmet announcement,Product announcement / kit,v1.2 chronological census,EPH-0443,,HIGH,https://previouspage.co.uk/magazines/BMX%20Action%20Bike/issues/64-september-nineteen-eighty-three,Dated/period placement
CHR-0444,1983,1983,September 1983,Hutch; Damion Myles,Hutch United Kingdom factory-team formation notice,Factory-team history,v1.2 chronological census,EPH-0444,,HIGH,https://previouspage.co.uk/magazines/BMX%20Action%20Bike/issues/64-september-nineteen-eighty-three,Dated/period placement
CHR-0445,1983,1983,September 1983,TI Reynolds; Raleigh,TI Reynolds experimental aero-tubing notice,Product announcement / kit,v1.2 chronological census,EPH-0445,,HIGH,https://previouspage.co.uk/magazines/BMX%20Action%20Bike/issues/64-september-nineteen-eighty-three,Dated/period placement
CHR-0446,1983,1983,September 1983,BMX Action Bike; local authorities and clubs,September United Kingdom BMX track-development roundup,Archive collection,v1.2 chronological census,EPH-0446,,HIGH,https://previouspage.co.uk/magazines/BMX%20Action%20Bike/issues/64-september-nineteen-eighty-three,Dated/period placement
CHR-0447,1983,1983,September 1983,BMX Action Bike,Stunting over-the-bars instructional feature,Product literature,v1.2 chronological census,EPH-0447,,HIGH,https://previouspage.co.uk/magazines/BMX%20Action%20Bike/issues/64-september-nineteen-eighty-three,Dated/period placement
CHR-0448,1983,1983,September 1983,Sid; BMX Action Bike,Sid’s Amazing Leap stunt documentation,Archive collection,v1.2 chronological census,EPH-0448,,HIGH,https://previouspage.co.uk/magazines/BMX%20Action%20Bike/issues/64-september-nineteen-eighty-three,Dated/period placement
CHR-033,1985,1985,1985,Mongoose,1985 Repco price list — Mongoose and parts,Distributor price list,v0.8,EPH-0042,,MEDIUM,https://www.bloggingadeadhorse.com/hotfoot2.php,Dated/period placement
CHR-034,1985,1985,Summer 1985,Redline,RL 20 II Prostyler first dedicated freestyle kit,Product announcement / kit,v0.8,EPH-0038,,MEDIUM-HIGH,https://www.redlinevintagebmx.com/the-rl-40-project,Dated/period placement
CHR-035,1987,1987,1987,Dia-Compe,1987 Dia-Compe 182 Aerial Brake Lever,Product literature,v0.5 inherited,EPH-0005,,MEDIUM,https://www.pinterest.com/pin/bmxmuseumcom-reference-1987-diacompe-182-aerial-brake-lever--731623901972849898/,Dated/period placement
CHR-040,1987,1987,1987,Dyno,DYNO Tour promotional stop listing,Tour promotion / route notice,v0.9,EPH-0058,,MEDIUM,https://previouspage.co.uk/magazines/BMX%20Plus/issues/244-july-nineteen-eighty-seven,Dated/period placement
CHR-042,1987,1987,1987-05-02,Local organizer; Rob Staiger contact,"Ramp Jam — Moorhead, Minnesota",Event notice / contact flyer,v0.9,EPH-0057,,MEDIUM-HIGH,https://previouspage.co.uk/magazines/BMX%20Plus/issues/243-may-nineteen-eighty-seven,Dated/period placement
CHR-036,1987,1987,1987-05-02 to 1987-05-03,AFA,AFA Expert & Pro Contest — Austin,Event entry / pre-registration advertisement,v0.9,EPH-0052,,HIGH,https://previouspage.co.uk/magazines/BMX%20Plus/issues/244-july-nineteen-eighty-seven,Dated/period placement
CHR-041,1987,1987,August 1987,GT; Dyno; Haro; Auburn,Dynamic BMX complete-bike price advertisement,Retailer advertisement / price list,v0.6,EPH-0020,,MEDIUM-HIGH for clear rows,https://previouspage.co.uk/issues/245-august-nineteen-eighty-seven,Dated/period placement
CHR-037,1987,1987,Deadline 1987-09-28; drawing 1987-10-05,GT; BMX Plus!,BMX Plus! / GT Hide-A-Contest,Contest entry form,v0.9,EPH-0053,DUP-GT-HIDE-CONTEST,HIGH for dates,https://previouspage.co.uk/issues/245-august-nineteen-eighty-seven,Dated/period placement
CHR-038,1987,1987,Deadline 1987-09-28; drawing 1987-10-05,GT; BMX Plus!,BMX Plus! / GT Hide-A-Contest entry form,Contest entry form / promotion,v0.6,EPH-0022,DUP-GT-HIDE-CONTEST,HIGH for dates,https://previouspage.co.uk/issues/245-august-nineteen-eighty-seven,Dated/period placement
CHR-039,1987,1987,July 1987,GT; Dyno; Skyway; Haro,Complete-bike mail-order price advertisement,Retailer advertisement / price list,v0.6,EPH-0021,,MEDIUM-HIGH for clear rows,https://previouspage.co.uk/magazines/BMX%20Plus/issues/244-july-nineteen-eighty-seven,Dated/period placement
CHR-043,1990,1990,1990,Haro,1990 Haro BMX Catalog,Catalog,v0.5 inherited,EPH-0004,DUP-HARO-1990-CAT,LOW-MEDIUM,https://storage.googleapis.com/dioyjtkukhpqse/haro-bmx-catalog.html,Dated/period placement
CHR-044,1990,1990,1990,Haro,1990 Haro BMX Catalog,Catalog,v0.7,EPH-0023,DUP-HARO-1990-CAT,HIGH for existence,https://archive.harobikes.com/bmx,Dated/period placement
CHR-045,1990,1990,1990,Haro,1990 Haro Group 1A,Catalog model page,v0.7,EPH-0024,,MEDIUM-HIGH,https://www.bmx-catalogue.com/haro/mid-school/1990/group-1a.html,Dated/period placement
CHR-046,1990,1990,1990,Haro,1990 Haro Group 1B,Catalog model page,v0.7,EPH-0025,,MEDIUM,https://www.bmx-catalogue.com/haro/mid-school/1990/group-1b.html,Dated/period placement
CHR-047,1990,1990,1990,Haro,1990 Haro Group 1C,Catalog model page,v0.7,EPH-0026,,MEDIUM-HIGH,https://www.bmx-catalogue.com/haro/mid-school/1990/group-1c.html,Dated/period placement
CHR-048,1990,1990,1990,Haro,1990 Haro Invert,Catalog model page,v0.7,EPH-0028,,MEDIUM-HIGH,https://www.bmx-catalogue.com/haro/mid-school/1990/invert.html,Dated/period placement
CHR-049,1990,1990,1990,Haro,1990 Haro Master / Team Master,Catalog model page,v0.7,EPH-0027,,MEDIUM-HIGH,https://www.bmx-catalogue.com/haro/mid-school/1990/master.html,Dated/period placement
CHR-050,1990,1990,1990,Haro,1990 Haro Shredder,Catalog model list,v0.7,EPH-0029,,MEDIUM,https://www.bmx-catalogue.com/advanced-search.html,Dated/period placement
CHR-051,1991,1991,1991 catalog; ad in Nov 1991,Haro; Fusion,1991 Haro/Fusion catalog offer,Catalog mailer / advertisement,v0.7,EPH-0030,DUP-HARO-1991-MAILER,HIGH for offer,https://www.previouspage.co.uk/issues/131-november-nineteen-ninety-one,Dated/period placement
CHR-052,1991,1991,Advertisement in Nov 1991,Haro; Fusion; West Coast Cycle,1991 Haro/Fusion catalog request,Catalog mailer,v0.9,EPH-0055,DUP-HARO-1991-MAILER,HIGH,https://www.previouspage.co.uk/issues/131-november-nineteen-ninety-one,Dated/period placement
CHR-053,1992,1992,1992,GT; Dyno,1992 GT/Dyno Product Catalog,Catalog,v0.5 inherited,EPH-0002,DUP-GTD-1992,MEDIUM,https://in.pinterest.com/pin/1011550766308215575/,Dated/period placement
CHR-054,1992,1992,1992,GT; Dyno,1992 GT/Dyno Product Catalog,Catalog,v0.6,EPH-0017,DUP-GTD-1992,MEDIUM,https://in.pinterest.com/pin/1011550766308215575/,Dated/period placement
CHR-055,1996,1996,1996,GT; Dyno,1996 GT/Dyno — The BMX & Freestyle Catalog,Catalog,v0.5 inherited,EPH-0001,DUP-GTD-1996,MEDIUM,https://www.pinterest.com/pin/bmxmuseumcom-reference-1996-gtdyno-the-bmx-freestyle-catalog--491877590560035755/,Dated/period placement
CHR-056,1996,1996,1996,GT; Dyno,1996 GT/Dyno — The BMX & Freestyle Catalog,Catalog,v0.6,EPH-0018,DUP-GTD-1996,MEDIUM,https://www.pinterest.com/pin/bmxmuseumcom-reference-1996-gtdyno-the-bmx-freestyle-catalog--491877590560035755/,Dated/period placement
CHR-057,1997,1997,1997,Hoffman Bikes,1997 Hoffman catalog — George model specification,Catalog,v0.5 inherited,EPH-0007,,HIGH for reference existence; MEDIUM for interpreted model data,https://bmxmuseum.com/reference/1911,Dated/period placement
CHR-058,1999,1999,1999,GT; Dyno,1999 GT/Dyno BMX/Freestyle — Part 2,Catalog,v0.5 inherited,EPH-0003,DUP-GTD-1999-P2,LOW-MEDIUM,https://www.pinterest.com/pin/bmxmuseumcom-reference-1999-gtdyno-bmxfreestyle-part-2-in-2025--798192733998105769/,Dated/period placement
CHR-059,1999,1999,1999,GT; Dyno,1999 GT/Dyno BMX/Freestyle — Part 2,Catalog,v0.6,EPH-0019,DUP-GTD-1999-P2,LOW-MEDIUM,https://www.pinterest.com/pin/bmxmuseumcom-reference-1999-gtdyno-bmxfreestyle-part-2-in-2025--798192733998105769/,Dated/period placement
CHR-060,2026,2026,Undated vintage document; public post 2026,JMC Racing; Azusa collection,Vintage JMC Racing Equipment dealer's price list from Azusa collection,Dealer price list,v0.5 inherited,EPH-0012,,LOW-MEDIUM,https://www.facebook.com/groups/553888658024748/posts/27080185384968381/,Dated/period placement
CHR-061,,,Undated,JMC Racing,JMC Racing Fliers and Price List,Combined flyer / price-list set,v0.5 inherited,EPH-0011,,MEDIUM,https://www.pinterest.com/pin/jmc-bmx-fliers-and-price-list--442478732119429034/,Year is provisional
