Claim ID,Item Type,Item ID,Item Label,Item URL,Item Status,Item Note
PKR-CLM-001,Source record,EPH-0001,1996 GT/Dyno — The BMX & Freestyle Catalog,https://article134-tech.github.io/lititzbmx-public-knowledge-register/records/EPH-0001/,Lead — locate exact reference ID and edition/page count.,Public indexing exposes the title and BMXMuseum provenance but not a reliable reference ID or complete page set.
PKR-CLM-001,Source record,EPH-0002,1992 GT/Dyno Product Catalog,https://article134-tech.github.io/lititzbmx-public-knowledge-register/records/EPH-0002/,Lead — locate exact reference and compare with independent catalog archives.,Title is publicly indexed; exact reference ID and completeness remain unresolved.
PKR-CLM-001,Source record,EPH-0003,1999 GT/Dyno BMX/Freestyle — Part 2,https://article134-tech.github.io/lititzbmx-public-knowledge-register/records/EPH-0003/,"Lead — locate part 1, exact reference IDs and page ranges.",Only the indexed title is presently recoverable.
PKR-CLM-001,Source record,EPH-0004,1990 Haro BMX Catalog,https://article134-tech.github.io/lititzbmx-public-knowledge-register/records/EPH-0004/,Verified catalog existence — recover exact BMXMuseum ID and compare editions/pages.,Haro's official BMX archive independently lists a 1990 PDF catalog. The BMXMuseum reference ID and document completeness remain unresolved.
PKR-CLM-001,Source record,EPH-0005,1987 Dia-Compe 182 Aerial Brake Lever,https://article134-tech.github.io/lititzbmx-public-knowledge-register/records/EPH-0005/,"Lead — identify publication, page and exact BMXMuseum reference.","Indexed title only; the object may be a catalog page, advertisement or product reference."
PKR-CLM-001,Source record,EPH-0006,Ashtabula component catalog,https://article134-tech.github.io/lititzbmx-public-knowledge-register/records/EPH-0006/,Exact reference recovered — inspect edition/page structure only through permitted access.,Two independent technical discussions cite the exact BMXMuseum reference 5027 and describe catalog fork data. The edition date remains approximate.
PKR-CLM-001,Source record,EPH-0007,1997 Hoffman catalog — George model specification,https://article134-tech.github.io/lititzbmx-public-knowledge-register/records/EPH-0007/,Open — record exact page and compare with other Hoffman catalogs.,An external forum cites the exact BMXMuseum reference for the Hoffman George. The full catalog title and edition need confirmation.
PKR-CLM-001,Source record,EPH-0008,Tioga Rhino III frame advertisement,https://article134-tech.github.io/lititzbmx-public-knowledge-register/records/EPH-0008/,"Lead — recover exact thread, magazine issue and page.",An external old-school BMX advertisement blog links to an unresolved BMXMuseum forum discussion. The original ad and publication must be identified.
PKR-CLM-001,Source record,EPH-0009,First Torker advertisement in BMX Weekly,https://article134-tech.github.io/lititzbmx-public-knowledge-register/records/EPH-0009/,Priority — locate the period issue and ad image lawfully.,Current official Torker history states the first ad date; the actual BMXMuseum object and magazine page remain to be located.
PKR-CLM-001,Source record,EPH-0010,First Red Line magazine advertisement featuring John Palfreyman,https://article134-tech.github.io/lititzbmx-public-knowledge-register/records/EPH-0010/,"Priority — identify magazine, issue, page and product shown.",USA BMX officially states Palfreyman appeared in the first Red Line magazine ad; exact publication/date/page still need recovery.
PKR-CLM-001,Source record,EPH-0011,JMC Racing Fliers and Price List,https://article134-tech.github.io/lititzbmx-public-knowledge-register/records/EPH-0011/,"Priority — locate exact reference ID, count pages and transcribe only clearly labeled factual price fields.","A public index explicitly identifies a BMXMuseum JMC flyer-and-price-list set. Exact reference ID, date, page count and individual prices are not exposed."
PKR-CLM-001,Source record,EPH-0012,Vintage JMC Racing Equipment dealer's price list from Azusa collection,https://article134-tech.github.io/lititzbmx-public-knowledge-register/records/EPH-0012/,Corroboration lead — do not merge with BMXMuseum set until directly compared.,"The public result exposes the document description but not a reliable issue date, complete contents or readable line-item prices."
PKR-CLM-001,Source record,EPH-0013,July 1979 JMC advertisement,https://article134-tech.github.io/lititzbmx-public-knowledge-register/records/EPH-0013/,Included — index metadata; do not reproduce image or extended copy.,JMC's historical archive identifies the source as the July 1979 Bicycle Motocross Action issue and says the advertisement appeared over many months. Page and full copy are not transcribed.
PKR-CLM-001,Source record,EPH-0014,April 1981 JMC advertisement,https://article134-tech.github.io/lititzbmx-public-knowledge-register/records/EPH-0014/,Included — preserve claim-level evidence and recover page/issue details.,"The JMC archive identifies Super BMX as the publication and summarizes several claims. Exact page, repeated issues and full advertisement copy remain unresolved."
PKR-CLM-001,Source record,EPH-0015,1981 JMC Factory Team advertisement,https://article134-tech.github.io/lititzbmx-public-knowledge-register/records/EPH-0015/,Included — identify publication/issue and riders shown before detailed extraction.,"The first-party archive confirms the object title and year. Publication, month, issue and complete rider identifications remain unresolved."
PKR-CLM-001,Source record,EPH-0016,JMC 3.1 XL naming-contest announcement,https://article134-tech.github.io/lititzbmx-public-knowledge-register/records/EPH-0016/,Lead — locate the ABA paper issue and announcement; do not imply an exact scan has been found.,JMC's first-party history states the contest ran with Bicycle Harbor of Arizona in the ABA paper and that Matt Raymer supplied the winning name. The announcement itself is not yet located.
PKR-CLM-001,Source record,EPH-0017,1992 GT/Dyno Product Catalog,https://article134-tech.github.io/lititzbmx-public-knowledge-register/records/EPH-0017/,"OPEN — exact reference, full pagination and price labels","Two indexed pages expose $259 and $319, but exact page numbers, currency and price basis are not established."
PKR-CLM-001,Source record,EPH-0018,1996 GT/Dyno — The BMX & Freestyle Catalog,https://article134-tech.github.io/lititzbmx-public-knowledge-register/records/EPH-0018/,OPEN — recover exact reference and compare page count,"A public resale listing describes a 22-page 1996 catalog, but this does not resolve the BMXMuseum ID or prove completeness."
PKR-CLM-001,Source record,EPH-0019,1999 GT/Dyno BMX/Freestyle — Part 2,https://article134-tech.github.io/lititzbmx-public-knowledge-register/records/EPH-0019/,OPEN — locate Part 1 and canonical links,"Only Part 2 is publicly indexed in this pass; Part 1, page range and exact BMXMuseum ID remain open."
PKR-CLM-001,Source record,EPH-0020,Dynamic BMX complete-bike price advertisement,https://article134-tech.github.io/lititzbmx-public-knowledge-register/records/EPH-0020/,INCLUDED — clear prices only,"OCR is uneven. Only clearly legible model/price pairs are preserved; prices are retailer advertisements, not manufacturer MSRP."
PKR-CLM-001,Source record,EPH-0021,Complete-bike mail-order price advertisement,https://article134-tech.github.io/lititzbmx-public-knowledge-register/records/EPH-0021/,INCLUDED — clear prices only,OCR is uneven; the four GT rows retained here are clear enough for a price observation but remain retailer prices.
PKR-CLM-001,Source record,EPH-0022,BMX Plus! / GT Hide-A-Contest entry form,https://article134-tech.github.io/lititzbmx-public-knowledge-register/records/EPH-0022/,INCLUDED — bibliographic facts; prize details open,The indexed page exposes deadline and drawing dates; prize/object details require page-image inspection.
PKR-CLM-001,Source record,EPH-0023,1990 Haro BMX Catalog,https://article134-tech.github.io/lititzbmx-public-knowledge-register/records/EPH-0023/,OPEN — recover BMXMuseum ID and compare file pagination,Official archive confirms the catalog year but does not expose the unresolved BMXMuseum canonical ID in this pass.
PKR-CLM-001,Source record,EPH-0024,1990 Haro Group 1A,https://article134-tech.github.io/lititzbmx-public-knowledge-register/records/EPH-0024/,INCLUDED WITH ATTRIBUTION,BMX-Catalogue presents recreated catalog content; treat as corroboration until checked against Haro's PDF.
PKR-CLM-001,Source record,EPH-0025,1990 Haro Group 1B,https://article134-tech.github.io/lititzbmx-public-knowledge-register/records/EPH-0025/,INCLUDED WITH ATTRIBUTION,Public reconstruction is useful for discovery; original Haro page comparison remains required.
PKR-CLM-001,Source record,EPH-0026,1990 Haro Group 1C,https://article134-tech.github.io/lititzbmx-public-knowledge-register/records/EPH-0026/,INCLUDED WITH ATTRIBUTION,"The 1990 overview explicitly names Group 1A, 1B and 1C; full page detail awaits direct comparison."
PKR-CLM-001,Source record,EPH-0027,1990 Haro Master / Team Master,https://article134-tech.github.io/lititzbmx-public-knowledge-register/records/EPH-0027/,INCLUDED WITH ATTRIBUTION,Claims come from a recreated catalog page; verify wording and availability against the official PDF.
PKR-CLM-001,Source record,EPH-0028,1990 Haro Invert,https://article134-tech.github.io/lititzbmx-public-knowledge-register/records/EPH-0028/,INCLUDED WITH ATTRIBUTION,Reconstruction should be compared against official scan before exact-copy or specification claims are elevated.
PKR-CLM-001,Source record,EPH-0029,1990 Haro Shredder,https://article134-tech.github.io/lititzbmx-public-knowledge-register/records/EPH-0029/,OPEN — locate original catalog page,"The advanced registry lists the model, but a dedicated catalog page was not recovered in this pass."
PKR-CLM-001,Source record,EPH-0030,1991 Haro/Fusion catalog offer,https://article134-tech.github.io/lititzbmx-public-knowledge-register/records/EPH-0030/,INCLUDED — mailer object,"Period publication exposes the offer; retain as promotional ephemera, not as the catalog itself."
PKR-CLM-001,Source record,EPH-0031,Ashtabula component catalog,https://article134-tech.github.io/lititzbmx-public-knowledge-register/records/EPH-0031/,EXACT ID RECOVERED,Two technical discussions independently cite reference 5027; the edition date remains approximate.
PKR-CLM-001,Source record,EPH-0032,Ashtabula crank length range,https://article134-tech.github.io/lititzbmx-public-knowledge-register/records/EPH-0032/,INCLUDED WITH ATTRIBUTION,"This is an externally interpreted catalog fact, not direct page transcription in this research route."
PKR-CLM-001,Source record,EPH-0033,Ashtabula fork sizing and 6-3/4-inch steerer discussion,https://article134-tech.github.io/lititzbmx-public-knowledge-register/records/EPH-0033/,INCLUDED WITH ATTRIBUTION,Technical interpretation depends on the cited discussion; retain attribution and do not generalize beyond the described page.
PKR-CLM-001,Source record,EPH-0034,Mongoose 1979/80 catalog — Ashtabula one-piece cranks,https://article134-tech.github.io/lititzbmx-public-knowledge-register/records/EPH-0034/,INCLUDED — visual page inspected,"Page image was inspected in this research sequence. It corroborates product presence, not the edition/date of reference 5027."
PKR-CLM-001,Source record,EPH-0035,Mongoose 1976–77 accessories — Ashtabula/Cecor pedals,https://article134-tech.github.io/lititzbmx-public-knowledge-register/records/EPH-0035/,INCLUDED — visual page inspected,Page image was inspected; exact OEM/branding relationship requires separate corporate verification.
PKR-CLM-001,Source record,EPH-0036,1978 Redline product catalog,https://article134-tech.github.io/lititzbmx-public-knowledge-register/records/EPH-0036/,INCLUDED WITH ATTRIBUTION,Current historical archive summarizes the catalog; original page structure and BMXMuseum ID remain open.
PKR-CLM-001,Source record,EPH-0037,First Red Line magazine advertisement featuring John Palfreyman,https://article134-tech.github.io/lititzbmx-public-knowledge-register/records/EPH-0037/,OPEN — exact issue/page,"USA BMX supports the rider/ad relationship; publication, issue, page and product still require recovery."
PKR-CLM-001,Source record,EPH-0038,RL 20 II Prostyler first dedicated freestyle kit,https://article134-tech.github.io/lititzbmx-public-knowledge-register/records/EPH-0038/,INCLUDED WITH ATTRIBUTION,Modern historical page summarizes the launch; period advertisement/catalog page remains to be located.
PKR-CLM-001,Source record,EPH-0039,Vintage Mongoose catalog and dealer-price archive,https://article134-tech.github.io/lititzbmx-public-knowledge-register/records/EPH-0039/,INCLUDED — discovery hub,Archive stewardship does not automatically grant republication rights for each scan.
PKR-CLM-001,Source record,EPH-0040,1976–77 Bicycle and Components Catalog,https://article134-tech.github.io/lititzbmx-public-knowledge-register/records/EPH-0040/,INCLUDED — page inspected,Page images may be inspected for facts; the scan is not embedded or republished.
PKR-CLM-001,Source record,EPH-0041,1979/80 Bicycle and Components Catalog,https://article134-tech.github.io/lititzbmx-public-knowledge-register/records/EPH-0041/,INCLUDED — page inspected,Catalog date is printed on cover; page-specific claims remain tied to inspected pages.
PKR-CLM-001,Source record,EPH-0042,1985 Repco price list — Mongoose and parts,https://article134-tech.github.io/lititzbmx-public-knowledge-register/records/EPH-0042/,INCLUDED WITH CURRENCY CAUTION,Public summary exposes selected prices; currency is likely AUD from Australian context but should be verified from the scan.
PKR-CLM-001,Source record,EPH-0043,PK Ripper late-1970s debut,https://article134-tech.github.io/lititzbmx-public-knowledge-register/records/EPH-0043/,INCLUDED WITH ATTRIBUTION,"Current marketing history supports a broad debut claim, not an exact first advertisement or catalog page."
PKR-CLM-001,Source record,EPH-0044,Perry Kramer initials on PK Ripper,https://article134-tech.github.io/lititzbmx-public-knowledge-register/records/EPH-0044/,INCLUDED — relationship evidence,First-person statement supports the relationship; catalog/advertisement evidence remains separate.
PKR-CLM-001,Source record,EPH-0045,Silver Streak team advertisement and product naming,https://article134-tech.github.io/lititzbmx-public-knowledge-register/records/EPH-0045/,INCLUDED — campaign object,Repeated issues support campaign continuity; exact original US placement and complete copy are not reproduced.
PKR-CLM-001,Source record,EPH-0046,Free Diamond Back and Pro Star info pack and decal,https://article134-tech.github.io/lititzbmx-public-knowledge-register/records/EPH-0046/,INCLUDED — mailer/flyer lead,The offer is visible in multiple issues; contents of the pack are not recovered in this pass.
PKR-CLM-001,Source record,EPH-0047,First Torker advertisement in BMX Weekly,https://article134-tech.github.io/lititzbmx-public-knowledge-register/records/EPH-0047/,OPEN — period issue/page,Official Torker history supplies the date; period issue/page and exact image remain to be recovered.
PKR-CLM-001,Source record,EPH-0048,Fullerton-era Torker model archive,https://article134-tech.github.io/lititzbmx-public-knowledge-register/records/EPH-0048/,INCLUDED — discovery and verification hub,Modern official synthesis draws from BMXMuseum and period magazines; each underlying claim should retain source attribution.
PKR-CLM-001,Source record,EPH-0049,1979 National Number One team / 1980 world-pro chronology,https://article134-tech.github.io/lititzbmx-public-knowledge-register/records/EPH-0049/,INCLUDED WITH ATTRIBUTION,Modern historical synthesis should be cross-checked against period result and team-ad objects.
PKR-CLM-001,Source record,EPH-0050,Pontin's BMX Open Championships & Trade Exhibition,https://article134-tech.github.io/lititzbmx-public-knowledge-register/records/EPH-0050/,INCLUDED — exact dates/venue,People: Mike Pardon; Andy Preston (freestyle demos referenced in surrounding promotion); Venue: Pontin's Middleton Tower Holiday Centre; Offer: Booking and trade forms offered; race weekend over three dates
PKR-CLM-001,Source record,EPH-0051,Lee Cooper BMX Indoor Grand Prix pre-registration,https://article134-tech.github.io/lititzbmx-public-knowledge-register/records/EPH-0051/,INCLUDED — exact dates pending,People: Rider roster not fully extracted; Venue: Pickett's Lock Centre; Offer: Coupon requested latest information and pre-registration forms
PKR-CLM-001,Source record,EPH-0052,AFA Expert & Pro Contest — Austin,https://article134-tech.github.io/lititzbmx-public-knowledge-register/records/EPH-0052/,INCLUDED,People: Dennis McCoy; Robert Peterson; Rick Allison; other pros; Venue: Austin City Coliseum; Offer: Pre-registration only; expert and pro classes
PKR-CLM-001,Source record,EPH-0053,BMX Plus! / GT Hide-A-Contest,https://article134-tech.github.io/lititzbmx-public-knowledge-register/records/EPH-0053/,INCLUDED — prize details open,People: Not applicable; Venue: Mail-in entry; Offer: No purchase necessary; mail-in form with published deadline and drawing date
PKR-CLM-001,Source record,EPH-0054,Diamond Back and Pro Star Info Pack & Decal,https://article134-tech.github.io/lititzbmx-public-knowledge-register/records/EPH-0054/,INCLUDED — contents unresolved,People: Diamond Back factory team / Harry Leary context in campaign copy; Venue: Direct-to-factory mail request; Offer: Free info pack and decal offered
PKR-CLM-001,Source record,EPH-0055,1991 Haro/Fusion catalog request,https://article134-tech.github.io/lititzbmx-public-knowledge-register/records/EPH-0055/,INCLUDED,People: Not applicable; Venue: Mail request; Offer: Send $2 for a 1991 catalog
PKR-CLM-001,Source record,EPH-0056,Send SAE for price list and free sticker,https://article134-tech.github.io/lititzbmx-public-knowledge-register/records/EPH-0056/,INCLUDED WITH LIMITS,People: Not applicable; Venue: Mail-order dealer advertisement; Offer: Self-addressed envelope for price list and free sticker
PKR-CLM-001,Source record,EPH-0057,"Ramp Jam — Moorhead, Minnesota",https://article134-tech.github.io/lititzbmx-public-knowledge-register/records/EPH-0057/,INCLUDED — venue open,People: Ramp riders; Venue: Venue not exposed in indexed text; Offer: Contact Rob Staiger for information
PKR-CLM-001,Source record,EPH-0058,DYNO Tour promotional stop listing,https://article134-tech.github.io/lititzbmx-public-knowledge-register/records/EPH-0058/,INCLUDED — stops pending,People: Tour riders not fully extracted; Venue: Multiple stops; exact venues not itemized; Offer: Publicity listing of stops and route context
PKR-CLM-001,Source record,EPH-0059,Diamond Back Silver Streak free draw at Lee Cooper event,https://article134-tech.github.io/lititzbmx-public-knowledge-register/records/EPH-0059/,INCLUDED,People: Event attendees; Venue: Lee Cooper BMX Indoor Grand Prix context; Offer: Free draw each day for riders attending
PKR-CLM-001,Source record,EPH-0060,Langsett Cycles BMX product advertisement,https://article134-tech.github.io/lititzbmx-public-knowledge-register/records/EPH-0060/,INCLUDED — deeper transcription deferred,People: Not applicable; Venue: Langsett Cycles; Offer: Retail prices and carriage terms; broad product inventory
PKR-CLM-001,Source record,EPH-0061,SR Cycles product and team promotion,https://article134-tech.github.io/lititzbmx-public-knowledge-register/records/EPH-0061/,INCLUDED,People: SR Jets; Venue: SR Cycles; Offer: Free SR Jets race shirt with each bike bought through end of October; money-order hold offer
PKR-CLM-001,Source record,EPH-0062,Midlands Cycles BMX mail-order special offers,https://article134-tech.github.io/lititzbmx-public-knowledge-register/records/EPH-0062/,INCLUDED — indexed issue text; verify page image before exact-layout quotation.,"PreviousPage exposes indexed text for BMX Action Bike, April/May 1982, Volume 2 Number 1. This record preserves the source occurrence and paraphrased factual details; visual layout and OCR alignment should be checked against the page image before exact quotation."
PKR-CLM-001,Source record,EPH-0063,Serval Marketing BMX product list and recommended-prices offer,https://article134-tech.github.io/lititzbmx-public-knowledge-register/records/EPH-0063/,INCLUDED — indexed issue text; verify page image before exact-layout quotation.,"PreviousPage exposes indexed text for BMX Action Bike, April/May 1982, Volume 2 Number 1. This record preserves the source occurrence and paraphrased factual details; visual layout and OCR alignment should be checked against the page image before exact quotation."
PKR-CLM-001,Source record,EPH-0064,Strongs Cycles Kuwahara and Red Line frame/component advertisement,https://article134-tech.github.io/lititzbmx-public-knowledge-register/records/EPH-0064/,INCLUDED — indexed issue text; verify page image before exact-layout quotation.,"PreviousPage exposes indexed text for BMX Action Bike, April/May 1982, Volume 2 Number 1. This record preserves the source occurrence and paraphrased factual details; visual layout and OCR alignment should be checked against the page image before exact quotation."
PKR-CLM-001,Source record,EPH-0065,Gecko BMX product range and free Redline/Kuwahara patch offer,https://article134-tech.github.io/lititzbmx-public-knowledge-register/records/EPH-0065/,INCLUDED — indexed issue text; verify page image before exact-layout quotation.,"PreviousPage exposes indexed text for BMX Action Bike, April/May 1982, Volume 2 Number 1. This record preserves the source occurrence and paraphrased factual details; visual layout and OCR alignment should be checked against the page image before exact quotation."
PKR-CLM-001,Source record,EPH-0066,Hotshot BMX complete-bike special and free price-list/sticker offer,https://article134-tech.github.io/lititzbmx-public-knowledge-register/records/EPH-0066/,INCLUDED — indexed issue text; verify page image before exact-layout quotation.,"PreviousPage exposes indexed text for BMX Action Bike, April/May 1982, Volume 2 Number 1. This record preserves the source occurrence and paraphrased factual details; visual layout and OCR alignment should be checked against the page image before exact quotation."
PKR-CLM-001,Source record,EPH-0067,BMX Action Bike London Dungeon caption competition,https://article134-tech.github.io/lititzbmx-public-knowledge-register/records/EPH-0067/,INCLUDED — indexed issue text; verify page image before exact-layout quotation.,"PreviousPage exposes indexed text for BMX Action Bike, April/May 1982, Volume 2 Number 1. This record preserves the source occurrence and paraphrased factual details; visual layout and OCR alignment should be checked against the page image before exact quotation."
PKR-CLM-001,Source record,EPH-0068,BMX Action Bike GT Pro 4 bicycle giveaway,https://article134-tech.github.io/lititzbmx-public-knowledge-register/records/EPH-0068/,INCLUDED — indexed issue text; verify page image before exact-layout quotation.,"PreviousPage exposes indexed text for BMX Action Bike, April/May 1982, Volume 2 Number 1. This record preserves the source occurrence and paraphrased factual details; visual layout and OCR alignment should be checked against the page image before exact quotation."
PKR-CLM-001,Source record,EPH-0069,Kenda Karate free sticker mailer,https://article134-tech.github.io/lititzbmx-public-knowledge-register/records/EPH-0069/,INCLUDED — indexed issue text; verify page image before exact-layout quotation.,"PreviousPage exposes indexed text for BMX Action Bike, April/May 1982, Volume 2 Number 1. This record preserves the source occurrence and paraphrased factual details; visual layout and OCR alignment should be checked against the page image before exact quotation."
PKR-CLM-001,Source record,EPH-0070,BMX Action Bike track and club list mailer,https://article134-tech.github.io/lititzbmx-public-knowledge-register/records/EPH-0070/,INCLUDED — indexed issue text; verify page image before exact-layout quotation.,"PreviousPage exposes indexed text for BMX Action Bike, April/May 1982, Volume 2 Number 1. This record preserves the source occurrence and paraphrased factual details; visual layout and OCR alignment should be checked against the page image before exact quotation."
PKR-CLM-001,Source record,EPH-0071,SJK Hurricane complete bike and frame-kit advertisement,https://article134-tech.github.io/lititzbmx-public-knowledge-register/records/EPH-0071/,INCLUDED — indexed issue text; verify page image before exact-layout quotation.,"PreviousPage exposes indexed text for BMX Action Bike, April/May 1982, Volume 2 Number 1. This record preserves the source occurrence and paraphrased factual details; visual layout and OCR alignment should be checked against the page image before exact quotation."
PKR-CLM-001,Source record,EPH-0072,CAMM Power Stem dealer advertisement,https://article134-tech.github.io/lititzbmx-public-knowledge-register/records/EPH-0072/,INCLUDED — indexed issue text; verify page image before exact-layout quotation.,"PreviousPage exposes indexed text for BMX Action Bike, April/May 1982, Volume 2 Number 1. This record preserves the source occurrence and paraphrased factual details; visual layout and OCR alignment should be checked against the page image before exact quotation."
PKR-CLM-001,Source record,EPH-0073,Diamond Back Silver Streak test report and projected retail price,https://article134-tech.github.io/lititzbmx-public-knowledge-register/records/EPH-0073/,INCLUDED — indexed issue text; verify page image before exact-layout quotation.,"PreviousPage exposes indexed text for BMX Action Bike, April/May 1982, Volume 2 Number 1. This record preserves the source occurrence and paraphrased factual details; visual layout and OCR alignment should be checked against the page image before exact quotation."
PKR-CLM-001,Source record,EPH-0074,UKBMX membership and racing-licence application form,https://article134-tech.github.io/lititzbmx-public-knowledge-register/records/EPH-0074/,INCLUDED — indexed issue text; verify page image before exact-layout quotation.,"PreviousPage exposes indexed text for BMX Action Bike, April/May 1982, Volume 2 Number 1. This record preserves the source occurrence and paraphrased factual details; visual layout and OCR alignment should be checked against the page image before exact quotation."
PKR-CLM-001,Source record,EPH-0075,BMX Action Bike back-issue mailer,https://article134-tech.github.io/lititzbmx-public-knowledge-register/records/EPH-0075/,INCLUDED — indexed issue text; verify page image before exact-layout quotation.,"PreviousPage exposes indexed text for BMX Action Bike, April/May 1982, Volume 2 Number 1. This record preserves the source occurrence and paraphrased factual details; visual layout and OCR alignment should be checked against the page image before exact quotation."
PKR-CLM-001,Source record,EPH-0076,Stronglite prototype frame and fork announcement,https://article134-tech.github.io/lititzbmx-public-knowledge-register/records/EPH-0076/,INCLUDED — indexed issue text; verify page image before exact-layout quotation.,"PreviousPage exposes indexed text for BMX Action Bike, April/May 1982, Volume 2 Number 1. This record preserves the source occurrence and paraphrased factual details; visual layout and OCR alignment should be checked against the page image before exact quotation."
PKR-CLM-001,Source record,EPH-0077,Prolite racing helmet retailer offer,https://article134-tech.github.io/lititzbmx-public-knowledge-register/records/EPH-0077/,INCLUDED — indexed issue text; verify page image before exact-layout quotation.,"PreviousPage exposes indexed text for BMX Action Bike, April/May 1982, Volume 2 Number 1. This record preserves the source occurrence and paraphrased factual details; visual layout and OCR alignment should be checked against the page image before exact quotation."
PKR-CLM-001,Source record,EPH-0078,Pacer racing gloves retailer offer,https://article134-tech.github.io/lititzbmx-public-knowledge-register/records/EPH-0078/,INCLUDED — indexed issue text; verify page image before exact-layout quotation.,"PreviousPage exposes indexed text for BMX Action Bike, April/May 1982, Volume 2 Number 1. This record preserves the source occurrence and paraphrased factual details; visual layout and OCR alignment should be checked against the page image before exact quotation."
PKR-CLM-001,Source record,EPH-0079,BMX Action Bike assorted sticker packet offer,https://article134-tech.github.io/lititzbmx-public-knowledge-register/records/EPH-0079/,INCLUDED — indexed issue text; verify page image before exact-layout quotation.,"PreviousPage exposes indexed text for BMX Action Bike, April/May 1982, Volume 2 Number 1. This record preserves the source occurrence and paraphrased factual details; visual layout and OCR alignment should be checked against the page image before exact quotation."
PKR-CLM-001,Source record,EPH-0080,MX 1000 brake-pair and BMX catalogue offer,https://article134-tech.github.io/lititzbmx-public-knowledge-register/records/EPH-0080/,INCLUDED — indexed issue text; verify page image before exact-layout quotation.,"PreviousPage exposes indexed text for BMX Action Bike, April/May 1982, Volume 2 Number 1. This record preserves the source occurrence and paraphrased factual details; visual layout and OCR alignment should be checked against the page image before exact quotation."
PKR-CLM-001,Source record,EPH-0081,Stadium Cycles Atomic Star range advertisement,https://article134-tech.github.io/lititzbmx-public-knowledge-register/records/EPH-0081/,INCLUDED — indexed issue text; visual comparison pending.,PreviousPage exposes indexed text for BMX Action Bike — June/July 1982 — Volume 2 Number 2. This record preserves an issue-specific source occurrence and paraphrased factual details. Page-image comparison remains required before exact-layout quotation or visual identity merging.
PKR-CLM-001,Source record,EPH-0082,Ron Kitching BMX component-distributor brand list,https://article134-tech.github.io/lititzbmx-public-knowledge-register/records/EPH-0082/,INCLUDED — indexed issue text; visual comparison pending.,PreviousPage exposes indexed text for BMX Action Bike — June/July 1982 — Volume 2 Number 2. This record preserves an issue-specific source occurrence and paraphrased factual details. Page-image comparison remains required before exact-layout quotation or visual identity merging.
PKR-CLM-001,Source record,EPH-0083,Raleigh Raceline event-listing service,https://article134-tech.github.io/lititzbmx-public-knowledge-register/records/EPH-0083/,INCLUDED — indexed issue text; visual comparison pending.,PreviousPage exposes indexed text for BMX Action Bike — June/July 1982 — Volume 2 Number 2. This record preserves an issue-specific source occurrence and paraphrased factual details. Page-image comparison remains required before exact-layout quotation or visual identity merging.
PKR-CLM-001,Source record,EPH-0084,Halfords free BMX jersey promotion,https://article134-tech.github.io/lititzbmx-public-knowledge-register/records/EPH-0084/,INCLUDED — indexed issue text; visual comparison pending.,PreviousPage exposes indexed text for BMX Action Bike — June/July 1982 — Volume 2 Number 2. This record preserves an issue-specific source occurrence and paraphrased factual details. Page-image comparison remains required before exact-layout quotation or visual identity merging.
PKR-CLM-001,Source record,EPH-0085,Hotshot BMX complete-bike special and petrol bonus,https://article134-tech.github.io/lititzbmx-public-knowledge-register/records/EPH-0085/,INCLUDED — indexed issue text; visual comparison pending.,PreviousPage exposes indexed text for BMX Action Bike — June/July 1982 — Volume 2 Number 2. This record preserves an issue-specific source occurrence and paraphrased factual details. Page-image comparison remains required before exact-layout quotation or visual identity merging.
PKR-CLM-001,Source record,EPH-0086,Hotshot free price-list and sticker mailer,https://article134-tech.github.io/lititzbmx-public-knowledge-register/records/EPH-0086/,INCLUDED — indexed issue text; visual comparison pending.,PreviousPage exposes indexed text for BMX Action Bike — June/July 1982 — Volume 2 Number 2. This record preserves an issue-specific source occurrence and paraphrased factual details. Page-image comparison remains required before exact-layout quotation or visual identity merging.
PKR-CLM-001,Source record,EPH-0087,Guisborough national race report,https://article134-tech.github.io/lititzbmx-public-knowledge-register/records/EPH-0087/,INCLUDED — indexed issue text; visual comparison pending.,PreviousPage exposes indexed text for BMX Action Bike — June/July 1982 — Volume 2 Number 2. This record preserves an issue-specific source occurrence and paraphrased factual details. Page-image comparison remains required before exact-layout quotation or visual identity merging.
PKR-CLM-001,Source record,EPH-0088,Diamond Back northern-team sponsorship notice,https://article134-tech.github.io/lititzbmx-public-knowledge-register/records/EPH-0088/,INCLUDED — indexed issue text; visual comparison pending.,PreviousPage exposes indexed text for BMX Action Bike — June/July 1982 — Volume 2 Number 2. This record preserves an issue-specific source occurrence and paraphrased factual details. Page-image comparison remains required before exact-layout quotation or visual identity merging.
PKR-CLM-001,Source record,EPH-0089,GT Pro 4 road and race test,https://article134-tech.github.io/lititzbmx-public-knowledge-register/records/EPH-0089/,INCLUDED — indexed issue text; visual comparison pending.,PreviousPage exposes indexed text for BMX Action Bike — June/July 1982 — Volume 2 Number 2. This record preserves an issue-specific source occurrence and paraphrased factual details. Page-image comparison remains required before exact-layout quotation or visual identity merging.
PKR-CLM-001,Source record,EPH-0090,GT Pro 4 specification sheet,https://article134-tech.github.io/lititzbmx-public-knowledge-register/records/EPH-0090/,INCLUDED — indexed issue text; visual comparison pending.,PreviousPage exposes indexed text for BMX Action Bike — June/July 1982 — Volume 2 Number 2. This record preserves an issue-specific source occurrence and paraphrased factual details. Page-image comparison remains required before exact-layout quotation or visual identity merging.
PKR-CLM-001,Source record,EPH-0091,Bermology track-building guide,https://article134-tech.github.io/lititzbmx-public-knowledge-register/records/EPH-0091/,INCLUDED — indexed issue text; visual comparison pending.,PreviousPage exposes indexed text for BMX Action Bike — June/July 1982 — Volume 2 Number 2. This record preserves an issue-specific source occurrence and paraphrased factual details. Page-image comparison remains required before exact-layout quotation or visual identity merging.
PKR-CLM-001,Source record,EPH-0092,Keith Wilson Redline rider profile,https://article134-tech.github.io/lititzbmx-public-knowledge-register/records/EPH-0092/,INCLUDED — indexed issue text; visual comparison pending.,PreviousPage exposes indexed text for BMX Action Bike — June/July 1982 — Volume 2 Number 2. This record preserves an issue-specific source occurrence and paraphrased factual details. Page-image comparison remains required before exact-layout quotation or visual identity merging.
PKR-CLM-001,Source record,EPH-0093,PK Ripper Radical Art competition,https://article134-tech.github.io/lititzbmx-public-knowledge-register/records/EPH-0093/,INCLUDED — indexed issue text; visual comparison pending.,PreviousPage exposes indexed text for BMX Action Bike — June/July 1982 — Volume 2 Number 2. This record preserves an issue-specific source occurrence and paraphrased factual details. Page-image comparison remains required before exact-layout quotation or visual identity merging.
PKR-CLM-001,Source record,EPH-0094,Neal Stevens State of the Art feature,https://article134-tech.github.io/lititzbmx-public-knowledge-register/records/EPH-0094/,INCLUDED — indexed issue text; visual comparison pending.,PreviousPage exposes indexed text for BMX Action Bike — June/July 1982 — Volume 2 Number 2. This record preserves an issue-specific source occurrence and paraphrased factual details. Page-image comparison remains required before exact-layout quotation or visual identity merging.
PKR-CLM-001,Source record,EPH-0095,Shiner SE Racing news and free-decal mailer,https://article134-tech.github.io/lititzbmx-public-knowledge-register/records/EPH-0095/,INCLUDED — indexed issue text; visual comparison pending.,PreviousPage exposes indexed text for BMX Action Bike — June/July 1982 — Volume 2 Number 2. This record preserves an issue-specific source occurrence and paraphrased factual details. Page-image comparison remains required before exact-layout quotation or visual identity merging.
PKR-CLM-001,Source record,EPH-0096,GT racing and dealer advertisement,https://article134-tech.github.io/lititzbmx-public-knowledge-register/records/EPH-0096/,INCLUDED — indexed issue text; visual comparison pending.,PreviousPage exposes indexed text for BMX Action Bike — June/July 1982 — Volume 2 Number 2. This record preserves an issue-specific source occurrence and paraphrased factual details. Page-image comparison remains required before exact-layout quotation or visual identity merging.
PKR-CLM-001,Source record,EPH-0097,De Ver Cycles BMX bargains listing,https://article134-tech.github.io/lititzbmx-public-knowledge-register/records/EPH-0097/,INCLUDED — indexed issue text; visual comparison pending.,PreviousPage exposes indexed text for BMX Action Bike — June/July 1982 — Volume 2 Number 2. This record preserves an issue-specific source occurrence and paraphrased factual details. Page-image comparison remains required before exact-layout quotation or visual identity merging.
PKR-CLM-001,Source record,EPH-0098,Max chainring carrying bags,https://article134-tech.github.io/lititzbmx-public-knowledge-register/records/EPH-0098/,INCLUDED — indexed issue text; visual comparison pending.,PreviousPage exposes indexed text for BMX Action Bike — June/July 1982 — Volume 2 Number 2. This record preserves an issue-specific source occurrence and paraphrased factual details. Page-image comparison remains required before exact-layout quotation or visual identity merging.
PKR-CLM-001,Source record,EPH-0099,SunTour HL-100 headset locking nut,https://article134-tech.github.io/lititzbmx-public-knowledge-register/records/EPH-0099/,INCLUDED — indexed issue text; visual comparison pending.,PreviousPage exposes indexed text for BMX Action Bike — June/July 1982 — Volume 2 Number 2. This record preserves an issue-specific source occurrence and paraphrased factual details. Page-image comparison remains required before exact-layout quotation or visual identity merging.
PKR-CLM-001,Source record,EPH-0100,Oakley O/20 goggle product notice,https://article134-tech.github.io/lititzbmx-public-knowledge-register/records/EPH-0100/,INCLUDED — indexed issue text; visual comparison pending.,PreviousPage exposes indexed text for BMX Action Bike — June/July 1982 — Volume 2 Number 2. This record preserves an issue-specific source occurrence and paraphrased factual details. Page-image comparison remains required before exact-layout quotation or visual identity merging.
PKR-CLM-001,Source record,EPH-0101,Torker Ultra 4 lightweight stem,https://article134-tech.github.io/lititzbmx-public-knowledge-register/records/EPH-0101/,INCLUDED — indexed issue text; visual comparison pending.,PreviousPage exposes indexed text for BMX Action Bike — June/July 1982 — Volume 2 Number 2. This record preserves an issue-specific source occurrence and paraphrased factual details. Page-image comparison remains required before exact-layout quotation or visual identity merging.
PKR-CLM-001,Source record,EPH-0102,Renthal wide-rise handlebar range,https://article134-tech.github.io/lititzbmx-public-knowledge-register/records/EPH-0102/,INCLUDED — indexed issue text; visual comparison pending.,PreviousPage exposes indexed text for BMX Action Bike — June/July 1982 — Volume 2 Number 2. This record preserves an issue-specific source occurrence and paraphrased factual details. Page-image comparison remains required before exact-layout quotation or visual identity merging.
PKR-CLM-001,Source record,EPH-0103,ABMX Wonder Light street-safety offer,https://article134-tech.github.io/lititzbmx-public-knowledge-register/records/EPH-0103/,INCLUDED — indexed issue text; visual comparison pending.,PreviousPage exposes indexed text for BMX Action Bike — June/July 1982 — Volume 2 Number 2. This record preserves an issue-specific source occurrence and paraphrased factual details. Page-image comparison remains required before exact-layout quotation or visual identity merging.
PKR-CLM-001,Source record,EPH-0104,Huffy Pro Thunder Competition Certified range,https://article134-tech.github.io/lititzbmx-public-knowledge-register/records/EPH-0104/,INCLUDED — indexed issue text; visual comparison pending.,PreviousPage exposes indexed text for BMX Action Bike — June/July 1982 — Volume 2 Number 2. This record preserves an issue-specific source occurrence and paraphrased factual details. Page-image comparison remains required before exact-layout quotation or visual identity merging.
PKR-CLM-001,Source record,EPH-0105,Race Inc Aero special feature,https://article134-tech.github.io/lititzbmx-public-knowledge-register/records/EPH-0105/,INCLUDED — indexed issue text; visual comparison pending.,PreviousPage exposes indexed text for BMX Action Bike — June/July 1982 — Volume 2 Number 2. This record preserves an issue-specific source occurrence and paraphrased factual details. Page-image comparison remains required before exact-layout quotation or visual identity merging.
PKR-CLM-001,Source record,EPH-0106,SJK British chromoly race-bike test,https://article134-tech.github.io/lititzbmx-public-knowledge-register/records/EPH-0106/,INCLUDED — indexed issue text; visual comparison pending.,PreviousPage exposes indexed text for BMX Action Bike — June/July 1982 — Volume 2 Number 2. This record preserves an issue-specific source occurrence and paraphrased factual details. Page-image comparison remains required before exact-layout quotation or visual identity merging.
PKR-CLM-001,Source record,EPH-0107,Cyclone Bikes seven-sticker packet offer,https://article134-tech.github.io/lititzbmx-public-knowledge-register/records/EPH-0107/,INCLUDED — indexed issue text; visual comparison pending.,PreviousPage exposes indexed text for BMX Action Bike — June/July 1982 — Volume 2 Number 2. This record preserves an issue-specific source occurrence and paraphrased factual details. Page-image comparison remains required before exact-layout quotation or visual identity merging.
PKR-CLM-001,Source record,EPH-0108,UKBMX national rule-book notice,https://article134-tech.github.io/lititzbmx-public-knowledge-register/records/EPH-0108/,INCLUDED — indexed issue text; visual comparison pending.,PreviousPage exposes indexed text for BMX Action Bike — June/July 1982 — Volume 2 Number 2. This record preserves an issue-specific source occurrence and paraphrased factual details. Page-image comparison remains required before exact-layout quotation or visual identity merging.
PKR-CLM-001,Source record,EPH-0109,Puch Murray 20-inch and 24-inch BMX range advertisement,https://article134-tech.github.io/lititzbmx-public-knowledge-register/records/EPH-0109/,INCLUDED — indexed issue text; visual comparison pending.,PreviousPage exposes indexed text for BMX Action Bike — August/September 1982 — Volume 2 Number 3. This record preserves an issue-specific source occurrence and paraphrased factual details. Page-image comparison remains required before exact-layout quotation or visual identity merging.
PKR-CLM-001,Source record,EPH-0110,Diamond Back Silver Streak and Pro-Star information-pack offer,https://article134-tech.github.io/lititzbmx-public-knowledge-register/records/EPH-0110/,INCLUDED — indexed issue text; visual comparison pending.,PreviousPage exposes indexed text for BMX Action Bike — August/September 1982 — Volume 2 Number 3. This record preserves an issue-specific source occurrence and paraphrased factual details. Page-image comparison remains required before exact-layout quotation or visual identity merging.
PKR-CLM-001,Source record,EPH-0111,Kenda Karate tyre advertisement,https://article134-tech.github.io/lititzbmx-public-knowledge-register/records/EPH-0111/,INCLUDED — indexed issue text; visual comparison pending.,PreviousPage exposes indexed text for BMX Action Bike — August/September 1982 — Volume 2 Number 3. This record preserves an issue-specific source occurrence and paraphrased factual details. Page-image comparison remains required before exact-layout quotation or visual identity merging.
PKR-CLM-001,Source record,EPH-0112,Raleigh Burner five-model range launch,https://article134-tech.github.io/lititzbmx-public-knowledge-register/records/EPH-0112/,INCLUDED — indexed issue text; visual comparison pending.,PreviousPage exposes indexed text for BMX Action Bike — August/September 1982 — Volume 2 Number 3. This record preserves an issue-specific source occurrence and paraphrased factual details. Page-image comparison remains required before exact-layout quotation or visual identity merging.
PKR-CLM-001,Source record,EPH-0113,Home-built Diamond Back II project letter,https://article134-tech.github.io/lititzbmx-public-knowledge-register/records/EPH-0113/,INCLUDED — indexed issue text; visual comparison pending.,PreviousPage exposes indexed text for BMX Action Bike — August/September 1982 — Volume 2 Number 3. This record preserves an issue-specific source occurrence and paraphrased factual details. Page-image comparison remains required before exact-layout quotation or visual identity merging.
PKR-CLM-001,Source record,EPH-0114,Ramsey BMX Club free-entry visitor notice,https://article134-tech.github.io/lititzbmx-public-knowledge-register/records/EPH-0114/,INCLUDED — indexed issue text; visual comparison pending.,PreviousPage exposes indexed text for BMX Action Bike — August/September 1982 — Volume 2 Number 3. This record preserves an issue-specific source occurrence and paraphrased factual details. Page-image comparison remains required before exact-layout quotation or visual identity merging.
PKR-CLM-001,Source record,EPH-0115,ACS experimental 26-inch Z-rim production note,https://article134-tech.github.io/lititzbmx-public-knowledge-register/records/EPH-0115/,INCLUDED — indexed issue text; visual comparison pending.,PreviousPage exposes indexed text for BMX Action Bike — August/September 1982 — Volume 2 Number 3. This record preserves an issue-specific source occurrence and paraphrased factual details. Page-image comparison remains required before exact-layout quotation or visual identity merging.
PKR-CLM-001,Source record,EPH-0116,Gecko BMX product-range advertisement,https://article134-tech.github.io/lititzbmx-public-knowledge-register/records/EPH-0116/,INCLUDED — indexed issue text; visual comparison pending.,PreviousPage exposes indexed text for BMX Action Bike — August/September 1982 — Volume 2 Number 3. This record preserves an issue-specific source occurrence and paraphrased factual details. Page-image comparison remains required before exact-layout quotation or visual identity merging.
PKR-CLM-001,Source record,EPH-0117,Redline PL-20 Carrera complete-package advertisement,https://article134-tech.github.io/lititzbmx-public-knowledge-register/records/EPH-0117/,INCLUDED — indexed issue text; visual comparison pending.,PreviousPage exposes indexed text for BMX Action Bike — August/September 1982 — Volume 2 Number 3. This record preserves an issue-specific source occurrence and paraphrased factual details. Page-image comparison remains required before exact-layout quotation or visual identity merging.
PKR-CLM-001,Source record,EPH-0118,Kuwahara frame-and-fork range advertisement,https://article134-tech.github.io/lititzbmx-public-knowledge-register/records/EPH-0118/,INCLUDED — indexed issue text; visual comparison pending.,PreviousPage exposes indexed text for BMX Action Bike — August/September 1982 — Volume 2 Number 3. This record preserves an issue-specific source occurrence and paraphrased factual details. Page-image comparison remains required before exact-layout quotation or visual identity merging.
PKR-CLM-001,Source record,EPH-0119,"MCS, Race Inc, and Powerlite range advertisement",https://article134-tech.github.io/lititzbmx-public-knowledge-register/records/EPH-0119/,INCLUDED — indexed issue text; visual comparison pending.,PreviousPage exposes indexed text for BMX Action Bike — August/September 1982 — Volume 2 Number 3. This record preserves an issue-specific source occurrence and paraphrased factual details. Page-image comparison remains required before exact-layout quotation or visual identity merging.
PKR-CLM-001,Source record,EPH-0120,PK Ripper editorial test,https://article134-tech.github.io/lititzbmx-public-knowledge-register/records/EPH-0120/,INCLUDED — indexed issue text; visual comparison pending.,PreviousPage exposes indexed text for BMX Action Bike — August/September 1982 — Volume 2 Number 3. This record preserves an issue-specific source occurrence and paraphrased factual details. Page-image comparison remains required before exact-layout quotation or visual identity merging.
PKR-CLM-001,Source record,EPH-0121,Ammaco BMX thrash test,https://article134-tech.github.io/lititzbmx-public-knowledge-register/records/EPH-0121/,INCLUDED — indexed issue text; visual comparison pending.,PreviousPage exposes indexed text for BMX Action Bike — August/September 1982 — Volume 2 Number 3. This record preserves an issue-specific source occurrence and paraphrased factual details. Page-image comparison remains required before exact-layout quotation or visual identity merging.
PKR-CLM-001,Source record,EPH-0122,Tim March profile and March Racing Developments launch,https://article134-tech.github.io/lititzbmx-public-knowledge-register/records/EPH-0122/,INCLUDED — indexed issue text; visual comparison pending.,PreviousPage exposes indexed text for BMX Action Bike — August/September 1982 — Volume 2 Number 3. This record preserves an issue-specific source occurrence and paraphrased factual details. Page-image comparison remains required before exact-layout quotation or visual identity merging.
PKR-CLM-001,Source record,EPH-0123,March Racing Developments number-plate offer,https://article134-tech.github.io/lititzbmx-public-knowledge-register/records/EPH-0123/,INCLUDED — indexed issue text; visual comparison pending.,PreviousPage exposes indexed text for BMX Action Bike — August/September 1982 — Volume 2 Number 3. This record preserves an issue-specific source occurrence and paraphrased factual details. Page-image comparison remains required before exact-layout quotation or visual identity merging.
PKR-CLM-001,Source record,EPH-0124,Hotshot retail and trade price-list/sticker service,https://article134-tech.github.io/lititzbmx-public-knowledge-register/records/EPH-0124/,INCLUDED — indexed issue text; visual comparison pending.,PreviousPage exposes indexed text for BMX Action Bike — August/September 1982 — Volume 2 Number 3. This record preserves an issue-specific source occurrence and paraphrased factual details. Page-image comparison remains required before exact-layout quotation or visual identity merging.
PKR-CLM-001,Source record,EPH-0125,DC Racing price-list and sticker mailer,https://article134-tech.github.io/lititzbmx-public-knowledge-register/records/EPH-0125/,INCLUDED — indexed issue text; visual comparison pending.,PreviousPage exposes indexed text for BMX Action Bike — August/September 1982 — Volume 2 Number 3. This record preserves an issue-specific source occurrence and paraphrased factual details. Page-image comparison remains required before exact-layout quotation or visual identity merging.
PKR-CLM-001,Source record,EPH-0126,Piranha cast-wheel model announcement,https://article134-tech.github.io/lititzbmx-public-knowledge-register/records/EPH-0126/,INCLUDED — indexed issue text; visual comparison pending.,PreviousPage exposes indexed text for BMX Action Bike — August/September 1982 — Volume 2 Number 3. This record preserves an issue-specific source occurrence and paraphrased factual details. Page-image comparison remains required before exact-layout quotation or visual identity merging.
PKR-CLM-001,Source record,EPH-0127,Surrey BMX six-page bargain-list advertisement,https://article134-tech.github.io/lititzbmx-public-knowledge-register/records/EPH-0127/,INCLUDED — indexed issue text; visual comparison pending.,PreviousPage exposes indexed text for BMX Action Bike — August/September 1982 — Volume 2 Number 3. This record preserves an issue-specific source occurrence and paraphrased factual details. Page-image comparison remains required before exact-layout quotation or visual identity merging.
PKR-CLM-001,Source record,EPH-0128,Cooper convertible BMX helmet mailer,https://article134-tech.github.io/lititzbmx-public-knowledge-register/records/EPH-0128/,INCLUDED — indexed issue text; visual comparison pending.,PreviousPage exposes indexed text for BMX Action Bike — August/September 1982 — Volume 2 Number 3. This record preserves an issue-specific source occurrence and paraphrased factual details. Page-image comparison remains required before exact-layout quotation or visual identity merging.
PKR-CLM-001,Source record,EPH-0129,Lee and SunTour sealed bottom-bracket product note,https://article134-tech.github.io/lititzbmx-public-knowledge-register/records/EPH-0129/,INCLUDED — indexed issue text; visual comparison pending.,PreviousPage exposes indexed text for BMX Action Bike — August/September 1982 — Volume 2 Number 3. This record preserves an issue-specific source occurrence and paraphrased factual details. Page-image comparison remains required before exact-layout quotation or visual identity merging.
PKR-CLM-001,Source record,EPH-0130,Araya aerodynamic sew-up race-wheel note,https://article134-tech.github.io/lititzbmx-public-knowledge-register/records/EPH-0130/,INCLUDED — indexed issue text; visual comparison pending.,PreviousPage exposes indexed text for BMX Action Bike — August/September 1982 — Volume 2 Number 3. This record preserves an issue-specific source occurrence and paraphrased factual details. Page-image comparison remains required before exact-layout quotation or visual identity merging.
PKR-CLM-001,Source record,EPH-0131,Profile mini BMX build feature,https://article134-tech.github.io/lititzbmx-public-knowledge-register/records/EPH-0131/,INCLUDED — indexed issue text; visual comparison pending.,PreviousPage exposes indexed text for BMX Action Bike — August/September 1982 — Volume 2 Number 3. This record preserves an issue-specific source occurrence and paraphrased factual details. Page-image comparison remains required before exact-layout quotation or visual identity merging.
PKR-CLM-001,Source record,EPH-0132,Patterson chromoly frame-and-fork advertisement,https://article134-tech.github.io/lititzbmx-public-knowledge-register/records/EPH-0132/,INCLUDED — indexed issue text; visual comparison pending.,PreviousPage exposes indexed text for BMX Action Bike — August/September 1982 — Volume 2 Number 3. This record preserves an issue-specific source occurrence and paraphrased factual details. Page-image comparison remains required before exact-layout quotation or visual identity merging.
PKR-CLM-001,Source record,EPH-0133,KHS Duster four-model range and RRPs,https://article134-tech.github.io/lititzbmx-public-knowledge-register/records/EPH-0133/,INCLUDED — indexed issue text; visual comparison pending.,PreviousPage exposes indexed text for BMX Action Bike — August/September 1982 — Volume 2 Number 3. This record preserves an issue-specific source occurrence and paraphrased factual details. Page-image comparison remains required before exact-layout quotation or visual identity merging.
PKR-CLM-001,Source record,EPH-0134,SJK Hurricane distributor announcement,https://article134-tech.github.io/lititzbmx-public-knowledge-register/records/EPH-0134/,INCLUDED — indexed issue text; visual comparison pending.,PreviousPage exposes indexed text for BMX Action Bike — August/September 1982 — Volume 2 Number 3. This record preserves an issue-specific source occurrence and paraphrased factual details. Page-image comparison remains required before exact-layout quotation or visual identity merging.
PKR-CLM-001,Source record,EPH-0135,Summer chrome-plating service advertisement,https://article134-tech.github.io/lititzbmx-public-knowledge-register/records/EPH-0135/,INCLUDED — indexed issue text; visual comparison pending.,PreviousPage exposes indexed text for BMX Action Bike — August/September 1982 — Volume 2 Number 3. This record preserves an issue-specific source occurrence and paraphrased factual details. Page-image comparison remains required before exact-layout quotation or visual identity merging.
PKR-CLM-001,Source record,EPH-0136,Twenty-pence BMX catalogue mailer,https://article134-tech.github.io/lititzbmx-public-knowledge-register/records/EPH-0136/,INCLUDED — indexed issue text; visual comparison pending.,PreviousPage exposes indexed text for BMX Action Bike — August/September 1982 — Volume 2 Number 3. This record preserves an issue-specific source occurrence and paraphrased factual details. Page-image comparison remains required before exact-layout quotation or visual identity merging.
PKR-CLM-001,Source record,EPH-0137,Puch Murray competition BMX range advertisement,https://article134-tech.github.io/lititzbmx-public-knowledge-register/records/EPH-0137/,INCLUDED — indexed issue text; visual comparison pending.,PreviousPage exposes indexed text for BMX Action Bike — October/November 1982 — Volume 2 Number 4. This record preserves an issue-specific source occurrence and paraphrased factual details. Page-image comparison remains required before exact-layout quotation or visual identity merging.
PKR-CLM-001,Source record,EPH-0138,Redline 400 Series durability advertisement,https://article134-tech.github.io/lititzbmx-public-knowledge-register/records/EPH-0138/,INCLUDED — indexed issue text; visual comparison pending.,PreviousPage exposes indexed text for BMX Action Bike — October/November 1982 — Volume 2 Number 4. This record preserves an issue-specific source occurrence and paraphrased factual details. Page-image comparison remains required before exact-layout quotation or visual identity merging.
PKR-CLM-001,Source record,EPH-0139,Hot Wheels BMX Centre Shimano price list,https://article134-tech.github.io/lititzbmx-public-knowledge-register/records/EPH-0139/,INCLUDED — indexed issue text; visual comparison pending.,PreviousPage exposes indexed text for BMX Action Bike — October/November 1982 — Volume 2 Number 4. This record preserves an issue-specific source occurrence and paraphrased factual details. Page-image comparison remains required before exact-layout quotation or visual identity merging.
PKR-CLM-001,Source record,EPH-0140,Kuwahara E.T. Special product announcement,https://article134-tech.github.io/lititzbmx-public-knowledge-register/records/EPH-0140/,INCLUDED — indexed issue text; visual comparison pending.,PreviousPage exposes indexed text for BMX Action Bike — October/November 1982 — Volume 2 Number 4. This record preserves an issue-specific source occurrence and paraphrased factual details. Page-image comparison remains required before exact-layout quotation or visual identity merging.
PKR-CLM-001,Source record,EPH-0141,BMX track-openings and construction logbook,https://article134-tech.github.io/lititzbmx-public-knowledge-register/records/EPH-0141/,INCLUDED — indexed issue text; visual comparison pending.,PreviousPage exposes indexed text for BMX Action Bike — October/November 1982 — Volume 2 Number 4. This record preserves an issue-specific source occurrence and paraphrased factual details. Page-image comparison remains required before exact-layout quotation or visual identity merging.
PKR-CLM-001,Source record,EPH-0142,"Shiner Panda, SE Racing, and KHS range advertisement",https://article134-tech.github.io/lititzbmx-public-knowledge-register/records/EPH-0142/,INCLUDED — indexed issue text; visual comparison pending.,PreviousPage exposes indexed text for BMX Action Bike — October/November 1982 — Volume 2 Number 4. This record preserves an issue-specific source occurrence and paraphrased factual details. Page-image comparison remains required before exact-layout quotation or visual identity merging.
PKR-CLM-001,Source record,EPH-0143,Adjustable car cycle-rack advertisement,https://article134-tech.github.io/lititzbmx-public-knowledge-register/records/EPH-0143/,INCLUDED — indexed issue text; visual comparison pending.,PreviousPage exposes indexed text for BMX Action Bike — October/November 1982 — Volume 2 Number 4. This record preserves an issue-specific source occurrence and paraphrased factual details. Page-image comparison remains required before exact-layout quotation or visual identity merging.
PKR-CLM-001,Source record,EPH-0144,Skyway Tuff wheels with alloy hubs launch,https://article134-tech.github.io/lititzbmx-public-knowledge-register/records/EPH-0144/,INCLUDED — indexed issue text; visual comparison pending.,PreviousPage exposes indexed text for BMX Action Bike — October/November 1982 — Volume 2 Number 4. This record preserves an issue-specific source occurrence and paraphrased factual details. Page-image comparison remains required before exact-layout quotation or visual identity merging.
PKR-CLM-001,Source record,EPH-0145,Skyway information and Andy Patterson poster mailer,https://article134-tech.github.io/lititzbmx-public-knowledge-register/records/EPH-0145/,INCLUDED — indexed issue text; visual comparison pending.,PreviousPage exposes indexed text for BMX Action Bike — October/November 1982 — Volume 2 Number 4. This record preserves an issue-specific source occurrence and paraphrased factual details. Page-image comparison remains required before exact-layout quotation or visual identity merging.
PKR-CLM-001,Source record,EPH-0146,Alpine Action one-hundred-pound advertisement-design contest,https://article134-tech.github.io/lititzbmx-public-knowledge-register/records/EPH-0146/,INCLUDED — indexed issue text; visual comparison pending.,PreviousPage exposes indexed text for BMX Action Bike — October/November 1982 — Volume 2 Number 4. This record preserves an issue-specific source occurrence and paraphrased factual details. Page-image comparison remains required before exact-layout quotation or visual identity merging.
PKR-CLM-001,Source record,EPH-0147,Murray and Puch test-range mailer with free membership,https://article134-tech.github.io/lititzbmx-public-knowledge-register/records/EPH-0147/,INCLUDED — indexed issue text; visual comparison pending.,PreviousPage exposes indexed text for BMX Action Bike — October/November 1982 — Volume 2 Number 4. This record preserves an issue-specific source occurrence and paraphrased factual details. Page-image comparison remains required before exact-layout quotation or visual identity merging.
PKR-CLM-001,Source record,EPH-0148,BMX Action Bike race-shirt mailer,https://article134-tech.github.io/lititzbmx-public-knowledge-register/records/EPH-0148/,INCLUDED — indexed issue text; visual comparison pending.,PreviousPage exposes indexed text for BMX Action Bike — October/November 1982 — Volume 2 Number 4. This record preserves an issue-specific source occurrence and paraphrased factual details. Page-image comparison remains required before exact-layout quotation or visual identity merging.
PKR-CLM-001,Source record,EPH-0149,E.T. film and Kuwahara bicycle feature,https://article134-tech.github.io/lititzbmx-public-knowledge-register/records/EPH-0149/,INCLUDED — indexed issue text; visual comparison pending.,PreviousPage exposes indexed text for BMX Action Bike — October/November 1982 — Volume 2 Number 4. This record preserves an issue-specific source occurrence and paraphrased factual details. Page-image comparison remains required before exact-layout quotation or visual identity merging.
PKR-CLM-001,Source record,EPH-0150,Pro-Lite information-pack and decal mailer,https://article134-tech.github.io/lititzbmx-public-knowledge-register/records/EPH-0150/,INCLUDED — indexed issue text; visual comparison pending.,PreviousPage exposes indexed text for BMX Action Bike — October/November 1982 — Volume 2 Number 4. This record preserves an issue-specific source occurrence and paraphrased factual details. Page-image comparison remains required before exact-layout quotation or visual identity merging.
PKR-CLM-001,Source record,EPH-0151,ABMX Bonanza reader survey competition,https://article134-tech.github.io/lititzbmx-public-knowledge-register/records/EPH-0151/,INCLUDED — indexed issue text; visual comparison pending.,PreviousPage exposes indexed text for BMX Action Bike — October/November 1982 — Volume 2 Number 4. This record preserves an issue-specific source occurrence and paraphrased factual details. Page-image comparison remains required before exact-layout quotation or visual identity merging.
PKR-CLM-001,Source record,EPH-0152,AMF Scorcher 7 reader-survey prize,https://article134-tech.github.io/lititzbmx-public-knowledge-register/records/EPH-0152/,INCLUDED — indexed issue text; visual comparison pending.,PreviousPage exposes indexed text for BMX Action Bike — October/November 1982 — Volume 2 Number 4. This record preserves an issue-specific source occurrence and paraphrased factual details. Page-image comparison remains required before exact-layout quotation or visual identity merging.
PKR-CLM-001,Source record,EPH-0153,Reynolds 531 BMX frame-and-fork survey prize,https://article134-tech.github.io/lititzbmx-public-knowledge-register/records/EPH-0153/,INCLUDED — indexed issue text; visual comparison pending.,PreviousPage exposes indexed text for BMX Action Bike — October/November 1982 — Volume 2 Number 4. This record preserves an issue-specific source occurrence and paraphrased factual details. Page-image comparison remains required before exact-layout quotation or visual identity merging.
PKR-CLM-001,Source record,EPH-0154,Team Mongoose factory-direct value advertisement,https://article134-tech.github.io/lititzbmx-public-knowledge-register/records/EPH-0154/,INCLUDED — indexed issue text; visual comparison pending.,PreviousPage exposes indexed text for BMX Action Bike — October/November 1982 — Volume 2 Number 4. This record preserves an issue-specific source occurrence and paraphrased factual details. Page-image comparison remains required before exact-layout quotation or visual identity merging.
PKR-CLM-001,Source record,EPH-0155,ABMX race nutrition and training article,https://article134-tech.github.io/lititzbmx-public-knowledge-register/records/EPH-0155/,INCLUDED — indexed issue text; visual comparison pending.,PreviousPage exposes indexed text for BMX Action Bike — October/November 1982 — Volume 2 Number 4. This record preserves an issue-specific source occurrence and paraphrased factual details. Page-image comparison remains required before exact-layout quotation or visual identity merging.
PKR-CLM-001,Source record,EPH-0156,BMX Invader and Action Bikes monthly specials,https://article134-tech.github.io/lititzbmx-public-knowledge-register/records/EPH-0156/,INCLUDED — indexed issue text; visual comparison pending.,PreviousPage exposes indexed text for BMX Action Bike — October/November 1982 — Volume 2 Number 4. This record preserves an issue-specific source occurrence and paraphrased factual details. Page-image comparison remains required before exact-layout quotation or visual identity merging.
PKR-CLM-001,Source record,EPH-0157,Huffy Pro Lightning preview,https://article134-tech.github.io/lititzbmx-public-knowledge-register/records/EPH-0157/,INCLUDED — indexed issue text; visual comparison pending.,PreviousPage exposes indexed text for BMX Action Bike — October/November 1982 — Volume 2 Number 4. This record preserves an issue-specific source occurrence and paraphrased factual details. Page-image comparison remains required before exact-layout quotation or visual identity merging.
PKR-CLM-001,Source record,EPH-0158,Stolen Kuwahara notice and subscription reward,https://article134-tech.github.io/lititzbmx-public-knowledge-register/records/EPH-0158/,INCLUDED — indexed issue text; visual comparison pending.,PreviousPage exposes indexed text for BMX Action Bike — October/November 1982 — Volume 2 Number 4. This record preserves an issue-specific source occurrence and paraphrased factual details. Page-image comparison remains required before exact-layout quotation or visual identity merging.
PKR-CLM-001,Source record,EPH-0159,Diamond Back Silver Streak information-pack placement,https://article134-tech.github.io/lititzbmx-public-knowledge-register/records/EPH-0159/,INCLUDED — indexed issue text; visual comparison pending.,PreviousPage exposes indexed text for BMX Action Bike — October/November 1982 — Volume 2 Number 4. This record preserves an issue-specific source occurrence and paraphrased factual details. Page-image comparison remains required before exact-layout quotation or visual identity merging.
PKR-CLM-001,Source record,EPH-0160,Kuwahara one-hundred-rider team recruitment offer,https://article134-tech.github.io/lititzbmx-public-knowledge-register/records/EPH-0160/,INCLUDED — indexed issue text; visual comparison pending.,PreviousPage exposes indexed text for BMX Action Bike — October/November 1982 — Volume 2 Number 4. This record preserves an issue-specific source occurrence and paraphrased factual details. Page-image comparison remains required before exact-layout quotation or visual identity merging.
PKR-CLM-001,Source record,EPH-0161,Holdsworth BMX Centres multi-brand advertisement,https://article134-tech.github.io/lititzbmx-public-knowledge-register/records/EPH-0161/,INCLUDED — indexed issue text; visual comparison pending.,PreviousPage exposes indexed text for BMX Action Bike — October/November 1982 — Volume 2 Number 4. This record preserves an issue-specific source occurrence and paraphrased factual details. Page-image comparison remains required before exact-layout quotation or visual identity merging.
PKR-CLM-001,Source record,EPH-0162,Bolton BMXmas Club Supadeal,https://article134-tech.github.io/lititzbmx-public-knowledge-register/records/EPH-0162/,INCLUDED — indexed issue text; visual comparison pending.,PreviousPage exposes indexed text for BMX Action Bike — October/November 1982 — Volume 2 Number 4. This record preserves an issue-specific source occurrence and paraphrased factual details. Page-image comparison remains required before exact-layout quotation or visual identity merging.
PKR-CLM-001,Source record,EPH-0163,Haro number-plate heritage advertisement,https://article134-tech.github.io/lititzbmx-public-knowledge-register/records/EPH-0163/,INCLUDED — indexed issue text; visual comparison pending.,PreviousPage exposes indexed text for BMX Action Bike — October/November 1982 — Volume 2 Number 4. This record preserves an issue-specific source occurrence and paraphrased factual details. Page-image comparison remains required before exact-layout quotation or visual identity merging.
PKR-CLM-001,Source record,EPH-0164,SunTour HB-6000 reversible rear-hub product literature,https://article134-tech.github.io/lititzbmx-public-knowledge-register/records/EPH-0164/,INCLUDED — indexed issue text; visual comparison pending.,PreviousPage exposes indexed text for BMX Action Bike — October/November 1982 — Volume 2 Number 4. This record preserves an issue-specific source occurrence and paraphrased factual details. Page-image comparison remains required before exact-layout quotation or visual identity merging.
PKR-CLM-001,Source record,EPH-0165,Troxel Comet saddle-and-post advertisement,https://article134-tech.github.io/lititzbmx-public-knowledge-register/records/EPH-0165/,INCLUDED — indexed issue text; visual comparison pending.,PreviousPage exposes indexed text for BMX Action Bike — October/November 1982 — Volume 2 Number 4. This record preserves an issue-specific source occurrence and paraphrased factual details. Page-image comparison remains required before exact-layout quotation or visual identity merging.
PKR-CLM-001,Source record,EPH-0166,Shimano DX platform-pedal advertisement,https://article134-tech.github.io/lititzbmx-public-knowledge-register/records/EPH-0166/,INCLUDED — indexed issue text; visual comparison pending.,PreviousPage exposes indexed text for BMX Action Bike — December 1982/January 1983 — Volume 2 Number 5. This record preserves an issue-specific source occurrence and paraphrased factual details. Page-image comparison remains required before exact-layout quotation or visual identity merging.
PKR-CLM-001,Source record,EPH-0167,Shimano DX micro-adjust seatpost announcement,https://article134-tech.github.io/lititzbmx-public-knowledge-register/records/EPH-0167/,INCLUDED — indexed issue text; visual comparison pending.,PreviousPage exposes indexed text for BMX Action Bike — December 1982/January 1983 — Volume 2 Number 5. This record preserves an issue-specific source occurrence and paraphrased factual details. Page-image comparison remains required before exact-layout quotation or visual identity merging.
PKR-CLM-001,Source record,EPH-0168,Pro-Lite protective-equipment information-pack placement,https://article134-tech.github.io/lititzbmx-public-knowledge-register/records/EPH-0168/,INCLUDED — indexed issue text; visual comparison pending.,PreviousPage exposes indexed text for BMX Action Bike — December 1982/January 1983 — Volume 2 Number 5. This record preserves an issue-specific source occurrence and paraphrased factual details. Page-image comparison remains required before exact-layout quotation or visual identity merging.
PKR-CLM-001,Source record,EPH-0169,Halfords California BMX model-range price advertisement,https://article134-tech.github.io/lititzbmx-public-knowledge-register/records/EPH-0169/,INCLUDED — indexed issue text; visual comparison pending.,PreviousPage exposes indexed text for BMX Action Bike — December 1982/January 1983 — Volume 2 Number 5. This record preserves an issue-specific source occurrence and paraphrased factual details. Page-image comparison remains required before exact-layout quotation or visual identity merging.
PKR-CLM-001,Source record,EPH-0170,Halfords Raleigh Burner and free Haro plate promotion,https://article134-tech.github.io/lititzbmx-public-knowledge-register/records/EPH-0170/,INCLUDED — indexed issue text; visual comparison pending.,PreviousPage exposes indexed text for BMX Action Bike — December 1982/January 1983 — Volume 2 Number 5. This record preserves an issue-specific source occurrence and paraphrased factual details. Page-image comparison remains required before exact-layout quotation or visual identity merging.
PKR-CLM-001,Source record,EPH-0171,British and world BMX wheelie-record attempt notice,https://article134-tech.github.io/lititzbmx-public-knowledge-register/records/EPH-0171/,INCLUDED — indexed issue text; visual comparison pending.,PreviousPage exposes indexed text for BMX Action Bike — December 1982/January 1983 — Volume 2 Number 5. This record preserves an issue-specific source occurrence and paraphrased factual details. Page-image comparison remains required before exact-layout quotation or visual identity merging.
PKR-CLM-001,Source record,EPH-0172,British and world bunnyhop-record attempt notice,https://article134-tech.github.io/lititzbmx-public-knowledge-register/records/EPH-0172/,INCLUDED — indexed issue text; visual comparison pending.,PreviousPage exposes indexed text for BMX Action Bike — December 1982/January 1983 — Volume 2 Number 5. This record preserves an issue-specific source occurrence and paraphrased factual details. Page-image comparison remains required before exact-layout quotation or visual identity merging.
PKR-CLM-001,Source record,EPH-0173,Lee Cooper BMX coaching clinic,https://article134-tech.github.io/lititzbmx-public-knowledge-register/records/EPH-0173/,INCLUDED — indexed issue text; visual comparison pending.,PreviousPage exposes indexed text for BMX Action Bike — December 1982/January 1983 — Volume 2 Number 5. This record preserves an issue-specific source occurrence and paraphrased factual details. Page-image comparison remains required before exact-layout quotation or visual identity merging.
PKR-CLM-001,Source record,EPH-0174,Lee Cooper freestyle stunt competition,https://article134-tech.github.io/lititzbmx-public-knowledge-register/records/EPH-0174/,INCLUDED — indexed issue text; visual comparison pending.,PreviousPage exposes indexed text for BMX Action Bike — December 1982/January 1983 — Volume 2 Number 5. This record preserves an issue-specific source occurrence and paraphrased factual details. Page-image comparison remains required before exact-layout quotation or visual identity merging.
PKR-CLM-001,Source record,EPH-0175,Diamond Back Teamfinder race series launch,https://article134-tech.github.io/lititzbmx-public-knowledge-register/records/EPH-0175/,INCLUDED — indexed issue text; visual comparison pending.,PreviousPage exposes indexed text for BMX Action Bike — December 1982/January 1983 — Volume 2 Number 5. This record preserves an issue-specific source occurrence and paraphrased factual details. Page-image comparison remains required before exact-layout quotation or visual identity merging.
PKR-CLM-001,Source record,EPH-0176,First National BMX Poll ballot,https://article134-tech.github.io/lititzbmx-public-knowledge-register/records/EPH-0176/,INCLUDED — indexed issue text; visual comparison pending.,PreviousPage exposes indexed text for BMX Action Bike — December 1982/January 1983 — Volume 2 Number 5. This record preserves an issue-specific source occurrence and paraphrased factual details. Page-image comparison remains required before exact-layout quotation or visual identity merging.
PKR-CLM-001,Source record,EPH-0177,Diamond Back Turbo national-poll prize,https://article134-tech.github.io/lititzbmx-public-knowledge-register/records/EPH-0177/,INCLUDED — indexed issue text; visual comparison pending.,PreviousPage exposes indexed text for BMX Action Bike — December 1982/January 1983 — Volume 2 Number 5. This record preserves an issue-specific source occurrence and paraphrased factual details. Page-image comparison remains required before exact-layout quotation or visual identity merging.
PKR-CLM-001,Source record,EPH-0178,Skyway Tuff II national-poll prize,https://article134-tech.github.io/lititzbmx-public-knowledge-register/records/EPH-0178/,INCLUDED — indexed issue text; visual comparison pending.,PreviousPage exposes indexed text for BMX Action Bike — December 1982/January 1983 — Volume 2 Number 5. This record preserves an issue-specific source occurrence and paraphrased factual details. Page-image comparison remains required before exact-layout quotation or visual identity merging.
PKR-CLM-001,Source record,EPH-0179,Bell lightweight helmet national-poll prize,https://article134-tech.github.io/lititzbmx-public-knowledge-register/records/EPH-0179/,INCLUDED — indexed issue text; visual comparison pending.,PreviousPage exposes indexed text for BMX Action Bike — December 1982/January 1983 — Volume 2 Number 5. This record preserves an issue-specific source occurrence and paraphrased factual details. Page-image comparison remains required before exact-layout quotation or visual identity merging.
PKR-CLM-001,Source record,EPH-0180,Asahi Action Spokes product advertisement,https://article134-tech.github.io/lititzbmx-public-knowledge-register/records/EPH-0180/,INCLUDED — indexed issue text; visual comparison pending.,PreviousPage exposes indexed text for BMX Action Bike — December 1982/January 1983 — Volume 2 Number 5. This record preserves an issue-specific source occurrence and paraphrased factual details. Page-image comparison remains required before exact-layout quotation or visual identity merging.
PKR-CLM-001,Source record,EPH-0181,King Sticker five-sticker and jumbo-pack offer,https://article134-tech.github.io/lititzbmx-public-knowledge-register/records/EPH-0181/,INCLUDED — indexed issue text; visual comparison pending.,PreviousPage exposes indexed text for BMX Action Bike — December 1982/January 1983 — Volume 2 Number 5. This record preserves an issue-specific source occurrence and paraphrased factual details. Page-image comparison remains required before exact-layout quotation or visual identity merging.
PKR-CLM-001,Source record,EPH-0182,Raleigh Pro Burner Christmas price promotion,https://article134-tech.github.io/lititzbmx-public-knowledge-register/records/EPH-0182/,INCLUDED — indexed issue text; visual comparison pending.,PreviousPage exposes indexed text for BMX Action Bike — December 1982/January 1983 — Volume 2 Number 5. This record preserves an issue-specific source occurrence and paraphrased factual details. Page-image comparison remains required before exact-layout quotation or visual identity merging.
PKR-CLM-001,Source record,EPH-0183,Diatron Wildcat convertible helmet launch,https://article134-tech.github.io/lititzbmx-public-knowledge-register/records/EPH-0183/,INCLUDED — indexed issue text; visual comparison pending.,PreviousPage exposes indexed text for BMX Action Bike — December 1982/January 1983 — Volume 2 Number 5. This record preserves an issue-specific source occurrence and paraphrased factual details. Page-image comparison remains required before exact-layout quotation or visual identity merging.
PKR-CLM-001,Source record,EPH-0184,Piranha cast-wheel bicycle launch advertisement,https://article134-tech.github.io/lititzbmx-public-knowledge-register/records/EPH-0184/,INCLUDED — indexed issue text; visual comparison pending.,PreviousPage exposes indexed text for BMX Action Bike — December 1982/January 1983 — Volume 2 Number 5. This record preserves an issue-specific source occurrence and paraphrased factual details. Page-image comparison remains required before exact-layout quotation or visual identity merging.
PKR-CLM-001,Source record,EPH-0185,Hot Wheels BMX Centre imported-product advertisement,https://article134-tech.github.io/lititzbmx-public-knowledge-register/records/EPH-0185/,INCLUDED — indexed issue text; visual comparison pending.,PreviousPage exposes indexed text for BMX Action Bike — December 1982/January 1983 — Volume 2 Number 5. This record preserves an issue-specific source occurrence and paraphrased factual details. Page-image comparison remains required before exact-layout quotation or visual identity merging.
PKR-CLM-001,Source record,EPH-0186,Original and replica Kuwahara E.T. price advertisement,https://article134-tech.github.io/lititzbmx-public-knowledge-register/records/EPH-0186/,INCLUDED — indexed issue text; visual comparison pending.,PreviousPage exposes indexed text for BMX Action Bike — December 1982/January 1983 — Volume 2 Number 5. This record preserves an issue-specific source occurrence and paraphrased factual details. Page-image comparison remains required before exact-layout quotation or visual identity merging.
PKR-CLM-001,Source record,EPH-0187,Nine-bike shootout overview,https://article134-tech.github.io/lititzbmx-public-knowledge-register/records/EPH-0187/,INCLUDED — indexed issue text; visual comparison pending.,PreviousPage exposes indexed text for BMX Action Bike — December 1982/January 1983 — Volume 2 Number 5. This record preserves an issue-specific source occurrence and paraphrased factual details. Page-image comparison remains required before exact-layout quotation or visual identity merging.
PKR-CLM-001,Source record,EPH-0188,Huffy Pro 2 shootout test,https://article134-tech.github.io/lititzbmx-public-knowledge-register/records/EPH-0188/,INCLUDED — indexed issue text; visual comparison pending.,PreviousPage exposes indexed text for BMX Action Bike — December 1982/January 1983 — Volume 2 Number 5. This record preserves an issue-specific source occurrence and paraphrased factual details. Page-image comparison remains required before exact-layout quotation or visual identity merging.
PKR-CLM-001,Source record,EPH-0189,Cycle Pro Macho shootout test,https://article134-tech.github.io/lititzbmx-public-knowledge-register/records/EPH-0189/,INCLUDED — indexed issue text; visual comparison pending.,PreviousPage exposes indexed text for BMX Action Bike — December 1982/January 1983 — Volume 2 Number 5. This record preserves an issue-specific source occurrence and paraphrased factual details. Page-image comparison remains required before exact-layout quotation or visual identity merging.
PKR-CLM-001,Source record,EPH-0190,Falcon BMX shootout test,https://article134-tech.github.io/lititzbmx-public-knowledge-register/records/EPH-0190/,INCLUDED — indexed issue text; visual comparison pending.,PreviousPage exposes indexed text for BMX Action Bike — December 1982/January 1983 — Volume 2 Number 5. This record preserves an issue-specific source occurrence and paraphrased factual details. Page-image comparison remains required before exact-layout quotation or visual identity merging.
PKR-CLM-001,Source record,EPH-0191,California Star and Trax Pro comparison,https://article134-tech.github.io/lititzbmx-public-knowledge-register/records/EPH-0191/,INCLUDED — indexed issue text; visual comparison pending.,PreviousPage exposes indexed text for BMX Action Bike — December 1982/January 1983 — Volume 2 Number 5. This record preserves an issue-specific source occurrence and paraphrased factual details. Page-image comparison remains required before exact-layout quotation or visual identity merging.
PKR-CLM-001,Source record,EPH-0192,ABMX repeat light-and-reflector offer,https://article134-tech.github.io/lititzbmx-public-knowledge-register/records/EPH-0192/,INCLUDED — indexed issue text; visual comparison pending.,PreviousPage exposes indexed text for BMX Action Bike — December 1982/January 1983 — Volume 2 Number 5. This record preserves an issue-specific source occurrence and paraphrased factual details. Page-image comparison remains required before exact-layout quotation or visual identity merging.
PKR-CLM-001,Source record,EPH-0193,Robinson Racing sticker-and-catalogue mailer,https://article134-tech.github.io/lititzbmx-public-knowledge-register/records/EPH-0193/,INCLUDED — indexed issue text; visual comparison pending.,PreviousPage exposes indexed text for BMX Action Bike — December 1982/January 1983 — Volume 2 Number 5. This record preserves an issue-specific source occurrence and paraphrased factual details. Page-image comparison remains required before exact-layout quotation or visual identity merging.
PKR-CLM-001,Source record,EPH-0194,UNI eight-ounce BMX seat launch,https://article134-tech.github.io/lititzbmx-public-knowledge-register/records/EPH-0194/,INCLUDED — indexed issue text; visual comparison pending.,PreviousPage exposes indexed text for BMX Action Bike — February/March 1983 — Volume 2 Number 6. This record preserves an issue-specific source occurrence and paraphrased factual details. Page-image comparison remains required before exact-layout quotation or visual identity merging.
PKR-CLM-001,Source record,EPH-0195,SR Cycles bicycle-reservation and free-delivery offer,https://article134-tech.github.io/lititzbmx-public-knowledge-register/records/EPH-0195/,INCLUDED — indexed issue text; visual comparison pending.,PreviousPage exposes indexed text for BMX Action Bike — February/March 1983 — Volume 2 Number 6. This record preserves an issue-specific source occurrence and paraphrased factual details. Page-image comparison remains required before exact-layout quotation or visual identity merging.
PKR-CLM-001,Source record,EPH-0196,Holdsworth BMX Centres multi-location advertisement,https://article134-tech.github.io/lititzbmx-public-knowledge-register/records/EPH-0196/,INCLUDED — indexed issue text; visual comparison pending.,PreviousPage exposes indexed text for BMX Action Bike — February/March 1983 — Volume 2 Number 6. This record preserves an issue-specific source occurrence and paraphrased factual details. Page-image comparison remains required before exact-layout quotation or visual identity merging.
PKR-CLM-001,Source record,EPH-0197,ABMX light set and reflective-clip offer,https://article134-tech.github.io/lititzbmx-public-knowledge-register/records/EPH-0197/,INCLUDED — indexed issue text; visual comparison pending.,PreviousPage exposes indexed text for BMX Action Bike — February/March 1983 — Volume 2 Number 6. This record preserves an issue-specific source occurrence and paraphrased factual details. Page-image comparison remains required before exact-layout quotation or visual identity merging.
PKR-CLM-001,Source record,EPH-0198,ABMX blue-and-gold binder offer,https://article134-tech.github.io/lititzbmx-public-knowledge-register/records/EPH-0198/,INCLUDED — indexed issue text; visual comparison pending.,PreviousPage exposes indexed text for BMX Action Bike — February/March 1983 — Volume 2 Number 6. This record preserves an issue-specific source occurrence and paraphrased factual details. Page-image comparison remains required before exact-layout quotation or visual identity merging.
PKR-CLM-001,Source record,EPH-0199,ABMX blue-and-yellow race-shirt offer,https://article134-tech.github.io/lititzbmx-public-knowledge-register/records/EPH-0199/,INCLUDED — indexed issue text; visual comparison pending.,PreviousPage exposes indexed text for BMX Action Bike — February/March 1983 — Volume 2 Number 6. This record preserves an issue-specific source occurrence and paraphrased factual details. Page-image comparison remains required before exact-layout quotation or visual identity merging.
PKR-CLM-001,Source record,EPH-0200,Araya ADX-7W aero-rim product notice,https://article134-tech.github.io/lititzbmx-public-knowledge-register/records/EPH-0200/,INCLUDED — indexed issue text; visual comparison pending.,PreviousPage exposes indexed text for BMX Action Bike — February/March 1983 — Volume 2 Number 6. This record preserves an issue-specific source occurrence and paraphrased factual details. Page-image comparison remains required before exact-layout quotation or visual identity merging.
PKR-CLM-001,Source record,EPH-0201,Naga chromoly and fluted-alloy seatpost range,https://article134-tech.github.io/lititzbmx-public-knowledge-register/records/EPH-0201/,INCLUDED — indexed issue text; visual comparison pending.,PreviousPage exposes indexed text for BMX Action Bike — February/March 1983 — Volume 2 Number 6. This record preserves an issue-specific source occurrence and paraphrased factual details. Page-image comparison remains required before exact-layout quotation or visual identity merging.
PKR-CLM-001,Source record,EPH-0202,MKS BM-10 and Grafight-X pedal range,https://article134-tech.github.io/lititzbmx-public-knowledge-register/records/EPH-0202/,INCLUDED — indexed issue text; visual comparison pending.,PreviousPage exposes indexed text for BMX Action Bike — February/March 1983 — Volume 2 Number 6. This record preserves an issue-specific source occurrence and paraphrased factual details. Page-image comparison remains required before exact-layout quotation or visual identity merging.
PKR-CLM-001,Source record,EPH-0203,Raleigh Burner five-model retail price list,https://article134-tech.github.io/lititzbmx-public-knowledge-register/records/EPH-0203/,INCLUDED — indexed issue text; visual comparison pending.,PreviousPage exposes indexed text for BMX Action Bike — February/March 1983 — Volume 2 Number 6. This record preserves an issue-specific source occurrence and paraphrased factual details. Page-image comparison remains required before exact-layout quotation or visual identity merging.
PKR-CLM-001,Source record,EPH-0204,"Max checker hats, jerseys, and race-pants advertisement",https://article134-tech.github.io/lititzbmx-public-knowledge-register/records/EPH-0204/,INCLUDED — indexed issue text; visual comparison pending.,PreviousPage exposes indexed text for BMX Action Bike — February/March 1983 — Volume 2 Number 6. This record preserves an issue-specific source occurrence and paraphrased factual details. Page-image comparison remains required before exact-layout quotation or visual identity merging.
PKR-CLM-001,Source record,EPH-0205,Halfords BMX Nations Cup pre-registration form,https://article134-tech.github.io/lititzbmx-public-knowledge-register/records/EPH-0205/,INCLUDED — indexed issue text; visual comparison pending.,PreviousPage exposes indexed text for BMX Action Bike — February/March 1983 — Volume 2 Number 6. This record preserves an issue-specific source occurrence and paraphrased factual details. Page-image comparison remains required before exact-layout quotation or visual identity merging.
PKR-CLM-001,Source record,EPH-0206,Great Meeting survey and Firebird frame-set competition,https://article134-tech.github.io/lititzbmx-public-knowledge-register/records/EPH-0206/,INCLUDED — indexed issue text; visual comparison pending.,PreviousPage exposes indexed text for BMX Action Bike — February/March 1983 — Volume 2 Number 6. This record preserves an issue-specific source occurrence and paraphrased factual details. Page-image comparison remains required before exact-layout quotation or visual identity merging.
PKR-CLM-001,Source record,EPH-0207,Cycle Trader BMX retail survey issue advertisement,https://article134-tech.github.io/lititzbmx-public-knowledge-register/records/EPH-0207/,INCLUDED — indexed issue text; visual comparison pending.,PreviousPage exposes indexed text for BMX Action Bike — February/March 1983 — Volume 2 Number 6. This record preserves an issue-specific source occurrence and paraphrased factual details. Page-image comparison remains required before exact-layout quotation or visual identity merging.
PKR-CLM-001,Source record,EPH-0208,YES Products word-building competition,https://article134-tech.github.io/lititzbmx-public-knowledge-register/records/EPH-0208/,INCLUDED — indexed issue text; visual comparison pending.,PreviousPage exposes indexed text for BMX Action Bike — February/March 1983 — Volume 2 Number 6. This record preserves an issue-specific source occurrence and paraphrased factual details. Page-image comparison remains required before exact-layout quotation or visual identity merging.
PKR-CLM-001,Source record,EPH-0209,Firebird British chromoly frame-set feature,https://article134-tech.github.io/lititzbmx-public-knowledge-register/records/EPH-0209/,INCLUDED — indexed issue text; visual comparison pending.,PreviousPage exposes indexed text for BMX Action Bike — February/March 1983 — Volume 2 Number 6. This record preserves an issue-specific source occurrence and paraphrased factual details. Page-image comparison remains required before exact-layout quotation or visual identity merging.
PKR-CLM-001,Source record,EPH-0210,Mongoose Pro Class complete-bike test,https://article134-tech.github.io/lititzbmx-public-knowledge-register/records/EPH-0210/,INCLUDED — indexed issue text; visual comparison pending.,PreviousPage exposes indexed text for BMX Action Bike — February/March 1983 — Volume 2 Number 6. This record preserves an issue-specific source occurrence and paraphrased factual details. Page-image comparison remains required before exact-layout quotation or visual identity merging.
PKR-CLM-001,Source record,EPH-0211,Mongoose Pro Class lightweight wheel system,https://article134-tech.github.io/lititzbmx-public-knowledge-register/records/EPH-0211/,INCLUDED — indexed issue text; visual comparison pending.,PreviousPage exposes indexed text for BMX Action Bike — February/March 1983 — Volume 2 Number 6. This record preserves an issue-specific source occurrence and paraphrased factual details. Page-image comparison remains required before exact-layout quotation or visual identity merging.
PKR-CLM-001,Source record,EPH-0212,Bournemouth BMX track-focus report,https://article134-tech.github.io/lititzbmx-public-knowledge-register/records/EPH-0212/,INCLUDED — indexed issue text; visual comparison pending.,PreviousPage exposes indexed text for BMX Action Bike — February/March 1983 — Volume 2 Number 6. This record preserves an issue-specific source occurrence and paraphrased factual details. Page-image comparison remains required before exact-layout quotation or visual identity merging.
PKR-CLM-001,Source record,EPH-0213,Diatron Wildcat helmet and race-pants advertisement,https://article134-tech.github.io/lititzbmx-public-knowledge-register/records/EPH-0213/,INCLUDED — indexed issue text; visual comparison pending.,PreviousPage exposes indexed text for BMX Action Bike — February/March 1983 — Volume 2 Number 6. This record preserves an issue-specific source occurrence and paraphrased factual details. Page-image comparison remains required before exact-layout quotation or visual identity merging.
PKR-CLM-001,Source record,EPH-0214,Surrey BMX Kuwahara complete-bike price list,https://article134-tech.github.io/lititzbmx-public-knowledge-register/records/EPH-0214/,INCLUDED — indexed issue text; visual comparison pending.,PreviousPage exposes indexed text for BMX Action Bike — February/March 1983 — Volume 2 Number 6. This record preserves an issue-specific source occurrence and paraphrased factual details. Page-image comparison remains required before exact-layout quotation or visual identity merging.
PKR-CLM-001,Source record,EPH-0215,Surrey BMX frame-and-fork price list,https://article134-tech.github.io/lititzbmx-public-knowledge-register/records/EPH-0215/,INCLUDED — indexed issue text; visual comparison pending.,PreviousPage exposes indexed text for BMX Action Bike — February/March 1983 — Volume 2 Number 6. This record preserves an issue-specific source occurrence and paraphrased factual details. Page-image comparison remains required before exact-layout quotation or visual identity merging.
PKR-CLM-001,Source record,EPH-0216,Surrey BMX wheel-system price list,https://article134-tech.github.io/lititzbmx-public-knowledge-register/records/EPH-0216/,INCLUDED — indexed issue text; visual comparison pending.,PreviousPage exposes indexed text for BMX Action Bike — February/March 1983 — Volume 2 Number 6. This record preserves an issue-specific source occurrence and paraphrased factual details. Page-image comparison remains required before exact-layout quotation or visual identity merging.
PKR-CLM-001,Source record,EPH-0217,Hadley precision bottom-bracket listing,https://article134-tech.github.io/lititzbmx-public-knowledge-register/records/EPH-0217/,INCLUDED — indexed issue text; visual comparison pending.,PreviousPage exposes indexed text for BMX Action Bike — February/March 1983 — Volume 2 Number 6. This record preserves an issue-specific source occurrence and paraphrased factual details. Page-image comparison remains required before exact-layout quotation or visual identity merging.
PKR-CLM-001,Source record,EPH-0218,Haro Freestyle Moves book offer,https://article134-tech.github.io/lititzbmx-public-knowledge-register/records/EPH-0218/,INCLUDED — indexed issue text; visual comparison pending.,PreviousPage exposes indexed text for BMX Action Bike — February/March 1983 — Volume 2 Number 6. This record preserves an issue-specific source occurrence and paraphrased factual details. Page-image comparison remains required before exact-layout quotation or visual identity merging.
PKR-CLM-001,Source record,EPH-0219,Redline Flight Cranks 401 Series listing,https://article134-tech.github.io/lititzbmx-public-knowledge-register/records/EPH-0219/,INCLUDED — indexed issue text; visual comparison pending.,PreviousPage exposes indexed text for BMX Action Bike — February/March 1983 — Volume 2 Number 6. This record preserves an issue-specific source occurrence and paraphrased factual details. Page-image comparison remains required before exact-layout quotation or visual identity merging.
PKR-CLM-001,Source record,EPH-0220,Vans Style 95 BMX shoe listing,https://article134-tech.github.io/lititzbmx-public-knowledge-register/records/EPH-0220/,INCLUDED — indexed issue text; visual comparison pending.,PreviousPage exposes indexed text for BMX Action Bike — February/March 1983 — Volume 2 Number 6. This record preserves an issue-specific source occurrence and paraphrased factual details. Page-image comparison remains required before exact-layout quotation or visual identity merging.
PKR-CLM-001,Source record,EPH-0221,ABMX national track-list publication,https://article134-tech.github.io/lititzbmx-public-knowledge-register/records/EPH-0221/,INCLUDED — indexed issue text; visual comparison pending.,PreviousPage exposes indexed text for BMX Action Bike — February/March 1983 — Volume 2 Number 6. This record preserves an issue-specific source occurrence and paraphrased factual details. Page-image comparison remains required before exact-layout quotation or visual identity merging.
PKR-CLM-001,Source record,EPH-0222,California Lite pad-system advertisement,https://article134-tech.github.io/lititzbmx-public-knowledge-register/records/EPH-0222/,INCLUDED — indexed issue text; visual comparison pending.,PreviousPage exposes indexed text for BMX Action Bike — April/May 1983 — Volume 2 Number 7. This record preserves an issue-specific source occurrence and paraphrased factual details. Page-image comparison remains required before exact-layout quotation or visual identity merging.
PKR-CLM-001,Source record,EPH-0223,Strongs headset-bearing protector offer,https://article134-tech.github.io/lititzbmx-public-knowledge-register/records/EPH-0223/,INCLUDED — indexed issue text; visual comparison pending.,PreviousPage exposes indexed text for BMX Action Bike — April/May 1983 — Volume 2 Number 7. This record preserves an issue-specific source occurrence and paraphrased factual details. Page-image comparison remains required before exact-layout quotation or visual identity merging.
PKR-CLM-001,Source record,EPH-0224,Strongs BMX race-shirt offer,https://article134-tech.github.io/lititzbmx-public-knowledge-register/records/EPH-0224/,INCLUDED — indexed issue text; visual comparison pending.,PreviousPage exposes indexed text for BMX Action Bike — April/May 1983 — Volume 2 Number 7. This record preserves an issue-specific source occurrence and paraphrased factual details. Page-image comparison remains required before exact-layout quotation or visual identity merging.
PKR-CLM-001,Source record,EPH-0225,Strongs free sticker-brochure mailer,https://article134-tech.github.io/lititzbmx-public-knowledge-register/records/EPH-0225/,INCLUDED — indexed issue text; visual comparison pending.,PreviousPage exposes indexed text for BMX Action Bike — April/May 1983 — Volume 2 Number 7. This record preserves an issue-specific source occurrence and paraphrased factual details. Page-image comparison remains required before exact-layout quotation or visual identity merging.
PKR-CLM-001,Source record,EPH-0226,Best of 1982 national reader-poll results,https://article134-tech.github.io/lititzbmx-public-knowledge-register/records/EPH-0226/,INCLUDED — indexed issue text; visual comparison pending.,PreviousPage exposes indexed text for BMX Action Bike — April/May 1983 — Volume 2 Number 7. This record preserves an issue-specific source occurrence and paraphrased factual details. Page-image comparison remains required before exact-layout quotation or visual identity merging.
PKR-CLM-001,Source record,EPH-0227,Scottish BMX Association formation notice,https://article134-tech.github.io/lititzbmx-public-knowledge-register/records/EPH-0227/,INCLUDED — indexed issue text; visual comparison pending.,PreviousPage exposes indexed text for BMX Action Bike — April/May 1983 — Volume 2 Number 7. This record preserves an issue-specific source occurrence and paraphrased factual details. Page-image comparison remains required before exact-layout quotation or visual identity merging.
PKR-CLM-001,Source record,EPH-0228,Northern Leisure open-meeting series notice,https://article134-tech.github.io/lititzbmx-public-knowledge-register/records/EPH-0228/,INCLUDED — indexed issue text; visual comparison pending.,PreviousPage exposes indexed text for BMX Action Bike — April/May 1983 — Volume 2 Number 7. This record preserves an issue-specific source occurrence and paraphrased factual details. Page-image comparison remains required before exact-layout quotation or visual identity merging.
PKR-CLM-001,Source record,EPH-0229,Silverfox complete-bike reader giveaway,https://article134-tech.github.io/lititzbmx-public-knowledge-register/records/EPH-0229/,INCLUDED — indexed issue text; visual comparison pending.,PreviousPage exposes indexed text for BMX Action Bike — April/May 1983 — Volume 2 Number 7. This record preserves an issue-specific source occurrence and paraphrased factual details. Page-image comparison remains required before exact-layout quotation or visual identity merging.
PKR-CLM-001,Source record,EPH-0230,Harry Leary and Andy Patterson starting guide,https://article134-tech.github.io/lititzbmx-public-knowledge-register/records/EPH-0230/,INCLUDED — indexed issue text; visual comparison pending.,PreviousPage exposes indexed text for BMX Action Bike — April/May 1983 — Volume 2 Number 7. This record preserves an issue-specific source occurrence and paraphrased factual details. Page-image comparison remains required before exact-layout quotation or visual identity merging.
PKR-CLM-001,Source record,EPH-0231,Haro Freestyle Moves equipment chapter,https://article134-tech.github.io/lititzbmx-public-knowledge-register/records/EPH-0231/,INCLUDED — indexed issue text; visual comparison pending.,PreviousPage exposes indexed text for BMX Action Bike — April/May 1983 — Volume 2 Number 7. This record preserves an issue-specific source occurrence and paraphrased factual details. Page-image comparison remains required before exact-layout quotation or visual identity merging.
PKR-CLM-001,Source record,EPH-0232,ABMX free private Sales and Swaps service,https://article134-tech.github.io/lititzbmx-public-knowledge-register/records/EPH-0232/,INCLUDED — indexed issue text; visual comparison pending.,PreviousPage exposes indexed text for BMX Action Bike — April/May 1983 — Volume 2 Number 7. This record preserves an issue-specific source occurrence and paraphrased factual details. Page-image comparison remains required before exact-layout quotation or visual identity merging.
PKR-CLM-001,Source record,EPH-0233,City BMX race-pants mail-order offer,https://article134-tech.github.io/lititzbmx-public-knowledge-register/records/EPH-0233/,INCLUDED — indexed issue text; visual comparison pending.,PreviousPage exposes indexed text for BMX Action Bike — April/May 1983 — Volume 2 Number 7. This record preserves an issue-specific source occurrence and paraphrased factual details. Page-image comparison remains required before exact-layout quotation or visual identity merging.
PKR-CLM-001,Source record,EPH-0234,City BMX lightweight race-helmet offer,https://article134-tech.github.io/lititzbmx-public-knowledge-register/records/EPH-0234/,INCLUDED — indexed issue text; visual comparison pending.,PreviousPage exposes indexed text for BMX Action Bike — April/May 1983 — Volume 2 Number 7. This record preserves an issue-specific source occurrence and paraphrased factual details. Page-image comparison remains required before exact-layout quotation or visual identity merging.
PKR-CLM-001,Source record,EPH-0235,City BMX shoulder-protector offer,https://article134-tech.github.io/lititzbmx-public-knowledge-register/records/EPH-0235/,INCLUDED — indexed issue text; visual comparison pending.,PreviousPage exposes indexed text for BMX Action Bike — April/May 1983 — Volume 2 Number 7. This record preserves an issue-specific source occurrence and paraphrased factual details. Page-image comparison remains required before exact-layout quotation or visual identity merging.
PKR-CLM-001,Source record,EPH-0236,Hot Wheels BMX Centre opening offers,https://article134-tech.github.io/lititzbmx-public-knowledge-register/records/EPH-0236/,INCLUDED — indexed issue text; visual comparison pending.,PreviousPage exposes indexed text for BMX Action Bike — April/May 1983 — Volume 2 Number 7. This record preserves an issue-specific source occurrence and paraphrased factual details. Page-image comparison remains required before exact-layout quotation or visual identity merging.
PKR-CLM-001,Source record,EPH-0237,"Haro Freestyler, Kuwahara Oval, CW, and SE Floval stock notice",https://article134-tech.github.io/lititzbmx-public-knowledge-register/records/EPH-0237/,INCLUDED — indexed issue text; visual comparison pending.,PreviousPage exposes indexed text for BMX Action Bike — April/May 1983 — Volume 2 Number 7. This record preserves an issue-specific source occurrence and paraphrased factual details. Page-image comparison remains required before exact-layout quotation or visual identity merging.
PKR-CLM-001,Source record,EPH-0238,King Sticker five-pack and jumbo-pack offer,https://article134-tech.github.io/lititzbmx-public-knowledge-register/records/EPH-0238/,INCLUDED — indexed issue text; visual comparison pending.,PreviousPage exposes indexed text for BMX Action Bike — April/May 1983 — Volume 2 Number 7. This record preserves an issue-specific source occurrence and paraphrased factual details. Page-image comparison remains required before exact-layout quotation or visual identity merging.
PKR-CLM-001,Source record,EPH-0239,NBMXA race-licence and rule-book offer,https://article134-tech.github.io/lititzbmx-public-knowledge-register/records/EPH-0239/,INCLUDED — indexed issue text; visual comparison pending.,PreviousPage exposes indexed text for BMX Action Bike — April/May 1983 — Volume 2 Number 7. This record preserves an issue-specific source occurrence and paraphrased factual details. Page-image comparison remains required before exact-layout quotation or visual identity merging.
PKR-CLM-001,Source record,EPH-0240,Hotshot price-list and free-sticker mailer,https://article134-tech.github.io/lititzbmx-public-knowledge-register/records/EPH-0240/,INCLUDED — indexed issue text; visual comparison pending.,PreviousPage exposes indexed text for BMX Action Bike — April/May 1983 — Volume 2 Number 7. This record preserves an issue-specific source occurrence and paraphrased factual details. Page-image comparison remains required before exact-layout quotation or visual identity merging.
PKR-CLM-001,Source record,EPH-0241,Huffy Pro Lightning complete-bike test,https://article134-tech.github.io/lititzbmx-public-knowledge-register/records/EPH-0241/,INCLUDED — indexed issue text; visual comparison pending.,PreviousPage exposes indexed text for BMX Action Bike — April/May 1983 — Volume 2 Number 7. This record preserves an issue-specific source occurrence and paraphrased factual details. Page-image comparison remains required before exact-layout quotation or visual identity merging.
PKR-CLM-001,Source record,EPH-0242,Halfords BMX accessories range advertisement,https://article134-tech.github.io/lititzbmx-public-knowledge-register/records/EPH-0242/,INCLUDED — indexed issue text; visual comparison pending.,PreviousPage exposes indexed text for BMX Action Bike — April/May 1983 — Volume 2 Number 7. This record preserves an issue-specific source occurrence and paraphrased factual details. Page-image comparison remains required before exact-layout quotation or visual identity merging.
PKR-CLM-001,Source record,EPH-0243,Huffy Pro Lightning specification and retail-price record,https://article134-tech.github.io/lititzbmx-public-knowledge-register/records/EPH-0243/,INCLUDED — indexed issue text; visual comparison pending.,PreviousPage exposes indexed text for BMX Action Bike — April/May 1983 — Volume 2 Number 7. This record preserves an issue-specific source occurrence and paraphrased factual details. Page-image comparison remains required before exact-layout quotation or visual identity merging.
PKR-CLM-001,Source record,EPH-0244,Ride-On sealed-bearing mag-wheel hub kit,https://article134-tech.github.io/lititzbmx-public-knowledge-register/records/EPH-0244/,INCLUDED — indexed issue text; visual comparison pending.,PreviousPage exposes indexed text for BMX Action Bike — April/May 1983 — Volume 2 Number 7. This record preserves an issue-specific source occurrence and paraphrased factual details. Page-image comparison remains required before exact-layout quotation or visual identity merging.
PKR-CLM-001,Source record,EPH-0245,Sharp Racing Products bottom-bracket boot,https://article134-tech.github.io/lititzbmx-public-knowledge-register/records/EPH-0245/,INCLUDED — indexed issue text; visual comparison pending.,PreviousPage exposes indexed text for BMX Action Bike — April/May 1983 — Volume 2 Number 7. This record preserves an issue-specific source occurrence and paraphrased factual details. Page-image comparison remains required before exact-layout quotation or visual identity merging.
PKR-CLM-001,Source record,EPH-0246,Lee Cooper Ready to Go BMX video,https://article134-tech.github.io/lititzbmx-public-knowledge-register/records/EPH-0246/,INCLUDED — indexed issue text; visual comparison pending.,PreviousPage exposes indexed text for BMX Action Bike — April/May 1983 — Volume 2 Number 7. This record preserves an issue-specific source occurrence and paraphrased factual details. Page-image comparison remains required before exact-layout quotation or visual identity merging.
PKR-CLM-001,Source record,EPH-0247,USA professional BMX action video,https://article134-tech.github.io/lititzbmx-public-knowledge-register/records/EPH-0247/,INCLUDED — indexed issue text; visual comparison pending.,PreviousPage exposes indexed text for BMX Action Bike — April/May 1983 — Volume 2 Number 7. This record preserves an issue-specific source occurrence and paraphrased factual details. Page-image comparison remains required before exact-layout quotation or visual identity merging.
PKR-CLM-001,Source record,EPH-0248,BMX Action Bike six-issue subscription offer,https://article134-tech.github.io/lititzbmx-public-knowledge-register/records/EPH-0248/,INCLUDED — indexed issue text; visual comparison pending.,PreviousPage exposes indexed text for BMX Action Bike — April/May 1983 — Volume 2 Number 7. This record preserves an issue-specific source occurrence and paraphrased factual details. Page-image comparison remains required before exact-layout quotation or visual identity merging.
PKR-CLM-001,Source record,EPH-0249,Yamaha professional racing-outfit competition,https://article134-tech.github.io/lititzbmx-public-knowledge-register/records/EPH-0249/,INCLUDED — indexed issue text; visual comparison pending.,PreviousPage exposes indexed text for BMX Action Bike — April/May 1983 — Volume 2 Number 7. This record preserves an issue-specific source occurrence and paraphrased factual details. Page-image comparison remains required before exact-layout quotation or visual identity merging.
PKR-CLM-001,Source record,EPH-0250,Gainsborough Firebird frame-and-fork retail offer,https://article134-tech.github.io/lititzbmx-public-knowledge-register/records/EPH-0250/,INCLUDED — indexed issue text; visual comparison pending.,PreviousPage exposes indexed text for BMX Action Bike — April/May 1983 — Volume 2 Number 7. This record preserves an issue-specific source occurrence and paraphrased factual details. Page-image comparison remains required before exact-layout quotation or visual identity merging.
PKR-CLM-002,Canonical object,OBJ-0001,1996 GT/Dyno — The BMX & Freestyle Catalog,https://article134-tech.github.io/lititzbmx-public-knowledge-register/objects/index.html#OBJ-0001,Lead — locate exact reference ID and edition/page count.,2 source occurrence(s): EPH-0001 | EPH-0018
PKR-CLM-002,Canonical object,OBJ-0002,1992 GT/Dyno Product Catalog,https://article134-tech.github.io/lititzbmx-public-knowledge-register/objects/index.html#OBJ-0002,Lead — locate exact reference and compare with independent catalog archives.,2 source occurrence(s): EPH-0002 | EPH-0017
PKR-CLM-002,Canonical object,OBJ-0003,1999 GT/Dyno BMX/Freestyle — Part 2,https://article134-tech.github.io/lititzbmx-public-knowledge-register/objects/index.html#OBJ-0003,"Lead — locate part 1, exact reference IDs and page ranges.",2 source occurrence(s): EPH-0003 | EPH-0019
PKR-CLM-002,Canonical object,OBJ-0004,1990 Haro BMX Catalog,https://article134-tech.github.io/lititzbmx-public-knowledge-register/objects/index.html#OBJ-0004,Verified catalog existence — recover exact BMXMuseum ID and compare editions/pages.,2 source occurrence(s): EPH-0004 | EPH-0023
PKR-CLM-002,Canonical object,OBJ-0005,1987 Dia-Compe 182 Aerial Brake Lever,https://article134-tech.github.io/lititzbmx-public-knowledge-register/objects/index.html#OBJ-0005,"Lead — identify publication, page and exact BMXMuseum reference.",1 source occurrence(s): EPH-0005
PKR-CLM-002,Canonical object,OBJ-0006,Ashtabula component catalog,https://article134-tech.github.io/lititzbmx-public-knowledge-register/objects/index.html#OBJ-0006,Exact reference recovered — inspect edition/page structure only through permitted access.,2 source occurrence(s): EPH-0006 | EPH-0031
PKR-CLM-002,Canonical object,OBJ-0007,1997 Hoffman catalog — George model specification,https://article134-tech.github.io/lititzbmx-public-knowledge-register/objects/index.html#OBJ-0007,Open — record exact page and compare with other Hoffman catalogs.,1 source occurrence(s): EPH-0007
PKR-CLM-002,Canonical object,OBJ-0008,Tioga Rhino III frame advertisement,https://article134-tech.github.io/lititzbmx-public-knowledge-register/objects/index.html#OBJ-0008,"Lead — recover exact thread, magazine issue and page.",1 source occurrence(s): EPH-0008
PKR-CLM-002,Canonical object,OBJ-0009,First Torker advertisement in BMX Weekly,https://article134-tech.github.io/lititzbmx-public-knowledge-register/objects/index.html#OBJ-0009,Priority — locate the period issue and ad image lawfully.,2 source occurrence(s): EPH-0009 | EPH-0047
PKR-CLM-002,Canonical object,OBJ-0010,First Red Line magazine advertisement featuring John Palfreyman,https://article134-tech.github.io/lititzbmx-public-knowledge-register/objects/index.html#OBJ-0010,"Priority — identify magazine, issue, page and product shown.",2 source occurrence(s): EPH-0010 | EPH-0037
PKR-CLM-002,Canonical object,OBJ-0011,JMC Racing Fliers and Price List,https://article134-tech.github.io/lititzbmx-public-knowledge-register/objects/index.html#OBJ-0011,"Priority — locate exact reference ID, count pages and transcribe only clearly labeled factual price fields.",1 source occurrence(s): EPH-0011
PKR-CLM-002,Canonical object,OBJ-0012,Vintage JMC Racing Equipment dealer's price list from Azusa collection,https://article134-tech.github.io/lititzbmx-public-knowledge-register/objects/index.html#OBJ-0012,Corroboration lead — do not merge with BMXMuseum set until directly compared.,1 source occurrence(s): EPH-0012
PKR-CLM-002,Canonical object,OBJ-0013,July 1979 JMC advertisement,https://article134-tech.github.io/lititzbmx-public-knowledge-register/objects/index.html#OBJ-0013,Included — index metadata; do not reproduce image or extended copy.,1 source occurrence(s): EPH-0013
PKR-CLM-002,Canonical object,OBJ-0014,April 1981 JMC advertisement,https://article134-tech.github.io/lititzbmx-public-knowledge-register/objects/index.html#OBJ-0014,Included — preserve claim-level evidence and recover page/issue details.,1 source occurrence(s): EPH-0014
PKR-CLM-002,Canonical object,OBJ-0015,1981 JMC Factory Team advertisement,https://article134-tech.github.io/lititzbmx-public-knowledge-register/objects/index.html#OBJ-0015,Included — identify publication/issue and riders shown before detailed extraction.,1 source occurrence(s): EPH-0015
PKR-CLM-002,Canonical object,OBJ-0016,JMC 3.1 XL naming-contest announcement,https://article134-tech.github.io/lititzbmx-public-knowledge-register/objects/index.html#OBJ-0016,Lead — locate the ABA paper issue and announcement; do not imply an exact scan has been found.,1 source occurrence(s): EPH-0016
PKR-CLM-002,Canonical object,OBJ-0017,Dynamic BMX complete-bike price advertisement,https://article134-tech.github.io/lititzbmx-public-knowledge-register/objects/index.html#OBJ-0017,INCLUDED — clear prices only,1 source occurrence(s): EPH-0020
PKR-CLM-002,Canonical object,OBJ-0018,Complete-bike mail-order price advertisement,https://article134-tech.github.io/lititzbmx-public-knowledge-register/objects/index.html#OBJ-0018,INCLUDED — clear prices only,1 source occurrence(s): EPH-0021
PKR-CLM-002,Canonical object,OBJ-0019,BMX Plus! / GT Hide-A-Contest entry form,https://article134-tech.github.io/lititzbmx-public-knowledge-register/objects/index.html#OBJ-0019,INCLUDED — bibliographic facts; prize details open,2 source occurrence(s): EPH-0022 | EPH-0053
PKR-CLM-002,Canonical object,OBJ-0020,1990 Haro Group 1A,https://article134-tech.github.io/lititzbmx-public-knowledge-register/objects/index.html#OBJ-0020,INCLUDED WITH ATTRIBUTION,1 source occurrence(s): EPH-0024
PKR-CLM-002,Canonical object,OBJ-0021,1990 Haro Group 1B,https://article134-tech.github.io/lititzbmx-public-knowledge-register/objects/index.html#OBJ-0021,INCLUDED WITH ATTRIBUTION,1 source occurrence(s): EPH-0025
PKR-CLM-002,Canonical object,OBJ-0022,1990 Haro Group 1C,https://article134-tech.github.io/lititzbmx-public-knowledge-register/objects/index.html#OBJ-0022,INCLUDED WITH ATTRIBUTION,1 source occurrence(s): EPH-0026
PKR-CLM-002,Canonical object,OBJ-0023,1990 Haro Master / Team Master,https://article134-tech.github.io/lititzbmx-public-knowledge-register/objects/index.html#OBJ-0023,INCLUDED WITH ATTRIBUTION,1 source occurrence(s): EPH-0027
PKR-CLM-002,Canonical object,OBJ-0024,1990 Haro Invert,https://article134-tech.github.io/lititzbmx-public-knowledge-register/objects/index.html#OBJ-0024,INCLUDED WITH ATTRIBUTION,1 source occurrence(s): EPH-0028
PKR-CLM-002,Canonical object,OBJ-0025,1990 Haro Shredder,https://article134-tech.github.io/lititzbmx-public-knowledge-register/objects/index.html#OBJ-0025,OPEN — locate original catalog page,1 source occurrence(s): EPH-0029
PKR-CLM-002,Canonical object,OBJ-0026,1991 Haro/Fusion catalog offer,https://article134-tech.github.io/lititzbmx-public-knowledge-register/objects/index.html#OBJ-0026,INCLUDED — mailer object,2 source occurrence(s): EPH-0030 | EPH-0055
PKR-CLM-002,Canonical object,OBJ-0027,Ashtabula crank length range,https://article134-tech.github.io/lititzbmx-public-knowledge-register/objects/index.html#OBJ-0027,INCLUDED WITH ATTRIBUTION,1 source occurrence(s): EPH-0032
PKR-CLM-002,Canonical object,OBJ-0028,Ashtabula fork sizing and 6-3/4-inch steerer discussion,https://article134-tech.github.io/lititzbmx-public-knowledge-register/objects/index.html#OBJ-0028,INCLUDED WITH ATTRIBUTION,1 source occurrence(s): EPH-0033
PKR-CLM-002,Canonical object,OBJ-0029,Mongoose 1979/80 catalog — Ashtabula one-piece cranks,https://article134-tech.github.io/lititzbmx-public-knowledge-register/objects/index.html#OBJ-0029,INCLUDED — visual page inspected,1 source occurrence(s): EPH-0034
PKR-CLM-002,Canonical object,OBJ-0030,Mongoose 1976–77 accessories — Ashtabula/Cecor pedals,https://article134-tech.github.io/lititzbmx-public-knowledge-register/objects/index.html#OBJ-0030,INCLUDED — visual page inspected,1 source occurrence(s): EPH-0035
PKR-CLM-002,Canonical object,OBJ-0031,1978 Redline product catalog,https://article134-tech.github.io/lititzbmx-public-knowledge-register/objects/index.html#OBJ-0031,INCLUDED WITH ATTRIBUTION,1 source occurrence(s): EPH-0036
PKR-CLM-002,Canonical object,OBJ-0032,RL 20 II Prostyler first dedicated freestyle kit,https://article134-tech.github.io/lititzbmx-public-knowledge-register/objects/index.html#OBJ-0032,INCLUDED WITH ATTRIBUTION,1 source occurrence(s): EPH-0038
PKR-CLM-002,Canonical object,OBJ-0033,Vintage Mongoose catalog and dealer-price archive,https://article134-tech.github.io/lititzbmx-public-knowledge-register/objects/index.html#OBJ-0033,INCLUDED — discovery hub,1 source occurrence(s): EPH-0039
PKR-CLM-002,Canonical object,OBJ-0034,1976–77 Bicycle and Components Catalog,https://article134-tech.github.io/lititzbmx-public-knowledge-register/objects/index.html#OBJ-0034,INCLUDED — page inspected,1 source occurrence(s): EPH-0040
PKR-CLM-002,Canonical object,OBJ-0035,1979/80 Bicycle and Components Catalog,https://article134-tech.github.io/lititzbmx-public-knowledge-register/objects/index.html#OBJ-0035,INCLUDED — page inspected,1 source occurrence(s): EPH-0041
PKR-CLM-002,Canonical object,OBJ-0036,1985 Repco price list — Mongoose and parts,https://article134-tech.github.io/lititzbmx-public-knowledge-register/objects/index.html#OBJ-0036,INCLUDED WITH CURRENCY CAUTION,1 source occurrence(s): EPH-0042
PKR-CLM-002,Canonical object,OBJ-0037,PK Ripper late-1970s debut,https://article134-tech.github.io/lititzbmx-public-knowledge-register/objects/index.html#OBJ-0037,INCLUDED WITH ATTRIBUTION,1 source occurrence(s): EPH-0043
PKR-CLM-002,Canonical object,OBJ-0038,Perry Kramer initials on PK Ripper,https://article134-tech.github.io/lititzbmx-public-knowledge-register/objects/index.html#OBJ-0038,INCLUDED — relationship evidence,1 source occurrence(s): EPH-0044
PKR-CLM-002,Canonical object,OBJ-0039,Silver Streak team advertisement and product naming,https://article134-tech.github.io/lititzbmx-public-knowledge-register/objects/index.html#OBJ-0039,INCLUDED — campaign object,1 source occurrence(s): EPH-0045
PKR-CLM-002,Canonical object,OBJ-0040,Free Diamond Back and Pro Star info pack and decal,https://article134-tech.github.io/lititzbmx-public-knowledge-register/objects/index.html#OBJ-0040,INCLUDED — mailer/flyer lead,2 source occurrence(s): EPH-0046 | EPH-0054
PKR-CLM-002,Canonical object,OBJ-0041,Fullerton-era Torker model archive,https://article134-tech.github.io/lititzbmx-public-knowledge-register/objects/index.html#OBJ-0041,INCLUDED — discovery and verification hub,1 source occurrence(s): EPH-0048
PKR-CLM-002,Canonical object,OBJ-0042,1979 National Number One team / 1980 world-pro chronology,https://article134-tech.github.io/lititzbmx-public-knowledge-register/objects/index.html#OBJ-0042,INCLUDED WITH ATTRIBUTION,1 source occurrence(s): EPH-0049
PKR-CLM-002,Canonical object,OBJ-0043,Pontin's BMX Open Championships & Trade Exhibition,https://article134-tech.github.io/lititzbmx-public-knowledge-register/objects/index.html#OBJ-0043,INCLUDED — exact dates/venue,1 source occurrence(s): EPH-0050
PKR-CLM-002,Canonical object,OBJ-0044,Lee Cooper BMX Indoor Grand Prix pre-registration,https://article134-tech.github.io/lititzbmx-public-knowledge-register/objects/index.html#OBJ-0044,INCLUDED — exact dates pending,1 source occurrence(s): EPH-0051
PKR-CLM-002,Canonical object,OBJ-0045,AFA Expert & Pro Contest — Austin,https://article134-tech.github.io/lititzbmx-public-knowledge-register/objects/index.html#OBJ-0045,INCLUDED,1 source occurrence(s): EPH-0052
PKR-CLM-002,Canonical object,OBJ-0046,Send SAE for price list and free sticker,https://article134-tech.github.io/lititzbmx-public-knowledge-register/objects/index.html#OBJ-0046,INCLUDED WITH LIMITS,1 source occurrence(s): EPH-0056
PKR-CLM-002,Canonical object,OBJ-0047,"Ramp Jam — Moorhead, Minnesota",https://article134-tech.github.io/lititzbmx-public-knowledge-register/objects/index.html#OBJ-0047,INCLUDED — venue open,1 source occurrence(s): EPH-0057
PKR-CLM-002,Canonical object,OBJ-0048,DYNO Tour promotional stop listing,https://article134-tech.github.io/lititzbmx-public-knowledge-register/objects/index.html#OBJ-0048,INCLUDED — stops pending,1 source occurrence(s): EPH-0058
PKR-CLM-002,Canonical object,OBJ-0049,Diamond Back Silver Streak free draw at Lee Cooper event,https://article134-tech.github.io/lititzbmx-public-knowledge-register/objects/index.html#OBJ-0049,INCLUDED,1 source occurrence(s): EPH-0059
PKR-CLM-002,Canonical object,OBJ-0050,Langsett Cycles BMX product advertisement,https://article134-tech.github.io/lititzbmx-public-knowledge-register/objects/index.html#OBJ-0050,INCLUDED — deeper transcription deferred,1 source occurrence(s): EPH-0060
PKR-CLM-002,Canonical object,OBJ-0051,SR Cycles product and team promotion,https://article134-tech.github.io/lititzbmx-public-knowledge-register/objects/index.html#OBJ-0051,INCLUDED,1 source occurrence(s): EPH-0061
PKR-CLM-002,Canonical object,OBJ-0052,Midlands Cycles BMX mail-order special offers,https://article134-tech.github.io/lititzbmx-public-knowledge-register/objects/index.html#OBJ-0052,RETAIN — unique issue object,Single source occurrence: EPH-0062.
PKR-CLM-002,Canonical object,OBJ-0053,Serval Marketing BMX product list and recommended-prices offer,https://article134-tech.github.io/lititzbmx-public-knowledge-register/objects/index.html#OBJ-0053,RETAIN — unique issue object,Single source occurrence: EPH-0063.
PKR-CLM-002,Canonical object,OBJ-0054,Strongs Cycles Kuwahara and Red Line frame/component advertisement,https://article134-tech.github.io/lititzbmx-public-knowledge-register/objects/index.html#OBJ-0054,RETAIN — unique issue object,Single source occurrence: EPH-0064.
PKR-CLM-002,Canonical object,OBJ-0055,Gecko BMX product range and free Redline/Kuwahara patch offer,https://article134-tech.github.io/lititzbmx-public-knowledge-register/objects/index.html#OBJ-0055,RETAIN — unique issue object,Single source occurrence: EPH-0065.
PKR-CLM-002,Canonical object,OBJ-0056,Hotshot BMX complete-bike special and free price-list/sticker offer,https://article134-tech.github.io/lititzbmx-public-knowledge-register/objects/index.html#OBJ-0056,RETAIN — unique issue object,Single source occurrence: EPH-0066.
PKR-CLM-002,Canonical object,OBJ-0057,BMX Action Bike London Dungeon caption competition,https://article134-tech.github.io/lititzbmx-public-knowledge-register/objects/index.html#OBJ-0057,RETAIN — unique issue object,Single source occurrence: EPH-0067.
PKR-CLM-002,Canonical object,OBJ-0058,BMX Action Bike GT Pro 4 bicycle giveaway,https://article134-tech.github.io/lititzbmx-public-knowledge-register/objects/index.html#OBJ-0058,RETAIN — unique issue object,Single source occurrence: EPH-0068.
PKR-CLM-002,Canonical object,OBJ-0059,Kenda Karate free sticker mailer,https://article134-tech.github.io/lititzbmx-public-knowledge-register/objects/index.html#OBJ-0059,RETAIN — unique issue object,Single source occurrence: EPH-0069.
PKR-CLM-002,Canonical object,OBJ-0060,BMX Action Bike track and club list mailer,https://article134-tech.github.io/lititzbmx-public-knowledge-register/objects/index.html#OBJ-0060,RETAIN — unique issue object,Single source occurrence: EPH-0070.
PKR-CLM-002,Canonical object,OBJ-0061,SJK Hurricane complete bike and frame-kit advertisement,https://article134-tech.github.io/lititzbmx-public-knowledge-register/objects/index.html#OBJ-0061,RETAIN — unique issue object,Single source occurrence: EPH-0071.
PKR-CLM-002,Canonical object,OBJ-0062,CAMM Power Stem dealer advertisement,https://article134-tech.github.io/lititzbmx-public-knowledge-register/objects/index.html#OBJ-0062,RETAIN — unique issue object,Single source occurrence: EPH-0072.
PKR-CLM-002,Canonical object,OBJ-0063,Diamond Back Silver Streak test report and projected retail price,https://article134-tech.github.io/lititzbmx-public-knowledge-register/objects/index.html#OBJ-0063,RETAIN — unique issue object,Single source occurrence: EPH-0073.
PKR-CLM-002,Canonical object,OBJ-0064,UKBMX membership and racing-licence application form,https://article134-tech.github.io/lititzbmx-public-knowledge-register/objects/index.html#OBJ-0064,RETAIN — unique issue object,Single source occurrence: EPH-0074.
PKR-CLM-002,Canonical object,OBJ-0065,BMX Action Bike back-issue mailer,https://article134-tech.github.io/lititzbmx-public-knowledge-register/objects/index.html#OBJ-0065,RETAIN — unique issue object,Single source occurrence: EPH-0075.
PKR-CLM-002,Canonical object,OBJ-0066,Stronglite prototype frame and fork announcement,https://article134-tech.github.io/lititzbmx-public-knowledge-register/objects/index.html#OBJ-0066,RETAIN — unique issue object,Single source occurrence: EPH-0076.
PKR-CLM-002,Canonical object,OBJ-0067,Prolite racing helmet retailer offer,https://article134-tech.github.io/lititzbmx-public-knowledge-register/objects/index.html#OBJ-0067,RETAIN — unique issue object,Single source occurrence: EPH-0077.
PKR-CLM-002,Canonical object,OBJ-0068,Pacer racing gloves retailer offer,https://article134-tech.github.io/lititzbmx-public-knowledge-register/objects/index.html#OBJ-0068,RETAIN — unique issue object,Single source occurrence: EPH-0078.
PKR-CLM-002,Canonical object,OBJ-0069,BMX Action Bike assorted sticker packet offer,https://article134-tech.github.io/lititzbmx-public-knowledge-register/objects/index.html#OBJ-0069,RETAIN — unique issue object,Single source occurrence: EPH-0079.
PKR-CLM-002,Canonical object,OBJ-0070,MX 1000 brake-pair and BMX catalogue offer,https://article134-tech.github.io/lititzbmx-public-knowledge-register/objects/index.html#OBJ-0070,RETAIN — unique issue object,Single source occurrence: EPH-0080.
PKR-CLM-002,Canonical object,OBJ-0071,Stadium Cycles Atomic Star range advertisement,https://article134-tech.github.io/lititzbmx-public-knowledge-register/objects/index.html#OBJ-0071,RETAIN,Single issue-specific source occurrence: EPH-0081.
PKR-CLM-002,Canonical object,OBJ-0072,Ron Kitching BMX component-distributor brand list,https://article134-tech.github.io/lititzbmx-public-knowledge-register/objects/index.html#OBJ-0072,RETAIN,Single issue-specific source occurrence: EPH-0082.
PKR-CLM-002,Canonical object,OBJ-0073,Raleigh Raceline event-listing service,https://article134-tech.github.io/lititzbmx-public-knowledge-register/objects/index.html#OBJ-0073,RETAIN,Single issue-specific source occurrence: EPH-0083.
PKR-CLM-002,Canonical object,OBJ-0074,Halfords free BMX jersey promotion,https://article134-tech.github.io/lititzbmx-public-knowledge-register/objects/index.html#OBJ-0074,RETAIN,Single issue-specific source occurrence: EPH-0084.
PKR-CLM-002,Canonical object,OBJ-0075,Hotshot BMX complete-bike special and petrol bonus,https://article134-tech.github.io/lititzbmx-public-knowledge-register/objects/index.html#OBJ-0075,RETAIN,Single issue-specific source occurrence: EPH-0085.
PKR-CLM-002,Canonical object,OBJ-0076,Hotshot free price-list and sticker mailer,https://article134-tech.github.io/lititzbmx-public-knowledge-register/objects/index.html#OBJ-0076,RETAIN,Single issue-specific source occurrence: EPH-0086.
PKR-CLM-002,Canonical object,OBJ-0077,Guisborough national race report,https://article134-tech.github.io/lititzbmx-public-knowledge-register/objects/index.html#OBJ-0077,RETAIN,Single issue-specific source occurrence: EPH-0087.
PKR-CLM-002,Canonical object,OBJ-0078,Diamond Back northern-team sponsorship notice,https://article134-tech.github.io/lititzbmx-public-knowledge-register/objects/index.html#OBJ-0078,RETAIN,Single issue-specific source occurrence: EPH-0088.
PKR-CLM-002,Canonical object,OBJ-0079,GT Pro 4 road and race test,https://article134-tech.github.io/lititzbmx-public-knowledge-register/objects/index.html#OBJ-0079,RETAIN,Single issue-specific source occurrence: EPH-0089.
PKR-CLM-002,Canonical object,OBJ-0080,GT Pro 4 specification sheet,https://article134-tech.github.io/lititzbmx-public-knowledge-register/objects/index.html#OBJ-0080,RETAIN,Single issue-specific source occurrence: EPH-0090.
PKR-CLM-002,Canonical object,OBJ-0081,Bermology track-building guide,https://article134-tech.github.io/lititzbmx-public-knowledge-register/objects/index.html#OBJ-0081,RETAIN,Single issue-specific source occurrence: EPH-0091.
PKR-CLM-002,Canonical object,OBJ-0082,Keith Wilson Redline rider profile,https://article134-tech.github.io/lititzbmx-public-knowledge-register/objects/index.html#OBJ-0082,RETAIN,Single issue-specific source occurrence: EPH-0092.
PKR-CLM-002,Canonical object,OBJ-0083,PK Ripper Radical Art competition,https://article134-tech.github.io/lititzbmx-public-knowledge-register/objects/index.html#OBJ-0083,RETAIN,Single issue-specific source occurrence: EPH-0093.
PKR-CLM-002,Canonical object,OBJ-0084,Neal Stevens State of the Art feature,https://article134-tech.github.io/lititzbmx-public-knowledge-register/objects/index.html#OBJ-0084,RETAIN,Single issue-specific source occurrence: EPH-0094.
PKR-CLM-002,Canonical object,OBJ-0085,Shiner SE Racing news and free-decal mailer,https://article134-tech.github.io/lititzbmx-public-knowledge-register/objects/index.html#OBJ-0085,RETAIN,Single issue-specific source occurrence: EPH-0095.
PKR-CLM-002,Canonical object,OBJ-0086,GT racing and dealer advertisement,https://article134-tech.github.io/lititzbmx-public-knowledge-register/objects/index.html#OBJ-0086,RETAIN,Single issue-specific source occurrence: EPH-0096.
PKR-CLM-002,Canonical object,OBJ-0087,De Ver Cycles BMX bargains listing,https://article134-tech.github.io/lititzbmx-public-knowledge-register/objects/index.html#OBJ-0087,RETAIN,Single issue-specific source occurrence: EPH-0097.
PKR-CLM-002,Canonical object,OBJ-0088,Max chainring carrying bags,https://article134-tech.github.io/lititzbmx-public-knowledge-register/objects/index.html#OBJ-0088,RETAIN,Single issue-specific source occurrence: EPH-0098.
PKR-CLM-002,Canonical object,OBJ-0089,SunTour HL-100 headset locking nut,https://article134-tech.github.io/lititzbmx-public-knowledge-register/objects/index.html#OBJ-0089,RETAIN,Single issue-specific source occurrence: EPH-0099.
PKR-CLM-002,Canonical object,OBJ-0090,Oakley O/20 goggle product notice,https://article134-tech.github.io/lititzbmx-public-knowledge-register/objects/index.html#OBJ-0090,RETAIN,Single issue-specific source occurrence: EPH-0100.
PKR-CLM-002,Canonical object,OBJ-0091,Torker Ultra 4 lightweight stem,https://article134-tech.github.io/lititzbmx-public-knowledge-register/objects/index.html#OBJ-0091,RETAIN,Single issue-specific source occurrence: EPH-0101.
PKR-CLM-002,Canonical object,OBJ-0092,Renthal wide-rise handlebar range,https://article134-tech.github.io/lititzbmx-public-knowledge-register/objects/index.html#OBJ-0092,RETAIN,Single issue-specific source occurrence: EPH-0102.
PKR-CLM-002,Canonical object,OBJ-0093,ABMX Wonder Light street-safety offer,https://article134-tech.github.io/lititzbmx-public-knowledge-register/objects/index.html#OBJ-0093,RETAIN,Single issue-specific source occurrence: EPH-0103.
PKR-CLM-002,Canonical object,OBJ-0094,Huffy Pro Thunder Competition Certified range,https://article134-tech.github.io/lititzbmx-public-knowledge-register/objects/index.html#OBJ-0094,RETAIN,Single issue-specific source occurrence: EPH-0104.
PKR-CLM-002,Canonical object,OBJ-0095,Race Inc Aero special feature,https://article134-tech.github.io/lititzbmx-public-knowledge-register/objects/index.html#OBJ-0095,RETAIN,Single issue-specific source occurrence: EPH-0105.
PKR-CLM-002,Canonical object,OBJ-0096,SJK British chromoly race-bike test,https://article134-tech.github.io/lititzbmx-public-knowledge-register/objects/index.html#OBJ-0096,RETAIN,Single issue-specific source occurrence: EPH-0106.
PKR-CLM-002,Canonical object,OBJ-0097,Cyclone Bikes seven-sticker packet offer,https://article134-tech.github.io/lititzbmx-public-knowledge-register/objects/index.html#OBJ-0097,RETAIN,Single issue-specific source occurrence: EPH-0107.
PKR-CLM-002,Canonical object,OBJ-0098,UKBMX national rule-book notice,https://article134-tech.github.io/lititzbmx-public-knowledge-register/objects/index.html#OBJ-0098,RETAIN,Single issue-specific source occurrence: EPH-0108.
PKR-CLM-002,Canonical object,OBJ-0099,Puch Murray 20-inch and 24-inch BMX range advertisement,https://article134-tech.github.io/lititzbmx-public-knowledge-register/objects/index.html#OBJ-0099,RETAIN,Single issue-specific source occurrence: EPH-0109.
PKR-CLM-002,Canonical object,OBJ-0100,Diamond Back Silver Streak and Pro-Star information-pack offer,https://article134-tech.github.io/lititzbmx-public-knowledge-register/objects/index.html#OBJ-0100,RETAIN,Single issue-specific source occurrence: EPH-0110.
PKR-CLM-002,Canonical object,OBJ-0101,Kenda Karate tyre advertisement,https://article134-tech.github.io/lititzbmx-public-knowledge-register/objects/index.html#OBJ-0101,RETAIN,Single issue-specific source occurrence: EPH-0111.
PKR-CLM-002,Canonical object,OBJ-0102,Raleigh Burner five-model range launch,https://article134-tech.github.io/lititzbmx-public-knowledge-register/objects/index.html#OBJ-0102,RETAIN,Single issue-specific source occurrence: EPH-0112.
PKR-CLM-002,Canonical object,OBJ-0103,Home-built Diamond Back II project letter,https://article134-tech.github.io/lititzbmx-public-knowledge-register/objects/index.html#OBJ-0103,RETAIN,Single issue-specific source occurrence: EPH-0113.
PKR-CLM-002,Canonical object,OBJ-0104,Ramsey BMX Club free-entry visitor notice,https://article134-tech.github.io/lititzbmx-public-knowledge-register/objects/index.html#OBJ-0104,RETAIN,Single issue-specific source occurrence: EPH-0114.
PKR-CLM-002,Canonical object,OBJ-0105,ACS experimental 26-inch Z-rim production note,https://article134-tech.github.io/lititzbmx-public-knowledge-register/objects/index.html#OBJ-0105,RETAIN,Single issue-specific source occurrence: EPH-0115.
PKR-CLM-002,Canonical object,OBJ-0106,Gecko BMX product-range advertisement,https://article134-tech.github.io/lititzbmx-public-knowledge-register/objects/index.html#OBJ-0106,RETAIN,Single issue-specific source occurrence: EPH-0116.
PKR-CLM-002,Canonical object,OBJ-0107,Redline PL-20 Carrera complete-package advertisement,https://article134-tech.github.io/lititzbmx-public-knowledge-register/objects/index.html#OBJ-0107,RETAIN,Single issue-specific source occurrence: EPH-0117.
PKR-CLM-002,Canonical object,OBJ-0108,Kuwahara frame-and-fork range advertisement,https://article134-tech.github.io/lititzbmx-public-knowledge-register/objects/index.html#OBJ-0108,RETAIN,Single issue-specific source occurrence: EPH-0118.
PKR-CLM-002,Canonical object,OBJ-0109,"MCS, Race Inc, and Powerlite range advertisement",https://article134-tech.github.io/lititzbmx-public-knowledge-register/objects/index.html#OBJ-0109,RETAIN,Single issue-specific source occurrence: EPH-0119.
PKR-CLM-002,Canonical object,OBJ-0110,PK Ripper editorial test,https://article134-tech.github.io/lititzbmx-public-knowledge-register/objects/index.html#OBJ-0110,RETAIN,Single issue-specific source occurrence: EPH-0120.
PKR-CLM-002,Canonical object,OBJ-0111,Ammaco BMX thrash test,https://article134-tech.github.io/lititzbmx-public-knowledge-register/objects/index.html#OBJ-0111,RETAIN,Single issue-specific source occurrence: EPH-0121.
PKR-CLM-002,Canonical object,OBJ-0112,Tim March profile and March Racing Developments launch,https://article134-tech.github.io/lititzbmx-public-knowledge-register/objects/index.html#OBJ-0112,RETAIN,Single issue-specific source occurrence: EPH-0122.
PKR-CLM-002,Canonical object,OBJ-0113,March Racing Developments number-plate offer,https://article134-tech.github.io/lititzbmx-public-knowledge-register/objects/index.html#OBJ-0113,RETAIN,Single issue-specific source occurrence: EPH-0123.
PKR-CLM-002,Canonical object,OBJ-0114,Hotshot retail and trade price-list/sticker service,https://article134-tech.github.io/lititzbmx-public-knowledge-register/objects/index.html#OBJ-0114,RETAIN,Single issue-specific source occurrence: EPH-0124.
PKR-CLM-002,Canonical object,OBJ-0115,DC Racing price-list and sticker mailer,https://article134-tech.github.io/lititzbmx-public-knowledge-register/objects/index.html#OBJ-0115,RETAIN,Single issue-specific source occurrence: EPH-0125.
PKR-CLM-002,Canonical object,OBJ-0116,Piranha cast-wheel model announcement,https://article134-tech.github.io/lititzbmx-public-knowledge-register/objects/index.html#OBJ-0116,RETAIN,Single issue-specific source occurrence: EPH-0126.
PKR-CLM-002,Canonical object,OBJ-0117,Surrey BMX six-page bargain-list advertisement,https://article134-tech.github.io/lititzbmx-public-knowledge-register/objects/index.html#OBJ-0117,RETAIN,Single issue-specific source occurrence: EPH-0127.
PKR-CLM-002,Canonical object,OBJ-0118,Cooper convertible BMX helmet mailer,https://article134-tech.github.io/lititzbmx-public-knowledge-register/objects/index.html#OBJ-0118,RETAIN,Single issue-specific source occurrence: EPH-0128.
PKR-CLM-002,Canonical object,OBJ-0119,Lee and SunTour sealed bottom-bracket product note,https://article134-tech.github.io/lititzbmx-public-knowledge-register/objects/index.html#OBJ-0119,RETAIN,Single issue-specific source occurrence: EPH-0129.
PKR-CLM-002,Canonical object,OBJ-0120,Araya aerodynamic sew-up race-wheel note,https://article134-tech.github.io/lititzbmx-public-knowledge-register/objects/index.html#OBJ-0120,RETAIN,Single issue-specific source occurrence: EPH-0130.
PKR-CLM-002,Canonical object,OBJ-0121,Profile mini BMX build feature,https://article134-tech.github.io/lititzbmx-public-knowledge-register/objects/index.html#OBJ-0121,RETAIN,Single issue-specific source occurrence: EPH-0131.
PKR-CLM-002,Canonical object,OBJ-0122,Patterson chromoly frame-and-fork advertisement,https://article134-tech.github.io/lititzbmx-public-knowledge-register/objects/index.html#OBJ-0122,RETAIN,Single issue-specific source occurrence: EPH-0132.
PKR-CLM-002,Canonical object,OBJ-0123,KHS Duster four-model range and RRPs,https://article134-tech.github.io/lititzbmx-public-knowledge-register/objects/index.html#OBJ-0123,RETAIN,Single issue-specific source occurrence: EPH-0133.
PKR-CLM-002,Canonical object,OBJ-0124,SJK Hurricane distributor announcement,https://article134-tech.github.io/lititzbmx-public-knowledge-register/objects/index.html#OBJ-0124,RETAIN,Single issue-specific source occurrence: EPH-0134.
PKR-CLM-002,Canonical object,OBJ-0125,Summer chrome-plating service advertisement,https://article134-tech.github.io/lititzbmx-public-knowledge-register/objects/index.html#OBJ-0125,RETAIN,Single issue-specific source occurrence: EPH-0135.
PKR-CLM-002,Canonical object,OBJ-0126,Twenty-pence BMX catalogue mailer,https://article134-tech.github.io/lititzbmx-public-knowledge-register/objects/index.html#OBJ-0126,RETAIN,Single issue-specific source occurrence: EPH-0136.
PKR-CLM-002,Canonical object,OBJ-0127,Puch Murray competition BMX range advertisement,https://article134-tech.github.io/lititzbmx-public-knowledge-register/objects/index.html#OBJ-0127,RETAIN,Single issue-specific source occurrence: EPH-0137.
PKR-CLM-002,Canonical object,OBJ-0128,Redline 400 Series durability advertisement,https://article134-tech.github.io/lititzbmx-public-knowledge-register/objects/index.html#OBJ-0128,RETAIN,Single issue-specific source occurrence: EPH-0138.
PKR-CLM-002,Canonical object,OBJ-0129,Hot Wheels BMX Centre Shimano price list,https://article134-tech.github.io/lititzbmx-public-knowledge-register/objects/index.html#OBJ-0129,RETAIN,Single issue-specific source occurrence: EPH-0139.
PKR-CLM-002,Canonical object,OBJ-0130,Kuwahara E.T. Special product announcement,https://article134-tech.github.io/lititzbmx-public-knowledge-register/objects/index.html#OBJ-0130,RETAIN,Single issue-specific source occurrence: EPH-0140.
PKR-CLM-002,Canonical object,OBJ-0131,BMX track-openings and construction logbook,https://article134-tech.github.io/lititzbmx-public-knowledge-register/objects/index.html#OBJ-0131,RETAIN,Single issue-specific source occurrence: EPH-0141.
PKR-CLM-002,Canonical object,OBJ-0132,"Shiner Panda, SE Racing, and KHS range advertisement",https://article134-tech.github.io/lititzbmx-public-knowledge-register/objects/index.html#OBJ-0132,RETAIN,Single issue-specific source occurrence: EPH-0142.
PKR-CLM-002,Canonical object,OBJ-0133,Adjustable car cycle-rack advertisement,https://article134-tech.github.io/lititzbmx-public-knowledge-register/objects/index.html#OBJ-0133,RETAIN,Single issue-specific source occurrence: EPH-0143.
PKR-CLM-002,Canonical object,OBJ-0134,Skyway Tuff wheels with alloy hubs launch,https://article134-tech.github.io/lititzbmx-public-knowledge-register/objects/index.html#OBJ-0134,RETAIN,Single issue-specific source occurrence: EPH-0144.
PKR-CLM-002,Canonical object,OBJ-0135,Skyway information and Andy Patterson poster mailer,https://article134-tech.github.io/lititzbmx-public-knowledge-register/objects/index.html#OBJ-0135,RETAIN,Single issue-specific source occurrence: EPH-0145.
PKR-CLM-002,Canonical object,OBJ-0136,Alpine Action one-hundred-pound advertisement-design contest,https://article134-tech.github.io/lititzbmx-public-knowledge-register/objects/index.html#OBJ-0136,RETAIN,Single issue-specific source occurrence: EPH-0146.
PKR-CLM-002,Canonical object,OBJ-0137,Murray and Puch test-range mailer with free membership,https://article134-tech.github.io/lititzbmx-public-knowledge-register/objects/index.html#OBJ-0137,RETAIN,Single issue-specific source occurrence: EPH-0147.
PKR-CLM-002,Canonical object,OBJ-0138,BMX Action Bike race-shirt mailer,https://article134-tech.github.io/lititzbmx-public-knowledge-register/objects/index.html#OBJ-0138,RETAIN,Single issue-specific source occurrence: EPH-0148.
PKR-CLM-002,Canonical object,OBJ-0139,E.T. film and Kuwahara bicycle feature,https://article134-tech.github.io/lititzbmx-public-knowledge-register/objects/index.html#OBJ-0139,RETAIN,Single issue-specific source occurrence: EPH-0149.
PKR-CLM-002,Canonical object,OBJ-0140,Pro-Lite information-pack and decal mailer,https://article134-tech.github.io/lititzbmx-public-knowledge-register/objects/index.html#OBJ-0140,RETAIN,Single issue-specific source occurrence: EPH-0150.
PKR-CLM-002,Canonical object,OBJ-0141,ABMX Bonanza reader survey competition,https://article134-tech.github.io/lititzbmx-public-knowledge-register/objects/index.html#OBJ-0141,RETAIN,Single issue-specific source occurrence: EPH-0151.
PKR-CLM-002,Canonical object,OBJ-0142,AMF Scorcher 7 reader-survey prize,https://article134-tech.github.io/lititzbmx-public-knowledge-register/objects/index.html#OBJ-0142,RETAIN,Single issue-specific source occurrence: EPH-0152.
PKR-CLM-002,Canonical object,OBJ-0143,Reynolds 531 BMX frame-and-fork survey prize,https://article134-tech.github.io/lititzbmx-public-knowledge-register/objects/index.html#OBJ-0143,RETAIN,Single issue-specific source occurrence: EPH-0153.
PKR-CLM-002,Canonical object,OBJ-0144,Team Mongoose factory-direct value advertisement,https://article134-tech.github.io/lititzbmx-public-knowledge-register/objects/index.html#OBJ-0144,RETAIN,Single issue-specific source occurrence: EPH-0154.
PKR-CLM-002,Canonical object,OBJ-0145,ABMX race nutrition and training article,https://article134-tech.github.io/lititzbmx-public-knowledge-register/objects/index.html#OBJ-0145,RETAIN,Single issue-specific source occurrence: EPH-0155.
PKR-CLM-002,Canonical object,OBJ-0146,BMX Invader and Action Bikes monthly specials,https://article134-tech.github.io/lititzbmx-public-knowledge-register/objects/index.html#OBJ-0146,RETAIN,Single issue-specific source occurrence: EPH-0156.
PKR-CLM-002,Canonical object,OBJ-0147,Huffy Pro Lightning preview,https://article134-tech.github.io/lititzbmx-public-knowledge-register/objects/index.html#OBJ-0147,RETAIN,Single issue-specific source occurrence: EPH-0157.
PKR-CLM-002,Canonical object,OBJ-0148,Stolen Kuwahara notice and subscription reward,https://article134-tech.github.io/lititzbmx-public-knowledge-register/objects/index.html#OBJ-0148,RETAIN,Single issue-specific source occurrence: EPH-0158.
PKR-CLM-002,Canonical object,OBJ-0149,Diamond Back Silver Streak information-pack placement,https://article134-tech.github.io/lititzbmx-public-knowledge-register/objects/index.html#OBJ-0149,RETAIN,Single issue-specific source occurrence: EPH-0159.
PKR-CLM-002,Canonical object,OBJ-0150,Kuwahara one-hundred-rider team recruitment offer,https://article134-tech.github.io/lititzbmx-public-knowledge-register/objects/index.html#OBJ-0150,RETAIN,Single issue-specific source occurrence: EPH-0160.
PKR-CLM-002,Canonical object,OBJ-0151,Holdsworth BMX Centres multi-brand advertisement,https://article134-tech.github.io/lititzbmx-public-knowledge-register/objects/index.html#OBJ-0151,RETAIN,Single issue-specific source occurrence: EPH-0161.
PKR-CLM-002,Canonical object,OBJ-0152,Bolton BMXmas Club Supadeal,https://article134-tech.github.io/lititzbmx-public-knowledge-register/objects/index.html#OBJ-0152,RETAIN,Single issue-specific source occurrence: EPH-0162.
PKR-CLM-002,Canonical object,OBJ-0153,Haro number-plate heritage advertisement,https://article134-tech.github.io/lititzbmx-public-knowledge-register/objects/index.html#OBJ-0153,RETAIN,Single issue-specific source occurrence: EPH-0163.
PKR-CLM-002,Canonical object,OBJ-0154,SunTour HB-6000 reversible rear-hub product literature,https://article134-tech.github.io/lititzbmx-public-knowledge-register/objects/index.html#OBJ-0154,RETAIN,Single issue-specific source occurrence: EPH-0164.
PKR-CLM-002,Canonical object,OBJ-0155,Troxel Comet saddle-and-post advertisement,https://article134-tech.github.io/lititzbmx-public-knowledge-register/objects/index.html#OBJ-0155,RETAIN,Single issue-specific source occurrence: EPH-0165.
PKR-CLM-002,Canonical object,OBJ-0156,Shimano DX platform-pedal advertisement,https://article134-tech.github.io/lititzbmx-public-knowledge-register/objects/index.html#OBJ-0156,RETAIN,Single issue-specific source occurrence: EPH-0166.
PKR-CLM-002,Canonical object,OBJ-0157,Shimano DX micro-adjust seatpost announcement,https://article134-tech.github.io/lititzbmx-public-knowledge-register/objects/index.html#OBJ-0157,RETAIN,Single issue-specific source occurrence: EPH-0167.
PKR-CLM-002,Canonical object,OBJ-0158,Pro-Lite protective-equipment information-pack placement,https://article134-tech.github.io/lititzbmx-public-knowledge-register/objects/index.html#OBJ-0158,RETAIN,Single issue-specific source occurrence: EPH-0168.
PKR-CLM-002,Canonical object,OBJ-0159,Halfords California BMX model-range price advertisement,https://article134-tech.github.io/lititzbmx-public-knowledge-register/objects/index.html#OBJ-0159,RETAIN,Single issue-specific source occurrence: EPH-0169.
PKR-CLM-002,Canonical object,OBJ-0160,Halfords Raleigh Burner and free Haro plate promotion,https://article134-tech.github.io/lititzbmx-public-knowledge-register/objects/index.html#OBJ-0160,RETAIN,Single issue-specific source occurrence: EPH-0170.
PKR-CLM-002,Canonical object,OBJ-0161,British and world BMX wheelie-record attempt notice,https://article134-tech.github.io/lititzbmx-public-knowledge-register/objects/index.html#OBJ-0161,RETAIN,Single issue-specific source occurrence: EPH-0171.
PKR-CLM-002,Canonical object,OBJ-0162,British and world bunnyhop-record attempt notice,https://article134-tech.github.io/lititzbmx-public-knowledge-register/objects/index.html#OBJ-0162,RETAIN,Single issue-specific source occurrence: EPH-0172.
PKR-CLM-002,Canonical object,OBJ-0163,Lee Cooper BMX coaching clinic,https://article134-tech.github.io/lititzbmx-public-knowledge-register/objects/index.html#OBJ-0163,RETAIN,Single issue-specific source occurrence: EPH-0173.
PKR-CLM-002,Canonical object,OBJ-0164,Lee Cooper freestyle stunt competition,https://article134-tech.github.io/lititzbmx-public-knowledge-register/objects/index.html#OBJ-0164,RETAIN,Single issue-specific source occurrence: EPH-0174.
PKR-CLM-002,Canonical object,OBJ-0165,Diamond Back Teamfinder race series launch,https://article134-tech.github.io/lititzbmx-public-knowledge-register/objects/index.html#OBJ-0165,RETAIN,Single issue-specific source occurrence: EPH-0175.
PKR-CLM-002,Canonical object,OBJ-0166,First National BMX Poll ballot,https://article134-tech.github.io/lititzbmx-public-knowledge-register/objects/index.html#OBJ-0166,RETAIN,Single issue-specific source occurrence: EPH-0176.
PKR-CLM-002,Canonical object,OBJ-0167,Diamond Back Turbo national-poll prize,https://article134-tech.github.io/lititzbmx-public-knowledge-register/objects/index.html#OBJ-0167,RETAIN,Single issue-specific source occurrence: EPH-0177.
PKR-CLM-002,Canonical object,OBJ-0168,Skyway Tuff II national-poll prize,https://article134-tech.github.io/lititzbmx-public-knowledge-register/objects/index.html#OBJ-0168,RETAIN,Single issue-specific source occurrence: EPH-0178.
PKR-CLM-002,Canonical object,OBJ-0169,Bell lightweight helmet national-poll prize,https://article134-tech.github.io/lititzbmx-public-knowledge-register/objects/index.html#OBJ-0169,RETAIN,Single issue-specific source occurrence: EPH-0179.
PKR-CLM-002,Canonical object,OBJ-0170,Asahi Action Spokes product advertisement,https://article134-tech.github.io/lititzbmx-public-knowledge-register/objects/index.html#OBJ-0170,RETAIN,Single issue-specific source occurrence: EPH-0180.
PKR-CLM-002,Canonical object,OBJ-0171,King Sticker five-sticker and jumbo-pack offer,https://article134-tech.github.io/lititzbmx-public-knowledge-register/objects/index.html#OBJ-0171,RETAIN,Single issue-specific source occurrence: EPH-0181.
PKR-CLM-002,Canonical object,OBJ-0172,Raleigh Pro Burner Christmas price promotion,https://article134-tech.github.io/lititzbmx-public-knowledge-register/objects/index.html#OBJ-0172,RETAIN,Single issue-specific source occurrence: EPH-0182.
PKR-CLM-002,Canonical object,OBJ-0173,Diatron Wildcat convertible helmet launch,https://article134-tech.github.io/lititzbmx-public-knowledge-register/objects/index.html#OBJ-0173,RETAIN,Single issue-specific source occurrence: EPH-0183.
PKR-CLM-002,Canonical object,OBJ-0174,Piranha cast-wheel bicycle launch advertisement,https://article134-tech.github.io/lititzbmx-public-knowledge-register/objects/index.html#OBJ-0174,RETAIN,Single issue-specific source occurrence: EPH-0184.
PKR-CLM-002,Canonical object,OBJ-0175,Hot Wheels BMX Centre imported-product advertisement,https://article134-tech.github.io/lititzbmx-public-knowledge-register/objects/index.html#OBJ-0175,RETAIN,Single issue-specific source occurrence: EPH-0185.
PKR-CLM-002,Canonical object,OBJ-0176,Original and replica Kuwahara E.T. price advertisement,https://article134-tech.github.io/lititzbmx-public-knowledge-register/objects/index.html#OBJ-0176,RETAIN,Single issue-specific source occurrence: EPH-0186.
PKR-CLM-002,Canonical object,OBJ-0177,Nine-bike shootout overview,https://article134-tech.github.io/lititzbmx-public-knowledge-register/objects/index.html#OBJ-0177,RETAIN,Single issue-specific source occurrence: EPH-0187.
PKR-CLM-002,Canonical object,OBJ-0178,Huffy Pro 2 shootout test,https://article134-tech.github.io/lititzbmx-public-knowledge-register/objects/index.html#OBJ-0178,RETAIN,Single issue-specific source occurrence: EPH-0188.
PKR-CLM-002,Canonical object,OBJ-0179,Cycle Pro Macho shootout test,https://article134-tech.github.io/lititzbmx-public-knowledge-register/objects/index.html#OBJ-0179,RETAIN,Single issue-specific source occurrence: EPH-0189.
PKR-CLM-002,Canonical object,OBJ-0180,Falcon BMX shootout test,https://article134-tech.github.io/lititzbmx-public-knowledge-register/objects/index.html#OBJ-0180,RETAIN,Single issue-specific source occurrence: EPH-0190.
PKR-CLM-002,Canonical object,OBJ-0181,California Star and Trax Pro comparison,https://article134-tech.github.io/lititzbmx-public-knowledge-register/objects/index.html#OBJ-0181,RETAIN,Single issue-specific source occurrence: EPH-0191.
PKR-CLM-002,Canonical object,OBJ-0182,ABMX repeat light-and-reflector offer,https://article134-tech.github.io/lititzbmx-public-knowledge-register/objects/index.html#OBJ-0182,RETAIN,Single issue-specific source occurrence: EPH-0192.
PKR-CLM-002,Canonical object,OBJ-0183,Robinson Racing sticker-and-catalogue mailer,https://article134-tech.github.io/lititzbmx-public-knowledge-register/objects/index.html#OBJ-0183,RETAIN,Single issue-specific source occurrence: EPH-0193.
PKR-CLM-002,Canonical object,OBJ-0184,UNI eight-ounce BMX seat launch,https://article134-tech.github.io/lititzbmx-public-knowledge-register/objects/index.html#OBJ-0184,RETAIN,Single issue-specific source occurrence: EPH-0194.
PKR-CLM-002,Canonical object,OBJ-0185,SR Cycles bicycle-reservation and free-delivery offer,https://article134-tech.github.io/lititzbmx-public-knowledge-register/objects/index.html#OBJ-0185,RETAIN,Single issue-specific source occurrence: EPH-0195.
PKR-CLM-002,Canonical object,OBJ-0186,Holdsworth BMX Centres multi-location advertisement,https://article134-tech.github.io/lititzbmx-public-knowledge-register/objects/index.html#OBJ-0186,RETAIN,Single issue-specific source occurrence: EPH-0196.
PKR-CLM-002,Canonical object,OBJ-0187,ABMX light set and reflective-clip offer,https://article134-tech.github.io/lititzbmx-public-knowledge-register/objects/index.html#OBJ-0187,RETAIN,Single issue-specific source occurrence: EPH-0197.
PKR-CLM-002,Canonical object,OBJ-0188,ABMX blue-and-gold binder offer,https://article134-tech.github.io/lititzbmx-public-knowledge-register/objects/index.html#OBJ-0188,RETAIN,Single issue-specific source occurrence: EPH-0198.
PKR-CLM-002,Canonical object,OBJ-0189,ABMX blue-and-yellow race-shirt offer,https://article134-tech.github.io/lititzbmx-public-knowledge-register/objects/index.html#OBJ-0189,RETAIN,Single issue-specific source occurrence: EPH-0199.
PKR-CLM-002,Canonical object,OBJ-0190,Araya ADX-7W aero-rim product notice,https://article134-tech.github.io/lititzbmx-public-knowledge-register/objects/index.html#OBJ-0190,RETAIN,Single issue-specific source occurrence: EPH-0200.
PKR-CLM-002,Canonical object,OBJ-0191,Naga chromoly and fluted-alloy seatpost range,https://article134-tech.github.io/lititzbmx-public-knowledge-register/objects/index.html#OBJ-0191,RETAIN,Single issue-specific source occurrence: EPH-0201.
PKR-CLM-002,Canonical object,OBJ-0192,MKS BM-10 and Grafight-X pedal range,https://article134-tech.github.io/lititzbmx-public-knowledge-register/objects/index.html#OBJ-0192,RETAIN,Single issue-specific source occurrence: EPH-0202.
PKR-CLM-002,Canonical object,OBJ-0193,Raleigh Burner five-model retail price list,https://article134-tech.github.io/lititzbmx-public-knowledge-register/objects/index.html#OBJ-0193,RETAIN,Single issue-specific source occurrence: EPH-0203.
PKR-CLM-002,Canonical object,OBJ-0194,"Max checker hats, jerseys, and race-pants advertisement",https://article134-tech.github.io/lititzbmx-public-knowledge-register/objects/index.html#OBJ-0194,RETAIN,Single issue-specific source occurrence: EPH-0204.
PKR-CLM-002,Canonical object,OBJ-0195,Halfords BMX Nations Cup pre-registration form,https://article134-tech.github.io/lititzbmx-public-knowledge-register/objects/index.html#OBJ-0195,RETAIN,Single issue-specific source occurrence: EPH-0205.
PKR-CLM-002,Canonical object,OBJ-0196,Great Meeting survey and Firebird frame-set competition,https://article134-tech.github.io/lititzbmx-public-knowledge-register/objects/index.html#OBJ-0196,RETAIN,Single issue-specific source occurrence: EPH-0206.
PKR-CLM-002,Canonical object,OBJ-0197,Cycle Trader BMX retail survey issue advertisement,https://article134-tech.github.io/lititzbmx-public-knowledge-register/objects/index.html#OBJ-0197,RETAIN,Single issue-specific source occurrence: EPH-0207.
PKR-CLM-002,Canonical object,OBJ-0198,YES Products word-building competition,https://article134-tech.github.io/lititzbmx-public-knowledge-register/objects/index.html#OBJ-0198,RETAIN,Single issue-specific source occurrence: EPH-0208.
PKR-CLM-002,Canonical object,OBJ-0199,Firebird British chromoly frame-set feature,https://article134-tech.github.io/lititzbmx-public-knowledge-register/objects/index.html#OBJ-0199,RETAIN,Single issue-specific source occurrence: EPH-0209.
PKR-CLM-002,Canonical object,OBJ-0200,Mongoose Pro Class complete-bike test,https://article134-tech.github.io/lititzbmx-public-knowledge-register/objects/index.html#OBJ-0200,RETAIN,Single issue-specific source occurrence: EPH-0210.
PKR-CLM-002,Canonical object,OBJ-0201,Mongoose Pro Class lightweight wheel system,https://article134-tech.github.io/lititzbmx-public-knowledge-register/objects/index.html#OBJ-0201,RETAIN,Single issue-specific source occurrence: EPH-0211.
PKR-CLM-002,Canonical object,OBJ-0202,Bournemouth BMX track-focus report,https://article134-tech.github.io/lititzbmx-public-knowledge-register/objects/index.html#OBJ-0202,RETAIN,Single issue-specific source occurrence: EPH-0212.
PKR-CLM-002,Canonical object,OBJ-0203,Diatron Wildcat helmet and race-pants advertisement,https://article134-tech.github.io/lititzbmx-public-knowledge-register/objects/index.html#OBJ-0203,RETAIN,Single issue-specific source occurrence: EPH-0213.
PKR-CLM-002,Canonical object,OBJ-0204,Surrey BMX Kuwahara complete-bike price list,https://article134-tech.github.io/lititzbmx-public-knowledge-register/objects/index.html#OBJ-0204,RETAIN,Single issue-specific source occurrence: EPH-0214.
PKR-CLM-002,Canonical object,OBJ-0205,Surrey BMX frame-and-fork price list,https://article134-tech.github.io/lititzbmx-public-knowledge-register/objects/index.html#OBJ-0205,RETAIN,Single issue-specific source occurrence: EPH-0215.
PKR-CLM-002,Canonical object,OBJ-0206,Surrey BMX wheel-system price list,https://article134-tech.github.io/lititzbmx-public-knowledge-register/objects/index.html#OBJ-0206,RETAIN,Single issue-specific source occurrence: EPH-0216.
PKR-CLM-002,Canonical object,OBJ-0207,Hadley precision bottom-bracket listing,https://article134-tech.github.io/lititzbmx-public-knowledge-register/objects/index.html#OBJ-0207,RETAIN,Single issue-specific source occurrence: EPH-0217.
PKR-CLM-002,Canonical object,OBJ-0208,Haro Freestyle Moves book offer,https://article134-tech.github.io/lititzbmx-public-knowledge-register/objects/index.html#OBJ-0208,RETAIN,Single issue-specific source occurrence: EPH-0218.
PKR-CLM-002,Canonical object,OBJ-0209,Redline Flight Cranks 401 Series listing,https://article134-tech.github.io/lititzbmx-public-knowledge-register/objects/index.html#OBJ-0209,RETAIN,Single issue-specific source occurrence: EPH-0219.
PKR-CLM-002,Canonical object,OBJ-0210,Vans Style 95 BMX shoe listing,https://article134-tech.github.io/lititzbmx-public-knowledge-register/objects/index.html#OBJ-0210,RETAIN,Single issue-specific source occurrence: EPH-0220.
PKR-CLM-002,Canonical object,OBJ-0211,ABMX national track-list publication,https://article134-tech.github.io/lititzbmx-public-knowledge-register/objects/index.html#OBJ-0211,RETAIN,Single issue-specific source occurrence: EPH-0221.
PKR-CLM-002,Canonical object,OBJ-0212,California Lite pad-system advertisement,https://article134-tech.github.io/lititzbmx-public-knowledge-register/objects/index.html#OBJ-0212,RETAIN,Single issue-specific source occurrence: EPH-0222.
PKR-CLM-002,Canonical object,OBJ-0213,Strongs headset-bearing protector offer,https://article134-tech.github.io/lititzbmx-public-knowledge-register/objects/index.html#OBJ-0213,RETAIN,Single issue-specific source occurrence: EPH-0223.
PKR-CLM-002,Canonical object,OBJ-0214,Strongs BMX race-shirt offer,https://article134-tech.github.io/lititzbmx-public-knowledge-register/objects/index.html#OBJ-0214,RETAIN,Single issue-specific source occurrence: EPH-0224.
PKR-CLM-002,Canonical object,OBJ-0215,Strongs free sticker-brochure mailer,https://article134-tech.github.io/lititzbmx-public-knowledge-register/objects/index.html#OBJ-0215,RETAIN,Single issue-specific source occurrence: EPH-0225.
PKR-CLM-002,Canonical object,OBJ-0216,Best of 1982 national reader-poll results,https://article134-tech.github.io/lititzbmx-public-knowledge-register/objects/index.html#OBJ-0216,RETAIN,Single issue-specific source occurrence: EPH-0226.
PKR-CLM-002,Canonical object,OBJ-0217,Scottish BMX Association formation notice,https://article134-tech.github.io/lititzbmx-public-knowledge-register/objects/index.html#OBJ-0217,RETAIN,Single issue-specific source occurrence: EPH-0227.
PKR-CLM-002,Canonical object,OBJ-0218,Northern Leisure open-meeting series notice,https://article134-tech.github.io/lititzbmx-public-knowledge-register/objects/index.html#OBJ-0218,RETAIN,Single issue-specific source occurrence: EPH-0228.
PKR-CLM-002,Canonical object,OBJ-0219,Silverfox complete-bike reader giveaway,https://article134-tech.github.io/lititzbmx-public-knowledge-register/objects/index.html#OBJ-0219,RETAIN,Single issue-specific source occurrence: EPH-0229.
PKR-CLM-002,Canonical object,OBJ-0220,Harry Leary and Andy Patterson starting guide,https://article134-tech.github.io/lititzbmx-public-knowledge-register/objects/index.html#OBJ-0220,RETAIN,Single issue-specific source occurrence: EPH-0230.
PKR-CLM-002,Canonical object,OBJ-0221,Haro Freestyle Moves equipment chapter,https://article134-tech.github.io/lititzbmx-public-knowledge-register/objects/index.html#OBJ-0221,RETAIN,Single issue-specific source occurrence: EPH-0231.
PKR-CLM-002,Canonical object,OBJ-0222,ABMX free private Sales and Swaps service,https://article134-tech.github.io/lititzbmx-public-knowledge-register/objects/index.html#OBJ-0222,RETAIN,Single issue-specific source occurrence: EPH-0232.
PKR-CLM-002,Canonical object,OBJ-0223,City BMX race-pants mail-order offer,https://article134-tech.github.io/lititzbmx-public-knowledge-register/objects/index.html#OBJ-0223,RETAIN,Single issue-specific source occurrence: EPH-0233.
PKR-CLM-002,Canonical object,OBJ-0224,City BMX lightweight race-helmet offer,https://article134-tech.github.io/lititzbmx-public-knowledge-register/objects/index.html#OBJ-0224,RETAIN,Single issue-specific source occurrence: EPH-0234.
PKR-CLM-002,Canonical object,OBJ-0225,City BMX shoulder-protector offer,https://article134-tech.github.io/lititzbmx-public-knowledge-register/objects/index.html#OBJ-0225,RETAIN,Single issue-specific source occurrence: EPH-0235.
PKR-CLM-002,Canonical object,OBJ-0226,Hot Wheels BMX Centre opening offers,https://article134-tech.github.io/lititzbmx-public-knowledge-register/objects/index.html#OBJ-0226,RETAIN,Single issue-specific source occurrence: EPH-0236.
PKR-CLM-002,Canonical object,OBJ-0227,"Haro Freestyler, Kuwahara Oval, CW, and SE Floval stock notice",https://article134-tech.github.io/lititzbmx-public-knowledge-register/objects/index.html#OBJ-0227,RETAIN,Single issue-specific source occurrence: EPH-0237.
PKR-CLM-002,Canonical object,OBJ-0228,King Sticker five-pack and jumbo-pack offer,https://article134-tech.github.io/lititzbmx-public-knowledge-register/objects/index.html#OBJ-0228,RETAIN,Single issue-specific source occurrence: EPH-0238.
PKR-CLM-002,Canonical object,OBJ-0229,NBMXA race-licence and rule-book offer,https://article134-tech.github.io/lititzbmx-public-knowledge-register/objects/index.html#OBJ-0229,RETAIN,Single issue-specific source occurrence: EPH-0239.
PKR-CLM-002,Canonical object,OBJ-0230,Hotshot price-list and free-sticker mailer,https://article134-tech.github.io/lititzbmx-public-knowledge-register/objects/index.html#OBJ-0230,RETAIN,Single issue-specific source occurrence: EPH-0240.
PKR-CLM-002,Canonical object,OBJ-0231,Huffy Pro Lightning complete-bike test,https://article134-tech.github.io/lititzbmx-public-knowledge-register/objects/index.html#OBJ-0231,RETAIN,Single issue-specific source occurrence: EPH-0241.
PKR-CLM-002,Canonical object,OBJ-0232,Halfords BMX accessories range advertisement,https://article134-tech.github.io/lititzbmx-public-knowledge-register/objects/index.html#OBJ-0232,RETAIN,Single issue-specific source occurrence: EPH-0242.
PKR-CLM-002,Canonical object,OBJ-0233,Huffy Pro Lightning specification and retail-price record,https://article134-tech.github.io/lititzbmx-public-knowledge-register/objects/index.html#OBJ-0233,RETAIN,Single issue-specific source occurrence: EPH-0243.
PKR-CLM-002,Canonical object,OBJ-0234,Ride-On sealed-bearing mag-wheel hub kit,https://article134-tech.github.io/lititzbmx-public-knowledge-register/objects/index.html#OBJ-0234,RETAIN,Single issue-specific source occurrence: EPH-0244.
PKR-CLM-002,Canonical object,OBJ-0235,Sharp Racing Products bottom-bracket boot,https://article134-tech.github.io/lititzbmx-public-knowledge-register/objects/index.html#OBJ-0235,RETAIN,Single issue-specific source occurrence: EPH-0245.
PKR-CLM-002,Canonical object,OBJ-0236,Lee Cooper Ready to Go BMX video,https://article134-tech.github.io/lititzbmx-public-knowledge-register/objects/index.html#OBJ-0236,RETAIN,Single issue-specific source occurrence: EPH-0246.
PKR-CLM-002,Canonical object,OBJ-0237,USA professional BMX action video,https://article134-tech.github.io/lititzbmx-public-knowledge-register/objects/index.html#OBJ-0237,RETAIN,Single issue-specific source occurrence: EPH-0247.
PKR-CLM-002,Canonical object,OBJ-0238,BMX Action Bike six-issue subscription offer,https://article134-tech.github.io/lititzbmx-public-knowledge-register/objects/index.html#OBJ-0238,RETAIN,Single issue-specific source occurrence: EPH-0248.
PKR-CLM-002,Canonical object,OBJ-0239,Yamaha professional racing-outfit competition,https://article134-tech.github.io/lititzbmx-public-knowledge-register/objects/index.html#OBJ-0239,RETAIN,Single issue-specific source occurrence: EPH-0249.
PKR-CLM-002,Canonical object,OBJ-0240,Gainsborough Firebird frame-and-fork retail offer,https://article134-tech.github.io/lititzbmx-public-knowledge-register/objects/index.html#OBJ-0240,RETAIN,Single issue-specific source occurrence: EPH-0250.
PKR-CLM-003,Price observation,ABMX-PR-0001,"Suntour — Chain wheel, 40–45T, assorted colors — £7.30",https://article134-tech.github.io/lititzbmx-public-knowledge-register/prices/index.html#ABMX-PR-0001,MEDIUM-HIGH,Not manufacturer MSRP.
PKR-CLM-003,Price observation,ABMX-PR-0002,"Suntour — Rear sprocket, 15–17T — £4.25",https://article134-tech.github.io/lititzbmx-public-knowledge-register/prices/index.html#ABMX-PR-0002,MEDIUM-HIGH,Not manufacturer MSRP.
PKR-CLM-003,Price observation,ABMX-PR-0003,Araya / Suzue — Front wheel with Suzue hub — £18.95,https://article134-tech.github.io/lititzbmx-public-knowledge-register/prices/index.html#ABMX-PR-0003,MEDIUM-HIGH,Not manufacturer MSRP.
PKR-CLM-003,Price observation,ABMX-PR-0004,Araya / Suzue — Rear wheel with Suzue hub — £19.95,https://article134-tech.github.io/lititzbmx-public-knowledge-register/prices/index.html#ABMX-PR-0004,MEDIUM-HIGH,Not manufacturer MSRP.
PKR-CLM-003,Price observation,ABMX-PR-0005,Kuwahara — Kuwahara frame set — £109.95,https://article134-tech.github.io/lititzbmx-public-knowledge-register/prices/index.html#ABMX-PR-0005,MEDIUM-HIGH,Postage and exact model specification should be checked against the page image.
PKR-CLM-003,Price observation,ABMX-PR-0006,Hotshot BMX — Hotshot BMX complete race bike — £169.95,https://article134-tech.github.io/lititzbmx-public-knowledge-register/prices/index.html#ABMX-PR-0006,HIGH,"Retailer special, not manufacturer MSRP."
PKR-CLM-003,Price observation,ABMX-PR-0007,SJK Products — SJK Hurricane complete bike — £272.84,https://article134-tech.github.io/lititzbmx-public-knowledge-register/prices/index.html#ABMX-PR-0007,MEDIUM-HIGH,Frame-kit price was stated as price on application and is not inferred.
PKR-CLM-003,Price observation,ABMX-PR-0008,CAMM — Power Stem — £10.07,https://article134-tech.github.io/lititzbmx-public-knowledge-register/prices/index.html#ABMX-PR-0008,MEDIUM-HIGH,RRP transcription should be visually checked before exact quotation.
PKR-CLM-003,Price observation,ABMX-PR-0009,Diamond Back — Silver Streak — Around £195,https://article134-tech.github.io/lititzbmx-public-knowledge-register/prices/index.html#ABMX-PR-0009,HIGH,"Approximate projected shop price, not a confirmed transaction or formal MSRP."
PKR-CLM-003,Price observation,ABMX-PR-0010,UKBMX — Temporary competition membership — £1,https://article134-tech.github.io/lititzbmx-public-knowledge-register/prices/index.html#ABMX-PR-0010,HIGH,"Day-specific temporary membership, not annual subscription."
PKR-CLM-003,Price observation,ABMX-PR-0011,"UKBMX — Competition membership, one year — £7",https://article134-tech.github.io/lititzbmx-public-knowledge-register/prices/index.html#ABMX-PR-0011,HIGH,Annual competition membership.
PKR-CLM-003,Price observation,ABMX-PR-0012,UKBMX — European insurance extension — £2.75,https://article134-tech.github.io/lititzbmx-public-knowledge-register/prices/index.html#ABMX-PR-0012,HIGH,Extension applies for the duration of the UK licence.
PKR-CLM-003,Price observation,ABMX-PR-0013,UKBMX — Regional event racing fee — £1.25,https://article134-tech.github.io/lititzbmx-public-knowledge-register/prices/index.html#ABMX-PR-0013,HIGH,Indoor events could differ with prior consultation.
PKR-CLM-003,Price observation,ABMX-PR-0014,UKBMX — National event racing fee — £1.50,https://article134-tech.github.io/lititzbmx-public-knowledge-register/prices/index.html#ABMX-PR-0014,HIGH,Indoor events could differ with prior consultation.
PKR-CLM-003,Price observation,ABMX-PR-0015,BMX Action Bike — Selected Official BMX back issue — 70p per copy,https://article134-tech.github.io/lititzbmx-public-knowledge-register/prices/index.html#ABMX-PR-0015,HIGH,Only the listed available issues are covered.
PKR-CLM-003,Price observation,ABMX-PR-0016,Stronglite — Prototype chromoly frame and forks — Around £100,https://article134-tech.github.io/lititzbmx-public-knowledge-register/prices/index.html#ABMX-PR-0016,MEDIUM,"Prototype-stage estimate, not confirmed production price."
PKR-CLM-003,Price observation,ABMX-PR-0017,Prolite — Fiberglass racing helmet — £29,https://article134-tech.github.io/lititzbmx-public-knowledge-register/prices/index.html#ABMX-PR-0017,MEDIUM-HIGH,"Retailer offer, not manufacturer MSRP."
PKR-CLM-003,Price observation,ABMX-PR-0018,Pacer — Padded leather racing gloves — £9.95,https://article134-tech.github.io/lititzbmx-public-knowledge-register/prices/index.html#ABMX-PR-0018,HIGH,Retailer offer.
PKR-CLM-003,Price observation,ABMX-PR-0019,BMX Action Bike — Packet of seven assorted BMX stickers — 95p,https://article134-tech.github.io/lititzbmx-public-knowledge-register/prices/index.html#ABMX-PR-0019,HIGH,Stamped addressed envelope also required.
PKR-CLM-003,Price observation,ABMX-PR-0020,MX 1000 — Front-and-rear brake pair — £14.50 per pair,https://article134-tech.github.io/lititzbmx-public-knowledge-register/prices/index.html#ABMX-PR-0020,MEDIUM-HIGH,Front-and-rear pair; exact retailer identity should be checked against page image.
PKR-CLM-003,Price observation,ABMX-PR-0021,Retailer unresolved — BMX catalogue request — 20p stamp,https://article134-tech.github.io/lititzbmx-public-knowledge-register/prices/index.html#ABMX-PR-0021,MEDIUM-HIGH,"Cost is a postage/stamp requirement, not a product price."
PKR-CLM-003,Price observation,ABMX-PR-0022,Halfords — Entry-level BMX range — From £69.95,https://article134-tech.github.io/lititzbmx-public-knowledge-register/prices/index.html#ABMX-PR-0022,HIGH,Starting price for the advertised bicycle range.
PKR-CLM-003,Price observation,ABMX-PR-0023,Hotshot BMX Racing — Complete BMX bicycle special — £169.95,https://article134-tech.github.io/lititzbmx-public-knowledge-register/prices/index.html#ABMX-PR-0023,HIGH,Retailer special; petrol and delivery terms were separate benefits.
PKR-CLM-003,Price observation,ABMX-PR-0024,GT — Pro 4 — Approximately £275,https://article134-tech.github.io/lititzbmx-public-knowledge-register/prices/index.html#ABMX-PR-0024,HIGH,"Editorial specification-sheet estimate, not a documented transaction."
PKR-CLM-003,Price observation,ABMX-PR-0025,Oakley — O/20 goggle — £13,https://article134-tech.github.io/lititzbmx-public-knowledge-register/prices/index.html#ABMX-PR-0025,HIGH,Retail availability via Gecko.
PKR-CLM-003,Price observation,ABMX-PR-0026,Renthal — Wide-rise BMX handlebars — From £12.94,https://article134-tech.github.io/lititzbmx-public-knowledge-register/prices/index.html#ABMX-PR-0026,HIGH,Starting price across multiple rise and finish options.
PKR-CLM-003,Price observation,ABMX-PR-0027,BMX Action Bike — Wonder Light front/rear set — £5.95,https://article134-tech.github.io/lititzbmx-public-knowledge-register/prices/index.html#ABMX-PR-0027,HIGH,Included brackets and reflective cycle clips; batteries excluded.
PKR-CLM-003,Price observation,ABMX-PR-0028,Paul Connors — Home-built Diamond Back II-inspired bicycle — About £20,https://article134-tech.github.io/lititzbmx-public-knowledge-register/prices/index.html#ABMX-PR-0028,MEDIUM-HIGH,Reader-reported total using reused and purchased parts.
PKR-CLM-003,Price observation,ABMX-PR-0029,March Racing Developments — Handmade BMX number plate — £6,https://article134-tech.github.io/lititzbmx-public-knowledge-register/prices/index.html#ABMX-PR-0029,HIGH,Interview states the plates were sold through shops rather than direct.
PKR-CLM-003,Price observation,ABMX-PR-0030,Cooper — Convertible BMX helmet — £8.95,https://article134-tech.github.io/lititzbmx-public-knowledge-register/prices/index.html#ABMX-PR-0030,HIGH,Postage and packing were additional.
PKR-CLM-003,Price observation,ABMX-PR-0031,KHS — Duster 100 — £94.95,https://article134-tech.github.io/lititzbmx-public-knowledge-register/prices/index.html#ABMX-PR-0031,HIGH,Distributor-listed RRP.
PKR-CLM-003,Price observation,ABMX-PR-0032,KHS — Duster 200 — £109.95,https://article134-tech.github.io/lititzbmx-public-knowledge-register/prices/index.html#ABMX-PR-0032,HIGH,Distributor-listed RRP.
PKR-CLM-003,Price observation,ABMX-PR-0033,KHS — Duster 300 — £129.95,https://article134-tech.github.io/lititzbmx-public-knowledge-register/prices/index.html#ABMX-PR-0033,HIGH,Distributor-listed RRP.
PKR-CLM-003,Price observation,ABMX-PR-0034,KHS — Duster 506 — £179.95,https://article134-tech.github.io/lititzbmx-public-knowledge-register/prices/index.html#ABMX-PR-0034,HIGH,Distributor-listed RRP.
PKR-CLM-003,Price observation,ABMX-PR-0035,Shimano — DX pedals — Special offer £14.95,https://article134-tech.github.io/lititzbmx-public-knowledge-register/prices/index.html#ABMX-PR-0035,HIGH,Reduced from the listed regular price.
PKR-CLM-003,Price observation,ABMX-PR-0036,Shimano — DX seat pillar — Special offer £9.95,https://article134-tech.github.io/lititzbmx-public-knowledge-register/prices/index.html#ABMX-PR-0036,HIGH,Reduced from the listed regular price.
PKR-CLM-003,Price observation,ABMX-PR-0037,BMX Action Bike — Blue-and-yellow race shirt — £6.95,https://article134-tech.github.io/lititzbmx-public-knowledge-register/prices/index.html#ABMX-PR-0037,HIGH,Price included post and packing.
PKR-CLM-003,Price observation,ABMX-PR-0038,Tuff Neck — Stem — £19.95,https://article134-tech.github.io/lititzbmx-public-knowledge-register/prices/index.html#ABMX-PR-0038,HIGH,Monthly dealer special.
PKR-CLM-003,Price observation,ABMX-PR-0039,Shimano — Custom DX pedals — £10.95,https://article134-tech.github.io/lititzbmx-public-knowledge-register/prices/index.html#ABMX-PR-0039,HIGH,Monthly dealer special.
PKR-CLM-003,Price observation,ABMX-PR-0040,Kenda — Whitewall tyre — £3.95,https://article134-tech.github.io/lititzbmx-public-knowledge-register/prices/index.html#ABMX-PR-0040,HIGH,Monthly dealer special.
PKR-CLM-003,Price observation,ABMX-PR-0041,Invader — PRO 531 complete bicycle — £189.95,https://article134-tech.github.io/lititzbmx-public-knowledge-register/prices/index.html#ABMX-PR-0041,HIGH,Chrome and black complete bicycle.
PKR-CLM-003,Price observation,ABMX-PR-0042,Halfords California — California — £69.95,https://article134-tech.github.io/lititzbmx-public-knowledge-register/prices/index.html#ABMX-PR-0042,HIGH,Period retail price.
PKR-CLM-003,Price observation,ABMX-PR-0043,Halfords California — California Star — £79.95,https://article134-tech.github.io/lititzbmx-public-knowledge-register/prices/index.html#ABMX-PR-0043,HIGH,Period retail price.
PKR-CLM-003,Price observation,ABMX-PR-0044,Halfords California — California Trax Pro — £99.95,https://article134-tech.github.io/lititzbmx-public-knowledge-register/prices/index.html#ABMX-PR-0044,HIGH,Period retail price.
PKR-CLM-003,Price observation,ABMX-PR-0045,Halfords — Turbo 20X — £99.95,https://article134-tech.github.io/lititzbmx-public-knowledge-register/prices/index.html#ABMX-PR-0045,HIGH,Period retail price.
PKR-CLM-003,Price observation,ABMX-PR-0046,Raleigh — Pro Burner — Now only £195,https://article134-tech.github.io/lititzbmx-public-knowledge-register/prices/index.html#ABMX-PR-0046,HIGH,Advertisement stated a higher previous price.
PKR-CLM-003,Price observation,ABMX-PR-0047,Kuwahara — Original E.T. — £185,https://article134-tech.github.io/lititzbmx-public-knowledge-register/prices/index.html#ABMX-PR-0047,HIGH,Original E.T. model.
PKR-CLM-003,Price observation,ABMX-PR-0048,Kuwahara — Replica E.T. — £151.50,https://article134-tech.github.io/lititzbmx-public-knowledge-register/prices/index.html#ABMX-PR-0048,HIGH,Replica E.T. advertised retail price corrected to £151.50 during the release audit.
PKR-CLM-003,Price observation,ABMX-PR-0049,Robinson Racing Products — Sticker and catalogue request — £1,https://article134-tech.github.io/lititzbmx-public-knowledge-register/prices/index.html#ABMX-PR-0049,HIGH,Advertisement wording pairs the payment with a sticker and catalogue.
PKR-CLM-003,Price observation,ABMX-PR-0050,UNI — UNI Seat — £17.99 or less,https://article134-tech.github.io/lititzbmx-public-knowledge-register/prices/index.html#ABMX-PR-0050,HIGH,Advertisement stated retail at this amount or less.
PKR-CLM-003,Price observation,ABMX-PR-0051,BMX Action Bike — Twelve-issue binder — £3.95,https://article134-tech.github.io/lititzbmx-public-knowledge-register/prices/index.html#ABMX-PR-0051,HIGH,Included post and packing.
PKR-CLM-003,Price observation,ABMX-PR-0052,BMX Action Bike — Blue-and-yellow race shirt — £6.95,https://article134-tech.github.io/lititzbmx-public-knowledge-register/prices/index.html#ABMX-PR-0052,HIGH,Included post and packing.
PKR-CLM-003,Price observation,ABMX-PR-0053,Araya — ADX-7W rim — Around £14 each,https://article134-tech.github.io/lititzbmx-public-knowledge-register/prices/index.html#ABMX-PR-0053,HIGH,Approximate per-rim price.
PKR-CLM-003,Price observation,ABMX-PR-0054,Raleigh — Pro Burner — £195,https://article134-tech.github.io/lititzbmx-public-knowledge-register/prices/index.html#ABMX-PR-0054,HIGH,Retail list price.
PKR-CLM-003,Price observation,ABMX-PR-0055,Strongs Bicycles — BMX race shirt — £6.95,https://article134-tech.github.io/lititzbmx-public-knowledge-register/prices/index.html#ABMX-PR-0055,HIGH,Postage was additional.
PKR-CLM-003,Price observation,ABMX-PR-0056,City BMX — Race pants — £15.20,https://article134-tech.github.io/lititzbmx-public-knowledge-register/prices/index.html#ABMX-PR-0056,HIGH,Postage was additional.
PKR-CLM-003,Price observation,ABMX-PR-0057,City BMX — Lightweight race helmet — £26.45,https://article134-tech.github.io/lititzbmx-public-knowledge-register/prices/index.html#ABMX-PR-0057,MEDIUM-HIGH,Postage was additional.
PKR-CLM-003,Price observation,ABMX-PR-0058,City BMX — Shoulder protectors — £18.95,https://article134-tech.github.io/lititzbmx-public-knowledge-register/prices/index.html#ABMX-PR-0058,HIGH,Postage was additional.
PKR-CLM-003,Price observation,ABMX-PR-0059,Huffy — Pro Lightning — Approximately £249,https://article134-tech.github.io/lititzbmx-public-knowledge-register/prices/index.html#ABMX-PR-0059,HIGH,"Editorial test price; text contains OCR inconsistency elsewhere, so retained as approximate."
PKR-CLM-003,Price observation,ABMX-PR-0060,Ride-On MX Products — Retrofit sealed-bearing hub pair — £19.99 a pair,https://article134-tech.github.io/lititzbmx-public-knowledge-register/prices/index.html#ABMX-PR-0060,HIGH,Price included VAT and postage/packing.
PKR-CLM-003,Price observation,ABMX-PR-0061,Lee Cooper; Reflex Publications — Ready to Go BMX video — £29,https://article134-tech.github.io/lititzbmx-public-knowledge-register/prices/index.html#ABMX-PR-0061,HIGH,Price included VAT.
PKR-CLM-003,Price observation,ABMX-PR-0062,BMX Video — USA professional BMX action video — £19.50,https://article134-tech.github.io/lititzbmx-public-knowledge-register/prices/index.html#ABMX-PR-0062,HIGH,Price included postage and packing.
PKR-CLM-003,Price observation,ABMX-PR-0063,BMX Action Bike — Six-issue subscription — £5,https://article134-tech.github.io/lititzbmx-public-knowledge-register/prices/index.html#ABMX-PR-0063,HIGH,Offer covered the next six issues.
PKR-CLM-003,Price observation,BM-PRICE-0001,JMC Racing — JMC BMX product range — Not exposed in public index,https://article134-tech.github.io/lititzbmx-public-knowledge-register/prices/index.html#BM-PRICE-0001,MEDIUM,Price list; dealer vs retail basis unresolved
PKR-CLM-003,Price observation,BM-PRICE-0002,GT; Dyno — Interceptor — $259,https://article134-tech.github.io/lititzbmx-public-knowledge-register/prices/index.html#BM-PRICE-0002,MEDIUM,Printed catalog price; exact basis unresolved
PKR-CLM-003,Price observation,BM-PRICE-0003,GT; Dyno — Blue bicycle; exact model unresolved — $319,https://article134-tech.github.io/lititzbmx-public-knowledge-register/prices/index.html#BM-PRICE-0003,LOW-MEDIUM,Printed catalog price; exact basis unresolved
PKR-CLM-003,Price observation,BM-PRICE-0004,JMC Racing — JMC Racing equipment — Not exposed in public index,https://article134-tech.github.io/lititzbmx-public-knowledge-register/prices/index.html#BM-PRICE-0004,LOW-MEDIUM,Dealer price list per public description
PKR-CLM-003,Price observation,GTD-PR-0001,GT — Interceptor — $259,https://article134-tech.github.io/lititzbmx-public-knowledge-register/prices/index.html#GTD-PR-0001,MEDIUM,Printed catalog price; exact basis unresolved
PKR-CLM-003,Price observation,GTD-PR-0002,GT/Dyno — Blue bicycle; model unresolved — $319,https://article134-tech.github.io/lititzbmx-public-knowledge-register/prices/index.html#GTD-PR-0002,LOW-MEDIUM,Printed catalog price; exact basis unresolved
PKR-CLM-003,Price observation,GTD-PR-0003,Dyno — Dinky Dyno 16-inch — $119,https://article134-tech.github.io/lititzbmx-public-knowledge-register/prices/index.html#GTD-PR-0003,MEDIUM-HIGH,Advertised retailer/mail-order price
PKR-CLM-003,Price observation,GTD-PR-0004,Dyno — Compe — $149,https://article134-tech.github.io/lititzbmx-public-knowledge-register/prices/index.html#GTD-PR-0004,MEDIUM-HIGH,Advertised retailer/mail-order price
PKR-CLM-003,Price observation,GTD-PR-0005,Dyno — D-Tour — $189,https://article134-tech.github.io/lititzbmx-public-knowledge-register/prices/index.html#GTD-PR-0005,MEDIUM-HIGH,Advertised retailer/mail-order price
PKR-CLM-003,Price observation,GTD-PR-0006,Dyno — Pro Compe — $279,https://article134-tech.github.io/lititzbmx-public-knowledge-register/prices/index.html#GTD-PR-0006,MEDIUM-HIGH,Advertised retailer/mail-order price
PKR-CLM-003,Price observation,GTD-PR-0007,Dyno — Pro Compe Team — $419,https://article134-tech.github.io/lititzbmx-public-knowledge-register/prices/index.html#GTD-PR-0007,MEDIUM-HIGH,Advertised retailer/mail-order price
PKR-CLM-003,Price observation,GTD-PR-0008,Dyno — VFR BMX — $129,https://article134-tech.github.io/lititzbmx-public-knowledge-register/prices/index.html#GTD-PR-0008,MEDIUM-HIGH,Advertised retailer/mail-order price
PKR-CLM-003,Price observation,GTD-PR-0009,GT — Jr. Performer — $119,https://article134-tech.github.io/lititzbmx-public-knowledge-register/prices/index.html#GTD-PR-0009,MEDIUM-HIGH,Advertised retailer/mail-order price
PKR-CLM-003,Price observation,GTD-PR-0010,GT — Vertigo — $164,https://article134-tech.github.io/lititzbmx-public-knowledge-register/prices/index.html#GTD-PR-0010,MEDIUM-HIGH,Advertised retailer/mail-order price
PKR-CLM-003,Price observation,GTD-PR-0011,GT — Performer — $199,https://article134-tech.github.io/lititzbmx-public-knowledge-register/prices/index.html#GTD-PR-0011,MEDIUM-HIGH,Advertised retailer/mail-order price
PKR-CLM-003,Price observation,GTD-PR-0012,GT — Pro Freestyle Tour — $299,https://article134-tech.github.io/lititzbmx-public-knowledge-register/prices/index.html#GTD-PR-0012,MEDIUM-HIGH,Advertised retailer/mail-order price
PKR-CLM-003,Price observation,GTD-PR-0013,GT — Pro Freestyle Team — $429,https://article134-tech.github.io/lititzbmx-public-knowledge-register/prices/index.html#GTD-PR-0013,MEDIUM-HIGH,Advertised retailer/mail-order price
PKR-CLM-003,Price observation,GTD-PR-0014,GT — Interceptor — $169,https://article134-tech.github.io/lititzbmx-public-knowledge-register/prices/index.html#GTD-PR-0014,MEDIUM-HIGH,Advertised retailer/mail-order price
PKR-CLM-003,Price observation,GTD-PR-0015,GT — Mach 1 — $209,https://article134-tech.github.io/lititzbmx-public-knowledge-register/prices/index.html#GTD-PR-0015,MEDIUM-HIGH,Advertised retailer/mail-order price
PKR-CLM-003,Price observation,GTD-PR-0016,GT — Pro Series — $329,https://article134-tech.github.io/lititzbmx-public-knowledge-register/prices/index.html#GTD-PR-0016,MEDIUM-HIGH,Advertised retailer/mail-order price
PKR-CLM-003,Price observation,GTD-PR-0017,GT — Pro Series Team — $449,https://article134-tech.github.io/lititzbmx-public-knowledge-register/prices/index.html#GTD-PR-0017,MEDIUM-HIGH,Advertised retailer/mail-order price
PKR-CLM-003,Price observation,GTD-PR-0018,GT — Performer — $199.95,https://article134-tech.github.io/lititzbmx-public-knowledge-register/prices/index.html#GTD-PR-0018,MEDIUM-HIGH,Advertised retailer/mail-order price
PKR-CLM-003,Price observation,GTD-PR-0019,GT — Pro Performer — $289.95,https://article134-tech.github.io/lititzbmx-public-knowledge-register/prices/index.html#GTD-PR-0019,MEDIUM-HIGH,Advertised retailer/mail-order price
PKR-CLM-003,Price observation,GTD-PR-0020,GT — Pro World Tour — $344.95,https://article134-tech.github.io/lititzbmx-public-knowledge-register/prices/index.html#GTD-PR-0020,MEDIUM-HIGH,Advertised retailer/mail-order price
PKR-CLM-003,Price observation,GTD-PR-0021,GT — Mach 1 — $214.95,https://article134-tech.github.io/lititzbmx-public-knowledge-register/prices/index.html#GTD-PR-0021,MEDIUM-HIGH,Advertised retailer/mail-order price
PKR-CLM-003,Price observation,HAR-PR-0001,Haro — Shredder — $169,https://article134-tech.github.io/lititzbmx-public-knowledge-register/prices/index.html#HAR-PR-0001,MEDIUM-HIGH,Advertised retailer/mail-order price
PKR-CLM-003,Price observation,HAR-PR-0002,Haro — Invert — $219,https://article134-tech.github.io/lititzbmx-public-knowledge-register/prices/index.html#HAR-PR-0002,MEDIUM-HIGH,Advertised retailer/mail-order price
PKR-CLM-003,Price observation,HAR-PR-0003,Haro — Master — $309,https://article134-tech.github.io/lititzbmx-public-knowledge-register/prices/index.html#HAR-PR-0003,MEDIUM-HIGH,Advertised retailer/mail-order price
PKR-CLM-003,Price observation,HAR-PR-0004,Haro — Team Master — $529,https://article134-tech.github.io/lititzbmx-public-knowledge-register/prices/index.html#HAR-PR-0004,MEDIUM-HIGH,Advertised retailer/mail-order price
PKR-CLM-003,Price observation,HAR-PR-0005,Haro/Fusion — 1991 catalog mailer — $2,https://article134-tech.github.io/lititzbmx-public-knowledge-register/prices/index.html#HAR-PR-0005,HIGH,Catalog request fee
PKR-CLM-003,Price observation,MB-PR-0001,Mongoose — Californian full chromoly frame — $76.50,https://article134-tech.github.io/lititzbmx-public-knowledge-register/prices/index.html#MB-PR-0001,MEDIUM,Distributor price-list figure
PKR-CLM-003,Price observation,MB-PR-0002,Mongoose — Pro Class rims — $15.50,https://article134-tech.github.io/lititzbmx-public-knowledge-register/prices/index.html#MB-PR-0002,MEDIUM,Distributor price-list figure
PKR-CLM-003,Price observation,MB-PR-0003,Mongoose — Pad set — $5.65,https://article134-tech.github.io/lititzbmx-public-knowledge-register/prices/index.html#MB-PR-0003,MEDIUM,Distributor price-list figure
PKR-CLM-003,Price observation,MB-PR-0004,Diamond Back — Silver Streak — £119.37,https://article134-tech.github.io/lititzbmx-public-knowledge-register/prices/index.html#MB-PR-0004,MEDIUM,Advertised retailer price
PKR-CLM-003,Price observation,MB-PR-0005,Diamond Back — Silver Streak — £195,https://article134-tech.github.io/lititzbmx-public-knowledge-register/prices/index.html#MB-PR-0005,MEDIUM-HIGH,Advertised retailer price
PKR-CLM-003,Price observation,MB-PR-0006,Diamond Back — Silver Streak — £195,https://article134-tech.github.io/lititzbmx-public-knowledge-register/prices/index.html#MB-PR-0006,MEDIUM-HIGH,Advertised retailer price
PKR-CLM-003,Price observation,MB-PR-0007,Diamond Back — Silver Streak — £199,https://article134-tech.github.io/lititzbmx-public-knowledge-register/prices/index.html#MB-PR-0007,MEDIUM-HIGH,Advertised retailer price plus postage
PKR-CLM-003,Price observation,MB-PR-0008,Diamond Back — Harry Leary Turbo — £299,https://article134-tech.github.io/lititzbmx-public-knowledge-register/prices/index.html#MB-PR-0008,MEDIUM-HIGH,Advertised retailer price
PKR-CLM-004,Registered source,SRC-001,archive.harobikes.com,https://article134-tech.github.io/lititzbmx-public-knowledge-register/sources/SRC-001/,MEDIUM,Existing public knowledge register
PKR-CLM-004,Registered source,SRC-002,archive.harobikes.com,https://article134-tech.github.io/lititzbmx-public-knowledge-register/sources/SRC-002/,HIGH,Enthusiast catalog reconstruction; Independent period publication; Indexed enthusiast model registry; Official manufacturer archive
PKR-CLM-004,Registered source,SRC-003,bmxmuseum.com,https://article134-tech.github.io/lititzbmx-public-knowledge-register/sources/SRC-003/,MEDIUM,Existing public knowledge register
PKR-CLM-004,Registered source,SRC-004,bmxmuseum.com,https://article134-tech.github.io/lititzbmx-public-knowledge-register/sources/SRC-004/,MEDIUM,Existing public knowledge register
PKR-CLM-004,Registered source,SRC-005,bmxmuseum.com,https://article134-tech.github.io/lititzbmx-public-knowledge-register/sources/SRC-005/,HIGH,EXACT EXTERNAL DIRECT LINK; EXTERNAL TECHNICAL INTERPRETATION; Existing public knowledge register
PKR-CLM-004,Registered source,SRC-006,edwardkoenning.blogspot.com,https://article134-tech.github.io/lititzbmx-public-knowledge-register/sources/SRC-006/,MEDIUM,Existing public knowledge register
PKR-CLM-004,Registered source,SRC-007,in.pinterest.com,https://article134-tech.github.io/lititzbmx-public-knowledge-register/sources/SRC-007/,MEDIUM,Existing public knowledge register; GT/Dyno sequence
PKR-CLM-004,Registered source,SRC-008,jmcbmx.wordpress.com,https://article134-tech.github.io/lititzbmx-public-knowledge-register/sources/SRC-008/,MEDIUM,Existing public knowledge register
PKR-CLM-004,Registered source,SRC-009,jmcbmx.wordpress.com,https://article134-tech.github.io/lititzbmx-public-knowledge-register/sources/SRC-009/,MEDIUM,Existing public knowledge register
PKR-CLM-004,Registered source,SRC-010,jmcbmx.wordpress.com,https://article134-tech.github.io/lititzbmx-public-knowledge-register/sources/SRC-010/,MEDIUM,Existing public knowledge register
PKR-CLM-004,Registered source,SRC-011,jmcbmx.wordpress.com,https://article134-tech.github.io/lititzbmx-public-knowledge-register/sources/SRC-011/,MEDIUM,Existing public knowledge register
PKR-CLM-004,Registered source,SRC-012,jmcbmx.wordpress.com,https://article134-tech.github.io/lititzbmx-public-knowledge-register/sources/SRC-012/,HIGH,Existing public knowledge register
PKR-CLM-004,Registered source,SRC-013,mx.pinterest.com,https://article134-tech.github.io/lititzbmx-public-knowledge-register/sources/SRC-013/,MEDIUM,1992 GT/Dyno Product Catalog; Indexed catalog page
PKR-CLM-004,Registered source,SRC-014,previouspage.co.uk,https://article134-tech.github.io/lititzbmx-public-knowledge-register/sources/SRC-014/,HIGH,GT/Dyno sequence; Period contest entry form; Period retailer advertisement
PKR-CLM-004,Registered source,SRC-015,previouspage.co.uk,https://article134-tech.github.io/lititzbmx-public-knowledge-register/sources/SRC-015/,HIGH,Period product mailer advertisement; Period publication
PKR-CLM-004,Registered source,SRC-016,previouspage.co.uk,https://article134-tech.github.io/lititzbmx-public-knowledge-register/sources/SRC-016/,MEDIUM,Period publication
PKR-CLM-004,Registered source,SRC-017,previouspage.co.uk,https://article134-tech.github.io/lititzbmx-public-knowledge-register/sources/SRC-017/,MEDIUM,Period publication
PKR-CLM-004,Registered source,SRC-018,previouspage.co.uk,https://article134-tech.github.io/lititzbmx-public-knowledge-register/sources/SRC-018/,MEDIUM,Period event promotion; Period magazine coupon
PKR-CLM-004,Registered source,SRC-019,previouspage.co.uk,https://article134-tech.github.io/lititzbmx-public-knowledge-register/sources/SRC-019/,MEDIUM,Period retailer advertisement
PKR-CLM-004,Registered source,SRC-020,previouspage.co.uk,https://article134-tech.github.io/lititzbmx-public-knowledge-register/sources/SRC-020/,MEDIUM,Period magazine advertisement / booking form; Period retailer advertisement
PKR-CLM-004,Registered source,SRC-021,previouspage.co.uk,https://article134-tech.github.io/lititzbmx-public-knowledge-register/sources/SRC-021/,HIGH,Period dealer advertisement; Period retailer advertisement
PKR-CLM-004,Registered source,SRC-022,previouspage.co.uk,https://article134-tech.github.io/lititzbmx-public-knowledge-register/sources/SRC-022/,MEDIUM,Period dealer advertisement
PKR-CLM-004,Registered source,SRC-023,previouspage.co.uk,https://article134-tech.github.io/lititzbmx-public-knowledge-register/sources/SRC-023/,MEDIUM,Period magazine event notice
PKR-CLM-004,Registered source,SRC-024,previouspage.co.uk,https://article134-tech.github.io/lititzbmx-public-knowledge-register/sources/SRC-024/,HIGH,GT/Dyno sequence; Period event advertisement; Period magazine promotional notice; Period retailer advertisement
PKR-CLM-004,Registered source,SRC-025,previouspage.co.uk,https://article134-tech.github.io/lititzbmx-public-knowledge-register/sources/SRC-025/,MEDIUM,Period retailer advertisement
PKR-CLM-004,Registered source,SRC-026,storage.googleapis.com,https://article134-tech.github.io/lititzbmx-public-knowledge-register/sources/SRC-026/,MEDIUM,Existing public knowledge register
PKR-CLM-004,Registered source,SRC-027,thecabe.com,https://article134-tech.github.io/lititzbmx-public-knowledge-register/sources/SRC-027/,HIGH,EXACT EXTERNAL DIRECT LINK; EXTERNAL TECHNICAL INTERPRETATION; Existing public knowledge register
PKR-CLM-004,Registered source,SRC-028,torkerracing.com,https://article134-tech.github.io/lititzbmx-public-knowledge-register/sources/SRC-028/,MEDIUM,Current official historical archive
PKR-CLM-004,Registered source,SRC-029,torkerracing.com,https://article134-tech.github.io/lititzbmx-public-knowledge-register/sources/SRC-029/,HIGH,Current official historical archive; Existing public knowledge register
PKR-CLM-004,Registered source,SRC-030,torkerracing.com,https://article134-tech.github.io/lititzbmx-public-knowledge-register/sources/SRC-030/,MEDIUM,Current official historical archive
PKR-CLM-004,Registered source,SRC-031,torkerracing.com,https://article134-tech.github.io/lititzbmx-public-knowledge-register/sources/SRC-031/,MEDIUM,Current official historical archive
PKR-CLM-004,Registered source,SRC-032,www.bloggingadeadhorse.com,https://article134-tech.github.io/lititzbmx-public-knowledge-register/sources/SRC-032/,HIGH,Australian collector/research archive; Collector summary of period distributor list
PKR-CLM-004,Registered source,SRC-033,www.bmx-catalogue.com,https://article134-tech.github.io/lititzbmx-public-knowledge-register/sources/SRC-033/,MEDIUM,Indexed enthusiast model registry
PKR-CLM-004,Registered source,SRC-034,www.bmx-catalogue.com,https://article134-tech.github.io/lititzbmx-public-knowledge-register/sources/SRC-034/,MEDIUM,Enthusiast catalog reconstruction
PKR-CLM-004,Registered source,SRC-035,www.bmx-catalogue.com,https://article134-tech.github.io/lititzbmx-public-knowledge-register/sources/SRC-035/,MEDIUM,Enthusiast catalog reconstruction
PKR-CLM-004,Registered source,SRC-036,www.bmx-catalogue.com,https://article134-tech.github.io/lititzbmx-public-knowledge-register/sources/SRC-036/,MEDIUM,Enthusiast catalog reconstruction
PKR-CLM-004,Registered source,SRC-037,www.bmx-catalogue.com,https://article134-tech.github.io/lititzbmx-public-knowledge-register/sources/SRC-037/,MEDIUM,Enthusiast catalog reconstruction
PKR-CLM-004,Registered source,SRC-038,www.bmx-catalogue.com,https://article134-tech.github.io/lititzbmx-public-knowledge-register/sources/SRC-038/,MEDIUM,Enthusiast catalog reconstruction
PKR-CLM-004,Registered source,SRC-039,www.bmx-catalogue.com,https://article134-tech.github.io/lititzbmx-public-knowledge-register/sources/SRC-039/,MEDIUM,Enthusiast catalog reconstruction; Official manufacturer archive
PKR-CLM-004,Registered source,SRC-040,www.facebook.com,https://article134-tech.github.io/lititzbmx-public-knowledge-register/sources/SRC-040/,HIGH,Existing public knowledge register; Vintage JMC Racing Equipment dealer's price list from Azusa collection
PKR-CLM-004,Registered source,SRC-041,www.pinterest.com,https://article134-tech.github.io/lititzbmx-public-knowledge-register/sources/SRC-041/,HIGH,1992 GT/Dyno Product Catalog; GT/Dyno sequence; Indexed catalog page
PKR-CLM-004,Registered source,SRC-042,www.pinterest.com,https://article134-tech.github.io/lititzbmx-public-knowledge-register/sources/SRC-042/,MEDIUM,Existing public knowledge register
PKR-CLM-004,Registered source,SRC-043,www.pinterest.com,https://article134-tech.github.io/lititzbmx-public-knowledge-register/sources/SRC-043/,MEDIUM,Existing public knowledge register; GT/Dyno sequence
PKR-CLM-004,Registered source,SRC-044,www.pinterest.com,https://article134-tech.github.io/lititzbmx-public-knowledge-register/sources/SRC-044/,MEDIUM,Existing public knowledge register; GT/Dyno sequence
PKR-CLM-004,Registered source,SRC-045,www.pinterest.com,https://article134-tech.github.io/lititzbmx-public-knowledge-register/sources/SRC-045/,MEDIUM,Existing public knowledge register; JMC Racing Fliers and Price List
PKR-CLM-004,Registered source,SRC-046,www.previouspage.co.uk,https://article134-tech.github.io/lititzbmx-public-knowledge-register/sources/SRC-046/,HIGH,Independent period publication; Period catalog mailer
PKR-CLM-004,Registered source,SRC-047,www.radbmx.co.uk,https://article134-tech.github.io/lititzbmx-public-knowledge-register/sources/SRC-047/,MEDIUM,Existing public knowledge register
PKR-CLM-004,Registered source,SRC-048,www.redlinevintagebmx.com,https://article134-tech.github.io/lititzbmx-public-knowledge-register/sources/SRC-048/,MEDIUM,Historical brand archive; Official rider-history corroboration
PKR-CLM-004,Registered source,SRC-049,www.redlinevintagebmx.com,https://article134-tech.github.io/lititzbmx-public-knowledge-register/sources/SRC-049/,MEDIUM,Historical brand archive
PKR-CLM-004,Registered source,SRC-050,www.sebikes.com,https://article134-tech.github.io/lititzbmx-public-knowledge-register/sources/SRC-050/,MEDIUM,First-person official rider page
PKR-CLM-004,Registered source,SRC-051,www.sebikes.com,https://article134-tech.github.io/lititzbmx-public-knowledge-register/sources/SRC-051/,MEDIUM,Current official brand history
PKR-CLM-004,Registered source,SRC-052,www.sebikes.com,https://article134-tech.github.io/lititzbmx-public-knowledge-register/sources/SRC-052/,MEDIUM,Current official brand history; First-person official rider page
PKR-CLM-004,Registered source,SRC-053,www.usabmx.com,https://article134-tech.github.io/lititzbmx-public-knowledge-register/sources/SRC-053/,MEDIUM,Existing public knowledge register; Official rider-history corroboration
PKR-CLM-004,Registered source,SRC-054,www.vintagemongoose.com,https://article134-tech.github.io/lititzbmx-public-knowledge-register/sources/SRC-054/,MEDIUM,Australian collector/research archive; Specialist historical archive
PKR-CLM-004,Registered source,SRC-055,www.vintagemongoose.com,https://article134-tech.github.io/lititzbmx-public-knowledge-register/sources/SRC-055/,HIGH,PERIOD CATALOG PAGE; Period catalog PDF; Specialist historical archive
PKR-CLM-004,Registered source,SRC-056,www.vintagemongoose.com,https://article134-tech.github.io/lititzbmx-public-knowledge-register/sources/SRC-056/,MEDIUM,PERIOD CATALOG PAGE; Period catalog PDF
PKR-CLM-004,Registered source,SRC-057,www.vintagemongoose.com,https://article134-tech.github.io/lititzbmx-public-knowledge-register/sources/SRC-057/,MEDIUM,PERIOD CATALOG PAGE; Period catalog PDF
PKR-CLM-004,Registered source,SRC-058,previouspage.co.uk,https://article134-tech.github.io/lititzbmx-public-knowledge-register/sources/SRC-058/,HIGH,BMX Action Bike — June/July 1982 — Volume 2 Number 2
PKR-CLM-004,Registered source,SRC-059,previouspage.co.uk,https://article134-tech.github.io/lititzbmx-public-knowledge-register/sources/SRC-059/,HIGH,BMX Action Bike — February/March 1983 — Volume 2 Number 6
PKR-CLM-004,Registered source,SRC-060,previouspage.co.uk,https://article134-tech.github.io/lititzbmx-public-knowledge-register/sources/SRC-060/,HIGH,BMX Action Bike — April/May 1983 — Volume 2 Number 7
PKR-CLM-005,Duplicate group,DUP-ASHT-5027,DUP-ASHT-5027,https://article134-tech.github.io/lititzbmx-public-knowledge-register/objects/index.html#DUP-ASHT-5027,REVIEWED,Members: EPH-0006 | EPH-0031
PKR-CLM-005,Duplicate group,DUP-DB-INFO-PACK,DUP-DB-INFO-PACK,https://article134-tech.github.io/lititzbmx-public-knowledge-register/objects/index.html#DUP-DB-INFO-PACK,REVIEWED,Members: EPH-0046 | EPH-0054
PKR-CLM-005,Duplicate group,DUP-GT-HIDE-CONTEST,DUP-GT-HIDE-CONTEST,https://article134-tech.github.io/lititzbmx-public-knowledge-register/objects/index.html#DUP-GT-HIDE-CONTEST,REVIEWED,Members: EPH-0022 | EPH-0053
PKR-CLM-005,Duplicate group,DUP-GTD-1992,DUP-GTD-1992,https://article134-tech.github.io/lititzbmx-public-knowledge-register/objects/index.html#DUP-GTD-1992,REVIEWED,Members: EPH-0002 | EPH-0017
PKR-CLM-005,Duplicate group,DUP-GTD-1996,DUP-GTD-1996,https://article134-tech.github.io/lititzbmx-public-knowledge-register/objects/index.html#DUP-GTD-1996,REVIEWED,Members: EPH-0001 | EPH-0018
PKR-CLM-005,Duplicate group,DUP-GTD-1999-P2,DUP-GTD-1999-P2,https://article134-tech.github.io/lititzbmx-public-knowledge-register/objects/index.html#DUP-GTD-1999-P2,REVIEWED,Members: EPH-0003 | EPH-0019
PKR-CLM-005,Duplicate group,DUP-HARO-1990-CAT,DUP-HARO-1990-CAT,https://article134-tech.github.io/lititzbmx-public-knowledge-register/objects/index.html#DUP-HARO-1990-CAT,REVIEWED,Members: EPH-0004 | EPH-0023
PKR-CLM-005,Duplicate group,DUP-HARO-1991-MAILER,DUP-HARO-1991-MAILER,https://article134-tech.github.io/lititzbmx-public-knowledge-register/objects/index.html#DUP-HARO-1991-MAILER,REVIEWED,Members: EPH-0030 | EPH-0055
PKR-CLM-005,Duplicate group,DUP-REDLINE-FIRST-AD,DUP-REDLINE-FIRST-AD,https://article134-tech.github.io/lititzbmx-public-knowledge-register/objects/index.html#DUP-REDLINE-FIRST-AD,REVIEWED,Members: EPH-0010 | EPH-0037
PKR-CLM-005,Duplicate group,DUP-TORKER-FIRST-AD,DUP-TORKER-FIRST-AD,https://article134-tech.github.io/lititzbmx-public-knowledge-register/objects/index.html#DUP-TORKER-FIRST-AD,REVIEWED,Members: EPH-0009 | EPH-0047
PKR-CLM-006,Source record,EPH-0001,1996 GT/Dyno — The BMX & Freestyle Catalog,https://article134-tech.github.io/lititzbmx-public-knowledge-register/records/EPH-0001/,Lead — locate exact reference ID and edition/page count.,Public indexing exposes the title and BMXMuseum provenance but not a reliable reference ID or complete page set.
PKR-CLM-006,Source record,EPH-0002,1992 GT/Dyno Product Catalog,https://article134-tech.github.io/lititzbmx-public-knowledge-register/records/EPH-0002/,Lead — locate exact reference and compare with independent catalog archives.,Title is publicly indexed; exact reference ID and completeness remain unresolved.
PKR-CLM-006,Source record,EPH-0003,1999 GT/Dyno BMX/Freestyle — Part 2,https://article134-tech.github.io/lititzbmx-public-knowledge-register/records/EPH-0003/,"Lead — locate part 1, exact reference IDs and page ranges.",Only the indexed title is presently recoverable.
PKR-CLM-006,Source record,EPH-0005,1987 Dia-Compe 182 Aerial Brake Lever,https://article134-tech.github.io/lititzbmx-public-knowledge-register/records/EPH-0005/,"Lead — identify publication, page and exact BMXMuseum reference.","Indexed title only; the object may be a catalog page, advertisement or product reference."
PKR-CLM-006,Source record,EPH-0007,1997 Hoffman catalog — George model specification,https://article134-tech.github.io/lititzbmx-public-knowledge-register/records/EPH-0007/,Open — record exact page and compare with other Hoffman catalogs.,An external forum cites the exact BMXMuseum reference for the Hoffman George. The full catalog title and edition need confirmation.
PKR-CLM-006,Source record,EPH-0008,Tioga Rhino III frame advertisement,https://article134-tech.github.io/lititzbmx-public-knowledge-register/records/EPH-0008/,"Lead — recover exact thread, magazine issue and page.",An external old-school BMX advertisement blog links to an unresolved BMXMuseum forum discussion. The original ad and publication must be identified.
PKR-CLM-006,Source record,EPH-0012,Vintage JMC Racing Equipment dealer's price list from Azusa collection,https://article134-tech.github.io/lititzbmx-public-knowledge-register/records/EPH-0012/,Corroboration lead — do not merge with BMXMuseum set until directly compared.,"The public result exposes the document description but not a reliable issue date, complete contents or readable line-item prices."
PKR-CLM-006,Source record,EPH-0016,JMC 3.1 XL naming-contest announcement,https://article134-tech.github.io/lititzbmx-public-knowledge-register/records/EPH-0016/,Lead — locate the ABA paper issue and announcement; do not imply an exact scan has been found.,JMC's first-party history states the contest ran with Bicycle Harbor of Arizona in the ABA paper and that Matt Raymer supplied the winning name. The announcement itself is not yet located.
PKR-CLM-006,Source record,EPH-0017,1992 GT/Dyno Product Catalog,https://article134-tech.github.io/lititzbmx-public-knowledge-register/records/EPH-0017/,"OPEN — exact reference, full pagination and price labels","Two indexed pages expose $259 and $319, but exact page numbers, currency and price basis are not established."
PKR-CLM-006,Source record,EPH-0018,1996 GT/Dyno — The BMX & Freestyle Catalog,https://article134-tech.github.io/lititzbmx-public-knowledge-register/records/EPH-0018/,OPEN — recover exact reference and compare page count,"A public resale listing describes a 22-page 1996 catalog, but this does not resolve the BMXMuseum ID or prove completeness."
PKR-CLM-006,Source record,EPH-0019,1999 GT/Dyno BMX/Freestyle — Part 2,https://article134-tech.github.io/lititzbmx-public-knowledge-register/records/EPH-0019/,OPEN — locate Part 1 and canonical links,"Only Part 2 is publicly indexed in this pass; Part 1, page range and exact BMXMuseum ID remain open."
PKR-CLM-006,Source record,EPH-0022,BMX Plus! / GT Hide-A-Contest entry form,https://article134-tech.github.io/lititzbmx-public-knowledge-register/records/EPH-0022/,INCLUDED — bibliographic facts; prize details open,The indexed page exposes deadline and drawing dates; prize/object details require page-image inspection.
PKR-CLM-006,Source record,EPH-0023,1990 Haro BMX Catalog,https://article134-tech.github.io/lititzbmx-public-knowledge-register/records/EPH-0023/,OPEN — recover BMXMuseum ID and compare file pagination,Official archive confirms the catalog year but does not expose the unresolved BMXMuseum canonical ID in this pass.
PKR-CLM-006,Source record,EPH-0029,1990 Haro Shredder,https://article134-tech.github.io/lititzbmx-public-knowledge-register/records/EPH-0029/,OPEN — locate original catalog page,"The advanced registry lists the model, but a dedicated catalog page was not recovered in this pass."
PKR-CLM-006,Source record,EPH-0037,First Red Line magazine advertisement featuring John Palfreyman,https://article134-tech.github.io/lititzbmx-public-knowledge-register/records/EPH-0037/,OPEN — exact issue/page,"USA BMX supports the rider/ad relationship; publication, issue, page and product still require recovery."
PKR-CLM-006,Source record,EPH-0046,Free Diamond Back and Pro Star info pack and decal,https://article134-tech.github.io/lititzbmx-public-knowledge-register/records/EPH-0046/,INCLUDED — mailer/flyer lead,The offer is visible in multiple issues; contents of the pack are not recovered in this pass.
PKR-CLM-006,Source record,EPH-0047,First Torker advertisement in BMX Weekly,https://article134-tech.github.io/lititzbmx-public-knowledge-register/records/EPH-0047/,OPEN — period issue/page,Official Torker history supplies the date; period issue/page and exact image remain to be recovered.
PKR-CLM-006,Source record,EPH-0053,BMX Plus! / GT Hide-A-Contest,https://article134-tech.github.io/lititzbmx-public-knowledge-register/records/EPH-0053/,INCLUDED — prize details open,People: Not applicable; Venue: Mail-in entry; Offer: No purchase necessary; mail-in form with published deadline and drawing date
PKR-CLM-006,Source record,EPH-0054,Diamond Back and Pro Star Info Pack & Decal,https://article134-tech.github.io/lititzbmx-public-knowledge-register/records/EPH-0054/,INCLUDED — contents unresolved,People: Diamond Back factory team / Harry Leary context in campaign copy; Venue: Direct-to-factory mail request; Offer: Free info pack and decal offered
PKR-CLM-006,Source record,EPH-0057,"Ramp Jam — Moorhead, Minnesota",https://article134-tech.github.io/lititzbmx-public-knowledge-register/records/EPH-0057/,INCLUDED — venue open,People: Ramp riders; Venue: Venue not exposed in indexed text; Offer: Contact Rob Staiger for information
PKR-CLM-008,Source record,EPH-0050,Pontin's BMX Open Championships & Trade Exhibition,https://article134-tech.github.io/lititzbmx-public-knowledge-register/records/EPH-0050/,INCLUDED — exact dates/venue,People: Mike Pardon; Andy Preston (freestyle demos referenced in surrounding promotion); Venue: Pontin's Middleton Tower Holiday Centre; Offer: Booking and trade forms offered; race weekend over three dates
PKR-CLM-008,Source record,EPH-0051,Lee Cooper BMX Indoor Grand Prix pre-registration,https://article134-tech.github.io/lititzbmx-public-knowledge-register/records/EPH-0051/,INCLUDED — exact dates pending,People: Rider roster not fully extracted; Venue: Pickett's Lock Centre; Offer: Coupon requested latest information and pre-registration forms
PKR-CLM-008,Source record,EPH-0052,AFA Expert & Pro Contest — Austin,https://article134-tech.github.io/lititzbmx-public-knowledge-register/records/EPH-0052/,INCLUDED,People: Dennis McCoy; Robert Peterson; Rick Allison; other pros; Venue: Austin City Coliseum; Offer: Pre-registration only; expert and pro classes
PKR-CLM-008,Source record,EPH-0053,BMX Plus! / GT Hide-A-Contest,https://article134-tech.github.io/lititzbmx-public-knowledge-register/records/EPH-0053/,INCLUDED — prize details open,People: Not applicable; Venue: Mail-in entry; Offer: No purchase necessary; mail-in form with published deadline and drawing date
PKR-CLM-008,Source record,EPH-0054,Diamond Back and Pro Star Info Pack & Decal,https://article134-tech.github.io/lititzbmx-public-knowledge-register/records/EPH-0054/,INCLUDED — contents unresolved,People: Diamond Back factory team / Harry Leary context in campaign copy; Venue: Direct-to-factory mail request; Offer: Free info pack and decal offered
PKR-CLM-008,Source record,EPH-0055,1991 Haro/Fusion catalog request,https://article134-tech.github.io/lititzbmx-public-knowledge-register/records/EPH-0055/,INCLUDED,People: Not applicable; Venue: Mail request; Offer: Send $2 for a 1991 catalog
PKR-CLM-008,Source record,EPH-0056,Send SAE for price list and free sticker,https://article134-tech.github.io/lititzbmx-public-knowledge-register/records/EPH-0056/,INCLUDED WITH LIMITS,People: Not applicable; Venue: Mail-order dealer advertisement; Offer: Self-addressed envelope for price list and free sticker
PKR-CLM-008,Source record,EPH-0057,"Ramp Jam — Moorhead, Minnesota",https://article134-tech.github.io/lititzbmx-public-knowledge-register/records/EPH-0057/,INCLUDED — venue open,People: Ramp riders; Venue: Venue not exposed in indexed text; Offer: Contact Rob Staiger for information
PKR-CLM-008,Source record,EPH-0058,DYNO Tour promotional stop listing,https://article134-tech.github.io/lititzbmx-public-knowledge-register/records/EPH-0058/,INCLUDED — stops pending,People: Tour riders not fully extracted; Venue: Multiple stops; exact venues not itemized; Offer: Publicity listing of stops and route context
PKR-CLM-008,Source record,EPH-0059,Diamond Back Silver Streak free draw at Lee Cooper event,https://article134-tech.github.io/lititzbmx-public-knowledge-register/records/EPH-0059/,INCLUDED,People: Event attendees; Venue: Lee Cooper BMX Indoor Grand Prix context; Offer: Free draw each day for riders attending
PKR-CLM-008,Source record,EPH-0060,Langsett Cycles BMX product advertisement,https://article134-tech.github.io/lititzbmx-public-knowledge-register/records/EPH-0060/,INCLUDED — deeper transcription deferred,People: Not applicable; Venue: Langsett Cycles; Offer: Retail prices and carriage terms; broad product inventory
PKR-CLM-008,Source record,EPH-0061,SR Cycles product and team promotion,https://article134-tech.github.io/lititzbmx-public-knowledge-register/records/EPH-0061/,INCLUDED,People: SR Jets; Venue: SR Cycles; Offer: Free SR Jets race shirt with each bike bought through end of October; money-order hold offer
PKR-CLM-009,Chronology row,CHR-001,1970s; exact issue pending — First Red Line magazine advertisement featuring John Palfreyman,https://article134-tech.github.io/lititzbmx-public-knowledge-register/chronology/index.html#CHR-001,HIGH for relationship; MEDIUM for bibliographic detail,Dated/period placement
PKR-CLM-009,Chronology row,CHR-002,1970s; exact issue open — First Red Line magazine advertisement featuring John Palfreyman,https://article134-tech.github.io/lititzbmx-public-knowledge-register/chronology/index.html#CHR-002,HIGH for relationship; MEDIUM for object,Year is provisional
PKR-CLM-009,Chronology row,CHR-003,Late 1970s — PK Ripper late-1970s debut,https://article134-tech.github.io/lititzbmx-public-knowledge-register/chronology/index.html#CHR-003,MEDIUM-HIGH,Dated/period placement
PKR-CLM-009,Chronology row,CHR-004,1970s onward — Vintage Mongoose catalog and dealer-price archive,https://article134-tech.github.io/lititzbmx-public-knowledge-register/chronology/index.html#CHR-004,HIGH for archive scope,Dated/period placement
PKR-CLM-009,Chronology row,CHR-005,1976–77 — 1976–77 Bicycle and Components Catalog,https://article134-tech.github.io/lititzbmx-public-knowledge-register/chronology/index.html#CHR-005,HIGH,Dated/period placement
PKR-CLM-009,Chronology row,CHR-006,December 1976 — First Torker advertisement in BMX Weekly,https://article134-tech.github.io/lititzbmx-public-knowledge-register/chronology/index.html#CHR-006,MEDIUM-HIGH,Dated/period placement
PKR-CLM-009,Chronology row,CHR-0062,Midlands Cycles BMX mail-order special offers,https://article134-tech.github.io/lititzbmx-public-knowledge-register/chronology/index.html#CHR-0062,MEDIUM-HIGH,Dated/period placement
PKR-CLM-009,Chronology row,CHR-0063,Serval Marketing BMX product list and recommended-prices offer,https://article134-tech.github.io/lititzbmx-public-knowledge-register/chronology/index.html#CHR-0063,MEDIUM-HIGH,Dated/period placement
PKR-CLM-009,Chronology row,CHR-0064,Strongs Cycles Kuwahara and Red Line frame/component advertisement,https://article134-tech.github.io/lititzbmx-public-knowledge-register/chronology/index.html#CHR-0064,MEDIUM-HIGH,Dated/period placement
PKR-CLM-009,Chronology row,CHR-0065,Gecko BMX product range and free Redline/Kuwahara patch offer,https://article134-tech.github.io/lititzbmx-public-knowledge-register/chronology/index.html#CHR-0065,MEDIUM-HIGH,Dated/period placement
PKR-CLM-009,Chronology row,CHR-0066,Hotshot BMX complete-bike special and free price-list/sticker offer,https://article134-tech.github.io/lititzbmx-public-knowledge-register/chronology/index.html#CHR-0066,MEDIUM-HIGH,Dated/period placement
PKR-CLM-009,Chronology row,CHR-0067,BMX Action Bike London Dungeon caption competition,https://article134-tech.github.io/lititzbmx-public-knowledge-register/chronology/index.html#CHR-0067,MEDIUM-HIGH,Dated/period placement
PKR-CLM-009,Chronology row,CHR-0068,BMX Action Bike GT Pro 4 bicycle giveaway,https://article134-tech.github.io/lititzbmx-public-knowledge-register/chronology/index.html#CHR-0068,HIGH,Dated/period placement
PKR-CLM-009,Chronology row,CHR-0069,Kenda Karate free sticker mailer,https://article134-tech.github.io/lititzbmx-public-knowledge-register/chronology/index.html#CHR-0069,HIGH,Dated/period placement
PKR-CLM-009,Chronology row,CHR-007,December 1976 — First Torker advertisement in BMX Weekly,https://article134-tech.github.io/lititzbmx-public-knowledge-register/chronology/index.html#CHR-007,MEDIUM-HIGH,Dated/period placement
PKR-CLM-009,Chronology row,CHR-0070,BMX Action Bike track and club list mailer,https://article134-tech.github.io/lititzbmx-public-knowledge-register/chronology/index.html#CHR-0070,HIGH,Dated/period placement
PKR-CLM-009,Chronology row,CHR-0071,SJK Hurricane complete bike and frame-kit advertisement,https://article134-tech.github.io/lititzbmx-public-knowledge-register/chronology/index.html#CHR-0071,MEDIUM-HIGH,Dated/period placement
PKR-CLM-009,Chronology row,CHR-0072,CAMM Power Stem dealer advertisement,https://article134-tech.github.io/lititzbmx-public-knowledge-register/chronology/index.html#CHR-0072,MEDIUM-HIGH,Dated/period placement
PKR-CLM-009,Chronology row,CHR-0073,Diamond Back Silver Streak test report and projected retail price,https://article134-tech.github.io/lititzbmx-public-knowledge-register/chronology/index.html#CHR-0073,HIGH,Dated/period placement
PKR-CLM-009,Chronology row,CHR-0074,UKBMX membership and racing-licence application form,https://article134-tech.github.io/lititzbmx-public-knowledge-register/chronology/index.html#CHR-0074,HIGH,Dated/period placement
PKR-CLM-009,Chronology row,CHR-0075,BMX Action Bike back-issue mailer,https://article134-tech.github.io/lititzbmx-public-knowledge-register/chronology/index.html#CHR-0075,HIGH,Dated/period placement
PKR-CLM-009,Chronology row,CHR-0076,Stronglite prototype frame and fork announcement,https://article134-tech.github.io/lititzbmx-public-knowledge-register/chronology/index.html#CHR-0076,MEDIUM,Dated/period placement
PKR-CLM-009,Chronology row,CHR-0077,Prolite racing helmet retailer offer,https://article134-tech.github.io/lititzbmx-public-knowledge-register/chronology/index.html#CHR-0077,MEDIUM-HIGH,Dated/period placement
PKR-CLM-009,Chronology row,CHR-0078,Pacer racing gloves retailer offer,https://article134-tech.github.io/lititzbmx-public-knowledge-register/chronology/index.html#CHR-0078,HIGH,Dated/period placement
PKR-CLM-009,Chronology row,CHR-0079,BMX Action Bike assorted sticker packet offer,https://article134-tech.github.io/lititzbmx-public-knowledge-register/chronology/index.html#CHR-0079,HIGH,Dated/period placement
PKR-CLM-009,Chronology row,CHR-008,1976–1984 — Fullerton-era Torker model archive,https://article134-tech.github.io/lititzbmx-public-knowledge-register/chronology/index.html#CHR-008,HIGH for archive role,Dated/period placement
PKR-CLM-009,Chronology row,CHR-0080,MX 1000 brake-pair and BMX catalogue offer,https://article134-tech.github.io/lititzbmx-public-knowledge-register/chronology/index.html#CHR-0080,MEDIUM-HIGH,Dated/period placement
PKR-CLM-009,Chronology row,CHR-0081,Stadium Cycles Atomic Star range advertisement,https://article134-tech.github.io/lititzbmx-public-knowledge-register/chronology/index.html#CHR-0081,MEDIUM-HIGH,Dated period-publication placement.
PKR-CLM-009,Chronology row,CHR-0082,Ron Kitching BMX component-distributor brand list,https://article134-tech.github.io/lititzbmx-public-knowledge-register/chronology/index.html#CHR-0082,HIGH,Dated period-publication placement.
PKR-CLM-009,Chronology row,CHR-0083,Raleigh Raceline event-listing service,https://article134-tech.github.io/lititzbmx-public-knowledge-register/chronology/index.html#CHR-0083,HIGH,Dated period-publication placement.
PKR-CLM-009,Chronology row,CHR-0084,Halfords free BMX jersey promotion,https://article134-tech.github.io/lititzbmx-public-knowledge-register/chronology/index.html#CHR-0084,HIGH,Dated period-publication placement.
PKR-CLM-009,Chronology row,CHR-0085,Hotshot BMX complete-bike special and petrol bonus,https://article134-tech.github.io/lititzbmx-public-knowledge-register/chronology/index.html#CHR-0085,HIGH,Dated period-publication placement.
PKR-CLM-009,Chronology row,CHR-0086,Hotshot free price-list and sticker mailer,https://article134-tech.github.io/lititzbmx-public-knowledge-register/chronology/index.html#CHR-0086,HIGH,Dated period-publication placement.
PKR-CLM-009,Chronology row,CHR-0087,Guisborough national race report,https://article134-tech.github.io/lititzbmx-public-knowledge-register/chronology/index.html#CHR-0087,MEDIUM-HIGH,Dated period-publication placement.
PKR-CLM-009,Chronology row,CHR-0088,Diamond Back northern-team sponsorship notice,https://article134-tech.github.io/lititzbmx-public-knowledge-register/chronology/index.html#CHR-0088,HIGH,Dated period-publication placement.
PKR-CLM-009,Chronology row,CHR-0089,GT Pro 4 road and race test,https://article134-tech.github.io/lititzbmx-public-knowledge-register/chronology/index.html#CHR-0089,HIGH,Dated period-publication placement.
PKR-CLM-009,Chronology row,CHR-009,1976–77 — Mongoose 1976–77 accessories — Ashtabula/Cecor pedals,https://article134-tech.github.io/lititzbmx-public-knowledge-register/chronology/index.html#CHR-009,MEDIUM-HIGH,Dated/period placement
PKR-CLM-009,Chronology row,CHR-0090,GT Pro 4 specification sheet,https://article134-tech.github.io/lititzbmx-public-knowledge-register/chronology/index.html#CHR-0090,HIGH,Dated period-publication placement.
PKR-CLM-009,Chronology row,CHR-0091,Bermology track-building guide,https://article134-tech.github.io/lititzbmx-public-knowledge-register/chronology/index.html#CHR-0091,HIGH,Dated period-publication placement.
PKR-CLM-009,Chronology row,CHR-0092,Keith Wilson Redline rider profile,https://article134-tech.github.io/lititzbmx-public-knowledge-register/chronology/index.html#CHR-0092,MEDIUM-HIGH,Dated period-publication placement.
PKR-CLM-009,Chronology row,CHR-0093,PK Ripper Radical Art competition,https://article134-tech.github.io/lititzbmx-public-knowledge-register/chronology/index.html#CHR-0093,HIGH,Dated period-publication placement.
PKR-CLM-009,Chronology row,CHR-0094,Neal Stevens State of the Art feature,https://article134-tech.github.io/lititzbmx-public-knowledge-register/chronology/index.html#CHR-0094,HIGH,Dated period-publication placement.
PKR-CLM-009,Chronology row,CHR-0095,Shiner SE Racing news and free-decal mailer,https://article134-tech.github.io/lititzbmx-public-knowledge-register/chronology/index.html#CHR-0095,HIGH,Dated period-publication placement.
PKR-CLM-009,Chronology row,CHR-0096,GT racing and dealer advertisement,https://article134-tech.github.io/lititzbmx-public-knowledge-register/chronology/index.html#CHR-0096,MEDIUM-HIGH,Dated period-publication placement.
PKR-CLM-009,Chronology row,CHR-0097,De Ver Cycles BMX bargains listing,https://article134-tech.github.io/lititzbmx-public-knowledge-register/chronology/index.html#CHR-0097,MEDIUM-HIGH,Dated period-publication placement.
PKR-CLM-009,Chronology row,CHR-0098,Max chainring carrying bags,https://article134-tech.github.io/lititzbmx-public-knowledge-register/chronology/index.html#CHR-0098,MEDIUM-HIGH,Dated period-publication placement.
PKR-CLM-009,Chronology row,CHR-0099,SunTour HL-100 headset locking nut,https://article134-tech.github.io/lititzbmx-public-knowledge-register/chronology/index.html#CHR-0099,HIGH,Dated period-publication placement.
PKR-CLM-009,Chronology row,CHR-010,circa 1977 (unverified) — Ashtabula component catalog,https://article134-tech.github.io/lititzbmx-public-knowledge-register/chronology/index.html#CHR-010,HIGH for object; MEDIUM for date,Year is provisional
PKR-CLM-009,Chronology row,CHR-0100,Oakley O/20 goggle product notice,https://article134-tech.github.io/lititzbmx-public-knowledge-register/chronology/index.html#CHR-0100,HIGH,Dated period-publication placement.
PKR-CLM-009,Chronology row,CHR-0101,Torker Ultra 4 lightweight stem,https://article134-tech.github.io/lititzbmx-public-knowledge-register/chronology/index.html#CHR-0101,MEDIUM-HIGH,Dated period-publication placement.
PKR-CLM-009,Chronology row,CHR-0102,Renthal wide-rise handlebar range,https://article134-tech.github.io/lititzbmx-public-knowledge-register/chronology/index.html#CHR-0102,HIGH,Dated period-publication placement.
PKR-CLM-009,Chronology row,CHR-0103,ABMX Wonder Light street-safety offer,https://article134-tech.github.io/lititzbmx-public-knowledge-register/chronology/index.html#CHR-0103,HIGH,Dated period-publication placement.
PKR-CLM-009,Chronology row,CHR-0104,Huffy Pro Thunder Competition Certified range,https://article134-tech.github.io/lititzbmx-public-knowledge-register/chronology/index.html#CHR-0104,HIGH,Dated period-publication placement.
PKR-CLM-009,Chronology row,CHR-0105,Race Inc Aero special feature,https://article134-tech.github.io/lititzbmx-public-knowledge-register/chronology/index.html#CHR-0105,MEDIUM-HIGH,Dated period-publication placement.
PKR-CLM-009,Chronology row,CHR-0106,SJK British chromoly race-bike test,https://article134-tech.github.io/lititzbmx-public-knowledge-register/chronology/index.html#CHR-0106,MEDIUM-HIGH,Dated period-publication placement.
PKR-CLM-009,Chronology row,CHR-0107,Cyclone Bikes seven-sticker packet offer,https://article134-tech.github.io/lititzbmx-public-knowledge-register/chronology/index.html#CHR-0107,HIGH,Dated period-publication placement.
PKR-CLM-009,Chronology row,CHR-0108,UKBMX national rule-book notice,https://article134-tech.github.io/lititzbmx-public-knowledge-register/chronology/index.html#CHR-0108,HIGH,Dated period-publication placement.
PKR-CLM-009,Chronology row,CHR-0109,Puch Murray 20-inch and 24-inch BMX range advertisement,https://article134-tech.github.io/lititzbmx-public-knowledge-register/chronology/index.html#CHR-0109,HIGH,Dated period-publication placement.
PKR-CLM-009,Chronology row,CHR-011,circa 1977; date provisional — Ashtabula component catalog,https://article134-tech.github.io/lititzbmx-public-knowledge-register/chronology/index.html#CHR-011,HIGH for ID; MEDIUM for date,Year is provisional
PKR-CLM-009,Chronology row,CHR-0110,Diamond Back Silver Streak and Pro-Star information-pack offer,https://article134-tech.github.io/lititzbmx-public-knowledge-register/chronology/index.html#CHR-0110,HIGH,Dated period-publication placement.
PKR-CLM-009,Chronology row,CHR-0111,Kenda Karate tyre advertisement,https://article134-tech.github.io/lititzbmx-public-knowledge-register/chronology/index.html#CHR-0111,HIGH,Dated period-publication placement.
PKR-CLM-009,Chronology row,CHR-0112,Raleigh Burner five-model range launch,https://article134-tech.github.io/lititzbmx-public-knowledge-register/chronology/index.html#CHR-0112,HIGH,Dated period-publication placement.
PKR-CLM-009,Chronology row,CHR-0113,Home-built Diamond Back II project letter,https://article134-tech.github.io/lititzbmx-public-knowledge-register/chronology/index.html#CHR-0113,MEDIUM-HIGH,Dated period-publication placement.
PKR-CLM-009,Chronology row,CHR-0114,Ramsey BMX Club free-entry visitor notice,https://article134-tech.github.io/lititzbmx-public-knowledge-register/chronology/index.html#CHR-0114,HIGH,Dated period-publication placement.
PKR-CLM-009,Chronology row,CHR-0115,ACS experimental 26-inch Z-rim production note,https://article134-tech.github.io/lititzbmx-public-knowledge-register/chronology/index.html#CHR-0115,MEDIUM-HIGH,Dated period-publication placement.
PKR-CLM-009,Chronology row,CHR-0116,Gecko BMX product-range advertisement,https://article134-tech.github.io/lititzbmx-public-knowledge-register/chronology/index.html#CHR-0116,MEDIUM-HIGH,Dated period-publication placement.
PKR-CLM-009,Chronology row,CHR-0117,Redline PL-20 Carrera complete-package advertisement,https://article134-tech.github.io/lititzbmx-public-knowledge-register/chronology/index.html#CHR-0117,HIGH,Dated period-publication placement.
PKR-CLM-009,Chronology row,CHR-0118,Kuwahara frame-and-fork range advertisement,https://article134-tech.github.io/lititzbmx-public-knowledge-register/chronology/index.html#CHR-0118,HIGH,Dated period-publication placement.
PKR-CLM-009,Chronology row,CHR-0119,"MCS, Race Inc, and Powerlite range advertisement",https://article134-tech.github.io/lititzbmx-public-knowledge-register/chronology/index.html#CHR-0119,MEDIUM-HIGH,Dated period-publication placement.
PKR-CLM-009,Chronology row,CHR-012,circa 1977; interpretation — Ashtabula crank length range,https://article134-tech.github.io/lititzbmx-public-knowledge-register/chronology/index.html#CHR-012,MEDIUM,Year is provisional
PKR-CLM-009,Chronology row,CHR-0120,PK Ripper editorial test,https://article134-tech.github.io/lititzbmx-public-knowledge-register/chronology/index.html#CHR-0120,HIGH,Dated period-publication placement.
PKR-CLM-009,Chronology row,CHR-0121,Ammaco BMX thrash test,https://article134-tech.github.io/lititzbmx-public-knowledge-register/chronology/index.html#CHR-0121,MEDIUM-HIGH,Dated period-publication placement.
PKR-CLM-009,Chronology row,CHR-0122,Tim March profile and March Racing Developments launch,https://article134-tech.github.io/lititzbmx-public-knowledge-register/chronology/index.html#CHR-0122,HIGH,Dated period-publication placement.
PKR-CLM-009,Chronology row,CHR-0123,March Racing Developments number-plate offer,https://article134-tech.github.io/lititzbmx-public-knowledge-register/chronology/index.html#CHR-0123,HIGH,Dated period-publication placement.
PKR-CLM-009,Chronology row,CHR-0124,Hotshot retail and trade price-list/sticker service,https://article134-tech.github.io/lititzbmx-public-knowledge-register/chronology/index.html#CHR-0124,HIGH,Dated period-publication placement.
PKR-CLM-009,Chronology row,CHR-0125,DC Racing price-list and sticker mailer,https://article134-tech.github.io/lititzbmx-public-knowledge-register/chronology/index.html#CHR-0125,HIGH,Dated period-publication placement.
PKR-CLM-009,Chronology row,CHR-0126,Piranha cast-wheel model announcement,https://article134-tech.github.io/lititzbmx-public-knowledge-register/chronology/index.html#CHR-0126,MEDIUM-HIGH,Dated period-publication placement.
PKR-CLM-009,Chronology row,CHR-0127,Surrey BMX six-page bargain-list advertisement,https://article134-tech.github.io/lititzbmx-public-knowledge-register/chronology/index.html#CHR-0127,HIGH,Dated period-publication placement.
PKR-CLM-009,Chronology row,CHR-0128,Cooper convertible BMX helmet mailer,https://article134-tech.github.io/lititzbmx-public-knowledge-register/chronology/index.html#CHR-0128,HIGH,Dated period-publication placement.
PKR-CLM-009,Chronology row,CHR-0129,Lee and SunTour sealed bottom-bracket product note,https://article134-tech.github.io/lititzbmx-public-knowledge-register/chronology/index.html#CHR-0129,MEDIUM-HIGH,Dated period-publication placement.
PKR-CLM-009,Chronology row,CHR-013,circa 1977; interpretation — Ashtabula fork sizing and 6-3/4-inch steerer discussion,https://article134-tech.github.io/lititzbmx-public-knowledge-register/chronology/index.html#CHR-013,MEDIUM,Year is provisional
PKR-CLM-009,Chronology row,CHR-0130,Araya aerodynamic sew-up race-wheel note,https://article134-tech.github.io/lititzbmx-public-knowledge-register/chronology/index.html#CHR-0130,MEDIUM,Dated period-publication placement.
PKR-CLM-009,Chronology row,CHR-0131,Profile mini BMX build feature,https://article134-tech.github.io/lititzbmx-public-knowledge-register/chronology/index.html#CHR-0131,MEDIUM-HIGH,Dated period-publication placement.
PKR-CLM-009,Chronology row,CHR-0132,Patterson chromoly frame-and-fork advertisement,https://article134-tech.github.io/lititzbmx-public-knowledge-register/chronology/index.html#CHR-0132,HIGH,Dated period-publication placement.
PKR-CLM-009,Chronology row,CHR-0133,KHS Duster four-model range and RRPs,https://article134-tech.github.io/lititzbmx-public-knowledge-register/chronology/index.html#CHR-0133,HIGH,Dated period-publication placement.
PKR-CLM-009,Chronology row,CHR-0134,SJK Hurricane distributor announcement,https://article134-tech.github.io/lititzbmx-public-knowledge-register/chronology/index.html#CHR-0134,MEDIUM-HIGH,Dated period-publication placement.
PKR-CLM-009,Chronology row,CHR-0135,Summer chrome-plating service advertisement,https://article134-tech.github.io/lititzbmx-public-knowledge-register/chronology/index.html#CHR-0135,MEDIUM,Dated period-publication placement.
PKR-CLM-009,Chronology row,CHR-0136,Twenty-pence BMX catalogue mailer,https://article134-tech.github.io/lititzbmx-public-knowledge-register/chronology/index.html#CHR-0136,HIGH,Dated period-publication placement.
PKR-CLM-009,Chronology row,CHR-0137,Puch Murray competition BMX range advertisement,https://article134-tech.github.io/lititzbmx-public-knowledge-register/chronology/index.html#CHR-0137,HIGH,Dated period-publication placement.
PKR-CLM-009,Chronology row,CHR-0138,Redline 400 Series durability advertisement,https://article134-tech.github.io/lititzbmx-public-knowledge-register/chronology/index.html#CHR-0138,MEDIUM-HIGH,Dated period-publication placement.
PKR-CLM-009,Chronology row,CHR-0139,Hot Wheels BMX Centre Shimano price list,https://article134-tech.github.io/lititzbmx-public-knowledge-register/chronology/index.html#CHR-0139,HIGH,Dated period-publication placement.
PKR-CLM-009,Chronology row,CHR-014,1978 — 1978 Redline product catalog,https://article134-tech.github.io/lititzbmx-public-knowledge-register/chronology/index.html#CHR-014,MEDIUM-HIGH,Dated/period placement
PKR-CLM-009,Chronology row,CHR-0140,Kuwahara E.T. Special product announcement,https://article134-tech.github.io/lititzbmx-public-knowledge-register/chronology/index.html#CHR-0140,HIGH,Dated period-publication placement.
PKR-CLM-009,Chronology row,CHR-0141,BMX track-openings and construction logbook,https://article134-tech.github.io/lititzbmx-public-knowledge-register/chronology/index.html#CHR-0141,HIGH,Dated period-publication placement.
PKR-CLM-009,Chronology row,CHR-0142,"Shiner Panda, SE Racing, and KHS range advertisement",https://article134-tech.github.io/lititzbmx-public-knowledge-register/chronology/index.html#CHR-0142,MEDIUM-HIGH,Dated period-publication placement.
PKR-CLM-009,Chronology row,CHR-0143,Adjustable car cycle-rack advertisement,https://article134-tech.github.io/lititzbmx-public-knowledge-register/chronology/index.html#CHR-0143,MEDIUM,Dated period-publication placement.
PKR-CLM-009,Chronology row,CHR-0144,Skyway Tuff wheels with alloy hubs launch,https://article134-tech.github.io/lititzbmx-public-knowledge-register/chronology/index.html#CHR-0144,HIGH,Dated period-publication placement.
PKR-CLM-009,Chronology row,CHR-0145,Skyway information and Andy Patterson poster mailer,https://article134-tech.github.io/lititzbmx-public-knowledge-register/chronology/index.html#CHR-0145,HIGH,Dated period-publication placement.
PKR-CLM-009,Chronology row,CHR-0146,Alpine Action one-hundred-pound advertisement-design contest,https://article134-tech.github.io/lititzbmx-public-knowledge-register/chronology/index.html#CHR-0146,HIGH,Dated period-publication placement.
PKR-CLM-009,Chronology row,CHR-0147,Murray and Puch test-range mailer with free membership,https://article134-tech.github.io/lititzbmx-public-knowledge-register/chronology/index.html#CHR-0147,HIGH,Dated period-publication placement.
PKR-CLM-009,Chronology row,CHR-0148,BMX Action Bike race-shirt mailer,https://article134-tech.github.io/lititzbmx-public-knowledge-register/chronology/index.html#CHR-0148,HIGH,Dated period-publication placement.
PKR-CLM-009,Chronology row,CHR-0149,E.T. film and Kuwahara bicycle feature,https://article134-tech.github.io/lititzbmx-public-knowledge-register/chronology/index.html#CHR-0149,HIGH,Dated period-publication placement.
PKR-CLM-009,Chronology row,CHR-015,1979–1980 — 1979 National Number One team / 1980 world-pro chronology,https://article134-tech.github.io/lititzbmx-public-knowledge-register/chronology/index.html#CHR-015,MEDIUM-HIGH,Dated/period placement
PKR-CLM-009,Chronology row,CHR-0150,Pro-Lite information-pack and decal mailer,https://article134-tech.github.io/lititzbmx-public-knowledge-register/chronology/index.html#CHR-0150,HIGH,Dated period-publication placement.
PKR-CLM-009,Chronology row,CHR-0151,ABMX Bonanza reader survey competition,https://article134-tech.github.io/lititzbmx-public-knowledge-register/chronology/index.html#CHR-0151,HIGH,Dated period-publication placement.
PKR-CLM-009,Chronology row,CHR-0152,AMF Scorcher 7 reader-survey prize,https://article134-tech.github.io/lititzbmx-public-knowledge-register/chronology/index.html#CHR-0152,HIGH,Dated period-publication placement.
PKR-CLM-009,Chronology row,CHR-0153,Reynolds 531 BMX frame-and-fork survey prize,https://article134-tech.github.io/lititzbmx-public-knowledge-register/chronology/index.html#CHR-0153,HIGH,Dated period-publication placement.
PKR-CLM-009,Chronology row,CHR-0154,Team Mongoose factory-direct value advertisement,https://article134-tech.github.io/lititzbmx-public-knowledge-register/chronology/index.html#CHR-0154,MEDIUM-HIGH,Dated period-publication placement.
PKR-CLM-009,Chronology row,CHR-0155,ABMX race nutrition and training article,https://article134-tech.github.io/lititzbmx-public-knowledge-register/chronology/index.html#CHR-0155,MEDIUM-HIGH,Dated period-publication placement.
PKR-CLM-009,Chronology row,CHR-0156,BMX Invader and Action Bikes monthly specials,https://article134-tech.github.io/lititzbmx-public-knowledge-register/chronology/index.html#CHR-0156,HIGH,Dated period-publication placement.
PKR-CLM-009,Chronology row,CHR-0157,Huffy Pro Lightning preview,https://article134-tech.github.io/lititzbmx-public-knowledge-register/chronology/index.html#CHR-0157,MEDIUM-HIGH,Dated period-publication placement.
PKR-CLM-009,Chronology row,CHR-0158,Stolen Kuwahara notice and subscription reward,https://article134-tech.github.io/lititzbmx-public-knowledge-register/chronology/index.html#CHR-0158,MEDIUM-HIGH,Dated period-publication placement.
PKR-CLM-009,Chronology row,CHR-0159,Diamond Back Silver Streak information-pack placement,https://article134-tech.github.io/lititzbmx-public-knowledge-register/chronology/index.html#CHR-0159,HIGH,Dated period-publication placement.
PKR-CLM-009,Chronology row,CHR-016,1979/80 — 1979/80 Bicycle and Components Catalog,https://article134-tech.github.io/lititzbmx-public-knowledge-register/chronology/index.html#CHR-016,HIGH,Dated/period placement
PKR-CLM-009,Chronology row,CHR-0160,Kuwahara one-hundred-rider team recruitment offer,https://article134-tech.github.io/lititzbmx-public-knowledge-register/chronology/index.html#CHR-0160,HIGH,Dated period-publication placement.
PKR-CLM-009,Chronology row,CHR-0161,Holdsworth BMX Centres multi-brand advertisement,https://article134-tech.github.io/lititzbmx-public-knowledge-register/chronology/index.html#CHR-0161,MEDIUM-HIGH,Dated period-publication placement.
PKR-CLM-009,Chronology row,CHR-0162,Bolton BMXmas Club Supadeal,https://article134-tech.github.io/lititzbmx-public-knowledge-register/chronology/index.html#CHR-0162,HIGH,Dated period-publication placement.
PKR-CLM-009,Chronology row,CHR-0163,Haro number-plate heritage advertisement,https://article134-tech.github.io/lititzbmx-public-knowledge-register/chronology/index.html#CHR-0163,HIGH,Dated period-publication placement.
PKR-CLM-009,Chronology row,CHR-0164,SunTour HB-6000 reversible rear-hub product literature,https://article134-tech.github.io/lititzbmx-public-knowledge-register/chronology/index.html#CHR-0164,HIGH,Dated period-publication placement.
PKR-CLM-009,Chronology row,CHR-0165,Troxel Comet saddle-and-post advertisement,https://article134-tech.github.io/lititzbmx-public-knowledge-register/chronology/index.html#CHR-0165,HIGH,Dated period-publication placement.
PKR-CLM-009,Chronology row,CHR-0166,Shimano DX platform-pedal advertisement,https://article134-tech.github.io/lititzbmx-public-knowledge-register/chronology/index.html#CHR-0166,HIGH,Dated period-publication placement.
PKR-CLM-009,Chronology row,CHR-0167,Shimano DX micro-adjust seatpost announcement,https://article134-tech.github.io/lititzbmx-public-knowledge-register/chronology/index.html#CHR-0167,MEDIUM-HIGH,Dated period-publication placement.
PKR-CLM-009,Chronology row,CHR-0168,Pro-Lite protective-equipment information-pack placement,https://article134-tech.github.io/lititzbmx-public-knowledge-register/chronology/index.html#CHR-0168,HIGH,Dated period-publication placement.
PKR-CLM-009,Chronology row,CHR-0169,Halfords California BMX model-range price advertisement,https://article134-tech.github.io/lititzbmx-public-knowledge-register/chronology/index.html#CHR-0169,HIGH,Dated period-publication placement.
PKR-CLM-009,Chronology row,CHR-017,July 1979 issue; ran over multiple months — July 1979 JMC advertisement,https://article134-tech.github.io/lititzbmx-public-knowledge-register/chronology/index.html#CHR-017,HIGH for bibliographic identity,Dated/period placement
PKR-CLM-009,Chronology row,CHR-0170,Halfords Raleigh Burner and free Haro plate promotion,https://article134-tech.github.io/lititzbmx-public-knowledge-register/chronology/index.html#CHR-0170,HIGH,Dated period-publication placement.
PKR-CLM-009,Chronology row,CHR-0171,British and world BMX wheelie-record attempt notice,https://article134-tech.github.io/lititzbmx-public-knowledge-register/chronology/index.html#CHR-0171,HIGH,Dated period-publication placement.
PKR-CLM-009,Chronology row,CHR-0172,British and world bunnyhop-record attempt notice,https://article134-tech.github.io/lititzbmx-public-knowledge-register/chronology/index.html#CHR-0172,HIGH,Dated period-publication placement.
PKR-CLM-009,Chronology row,CHR-0173,Lee Cooper BMX coaching clinic,https://article134-tech.github.io/lititzbmx-public-knowledge-register/chronology/index.html#CHR-0173,HIGH,Dated period-publication placement.
PKR-CLM-009,Chronology row,CHR-0174,Lee Cooper freestyle stunt competition,https://article134-tech.github.io/lititzbmx-public-knowledge-register/chronology/index.html#CHR-0174,HIGH,Dated period-publication placement.
PKR-CLM-009,Chronology row,CHR-0175,Diamond Back Teamfinder race series launch,https://article134-tech.github.io/lititzbmx-public-knowledge-register/chronology/index.html#CHR-0175,HIGH,Dated period-publication placement.
PKR-CLM-009,Chronology row,CHR-0176,First National BMX Poll ballot,https://article134-tech.github.io/lititzbmx-public-knowledge-register/chronology/index.html#CHR-0176,HIGH,Dated period-publication placement.
PKR-CLM-009,Chronology row,CHR-0177,Diamond Back Turbo national-poll prize,https://article134-tech.github.io/lititzbmx-public-knowledge-register/chronology/index.html#CHR-0177,HIGH,Dated period-publication placement.
PKR-CLM-009,Chronology row,CHR-0178,Skyway Tuff II national-poll prize,https://article134-tech.github.io/lititzbmx-public-knowledge-register/chronology/index.html#CHR-0178,HIGH,Dated period-publication placement.
PKR-CLM-009,Chronology row,CHR-0179,Bell lightweight helmet national-poll prize,https://article134-tech.github.io/lititzbmx-public-knowledge-register/chronology/index.html#CHR-0179,HIGH,Dated period-publication placement.
PKR-CLM-009,Chronology row,CHR-018,1979/80 — Mongoose 1979/80 catalog — Ashtabula one-piece cranks,https://article134-tech.github.io/lititzbmx-public-knowledge-register/chronology/index.html#CHR-018,HIGH,Dated/period placement
PKR-CLM-009,Chronology row,CHR-0180,Asahi Action Spokes product advertisement,https://article134-tech.github.io/lititzbmx-public-knowledge-register/chronology/index.html#CHR-0180,HIGH,Dated period-publication placement.
PKR-CLM-009,Chronology row,CHR-0181,King Sticker five-sticker and jumbo-pack offer,https://article134-tech.github.io/lititzbmx-public-knowledge-register/chronology/index.html#CHR-0181,HIGH,Dated period-publication placement.
PKR-CLM-009,Chronology row,CHR-0182,Raleigh Pro Burner Christmas price promotion,https://article134-tech.github.io/lititzbmx-public-knowledge-register/chronology/index.html#CHR-0182,HIGH,Dated period-publication placement.
PKR-CLM-009,Chronology row,CHR-0183,Diatron Wildcat convertible helmet launch,https://article134-tech.github.io/lititzbmx-public-knowledge-register/chronology/index.html#CHR-0183,HIGH,Dated period-publication placement.
PKR-CLM-009,Chronology row,CHR-0184,Piranha cast-wheel bicycle launch advertisement,https://article134-tech.github.io/lititzbmx-public-knowledge-register/chronology/index.html#CHR-0184,HIGH,Dated period-publication placement.
PKR-CLM-009,Chronology row,CHR-0185,Hot Wheels BMX Centre imported-product advertisement,https://article134-tech.github.io/lititzbmx-public-knowledge-register/chronology/index.html#CHR-0185,MEDIUM-HIGH,Dated period-publication placement.
PKR-CLM-009,Chronology row,CHR-0186,Original and replica Kuwahara E.T. price advertisement,https://article134-tech.github.io/lititzbmx-public-knowledge-register/chronology/index.html#CHR-0186,HIGH,Dated period-publication placement.
PKR-CLM-009,Chronology row,CHR-0187,Nine-bike shootout overview,https://article134-tech.github.io/lititzbmx-public-knowledge-register/chronology/index.html#CHR-0187,HIGH,Dated period-publication placement.
PKR-CLM-009,Chronology row,CHR-0188,Huffy Pro 2 shootout test,https://article134-tech.github.io/lititzbmx-public-knowledge-register/chronology/index.html#CHR-0188,HIGH,Dated period-publication placement.
PKR-CLM-009,Chronology row,CHR-0189,Cycle Pro Macho shootout test,https://article134-tech.github.io/lititzbmx-public-knowledge-register/chronology/index.html#CHR-0189,MEDIUM-HIGH,Dated period-publication placement.
PKR-CLM-009,Chronology row,CHR-019,Since early 1979 — Perry Kramer initials on PK Ripper,https://article134-tech.github.io/lititzbmx-public-knowledge-register/chronology/index.html#CHR-019,HIGH for relationship,Dated/period placement
PKR-CLM-009,Chronology row,CHR-0190,Falcon BMX shootout test,https://article134-tech.github.io/lititzbmx-public-knowledge-register/chronology/index.html#CHR-0190,MEDIUM-HIGH,Dated period-publication placement.
PKR-CLM-009,Chronology row,CHR-0191,California Star and Trax Pro comparison,https://article134-tech.github.io/lititzbmx-public-knowledge-register/chronology/index.html#CHR-0191,MEDIUM-HIGH,Dated period-publication placement.
PKR-CLM-009,Chronology row,CHR-0192,ABMX repeat light-and-reflector offer,https://article134-tech.github.io/lititzbmx-public-knowledge-register/chronology/index.html#CHR-0192,HIGH,Dated period-publication placement.
PKR-CLM-009,Chronology row,CHR-0193,Robinson Racing sticker-and-catalogue mailer,https://article134-tech.github.io/lititzbmx-public-knowledge-register/chronology/index.html#CHR-0193,HIGH,Dated period-publication placement.
PKR-CLM-009,Chronology row,CHR-0194,UNI eight-ounce BMX seat launch,https://article134-tech.github.io/lititzbmx-public-knowledge-register/chronology/index.html#CHR-0194,HIGH,Dated period-publication placement.
PKR-CLM-009,Chronology row,CHR-0195,SR Cycles bicycle-reservation and free-delivery offer,https://article134-tech.github.io/lititzbmx-public-knowledge-register/chronology/index.html#CHR-0195,HIGH,Dated period-publication placement.
PKR-CLM-009,Chronology row,CHR-0196,Holdsworth BMX Centres multi-location advertisement,https://article134-tech.github.io/lititzbmx-public-knowledge-register/chronology/index.html#CHR-0196,MEDIUM-HIGH,Dated period-publication placement.
PKR-CLM-009,Chronology row,CHR-0197,ABMX light set and reflective-clip offer,https://article134-tech.github.io/lititzbmx-public-knowledge-register/chronology/index.html#CHR-0197,HIGH,Dated period-publication placement.
PKR-CLM-009,Chronology row,CHR-0198,ABMX blue-and-gold binder offer,https://article134-tech.github.io/lititzbmx-public-knowledge-register/chronology/index.html#CHR-0198,HIGH,Dated period-publication placement.
PKR-CLM-009,Chronology row,CHR-0199,ABMX blue-and-yellow race-shirt offer,https://article134-tech.github.io/lititzbmx-public-knowledge-register/chronology/index.html#CHR-0199,HIGH,Dated period-publication placement.
PKR-CLM-009,Chronology row,CHR-020,1980 — JMC 3.1 XL naming-contest announcement,https://article134-tech.github.io/lititzbmx-public-knowledge-register/chronology/index.html#CHR-020,HIGH for historical claim; LOW for object recovery,Dated/period placement
PKR-CLM-009,Chronology row,CHR-0200,Araya ADX-7W aero-rim product notice,https://article134-tech.github.io/lititzbmx-public-knowledge-register/chronology/index.html#CHR-0200,HIGH,Dated period-publication placement.
PKR-CLM-009,Chronology row,CHR-0201,Naga chromoly and fluted-alloy seatpost range,https://article134-tech.github.io/lititzbmx-public-knowledge-register/chronology/index.html#CHR-0201,MEDIUM-HIGH,Dated period-publication placement.
PKR-CLM-009,Chronology row,CHR-0202,MKS BM-10 and Grafight-X pedal range,https://article134-tech.github.io/lititzbmx-public-knowledge-register/chronology/index.html#CHR-0202,HIGH,Dated period-publication placement.
PKR-CLM-009,Chronology row,CHR-0203,Raleigh Burner five-model retail price list,https://article134-tech.github.io/lititzbmx-public-knowledge-register/chronology/index.html#CHR-0203,HIGH,Dated period-publication placement.
PKR-CLM-009,Chronology row,CHR-0204,"Max checker hats, jerseys, and race-pants advertisement",https://article134-tech.github.io/lititzbmx-public-knowledge-register/chronology/index.html#CHR-0204,HIGH,Dated period-publication placement.
PKR-CLM-009,Chronology row,CHR-0205,Halfords BMX Nations Cup pre-registration form,https://article134-tech.github.io/lititzbmx-public-knowledge-register/chronology/index.html#CHR-0205,HIGH,Dated period-publication placement.
PKR-CLM-009,Chronology row,CHR-0206,Great Meeting survey and Firebird frame-set competition,https://article134-tech.github.io/lititzbmx-public-knowledge-register/chronology/index.html#CHR-0206,HIGH,Dated period-publication placement.
PKR-CLM-009,Chronology row,CHR-0207,Cycle Trader BMX retail survey issue advertisement,https://article134-tech.github.io/lititzbmx-public-knowledge-register/chronology/index.html#CHR-0207,MEDIUM-HIGH,Dated period-publication placement.
PKR-CLM-009,Chronology row,CHR-0208,YES Products word-building competition,https://article134-tech.github.io/lititzbmx-public-knowledge-register/chronology/index.html#CHR-0208,HIGH,Dated period-publication placement.
PKR-CLM-009,Chronology row,CHR-0209,Firebird British chromoly frame-set feature,https://article134-tech.github.io/lititzbmx-public-knowledge-register/chronology/index.html#CHR-0209,HIGH,Dated period-publication placement.
PKR-CLM-009,Chronology row,CHR-021,1981 — 1981 JMC Factory Team advertisement,https://article134-tech.github.io/lititzbmx-public-knowledge-register/chronology/index.html#CHR-021,MEDIUM-HIGH,Dated/period placement
PKR-CLM-009,Chronology row,CHR-0210,Mongoose Pro Class complete-bike test,https://article134-tech.github.io/lititzbmx-public-knowledge-register/chronology/index.html#CHR-0210,HIGH,Dated period-publication placement.
PKR-CLM-009,Chronology row,CHR-0211,Mongoose Pro Class lightweight wheel system,https://article134-tech.github.io/lititzbmx-public-knowledge-register/chronology/index.html#CHR-0211,MEDIUM-HIGH,Dated period-publication placement.
PKR-CLM-009,Chronology row,CHR-0212,Bournemouth BMX track-focus report,https://article134-tech.github.io/lititzbmx-public-knowledge-register/chronology/index.html#CHR-0212,HIGH,Dated period-publication placement.
PKR-CLM-009,Chronology row,CHR-0213,Diatron Wildcat helmet and race-pants advertisement,https://article134-tech.github.io/lititzbmx-public-knowledge-register/chronology/index.html#CHR-0213,HIGH,Dated period-publication placement.
PKR-CLM-009,Chronology row,CHR-0214,Surrey BMX Kuwahara complete-bike price list,https://article134-tech.github.io/lititzbmx-public-knowledge-register/chronology/index.html#CHR-0214,HIGH,Dated period-publication placement.
PKR-CLM-009,Chronology row,CHR-0215,Surrey BMX frame-and-fork price list,https://article134-tech.github.io/lititzbmx-public-knowledge-register/chronology/index.html#CHR-0215,HIGH,Dated period-publication placement.
PKR-CLM-009,Chronology row,CHR-0216,Surrey BMX wheel-system price list,https://article134-tech.github.io/lititzbmx-public-knowledge-register/chronology/index.html#CHR-0216,HIGH,Dated period-publication placement.
PKR-CLM-009,Chronology row,CHR-0217,Hadley precision bottom-bracket listing,https://article134-tech.github.io/lititzbmx-public-knowledge-register/chronology/index.html#CHR-0217,HIGH,Dated period-publication placement.
PKR-CLM-009,Chronology row,CHR-0218,Haro Freestyle Moves book offer,https://article134-tech.github.io/lititzbmx-public-knowledge-register/chronology/index.html#CHR-0218,HIGH,Dated period-publication placement.
PKR-CLM-009,Chronology row,CHR-0219,Redline Flight Cranks 401 Series listing,https://article134-tech.github.io/lititzbmx-public-knowledge-register/chronology/index.html#CHR-0219,HIGH,Dated period-publication placement.
PKR-CLM-009,Chronology row,CHR-022,April 1981; appeared in multiple months — April 1981 JMC advertisement,https://article134-tech.github.io/lititzbmx-public-knowledge-register/chronology/index.html#CHR-022,HIGH for source/date; MEDIUM-HIGH for summarized claims,Dated/period placement
PKR-CLM-009,Chronology row,CHR-0220,Vans Style 95 BMX shoe listing,https://article134-tech.github.io/lititzbmx-public-knowledge-register/chronology/index.html#CHR-0220,HIGH,Dated period-publication placement.
PKR-CLM-009,Chronology row,CHR-0221,ABMX national track-list publication,https://article134-tech.github.io/lititzbmx-public-knowledge-register/chronology/index.html#CHR-0221,HIGH,Dated period-publication placement.
PKR-CLM-009,Chronology row,CHR-0222,California Lite pad-system advertisement,https://article134-tech.github.io/lititzbmx-public-knowledge-register/chronology/index.html#CHR-0222,HIGH,Dated period-publication placement.
PKR-CLM-009,Chronology row,CHR-0223,Strongs headset-bearing protector offer,https://article134-tech.github.io/lititzbmx-public-knowledge-register/chronology/index.html#CHR-0223,HIGH,Dated period-publication placement.
PKR-CLM-009,Chronology row,CHR-0224,Strongs BMX race-shirt offer,https://article134-tech.github.io/lititzbmx-public-knowledge-register/chronology/index.html#CHR-0224,HIGH,Dated period-publication placement.
PKR-CLM-009,Chronology row,CHR-0225,Strongs free sticker-brochure mailer,https://article134-tech.github.io/lititzbmx-public-knowledge-register/chronology/index.html#CHR-0225,HIGH,Dated period-publication placement.
PKR-CLM-009,Chronology row,CHR-0226,Best of 1982 national reader-poll results,https://article134-tech.github.io/lititzbmx-public-knowledge-register/chronology/index.html#CHR-0226,HIGH,Dated period-publication placement.
PKR-CLM-009,Chronology row,CHR-0227,Scottish BMX Association formation notice,https://article134-tech.github.io/lititzbmx-public-knowledge-register/chronology/index.html#CHR-0227,MEDIUM-HIGH,Dated period-publication placement.
PKR-CLM-009,Chronology row,CHR-0228,Northern Leisure open-meeting series notice,https://article134-tech.github.io/lititzbmx-public-knowledge-register/chronology/index.html#CHR-0228,HIGH,Dated period-publication placement.
PKR-CLM-009,Chronology row,CHR-0229,Silverfox complete-bike reader giveaway,https://article134-tech.github.io/lititzbmx-public-knowledge-register/chronology/index.html#CHR-0229,HIGH,Dated period-publication placement.
PKR-CLM-009,Chronology row,CHR-023,Winter 1982–83 — Diamond Back Silver Streak free draw at Lee Cooper event,https://article134-tech.github.io/lititzbmx-public-knowledge-register/chronology/index.html#CHR-023,MEDIUM-HIGH,Dated/period placement
PKR-CLM-009,Chronology row,CHR-0230,Harry Leary and Andy Patterson starting guide,https://article134-tech.github.io/lititzbmx-public-knowledge-register/chronology/index.html#CHR-0230,HIGH,Dated period-publication placement.
PKR-CLM-009,Chronology row,CHR-0231,Haro Freestyle Moves equipment chapter,https://article134-tech.github.io/lititzbmx-public-knowledge-register/chronology/index.html#CHR-0231,HIGH,Dated period-publication placement.
PKR-CLM-009,Chronology row,CHR-0232,ABMX free private Sales and Swaps service,https://article134-tech.github.io/lititzbmx-public-knowledge-register/chronology/index.html#CHR-0232,HIGH,Dated period-publication placement.
PKR-CLM-009,Chronology row,CHR-0233,City BMX race-pants mail-order offer,https://article134-tech.github.io/lititzbmx-public-knowledge-register/chronology/index.html#CHR-0233,HIGH,Dated period-publication placement.
PKR-CLM-009,Chronology row,CHR-0234,City BMX lightweight race-helmet offer,https://article134-tech.github.io/lititzbmx-public-knowledge-register/chronology/index.html#CHR-0234,MEDIUM-HIGH,Dated period-publication placement.
PKR-CLM-009,Chronology row,CHR-0235,City BMX shoulder-protector offer,https://article134-tech.github.io/lititzbmx-public-knowledge-register/chronology/index.html#CHR-0235,HIGH,Dated period-publication placement.
PKR-CLM-009,Chronology row,CHR-0236,Hot Wheels BMX Centre opening offers,https://article134-tech.github.io/lititzbmx-public-knowledge-register/chronology/index.html#CHR-0236,MEDIUM-HIGH,Dated period-publication placement.
PKR-CLM-009,Chronology row,CHR-0237,"Haro Freestyler, Kuwahara Oval, CW, and SE Floval stock notice",https://article134-tech.github.io/lititzbmx-public-knowledge-register/chronology/index.html#CHR-0237,HIGH,Dated period-publication placement.
PKR-CLM-009,Chronology row,CHR-0238,King Sticker five-pack and jumbo-pack offer,https://article134-tech.github.io/lititzbmx-public-knowledge-register/chronology/index.html#CHR-0238,HIGH,Dated period-publication placement.
PKR-CLM-009,Chronology row,CHR-0239,NBMXA race-licence and rule-book offer,https://article134-tech.github.io/lititzbmx-public-knowledge-register/chronology/index.html#CHR-0239,HIGH,Dated period-publication placement.
PKR-CLM-009,Chronology row,CHR-024,1982 campaign — Diamond Back and Pro Star Info Pack & Decal,https://article134-tech.github.io/lititzbmx-public-knowledge-register/chronology/index.html#CHR-024,HIGH for offer,Dated/period placement
PKR-CLM-009,Chronology row,CHR-0240,Hotshot price-list and free-sticker mailer,https://article134-tech.github.io/lititzbmx-public-knowledge-register/chronology/index.html#CHR-0240,HIGH,Dated period-publication placement.
PKR-CLM-009,Chronology row,CHR-0241,Huffy Pro Lightning complete-bike test,https://article134-tech.github.io/lititzbmx-public-knowledge-register/chronology/index.html#CHR-0241,HIGH,Dated period-publication placement.
PKR-CLM-009,Chronology row,CHR-0242,Halfords BMX accessories range advertisement,https://article134-tech.github.io/lititzbmx-public-knowledge-register/chronology/index.html#CHR-0242,HIGH,Dated period-publication placement.
PKR-CLM-009,Chronology row,CHR-0243,Huffy Pro Lightning specification and retail-price record,https://article134-tech.github.io/lititzbmx-public-knowledge-register/chronology/index.html#CHR-0243,HIGH,Dated period-publication placement.
PKR-CLM-009,Chronology row,CHR-0244,Ride-On sealed-bearing mag-wheel hub kit,https://article134-tech.github.io/lititzbmx-public-knowledge-register/chronology/index.html#CHR-0244,HIGH,Dated period-publication placement.
PKR-CLM-009,Chronology row,CHR-0245,Sharp Racing Products bottom-bracket boot,https://article134-tech.github.io/lititzbmx-public-knowledge-register/chronology/index.html#CHR-0245,HIGH,Dated period-publication placement.
PKR-CLM-009,Chronology row,CHR-0246,Lee Cooper Ready to Go BMX video,https://article134-tech.github.io/lititzbmx-public-knowledge-register/chronology/index.html#CHR-0246,HIGH,Dated period-publication placement.
PKR-CLM-009,Chronology row,CHR-0247,USA professional BMX action video,https://article134-tech.github.io/lititzbmx-public-knowledge-register/chronology/index.html#CHR-0247,HIGH,Dated period-publication placement.
PKR-CLM-009,Chronology row,CHR-0248,BMX Action Bike six-issue subscription offer,https://article134-tech.github.io/lititzbmx-public-knowledge-register/chronology/index.html#CHR-0248,HIGH,Dated period-publication placement.
PKR-CLM-009,Chronology row,CHR-0249,Yamaha professional racing-outfit competition,https://article134-tech.github.io/lititzbmx-public-knowledge-register/chronology/index.html#CHR-0249,HIGH,Dated period-publication placement.
PKR-CLM-009,Chronology row,CHR-025,1982 — Free Diamond Back and Pro Star info pack and decal,https://article134-tech.github.io/lititzbmx-public-knowledge-register/chronology/index.html#CHR-025,HIGH for offer,Dated/period placement
PKR-CLM-009,Chronology row,CHR-0250,Gainsborough Firebird frame-and-fork retail offer,https://article134-tech.github.io/lititzbmx-public-knowledge-register/chronology/index.html#CHR-0250,HIGH,Dated period-publication placement.
PKR-CLM-009,Chronology row,CHR-026,Winter 1982–83; exact event dates open — Lee Cooper BMX Indoor Grand Prix pre-registration,https://article134-tech.github.io/lititzbmx-public-knowledge-register/chronology/index.html#CHR-026,MEDIUM-HIGH,Year is provisional
PKR-CLM-009,Chronology row,CHR-027,September 1982 — Send SAE for price list and free sticker,https://article134-tech.github.io/lititzbmx-public-knowledge-register/chronology/index.html#CHR-027,MEDIUM,Dated/period placement
PKR-CLM-009,Chronology row,CHR-028,1982 — Silver Streak team advertisement and product naming,https://article134-tech.github.io/lititzbmx-public-knowledge-register/chronology/index.html#CHR-028,HIGH for period object,Dated/period placement
PKR-CLM-009,Chronology row,CHR-029,December 1983 issue — Langsett Cycles BMX product advertisement,https://article134-tech.github.io/lititzbmx-public-knowledge-register/chronology/index.html#CHR-029,MEDIUM-HIGH,Dated/period placement
PKR-CLM-009,Chronology row,CHR-030,1983-10-07 to 1983-10-09 — Pontin's BMX Open Championships & Trade Exhibition,https://article134-tech.github.io/lititzbmx-public-knowledge-register/chronology/index.html#CHR-030,HIGH,Dated/period placement
PKR-CLM-009,Chronology row,CHR-031,October 1983 — SR Cycles product and team promotion,https://article134-tech.github.io/lititzbmx-public-knowledge-register/chronology/index.html#CHR-031,MEDIUM-HIGH,Dated/period placement
PKR-CLM-009,Chronology row,CHR-032,1983 lead — Tioga Rhino III frame advertisement,https://article134-tech.github.io/lititzbmx-public-knowledge-register/chronology/index.html#CHR-032,LOW-MEDIUM,Dated/period placement
PKR-CLM-009,Chronology row,CHR-033,1985 — 1985 Repco price list — Mongoose and parts,https://article134-tech.github.io/lititzbmx-public-knowledge-register/chronology/index.html#CHR-033,MEDIUM,Dated/period placement
PKR-CLM-009,Chronology row,CHR-034,Summer 1985 — RL 20 II Prostyler first dedicated freestyle kit,https://article134-tech.github.io/lititzbmx-public-knowledge-register/chronology/index.html#CHR-034,MEDIUM-HIGH,Dated/period placement
PKR-CLM-009,Chronology row,CHR-035,1987 — 1987 Dia-Compe 182 Aerial Brake Lever,https://article134-tech.github.io/lititzbmx-public-knowledge-register/chronology/index.html#CHR-035,MEDIUM,Dated/period placement
PKR-CLM-009,Chronology row,CHR-036,1987-05-02 to 1987-05-03 — AFA Expert & Pro Contest — Austin,https://article134-tech.github.io/lititzbmx-public-knowledge-register/chronology/index.html#CHR-036,HIGH,Dated/period placement
PKR-CLM-009,Chronology row,CHR-037,Deadline 1987-09-28; drawing 1987-10-05 — BMX Plus! / GT Hide-A-Contest,https://article134-tech.github.io/lititzbmx-public-knowledge-register/chronology/index.html#CHR-037,HIGH for dates,Dated/period placement
PKR-CLM-009,Chronology row,CHR-038,Deadline 1987-09-28; drawing 1987-10-05 — BMX Plus! / GT Hide-A-Contest entry form,https://article134-tech.github.io/lititzbmx-public-knowledge-register/chronology/index.html#CHR-038,HIGH for dates,Dated/period placement
PKR-CLM-009,Chronology row,CHR-039,July 1987 — Complete-bike mail-order price advertisement,https://article134-tech.github.io/lititzbmx-public-knowledge-register/chronology/index.html#CHR-039,MEDIUM-HIGH for clear rows,Dated/period placement
PKR-CLM-009,Chronology row,CHR-040,1987 — DYNO Tour promotional stop listing,https://article134-tech.github.io/lititzbmx-public-knowledge-register/chronology/index.html#CHR-040,MEDIUM,Dated/period placement
PKR-CLM-009,Chronology row,CHR-041,August 1987 — Dynamic BMX complete-bike price advertisement,https://article134-tech.github.io/lititzbmx-public-knowledge-register/chronology/index.html#CHR-041,MEDIUM-HIGH for clear rows,Dated/period placement
PKR-CLM-009,Chronology row,CHR-042,"1987-05-02 — Ramp Jam — Moorhead, Minnesota",https://article134-tech.github.io/lititzbmx-public-knowledge-register/chronology/index.html#CHR-042,MEDIUM-HIGH,Dated/period placement
PKR-CLM-009,Chronology row,CHR-043,1990 — 1990 Haro BMX Catalog,https://article134-tech.github.io/lititzbmx-public-knowledge-register/chronology/index.html#CHR-043,LOW-MEDIUM,Dated/period placement
PKR-CLM-009,Chronology row,CHR-044,1990 — 1990 Haro BMX Catalog,https://article134-tech.github.io/lititzbmx-public-knowledge-register/chronology/index.html#CHR-044,HIGH for existence,Dated/period placement
PKR-CLM-009,Chronology row,CHR-045,1990 — 1990 Haro Group 1A,https://article134-tech.github.io/lititzbmx-public-knowledge-register/chronology/index.html#CHR-045,MEDIUM-HIGH,Dated/period placement
PKR-CLM-009,Chronology row,CHR-046,1990 — 1990 Haro Group 1B,https://article134-tech.github.io/lititzbmx-public-knowledge-register/chronology/index.html#CHR-046,MEDIUM,Dated/period placement
PKR-CLM-009,Chronology row,CHR-047,1990 — 1990 Haro Group 1C,https://article134-tech.github.io/lititzbmx-public-knowledge-register/chronology/index.html#CHR-047,MEDIUM-HIGH,Dated/period placement
PKR-CLM-009,Chronology row,CHR-048,1990 — 1990 Haro Invert,https://article134-tech.github.io/lititzbmx-public-knowledge-register/chronology/index.html#CHR-048,MEDIUM-HIGH,Dated/period placement
PKR-CLM-009,Chronology row,CHR-049,1990 — 1990 Haro Master / Team Master,https://article134-tech.github.io/lititzbmx-public-knowledge-register/chronology/index.html#CHR-049,MEDIUM-HIGH,Dated/period placement
PKR-CLM-009,Chronology row,CHR-050,1990 — 1990 Haro Shredder,https://article134-tech.github.io/lititzbmx-public-knowledge-register/chronology/index.html#CHR-050,MEDIUM,Dated/period placement
PKR-CLM-009,Chronology row,CHR-051,1991 catalog; ad in Nov 1991 — 1991 Haro/Fusion catalog offer,https://article134-tech.github.io/lititzbmx-public-knowledge-register/chronology/index.html#CHR-051,HIGH for offer,Dated/period placement
PKR-CLM-009,Chronology row,CHR-052,Advertisement in Nov 1991 — 1991 Haro/Fusion catalog request,https://article134-tech.github.io/lititzbmx-public-knowledge-register/chronology/index.html#CHR-052,HIGH,Dated/period placement
PKR-CLM-009,Chronology row,CHR-053,1992 — 1992 GT/Dyno Product Catalog,https://article134-tech.github.io/lititzbmx-public-knowledge-register/chronology/index.html#CHR-053,MEDIUM,Dated/period placement
PKR-CLM-009,Chronology row,CHR-054,1992 — 1992 GT/Dyno Product Catalog,https://article134-tech.github.io/lititzbmx-public-knowledge-register/chronology/index.html#CHR-054,MEDIUM,Dated/period placement
PKR-CLM-009,Chronology row,CHR-055,1996 — 1996 GT/Dyno — The BMX & Freestyle Catalog,https://article134-tech.github.io/lititzbmx-public-knowledge-register/chronology/index.html#CHR-055,MEDIUM,Dated/period placement
PKR-CLM-009,Chronology row,CHR-056,1996 — 1996 GT/Dyno — The BMX & Freestyle Catalog,https://article134-tech.github.io/lititzbmx-public-knowledge-register/chronology/index.html#CHR-056,MEDIUM,Dated/period placement
PKR-CLM-009,Chronology row,CHR-057,1997 — 1997 Hoffman catalog — George model specification,https://article134-tech.github.io/lititzbmx-public-knowledge-register/chronology/index.html#CHR-057,HIGH for reference existence; MEDIUM for interpreted model data,Dated/period placement
PKR-CLM-009,Chronology row,CHR-058,1999 — 1999 GT/Dyno BMX/Freestyle — Part 2,https://article134-tech.github.io/lititzbmx-public-knowledge-register/chronology/index.html#CHR-058,LOW-MEDIUM,Dated/period placement
PKR-CLM-009,Chronology row,CHR-059,1999 — 1999 GT/Dyno BMX/Freestyle — Part 2,https://article134-tech.github.io/lititzbmx-public-knowledge-register/chronology/index.html#CHR-059,LOW-MEDIUM,Dated/period placement
PKR-CLM-009,Chronology row,CHR-060,Undated vintage document; public post 2026 — Vintage JMC Racing Equipment dealer's price list from Azusa collection,https://article134-tech.github.io/lititzbmx-public-knowledge-register/chronology/index.html#CHR-060,LOW-MEDIUM,Dated/period placement
PKR-CLM-009,Chronology row,CHR-061,Undated — JMC Racing Fliers and Price List,https://article134-tech.github.io/lititzbmx-public-knowledge-register/chronology/index.html#CHR-061,MEDIUM,Year is provisional
PKR-CLM-010,Exact reference ID,1911,BMXMuseum reference 1911,https://bmxmuseum.com/reference/1911,EXACT ID EXPOSED,Source records: EPH-0007
PKR-CLM-010,Exact reference ID,5027,BMXMuseum reference 5027,https://bmxmuseum.com/reference/5027,EXACT ID EXPOSED,Source records: EPH-0006 | EPH-0031 | EPH-0032 | EPH-0033
PKR-CLM-012,Release asset,ASSET-01,Lititz_BMX_BMXMuseum_Public_Knowledge_Register_v0.6_GTDyno.xlsx,https://article134-tech.github.io/lititzbmx-public-knowledge-register/downloads/Lititz_BMX_Ephemera_Sequence_v0.6-v1.0_Release_Package.zip,LOCKED,Listed in the authoritative ZIP root.
PKR-CLM-012,Release asset,ASSET-02,Lititz_BMX_BMXMuseum_Public_Knowledge_Register_v0.7_Haro_Ashtabula.xlsx,https://article134-tech.github.io/lititzbmx-public-knowledge-register/downloads/Lititz_BMX_Ephemera_Sequence_v0.6-v1.0_Release_Package.zip,LOCKED,Listed in the authoritative ZIP root.
PKR-CLM-012,Release asset,ASSET-03,Lititz_BMX_BMXMuseum_Public_Knowledge_Register_v0.8_Major_Brands.xlsx,https://article134-tech.github.io/lititzbmx-public-knowledge-register/downloads/Lititz_BMX_Ephemera_Sequence_v0.6-v1.0_Release_Package.zip,LOCKED,Listed in the authoritative ZIP root.
PKR-CLM-012,Release asset,ASSET-04,Lititz_BMX_BMXMuseum_Public_Knowledge_Register_v0.9_Flyers.xlsx,https://article134-tech.github.io/lititzbmx-public-knowledge-register/downloads/Lititz_BMX_Ephemera_Sequence_v0.6-v1.0_Release_Package.zip,LOCKED,Listed in the authoritative ZIP root.
PKR-CLM-012,Release asset,ASSET-05,Lititz_BMX_BMXMuseum_Public_Knowledge_Register_v1.0_Consolidated_Ephemera.xlsx,https://article134-tech.github.io/lititzbmx-public-knowledge-register/downloads/Lititz_BMX_Ephemera_Sequence_v0.6-v1.0_Release_Package.zip,LOCKED,Listed in the authoritative ZIP root.
PKR-CLM-012,Release asset,ASSET-06,Lititz_BMX_Ephemera_Sequence_v0.6-v1.0_SHA256SUMS.txt,https://article134-tech.github.io/lititzbmx-public-knowledge-register/downloads/Lititz_BMX_Ephemera_Sequence_v0.6-v1.0_Release_Package.zip,LOCKED,Listed in the authoritative ZIP root.
PKR-CLM-013,Source record,EPH-0001,1996 GT/Dyno — The BMX & Freestyle Catalog,https://article134-tech.github.io/lititzbmx-public-knowledge-register/records/EPH-0001/,Lead — locate exact reference ID and edition/page count.,Public indexing exposes the title and BMXMuseum provenance but not a reliable reference ID or complete page set.
PKR-CLM-013,Source record,EPH-0002,1992 GT/Dyno Product Catalog,https://article134-tech.github.io/lititzbmx-public-knowledge-register/records/EPH-0002/,Lead — locate exact reference and compare with independent catalog archives.,Title is publicly indexed; exact reference ID and completeness remain unresolved.
PKR-CLM-013,Source record,EPH-0003,1999 GT/Dyno BMX/Freestyle — Part 2,https://article134-tech.github.io/lititzbmx-public-knowledge-register/records/EPH-0003/,"Lead — locate part 1, exact reference IDs and page ranges.",Only the indexed title is presently recoverable.
PKR-CLM-013,Source record,EPH-0004,1990 Haro BMX Catalog,https://article134-tech.github.io/lititzbmx-public-knowledge-register/records/EPH-0004/,Verified catalog existence — recover exact BMXMuseum ID and compare editions/pages.,Haro's official BMX archive independently lists a 1990 PDF catalog. The BMXMuseum reference ID and document completeness remain unresolved.
PKR-CLM-013,Source record,EPH-0006,Ashtabula component catalog,https://article134-tech.github.io/lititzbmx-public-knowledge-register/records/EPH-0006/,Exact reference recovered — inspect edition/page structure only through permitted access.,Two independent technical discussions cite the exact BMXMuseum reference 5027 and describe catalog fork data. The edition date remains approximate.
PKR-CLM-013,Source record,EPH-0009,First Torker advertisement in BMX Weekly,https://article134-tech.github.io/lititzbmx-public-knowledge-register/records/EPH-0009/,Priority — locate the period issue and ad image lawfully.,Current official Torker history states the first ad date; the actual BMXMuseum object and magazine page remain to be located.
PKR-CLM-013,Source record,EPH-0010,First Red Line magazine advertisement featuring John Palfreyman,https://article134-tech.github.io/lititzbmx-public-knowledge-register/records/EPH-0010/,"Priority — identify magazine, issue, page and product shown.",USA BMX officially states Palfreyman appeared in the first Red Line magazine ad; exact publication/date/page still need recovery.
PKR-CLM-013,Source record,EPH-0017,1992 GT/Dyno Product Catalog,https://article134-tech.github.io/lititzbmx-public-knowledge-register/records/EPH-0017/,"OPEN — exact reference, full pagination and price labels","Two indexed pages expose $259 and $319, but exact page numbers, currency and price basis are not established."
PKR-CLM-013,Source record,EPH-0018,1996 GT/Dyno — The BMX & Freestyle Catalog,https://article134-tech.github.io/lititzbmx-public-knowledge-register/records/EPH-0018/,OPEN — recover exact reference and compare page count,"A public resale listing describes a 22-page 1996 catalog, but this does not resolve the BMXMuseum ID or prove completeness."
PKR-CLM-013,Source record,EPH-0019,1999 GT/Dyno BMX/Freestyle — Part 2,https://article134-tech.github.io/lititzbmx-public-knowledge-register/records/EPH-0019/,OPEN — locate Part 1 and canonical links,"Only Part 2 is publicly indexed in this pass; Part 1, page range and exact BMXMuseum ID remain open."
PKR-CLM-013,Source record,EPH-0022,BMX Plus! / GT Hide-A-Contest entry form,https://article134-tech.github.io/lititzbmx-public-knowledge-register/records/EPH-0022/,INCLUDED — bibliographic facts; prize details open,The indexed page exposes deadline and drawing dates; prize/object details require page-image inspection.
PKR-CLM-013,Source record,EPH-0023,1990 Haro BMX Catalog,https://article134-tech.github.io/lititzbmx-public-knowledge-register/records/EPH-0023/,OPEN — recover BMXMuseum ID and compare file pagination,Official archive confirms the catalog year but does not expose the unresolved BMXMuseum canonical ID in this pass.
PKR-CLM-013,Source record,EPH-0030,1991 Haro/Fusion catalog offer,https://article134-tech.github.io/lititzbmx-public-knowledge-register/records/EPH-0030/,INCLUDED — mailer object,"Period publication exposes the offer; retain as promotional ephemera, not as the catalog itself."
PKR-CLM-013,Source record,EPH-0031,Ashtabula component catalog,https://article134-tech.github.io/lititzbmx-public-knowledge-register/records/EPH-0031/,EXACT ID RECOVERED,Two technical discussions independently cite reference 5027; the edition date remains approximate.
PKR-CLM-013,Source record,EPH-0037,First Red Line magazine advertisement featuring John Palfreyman,https://article134-tech.github.io/lititzbmx-public-knowledge-register/records/EPH-0037/,OPEN — exact issue/page,"USA BMX supports the rider/ad relationship; publication, issue, page and product still require recovery."
PKR-CLM-013,Source record,EPH-0046,Free Diamond Back and Pro Star info pack and decal,https://article134-tech.github.io/lititzbmx-public-knowledge-register/records/EPH-0046/,INCLUDED — mailer/flyer lead,The offer is visible in multiple issues; contents of the pack are not recovered in this pass.
PKR-CLM-013,Source record,EPH-0047,First Torker advertisement in BMX Weekly,https://article134-tech.github.io/lititzbmx-public-knowledge-register/records/EPH-0047/,OPEN — period issue/page,Official Torker history supplies the date; period issue/page and exact image remain to be recovered.
PKR-CLM-013,Source record,EPH-0053,BMX Plus! / GT Hide-A-Contest,https://article134-tech.github.io/lititzbmx-public-knowledge-register/records/EPH-0053/,INCLUDED — prize details open,People: Not applicable; Venue: Mail-in entry; Offer: No purchase necessary; mail-in form with published deadline and drawing date
PKR-CLM-013,Source record,EPH-0054,Diamond Back and Pro Star Info Pack & Decal,https://article134-tech.github.io/lititzbmx-public-knowledge-register/records/EPH-0054/,INCLUDED — contents unresolved,People: Diamond Back factory team / Harry Leary context in campaign copy; Venue: Direct-to-factory mail request; Offer: Free info pack and decal offered
PKR-CLM-013,Source record,EPH-0055,1991 Haro/Fusion catalog request,https://article134-tech.github.io/lititzbmx-public-knowledge-register/records/EPH-0055/,INCLUDED,People: Not applicable; Venue: Mail request; Offer: Send $2 for a 1991 catalog
PKR-CLM-015,Source record,EPH-0001,1996 GT/Dyno — The BMX & Freestyle Catalog,https://article134-tech.github.io/lititzbmx-public-knowledge-register/records/EPH-0001/,Lead — locate exact reference ID and edition/page count.,Public indexing exposes the title and BMXMuseum provenance but not a reliable reference ID or complete page set.
PKR-CLM-015,Source record,EPH-0002,1992 GT/Dyno Product Catalog,https://article134-tech.github.io/lititzbmx-public-knowledge-register/records/EPH-0002/,Lead — locate exact reference and compare with independent catalog archives.,Title is publicly indexed; exact reference ID and completeness remain unresolved.
PKR-CLM-015,Source record,EPH-0003,1999 GT/Dyno BMX/Freestyle — Part 2,https://article134-tech.github.io/lititzbmx-public-knowledge-register/records/EPH-0003/,"Lead — locate part 1, exact reference IDs and page ranges.",Only the indexed title is presently recoverable.
PKR-CLM-015,Source record,EPH-0004,1990 Haro BMX Catalog,https://article134-tech.github.io/lititzbmx-public-knowledge-register/records/EPH-0004/,Verified catalog existence — recover exact BMXMuseum ID and compare editions/pages.,Haro's official BMX archive independently lists a 1990 PDF catalog. The BMXMuseum reference ID and document completeness remain unresolved.
PKR-CLM-015,Source record,EPH-0005,1987 Dia-Compe 182 Aerial Brake Lever,https://article134-tech.github.io/lititzbmx-public-knowledge-register/records/EPH-0005/,"Lead — identify publication, page and exact BMXMuseum reference.","Indexed title only; the object may be a catalog page, advertisement or product reference."
PKR-CLM-015,Source record,EPH-0006,Ashtabula component catalog,https://article134-tech.github.io/lititzbmx-public-knowledge-register/records/EPH-0006/,Exact reference recovered — inspect edition/page structure only through permitted access.,Two independent technical discussions cite the exact BMXMuseum reference 5027 and describe catalog fork data. The edition date remains approximate.
PKR-CLM-015,Source record,EPH-0007,1997 Hoffman catalog — George model specification,https://article134-tech.github.io/lititzbmx-public-knowledge-register/records/EPH-0007/,Open — record exact page and compare with other Hoffman catalogs.,An external forum cites the exact BMXMuseum reference for the Hoffman George. The full catalog title and edition need confirmation.
PKR-CLM-015,Source record,EPH-0008,Tioga Rhino III frame advertisement,https://article134-tech.github.io/lititzbmx-public-knowledge-register/records/EPH-0008/,"Lead — recover exact thread, magazine issue and page.",An external old-school BMX advertisement blog links to an unresolved BMXMuseum forum discussion. The original ad and publication must be identified.
PKR-CLM-015,Source record,EPH-0009,First Torker advertisement in BMX Weekly,https://article134-tech.github.io/lititzbmx-public-knowledge-register/records/EPH-0009/,Priority — locate the period issue and ad image lawfully.,Current official Torker history states the first ad date; the actual BMXMuseum object and magazine page remain to be located.
PKR-CLM-015,Source record,EPH-0010,First Red Line magazine advertisement featuring John Palfreyman,https://article134-tech.github.io/lititzbmx-public-knowledge-register/records/EPH-0010/,"Priority — identify magazine, issue, page and product shown.",USA BMX officially states Palfreyman appeared in the first Red Line magazine ad; exact publication/date/page still need recovery.
PKR-CLM-015,Source record,EPH-0011,JMC Racing Fliers and Price List,https://article134-tech.github.io/lititzbmx-public-knowledge-register/records/EPH-0011/,"Priority — locate exact reference ID, count pages and transcribe only clearly labeled factual price fields.","A public index explicitly identifies a BMXMuseum JMC flyer-and-price-list set. Exact reference ID, date, page count and individual prices are not exposed."
PKR-CLM-015,Source record,EPH-0012,Vintage JMC Racing Equipment dealer's price list from Azusa collection,https://article134-tech.github.io/lititzbmx-public-knowledge-register/records/EPH-0012/,Corroboration lead — do not merge with BMXMuseum set until directly compared.,"The public result exposes the document description but not a reliable issue date, complete contents or readable line-item prices."
PKR-CLM-015,Source record,EPH-0013,July 1979 JMC advertisement,https://article134-tech.github.io/lititzbmx-public-knowledge-register/records/EPH-0013/,Included — index metadata; do not reproduce image or extended copy.,JMC's historical archive identifies the source as the July 1979 Bicycle Motocross Action issue and says the advertisement appeared over many months. Page and full copy are not transcribed.
PKR-CLM-015,Source record,EPH-0014,April 1981 JMC advertisement,https://article134-tech.github.io/lititzbmx-public-knowledge-register/records/EPH-0014/,Included — preserve claim-level evidence and recover page/issue details.,"The JMC archive identifies Super BMX as the publication and summarizes several claims. Exact page, repeated issues and full advertisement copy remain unresolved."
PKR-CLM-015,Source record,EPH-0015,1981 JMC Factory Team advertisement,https://article134-tech.github.io/lititzbmx-public-knowledge-register/records/EPH-0015/,Included — identify publication/issue and riders shown before detailed extraction.,"The first-party archive confirms the object title and year. Publication, month, issue and complete rider identifications remain unresolved."
PKR-CLM-015,Source record,EPH-0016,JMC 3.1 XL naming-contest announcement,https://article134-tech.github.io/lititzbmx-public-knowledge-register/records/EPH-0016/,Lead — locate the ABA paper issue and announcement; do not imply an exact scan has been found.,JMC's first-party history states the contest ran with Bicycle Harbor of Arizona in the ABA paper and that Matt Raymer supplied the winning name. The announcement itself is not yet located.
PKR-CLM-015,Source record,EPH-0017,1992 GT/Dyno Product Catalog,https://article134-tech.github.io/lititzbmx-public-knowledge-register/records/EPH-0017/,"OPEN — exact reference, full pagination and price labels","Two indexed pages expose $259 and $319, but exact page numbers, currency and price basis are not established."
PKR-CLM-015,Source record,EPH-0018,1996 GT/Dyno — The BMX & Freestyle Catalog,https://article134-tech.github.io/lititzbmx-public-knowledge-register/records/EPH-0018/,OPEN — recover exact reference and compare page count,"A public resale listing describes a 22-page 1996 catalog, but this does not resolve the BMXMuseum ID or prove completeness."
PKR-CLM-015,Source record,EPH-0019,1999 GT/Dyno BMX/Freestyle — Part 2,https://article134-tech.github.io/lititzbmx-public-knowledge-register/records/EPH-0019/,OPEN — locate Part 1 and canonical links,"Only Part 2 is publicly indexed in this pass; Part 1, page range and exact BMXMuseum ID remain open."
PKR-CLM-015,Source record,EPH-0020,Dynamic BMX complete-bike price advertisement,https://article134-tech.github.io/lititzbmx-public-knowledge-register/records/EPH-0020/,INCLUDED — clear prices only,"OCR is uneven. Only clearly legible model/price pairs are preserved; prices are retailer advertisements, not manufacturer MSRP."
PKR-CLM-015,Source record,EPH-0021,Complete-bike mail-order price advertisement,https://article134-tech.github.io/lititzbmx-public-knowledge-register/records/EPH-0021/,INCLUDED — clear prices only,OCR is uneven; the four GT rows retained here are clear enough for a price observation but remain retailer prices.
PKR-CLM-015,Source record,EPH-0022,BMX Plus! / GT Hide-A-Contest entry form,https://article134-tech.github.io/lititzbmx-public-knowledge-register/records/EPH-0022/,INCLUDED — bibliographic facts; prize details open,The indexed page exposes deadline and drawing dates; prize/object details require page-image inspection.
PKR-CLM-015,Source record,EPH-0023,1990 Haro BMX Catalog,https://article134-tech.github.io/lititzbmx-public-knowledge-register/records/EPH-0023/,OPEN — recover BMXMuseum ID and compare file pagination,Official archive confirms the catalog year but does not expose the unresolved BMXMuseum canonical ID in this pass.
PKR-CLM-015,Source record,EPH-0024,1990 Haro Group 1A,https://article134-tech.github.io/lititzbmx-public-knowledge-register/records/EPH-0024/,INCLUDED WITH ATTRIBUTION,BMX-Catalogue presents recreated catalog content; treat as corroboration until checked against Haro's PDF.
PKR-CLM-015,Source record,EPH-0025,1990 Haro Group 1B,https://article134-tech.github.io/lititzbmx-public-knowledge-register/records/EPH-0025/,INCLUDED WITH ATTRIBUTION,Public reconstruction is useful for discovery; original Haro page comparison remains required.
PKR-CLM-015,Source record,EPH-0026,1990 Haro Group 1C,https://article134-tech.github.io/lititzbmx-public-knowledge-register/records/EPH-0026/,INCLUDED WITH ATTRIBUTION,"The 1990 overview explicitly names Group 1A, 1B and 1C; full page detail awaits direct comparison."
PKR-CLM-015,Source record,EPH-0027,1990 Haro Master / Team Master,https://article134-tech.github.io/lititzbmx-public-knowledge-register/records/EPH-0027/,INCLUDED WITH ATTRIBUTION,Claims come from a recreated catalog page; verify wording and availability against the official PDF.
PKR-CLM-015,Source record,EPH-0028,1990 Haro Invert,https://article134-tech.github.io/lititzbmx-public-knowledge-register/records/EPH-0028/,INCLUDED WITH ATTRIBUTION,Reconstruction should be compared against official scan before exact-copy or specification claims are elevated.
PKR-CLM-015,Source record,EPH-0029,1990 Haro Shredder,https://article134-tech.github.io/lititzbmx-public-knowledge-register/records/EPH-0029/,OPEN — locate original catalog page,"The advanced registry lists the model, but a dedicated catalog page was not recovered in this pass."
PKR-CLM-015,Source record,EPH-0030,1991 Haro/Fusion catalog offer,https://article134-tech.github.io/lititzbmx-public-knowledge-register/records/EPH-0030/,INCLUDED — mailer object,"Period publication exposes the offer; retain as promotional ephemera, not as the catalog itself."
PKR-CLM-015,Source record,EPH-0031,Ashtabula component catalog,https://article134-tech.github.io/lititzbmx-public-knowledge-register/records/EPH-0031/,EXACT ID RECOVERED,Two technical discussions independently cite reference 5027; the edition date remains approximate.
PKR-CLM-015,Source record,EPH-0032,Ashtabula crank length range,https://article134-tech.github.io/lititzbmx-public-knowledge-register/records/EPH-0032/,INCLUDED WITH ATTRIBUTION,"This is an externally interpreted catalog fact, not direct page transcription in this research route."
PKR-CLM-015,Source record,EPH-0033,Ashtabula fork sizing and 6-3/4-inch steerer discussion,https://article134-tech.github.io/lititzbmx-public-knowledge-register/records/EPH-0033/,INCLUDED WITH ATTRIBUTION,Technical interpretation depends on the cited discussion; retain attribution and do not generalize beyond the described page.
PKR-CLM-015,Source record,EPH-0034,Mongoose 1979/80 catalog — Ashtabula one-piece cranks,https://article134-tech.github.io/lititzbmx-public-knowledge-register/records/EPH-0034/,INCLUDED — visual page inspected,"Page image was inspected in this research sequence. It corroborates product presence, not the edition/date of reference 5027."
PKR-CLM-015,Source record,EPH-0035,Mongoose 1976–77 accessories — Ashtabula/Cecor pedals,https://article134-tech.github.io/lititzbmx-public-knowledge-register/records/EPH-0035/,INCLUDED — visual page inspected,Page image was inspected; exact OEM/branding relationship requires separate corporate verification.
PKR-CLM-015,Source record,EPH-0036,1978 Redline product catalog,https://article134-tech.github.io/lititzbmx-public-knowledge-register/records/EPH-0036/,INCLUDED WITH ATTRIBUTION,Current historical archive summarizes the catalog; original page structure and BMXMuseum ID remain open.
PKR-CLM-015,Source record,EPH-0037,First Red Line magazine advertisement featuring John Palfreyman,https://article134-tech.github.io/lititzbmx-public-knowledge-register/records/EPH-0037/,OPEN — exact issue/page,"USA BMX supports the rider/ad relationship; publication, issue, page and product still require recovery."
PKR-CLM-015,Source record,EPH-0038,RL 20 II Prostyler first dedicated freestyle kit,https://article134-tech.github.io/lititzbmx-public-knowledge-register/records/EPH-0038/,INCLUDED WITH ATTRIBUTION,Modern historical page summarizes the launch; period advertisement/catalog page remains to be located.
PKR-CLM-015,Source record,EPH-0039,Vintage Mongoose catalog and dealer-price archive,https://article134-tech.github.io/lititzbmx-public-knowledge-register/records/EPH-0039/,INCLUDED — discovery hub,Archive stewardship does not automatically grant republication rights for each scan.
PKR-CLM-015,Source record,EPH-0040,1976–77 Bicycle and Components Catalog,https://article134-tech.github.io/lititzbmx-public-knowledge-register/records/EPH-0040/,INCLUDED — page inspected,Page images may be inspected for facts; the scan is not embedded or republished.
PKR-CLM-015,Source record,EPH-0041,1979/80 Bicycle and Components Catalog,https://article134-tech.github.io/lititzbmx-public-knowledge-register/records/EPH-0041/,INCLUDED — page inspected,Catalog date is printed on cover; page-specific claims remain tied to inspected pages.
PKR-CLM-015,Source record,EPH-0042,1985 Repco price list — Mongoose and parts,https://article134-tech.github.io/lititzbmx-public-knowledge-register/records/EPH-0042/,INCLUDED WITH CURRENCY CAUTION,Public summary exposes selected prices; currency is likely AUD from Australian context but should be verified from the scan.
PKR-CLM-015,Source record,EPH-0043,PK Ripper late-1970s debut,https://article134-tech.github.io/lititzbmx-public-knowledge-register/records/EPH-0043/,INCLUDED WITH ATTRIBUTION,"Current marketing history supports a broad debut claim, not an exact first advertisement or catalog page."
PKR-CLM-015,Source record,EPH-0044,Perry Kramer initials on PK Ripper,https://article134-tech.github.io/lititzbmx-public-knowledge-register/records/EPH-0044/,INCLUDED — relationship evidence,First-person statement supports the relationship; catalog/advertisement evidence remains separate.
PKR-CLM-015,Source record,EPH-0045,Silver Streak team advertisement and product naming,https://article134-tech.github.io/lititzbmx-public-knowledge-register/records/EPH-0045/,INCLUDED — campaign object,Repeated issues support campaign continuity; exact original US placement and complete copy are not reproduced.
PKR-CLM-015,Source record,EPH-0046,Free Diamond Back and Pro Star info pack and decal,https://article134-tech.github.io/lititzbmx-public-knowledge-register/records/EPH-0046/,INCLUDED — mailer/flyer lead,The offer is visible in multiple issues; contents of the pack are not recovered in this pass.
PKR-CLM-015,Source record,EPH-0047,First Torker advertisement in BMX Weekly,https://article134-tech.github.io/lititzbmx-public-knowledge-register/records/EPH-0047/,OPEN — period issue/page,Official Torker history supplies the date; period issue/page and exact image remain to be recovered.
PKR-CLM-015,Source record,EPH-0048,Fullerton-era Torker model archive,https://article134-tech.github.io/lititzbmx-public-knowledge-register/records/EPH-0048/,INCLUDED — discovery and verification hub,Modern official synthesis draws from BMXMuseum and period magazines; each underlying claim should retain source attribution.
PKR-CLM-015,Source record,EPH-0049,1979 National Number One team / 1980 world-pro chronology,https://article134-tech.github.io/lititzbmx-public-knowledge-register/records/EPH-0049/,INCLUDED WITH ATTRIBUTION,Modern historical synthesis should be cross-checked against period result and team-ad objects.
PKR-CLM-015,Source record,EPH-0050,Pontin's BMX Open Championships & Trade Exhibition,https://article134-tech.github.io/lititzbmx-public-knowledge-register/records/EPH-0050/,INCLUDED — exact dates/venue,People: Mike Pardon; Andy Preston (freestyle demos referenced in surrounding promotion); Venue: Pontin's Middleton Tower Holiday Centre; Offer: Booking and trade forms offered; race weekend over three dates
PKR-CLM-015,Source record,EPH-0051,Lee Cooper BMX Indoor Grand Prix pre-registration,https://article134-tech.github.io/lititzbmx-public-knowledge-register/records/EPH-0051/,INCLUDED — exact dates pending,People: Rider roster not fully extracted; Venue: Pickett's Lock Centre; Offer: Coupon requested latest information and pre-registration forms
PKR-CLM-015,Source record,EPH-0052,AFA Expert & Pro Contest — Austin,https://article134-tech.github.io/lititzbmx-public-knowledge-register/records/EPH-0052/,INCLUDED,People: Dennis McCoy; Robert Peterson; Rick Allison; other pros; Venue: Austin City Coliseum; Offer: Pre-registration only; expert and pro classes
PKR-CLM-015,Source record,EPH-0053,BMX Plus! / GT Hide-A-Contest,https://article134-tech.github.io/lititzbmx-public-knowledge-register/records/EPH-0053/,INCLUDED — prize details open,People: Not applicable; Venue: Mail-in entry; Offer: No purchase necessary; mail-in form with published deadline and drawing date
PKR-CLM-015,Source record,EPH-0054,Diamond Back and Pro Star Info Pack & Decal,https://article134-tech.github.io/lititzbmx-public-knowledge-register/records/EPH-0054/,INCLUDED — contents unresolved,People: Diamond Back factory team / Harry Leary context in campaign copy; Venue: Direct-to-factory mail request; Offer: Free info pack and decal offered
PKR-CLM-015,Source record,EPH-0055,1991 Haro/Fusion catalog request,https://article134-tech.github.io/lititzbmx-public-knowledge-register/records/EPH-0055/,INCLUDED,People: Not applicable; Venue: Mail request; Offer: Send $2 for a 1991 catalog
PKR-CLM-015,Source record,EPH-0056,Send SAE for price list and free sticker,https://article134-tech.github.io/lititzbmx-public-knowledge-register/records/EPH-0056/,INCLUDED WITH LIMITS,People: Not applicable; Venue: Mail-order dealer advertisement; Offer: Self-addressed envelope for price list and free sticker
PKR-CLM-015,Source record,EPH-0057,"Ramp Jam — Moorhead, Minnesota",https://article134-tech.github.io/lititzbmx-public-knowledge-register/records/EPH-0057/,INCLUDED — venue open,People: Ramp riders; Venue: Venue not exposed in indexed text; Offer: Contact Rob Staiger for information
PKR-CLM-015,Source record,EPH-0058,DYNO Tour promotional stop listing,https://article134-tech.github.io/lititzbmx-public-knowledge-register/records/EPH-0058/,INCLUDED — stops pending,People: Tour riders not fully extracted; Venue: Multiple stops; exact venues not itemized; Offer: Publicity listing of stops and route context
PKR-CLM-015,Source record,EPH-0059,Diamond Back Silver Streak free draw at Lee Cooper event,https://article134-tech.github.io/lititzbmx-public-knowledge-register/records/EPH-0059/,INCLUDED,People: Event attendees; Venue: Lee Cooper BMX Indoor Grand Prix context; Offer: Free draw each day for riders attending
PKR-CLM-015,Source record,EPH-0060,Langsett Cycles BMX product advertisement,https://article134-tech.github.io/lititzbmx-public-knowledge-register/records/EPH-0060/,INCLUDED — deeper transcription deferred,People: Not applicable; Venue: Langsett Cycles; Offer: Retail prices and carriage terms; broad product inventory
PKR-CLM-015,Source record,EPH-0061,SR Cycles product and team promotion,https://article134-tech.github.io/lititzbmx-public-knowledge-register/records/EPH-0061/,INCLUDED,People: SR Jets; Venue: SR Cycles; Offer: Free SR Jets race shirt with each bike bought through end of October; money-order hold offer
PKR-CLM-015,Source record,EPH-0062,Midlands Cycles BMX mail-order special offers,https://article134-tech.github.io/lititzbmx-public-knowledge-register/records/EPH-0062/,ROUTE READY,One permanent public record route is generated for this Master ID.
PKR-CLM-015,Source record,EPH-0063,Serval Marketing BMX product list and recommended-prices offer,https://article134-tech.github.io/lititzbmx-public-knowledge-register/records/EPH-0063/,ROUTE READY,One permanent public record route is generated for this Master ID.
PKR-CLM-015,Source record,EPH-0064,Strongs Cycles Kuwahara and Red Line frame/component advertisement,https://article134-tech.github.io/lititzbmx-public-knowledge-register/records/EPH-0064/,ROUTE READY,One permanent public record route is generated for this Master ID.
PKR-CLM-015,Source record,EPH-0065,Gecko BMX product range and free Redline/Kuwahara patch offer,https://article134-tech.github.io/lititzbmx-public-knowledge-register/records/EPH-0065/,ROUTE READY,One permanent public record route is generated for this Master ID.
PKR-CLM-015,Source record,EPH-0066,Hotshot BMX complete-bike special and free price-list/sticker offer,https://article134-tech.github.io/lititzbmx-public-knowledge-register/records/EPH-0066/,ROUTE READY,One permanent public record route is generated for this Master ID.
PKR-CLM-015,Source record,EPH-0067,BMX Action Bike London Dungeon caption competition,https://article134-tech.github.io/lititzbmx-public-knowledge-register/records/EPH-0067/,ROUTE READY,One permanent public record route is generated for this Master ID.
PKR-CLM-015,Source record,EPH-0068,BMX Action Bike GT Pro 4 bicycle giveaway,https://article134-tech.github.io/lititzbmx-public-knowledge-register/records/EPH-0068/,ROUTE READY,One permanent public record route is generated for this Master ID.
PKR-CLM-015,Source record,EPH-0069,Kenda Karate free sticker mailer,https://article134-tech.github.io/lititzbmx-public-knowledge-register/records/EPH-0069/,ROUTE READY,One permanent public record route is generated for this Master ID.
PKR-CLM-015,Source record,EPH-0070,BMX Action Bike track and club list mailer,https://article134-tech.github.io/lititzbmx-public-knowledge-register/records/EPH-0070/,ROUTE READY,One permanent public record route is generated for this Master ID.
PKR-CLM-015,Source record,EPH-0071,SJK Hurricane complete bike and frame-kit advertisement,https://article134-tech.github.io/lititzbmx-public-knowledge-register/records/EPH-0071/,ROUTE READY,One permanent public record route is generated for this Master ID.
PKR-CLM-015,Source record,EPH-0072,CAMM Power Stem dealer advertisement,https://article134-tech.github.io/lititzbmx-public-knowledge-register/records/EPH-0072/,ROUTE READY,One permanent public record route is generated for this Master ID.
PKR-CLM-015,Source record,EPH-0073,Diamond Back Silver Streak test report and projected retail price,https://article134-tech.github.io/lititzbmx-public-knowledge-register/records/EPH-0073/,ROUTE READY,One permanent public record route is generated for this Master ID.
PKR-CLM-015,Source record,EPH-0074,UKBMX membership and racing-licence application form,https://article134-tech.github.io/lititzbmx-public-knowledge-register/records/EPH-0074/,ROUTE READY,One permanent public record route is generated for this Master ID.
PKR-CLM-015,Source record,EPH-0075,BMX Action Bike back-issue mailer,https://article134-tech.github.io/lititzbmx-public-knowledge-register/records/EPH-0075/,ROUTE READY,One permanent public record route is generated for this Master ID.
PKR-CLM-015,Source record,EPH-0076,Stronglite prototype frame and fork announcement,https://article134-tech.github.io/lititzbmx-public-knowledge-register/records/EPH-0076/,ROUTE READY,One permanent public record route is generated for this Master ID.
PKR-CLM-015,Source record,EPH-0077,Prolite racing helmet retailer offer,https://article134-tech.github.io/lititzbmx-public-knowledge-register/records/EPH-0077/,ROUTE READY,One permanent public record route is generated for this Master ID.
PKR-CLM-015,Source record,EPH-0078,Pacer racing gloves retailer offer,https://article134-tech.github.io/lititzbmx-public-knowledge-register/records/EPH-0078/,ROUTE READY,One permanent public record route is generated for this Master ID.
PKR-CLM-015,Source record,EPH-0079,BMX Action Bike assorted sticker packet offer,https://article134-tech.github.io/lititzbmx-public-knowledge-register/records/EPH-0079/,ROUTE READY,One permanent public record route is generated for this Master ID.
PKR-CLM-015,Source record,EPH-0080,MX 1000 brake-pair and BMX catalogue offer,https://article134-tech.github.io/lititzbmx-public-knowledge-register/records/EPH-0080/,ROUTE READY,One permanent public record route is generated for this Master ID.
PKR-CLM-015,Source record,EPH-0081,Stadium Cycles Atomic Star range advertisement,https://article134-tech.github.io/lititzbmx-public-knowledge-register/records/EPH-0081/,ROUTE READY,One permanent record route is reserved for this Master ID.
PKR-CLM-015,Source record,EPH-0082,Ron Kitching BMX component-distributor brand list,https://article134-tech.github.io/lititzbmx-public-knowledge-register/records/EPH-0082/,ROUTE READY,One permanent record route is reserved for this Master ID.
PKR-CLM-015,Source record,EPH-0083,Raleigh Raceline event-listing service,https://article134-tech.github.io/lititzbmx-public-knowledge-register/records/EPH-0083/,ROUTE READY,One permanent record route is reserved for this Master ID.
PKR-CLM-015,Source record,EPH-0084,Halfords free BMX jersey promotion,https://article134-tech.github.io/lititzbmx-public-knowledge-register/records/EPH-0084/,ROUTE READY,One permanent record route is reserved for this Master ID.
PKR-CLM-015,Source record,EPH-0085,Hotshot BMX complete-bike special and petrol bonus,https://article134-tech.github.io/lititzbmx-public-knowledge-register/records/EPH-0085/,ROUTE READY,One permanent record route is reserved for this Master ID.
PKR-CLM-015,Source record,EPH-0086,Hotshot free price-list and sticker mailer,https://article134-tech.github.io/lititzbmx-public-knowledge-register/records/EPH-0086/,ROUTE READY,One permanent record route is reserved for this Master ID.
PKR-CLM-015,Source record,EPH-0087,Guisborough national race report,https://article134-tech.github.io/lititzbmx-public-knowledge-register/records/EPH-0087/,ROUTE READY,One permanent record route is reserved for this Master ID.
PKR-CLM-015,Source record,EPH-0088,Diamond Back northern-team sponsorship notice,https://article134-tech.github.io/lititzbmx-public-knowledge-register/records/EPH-0088/,ROUTE READY,One permanent record route is reserved for this Master ID.
PKR-CLM-015,Source record,EPH-0089,GT Pro 4 road and race test,https://article134-tech.github.io/lititzbmx-public-knowledge-register/records/EPH-0089/,ROUTE READY,One permanent record route is reserved for this Master ID.
PKR-CLM-015,Source record,EPH-0090,GT Pro 4 specification sheet,https://article134-tech.github.io/lititzbmx-public-knowledge-register/records/EPH-0090/,ROUTE READY,One permanent record route is reserved for this Master ID.
PKR-CLM-015,Source record,EPH-0091,Bermology track-building guide,https://article134-tech.github.io/lititzbmx-public-knowledge-register/records/EPH-0091/,ROUTE READY,One permanent record route is reserved for this Master ID.
PKR-CLM-015,Source record,EPH-0092,Keith Wilson Redline rider profile,https://article134-tech.github.io/lititzbmx-public-knowledge-register/records/EPH-0092/,ROUTE READY,One permanent record route is reserved for this Master ID.
PKR-CLM-015,Source record,EPH-0093,PK Ripper Radical Art competition,https://article134-tech.github.io/lititzbmx-public-knowledge-register/records/EPH-0093/,ROUTE READY,One permanent record route is reserved for this Master ID.
PKR-CLM-015,Source record,EPH-0094,Neal Stevens State of the Art feature,https://article134-tech.github.io/lititzbmx-public-knowledge-register/records/EPH-0094/,ROUTE READY,One permanent record route is reserved for this Master ID.
PKR-CLM-015,Source record,EPH-0095,Shiner SE Racing news and free-decal mailer,https://article134-tech.github.io/lititzbmx-public-knowledge-register/records/EPH-0095/,ROUTE READY,One permanent record route is reserved for this Master ID.
PKR-CLM-015,Source record,EPH-0096,GT racing and dealer advertisement,https://article134-tech.github.io/lititzbmx-public-knowledge-register/records/EPH-0096/,ROUTE READY,One permanent record route is reserved for this Master ID.
PKR-CLM-015,Source record,EPH-0097,De Ver Cycles BMX bargains listing,https://article134-tech.github.io/lititzbmx-public-knowledge-register/records/EPH-0097/,ROUTE READY,One permanent record route is reserved for this Master ID.
PKR-CLM-015,Source record,EPH-0098,Max chainring carrying bags,https://article134-tech.github.io/lititzbmx-public-knowledge-register/records/EPH-0098/,ROUTE READY,One permanent record route is reserved for this Master ID.
PKR-CLM-015,Source record,EPH-0099,SunTour HL-100 headset locking nut,https://article134-tech.github.io/lititzbmx-public-knowledge-register/records/EPH-0099/,ROUTE READY,One permanent record route is reserved for this Master ID.
PKR-CLM-015,Source record,EPH-0100,Oakley O/20 goggle product notice,https://article134-tech.github.io/lititzbmx-public-knowledge-register/records/EPH-0100/,ROUTE READY,One permanent record route is reserved for this Master ID.
PKR-CLM-015,Source record,EPH-0101,Torker Ultra 4 lightweight stem,https://article134-tech.github.io/lititzbmx-public-knowledge-register/records/EPH-0101/,ROUTE READY,One permanent record route is reserved for this Master ID.
PKR-CLM-015,Source record,EPH-0102,Renthal wide-rise handlebar range,https://article134-tech.github.io/lititzbmx-public-knowledge-register/records/EPH-0102/,ROUTE READY,One permanent record route is reserved for this Master ID.
PKR-CLM-015,Source record,EPH-0103,ABMX Wonder Light street-safety offer,https://article134-tech.github.io/lititzbmx-public-knowledge-register/records/EPH-0103/,ROUTE READY,One permanent record route is reserved for this Master ID.
PKR-CLM-015,Source record,EPH-0104,Huffy Pro Thunder Competition Certified range,https://article134-tech.github.io/lititzbmx-public-knowledge-register/records/EPH-0104/,ROUTE READY,One permanent record route is reserved for this Master ID.
PKR-CLM-015,Source record,EPH-0105,Race Inc Aero special feature,https://article134-tech.github.io/lititzbmx-public-knowledge-register/records/EPH-0105/,ROUTE READY,One permanent record route is reserved for this Master ID.
PKR-CLM-015,Source record,EPH-0106,SJK British chromoly race-bike test,https://article134-tech.github.io/lititzbmx-public-knowledge-register/records/EPH-0106/,ROUTE READY,One permanent record route is reserved for this Master ID.
PKR-CLM-015,Source record,EPH-0107,Cyclone Bikes seven-sticker packet offer,https://article134-tech.github.io/lititzbmx-public-knowledge-register/records/EPH-0107/,ROUTE READY,One permanent record route is reserved for this Master ID.
PKR-CLM-015,Source record,EPH-0108,UKBMX national rule-book notice,https://article134-tech.github.io/lititzbmx-public-knowledge-register/records/EPH-0108/,ROUTE READY,One permanent record route is reserved for this Master ID.
PKR-CLM-015,Source record,EPH-0109,Puch Murray 20-inch and 24-inch BMX range advertisement,https://article134-tech.github.io/lititzbmx-public-knowledge-register/records/EPH-0109/,ROUTE READY,One permanent record route is reserved for this Master ID.
PKR-CLM-015,Source record,EPH-0110,Diamond Back Silver Streak and Pro-Star information-pack offer,https://article134-tech.github.io/lititzbmx-public-knowledge-register/records/EPH-0110/,ROUTE READY,One permanent record route is reserved for this Master ID.
PKR-CLM-015,Source record,EPH-0111,Kenda Karate tyre advertisement,https://article134-tech.github.io/lititzbmx-public-knowledge-register/records/EPH-0111/,ROUTE READY,One permanent record route is reserved for this Master ID.
PKR-CLM-015,Source record,EPH-0112,Raleigh Burner five-model range launch,https://article134-tech.github.io/lititzbmx-public-knowledge-register/records/EPH-0112/,ROUTE READY,One permanent record route is reserved for this Master ID.
PKR-CLM-015,Source record,EPH-0113,Home-built Diamond Back II project letter,https://article134-tech.github.io/lititzbmx-public-knowledge-register/records/EPH-0113/,ROUTE READY,One permanent record route is reserved for this Master ID.
PKR-CLM-015,Source record,EPH-0114,Ramsey BMX Club free-entry visitor notice,https://article134-tech.github.io/lititzbmx-public-knowledge-register/records/EPH-0114/,ROUTE READY,One permanent record route is reserved for this Master ID.
PKR-CLM-015,Source record,EPH-0115,ACS experimental 26-inch Z-rim production note,https://article134-tech.github.io/lititzbmx-public-knowledge-register/records/EPH-0115/,ROUTE READY,One permanent record route is reserved for this Master ID.
PKR-CLM-015,Source record,EPH-0116,Gecko BMX product-range advertisement,https://article134-tech.github.io/lititzbmx-public-knowledge-register/records/EPH-0116/,ROUTE READY,One permanent record route is reserved for this Master ID.
PKR-CLM-015,Source record,EPH-0117,Redline PL-20 Carrera complete-package advertisement,https://article134-tech.github.io/lititzbmx-public-knowledge-register/records/EPH-0117/,ROUTE READY,One permanent record route is reserved for this Master ID.
PKR-CLM-015,Source record,EPH-0118,Kuwahara frame-and-fork range advertisement,https://article134-tech.github.io/lititzbmx-public-knowledge-register/records/EPH-0118/,ROUTE READY,One permanent record route is reserved for this Master ID.
PKR-CLM-015,Source record,EPH-0119,"MCS, Race Inc, and Powerlite range advertisement",https://article134-tech.github.io/lititzbmx-public-knowledge-register/records/EPH-0119/,ROUTE READY,One permanent record route is reserved for this Master ID.
PKR-CLM-015,Source record,EPH-0120,PK Ripper editorial test,https://article134-tech.github.io/lititzbmx-public-knowledge-register/records/EPH-0120/,ROUTE READY,One permanent record route is reserved for this Master ID.
PKR-CLM-015,Source record,EPH-0121,Ammaco BMX thrash test,https://article134-tech.github.io/lititzbmx-public-knowledge-register/records/EPH-0121/,ROUTE READY,One permanent record route is reserved for this Master ID.
PKR-CLM-015,Source record,EPH-0122,Tim March profile and March Racing Developments launch,https://article134-tech.github.io/lititzbmx-public-knowledge-register/records/EPH-0122/,ROUTE READY,One permanent record route is reserved for this Master ID.
PKR-CLM-015,Source record,EPH-0123,March Racing Developments number-plate offer,https://article134-tech.github.io/lititzbmx-public-knowledge-register/records/EPH-0123/,ROUTE READY,One permanent record route is reserved for this Master ID.
PKR-CLM-015,Source record,EPH-0124,Hotshot retail and trade price-list/sticker service,https://article134-tech.github.io/lititzbmx-public-knowledge-register/records/EPH-0124/,ROUTE READY,One permanent record route is reserved for this Master ID.
PKR-CLM-015,Source record,EPH-0125,DC Racing price-list and sticker mailer,https://article134-tech.github.io/lititzbmx-public-knowledge-register/records/EPH-0125/,ROUTE READY,One permanent record route is reserved for this Master ID.
PKR-CLM-015,Source record,EPH-0126,Piranha cast-wheel model announcement,https://article134-tech.github.io/lititzbmx-public-knowledge-register/records/EPH-0126/,ROUTE READY,One permanent record route is reserved for this Master ID.
PKR-CLM-015,Source record,EPH-0127,Surrey BMX six-page bargain-list advertisement,https://article134-tech.github.io/lititzbmx-public-knowledge-register/records/EPH-0127/,ROUTE READY,One permanent record route is reserved for this Master ID.
PKR-CLM-015,Source record,EPH-0128,Cooper convertible BMX helmet mailer,https://article134-tech.github.io/lititzbmx-public-knowledge-register/records/EPH-0128/,ROUTE READY,One permanent record route is reserved for this Master ID.
PKR-CLM-015,Source record,EPH-0129,Lee and SunTour sealed bottom-bracket product note,https://article134-tech.github.io/lititzbmx-public-knowledge-register/records/EPH-0129/,ROUTE READY,One permanent record route is reserved for this Master ID.
PKR-CLM-015,Source record,EPH-0130,Araya aerodynamic sew-up race-wheel note,https://article134-tech.github.io/lititzbmx-public-knowledge-register/records/EPH-0130/,ROUTE READY,One permanent record route is reserved for this Master ID.
PKR-CLM-015,Source record,EPH-0131,Profile mini BMX build feature,https://article134-tech.github.io/lititzbmx-public-knowledge-register/records/EPH-0131/,ROUTE READY,One permanent record route is reserved for this Master ID.
PKR-CLM-015,Source record,EPH-0132,Patterson chromoly frame-and-fork advertisement,https://article134-tech.github.io/lititzbmx-public-knowledge-register/records/EPH-0132/,ROUTE READY,One permanent record route is reserved for this Master ID.
PKR-CLM-015,Source record,EPH-0133,KHS Duster four-model range and RRPs,https://article134-tech.github.io/lititzbmx-public-knowledge-register/records/EPH-0133/,ROUTE READY,One permanent record route is reserved for this Master ID.
PKR-CLM-015,Source record,EPH-0134,SJK Hurricane distributor announcement,https://article134-tech.github.io/lititzbmx-public-knowledge-register/records/EPH-0134/,ROUTE READY,One permanent record route is reserved for this Master ID.
PKR-CLM-015,Source record,EPH-0135,Summer chrome-plating service advertisement,https://article134-tech.github.io/lititzbmx-public-knowledge-register/records/EPH-0135/,ROUTE READY,One permanent record route is reserved for this Master ID.
PKR-CLM-015,Source record,EPH-0136,Twenty-pence BMX catalogue mailer,https://article134-tech.github.io/lititzbmx-public-knowledge-register/records/EPH-0136/,ROUTE READY,One permanent record route is reserved for this Master ID.
PKR-CLM-015,Source record,EPH-0137,Puch Murray competition BMX range advertisement,https://article134-tech.github.io/lititzbmx-public-knowledge-register/records/EPH-0137/,ROUTE READY,One permanent record route is reserved for this Master ID.
PKR-CLM-015,Source record,EPH-0138,Redline 400 Series durability advertisement,https://article134-tech.github.io/lititzbmx-public-knowledge-register/records/EPH-0138/,ROUTE READY,One permanent record route is reserved for this Master ID.
PKR-CLM-015,Source record,EPH-0139,Hot Wheels BMX Centre Shimano price list,https://article134-tech.github.io/lititzbmx-public-knowledge-register/records/EPH-0139/,ROUTE READY,One permanent record route is reserved for this Master ID.
PKR-CLM-015,Source record,EPH-0140,Kuwahara E.T. Special product announcement,https://article134-tech.github.io/lititzbmx-public-knowledge-register/records/EPH-0140/,ROUTE READY,One permanent record route is reserved for this Master ID.
PKR-CLM-015,Source record,EPH-0141,BMX track-openings and construction logbook,https://article134-tech.github.io/lititzbmx-public-knowledge-register/records/EPH-0141/,ROUTE READY,One permanent record route is reserved for this Master ID.
PKR-CLM-015,Source record,EPH-0142,"Shiner Panda, SE Racing, and KHS range advertisement",https://article134-tech.github.io/lititzbmx-public-knowledge-register/records/EPH-0142/,ROUTE READY,One permanent record route is reserved for this Master ID.
PKR-CLM-015,Source record,EPH-0143,Adjustable car cycle-rack advertisement,https://article134-tech.github.io/lititzbmx-public-knowledge-register/records/EPH-0143/,ROUTE READY,One permanent record route is reserved for this Master ID.
PKR-CLM-015,Source record,EPH-0144,Skyway Tuff wheels with alloy hubs launch,https://article134-tech.github.io/lititzbmx-public-knowledge-register/records/EPH-0144/,ROUTE READY,One permanent record route is reserved for this Master ID.
PKR-CLM-015,Source record,EPH-0145,Skyway information and Andy Patterson poster mailer,https://article134-tech.github.io/lititzbmx-public-knowledge-register/records/EPH-0145/,ROUTE READY,One permanent record route is reserved for this Master ID.
PKR-CLM-015,Source record,EPH-0146,Alpine Action one-hundred-pound advertisement-design contest,https://article134-tech.github.io/lititzbmx-public-knowledge-register/records/EPH-0146/,ROUTE READY,One permanent record route is reserved for this Master ID.
PKR-CLM-015,Source record,EPH-0147,Murray and Puch test-range mailer with free membership,https://article134-tech.github.io/lititzbmx-public-knowledge-register/records/EPH-0147/,ROUTE READY,One permanent record route is reserved for this Master ID.
PKR-CLM-015,Source record,EPH-0148,BMX Action Bike race-shirt mailer,https://article134-tech.github.io/lititzbmx-public-knowledge-register/records/EPH-0148/,ROUTE READY,One permanent record route is reserved for this Master ID.
PKR-CLM-015,Source record,EPH-0149,E.T. film and Kuwahara bicycle feature,https://article134-tech.github.io/lititzbmx-public-knowledge-register/records/EPH-0149/,ROUTE READY,One permanent record route is reserved for this Master ID.
PKR-CLM-015,Source record,EPH-0150,Pro-Lite information-pack and decal mailer,https://article134-tech.github.io/lititzbmx-public-knowledge-register/records/EPH-0150/,ROUTE READY,One permanent record route is reserved for this Master ID.
PKR-CLM-015,Source record,EPH-0151,ABMX Bonanza reader survey competition,https://article134-tech.github.io/lititzbmx-public-knowledge-register/records/EPH-0151/,ROUTE READY,One permanent record route is reserved for this Master ID.
PKR-CLM-015,Source record,EPH-0152,AMF Scorcher 7 reader-survey prize,https://article134-tech.github.io/lititzbmx-public-knowledge-register/records/EPH-0152/,ROUTE READY,One permanent record route is reserved for this Master ID.
PKR-CLM-015,Source record,EPH-0153,Reynolds 531 BMX frame-and-fork survey prize,https://article134-tech.github.io/lititzbmx-public-knowledge-register/records/EPH-0153/,ROUTE READY,One permanent record route is reserved for this Master ID.
PKR-CLM-015,Source record,EPH-0154,Team Mongoose factory-direct value advertisement,https://article134-tech.github.io/lititzbmx-public-knowledge-register/records/EPH-0154/,ROUTE READY,One permanent record route is reserved for this Master ID.
PKR-CLM-015,Source record,EPH-0155,ABMX race nutrition and training article,https://article134-tech.github.io/lititzbmx-public-knowledge-register/records/EPH-0155/,ROUTE READY,One permanent record route is reserved for this Master ID.
PKR-CLM-015,Source record,EPH-0156,BMX Invader and Action Bikes monthly specials,https://article134-tech.github.io/lititzbmx-public-knowledge-register/records/EPH-0156/,ROUTE READY,One permanent record route is reserved for this Master ID.
PKR-CLM-015,Source record,EPH-0157,Huffy Pro Lightning preview,https://article134-tech.github.io/lititzbmx-public-knowledge-register/records/EPH-0157/,ROUTE READY,One permanent record route is reserved for this Master ID.
PKR-CLM-015,Source record,EPH-0158,Stolen Kuwahara notice and subscription reward,https://article134-tech.github.io/lititzbmx-public-knowledge-register/records/EPH-0158/,ROUTE READY,One permanent record route is reserved for this Master ID.
PKR-CLM-015,Source record,EPH-0159,Diamond Back Silver Streak information-pack placement,https://article134-tech.github.io/lititzbmx-public-knowledge-register/records/EPH-0159/,ROUTE READY,One permanent record route is reserved for this Master ID.
PKR-CLM-015,Source record,EPH-0160,Kuwahara one-hundred-rider team recruitment offer,https://article134-tech.github.io/lititzbmx-public-knowledge-register/records/EPH-0160/,ROUTE READY,One permanent record route is reserved for this Master ID.
PKR-CLM-015,Source record,EPH-0161,Holdsworth BMX Centres multi-brand advertisement,https://article134-tech.github.io/lititzbmx-public-knowledge-register/records/EPH-0161/,ROUTE READY,One permanent record route is reserved for this Master ID.
PKR-CLM-015,Source record,EPH-0162,Bolton BMXmas Club Supadeal,https://article134-tech.github.io/lititzbmx-public-knowledge-register/records/EPH-0162/,ROUTE READY,One permanent record route is reserved for this Master ID.
PKR-CLM-015,Source record,EPH-0163,Haro number-plate heritage advertisement,https://article134-tech.github.io/lititzbmx-public-knowledge-register/records/EPH-0163/,ROUTE READY,One permanent record route is reserved for this Master ID.
PKR-CLM-015,Source record,EPH-0164,SunTour HB-6000 reversible rear-hub product literature,https://article134-tech.github.io/lititzbmx-public-knowledge-register/records/EPH-0164/,ROUTE READY,One permanent record route is reserved for this Master ID.
PKR-CLM-015,Source record,EPH-0165,Troxel Comet saddle-and-post advertisement,https://article134-tech.github.io/lititzbmx-public-knowledge-register/records/EPH-0165/,ROUTE READY,One permanent record route is reserved for this Master ID.
PKR-CLM-015,Source record,EPH-0166,Shimano DX platform-pedal advertisement,https://article134-tech.github.io/lititzbmx-public-knowledge-register/records/EPH-0166/,ROUTE READY,One permanent record route is reserved for this Master ID.
PKR-CLM-015,Source record,EPH-0167,Shimano DX micro-adjust seatpost announcement,https://article134-tech.github.io/lititzbmx-public-knowledge-register/records/EPH-0167/,ROUTE READY,One permanent record route is reserved for this Master ID.
PKR-CLM-015,Source record,EPH-0168,Pro-Lite protective-equipment information-pack placement,https://article134-tech.github.io/lititzbmx-public-knowledge-register/records/EPH-0168/,ROUTE READY,One permanent record route is reserved for this Master ID.
PKR-CLM-015,Source record,EPH-0169,Halfords California BMX model-range price advertisement,https://article134-tech.github.io/lititzbmx-public-knowledge-register/records/EPH-0169/,ROUTE READY,One permanent record route is reserved for this Master ID.
PKR-CLM-015,Source record,EPH-0170,Halfords Raleigh Burner and free Haro plate promotion,https://article134-tech.github.io/lititzbmx-public-knowledge-register/records/EPH-0170/,ROUTE READY,One permanent record route is reserved for this Master ID.
PKR-CLM-015,Source record,EPH-0171,British and world BMX wheelie-record attempt notice,https://article134-tech.github.io/lititzbmx-public-knowledge-register/records/EPH-0171/,ROUTE READY,One permanent record route is reserved for this Master ID.
PKR-CLM-015,Source record,EPH-0172,British and world bunnyhop-record attempt notice,https://article134-tech.github.io/lititzbmx-public-knowledge-register/records/EPH-0172/,ROUTE READY,One permanent record route is reserved for this Master ID.
PKR-CLM-015,Source record,EPH-0173,Lee Cooper BMX coaching clinic,https://article134-tech.github.io/lititzbmx-public-knowledge-register/records/EPH-0173/,ROUTE READY,One permanent record route is reserved for this Master ID.
PKR-CLM-015,Source record,EPH-0174,Lee Cooper freestyle stunt competition,https://article134-tech.github.io/lititzbmx-public-knowledge-register/records/EPH-0174/,ROUTE READY,One permanent record route is reserved for this Master ID.
PKR-CLM-015,Source record,EPH-0175,Diamond Back Teamfinder race series launch,https://article134-tech.github.io/lititzbmx-public-knowledge-register/records/EPH-0175/,ROUTE READY,One permanent record route is reserved for this Master ID.
PKR-CLM-015,Source record,EPH-0176,First National BMX Poll ballot,https://article134-tech.github.io/lititzbmx-public-knowledge-register/records/EPH-0176/,ROUTE READY,One permanent record route is reserved for this Master ID.
PKR-CLM-015,Source record,EPH-0177,Diamond Back Turbo national-poll prize,https://article134-tech.github.io/lititzbmx-public-knowledge-register/records/EPH-0177/,ROUTE READY,One permanent record route is reserved for this Master ID.
PKR-CLM-015,Source record,EPH-0178,Skyway Tuff II national-poll prize,https://article134-tech.github.io/lititzbmx-public-knowledge-register/records/EPH-0178/,ROUTE READY,One permanent record route is reserved for this Master ID.
PKR-CLM-015,Source record,EPH-0179,Bell lightweight helmet national-poll prize,https://article134-tech.github.io/lititzbmx-public-knowledge-register/records/EPH-0179/,ROUTE READY,One permanent record route is reserved for this Master ID.
PKR-CLM-015,Source record,EPH-0180,Asahi Action Spokes product advertisement,https://article134-tech.github.io/lititzbmx-public-knowledge-register/records/EPH-0180/,ROUTE READY,One permanent record route is reserved for this Master ID.
PKR-CLM-015,Source record,EPH-0181,King Sticker five-sticker and jumbo-pack offer,https://article134-tech.github.io/lititzbmx-public-knowledge-register/records/EPH-0181/,ROUTE READY,One permanent record route is reserved for this Master ID.
PKR-CLM-015,Source record,EPH-0182,Raleigh Pro Burner Christmas price promotion,https://article134-tech.github.io/lititzbmx-public-knowledge-register/records/EPH-0182/,ROUTE READY,One permanent record route is reserved for this Master ID.
PKR-CLM-015,Source record,EPH-0183,Diatron Wildcat convertible helmet launch,https://article134-tech.github.io/lititzbmx-public-knowledge-register/records/EPH-0183/,ROUTE READY,One permanent record route is reserved for this Master ID.
PKR-CLM-015,Source record,EPH-0184,Piranha cast-wheel bicycle launch advertisement,https://article134-tech.github.io/lititzbmx-public-knowledge-register/records/EPH-0184/,ROUTE READY,One permanent record route is reserved for this Master ID.
PKR-CLM-015,Source record,EPH-0185,Hot Wheels BMX Centre imported-product advertisement,https://article134-tech.github.io/lititzbmx-public-knowledge-register/records/EPH-0185/,ROUTE READY,One permanent record route is reserved for this Master ID.
PKR-CLM-015,Source record,EPH-0186,Original and replica Kuwahara E.T. price advertisement,https://article134-tech.github.io/lititzbmx-public-knowledge-register/records/EPH-0186/,ROUTE READY,One permanent record route is reserved for this Master ID.
PKR-CLM-015,Source record,EPH-0187,Nine-bike shootout overview,https://article134-tech.github.io/lititzbmx-public-knowledge-register/records/EPH-0187/,ROUTE READY,One permanent record route is reserved for this Master ID.
PKR-CLM-015,Source record,EPH-0188,Huffy Pro 2 shootout test,https://article134-tech.github.io/lititzbmx-public-knowledge-register/records/EPH-0188/,ROUTE READY,One permanent record route is reserved for this Master ID.
PKR-CLM-015,Source record,EPH-0189,Cycle Pro Macho shootout test,https://article134-tech.github.io/lititzbmx-public-knowledge-register/records/EPH-0189/,ROUTE READY,One permanent record route is reserved for this Master ID.
PKR-CLM-015,Source record,EPH-0190,Falcon BMX shootout test,https://article134-tech.github.io/lititzbmx-public-knowledge-register/records/EPH-0190/,ROUTE READY,One permanent record route is reserved for this Master ID.
PKR-CLM-015,Source record,EPH-0191,California Star and Trax Pro comparison,https://article134-tech.github.io/lititzbmx-public-knowledge-register/records/EPH-0191/,ROUTE READY,One permanent record route is reserved for this Master ID.
PKR-CLM-015,Source record,EPH-0192,ABMX repeat light-and-reflector offer,https://article134-tech.github.io/lititzbmx-public-knowledge-register/records/EPH-0192/,ROUTE READY,One permanent record route is reserved for this Master ID.
PKR-CLM-015,Source record,EPH-0193,Robinson Racing sticker-and-catalogue mailer,https://article134-tech.github.io/lititzbmx-public-knowledge-register/records/EPH-0193/,ROUTE READY,One permanent record route is reserved for this Master ID.
PKR-CLM-015,Source record,EPH-0194,UNI eight-ounce BMX seat launch,https://article134-tech.github.io/lititzbmx-public-knowledge-register/records/EPH-0194/,ROUTE READY,One permanent record route is reserved for this Master ID.
PKR-CLM-015,Source record,EPH-0195,SR Cycles bicycle-reservation and free-delivery offer,https://article134-tech.github.io/lititzbmx-public-knowledge-register/records/EPH-0195/,ROUTE READY,One permanent record route is reserved for this Master ID.
PKR-CLM-015,Source record,EPH-0196,Holdsworth BMX Centres multi-location advertisement,https://article134-tech.github.io/lititzbmx-public-knowledge-register/records/EPH-0196/,ROUTE READY,One permanent record route is reserved for this Master ID.
PKR-CLM-015,Source record,EPH-0197,ABMX light set and reflective-clip offer,https://article134-tech.github.io/lititzbmx-public-knowledge-register/records/EPH-0197/,ROUTE READY,One permanent record route is reserved for this Master ID.
PKR-CLM-015,Source record,EPH-0198,ABMX blue-and-gold binder offer,https://article134-tech.github.io/lititzbmx-public-knowledge-register/records/EPH-0198/,ROUTE READY,One permanent record route is reserved for this Master ID.
PKR-CLM-015,Source record,EPH-0199,ABMX blue-and-yellow race-shirt offer,https://article134-tech.github.io/lititzbmx-public-knowledge-register/records/EPH-0199/,ROUTE READY,One permanent record route is reserved for this Master ID.
PKR-CLM-015,Source record,EPH-0200,Araya ADX-7W aero-rim product notice,https://article134-tech.github.io/lititzbmx-public-knowledge-register/records/EPH-0200/,ROUTE READY,One permanent record route is reserved for this Master ID.
PKR-CLM-015,Source record,EPH-0201,Naga chromoly and fluted-alloy seatpost range,https://article134-tech.github.io/lititzbmx-public-knowledge-register/records/EPH-0201/,ROUTE READY,One permanent record route is reserved for this Master ID.
PKR-CLM-015,Source record,EPH-0202,MKS BM-10 and Grafight-X pedal range,https://article134-tech.github.io/lititzbmx-public-knowledge-register/records/EPH-0202/,ROUTE READY,One permanent record route is reserved for this Master ID.
PKR-CLM-015,Source record,EPH-0203,Raleigh Burner five-model retail price list,https://article134-tech.github.io/lititzbmx-public-knowledge-register/records/EPH-0203/,ROUTE READY,One permanent record route is reserved for this Master ID.
PKR-CLM-015,Source record,EPH-0204,"Max checker hats, jerseys, and race-pants advertisement",https://article134-tech.github.io/lititzbmx-public-knowledge-register/records/EPH-0204/,ROUTE READY,One permanent record route is reserved for this Master ID.
PKR-CLM-015,Source record,EPH-0205,Halfords BMX Nations Cup pre-registration form,https://article134-tech.github.io/lititzbmx-public-knowledge-register/records/EPH-0205/,ROUTE READY,One permanent record route is reserved for this Master ID.
PKR-CLM-015,Source record,EPH-0206,Great Meeting survey and Firebird frame-set competition,https://article134-tech.github.io/lititzbmx-public-knowledge-register/records/EPH-0206/,ROUTE READY,One permanent record route is reserved for this Master ID.
PKR-CLM-015,Source record,EPH-0207,Cycle Trader BMX retail survey issue advertisement,https://article134-tech.github.io/lititzbmx-public-knowledge-register/records/EPH-0207/,ROUTE READY,One permanent record route is reserved for this Master ID.
PKR-CLM-015,Source record,EPH-0208,YES Products word-building competition,https://article134-tech.github.io/lititzbmx-public-knowledge-register/records/EPH-0208/,ROUTE READY,One permanent record route is reserved for this Master ID.
PKR-CLM-015,Source record,EPH-0209,Firebird British chromoly frame-set feature,https://article134-tech.github.io/lititzbmx-public-knowledge-register/records/EPH-0209/,ROUTE READY,One permanent record route is reserved for this Master ID.
PKR-CLM-015,Source record,EPH-0210,Mongoose Pro Class complete-bike test,https://article134-tech.github.io/lititzbmx-public-knowledge-register/records/EPH-0210/,ROUTE READY,One permanent record route is reserved for this Master ID.
PKR-CLM-015,Source record,EPH-0211,Mongoose Pro Class lightweight wheel system,https://article134-tech.github.io/lititzbmx-public-knowledge-register/records/EPH-0211/,ROUTE READY,One permanent record route is reserved for this Master ID.
PKR-CLM-015,Source record,EPH-0212,Bournemouth BMX track-focus report,https://article134-tech.github.io/lititzbmx-public-knowledge-register/records/EPH-0212/,ROUTE READY,One permanent record route is reserved for this Master ID.
PKR-CLM-015,Source record,EPH-0213,Diatron Wildcat helmet and race-pants advertisement,https://article134-tech.github.io/lititzbmx-public-knowledge-register/records/EPH-0213/,ROUTE READY,One permanent record route is reserved for this Master ID.
PKR-CLM-015,Source record,EPH-0214,Surrey BMX Kuwahara complete-bike price list,https://article134-tech.github.io/lititzbmx-public-knowledge-register/records/EPH-0214/,ROUTE READY,One permanent record route is reserved for this Master ID.
PKR-CLM-015,Source record,EPH-0215,Surrey BMX frame-and-fork price list,https://article134-tech.github.io/lititzbmx-public-knowledge-register/records/EPH-0215/,ROUTE READY,One permanent record route is reserved for this Master ID.
PKR-CLM-015,Source record,EPH-0216,Surrey BMX wheel-system price list,https://article134-tech.github.io/lititzbmx-public-knowledge-register/records/EPH-0216/,ROUTE READY,One permanent record route is reserved for this Master ID.
PKR-CLM-015,Source record,EPH-0217,Hadley precision bottom-bracket listing,https://article134-tech.github.io/lititzbmx-public-knowledge-register/records/EPH-0217/,ROUTE READY,One permanent record route is reserved for this Master ID.
PKR-CLM-015,Source record,EPH-0218,Haro Freestyle Moves book offer,https://article134-tech.github.io/lititzbmx-public-knowledge-register/records/EPH-0218/,ROUTE READY,One permanent record route is reserved for this Master ID.
PKR-CLM-015,Source record,EPH-0219,Redline Flight Cranks 401 Series listing,https://article134-tech.github.io/lititzbmx-public-knowledge-register/records/EPH-0219/,ROUTE READY,One permanent record route is reserved for this Master ID.
PKR-CLM-015,Source record,EPH-0220,Vans Style 95 BMX shoe listing,https://article134-tech.github.io/lititzbmx-public-knowledge-register/records/EPH-0220/,ROUTE READY,One permanent record route is reserved for this Master ID.
PKR-CLM-015,Source record,EPH-0221,ABMX national track-list publication,https://article134-tech.github.io/lititzbmx-public-knowledge-register/records/EPH-0221/,ROUTE READY,One permanent record route is reserved for this Master ID.
PKR-CLM-015,Source record,EPH-0222,California Lite pad-system advertisement,https://article134-tech.github.io/lititzbmx-public-knowledge-register/records/EPH-0222/,ROUTE READY,One permanent record route is reserved for this Master ID.
PKR-CLM-015,Source record,EPH-0223,Strongs headset-bearing protector offer,https://article134-tech.github.io/lititzbmx-public-knowledge-register/records/EPH-0223/,ROUTE READY,One permanent record route is reserved for this Master ID.
PKR-CLM-015,Source record,EPH-0224,Strongs BMX race-shirt offer,https://article134-tech.github.io/lititzbmx-public-knowledge-register/records/EPH-0224/,ROUTE READY,One permanent record route is reserved for this Master ID.
PKR-CLM-015,Source record,EPH-0225,Strongs free sticker-brochure mailer,https://article134-tech.github.io/lititzbmx-public-knowledge-register/records/EPH-0225/,ROUTE READY,One permanent record route is reserved for this Master ID.
PKR-CLM-015,Source record,EPH-0226,Best of 1982 national reader-poll results,https://article134-tech.github.io/lititzbmx-public-knowledge-register/records/EPH-0226/,ROUTE READY,One permanent record route is reserved for this Master ID.
PKR-CLM-015,Source record,EPH-0227,Scottish BMX Association formation notice,https://article134-tech.github.io/lititzbmx-public-knowledge-register/records/EPH-0227/,ROUTE READY,One permanent record route is reserved for this Master ID.
PKR-CLM-015,Source record,EPH-0228,Northern Leisure open-meeting series notice,https://article134-tech.github.io/lititzbmx-public-knowledge-register/records/EPH-0228/,ROUTE READY,One permanent record route is reserved for this Master ID.
PKR-CLM-015,Source record,EPH-0229,Silverfox complete-bike reader giveaway,https://article134-tech.github.io/lititzbmx-public-knowledge-register/records/EPH-0229/,ROUTE READY,One permanent record route is reserved for this Master ID.
PKR-CLM-015,Source record,EPH-0230,Harry Leary and Andy Patterson starting guide,https://article134-tech.github.io/lititzbmx-public-knowledge-register/records/EPH-0230/,ROUTE READY,One permanent record route is reserved for this Master ID.
PKR-CLM-015,Source record,EPH-0231,Haro Freestyle Moves equipment chapter,https://article134-tech.github.io/lititzbmx-public-knowledge-register/records/EPH-0231/,ROUTE READY,One permanent record route is reserved for this Master ID.
PKR-CLM-015,Source record,EPH-0232,ABMX free private Sales and Swaps service,https://article134-tech.github.io/lititzbmx-public-knowledge-register/records/EPH-0232/,ROUTE READY,One permanent record route is reserved for this Master ID.
PKR-CLM-015,Source record,EPH-0233,City BMX race-pants mail-order offer,https://article134-tech.github.io/lititzbmx-public-knowledge-register/records/EPH-0233/,ROUTE READY,One permanent record route is reserved for this Master ID.
PKR-CLM-015,Source record,EPH-0234,City BMX lightweight race-helmet offer,https://article134-tech.github.io/lititzbmx-public-knowledge-register/records/EPH-0234/,ROUTE READY,One permanent record route is reserved for this Master ID.
PKR-CLM-015,Source record,EPH-0235,City BMX shoulder-protector offer,https://article134-tech.github.io/lititzbmx-public-knowledge-register/records/EPH-0235/,ROUTE READY,One permanent record route is reserved for this Master ID.
PKR-CLM-015,Source record,EPH-0236,Hot Wheels BMX Centre opening offers,https://article134-tech.github.io/lititzbmx-public-knowledge-register/records/EPH-0236/,ROUTE READY,One permanent record route is reserved for this Master ID.
PKR-CLM-015,Source record,EPH-0237,"Haro Freestyler, Kuwahara Oval, CW, and SE Floval stock notice",https://article134-tech.github.io/lititzbmx-public-knowledge-register/records/EPH-0237/,ROUTE READY,One permanent record route is reserved for this Master ID.
PKR-CLM-015,Source record,EPH-0238,King Sticker five-pack and jumbo-pack offer,https://article134-tech.github.io/lititzbmx-public-knowledge-register/records/EPH-0238/,ROUTE READY,One permanent record route is reserved for this Master ID.
PKR-CLM-015,Source record,EPH-0239,NBMXA race-licence and rule-book offer,https://article134-tech.github.io/lititzbmx-public-knowledge-register/records/EPH-0239/,ROUTE READY,One permanent record route is reserved for this Master ID.
PKR-CLM-015,Source record,EPH-0240,Hotshot price-list and free-sticker mailer,https://article134-tech.github.io/lititzbmx-public-knowledge-register/records/EPH-0240/,ROUTE READY,One permanent record route is reserved for this Master ID.
PKR-CLM-015,Source record,EPH-0241,Huffy Pro Lightning complete-bike test,https://article134-tech.github.io/lititzbmx-public-knowledge-register/records/EPH-0241/,ROUTE READY,One permanent record route is reserved for this Master ID.
PKR-CLM-015,Source record,EPH-0242,Halfords BMX accessories range advertisement,https://article134-tech.github.io/lititzbmx-public-knowledge-register/records/EPH-0242/,ROUTE READY,One permanent record route is reserved for this Master ID.
PKR-CLM-015,Source record,EPH-0243,Huffy Pro Lightning specification and retail-price record,https://article134-tech.github.io/lititzbmx-public-knowledge-register/records/EPH-0243/,ROUTE READY,One permanent record route is reserved for this Master ID.
PKR-CLM-015,Source record,EPH-0244,Ride-On sealed-bearing mag-wheel hub kit,https://article134-tech.github.io/lititzbmx-public-knowledge-register/records/EPH-0244/,ROUTE READY,One permanent record route is reserved for this Master ID.
PKR-CLM-015,Source record,EPH-0245,Sharp Racing Products bottom-bracket boot,https://article134-tech.github.io/lititzbmx-public-knowledge-register/records/EPH-0245/,ROUTE READY,One permanent record route is reserved for this Master ID.
PKR-CLM-015,Source record,EPH-0246,Lee Cooper Ready to Go BMX video,https://article134-tech.github.io/lititzbmx-public-knowledge-register/records/EPH-0246/,ROUTE READY,One permanent record route is reserved for this Master ID.
PKR-CLM-015,Source record,EPH-0247,USA professional BMX action video,https://article134-tech.github.io/lititzbmx-public-knowledge-register/records/EPH-0247/,ROUTE READY,One permanent record route is reserved for this Master ID.
PKR-CLM-015,Source record,EPH-0248,BMX Action Bike six-issue subscription offer,https://article134-tech.github.io/lititzbmx-public-knowledge-register/records/EPH-0248/,ROUTE READY,One permanent record route is reserved for this Master ID.
PKR-CLM-015,Source record,EPH-0249,Yamaha professional racing-outfit competition,https://article134-tech.github.io/lititzbmx-public-knowledge-register/records/EPH-0249/,ROUTE READY,One permanent record route is reserved for this Master ID.
PKR-CLM-015,Source record,EPH-0250,Gainsborough Firebird frame-and-fork retail offer,https://article134-tech.github.io/lititzbmx-public-knowledge-register/records/EPH-0250/,ROUTE READY,One permanent record route is reserved for this Master ID.
PKR-CLM-OT-001,Source record,EPH-0001,1996 GT/Dyno — The BMX & Freestyle Catalog,https://article134-tech.github.io/lititzbmx-public-knowledge-register/records/EPH-0001/,Lead — locate exact reference ID and edition/page count.,Public indexing exposes the title and BMXMuseum provenance but not a reliable reference ID or complete page set.
PKR-CLM-OT-001,Source record,EPH-0002,1992 GT/Dyno Product Catalog,https://article134-tech.github.io/lititzbmx-public-knowledge-register/records/EPH-0002/,Lead — locate exact reference and compare with independent catalog archives.,Title is publicly indexed; exact reference ID and completeness remain unresolved.
PKR-CLM-OT-001,Source record,EPH-0003,1999 GT/Dyno BMX/Freestyle — Part 2,https://article134-tech.github.io/lititzbmx-public-knowledge-register/records/EPH-0003/,"Lead — locate part 1, exact reference IDs and page ranges.",Only the indexed title is presently recoverable.
PKR-CLM-OT-001,Source record,EPH-0004,1990 Haro BMX Catalog,https://article134-tech.github.io/lititzbmx-public-knowledge-register/records/EPH-0004/,Verified catalog existence — recover exact BMXMuseum ID and compare editions/pages.,Haro's official BMX archive independently lists a 1990 PDF catalog. The BMXMuseum reference ID and document completeness remain unresolved.
PKR-CLM-OT-001,Source record,EPH-0006,Ashtabula component catalog,https://article134-tech.github.io/lititzbmx-public-knowledge-register/records/EPH-0006/,Exact reference recovered — inspect edition/page structure only through permitted access.,Two independent technical discussions cite the exact BMXMuseum reference 5027 and describe catalog fork data. The edition date remains approximate.
PKR-CLM-OT-001,Source record,EPH-0007,1997 Hoffman catalog — George model specification,https://article134-tech.github.io/lititzbmx-public-knowledge-register/records/EPH-0007/,Open — record exact page and compare with other Hoffman catalogs.,An external forum cites the exact BMXMuseum reference for the Hoffman George. The full catalog title and edition need confirmation.
PKR-CLM-OT-001,Source record,EPH-0017,1992 GT/Dyno Product Catalog,https://article134-tech.github.io/lititzbmx-public-knowledge-register/records/EPH-0017/,"OPEN — exact reference, full pagination and price labels","Two indexed pages expose $259 and $319, but exact page numbers, currency and price basis are not established."
PKR-CLM-OT-001,Source record,EPH-0018,1996 GT/Dyno — The BMX & Freestyle Catalog,https://article134-tech.github.io/lititzbmx-public-knowledge-register/records/EPH-0018/,OPEN — recover exact reference and compare page count,"A public resale listing describes a 22-page 1996 catalog, but this does not resolve the BMXMuseum ID or prove completeness."
PKR-CLM-OT-001,Source record,EPH-0019,1999 GT/Dyno BMX/Freestyle — Part 2,https://article134-tech.github.io/lititzbmx-public-knowledge-register/records/EPH-0019/,OPEN — locate Part 1 and canonical links,"Only Part 2 is publicly indexed in this pass; Part 1, page range and exact BMXMuseum ID remain open."
PKR-CLM-OT-001,Source record,EPH-0023,1990 Haro BMX Catalog,https://article134-tech.github.io/lititzbmx-public-knowledge-register/records/EPH-0023/,OPEN — recover BMXMuseum ID and compare file pagination,Official archive confirms the catalog year but does not expose the unresolved BMXMuseum canonical ID in this pass.
PKR-CLM-OT-002,Source record,EPH-0008,Tioga Rhino III frame advertisement,https://article134-tech.github.io/lititzbmx-public-knowledge-register/records/EPH-0008/,"Lead — recover exact thread, magazine issue and page.",An external old-school BMX advertisement blog links to an unresolved BMXMuseum forum discussion. The original ad and publication must be identified.
PKR-CLM-OT-002,Source record,EPH-0009,First Torker advertisement in BMX Weekly,https://article134-tech.github.io/lititzbmx-public-knowledge-register/records/EPH-0009/,Priority — locate the period issue and ad image lawfully.,Current official Torker history states the first ad date; the actual BMXMuseum object and magazine page remain to be located.
PKR-CLM-OT-002,Source record,EPH-0010,First Red Line magazine advertisement featuring John Palfreyman,https://article134-tech.github.io/lititzbmx-public-knowledge-register/records/EPH-0010/,"Priority — identify magazine, issue, page and product shown.",USA BMX officially states Palfreyman appeared in the first Red Line magazine ad; exact publication/date/page still need recovery.
PKR-CLM-OT-002,Source record,EPH-0013,July 1979 JMC advertisement,https://article134-tech.github.io/lititzbmx-public-knowledge-register/records/EPH-0013/,Included — index metadata; do not reproduce image or extended copy.,JMC's historical archive identifies the source as the July 1979 Bicycle Motocross Action issue and says the advertisement appeared over many months. Page and full copy are not transcribed.
PKR-CLM-OT-002,Source record,EPH-0014,April 1981 JMC advertisement,https://article134-tech.github.io/lititzbmx-public-knowledge-register/records/EPH-0014/,Included — preserve claim-level evidence and recover page/issue details.,"The JMC archive identifies Super BMX as the publication and summarizes several claims. Exact page, repeated issues and full advertisement copy remain unresolved."
PKR-CLM-OT-002,Source record,EPH-0037,First Red Line magazine advertisement featuring John Palfreyman,https://article134-tech.github.io/lititzbmx-public-knowledge-register/records/EPH-0037/,OPEN — exact issue/page,"USA BMX supports the rider/ad relationship; publication, issue, page and product still require recovery."
PKR-CLM-OT-002,Source record,EPH-0047,First Torker advertisement in BMX Weekly,https://article134-tech.github.io/lititzbmx-public-knowledge-register/records/EPH-0047/,OPEN — period issue/page,Official Torker history supplies the date; period issue/page and exact image remain to be recovered.
PKR-CLM-OT-002,Source record,EPH-0081,Stadium Cycles Atomic Star range advertisement,https://article134-tech.github.io/lititzbmx-public-knowledge-register/records/EPH-0081/,INCLUDED — indexed issue text; visual comparison pending.,PreviousPage exposes indexed text for BMX Action Bike — June/July 1982 — Volume 2 Number 2. This record preserves an issue-specific source occurrence and paraphrased factual details. Page-image comparison remains required before exact-layout quotation or visual identity merging.
PKR-CLM-OT-002,Source record,EPH-0104,Huffy Pro Thunder Competition Certified range,https://article134-tech.github.io/lititzbmx-public-knowledge-register/records/EPH-0104/,INCLUDED — indexed issue text; visual comparison pending.,PreviousPage exposes indexed text for BMX Action Bike — June/July 1982 — Volume 2 Number 2. This record preserves an issue-specific source occurrence and paraphrased factual details. Page-image comparison remains required before exact-layout quotation or visual identity merging.
PKR-CLM-OT-002,Source record,EPH-0109,Puch Murray 20-inch and 24-inch BMX range advertisement,https://article134-tech.github.io/lititzbmx-public-knowledge-register/records/EPH-0109/,INCLUDED — indexed issue text; visual comparison pending.,PreviousPage exposes indexed text for BMX Action Bike — August/September 1982 — Volume 2 Number 3. This record preserves an issue-specific source occurrence and paraphrased factual details. Page-image comparison remains required before exact-layout quotation or visual identity merging.
PKR-CLM-OT-002,Source record,EPH-0111,Kenda Karate tyre advertisement,https://article134-tech.github.io/lititzbmx-public-knowledge-register/records/EPH-0111/,INCLUDED — indexed issue text; visual comparison pending.,PreviousPage exposes indexed text for BMX Action Bike — August/September 1982 — Volume 2 Number 3. This record preserves an issue-specific source occurrence and paraphrased factual details. Page-image comparison remains required before exact-layout quotation or visual identity merging.
PKR-CLM-OT-002,Source record,EPH-0137,Puch Murray competition BMX range advertisement,https://article134-tech.github.io/lititzbmx-public-knowledge-register/records/EPH-0137/,INCLUDED — indexed issue text; visual comparison pending.,PreviousPage exposes indexed text for BMX Action Bike — October/November 1982 — Volume 2 Number 4. This record preserves an issue-specific source occurrence and paraphrased factual details. Page-image comparison remains required before exact-layout quotation or visual identity merging.
PKR-CLM-OT-002,Source record,EPH-0138,Redline 400 Series durability advertisement,https://article134-tech.github.io/lititzbmx-public-knowledge-register/records/EPH-0138/,INCLUDED — indexed issue text; visual comparison pending.,PreviousPage exposes indexed text for BMX Action Bike — October/November 1982 — Volume 2 Number 4. This record preserves an issue-specific source occurrence and paraphrased factual details. Page-image comparison remains required before exact-layout quotation or visual identity merging.
PKR-CLM-OT-003,Source record,EPH-0024,1990 Haro Group 1A,https://article134-tech.github.io/lititzbmx-public-knowledge-register/records/EPH-0024/,INCLUDED WITH ATTRIBUTION,BMX-Catalogue presents recreated catalog content; treat as corroboration until checked against Haro's PDF.
PKR-CLM-OT-003,Source record,EPH-0025,1990 Haro Group 1B,https://article134-tech.github.io/lititzbmx-public-knowledge-register/records/EPH-0025/,INCLUDED WITH ATTRIBUTION,Public reconstruction is useful for discovery; original Haro page comparison remains required.
PKR-CLM-OT-003,Source record,EPH-0026,1990 Haro Group 1C,https://article134-tech.github.io/lititzbmx-public-knowledge-register/records/EPH-0026/,INCLUDED WITH ATTRIBUTION,"The 1990 overview explicitly names Group 1A, 1B and 1C; full page detail awaits direct comparison."
PKR-CLM-OT-003,Source record,EPH-0027,1990 Haro Master / Team Master,https://article134-tech.github.io/lititzbmx-public-knowledge-register/records/EPH-0027/,INCLUDED WITH ATTRIBUTION,Claims come from a recreated catalog page; verify wording and availability against the official PDF.
PKR-CLM-OT-003,Source record,EPH-0028,1990 Haro Invert,https://article134-tech.github.io/lititzbmx-public-knowledge-register/records/EPH-0028/,INCLUDED WITH ATTRIBUTION,Reconstruction should be compared against official scan before exact-copy or specification claims are elevated.
PKR-CLM-OT-004,Source record,EPH-0032,Ashtabula crank length range,https://article134-tech.github.io/lititzbmx-public-knowledge-register/records/EPH-0032/,INCLUDED WITH ATTRIBUTION,"This is an externally interpreted catalog fact, not direct page transcription in this research route."
PKR-CLM-OT-004,Source record,EPH-0033,Ashtabula fork sizing and 6-3/4-inch steerer discussion,https://article134-tech.github.io/lititzbmx-public-knowledge-register/records/EPH-0033/,INCLUDED WITH ATTRIBUTION,Technical interpretation depends on the cited discussion; retain attribution and do not generalize beyond the described page.
PKR-CLM-OT-005,Source record,EPH-0046,Free Diamond Back and Pro Star info pack and decal,https://article134-tech.github.io/lititzbmx-public-knowledge-register/records/EPH-0046/,INCLUDED — mailer/flyer lead,The offer is visible in multiple issues; contents of the pack are not recovered in this pass.
PKR-CLM-OT-005,Source record,EPH-0054,Diamond Back and Pro Star Info Pack & Decal,https://article134-tech.github.io/lititzbmx-public-knowledge-register/records/EPH-0054/,INCLUDED — contents unresolved,People: Diamond Back factory team / Harry Leary context in campaign copy; Venue: Direct-to-factory mail request; Offer: Free info pack and decal offered
PKR-CLM-OT-005,Source record,EPH-0063,Serval Marketing BMX product list and recommended-prices offer,https://article134-tech.github.io/lititzbmx-public-knowledge-register/records/EPH-0063/,INCLUDED — indexed issue text; verify page image before exact-layout quotation.,"PreviousPage exposes indexed text for BMX Action Bike, April/May 1982, Volume 2 Number 1. This record preserves the source occurrence and paraphrased factual details; visual layout and OCR alignment should be checked against the page image before exact quotation."
PKR-CLM-OT-005,Source record,EPH-0069,Kenda Karate free sticker mailer,https://article134-tech.github.io/lititzbmx-public-knowledge-register/records/EPH-0069/,INCLUDED — indexed issue text; verify page image before exact-layout quotation.,"PreviousPage exposes indexed text for BMX Action Bike, April/May 1982, Volume 2 Number 1. This record preserves the source occurrence and paraphrased factual details; visual layout and OCR alignment should be checked against the page image before exact quotation."
PKR-CLM-OT-005,Source record,EPH-0079,BMX Action Bike assorted sticker packet offer,https://article134-tech.github.io/lititzbmx-public-knowledge-register/records/EPH-0079/,INCLUDED — indexed issue text; verify page image before exact-layout quotation.,"PreviousPage exposes indexed text for BMX Action Bike, April/May 1982, Volume 2 Number 1. This record preserves the source occurrence and paraphrased factual details; visual layout and OCR alignment should be checked against the page image before exact quotation."
PKR-CLM-OT-005,Source record,EPH-0095,Shiner SE Racing news and free-decal mailer,https://article134-tech.github.io/lititzbmx-public-knowledge-register/records/EPH-0095/,INCLUDED — indexed issue text; visual comparison pending.,PreviousPage exposes indexed text for BMX Action Bike — June/July 1982 — Volume 2 Number 2. This record preserves an issue-specific source occurrence and paraphrased factual details. Page-image comparison remains required before exact-layout quotation or visual identity merging.
PKR-CLM-OT-005,Source record,EPH-0103,ABMX Wonder Light street-safety offer,https://article134-tech.github.io/lititzbmx-public-knowledge-register/records/EPH-0103/,INCLUDED — indexed issue text; visual comparison pending.,PreviousPage exposes indexed text for BMX Action Bike — June/July 1982 — Volume 2 Number 2. This record preserves an issue-specific source occurrence and paraphrased factual details. Page-image comparison remains required before exact-layout quotation or visual identity merging.
PKR-CLM-OT-005,Source record,EPH-0107,Cyclone Bikes seven-sticker packet offer,https://article134-tech.github.io/lititzbmx-public-knowledge-register/records/EPH-0107/,INCLUDED — indexed issue text; visual comparison pending.,PreviousPage exposes indexed text for BMX Action Bike — June/July 1982 — Volume 2 Number 2. This record preserves an issue-specific source occurrence and paraphrased factual details. Page-image comparison remains required before exact-layout quotation or visual identity merging.
PKR-CLM-OT-005,Source record,EPH-0110,Diamond Back Silver Streak and Pro-Star information-pack offer,https://article134-tech.github.io/lititzbmx-public-knowledge-register/records/EPH-0110/,INCLUDED — indexed issue text; visual comparison pending.,PreviousPage exposes indexed text for BMX Action Bike — August/September 1982 — Volume 2 Number 3. This record preserves an issue-specific source occurrence and paraphrased factual details. Page-image comparison remains required before exact-layout quotation or visual identity merging.
PKR-CLM-OT-005,Source record,EPH-0145,Skyway information and Andy Patterson poster mailer,https://article134-tech.github.io/lititzbmx-public-knowledge-register/records/EPH-0145/,INCLUDED — indexed issue text; visual comparison pending.,PreviousPage exposes indexed text for BMX Action Bike — October/November 1982 — Volume 2 Number 4. This record preserves an issue-specific source occurrence and paraphrased factual details. Page-image comparison remains required before exact-layout quotation or visual identity merging.
PKR-CLM-OT-005,Source record,EPH-0148,BMX Action Bike race-shirt mailer,https://article134-tech.github.io/lititzbmx-public-knowledge-register/records/EPH-0148/,INCLUDED — indexed issue text; visual comparison pending.,PreviousPage exposes indexed text for BMX Action Bike — October/November 1982 — Volume 2 Number 4. This record preserves an issue-specific source occurrence and paraphrased factual details. Page-image comparison remains required before exact-layout quotation or visual identity merging.
PKR-CLM-OT-005,Source record,EPH-0150,Pro-Lite information-pack and decal mailer,https://article134-tech.github.io/lititzbmx-public-knowledge-register/records/EPH-0150/,INCLUDED — indexed issue text; visual comparison pending.,PreviousPage exposes indexed text for BMX Action Bike — October/November 1982 — Volume 2 Number 4. This record preserves an issue-specific source occurrence and paraphrased factual details. Page-image comparison remains required before exact-layout quotation or visual identity merging.
PKR-CLM-OT-005,Source record,EPH-0159,Diamond Back Silver Streak information-pack placement,https://article134-tech.github.io/lititzbmx-public-knowledge-register/records/EPH-0159/,INCLUDED — indexed issue text; visual comparison pending.,PreviousPage exposes indexed text for BMX Action Bike — October/November 1982 — Volume 2 Number 4. This record preserves an issue-specific source occurrence and paraphrased factual details. Page-image comparison remains required before exact-layout quotation or visual identity merging.
PKR-CLM-OT-005,Source record,EPH-0168,Pro-Lite protective-equipment information-pack placement,https://article134-tech.github.io/lititzbmx-public-knowledge-register/records/EPH-0168/,INCLUDED — indexed issue text; visual comparison pending.,PreviousPage exposes indexed text for BMX Action Bike — December 1982/January 1983 — Volume 2 Number 5. This record preserves an issue-specific source occurrence and paraphrased factual details. Page-image comparison remains required before exact-layout quotation or visual identity merging.
PKR-CLM-OT-005,Source record,EPH-0181,King Sticker five-sticker and jumbo-pack offer,https://article134-tech.github.io/lititzbmx-public-knowledge-register/records/EPH-0181/,INCLUDED — indexed issue text; visual comparison pending.,PreviousPage exposes indexed text for BMX Action Bike — December 1982/January 1983 — Volume 2 Number 5. This record preserves an issue-specific source occurrence and paraphrased factual details. Page-image comparison remains required before exact-layout quotation or visual identity merging.
PKR-CLM-OT-005,Source record,EPH-0192,ABMX repeat light-and-reflector offer,https://article134-tech.github.io/lititzbmx-public-knowledge-register/records/EPH-0192/,INCLUDED — indexed issue text; visual comparison pending.,PreviousPage exposes indexed text for BMX Action Bike — December 1982/January 1983 — Volume 2 Number 5. This record preserves an issue-specific source occurrence and paraphrased factual details. Page-image comparison remains required before exact-layout quotation or visual identity merging.
PKR-CLM-OT-005,Source record,EPH-0197,ABMX light set and reflective-clip offer,https://article134-tech.github.io/lititzbmx-public-knowledge-register/records/EPH-0197/,INCLUDED — indexed issue text; visual comparison pending.,PreviousPage exposes indexed text for BMX Action Bike — February/March 1983 — Volume 2 Number 6. This record preserves an issue-specific source occurrence and paraphrased factual details. Page-image comparison remains required before exact-layout quotation or visual identity merging.
PKR-CLM-OT-005,Source record,EPH-0199,ABMX blue-and-yellow race-shirt offer,https://article134-tech.github.io/lititzbmx-public-knowledge-register/records/EPH-0199/,INCLUDED — indexed issue text; visual comparison pending.,PreviousPage exposes indexed text for BMX Action Bike — February/March 1983 — Volume 2 Number 6. This record preserves an issue-specific source occurrence and paraphrased factual details. Page-image comparison remains required before exact-layout quotation or visual identity merging.
PKR-CLM-OT-005,Source record,EPH-0225,Strongs free sticker-brochure mailer,https://article134-tech.github.io/lititzbmx-public-knowledge-register/records/EPH-0225/,INCLUDED — indexed issue text; visual comparison pending.,PreviousPage exposes indexed text for BMX Action Bike — April/May 1983 — Volume 2 Number 7. This record preserves an issue-specific source occurrence and paraphrased factual details. Page-image comparison remains required before exact-layout quotation or visual identity merging.
PKR-CLM-OT-005,Source record,EPH-0238,King Sticker five-pack and jumbo-pack offer,https://article134-tech.github.io/lititzbmx-public-knowledge-register/records/EPH-0238/,INCLUDED — indexed issue text; visual comparison pending.,PreviousPage exposes indexed text for BMX Action Bike — April/May 1983 — Volume 2 Number 7. This record preserves an issue-specific source occurrence and paraphrased factual details. Page-image comparison remains required before exact-layout quotation or visual identity merging.
PKR-CLM-OT-006,Source record,EPH-0040,1976–77 Bicycle and Components Catalog,https://article134-tech.github.io/lititzbmx-public-knowledge-register/records/EPH-0040/,INCLUDED — page inspected,Page images may be inspected for facts; the scan is not embedded or republished.
PKR-CLM-OT-006,Source record,EPH-0041,1979/80 Bicycle and Components Catalog,https://article134-tech.github.io/lititzbmx-public-knowledge-register/records/EPH-0041/,INCLUDED — page inspected,Catalog date is printed on cover; page-specific claims remain tied to inspected pages.
PKR-CLM-OT-007,Source record,EPH-0034,Mongoose 1979/80 catalog — Ashtabula one-piece cranks,https://article134-tech.github.io/lititzbmx-public-knowledge-register/records/EPH-0034/,INCLUDED — visual page inspected,"Page image was inspected in this research sequence. It corroborates product presence, not the edition/date of reference 5027."
PKR-CLM-OT-007,Source record,EPH-0035,Mongoose 1976–77 accessories — Ashtabula/Cecor pedals,https://article134-tech.github.io/lititzbmx-public-knowledge-register/records/EPH-0035/,INCLUDED — visual page inspected,Page image was inspected; exact OEM/branding relationship requires separate corporate verification.
PKR-CLM-OT-008,Source record,EPH-0020,Dynamic BMX complete-bike price advertisement,https://article134-tech.github.io/lititzbmx-public-knowledge-register/records/EPH-0020/,INCLUDED — clear prices only,"OCR is uneven. Only clearly legible model/price pairs are preserved; prices are retailer advertisements, not manufacturer MSRP."
PKR-CLM-OT-008,Source record,EPH-0021,Complete-bike mail-order price advertisement,https://article134-tech.github.io/lititzbmx-public-knowledge-register/records/EPH-0021/,INCLUDED — clear prices only,OCR is uneven; the four GT rows retained here are clear enough for a price observation but remain retailer prices.
PKR-CLM-OT-008,Source record,EPH-0062,Midlands Cycles BMX mail-order special offers,https://article134-tech.github.io/lititzbmx-public-knowledge-register/records/EPH-0062/,INCLUDED — indexed issue text; verify page image before exact-layout quotation.,"PreviousPage exposes indexed text for BMX Action Bike, April/May 1982, Volume 2 Number 1. This record preserves the source occurrence and paraphrased factual details; visual layout and OCR alignment should be checked against the page image before exact quotation."
PKR-CLM-OT-008,Source record,EPH-0064,Strongs Cycles Kuwahara and Red Line frame/component advertisement,https://article134-tech.github.io/lititzbmx-public-knowledge-register/records/EPH-0064/,INCLUDED — indexed issue text; verify page image before exact-layout quotation.,"PreviousPage exposes indexed text for BMX Action Bike, April/May 1982, Volume 2 Number 1. This record preserves the source occurrence and paraphrased factual details; visual layout and OCR alignment should be checked against the page image before exact quotation."
PKR-CLM-OT-008,Source record,EPH-0072,CAMM Power Stem dealer advertisement,https://article134-tech.github.io/lititzbmx-public-knowledge-register/records/EPH-0072/,INCLUDED — indexed issue text; verify page image before exact-layout quotation.,"PreviousPage exposes indexed text for BMX Action Bike, April/May 1982, Volume 2 Number 1. This record preserves the source occurrence and paraphrased factual details; visual layout and OCR alignment should be checked against the page image before exact quotation."
PKR-CLM-OT-008,Source record,EPH-0077,Prolite racing helmet retailer offer,https://article134-tech.github.io/lititzbmx-public-knowledge-register/records/EPH-0077/,INCLUDED — indexed issue text; verify page image before exact-layout quotation.,"PreviousPage exposes indexed text for BMX Action Bike, April/May 1982, Volume 2 Number 1. This record preserves the source occurrence and paraphrased factual details; visual layout and OCR alignment should be checked against the page image before exact quotation."
PKR-CLM-OT-008,Source record,EPH-0078,Pacer racing gloves retailer offer,https://article134-tech.github.io/lititzbmx-public-knowledge-register/records/EPH-0078/,INCLUDED — indexed issue text; verify page image before exact-layout quotation.,"PreviousPage exposes indexed text for BMX Action Bike, April/May 1982, Volume 2 Number 1. This record preserves the source occurrence and paraphrased factual details; visual layout and OCR alignment should be checked against the page image before exact quotation."
PKR-CLM-OT-008,Source record,EPH-0085,Hotshot BMX complete-bike special and petrol bonus,https://article134-tech.github.io/lititzbmx-public-knowledge-register/records/EPH-0085/,INCLUDED — indexed issue text; visual comparison pending.,PreviousPage exposes indexed text for BMX Action Bike — June/July 1982 — Volume 2 Number 2. This record preserves an issue-specific source occurrence and paraphrased factual details. Page-image comparison remains required before exact-layout quotation or visual identity merging.
PKR-CLM-OT-008,Source record,EPH-0127,Surrey BMX six-page bargain-list advertisement,https://article134-tech.github.io/lititzbmx-public-knowledge-register/records/EPH-0127/,INCLUDED — indexed issue text; visual comparison pending.,PreviousPage exposes indexed text for BMX Action Bike — August/September 1982 — Volume 2 Number 3. This record preserves an issue-specific source occurrence and paraphrased factual details. Page-image comparison remains required before exact-layout quotation or visual identity merging.
PKR-CLM-OT-008,Source record,EPH-0133,KHS Duster four-model range and RRPs,https://article134-tech.github.io/lititzbmx-public-knowledge-register/records/EPH-0133/,INCLUDED — indexed issue text; visual comparison pending.,PreviousPage exposes indexed text for BMX Action Bike — August/September 1982 — Volume 2 Number 3. This record preserves an issue-specific source occurrence and paraphrased factual details. Page-image comparison remains required before exact-layout quotation or visual identity merging.
PKR-CLM-OT-008,Source record,EPH-0139,Hot Wheels BMX Centre Shimano price list,https://article134-tech.github.io/lititzbmx-public-knowledge-register/records/EPH-0139/,INCLUDED — indexed issue text; visual comparison pending.,PreviousPage exposes indexed text for BMX Action Bike — October/November 1982 — Volume 2 Number 4. This record preserves an issue-specific source occurrence and paraphrased factual details. Page-image comparison remains required before exact-layout quotation or visual identity merging.
PKR-CLM-OT-008,Source record,EPH-0156,BMX Invader and Action Bikes monthly specials,https://article134-tech.github.io/lititzbmx-public-knowledge-register/records/EPH-0156/,INCLUDED — indexed issue text; visual comparison pending.,PreviousPage exposes indexed text for BMX Action Bike — October/November 1982 — Volume 2 Number 4. This record preserves an issue-specific source occurrence and paraphrased factual details. Page-image comparison remains required before exact-layout quotation or visual identity merging.
PKR-CLM-OT-008,Source record,EPH-0169,Halfords California BMX model-range price advertisement,https://article134-tech.github.io/lititzbmx-public-knowledge-register/records/EPH-0169/,INCLUDED — indexed issue text; visual comparison pending.,PreviousPage exposes indexed text for BMX Action Bike — December 1982/January 1983 — Volume 2 Number 5. This record preserves an issue-specific source occurrence and paraphrased factual details. Page-image comparison remains required before exact-layout quotation or visual identity merging.
PKR-CLM-OT-008,Source record,EPH-0182,Raleigh Pro Burner Christmas price promotion,https://article134-tech.github.io/lititzbmx-public-knowledge-register/records/EPH-0182/,INCLUDED — indexed issue text; visual comparison pending.,PreviousPage exposes indexed text for BMX Action Bike — December 1982/January 1983 — Volume 2 Number 5. This record preserves an issue-specific source occurrence and paraphrased factual details. Page-image comparison remains required before exact-layout quotation or visual identity merging.
PKR-CLM-OT-008,Source record,EPH-0186,Original and replica Kuwahara E.T. price advertisement,https://article134-tech.github.io/lititzbmx-public-knowledge-register/records/EPH-0186/,INCLUDED — indexed issue text; visual comparison pending.,PreviousPage exposes indexed text for BMX Action Bike — December 1982/January 1983 — Volume 2 Number 5. This record preserves an issue-specific source occurrence and paraphrased factual details. Page-image comparison remains required before exact-layout quotation or visual identity merging.
PKR-CLM-OT-008,Source record,EPH-0203,Raleigh Burner five-model retail price list,https://article134-tech.github.io/lititzbmx-public-knowledge-register/records/EPH-0203/,INCLUDED — indexed issue text; visual comparison pending.,PreviousPage exposes indexed text for BMX Action Bike — February/March 1983 — Volume 2 Number 6. This record preserves an issue-specific source occurrence and paraphrased factual details. Page-image comparison remains required before exact-layout quotation or visual identity merging.
PKR-CLM-OT-008,Source record,EPH-0204,"Max checker hats, jerseys, and race-pants advertisement",https://article134-tech.github.io/lititzbmx-public-knowledge-register/records/EPH-0204/,INCLUDED — indexed issue text; visual comparison pending.,PreviousPage exposes indexed text for BMX Action Bike — February/March 1983 — Volume 2 Number 6. This record preserves an issue-specific source occurrence and paraphrased factual details. Page-image comparison remains required before exact-layout quotation or visual identity merging.
PKR-CLM-OT-008,Source record,EPH-0213,Diatron Wildcat helmet and race-pants advertisement,https://article134-tech.github.io/lititzbmx-public-knowledge-register/records/EPH-0213/,INCLUDED — indexed issue text; visual comparison pending.,PreviousPage exposes indexed text for BMX Action Bike — February/March 1983 — Volume 2 Number 6. This record preserves an issue-specific source occurrence and paraphrased factual details. Page-image comparison remains required before exact-layout quotation or visual identity merging.
PKR-CLM-OT-008,Source record,EPH-0214,Surrey BMX Kuwahara complete-bike price list,https://article134-tech.github.io/lititzbmx-public-knowledge-register/records/EPH-0214/,INCLUDED — indexed issue text; visual comparison pending.,PreviousPage exposes indexed text for BMX Action Bike — February/March 1983 — Volume 2 Number 6. This record preserves an issue-specific source occurrence and paraphrased factual details. Page-image comparison remains required before exact-layout quotation or visual identity merging.
PKR-CLM-OT-008,Source record,EPH-0215,Surrey BMX frame-and-fork price list,https://article134-tech.github.io/lititzbmx-public-knowledge-register/records/EPH-0215/,INCLUDED — indexed issue text; visual comparison pending.,PreviousPage exposes indexed text for BMX Action Bike — February/March 1983 — Volume 2 Number 6. This record preserves an issue-specific source occurrence and paraphrased factual details. Page-image comparison remains required before exact-layout quotation or visual identity merging.
PKR-CLM-OT-008,Source record,EPH-0216,Surrey BMX wheel-system price list,https://article134-tech.github.io/lititzbmx-public-knowledge-register/records/EPH-0216/,INCLUDED — indexed issue text; visual comparison pending.,PreviousPage exposes indexed text for BMX Action Bike — February/March 1983 — Volume 2 Number 6. This record preserves an issue-specific source occurrence and paraphrased factual details. Page-image comparison remains required before exact-layout quotation or visual identity merging.
PKR-CLM-OT-008,Source record,EPH-0224,Strongs BMX race-shirt offer,https://article134-tech.github.io/lititzbmx-public-knowledge-register/records/EPH-0224/,INCLUDED — indexed issue text; visual comparison pending.,PreviousPage exposes indexed text for BMX Action Bike — April/May 1983 — Volume 2 Number 7. This record preserves an issue-specific source occurrence and paraphrased factual details. Page-image comparison remains required before exact-layout quotation or visual identity merging.
PKR-CLM-OT-008,Source record,EPH-0233,City BMX race-pants mail-order offer,https://article134-tech.github.io/lititzbmx-public-knowledge-register/records/EPH-0233/,INCLUDED — indexed issue text; visual comparison pending.,PreviousPage exposes indexed text for BMX Action Bike — April/May 1983 — Volume 2 Number 7. This record preserves an issue-specific source occurrence and paraphrased factual details. Page-image comparison remains required before exact-layout quotation or visual identity merging.
PKR-CLM-OT-008,Source record,EPH-0234,City BMX lightweight race-helmet offer,https://article134-tech.github.io/lititzbmx-public-knowledge-register/records/EPH-0234/,INCLUDED — indexed issue text; visual comparison pending.,PreviousPage exposes indexed text for BMX Action Bike — April/May 1983 — Volume 2 Number 7. This record preserves an issue-specific source occurrence and paraphrased factual details. Page-image comparison remains required before exact-layout quotation or visual identity merging.
PKR-CLM-OT-008,Source record,EPH-0235,City BMX shoulder-protector offer,https://article134-tech.github.io/lititzbmx-public-knowledge-register/records/EPH-0235/,INCLUDED — indexed issue text; visual comparison pending.,PreviousPage exposes indexed text for BMX Action Bike — April/May 1983 — Volume 2 Number 7. This record preserves an issue-specific source occurrence and paraphrased factual details. Page-image comparison remains required before exact-layout quotation or visual identity merging.
PKR-CLM-OT-008,Source record,EPH-0236,Hot Wheels BMX Centre opening offers,https://article134-tech.github.io/lititzbmx-public-knowledge-register/records/EPH-0236/,INCLUDED — indexed issue text; visual comparison pending.,PreviousPage exposes indexed text for BMX Action Bike — April/May 1983 — Volume 2 Number 7. This record preserves an issue-specific source occurrence and paraphrased factual details. Page-image comparison remains required before exact-layout quotation or visual identity merging.
PKR-CLM-OT-008,Source record,EPH-0242,Halfords BMX accessories range advertisement,https://article134-tech.github.io/lititzbmx-public-knowledge-register/records/EPH-0242/,INCLUDED — indexed issue text; visual comparison pending.,PreviousPage exposes indexed text for BMX Action Bike — April/May 1983 — Volume 2 Number 7. This record preserves an issue-specific source occurrence and paraphrased factual details. Page-image comparison remains required before exact-layout quotation or visual identity merging.
PKR-CLM-OT-008,Source record,EPH-0250,Gainsborough Firebird frame-and-fork retail offer,https://article134-tech.github.io/lititzbmx-public-knowledge-register/records/EPH-0250/,INCLUDED — indexed issue text; visual comparison pending.,PreviousPage exposes indexed text for BMX Action Bike — April/May 1983 — Volume 2 Number 7. This record preserves an issue-specific source occurrence and paraphrased factual details. Page-image comparison remains required before exact-layout quotation or visual identity merging.
PKR-CLM-OT-009,Source record,EPH-0039,Vintage Mongoose catalog and dealer-price archive,https://article134-tech.github.io/lititzbmx-public-knowledge-register/records/EPH-0039/,INCLUDED — discovery hub,Archive stewardship does not automatically grant republication rights for each scan.
PKR-CLM-OT-009,Source record,EPH-0141,BMX track-openings and construction logbook,https://article134-tech.github.io/lititzbmx-public-knowledge-register/records/EPH-0141/,INCLUDED — indexed issue text; visual comparison pending.,PreviousPage exposes indexed text for BMX Action Bike — October/November 1982 — Volume 2 Number 4. This record preserves an issue-specific source occurrence and paraphrased factual details. Page-image comparison remains required before exact-layout quotation or visual identity merging.
PKR-CLM-OT-009,Source record,EPH-0212,Bournemouth BMX track-focus report,https://article134-tech.github.io/lititzbmx-public-knowledge-register/records/EPH-0212/,INCLUDED — indexed issue text; visual comparison pending.,PreviousPage exposes indexed text for BMX Action Bike — February/March 1983 — Volume 2 Number 6. This record preserves an issue-specific source occurrence and paraphrased factual details. Page-image comparison remains required before exact-layout quotation or visual identity merging.
PKR-CLM-OT-009,Source record,EPH-0221,ABMX national track-list publication,https://article134-tech.github.io/lititzbmx-public-knowledge-register/records/EPH-0221/,INCLUDED — indexed issue text; visual comparison pending.,PreviousPage exposes indexed text for BMX Action Bike — February/March 1983 — Volume 2 Number 6. This record preserves an issue-specific source occurrence and paraphrased factual details. Page-image comparison remains required before exact-layout quotation or visual identity merging.
PKR-CLM-OT-009,Source record,EPH-0226,Best of 1982 national reader-poll results,https://article134-tech.github.io/lititzbmx-public-knowledge-register/records/EPH-0226/,INCLUDED — indexed issue text; visual comparison pending.,PreviousPage exposes indexed text for BMX Action Bike — April/May 1983 — Volume 2 Number 7. This record preserves an issue-specific source occurrence and paraphrased factual details. Page-image comparison remains required before exact-layout quotation or visual identity merging.
PKR-CLM-OT-010,Source record,EPH-0055,1991 Haro/Fusion catalog request,https://article134-tech.github.io/lititzbmx-public-knowledge-register/records/EPH-0055/,INCLUDED,People: Not applicable; Venue: Mail request; Offer: Send $2 for a 1991 catalog
PKR-CLM-OT-010,Source record,EPH-0070,BMX Action Bike track and club list mailer,https://article134-tech.github.io/lititzbmx-public-knowledge-register/records/EPH-0070/,INCLUDED — indexed issue text; verify page image before exact-layout quotation.,"PreviousPage exposes indexed text for BMX Action Bike, April/May 1982, Volume 2 Number 1. This record preserves the source occurrence and paraphrased factual details; visual layout and OCR alignment should be checked against the page image before exact quotation."
PKR-CLM-OT-010,Source record,EPH-0075,BMX Action Bike back-issue mailer,https://article134-tech.github.io/lititzbmx-public-knowledge-register/records/EPH-0075/,INCLUDED — indexed issue text; verify page image before exact-layout quotation.,"PreviousPage exposes indexed text for BMX Action Bike, April/May 1982, Volume 2 Number 1. This record preserves the source occurrence and paraphrased factual details; visual layout and OCR alignment should be checked against the page image before exact quotation."
PKR-CLM-OT-010,Source record,EPH-0136,Twenty-pence BMX catalogue mailer,https://article134-tech.github.io/lititzbmx-public-knowledge-register/records/EPH-0136/,INCLUDED — indexed issue text; visual comparison pending.,PreviousPage exposes indexed text for BMX Action Bike — August/September 1982 — Volume 2 Number 3. This record preserves an issue-specific source occurrence and paraphrased factual details. Page-image comparison remains required before exact-layout quotation or visual identity merging.
PKR-CLM-OT-010,Source record,EPH-0193,Robinson Racing sticker-and-catalogue mailer,https://article134-tech.github.io/lititzbmx-public-knowledge-register/records/EPH-0193/,INCLUDED — indexed issue text; visual comparison pending.,PreviousPage exposes indexed text for BMX Action Bike — December 1982/January 1983 — Volume 2 Number 5. This record preserves an issue-specific source occurrence and paraphrased factual details. Page-image comparison remains required before exact-layout quotation or visual identity merging.
PKR-CLM-OT-010,Source record,EPH-0198,ABMX blue-and-gold binder offer,https://article134-tech.github.io/lititzbmx-public-knowledge-register/records/EPH-0198/,INCLUDED — indexed issue text; visual comparison pending.,PreviousPage exposes indexed text for BMX Action Bike — February/March 1983 — Volume 2 Number 6. This record preserves an issue-specific source occurrence and paraphrased factual details. Page-image comparison remains required before exact-layout quotation or visual identity merging.
PKR-CLM-OT-010,Source record,EPH-0218,Haro Freestyle Moves book offer,https://article134-tech.github.io/lititzbmx-public-knowledge-register/records/EPH-0218/,INCLUDED — indexed issue text; visual comparison pending.,PreviousPage exposes indexed text for BMX Action Bike — February/March 1983 — Volume 2 Number 6. This record preserves an issue-specific source occurrence and paraphrased factual details. Page-image comparison remains required before exact-layout quotation or visual identity merging.
PKR-CLM-OT-010,Source record,EPH-0248,BMX Action Bike six-issue subscription offer,https://article134-tech.github.io/lititzbmx-public-knowledge-register/records/EPH-0248/,INCLUDED — indexed issue text; visual comparison pending.,PreviousPage exposes indexed text for BMX Action Bike — April/May 1983 — Volume 2 Number 7. This record preserves an issue-specific source occurrence and paraphrased factual details. Page-image comparison remains required before exact-layout quotation or visual identity merging.
PKR-CLM-OT-011,Source record,EPH-0030,1991 Haro/Fusion catalog offer,https://article134-tech.github.io/lititzbmx-public-knowledge-register/records/EPH-0030/,INCLUDED — mailer object,"Period publication exposes the offer; retain as promotional ephemera, not as the catalog itself."
PKR-CLM-OT-011,Source record,EPH-0147,Murray and Puch test-range mailer with free membership,https://article134-tech.github.io/lititzbmx-public-knowledge-register/records/EPH-0147/,INCLUDED — indexed issue text; visual comparison pending.,PreviousPage exposes indexed text for BMX Action Bike — October/November 1982 — Volume 2 Number 4. This record preserves an issue-specific source occurrence and paraphrased factual details. Page-image comparison remains required before exact-layout quotation or visual identity merging.
PKR-CLM-OT-012,Source record,EPH-0029,1990 Haro Shredder,https://article134-tech.github.io/lititzbmx-public-knowledge-register/records/EPH-0029/,OPEN — locate original catalog page,"The advanced registry lists the model, but a dedicated catalog page was not recovered in this pass."
PKR-CLM-OT-013,Source record,EPH-0011,JMC Racing Fliers and Price List,https://article134-tech.github.io/lititzbmx-public-knowledge-register/records/EPH-0011/,"Priority — locate exact reference ID, count pages and transcribe only clearly labeled factual price fields.","A public index explicitly identifies a BMXMuseum JMC flyer-and-price-list set. Exact reference ID, date, page count and individual prices are not exposed."
PKR-CLM-OT-014,Source record,EPH-0031,Ashtabula component catalog,https://article134-tech.github.io/lititzbmx-public-knowledge-register/records/EPH-0031/,EXACT ID RECOVERED,Two technical discussions independently cite reference 5027; the edition date remains approximate.
PKR-CLM-OT-015,Source record,EPH-0053,BMX Plus! / GT Hide-A-Contest,https://article134-tech.github.io/lititzbmx-public-knowledge-register/records/EPH-0053/,INCLUDED — prize details open,People: Not applicable; Venue: Mail-in entry; Offer: No purchase necessary; mail-in form with published deadline and drawing date
PKR-CLM-OT-015,Source record,EPH-0068,BMX Action Bike GT Pro 4 bicycle giveaway,https://article134-tech.github.io/lititzbmx-public-knowledge-register/records/EPH-0068/,INCLUDED — indexed issue text; verify page image before exact-layout quotation.,"PreviousPage exposes indexed text for BMX Action Bike, April/May 1982, Volume 2 Number 1. This record preserves the source occurrence and paraphrased factual details; visual layout and OCR alignment should be checked against the page image before exact quotation."
PKR-CLM-OT-015,Source record,EPH-0176,First National BMX Poll ballot,https://article134-tech.github.io/lititzbmx-public-knowledge-register/records/EPH-0176/,INCLUDED — indexed issue text; visual comparison pending.,PreviousPage exposes indexed text for BMX Action Bike — December 1982/January 1983 — Volume 2 Number 5. This record preserves an issue-specific source occurrence and paraphrased factual details. Page-image comparison remains required before exact-layout quotation or visual identity merging.
PKR-CLM-OT-015,Source record,EPH-0208,YES Products word-building competition,https://article134-tech.github.io/lititzbmx-public-knowledge-register/records/EPH-0208/,INCLUDED — indexed issue text; visual comparison pending.,PreviousPage exposes indexed text for BMX Action Bike — February/March 1983 — Volume 2 Number 6. This record preserves an issue-specific source occurrence and paraphrased factual details. Page-image comparison remains required before exact-layout quotation or visual identity merging.
PKR-CLM-OT-016,Source record,EPH-0022,BMX Plus! / GT Hide-A-Contest entry form,https://article134-tech.github.io/lititzbmx-public-knowledge-register/records/EPH-0022/,INCLUDED — bibliographic facts; prize details open,The indexed page exposes deadline and drawing dates; prize/object details require page-image inspection.
PKR-CLM-OT-016,Source record,EPH-0067,BMX Action Bike London Dungeon caption competition,https://article134-tech.github.io/lititzbmx-public-knowledge-register/records/EPH-0067/,INCLUDED — indexed issue text; verify page image before exact-layout quotation.,"PreviousPage exposes indexed text for BMX Action Bike, April/May 1982, Volume 2 Number 1. This record preserves the source occurrence and paraphrased factual details; visual layout and OCR alignment should be checked against the page image before exact quotation."
PKR-CLM-OT-016,Source record,EPH-0093,PK Ripper Radical Art competition,https://article134-tech.github.io/lititzbmx-public-knowledge-register/records/EPH-0093/,INCLUDED — indexed issue text; visual comparison pending.,PreviousPage exposes indexed text for BMX Action Bike — June/July 1982 — Volume 2 Number 2. This record preserves an issue-specific source occurrence and paraphrased factual details. Page-image comparison remains required before exact-layout quotation or visual identity merging.
PKR-CLM-OT-016,Source record,EPH-0146,Alpine Action one-hundred-pound advertisement-design contest,https://article134-tech.github.io/lititzbmx-public-knowledge-register/records/EPH-0146/,INCLUDED — indexed issue text; visual comparison pending.,PreviousPage exposes indexed text for BMX Action Bike — October/November 1982 — Volume 2 Number 4. This record preserves an issue-specific source occurrence and paraphrased factual details. Page-image comparison remains required before exact-layout quotation or visual identity merging.
PKR-CLM-OT-016,Source record,EPH-0151,ABMX Bonanza reader survey competition,https://article134-tech.github.io/lititzbmx-public-knowledge-register/records/EPH-0151/,INCLUDED — indexed issue text; visual comparison pending.,PreviousPage exposes indexed text for BMX Action Bike — October/November 1982 — Volume 2 Number 4. This record preserves an issue-specific source occurrence and paraphrased factual details. Page-image comparison remains required before exact-layout quotation or visual identity merging.
PKR-CLM-OT-016,Source record,EPH-0206,Great Meeting survey and Firebird frame-set competition,https://article134-tech.github.io/lititzbmx-public-knowledge-register/records/EPH-0206/,INCLUDED — indexed issue text; visual comparison pending.,PreviousPage exposes indexed text for BMX Action Bike — February/March 1983 — Volume 2 Number 6. This record preserves an issue-specific source occurrence and paraphrased factual details. Page-image comparison remains required before exact-layout quotation or visual identity merging.
PKR-CLM-OT-016,Source record,EPH-0229,Silverfox complete-bike reader giveaway,https://article134-tech.github.io/lititzbmx-public-knowledge-register/records/EPH-0229/,INCLUDED — indexed issue text; visual comparison pending.,PreviousPage exposes indexed text for BMX Action Bike — April/May 1983 — Volume 2 Number 7. This record preserves an issue-specific source occurrence and paraphrased factual details. Page-image comparison remains required before exact-layout quotation or visual identity merging.
PKR-CLM-OT-016,Source record,EPH-0249,Yamaha professional racing-outfit competition,https://article134-tech.github.io/lititzbmx-public-knowledge-register/records/EPH-0249/,INCLUDED — indexed issue text; visual comparison pending.,PreviousPage exposes indexed text for BMX Action Bike — April/May 1983 — Volume 2 Number 7. This record preserves an issue-specific source occurrence and paraphrased factual details. Page-image comparison remains required before exact-layout quotation or visual identity merging.
PKR-CLM-OT-017,Source record,EPH-0060,Langsett Cycles BMX product advertisement,https://article134-tech.github.io/lititzbmx-public-knowledge-register/records/EPH-0060/,INCLUDED — deeper transcription deferred,People: Not applicable; Venue: Langsett Cycles; Offer: Retail prices and carriage terms; broad product inventory
PKR-CLM-OT-017,Source record,EPH-0097,De Ver Cycles BMX bargains listing,https://article134-tech.github.io/lititzbmx-public-knowledge-register/records/EPH-0097/,INCLUDED — indexed issue text; visual comparison pending.,PreviousPage exposes indexed text for BMX Action Bike — June/July 1982 — Volume 2 Number 2. This record preserves an issue-specific source occurrence and paraphrased factual details. Page-image comparison remains required before exact-layout quotation or visual identity merging.
PKR-CLM-OT-017,Source record,EPH-0119,"MCS, Race Inc, and Powerlite range advertisement",https://article134-tech.github.io/lititzbmx-public-knowledge-register/records/EPH-0119/,INCLUDED — indexed issue text; visual comparison pending.,PreviousPage exposes indexed text for BMX Action Bike — August/September 1982 — Volume 2 Number 3. This record preserves an issue-specific source occurrence and paraphrased factual details. Page-image comparison remains required before exact-layout quotation or visual identity merging.
PKR-CLM-OT-017,Source record,EPH-0162,Bolton BMXmas Club Supadeal,https://article134-tech.github.io/lititzbmx-public-knowledge-register/records/EPH-0162/,INCLUDED — indexed issue text; visual comparison pending.,PreviousPage exposes indexed text for BMX Action Bike — October/November 1982 — Volume 2 Number 4. This record preserves an issue-specific source occurrence and paraphrased factual details. Page-image comparison remains required before exact-layout quotation or visual identity merging.
PKR-CLM-OT-017,Source record,EPH-0195,SR Cycles bicycle-reservation and free-delivery offer,https://article134-tech.github.io/lititzbmx-public-knowledge-register/records/EPH-0195/,INCLUDED — indexed issue text; visual comparison pending.,PreviousPage exposes indexed text for BMX Action Bike — February/March 1983 — Volume 2 Number 6. This record preserves an issue-specific source occurrence and paraphrased factual details. Page-image comparison remains required before exact-layout quotation or visual identity merging.
PKR-CLM-OT-017,Source record,EPH-0232,ABMX free private Sales and Swaps service,https://article134-tech.github.io/lititzbmx-public-knowledge-register/records/EPH-0232/,INCLUDED — indexed issue text; visual comparison pending.,PreviousPage exposes indexed text for BMX Action Bike — April/May 1983 — Volume 2 Number 7. This record preserves an issue-specific source occurrence and paraphrased factual details. Page-image comparison remains required before exact-layout quotation or visual identity merging.
PKR-CLM-OT-017,Source record,EPH-0237,"Haro Freestyler, Kuwahara Oval, CW, and SE Floval stock notice",https://article134-tech.github.io/lititzbmx-public-knowledge-register/records/EPH-0237/,INCLUDED — indexed issue text; visual comparison pending.,PreviousPage exposes indexed text for BMX Action Bike — April/May 1983 — Volume 2 Number 7. This record preserves an issue-specific source occurrence and paraphrased factual details. Page-image comparison remains required before exact-layout quotation or visual identity merging.
PKR-CLM-OT-018,Source record,EPH-0012,Vintage JMC Racing Equipment dealer's price list from Azusa collection,https://article134-tech.github.io/lititzbmx-public-knowledge-register/records/EPH-0012/,Corroboration lead — do not merge with BMXMuseum set until directly compared.,"The public result exposes the document description but not a reliable issue date, complete contents or readable line-item prices."
PKR-CLM-OT-019,Source record,EPH-0056,Send SAE for price list and free sticker,https://article134-tech.github.io/lititzbmx-public-knowledge-register/records/EPH-0056/,INCLUDED WITH LIMITS,People: Not applicable; Venue: Mail-order dealer advertisement; Offer: Self-addressed envelope for price list and free sticker
PKR-CLM-OT-019,Source record,EPH-0066,Hotshot BMX complete-bike special and free price-list/sticker offer,https://article134-tech.github.io/lititzbmx-public-knowledge-register/records/EPH-0066/,INCLUDED — indexed issue text; verify page image before exact-layout quotation.,"PreviousPage exposes indexed text for BMX Action Bike, April/May 1982, Volume 2 Number 1. This record preserves the source occurrence and paraphrased factual details; visual layout and OCR alignment should be checked against the page image before exact quotation."
PKR-CLM-OT-019,Source record,EPH-0080,MX 1000 brake-pair and BMX catalogue offer,https://article134-tech.github.io/lititzbmx-public-knowledge-register/records/EPH-0080/,INCLUDED — indexed issue text; verify page image before exact-layout quotation.,"PreviousPage exposes indexed text for BMX Action Bike, April/May 1982, Volume 2 Number 1. This record preserves the source occurrence and paraphrased factual details; visual layout and OCR alignment should be checked against the page image before exact quotation."
PKR-CLM-OT-019,Source record,EPH-0086,Hotshot free price-list and sticker mailer,https://article134-tech.github.io/lititzbmx-public-knowledge-register/records/EPH-0086/,INCLUDED — indexed issue text; visual comparison pending.,PreviousPage exposes indexed text for BMX Action Bike — June/July 1982 — Volume 2 Number 2. This record preserves an issue-specific source occurrence and paraphrased factual details. Page-image comparison remains required before exact-layout quotation or visual identity merging.
PKR-CLM-OT-019,Source record,EPH-0124,Hotshot retail and trade price-list/sticker service,https://article134-tech.github.io/lititzbmx-public-knowledge-register/records/EPH-0124/,INCLUDED — indexed issue text; visual comparison pending.,PreviousPage exposes indexed text for BMX Action Bike — August/September 1982 — Volume 2 Number 3. This record preserves an issue-specific source occurrence and paraphrased factual details. Page-image comparison remains required before exact-layout quotation or visual identity merging.
PKR-CLM-OT-019,Source record,EPH-0125,DC Racing price-list and sticker mailer,https://article134-tech.github.io/lititzbmx-public-knowledge-register/records/EPH-0125/,INCLUDED — indexed issue text; visual comparison pending.,PreviousPage exposes indexed text for BMX Action Bike — August/September 1982 — Volume 2 Number 3. This record preserves an issue-specific source occurrence and paraphrased factual details. Page-image comparison remains required before exact-layout quotation or visual identity merging.
PKR-CLM-OT-019,Source record,EPH-0240,Hotshot price-list and free-sticker mailer,https://article134-tech.github.io/lititzbmx-public-knowledge-register/records/EPH-0240/,INCLUDED — indexed issue text; visual comparison pending.,PreviousPage exposes indexed text for BMX Action Bike — April/May 1983 — Volume 2 Number 7. This record preserves an issue-specific source occurrence and paraphrased factual details. Page-image comparison remains required before exact-layout quotation or visual identity merging.
PKR-CLM-OT-020,Source record,EPH-0061,SR Cycles product and team promotion,https://article134-tech.github.io/lititzbmx-public-knowledge-register/records/EPH-0061/,INCLUDED,People: SR Jets; Venue: SR Cycles; Offer: Free SR Jets race shirt with each bike bought through end of October; money-order hold offer
PKR-CLM-OT-020,Source record,EPH-0065,Gecko BMX product range and free Redline/Kuwahara patch offer,https://article134-tech.github.io/lititzbmx-public-knowledge-register/records/EPH-0065/,INCLUDED — indexed issue text; verify page image before exact-layout quotation.,"PreviousPage exposes indexed text for BMX Action Bike, April/May 1982, Volume 2 Number 1. This record preserves the source occurrence and paraphrased factual details; visual layout and OCR alignment should be checked against the page image before exact quotation."
PKR-CLM-OT-020,Source record,EPH-0116,Gecko BMX product-range advertisement,https://article134-tech.github.io/lititzbmx-public-knowledge-register/records/EPH-0116/,INCLUDED — indexed issue text; visual comparison pending.,PreviousPage exposes indexed text for BMX Action Bike — August/September 1982 — Volume 2 Number 3. This record preserves an issue-specific source occurrence and paraphrased factual details. Page-image comparison remains required before exact-layout quotation or visual identity merging.
PKR-CLM-OT-020,Source record,EPH-0135,Summer chrome-plating service advertisement,https://article134-tech.github.io/lititzbmx-public-knowledge-register/records/EPH-0135/,INCLUDED — indexed issue text; visual comparison pending.,PreviousPage exposes indexed text for BMX Action Bike — August/September 1982 — Volume 2 Number 3. This record preserves an issue-specific source occurrence and paraphrased factual details. Page-image comparison remains required before exact-layout quotation or visual identity merging.
PKR-CLM-OT-020,Source record,EPH-0142,"Shiner Panda, SE Racing, and KHS range advertisement",https://article134-tech.github.io/lititzbmx-public-knowledge-register/records/EPH-0142/,INCLUDED — indexed issue text; visual comparison pending.,PreviousPage exposes indexed text for BMX Action Bike — October/November 1982 — Volume 2 Number 4. This record preserves an issue-specific source occurrence and paraphrased factual details. Page-image comparison remains required before exact-layout quotation or visual identity merging.
PKR-CLM-OT-020,Source record,EPH-0161,Holdsworth BMX Centres multi-brand advertisement,https://article134-tech.github.io/lititzbmx-public-knowledge-register/records/EPH-0161/,INCLUDED — indexed issue text; visual comparison pending.,PreviousPage exposes indexed text for BMX Action Bike — October/November 1982 — Volume 2 Number 4. This record preserves an issue-specific source occurrence and paraphrased factual details. Page-image comparison remains required before exact-layout quotation or visual identity merging.
PKR-CLM-OT-020,Source record,EPH-0185,Hot Wheels BMX Centre imported-product advertisement,https://article134-tech.github.io/lititzbmx-public-knowledge-register/records/EPH-0185/,INCLUDED — indexed issue text; visual comparison pending.,PreviousPage exposes indexed text for BMX Action Bike — December 1982/January 1983 — Volume 2 Number 5. This record preserves an issue-specific source occurrence and paraphrased factual details. Page-image comparison remains required before exact-layout quotation or visual identity merging.
PKR-CLM-OT-020,Source record,EPH-0196,Holdsworth BMX Centres multi-location advertisement,https://article134-tech.github.io/lititzbmx-public-knowledge-register/records/EPH-0196/,INCLUDED — indexed issue text; visual comparison pending.,PreviousPage exposes indexed text for BMX Action Bike — February/March 1983 — Volume 2 Number 6. This record preserves an issue-specific source occurrence and paraphrased factual details. Page-image comparison remains required before exact-layout quotation or visual identity merging.
PKR-CLM-OT-021,Source record,EPH-0042,1985 Repco price list — Mongoose and parts,https://article134-tech.github.io/lititzbmx-public-knowledge-register/records/EPH-0042/,INCLUDED WITH CURRENCY CAUTION,Public summary exposes selected prices; currency is likely AUD from Australian context but should be verified from the scan.
PKR-CLM-OT-021,Source record,EPH-0082,Ron Kitching BMX component-distributor brand list,https://article134-tech.github.io/lititzbmx-public-knowledge-register/records/EPH-0082/,INCLUDED — indexed issue text; visual comparison pending.,PreviousPage exposes indexed text for BMX Action Bike — June/July 1982 — Volume 2 Number 2. This record preserves an issue-specific source occurrence and paraphrased factual details. Page-image comparison remains required before exact-layout quotation or visual identity merging.
PKR-CLM-OT-022,Source record,EPH-0052,AFA Expert & Pro Contest — Austin,https://article134-tech.github.io/lititzbmx-public-knowledge-register/records/EPH-0052/,INCLUDED,People: Dennis McCoy; Robert Peterson; Rick Allison; other pros; Venue: Austin City Coliseum; Offer: Pre-registration only; expert and pro classes
PKR-CLM-OT-022,Source record,EPH-0174,Lee Cooper freestyle stunt competition,https://article134-tech.github.io/lititzbmx-public-knowledge-register/records/EPH-0174/,INCLUDED — indexed issue text; visual comparison pending.,PreviousPage exposes indexed text for BMX Action Bike — December 1982/January 1983 — Volume 2 Number 5. This record preserves an issue-specific source occurrence and paraphrased factual details. Page-image comparison remains required before exact-layout quotation or visual identity merging.
PKR-CLM-OT-023,Source record,EPH-0050,Pontin's BMX Open Championships & Trade Exhibition,https://article134-tech.github.io/lititzbmx-public-knowledge-register/records/EPH-0050/,INCLUDED — exact dates/venue,People: Mike Pardon; Andy Preston (freestyle demos referenced in surrounding promotion); Venue: Pontin's Middleton Tower Holiday Centre; Offer: Booking and trade forms offered; race weekend over three dates
PKR-CLM-OT-023,Source record,EPH-0173,Lee Cooper BMX coaching clinic,https://article134-tech.github.io/lititzbmx-public-knowledge-register/records/EPH-0173/,INCLUDED — indexed issue text; visual comparison pending.,PreviousPage exposes indexed text for BMX Action Bike — December 1982/January 1983 — Volume 2 Number 5. This record preserves an issue-specific source occurrence and paraphrased factual details. Page-image comparison remains required before exact-layout quotation or visual identity merging.
PKR-CLM-OT-024,Source record,EPH-0057,"Ramp Jam — Moorhead, Minnesota",https://article134-tech.github.io/lititzbmx-public-knowledge-register/records/EPH-0057/,INCLUDED — venue open,People: Ramp riders; Venue: Venue not exposed in indexed text; Offer: Contact Rob Staiger for information
PKR-CLM-OT-024,Source record,EPH-0083,Raleigh Raceline event-listing service,https://article134-tech.github.io/lititzbmx-public-knowledge-register/records/EPH-0083/,INCLUDED — indexed issue text; visual comparison pending.,PreviousPage exposes indexed text for BMX Action Bike — June/July 1982 — Volume 2 Number 2. This record preserves an issue-specific source occurrence and paraphrased factual details. Page-image comparison remains required before exact-layout quotation or visual identity merging.
PKR-CLM-OT-024,Source record,EPH-0114,Ramsey BMX Club free-entry visitor notice,https://article134-tech.github.io/lititzbmx-public-knowledge-register/records/EPH-0114/,INCLUDED — indexed issue text; visual comparison pending.,PreviousPage exposes indexed text for BMX Action Bike — August/September 1982 — Volume 2 Number 3. This record preserves an issue-specific source occurrence and paraphrased factual details. Page-image comparison remains required before exact-layout quotation or visual identity merging.
PKR-CLM-OT-024,Source record,EPH-0158,Stolen Kuwahara notice and subscription reward,https://article134-tech.github.io/lititzbmx-public-knowledge-register/records/EPH-0158/,INCLUDED — indexed issue text; visual comparison pending.,PreviousPage exposes indexed text for BMX Action Bike — October/November 1982 — Volume 2 Number 4. This record preserves an issue-specific source occurrence and paraphrased factual details. Page-image comparison remains required before exact-layout quotation or visual identity merging.
PKR-CLM-OT-024,Source record,EPH-0171,British and world BMX wheelie-record attempt notice,https://article134-tech.github.io/lititzbmx-public-knowledge-register/records/EPH-0171/,INCLUDED — indexed issue text; visual comparison pending.,PreviousPage exposes indexed text for BMX Action Bike — December 1982/January 1983 — Volume 2 Number 5. This record preserves an issue-specific source occurrence and paraphrased factual details. Page-image comparison remains required before exact-layout quotation or visual identity merging.
PKR-CLM-OT-024,Source record,EPH-0172,British and world bunnyhop-record attempt notice,https://article134-tech.github.io/lititzbmx-public-knowledge-register/records/EPH-0172/,INCLUDED — indexed issue text; visual comparison pending.,PreviousPage exposes indexed text for BMX Action Bike — December 1982/January 1983 — Volume 2 Number 5. This record preserves an issue-specific source occurrence and paraphrased factual details. Page-image comparison remains required before exact-layout quotation or visual identity merging.
PKR-CLM-OT-024,Source record,EPH-0228,Northern Leisure open-meeting series notice,https://article134-tech.github.io/lititzbmx-public-knowledge-register/records/EPH-0228/,INCLUDED — indexed issue text; visual comparison pending.,PreviousPage exposes indexed text for BMX Action Bike — April/May 1983 — Volume 2 Number 7. This record preserves an issue-specific source occurrence and paraphrased factual details. Page-image comparison remains required before exact-layout quotation or visual identity merging.
PKR-CLM-OT-025,Source record,EPH-0059,Diamond Back Silver Streak free draw at Lee Cooper event,https://article134-tech.github.io/lititzbmx-public-knowledge-register/records/EPH-0059/,INCLUDED,People: Event attendees; Venue: Lee Cooper BMX Indoor Grand Prix context; Offer: Free draw each day for riders attending
PKR-CLM-OT-025,Source record,EPH-0084,Halfords free BMX jersey promotion,https://article134-tech.github.io/lititzbmx-public-knowledge-register/records/EPH-0084/,INCLUDED — indexed issue text; visual comparison pending.,PreviousPage exposes indexed text for BMX Action Bike — June/July 1982 — Volume 2 Number 2. This record preserves an issue-specific source occurrence and paraphrased factual details. Page-image comparison remains required before exact-layout quotation or visual identity merging.
PKR-CLM-OT-025,Source record,EPH-0152,AMF Scorcher 7 reader-survey prize,https://article134-tech.github.io/lititzbmx-public-knowledge-register/records/EPH-0152/,INCLUDED — indexed issue text; visual comparison pending.,PreviousPage exposes indexed text for BMX Action Bike — October/November 1982 — Volume 2 Number 4. This record preserves an issue-specific source occurrence and paraphrased factual details. Page-image comparison remains required before exact-layout quotation or visual identity merging.
PKR-CLM-OT-025,Source record,EPH-0153,Reynolds 531 BMX frame-and-fork survey prize,https://article134-tech.github.io/lititzbmx-public-knowledge-register/records/EPH-0153/,INCLUDED — indexed issue text; visual comparison pending.,PreviousPage exposes indexed text for BMX Action Bike — October/November 1982 — Volume 2 Number 4. This record preserves an issue-specific source occurrence and paraphrased factual details. Page-image comparison remains required before exact-layout quotation or visual identity merging.
PKR-CLM-OT-025,Source record,EPH-0170,Halfords Raleigh Burner and free Haro plate promotion,https://article134-tech.github.io/lititzbmx-public-knowledge-register/records/EPH-0170/,INCLUDED — indexed issue text; visual comparison pending.,PreviousPage exposes indexed text for BMX Action Bike — December 1982/January 1983 — Volume 2 Number 5. This record preserves an issue-specific source occurrence and paraphrased factual details. Page-image comparison remains required before exact-layout quotation or visual identity merging.
PKR-CLM-OT-025,Source record,EPH-0177,Diamond Back Turbo national-poll prize,https://article134-tech.github.io/lititzbmx-public-knowledge-register/records/EPH-0177/,INCLUDED — indexed issue text; visual comparison pending.,PreviousPage exposes indexed text for BMX Action Bike — December 1982/January 1983 — Volume 2 Number 5. This record preserves an issue-specific source occurrence and paraphrased factual details. Page-image comparison remains required before exact-layout quotation or visual identity merging.
PKR-CLM-OT-025,Source record,EPH-0178,Skyway Tuff II national-poll prize,https://article134-tech.github.io/lititzbmx-public-knowledge-register/records/EPH-0178/,INCLUDED — indexed issue text; visual comparison pending.,PreviousPage exposes indexed text for BMX Action Bike — December 1982/January 1983 — Volume 2 Number 5. This record preserves an issue-specific source occurrence and paraphrased factual details. Page-image comparison remains required before exact-layout quotation or visual identity merging.
PKR-CLM-OT-025,Source record,EPH-0179,Bell lightweight helmet national-poll prize,https://article134-tech.github.io/lititzbmx-public-knowledge-register/records/EPH-0179/,INCLUDED — indexed issue text; visual comparison pending.,PreviousPage exposes indexed text for BMX Action Bike — December 1982/January 1983 — Volume 2 Number 5. This record preserves an issue-specific source occurrence and paraphrased factual details. Page-image comparison remains required before exact-layout quotation or visual identity merging.
PKR-CLM-OT-026,Source record,EPH-0051,Lee Cooper BMX Indoor Grand Prix pre-registration,https://article134-tech.github.io/lititzbmx-public-knowledge-register/records/EPH-0051/,INCLUDED — exact dates pending,People: Rider roster not fully extracted; Venue: Pickett's Lock Centre; Offer: Coupon requested latest information and pre-registration forms
PKR-CLM-OT-026,Source record,EPH-0074,UKBMX membership and racing-licence application form,https://article134-tech.github.io/lititzbmx-public-knowledge-register/records/EPH-0074/,INCLUDED — indexed issue text; verify page image before exact-layout quotation.,"PreviousPage exposes indexed text for BMX Action Bike, April/May 1982, Volume 2 Number 1. This record preserves the source occurrence and paraphrased factual details; visual layout and OCR alignment should be checked against the page image before exact quotation."
PKR-CLM-OT-026,Source record,EPH-0205,Halfords BMX Nations Cup pre-registration form,https://article134-tech.github.io/lititzbmx-public-knowledge-register/records/EPH-0205/,INCLUDED — indexed issue text; visual comparison pending.,PreviousPage exposes indexed text for BMX Action Bike — February/March 1983 — Volume 2 Number 6. This record preserves an issue-specific source occurrence and paraphrased factual details. Page-image comparison remains required before exact-layout quotation or visual identity merging.
PKR-CLM-OT-026,Source record,EPH-0239,NBMXA race-licence and rule-book offer,https://article134-tech.github.io/lititzbmx-public-knowledge-register/records/EPH-0239/,INCLUDED — indexed issue text; visual comparison pending.,PreviousPage exposes indexed text for BMX Action Bike — April/May 1983 — Volume 2 Number 7. This record preserves an issue-specific source occurrence and paraphrased factual details. Page-image comparison remains required before exact-layout quotation or visual identity merging.
PKR-CLM-OT-027,Source record,EPH-0049,1979 National Number One team / 1980 world-pro chronology,https://article134-tech.github.io/lititzbmx-public-knowledge-register/records/EPH-0049/,INCLUDED WITH ATTRIBUTION,Modern historical synthesis should be cross-checked against period result and team-ad objects.
PKR-CLM-OT-027,Source record,EPH-0088,Diamond Back northern-team sponsorship notice,https://article134-tech.github.io/lititzbmx-public-knowledge-register/records/EPH-0088/,INCLUDED — indexed issue text; visual comparison pending.,PreviousPage exposes indexed text for BMX Action Bike — June/July 1982 — Volume 2 Number 2. This record preserves an issue-specific source occurrence and paraphrased factual details. Page-image comparison remains required before exact-layout quotation or visual identity merging.
PKR-CLM-OT-027,Source record,EPH-0122,Tim March profile and March Racing Developments launch,https://article134-tech.github.io/lititzbmx-public-knowledge-register/records/EPH-0122/,INCLUDED — indexed issue text; visual comparison pending.,PreviousPage exposes indexed text for BMX Action Bike — August/September 1982 — Volume 2 Number 3. This record preserves an issue-specific source occurrence and paraphrased factual details. Page-image comparison remains required before exact-layout quotation or visual identity merging.
PKR-CLM-OT-027,Source record,EPH-0160,Kuwahara one-hundred-rider team recruitment offer,https://article134-tech.github.io/lititzbmx-public-knowledge-register/records/EPH-0160/,INCLUDED — indexed issue text; visual comparison pending.,PreviousPage exposes indexed text for BMX Action Bike — October/November 1982 — Volume 2 Number 4. This record preserves an issue-specific source occurrence and paraphrased factual details. Page-image comparison remains required before exact-layout quotation or visual identity merging.
PKR-CLM-OT-027,Source record,EPH-0175,Diamond Back Teamfinder race series launch,https://article134-tech.github.io/lititzbmx-public-knowledge-register/records/EPH-0175/,INCLUDED — indexed issue text; visual comparison pending.,PreviousPage exposes indexed text for BMX Action Bike — December 1982/January 1983 — Volume 2 Number 5. This record preserves an issue-specific source occurrence and paraphrased factual details. Page-image comparison remains required before exact-layout quotation or visual identity merging.
PKR-CLM-OT-027,Source record,EPH-0227,Scottish BMX Association formation notice,https://article134-tech.github.io/lititzbmx-public-knowledge-register/records/EPH-0227/,INCLUDED — indexed issue text; visual comparison pending.,PreviousPage exposes indexed text for BMX Action Bike — April/May 1983 — Volume 2 Number 7. This record preserves an issue-specific source occurrence and paraphrased factual details. Page-image comparison remains required before exact-layout quotation or visual identity merging.
PKR-CLM-OT-028,Source record,EPH-0048,Fullerton-era Torker model archive,https://article134-tech.github.io/lititzbmx-public-knowledge-register/records/EPH-0048/,INCLUDED — discovery and verification hub,Modern official synthesis draws from BMXMuseum and period magazines; each underlying claim should retain source attribution.
PKR-CLM-OT-029,Source record,EPH-0038,RL 20 II Prostyler first dedicated freestyle kit,https://article134-tech.github.io/lititzbmx-public-knowledge-register/records/EPH-0038/,INCLUDED WITH ATTRIBUTION,Modern historical page summarizes the launch; period advertisement/catalog page remains to be located.
PKR-CLM-OT-029,Source record,EPH-0076,Stronglite prototype frame and fork announcement,https://article134-tech.github.io/lititzbmx-public-knowledge-register/records/EPH-0076/,INCLUDED — indexed issue text; verify page image before exact-layout quotation.,"PreviousPage exposes indexed text for BMX Action Bike, April/May 1982, Volume 2 Number 1. This record preserves the source occurrence and paraphrased factual details; visual layout and OCR alignment should be checked against the page image before exact quotation."
PKR-CLM-OT-029,Source record,EPH-0098,Max chainring carrying bags,https://article134-tech.github.io/lititzbmx-public-knowledge-register/records/EPH-0098/,INCLUDED — indexed issue text; visual comparison pending.,PreviousPage exposes indexed text for BMX Action Bike — June/July 1982 — Volume 2 Number 2. This record preserves an issue-specific source occurrence and paraphrased factual details. Page-image comparison remains required before exact-layout quotation or visual identity merging.
PKR-CLM-OT-029,Source record,EPH-0099,SunTour HL-100 headset locking nut,https://article134-tech.github.io/lititzbmx-public-knowledge-register/records/EPH-0099/,INCLUDED — indexed issue text; visual comparison pending.,PreviousPage exposes indexed text for BMX Action Bike — June/July 1982 — Volume 2 Number 2. This record preserves an issue-specific source occurrence and paraphrased factual details. Page-image comparison remains required before exact-layout quotation or visual identity merging.
PKR-CLM-OT-029,Source record,EPH-0101,Torker Ultra 4 lightweight stem,https://article134-tech.github.io/lititzbmx-public-knowledge-register/records/EPH-0101/,INCLUDED — indexed issue text; visual comparison pending.,PreviousPage exposes indexed text for BMX Action Bike — June/July 1982 — Volume 2 Number 2. This record preserves an issue-specific source occurrence and paraphrased factual details. Page-image comparison remains required before exact-layout quotation or visual identity merging.
PKR-CLM-OT-029,Source record,EPH-0112,Raleigh Burner five-model range launch,https://article134-tech.github.io/lititzbmx-public-knowledge-register/records/EPH-0112/,INCLUDED — indexed issue text; visual comparison pending.,PreviousPage exposes indexed text for BMX Action Bike — August/September 1982 — Volume 2 Number 3. This record preserves an issue-specific source occurrence and paraphrased factual details. Page-image comparison remains required before exact-layout quotation or visual identity merging.
PKR-CLM-OT-029,Source record,EPH-0126,Piranha cast-wheel model announcement,https://article134-tech.github.io/lititzbmx-public-knowledge-register/records/EPH-0126/,INCLUDED — indexed issue text; visual comparison pending.,PreviousPage exposes indexed text for BMX Action Bike — August/September 1982 — Volume 2 Number 3. This record preserves an issue-specific source occurrence and paraphrased factual details. Page-image comparison remains required before exact-layout quotation or visual identity merging.
PKR-CLM-OT-029,Source record,EPH-0129,Lee and SunTour sealed bottom-bracket product note,https://article134-tech.github.io/lititzbmx-public-knowledge-register/records/EPH-0129/,INCLUDED — indexed issue text; visual comparison pending.,PreviousPage exposes indexed text for BMX Action Bike — August/September 1982 — Volume 2 Number 3. This record preserves an issue-specific source occurrence and paraphrased factual details. Page-image comparison remains required before exact-layout quotation or visual identity merging.
PKR-CLM-OT-029,Source record,EPH-0140,Kuwahara E.T. Special product announcement,https://article134-tech.github.io/lititzbmx-public-knowledge-register/records/EPH-0140/,INCLUDED — indexed issue text; visual comparison pending.,PreviousPage exposes indexed text for BMX Action Bike — October/November 1982 — Volume 2 Number 4. This record preserves an issue-specific source occurrence and paraphrased factual details. Page-image comparison remains required before exact-layout quotation or visual identity merging.
PKR-CLM-OT-029,Source record,EPH-0144,Skyway Tuff wheels with alloy hubs launch,https://article134-tech.github.io/lititzbmx-public-knowledge-register/records/EPH-0144/,INCLUDED — indexed issue text; visual comparison pending.,PreviousPage exposes indexed text for BMX Action Bike — October/November 1982 — Volume 2 Number 4. This record preserves an issue-specific source occurrence and paraphrased factual details. Page-image comparison remains required before exact-layout quotation or visual identity merging.
PKR-CLM-OT-029,Source record,EPH-0167,Shimano DX micro-adjust seatpost announcement,https://article134-tech.github.io/lititzbmx-public-knowledge-register/records/EPH-0167/,INCLUDED — indexed issue text; visual comparison pending.,PreviousPage exposes indexed text for BMX Action Bike — December 1982/January 1983 — Volume 2 Number 5. This record preserves an issue-specific source occurrence and paraphrased factual details. Page-image comparison remains required before exact-layout quotation or visual identity merging.
PKR-CLM-OT-029,Source record,EPH-0183,Diatron Wildcat convertible helmet launch,https://article134-tech.github.io/lititzbmx-public-knowledge-register/records/EPH-0183/,INCLUDED — indexed issue text; visual comparison pending.,PreviousPage exposes indexed text for BMX Action Bike — December 1982/January 1983 — Volume 2 Number 5. This record preserves an issue-specific source occurrence and paraphrased factual details. Page-image comparison remains required before exact-layout quotation or visual identity merging.
PKR-CLM-OT-029,Source record,EPH-0184,Piranha cast-wheel bicycle launch advertisement,https://article134-tech.github.io/lititzbmx-public-knowledge-register/records/EPH-0184/,INCLUDED — indexed issue text; visual comparison pending.,PreviousPage exposes indexed text for BMX Action Bike — December 1982/January 1983 — Volume 2 Number 5. This record preserves an issue-specific source occurrence and paraphrased factual details. Page-image comparison remains required before exact-layout quotation or visual identity merging.
PKR-CLM-OT-029,Source record,EPH-0194,UNI eight-ounce BMX seat launch,https://article134-tech.github.io/lititzbmx-public-knowledge-register/records/EPH-0194/,INCLUDED — indexed issue text; visual comparison pending.,PreviousPage exposes indexed text for BMX Action Bike — February/March 1983 — Volume 2 Number 6. This record preserves an issue-specific source occurrence and paraphrased factual details. Page-image comparison remains required before exact-layout quotation or visual identity merging.
PKR-CLM-OT-029,Source record,EPH-0244,Ride-On sealed-bearing mag-wheel hub kit,https://article134-tech.github.io/lititzbmx-public-knowledge-register/records/EPH-0244/,INCLUDED — indexed issue text; visual comparison pending.,PreviousPage exposes indexed text for BMX Action Bike — April/May 1983 — Volume 2 Number 7. This record preserves an issue-specific source occurrence and paraphrased factual details. Page-image comparison remains required before exact-layout quotation or visual identity merging.
PKR-CLM-OT-029,Source record,EPH-0245,Sharp Racing Products bottom-bracket boot,https://article134-tech.github.io/lititzbmx-public-knowledge-register/records/EPH-0245/,INCLUDED — indexed issue text; visual comparison pending.,PreviousPage exposes indexed text for BMX Action Bike — April/May 1983 — Volume 2 Number 7. This record preserves an issue-specific source occurrence and paraphrased factual details. Page-image comparison remains required before exact-layout quotation or visual identity merging.
PKR-CLM-OT-030,Source record,EPH-0036,1978 Redline product catalog,https://article134-tech.github.io/lititzbmx-public-knowledge-register/records/EPH-0036/,INCLUDED WITH ATTRIBUTION,Current historical archive summarizes the catalog; original page structure and BMXMuseum ID remain open.
PKR-CLM-OT-031,Source record,EPH-0005,1987 Dia-Compe 182 Aerial Brake Lever,https://article134-tech.github.io/lititzbmx-public-knowledge-register/records/EPH-0005/,"Lead — identify publication, page and exact BMXMuseum reference.","Indexed title only; the object may be a catalog page, advertisement or product reference."
PKR-CLM-OT-031,Source record,EPH-0071,SJK Hurricane complete bike and frame-kit advertisement,https://article134-tech.github.io/lititzbmx-public-knowledge-register/records/EPH-0071/,INCLUDED — indexed issue text; verify page image before exact-layout quotation.,"PreviousPage exposes indexed text for BMX Action Bike, April/May 1982, Volume 2 Number 1. This record preserves the source occurrence and paraphrased factual details; visual layout and OCR alignment should be checked against the page image before exact quotation."
PKR-CLM-OT-031,Source record,EPH-0090,GT Pro 4 specification sheet,https://article134-tech.github.io/lititzbmx-public-knowledge-register/records/EPH-0090/,INCLUDED — indexed issue text; visual comparison pending.,PreviousPage exposes indexed text for BMX Action Bike — June/July 1982 — Volume 2 Number 2. This record preserves an issue-specific source occurrence and paraphrased factual details. Page-image comparison remains required before exact-layout quotation or visual identity merging.
PKR-CLM-OT-031,Source record,EPH-0091,Bermology track-building guide,https://article134-tech.github.io/lititzbmx-public-knowledge-register/records/EPH-0091/,INCLUDED — indexed issue text; visual comparison pending.,PreviousPage exposes indexed text for BMX Action Bike — June/July 1982 — Volume 2 Number 2. This record preserves an issue-specific source occurrence and paraphrased factual details. Page-image comparison remains required before exact-layout quotation or visual identity merging.
PKR-CLM-OT-031,Source record,EPH-0100,Oakley O/20 goggle product notice,https://article134-tech.github.io/lititzbmx-public-knowledge-register/records/EPH-0100/,INCLUDED — indexed issue text; visual comparison pending.,PreviousPage exposes indexed text for BMX Action Bike — June/July 1982 — Volume 2 Number 2. This record preserves an issue-specific source occurrence and paraphrased factual details. Page-image comparison remains required before exact-layout quotation or visual identity merging.
PKR-CLM-OT-031,Source record,EPH-0102,Renthal wide-rise handlebar range,https://article134-tech.github.io/lititzbmx-public-knowledge-register/records/EPH-0102/,INCLUDED — indexed issue text; visual comparison pending.,PreviousPage exposes indexed text for BMX Action Bike — June/July 1982 — Volume 2 Number 2. This record preserves an issue-specific source occurrence and paraphrased factual details. Page-image comparison remains required before exact-layout quotation or visual identity merging.
PKR-CLM-OT-031,Source record,EPH-0108,UKBMX national rule-book notice,https://article134-tech.github.io/lititzbmx-public-knowledge-register/records/EPH-0108/,INCLUDED — indexed issue text; visual comparison pending.,PreviousPage exposes indexed text for BMX Action Bike — June/July 1982 — Volume 2 Number 2. This record preserves an issue-specific source occurrence and paraphrased factual details. Page-image comparison remains required before exact-layout quotation or visual identity merging.
PKR-CLM-OT-031,Source record,EPH-0117,Redline PL-20 Carrera complete-package advertisement,https://article134-tech.github.io/lititzbmx-public-knowledge-register/records/EPH-0117/,INCLUDED — indexed issue text; visual comparison pending.,PreviousPage exposes indexed text for BMX Action Bike — August/September 1982 — Volume 2 Number 3. This record preserves an issue-specific source occurrence and paraphrased factual details. Page-image comparison remains required before exact-layout quotation or visual identity merging.
PKR-CLM-OT-031,Source record,EPH-0118,Kuwahara frame-and-fork range advertisement,https://article134-tech.github.io/lititzbmx-public-knowledge-register/records/EPH-0118/,INCLUDED — indexed issue text; visual comparison pending.,PreviousPage exposes indexed text for BMX Action Bike — August/September 1982 — Volume 2 Number 3. This record preserves an issue-specific source occurrence and paraphrased factual details. Page-image comparison remains required before exact-layout quotation or visual identity merging.
PKR-CLM-OT-031,Source record,EPH-0123,March Racing Developments number-plate offer,https://article134-tech.github.io/lititzbmx-public-knowledge-register/records/EPH-0123/,INCLUDED — indexed issue text; visual comparison pending.,PreviousPage exposes indexed text for BMX Action Bike — August/September 1982 — Volume 2 Number 3. This record preserves an issue-specific source occurrence and paraphrased factual details. Page-image comparison remains required before exact-layout quotation or visual identity merging.
PKR-CLM-OT-031,Source record,EPH-0128,Cooper convertible BMX helmet mailer,https://article134-tech.github.io/lititzbmx-public-knowledge-register/records/EPH-0128/,INCLUDED — indexed issue text; visual comparison pending.,PreviousPage exposes indexed text for BMX Action Bike — August/September 1982 — Volume 2 Number 3. This record preserves an issue-specific source occurrence and paraphrased factual details. Page-image comparison remains required before exact-layout quotation or visual identity merging.
PKR-CLM-OT-031,Source record,EPH-0130,Araya aerodynamic sew-up race-wheel note,https://article134-tech.github.io/lititzbmx-public-knowledge-register/records/EPH-0130/,INCLUDED — indexed issue text; visual comparison pending.,PreviousPage exposes indexed text for BMX Action Bike — August/September 1982 — Volume 2 Number 3. This record preserves an issue-specific source occurrence and paraphrased factual details. Page-image comparison remains required before exact-layout quotation or visual identity merging.
PKR-CLM-OT-031,Source record,EPH-0132,Patterson chromoly frame-and-fork advertisement,https://article134-tech.github.io/lititzbmx-public-knowledge-register/records/EPH-0132/,INCLUDED — indexed issue text; visual comparison pending.,PreviousPage exposes indexed text for BMX Action Bike — August/September 1982 — Volume 2 Number 3. This record preserves an issue-specific source occurrence and paraphrased factual details. Page-image comparison remains required before exact-layout quotation or visual identity merging.
PKR-CLM-OT-031,Source record,EPH-0134,SJK Hurricane distributor announcement,https://article134-tech.github.io/lititzbmx-public-knowledge-register/records/EPH-0134/,INCLUDED — indexed issue text; visual comparison pending.,PreviousPage exposes indexed text for BMX Action Bike — August/September 1982 — Volume 2 Number 3. This record preserves an issue-specific source occurrence and paraphrased factual details. Page-image comparison remains required before exact-layout quotation or visual identity merging.
PKR-CLM-OT-031,Source record,EPH-0143,Adjustable car cycle-rack advertisement,https://article134-tech.github.io/lititzbmx-public-knowledge-register/records/EPH-0143/,INCLUDED — indexed issue text; visual comparison pending.,PreviousPage exposes indexed text for BMX Action Bike — October/November 1982 — Volume 2 Number 4. This record preserves an issue-specific source occurrence and paraphrased factual details. Page-image comparison remains required before exact-layout quotation or visual identity merging.
PKR-CLM-OT-031,Source record,EPH-0155,ABMX race nutrition and training article,https://article134-tech.github.io/lititzbmx-public-knowledge-register/records/EPH-0155/,INCLUDED — indexed issue text; visual comparison pending.,PreviousPage exposes indexed text for BMX Action Bike — October/November 1982 — Volume 2 Number 4. This record preserves an issue-specific source occurrence and paraphrased factual details. Page-image comparison remains required before exact-layout quotation or visual identity merging.
PKR-CLM-OT-031,Source record,EPH-0164,SunTour HB-6000 reversible rear-hub product literature,https://article134-tech.github.io/lititzbmx-public-knowledge-register/records/EPH-0164/,INCLUDED — indexed issue text; visual comparison pending.,PreviousPage exposes indexed text for BMX Action Bike — October/November 1982 — Volume 2 Number 4. This record preserves an issue-specific source occurrence and paraphrased factual details. Page-image comparison remains required before exact-layout quotation or visual identity merging.
PKR-CLM-OT-031,Source record,EPH-0165,Troxel Comet saddle-and-post advertisement,https://article134-tech.github.io/lititzbmx-public-knowledge-register/records/EPH-0165/,INCLUDED — indexed issue text; visual comparison pending.,PreviousPage exposes indexed text for BMX Action Bike — October/November 1982 — Volume 2 Number 4. This record preserves an issue-specific source occurrence and paraphrased factual details. Page-image comparison remains required before exact-layout quotation or visual identity merging.
PKR-CLM-OT-031,Source record,EPH-0166,Shimano DX platform-pedal advertisement,https://article134-tech.github.io/lititzbmx-public-knowledge-register/records/EPH-0166/,INCLUDED — indexed issue text; visual comparison pending.,PreviousPage exposes indexed text for BMX Action Bike — December 1982/January 1983 — Volume 2 Number 5. This record preserves an issue-specific source occurrence and paraphrased factual details. Page-image comparison remains required before exact-layout quotation or visual identity merging.
PKR-CLM-OT-031,Source record,EPH-0180,Asahi Action Spokes product advertisement,https://article134-tech.github.io/lititzbmx-public-knowledge-register/records/EPH-0180/,INCLUDED — indexed issue text; visual comparison pending.,PreviousPage exposes indexed text for BMX Action Bike — December 1982/January 1983 — Volume 2 Number 5. This record preserves an issue-specific source occurrence and paraphrased factual details. Page-image comparison remains required before exact-layout quotation or visual identity merging.
PKR-CLM-OT-031,Source record,EPH-0200,Araya ADX-7W aero-rim product notice,https://article134-tech.github.io/lititzbmx-public-knowledge-register/records/EPH-0200/,INCLUDED — indexed issue text; visual comparison pending.,PreviousPage exposes indexed text for BMX Action Bike — February/March 1983 — Volume 2 Number 6. This record preserves an issue-specific source occurrence and paraphrased factual details. Page-image comparison remains required before exact-layout quotation or visual identity merging.
PKR-CLM-OT-031,Source record,EPH-0201,Naga chromoly and fluted-alloy seatpost range,https://article134-tech.github.io/lititzbmx-public-knowledge-register/records/EPH-0201/,INCLUDED — indexed issue text; visual comparison pending.,PreviousPage exposes indexed text for BMX Action Bike — February/March 1983 — Volume 2 Number 6. This record preserves an issue-specific source occurrence and paraphrased factual details. Page-image comparison remains required before exact-layout quotation or visual identity merging.
PKR-CLM-OT-031,Source record,EPH-0202,MKS BM-10 and Grafight-X pedal range,https://article134-tech.github.io/lititzbmx-public-knowledge-register/records/EPH-0202/,INCLUDED — indexed issue text; visual comparison pending.,PreviousPage exposes indexed text for BMX Action Bike — February/March 1983 — Volume 2 Number 6. This record preserves an issue-specific source occurrence and paraphrased factual details. Page-image comparison remains required before exact-layout quotation or visual identity merging.
PKR-CLM-OT-031,Source record,EPH-0207,Cycle Trader BMX retail survey issue advertisement,https://article134-tech.github.io/lititzbmx-public-knowledge-register/records/EPH-0207/,INCLUDED — indexed issue text; visual comparison pending.,PreviousPage exposes indexed text for BMX Action Bike — February/March 1983 — Volume 2 Number 6. This record preserves an issue-specific source occurrence and paraphrased factual details. Page-image comparison remains required before exact-layout quotation or visual identity merging.
PKR-CLM-OT-031,Source record,EPH-0211,Mongoose Pro Class lightweight wheel system,https://article134-tech.github.io/lititzbmx-public-knowledge-register/records/EPH-0211/,INCLUDED — indexed issue text; visual comparison pending.,PreviousPage exposes indexed text for BMX Action Bike — February/March 1983 — Volume 2 Number 6. This record preserves an issue-specific source occurrence and paraphrased factual details. Page-image comparison remains required before exact-layout quotation or visual identity merging.
PKR-CLM-OT-031,Source record,EPH-0217,Hadley precision bottom-bracket listing,https://article134-tech.github.io/lititzbmx-public-knowledge-register/records/EPH-0217/,INCLUDED — indexed issue text; visual comparison pending.,PreviousPage exposes indexed text for BMX Action Bike — February/March 1983 — Volume 2 Number 6. This record preserves an issue-specific source occurrence and paraphrased factual details. Page-image comparison remains required before exact-layout quotation or visual identity merging.
PKR-CLM-OT-031,Source record,EPH-0219,Redline Flight Cranks 401 Series listing,https://article134-tech.github.io/lititzbmx-public-knowledge-register/records/EPH-0219/,INCLUDED — indexed issue text; visual comparison pending.,PreviousPage exposes indexed text for BMX Action Bike — February/March 1983 — Volume 2 Number 6. This record preserves an issue-specific source occurrence and paraphrased factual details. Page-image comparison remains required before exact-layout quotation or visual identity merging.
PKR-CLM-OT-031,Source record,EPH-0220,Vans Style 95 BMX shoe listing,https://article134-tech.github.io/lititzbmx-public-knowledge-register/records/EPH-0220/,INCLUDED — indexed issue text; visual comparison pending.,PreviousPage exposes indexed text for BMX Action Bike — February/March 1983 — Volume 2 Number 6. This record preserves an issue-specific source occurrence and paraphrased factual details. Page-image comparison remains required before exact-layout quotation or visual identity merging.
PKR-CLM-OT-031,Source record,EPH-0222,California Lite pad-system advertisement,https://article134-tech.github.io/lititzbmx-public-knowledge-register/records/EPH-0222/,INCLUDED — indexed issue text; visual comparison pending.,PreviousPage exposes indexed text for BMX Action Bike — April/May 1983 — Volume 2 Number 7. This record preserves an issue-specific source occurrence and paraphrased factual details. Page-image comparison remains required before exact-layout quotation or visual identity merging.
PKR-CLM-OT-031,Source record,EPH-0223,Strongs headset-bearing protector offer,https://article134-tech.github.io/lititzbmx-public-knowledge-register/records/EPH-0223/,INCLUDED — indexed issue text; visual comparison pending.,PreviousPage exposes indexed text for BMX Action Bike — April/May 1983 — Volume 2 Number 7. This record preserves an issue-specific source occurrence and paraphrased factual details. Page-image comparison remains required before exact-layout quotation or visual identity merging.
PKR-CLM-OT-031,Source record,EPH-0230,Harry Leary and Andy Patterson starting guide,https://article134-tech.github.io/lititzbmx-public-knowledge-register/records/EPH-0230/,INCLUDED — indexed issue text; visual comparison pending.,PreviousPage exposes indexed text for BMX Action Bike — April/May 1983 — Volume 2 Number 7. This record preserves an issue-specific source occurrence and paraphrased factual details. Page-image comparison remains required before exact-layout quotation or visual identity merging.
PKR-CLM-OT-031,Source record,EPH-0231,Haro Freestyle Moves equipment chapter,https://article134-tech.github.io/lititzbmx-public-knowledge-register/records/EPH-0231/,INCLUDED — indexed issue text; visual comparison pending.,PreviousPage exposes indexed text for BMX Action Bike — April/May 1983 — Volume 2 Number 7. This record preserves an issue-specific source occurrence and paraphrased factual details. Page-image comparison remains required before exact-layout quotation or visual identity merging.
PKR-CLM-OT-031,Source record,EPH-0243,Huffy Pro Lightning specification and retail-price record,https://article134-tech.github.io/lititzbmx-public-knowledge-register/records/EPH-0243/,INCLUDED — indexed issue text; visual comparison pending.,PreviousPage exposes indexed text for BMX Action Bike — April/May 1983 — Volume 2 Number 7. This record preserves an issue-specific source occurrence and paraphrased factual details. Page-image comparison remains required before exact-layout quotation or visual identity merging.
PKR-CLM-OT-031,Source record,EPH-0246,Lee Cooper Ready to Go BMX video,https://article134-tech.github.io/lititzbmx-public-knowledge-register/records/EPH-0246/,INCLUDED — indexed issue text; visual comparison pending.,PreviousPage exposes indexed text for BMX Action Bike — April/May 1983 — Volume 2 Number 7. This record preserves an issue-specific source occurrence and paraphrased factual details. Page-image comparison remains required before exact-layout quotation or visual identity merging.
PKR-CLM-OT-031,Source record,EPH-0247,USA professional BMX action video,https://article134-tech.github.io/lititzbmx-public-knowledge-register/records/EPH-0247/,INCLUDED — indexed issue text; visual comparison pending.,PreviousPage exposes indexed text for BMX Action Bike — April/May 1983 — Volume 2 Number 7. This record preserves an issue-specific source occurrence and paraphrased factual details. Page-image comparison remains required before exact-layout quotation or visual identity merging.
PKR-CLM-OT-032,Source record,EPH-0043,PK Ripper late-1970s debut,https://article134-tech.github.io/lititzbmx-public-knowledge-register/records/EPH-0043/,INCLUDED WITH ATTRIBUTION,"Current marketing history supports a broad debut claim, not an exact first advertisement or catalog page."
PKR-CLM-OT-032,Source record,EPH-0073,Diamond Back Silver Streak test report and projected retail price,https://article134-tech.github.io/lititzbmx-public-knowledge-register/records/EPH-0073/,INCLUDED — indexed issue text; verify page image before exact-layout quotation.,"PreviousPage exposes indexed text for BMX Action Bike, April/May 1982, Volume 2 Number 1. This record preserves the source occurrence and paraphrased factual details; visual layout and OCR alignment should be checked against the page image before exact quotation."
PKR-CLM-OT-032,Source record,EPH-0087,Guisborough national race report,https://article134-tech.github.io/lititzbmx-public-knowledge-register/records/EPH-0087/,INCLUDED — indexed issue text; visual comparison pending.,PreviousPage exposes indexed text for BMX Action Bike — June/July 1982 — Volume 2 Number 2. This record preserves an issue-specific source occurrence and paraphrased factual details. Page-image comparison remains required before exact-layout quotation or visual identity merging.
PKR-CLM-OT-032,Source record,EPH-0089,GT Pro 4 road and race test,https://article134-tech.github.io/lititzbmx-public-knowledge-register/records/EPH-0089/,INCLUDED — indexed issue text; visual comparison pending.,PreviousPage exposes indexed text for BMX Action Bike — June/July 1982 — Volume 2 Number 2. This record preserves an issue-specific source occurrence and paraphrased factual details. Page-image comparison remains required before exact-layout quotation or visual identity merging.
PKR-CLM-OT-032,Source record,EPH-0094,Neal Stevens State of the Art feature,https://article134-tech.github.io/lititzbmx-public-knowledge-register/records/EPH-0094/,INCLUDED — indexed issue text; visual comparison pending.,PreviousPage exposes indexed text for BMX Action Bike — June/July 1982 — Volume 2 Number 2. This record preserves an issue-specific source occurrence and paraphrased factual details. Page-image comparison remains required before exact-layout quotation or visual identity merging.
PKR-CLM-OT-032,Source record,EPH-0105,Race Inc Aero special feature,https://article134-tech.github.io/lititzbmx-public-knowledge-register/records/EPH-0105/,INCLUDED — indexed issue text; visual comparison pending.,PreviousPage exposes indexed text for BMX Action Bike — June/July 1982 — Volume 2 Number 2. This record preserves an issue-specific source occurrence and paraphrased factual details. Page-image comparison remains required before exact-layout quotation or visual identity merging.
PKR-CLM-OT-032,Source record,EPH-0106,SJK British chromoly race-bike test,https://article134-tech.github.io/lititzbmx-public-knowledge-register/records/EPH-0106/,INCLUDED — indexed issue text; visual comparison pending.,PreviousPage exposes indexed text for BMX Action Bike — June/July 1982 — Volume 2 Number 2. This record preserves an issue-specific source occurrence and paraphrased factual details. Page-image comparison remains required before exact-layout quotation or visual identity merging.
PKR-CLM-OT-032,Source record,EPH-0113,Home-built Diamond Back II project letter,https://article134-tech.github.io/lititzbmx-public-knowledge-register/records/EPH-0113/,INCLUDED — indexed issue text; visual comparison pending.,PreviousPage exposes indexed text for BMX Action Bike — August/September 1982 — Volume 2 Number 3. This record preserves an issue-specific source occurrence and paraphrased factual details. Page-image comparison remains required before exact-layout quotation or visual identity merging.
PKR-CLM-OT-032,Source record,EPH-0115,ACS experimental 26-inch Z-rim production note,https://article134-tech.github.io/lititzbmx-public-knowledge-register/records/EPH-0115/,INCLUDED — indexed issue text; visual comparison pending.,PreviousPage exposes indexed text for BMX Action Bike — August/September 1982 — Volume 2 Number 3. This record preserves an issue-specific source occurrence and paraphrased factual details. Page-image comparison remains required before exact-layout quotation or visual identity merging.
PKR-CLM-OT-032,Source record,EPH-0120,PK Ripper editorial test,https://article134-tech.github.io/lititzbmx-public-knowledge-register/records/EPH-0120/,INCLUDED — indexed issue text; visual comparison pending.,PreviousPage exposes indexed text for BMX Action Bike — August/September 1982 — Volume 2 Number 3. This record preserves an issue-specific source occurrence and paraphrased factual details. Page-image comparison remains required before exact-layout quotation or visual identity merging.
PKR-CLM-OT-032,Source record,EPH-0121,Ammaco BMX thrash test,https://article134-tech.github.io/lititzbmx-public-knowledge-register/records/EPH-0121/,INCLUDED — indexed issue text; visual comparison pending.,PreviousPage exposes indexed text for BMX Action Bike — August/September 1982 — Volume 2 Number 3. This record preserves an issue-specific source occurrence and paraphrased factual details. Page-image comparison remains required before exact-layout quotation or visual identity merging.
PKR-CLM-OT-032,Source record,EPH-0131,Profile mini BMX build feature,https://article134-tech.github.io/lititzbmx-public-knowledge-register/records/EPH-0131/,INCLUDED — indexed issue text; visual comparison pending.,PreviousPage exposes indexed text for BMX Action Bike — August/September 1982 — Volume 2 Number 3. This record preserves an issue-specific source occurrence and paraphrased factual details. Page-image comparison remains required before exact-layout quotation or visual identity merging.
PKR-CLM-OT-032,Source record,EPH-0149,E.T. film and Kuwahara bicycle feature,https://article134-tech.github.io/lititzbmx-public-knowledge-register/records/EPH-0149/,INCLUDED — indexed issue text; visual comparison pending.,PreviousPage exposes indexed text for BMX Action Bike — October/November 1982 — Volume 2 Number 4. This record preserves an issue-specific source occurrence and paraphrased factual details. Page-image comparison remains required before exact-layout quotation or visual identity merging.
PKR-CLM-OT-032,Source record,EPH-0157,Huffy Pro Lightning preview,https://article134-tech.github.io/lititzbmx-public-knowledge-register/records/EPH-0157/,INCLUDED — indexed issue text; visual comparison pending.,PreviousPage exposes indexed text for BMX Action Bike — October/November 1982 — Volume 2 Number 4. This record preserves an issue-specific source occurrence and paraphrased factual details. Page-image comparison remains required before exact-layout quotation or visual identity merging.
PKR-CLM-OT-032,Source record,EPH-0163,Haro number-plate heritage advertisement,https://article134-tech.github.io/lititzbmx-public-knowledge-register/records/EPH-0163/,INCLUDED — indexed issue text; visual comparison pending.,PreviousPage exposes indexed text for BMX Action Bike — October/November 1982 — Volume 2 Number 4. This record preserves an issue-specific source occurrence and paraphrased factual details. Page-image comparison remains required before exact-layout quotation or visual identity merging.
PKR-CLM-OT-032,Source record,EPH-0187,Nine-bike shootout overview,https://article134-tech.github.io/lititzbmx-public-knowledge-register/records/EPH-0187/,INCLUDED — indexed issue text; visual comparison pending.,PreviousPage exposes indexed text for BMX Action Bike — December 1982/January 1983 — Volume 2 Number 5. This record preserves an issue-specific source occurrence and paraphrased factual details. Page-image comparison remains required before exact-layout quotation or visual identity merging.
PKR-CLM-OT-032,Source record,EPH-0188,Huffy Pro 2 shootout test,https://article134-tech.github.io/lititzbmx-public-knowledge-register/records/EPH-0188/,INCLUDED — indexed issue text; visual comparison pending.,PreviousPage exposes indexed text for BMX Action Bike — December 1982/January 1983 — Volume 2 Number 5. This record preserves an issue-specific source occurrence and paraphrased factual details. Page-image comparison remains required before exact-layout quotation or visual identity merging.
PKR-CLM-OT-032,Source record,EPH-0189,Cycle Pro Macho shootout test,https://article134-tech.github.io/lititzbmx-public-knowledge-register/records/EPH-0189/,INCLUDED — indexed issue text; visual comparison pending.,PreviousPage exposes indexed text for BMX Action Bike — December 1982/January 1983 — Volume 2 Number 5. This record preserves an issue-specific source occurrence and paraphrased factual details. Page-image comparison remains required before exact-layout quotation or visual identity merging.
PKR-CLM-OT-032,Source record,EPH-0190,Falcon BMX shootout test,https://article134-tech.github.io/lititzbmx-public-knowledge-register/records/EPH-0190/,INCLUDED — indexed issue text; visual comparison pending.,PreviousPage exposes indexed text for BMX Action Bike — December 1982/January 1983 — Volume 2 Number 5. This record preserves an issue-specific source occurrence and paraphrased factual details. Page-image comparison remains required before exact-layout quotation or visual identity merging.
PKR-CLM-OT-032,Source record,EPH-0191,California Star and Trax Pro comparison,https://article134-tech.github.io/lititzbmx-public-knowledge-register/records/EPH-0191/,INCLUDED — indexed issue text; visual comparison pending.,PreviousPage exposes indexed text for BMX Action Bike — December 1982/January 1983 — Volume 2 Number 5. This record preserves an issue-specific source occurrence and paraphrased factual details. Page-image comparison remains required before exact-layout quotation or visual identity merging.
PKR-CLM-OT-032,Source record,EPH-0209,Firebird British chromoly frame-set feature,https://article134-tech.github.io/lititzbmx-public-knowledge-register/records/EPH-0209/,INCLUDED — indexed issue text; visual comparison pending.,PreviousPage exposes indexed text for BMX Action Bike — February/March 1983 — Volume 2 Number 6. This record preserves an issue-specific source occurrence and paraphrased factual details. Page-image comparison remains required before exact-layout quotation or visual identity merging.
PKR-CLM-OT-032,Source record,EPH-0210,Mongoose Pro Class complete-bike test,https://article134-tech.github.io/lititzbmx-public-knowledge-register/records/EPH-0210/,INCLUDED — indexed issue text; visual comparison pending.,PreviousPage exposes indexed text for BMX Action Bike — February/March 1983 — Volume 2 Number 6. This record preserves an issue-specific source occurrence and paraphrased factual details. Page-image comparison remains required before exact-layout quotation or visual identity merging.
PKR-CLM-OT-032,Source record,EPH-0241,Huffy Pro Lightning complete-bike test,https://article134-tech.github.io/lititzbmx-public-knowledge-register/records/EPH-0241/,INCLUDED — indexed issue text; visual comparison pending.,PreviousPage exposes indexed text for BMX Action Bike — April/May 1983 — Volume 2 Number 7. This record preserves an issue-specific source occurrence and paraphrased factual details. Page-image comparison remains required before exact-layout quotation or visual identity merging.
PKR-CLM-OT-033,Source record,EPH-0016,JMC 3.1 XL naming-contest announcement,https://article134-tech.github.io/lititzbmx-public-knowledge-register/records/EPH-0016/,Lead — locate the ABA paper issue and announcement; do not imply an exact scan has been found.,JMC's first-party history states the contest ran with Bicycle Harbor of Arizona in the ABA paper and that Matt Raymer supplied the winning name. The announcement itself is not yet located.
PKR-CLM-OT-034,Source record,EPH-0044,Perry Kramer initials on PK Ripper,https://article134-tech.github.io/lititzbmx-public-knowledge-register/records/EPH-0044/,INCLUDED — relationship evidence,First-person statement supports the relationship; catalog/advertisement evidence remains separate.
PKR-CLM-OT-034,Source record,EPH-0092,Keith Wilson Redline rider profile,https://article134-tech.github.io/lititzbmx-public-knowledge-register/records/EPH-0092/,INCLUDED — indexed issue text; visual comparison pending.,PreviousPage exposes indexed text for BMX Action Bike — June/July 1982 — Volume 2 Number 2. This record preserves an issue-specific source occurrence and paraphrased factual details. Page-image comparison remains required before exact-layout quotation or visual identity merging.
PKR-CLM-OT-035,Source record,EPH-0015,1981 JMC Factory Team advertisement,https://article134-tech.github.io/lititzbmx-public-knowledge-register/records/EPH-0015/,Included — identify publication/issue and riders shown before detailed extraction.,"The first-party archive confirms the object title and year. Publication, month, issue and complete rider identifications remain unresolved."
PKR-CLM-OT-036,Source record,EPH-0045,Silver Streak team advertisement and product naming,https://article134-tech.github.io/lititzbmx-public-knowledge-register/records/EPH-0045/,INCLUDED — campaign object,Repeated issues support campaign continuity; exact original US placement and complete copy are not reproduced.
PKR-CLM-OT-036,Source record,EPH-0096,GT racing and dealer advertisement,https://article134-tech.github.io/lititzbmx-public-knowledge-register/records/EPH-0096/,INCLUDED — indexed issue text; visual comparison pending.,PreviousPage exposes indexed text for BMX Action Bike — June/July 1982 — Volume 2 Number 2. This record preserves an issue-specific source occurrence and paraphrased factual details. Page-image comparison remains required before exact-layout quotation or visual identity merging.
PKR-CLM-OT-036,Source record,EPH-0154,Team Mongoose factory-direct value advertisement,https://article134-tech.github.io/lititzbmx-public-knowledge-register/records/EPH-0154/,INCLUDED — indexed issue text; visual comparison pending.,PreviousPage exposes indexed text for BMX Action Bike — October/November 1982 — Volume 2 Number 4. This record preserves an issue-specific source occurrence and paraphrased factual details. Page-image comparison remains required before exact-layout quotation or visual identity merging.
PKR-CLM-OT-037,Source record,EPH-0058,DYNO Tour promotional stop listing,https://article134-tech.github.io/lititzbmx-public-knowledge-register/records/EPH-0058/,INCLUDED — stops pending,People: Tour riders not fully extracted; Venue: Multiple stops; exact venues not itemized; Offer: Publicity listing of stops and route context
PKR-CLM-DECADE-1970S,Source record,EPH-0006,Ashtabula component catalog,https://article134-tech.github.io/lititzbmx-public-knowledge-register/records/EPH-0006/,Exact reference recovered — inspect edition/page structure only through permitted access.,Two independent technical discussions cite the exact BMXMuseum reference 5027 and describe catalog fork data. The edition date remains approximate.
PKR-CLM-DECADE-1970S,Source record,EPH-0009,First Torker advertisement in BMX Weekly,https://article134-tech.github.io/lititzbmx-public-knowledge-register/records/EPH-0009/,Priority — locate the period issue and ad image lawfully.,Current official Torker history states the first ad date; the actual BMXMuseum object and magazine page remain to be located.
PKR-CLM-DECADE-1970S,Source record,EPH-0010,First Red Line magazine advertisement featuring John Palfreyman,https://article134-tech.github.io/lititzbmx-public-knowledge-register/records/EPH-0010/,"Priority — identify magazine, issue, page and product shown.",USA BMX officially states Palfreyman appeared in the first Red Line magazine ad; exact publication/date/page still need recovery.
PKR-CLM-DECADE-1970S,Source record,EPH-0013,July 1979 JMC advertisement,https://article134-tech.github.io/lititzbmx-public-knowledge-register/records/EPH-0013/,Included — index metadata; do not reproduce image or extended copy.,JMC's historical archive identifies the source as the July 1979 Bicycle Motocross Action issue and says the advertisement appeared over many months. Page and full copy are not transcribed.
PKR-CLM-DECADE-1970S,Source record,EPH-0031,Ashtabula component catalog,https://article134-tech.github.io/lititzbmx-public-knowledge-register/records/EPH-0031/,EXACT ID RECOVERED,Two technical discussions independently cite reference 5027; the edition date remains approximate.
PKR-CLM-DECADE-1970S,Source record,EPH-0032,Ashtabula crank length range,https://article134-tech.github.io/lititzbmx-public-knowledge-register/records/EPH-0032/,INCLUDED WITH ATTRIBUTION,"This is an externally interpreted catalog fact, not direct page transcription in this research route."
PKR-CLM-DECADE-1970S,Source record,EPH-0033,Ashtabula fork sizing and 6-3/4-inch steerer discussion,https://article134-tech.github.io/lititzbmx-public-knowledge-register/records/EPH-0033/,INCLUDED WITH ATTRIBUTION,Technical interpretation depends on the cited discussion; retain attribution and do not generalize beyond the described page.
PKR-CLM-DECADE-1970S,Source record,EPH-0034,Mongoose 1979/80 catalog — Ashtabula one-piece cranks,https://article134-tech.github.io/lititzbmx-public-knowledge-register/records/EPH-0034/,INCLUDED — visual page inspected,"Page image was inspected in this research sequence. It corroborates product presence, not the edition/date of reference 5027."
PKR-CLM-DECADE-1970S,Source record,EPH-0035,Mongoose 1976–77 accessories — Ashtabula/Cecor pedals,https://article134-tech.github.io/lititzbmx-public-knowledge-register/records/EPH-0035/,INCLUDED — visual page inspected,Page image was inspected; exact OEM/branding relationship requires separate corporate verification.
PKR-CLM-DECADE-1970S,Source record,EPH-0036,1978 Redline product catalog,https://article134-tech.github.io/lititzbmx-public-knowledge-register/records/EPH-0036/,INCLUDED WITH ATTRIBUTION,Current historical archive summarizes the catalog; original page structure and BMXMuseum ID remain open.
PKR-CLM-DECADE-1970S,Source record,EPH-0037,First Red Line magazine advertisement featuring John Palfreyman,https://article134-tech.github.io/lititzbmx-public-knowledge-register/records/EPH-0037/,OPEN — exact issue/page,"USA BMX supports the rider/ad relationship; publication, issue, page and product still require recovery."
PKR-CLM-DECADE-1970S,Source record,EPH-0039,Vintage Mongoose catalog and dealer-price archive,https://article134-tech.github.io/lititzbmx-public-knowledge-register/records/EPH-0039/,INCLUDED — discovery hub,Archive stewardship does not automatically grant republication rights for each scan.
PKR-CLM-DECADE-1970S,Source record,EPH-0040,1976–77 Bicycle and Components Catalog,https://article134-tech.github.io/lititzbmx-public-knowledge-register/records/EPH-0040/,INCLUDED — page inspected,Page images may be inspected for facts; the scan is not embedded or republished.
PKR-CLM-DECADE-1970S,Source record,EPH-0041,1979/80 Bicycle and Components Catalog,https://article134-tech.github.io/lititzbmx-public-knowledge-register/records/EPH-0041/,INCLUDED — page inspected,Catalog date is printed on cover; page-specific claims remain tied to inspected pages.
PKR-CLM-DECADE-1970S,Source record,EPH-0043,PK Ripper late-1970s debut,https://article134-tech.github.io/lititzbmx-public-knowledge-register/records/EPH-0043/,INCLUDED WITH ATTRIBUTION,"Current marketing history supports a broad debut claim, not an exact first advertisement or catalog page."
PKR-CLM-DECADE-1970S,Source record,EPH-0044,Perry Kramer initials on PK Ripper,https://article134-tech.github.io/lititzbmx-public-knowledge-register/records/EPH-0044/,INCLUDED — relationship evidence,First-person statement supports the relationship; catalog/advertisement evidence remains separate.
PKR-CLM-DECADE-1970S,Source record,EPH-0047,First Torker advertisement in BMX Weekly,https://article134-tech.github.io/lititzbmx-public-knowledge-register/records/EPH-0047/,OPEN — period issue/page,Official Torker history supplies the date; period issue/page and exact image remain to be recovered.
PKR-CLM-DECADE-1970S,Source record,EPH-0048,Fullerton-era Torker model archive,https://article134-tech.github.io/lititzbmx-public-knowledge-register/records/EPH-0048/,INCLUDED — discovery and verification hub,Modern official synthesis draws from BMXMuseum and period magazines; each underlying claim should retain source attribution.
PKR-CLM-DECADE-1970S,Source record,EPH-0049,1979 National Number One team / 1980 world-pro chronology,https://article134-tech.github.io/lititzbmx-public-knowledge-register/records/EPH-0049/,INCLUDED WITH ATTRIBUTION,Modern historical synthesis should be cross-checked against period result and team-ad objects.
PKR-CLM-DECADE-1980S,Source record,EPH-0005,1987 Dia-Compe 182 Aerial Brake Lever,https://article134-tech.github.io/lititzbmx-public-knowledge-register/records/EPH-0005/,"Lead — identify publication, page and exact BMXMuseum reference.","Indexed title only; the object may be a catalog page, advertisement or product reference."
PKR-CLM-DECADE-1980S,Source record,EPH-0008,Tioga Rhino III frame advertisement,https://article134-tech.github.io/lititzbmx-public-knowledge-register/records/EPH-0008/,"Lead — recover exact thread, magazine issue and page.",An external old-school BMX advertisement blog links to an unresolved BMXMuseum forum discussion. The original ad and publication must be identified.
PKR-CLM-DECADE-1980S,Source record,EPH-0014,April 1981 JMC advertisement,https://article134-tech.github.io/lititzbmx-public-knowledge-register/records/EPH-0014/,Included — preserve claim-level evidence and recover page/issue details.,"The JMC archive identifies Super BMX as the publication and summarizes several claims. Exact page, repeated issues and full advertisement copy remain unresolved."
PKR-CLM-DECADE-1980S,Source record,EPH-0015,1981 JMC Factory Team advertisement,https://article134-tech.github.io/lititzbmx-public-knowledge-register/records/EPH-0015/,Included — identify publication/issue and riders shown before detailed extraction.,"The first-party archive confirms the object title and year. Publication, month, issue and complete rider identifications remain unresolved."
PKR-CLM-DECADE-1980S,Source record,EPH-0016,JMC 3.1 XL naming-contest announcement,https://article134-tech.github.io/lititzbmx-public-knowledge-register/records/EPH-0016/,Lead — locate the ABA paper issue and announcement; do not imply an exact scan has been found.,JMC's first-party history states the contest ran with Bicycle Harbor of Arizona in the ABA paper and that Matt Raymer supplied the winning name. The announcement itself is not yet located.
PKR-CLM-DECADE-1980S,Source record,EPH-0020,Dynamic BMX complete-bike price advertisement,https://article134-tech.github.io/lititzbmx-public-knowledge-register/records/EPH-0020/,INCLUDED — clear prices only,"OCR is uneven. Only clearly legible model/price pairs are preserved; prices are retailer advertisements, not manufacturer MSRP."
PKR-CLM-DECADE-1980S,Source record,EPH-0021,Complete-bike mail-order price advertisement,https://article134-tech.github.io/lititzbmx-public-knowledge-register/records/EPH-0021/,INCLUDED — clear prices only,OCR is uneven; the four GT rows retained here are clear enough for a price observation but remain retailer prices.
PKR-CLM-DECADE-1980S,Source record,EPH-0022,BMX Plus! / GT Hide-A-Contest entry form,https://article134-tech.github.io/lititzbmx-public-knowledge-register/records/EPH-0022/,INCLUDED — bibliographic facts; prize details open,The indexed page exposes deadline and drawing dates; prize/object details require page-image inspection.
PKR-CLM-DECADE-1980S,Source record,EPH-0038,RL 20 II Prostyler first dedicated freestyle kit,https://article134-tech.github.io/lititzbmx-public-knowledge-register/records/EPH-0038/,INCLUDED WITH ATTRIBUTION,Modern historical page summarizes the launch; period advertisement/catalog page remains to be located.
PKR-CLM-DECADE-1980S,Source record,EPH-0042,1985 Repco price list — Mongoose and parts,https://article134-tech.github.io/lititzbmx-public-knowledge-register/records/EPH-0042/,INCLUDED WITH CURRENCY CAUTION,Public summary exposes selected prices; currency is likely AUD from Australian context but should be verified from the scan.
PKR-CLM-DECADE-1980S,Source record,EPH-0045,Silver Streak team advertisement and product naming,https://article134-tech.github.io/lititzbmx-public-knowledge-register/records/EPH-0045/,INCLUDED — campaign object,Repeated issues support campaign continuity; exact original US placement and complete copy are not reproduced.
PKR-CLM-DECADE-1980S,Source record,EPH-0046,Free Diamond Back and Pro Star info pack and decal,https://article134-tech.github.io/lititzbmx-public-knowledge-register/records/EPH-0046/,INCLUDED — mailer/flyer lead,The offer is visible in multiple issues; contents of the pack are not recovered in this pass.
PKR-CLM-DECADE-1980S,Source record,EPH-0050,Pontin's BMX Open Championships & Trade Exhibition,https://article134-tech.github.io/lititzbmx-public-knowledge-register/records/EPH-0050/,INCLUDED — exact dates/venue,People: Mike Pardon; Andy Preston (freestyle demos referenced in surrounding promotion); Venue: Pontin's Middleton Tower Holiday Centre; Offer: Booking and trade forms offered; race weekend over three dates
PKR-CLM-DECADE-1980S,Source record,EPH-0051,Lee Cooper BMX Indoor Grand Prix pre-registration,https://article134-tech.github.io/lititzbmx-public-knowledge-register/records/EPH-0051/,INCLUDED — exact dates pending,People: Rider roster not fully extracted; Venue: Pickett's Lock Centre; Offer: Coupon requested latest information and pre-registration forms
PKR-CLM-DECADE-1980S,Source record,EPH-0052,AFA Expert & Pro Contest — Austin,https://article134-tech.github.io/lititzbmx-public-knowledge-register/records/EPH-0052/,INCLUDED,People: Dennis McCoy; Robert Peterson; Rick Allison; other pros; Venue: Austin City Coliseum; Offer: Pre-registration only; expert and pro classes
PKR-CLM-DECADE-1980S,Source record,EPH-0053,BMX Plus! / GT Hide-A-Contest,https://article134-tech.github.io/lititzbmx-public-knowledge-register/records/EPH-0053/,INCLUDED — prize details open,People: Not applicable; Venue: Mail-in entry; Offer: No purchase necessary; mail-in form with published deadline and drawing date
PKR-CLM-DECADE-1980S,Source record,EPH-0054,Diamond Back and Pro Star Info Pack & Decal,https://article134-tech.github.io/lititzbmx-public-knowledge-register/records/EPH-0054/,INCLUDED — contents unresolved,People: Diamond Back factory team / Harry Leary context in campaign copy; Venue: Direct-to-factory mail request; Offer: Free info pack and decal offered
PKR-CLM-DECADE-1980S,Source record,EPH-0056,Send SAE for price list and free sticker,https://article134-tech.github.io/lititzbmx-public-knowledge-register/records/EPH-0056/,INCLUDED WITH LIMITS,People: Not applicable; Venue: Mail-order dealer advertisement; Offer: Self-addressed envelope for price list and free sticker
PKR-CLM-DECADE-1980S,Source record,EPH-0057,"Ramp Jam — Moorhead, Minnesota",https://article134-tech.github.io/lititzbmx-public-knowledge-register/records/EPH-0057/,INCLUDED — venue open,People: Ramp riders; Venue: Venue not exposed in indexed text; Offer: Contact Rob Staiger for information
PKR-CLM-DECADE-1980S,Source record,EPH-0058,DYNO Tour promotional stop listing,https://article134-tech.github.io/lititzbmx-public-knowledge-register/records/EPH-0058/,INCLUDED — stops pending,People: Tour riders not fully extracted; Venue: Multiple stops; exact venues not itemized; Offer: Publicity listing of stops and route context
PKR-CLM-DECADE-1980S,Source record,EPH-0059,Diamond Back Silver Streak free draw at Lee Cooper event,https://article134-tech.github.io/lititzbmx-public-knowledge-register/records/EPH-0059/,INCLUDED,People: Event attendees; Venue: Lee Cooper BMX Indoor Grand Prix context; Offer: Free draw each day for riders attending
PKR-CLM-DECADE-1980S,Source record,EPH-0060,Langsett Cycles BMX product advertisement,https://article134-tech.github.io/lititzbmx-public-knowledge-register/records/EPH-0060/,INCLUDED — deeper transcription deferred,People: Not applicable; Venue: Langsett Cycles; Offer: Retail prices and carriage terms; broad product inventory
PKR-CLM-DECADE-1980S,Source record,EPH-0061,SR Cycles product and team promotion,https://article134-tech.github.io/lititzbmx-public-knowledge-register/records/EPH-0061/,INCLUDED,People: SR Jets; Venue: SR Cycles; Offer: Free SR Jets race shirt with each bike bought through end of October; money-order hold offer
PKR-CLM-DECADE-1980S,Source record,EPH-0062,Midlands Cycles BMX mail-order special offers,https://article134-tech.github.io/lititzbmx-public-knowledge-register/records/EPH-0062/,INCLUDED — indexed issue text; verify page image before exact-layout quotation.,Start Year is 1982.
PKR-CLM-DECADE-1980S,Source record,EPH-0063,Serval Marketing BMX product list and recommended-prices offer,https://article134-tech.github.io/lititzbmx-public-knowledge-register/records/EPH-0063/,INCLUDED — indexed issue text; verify page image before exact-layout quotation.,Start Year is 1982.
PKR-CLM-DECADE-1980S,Source record,EPH-0064,Strongs Cycles Kuwahara and Red Line frame/component advertisement,https://article134-tech.github.io/lititzbmx-public-knowledge-register/records/EPH-0064/,INCLUDED — indexed issue text; verify page image before exact-layout quotation.,Start Year is 1982.
PKR-CLM-DECADE-1980S,Source record,EPH-0065,Gecko BMX product range and free Redline/Kuwahara patch offer,https://article134-tech.github.io/lititzbmx-public-knowledge-register/records/EPH-0065/,INCLUDED — indexed issue text; verify page image before exact-layout quotation.,Start Year is 1982.
PKR-CLM-DECADE-1980S,Source record,EPH-0066,Hotshot BMX complete-bike special and free price-list/sticker offer,https://article134-tech.github.io/lititzbmx-public-knowledge-register/records/EPH-0066/,INCLUDED — indexed issue text; verify page image before exact-layout quotation.,Start Year is 1982.
PKR-CLM-DECADE-1980S,Source record,EPH-0067,BMX Action Bike London Dungeon caption competition,https://article134-tech.github.io/lititzbmx-public-knowledge-register/records/EPH-0067/,INCLUDED — indexed issue text; verify page image before exact-layout quotation.,Start Year is 1982.
PKR-CLM-DECADE-1980S,Source record,EPH-0068,BMX Action Bike GT Pro 4 bicycle giveaway,https://article134-tech.github.io/lititzbmx-public-knowledge-register/records/EPH-0068/,INCLUDED — indexed issue text; verify page image before exact-layout quotation.,Start Year is 1982.
PKR-CLM-DECADE-1980S,Source record,EPH-0069,Kenda Karate free sticker mailer,https://article134-tech.github.io/lititzbmx-public-knowledge-register/records/EPH-0069/,INCLUDED — indexed issue text; verify page image before exact-layout quotation.,Start Year is 1982.
PKR-CLM-DECADE-1980S,Source record,EPH-0070,BMX Action Bike track and club list mailer,https://article134-tech.github.io/lititzbmx-public-knowledge-register/records/EPH-0070/,INCLUDED — indexed issue text; verify page image before exact-layout quotation.,Start Year is 1982.
PKR-CLM-DECADE-1980S,Source record,EPH-0071,SJK Hurricane complete bike and frame-kit advertisement,https://article134-tech.github.io/lititzbmx-public-knowledge-register/records/EPH-0071/,INCLUDED — indexed issue text; verify page image before exact-layout quotation.,Start Year is 1982.
PKR-CLM-DECADE-1980S,Source record,EPH-0072,CAMM Power Stem dealer advertisement,https://article134-tech.github.io/lititzbmx-public-knowledge-register/records/EPH-0072/,INCLUDED — indexed issue text; verify page image before exact-layout quotation.,Start Year is 1982.
PKR-CLM-DECADE-1980S,Source record,EPH-0073,Diamond Back Silver Streak test report and projected retail price,https://article134-tech.github.io/lititzbmx-public-knowledge-register/records/EPH-0073/,INCLUDED — indexed issue text; verify page image before exact-layout quotation.,Start Year is 1982.
PKR-CLM-DECADE-1980S,Source record,EPH-0074,UKBMX membership and racing-licence application form,https://article134-tech.github.io/lititzbmx-public-knowledge-register/records/EPH-0074/,INCLUDED — indexed issue text; verify page image before exact-layout quotation.,Start Year is 1982.
PKR-CLM-DECADE-1980S,Source record,EPH-0075,BMX Action Bike back-issue mailer,https://article134-tech.github.io/lititzbmx-public-knowledge-register/records/EPH-0075/,INCLUDED — indexed issue text; verify page image before exact-layout quotation.,Start Year is 1982.
PKR-CLM-DECADE-1980S,Source record,EPH-0076,Stronglite prototype frame and fork announcement,https://article134-tech.github.io/lititzbmx-public-knowledge-register/records/EPH-0076/,INCLUDED — indexed issue text; verify page image before exact-layout quotation.,Start Year is 1982.
PKR-CLM-DECADE-1980S,Source record,EPH-0077,Prolite racing helmet retailer offer,https://article134-tech.github.io/lititzbmx-public-knowledge-register/records/EPH-0077/,INCLUDED — indexed issue text; verify page image before exact-layout quotation.,Start Year is 1982.
PKR-CLM-DECADE-1980S,Source record,EPH-0078,Pacer racing gloves retailer offer,https://article134-tech.github.io/lititzbmx-public-knowledge-register/records/EPH-0078/,INCLUDED — indexed issue text; verify page image before exact-layout quotation.,Start Year is 1982.
PKR-CLM-DECADE-1980S,Source record,EPH-0079,BMX Action Bike assorted sticker packet offer,https://article134-tech.github.io/lititzbmx-public-knowledge-register/records/EPH-0079/,INCLUDED — indexed issue text; verify page image before exact-layout quotation.,Start Year is 1982.
PKR-CLM-DECADE-1980S,Source record,EPH-0080,MX 1000 brake-pair and BMX catalogue offer,https://article134-tech.github.io/lititzbmx-public-knowledge-register/records/EPH-0080/,INCLUDED — indexed issue text; verify page image before exact-layout quotation.,Start Year is 1982.
PKR-CLM-DECADE-1980S,Source record,EPH-0081,Stadium Cycles Atomic Star range advertisement,https://article134-tech.github.io/lititzbmx-public-knowledge-register/records/EPH-0081/,INCLUDED — indexed issue text; visual comparison pending.,Start Year is 1982.
PKR-CLM-DECADE-1980S,Source record,EPH-0082,Ron Kitching BMX component-distributor brand list,https://article134-tech.github.io/lititzbmx-public-knowledge-register/records/EPH-0082/,INCLUDED — indexed issue text; visual comparison pending.,Start Year is 1982.
PKR-CLM-DECADE-1980S,Source record,EPH-0083,Raleigh Raceline event-listing service,https://article134-tech.github.io/lititzbmx-public-knowledge-register/records/EPH-0083/,INCLUDED — indexed issue text; visual comparison pending.,Start Year is 1982.
PKR-CLM-DECADE-1980S,Source record,EPH-0084,Halfords free BMX jersey promotion,https://article134-tech.github.io/lititzbmx-public-knowledge-register/records/EPH-0084/,INCLUDED — indexed issue text; visual comparison pending.,Start Year is 1982.
PKR-CLM-DECADE-1980S,Source record,EPH-0085,Hotshot BMX complete-bike special and petrol bonus,https://article134-tech.github.io/lititzbmx-public-knowledge-register/records/EPH-0085/,INCLUDED — indexed issue text; visual comparison pending.,Start Year is 1982.
PKR-CLM-DECADE-1980S,Source record,EPH-0086,Hotshot free price-list and sticker mailer,https://article134-tech.github.io/lititzbmx-public-knowledge-register/records/EPH-0086/,INCLUDED — indexed issue text; visual comparison pending.,Start Year is 1982.
PKR-CLM-DECADE-1980S,Source record,EPH-0087,Guisborough national race report,https://article134-tech.github.io/lititzbmx-public-knowledge-register/records/EPH-0087/,INCLUDED — indexed issue text; visual comparison pending.,Start Year is 1982.
PKR-CLM-DECADE-1980S,Source record,EPH-0088,Diamond Back northern-team sponsorship notice,https://article134-tech.github.io/lititzbmx-public-knowledge-register/records/EPH-0088/,INCLUDED — indexed issue text; visual comparison pending.,Start Year is 1982.
PKR-CLM-DECADE-1980S,Source record,EPH-0089,GT Pro 4 road and race test,https://article134-tech.github.io/lititzbmx-public-knowledge-register/records/EPH-0089/,INCLUDED — indexed issue text; visual comparison pending.,Start Year is 1982.
PKR-CLM-DECADE-1980S,Source record,EPH-0090,GT Pro 4 specification sheet,https://article134-tech.github.io/lititzbmx-public-knowledge-register/records/EPH-0090/,INCLUDED — indexed issue text; visual comparison pending.,Start Year is 1982.
PKR-CLM-DECADE-1980S,Source record,EPH-0091,Bermology track-building guide,https://article134-tech.github.io/lititzbmx-public-knowledge-register/records/EPH-0091/,INCLUDED — indexed issue text; visual comparison pending.,Start Year is 1982.
PKR-CLM-DECADE-1980S,Source record,EPH-0092,Keith Wilson Redline rider profile,https://article134-tech.github.io/lititzbmx-public-knowledge-register/records/EPH-0092/,INCLUDED — indexed issue text; visual comparison pending.,Start Year is 1982.
PKR-CLM-DECADE-1980S,Source record,EPH-0093,PK Ripper Radical Art competition,https://article134-tech.github.io/lititzbmx-public-knowledge-register/records/EPH-0093/,INCLUDED — indexed issue text; visual comparison pending.,Start Year is 1982.
PKR-CLM-DECADE-1980S,Source record,EPH-0094,Neal Stevens State of the Art feature,https://article134-tech.github.io/lititzbmx-public-knowledge-register/records/EPH-0094/,INCLUDED — indexed issue text; visual comparison pending.,Start Year is 1982.
PKR-CLM-DECADE-1980S,Source record,EPH-0095,Shiner SE Racing news and free-decal mailer,https://article134-tech.github.io/lititzbmx-public-knowledge-register/records/EPH-0095/,INCLUDED — indexed issue text; visual comparison pending.,Start Year is 1982.
PKR-CLM-DECADE-1980S,Source record,EPH-0096,GT racing and dealer advertisement,https://article134-tech.github.io/lititzbmx-public-knowledge-register/records/EPH-0096/,INCLUDED — indexed issue text; visual comparison pending.,Start Year is 1982.
PKR-CLM-DECADE-1980S,Source record,EPH-0097,De Ver Cycles BMX bargains listing,https://article134-tech.github.io/lititzbmx-public-knowledge-register/records/EPH-0097/,INCLUDED — indexed issue text; visual comparison pending.,Start Year is 1982.
PKR-CLM-DECADE-1980S,Source record,EPH-0098,Max chainring carrying bags,https://article134-tech.github.io/lititzbmx-public-knowledge-register/records/EPH-0098/,INCLUDED — indexed issue text; visual comparison pending.,Start Year is 1982.
PKR-CLM-DECADE-1980S,Source record,EPH-0099,SunTour HL-100 headset locking nut,https://article134-tech.github.io/lititzbmx-public-knowledge-register/records/EPH-0099/,INCLUDED — indexed issue text; visual comparison pending.,Start Year is 1982.
PKR-CLM-DECADE-1980S,Source record,EPH-0100,Oakley O/20 goggle product notice,https://article134-tech.github.io/lititzbmx-public-knowledge-register/records/EPH-0100/,INCLUDED — indexed issue text; visual comparison pending.,Start Year is 1982.
PKR-CLM-DECADE-1980S,Source record,EPH-0101,Torker Ultra 4 lightweight stem,https://article134-tech.github.io/lititzbmx-public-knowledge-register/records/EPH-0101/,INCLUDED — indexed issue text; visual comparison pending.,Start Year is 1982.
PKR-CLM-DECADE-1980S,Source record,EPH-0102,Renthal wide-rise handlebar range,https://article134-tech.github.io/lititzbmx-public-knowledge-register/records/EPH-0102/,INCLUDED — indexed issue text; visual comparison pending.,Start Year is 1982.
PKR-CLM-DECADE-1980S,Source record,EPH-0103,ABMX Wonder Light street-safety offer,https://article134-tech.github.io/lititzbmx-public-knowledge-register/records/EPH-0103/,INCLUDED — indexed issue text; visual comparison pending.,Start Year is 1982.
PKR-CLM-DECADE-1980S,Source record,EPH-0104,Huffy Pro Thunder Competition Certified range,https://article134-tech.github.io/lititzbmx-public-knowledge-register/records/EPH-0104/,INCLUDED — indexed issue text; visual comparison pending.,Start Year is 1982.
PKR-CLM-DECADE-1980S,Source record,EPH-0105,Race Inc Aero special feature,https://article134-tech.github.io/lititzbmx-public-knowledge-register/records/EPH-0105/,INCLUDED — indexed issue text; visual comparison pending.,Start Year is 1982.
PKR-CLM-DECADE-1980S,Source record,EPH-0106,SJK British chromoly race-bike test,https://article134-tech.github.io/lititzbmx-public-knowledge-register/records/EPH-0106/,INCLUDED — indexed issue text; visual comparison pending.,Start Year is 1982.
PKR-CLM-DECADE-1980S,Source record,EPH-0107,Cyclone Bikes seven-sticker packet offer,https://article134-tech.github.io/lititzbmx-public-knowledge-register/records/EPH-0107/,INCLUDED — indexed issue text; visual comparison pending.,Start Year is 1982.
PKR-CLM-DECADE-1980S,Source record,EPH-0108,UKBMX national rule-book notice,https://article134-tech.github.io/lititzbmx-public-knowledge-register/records/EPH-0108/,INCLUDED — indexed issue text; visual comparison pending.,Start Year is 1982.
PKR-CLM-DECADE-1980S,Source record,EPH-0109,Puch Murray 20-inch and 24-inch BMX range advertisement,https://article134-tech.github.io/lititzbmx-public-knowledge-register/records/EPH-0109/,INCLUDED — indexed issue text; visual comparison pending.,Start Year is 1982.
PKR-CLM-DECADE-1980S,Source record,EPH-0110,Diamond Back Silver Streak and Pro-Star information-pack offer,https://article134-tech.github.io/lititzbmx-public-knowledge-register/records/EPH-0110/,INCLUDED — indexed issue text; visual comparison pending.,Start Year is 1982.
PKR-CLM-DECADE-1980S,Source record,EPH-0111,Kenda Karate tyre advertisement,https://article134-tech.github.io/lititzbmx-public-knowledge-register/records/EPH-0111/,INCLUDED — indexed issue text; visual comparison pending.,Start Year is 1982.
PKR-CLM-DECADE-1980S,Source record,EPH-0112,Raleigh Burner five-model range launch,https://article134-tech.github.io/lititzbmx-public-knowledge-register/records/EPH-0112/,INCLUDED — indexed issue text; visual comparison pending.,Start Year is 1982.
PKR-CLM-DECADE-1980S,Source record,EPH-0113,Home-built Diamond Back II project letter,https://article134-tech.github.io/lititzbmx-public-knowledge-register/records/EPH-0113/,INCLUDED — indexed issue text; visual comparison pending.,Start Year is 1982.
PKR-CLM-DECADE-1980S,Source record,EPH-0114,Ramsey BMX Club free-entry visitor notice,https://article134-tech.github.io/lititzbmx-public-knowledge-register/records/EPH-0114/,INCLUDED — indexed issue text; visual comparison pending.,Start Year is 1982.
PKR-CLM-DECADE-1980S,Source record,EPH-0115,ACS experimental 26-inch Z-rim production note,https://article134-tech.github.io/lititzbmx-public-knowledge-register/records/EPH-0115/,INCLUDED — indexed issue text; visual comparison pending.,Start Year is 1982.
PKR-CLM-DECADE-1980S,Source record,EPH-0116,Gecko BMX product-range advertisement,https://article134-tech.github.io/lititzbmx-public-knowledge-register/records/EPH-0116/,INCLUDED — indexed issue text; visual comparison pending.,Start Year is 1982.
PKR-CLM-DECADE-1980S,Source record,EPH-0117,Redline PL-20 Carrera complete-package advertisement,https://article134-tech.github.io/lititzbmx-public-knowledge-register/records/EPH-0117/,INCLUDED — indexed issue text; visual comparison pending.,Start Year is 1982.
PKR-CLM-DECADE-1980S,Source record,EPH-0118,Kuwahara frame-and-fork range advertisement,https://article134-tech.github.io/lititzbmx-public-knowledge-register/records/EPH-0118/,INCLUDED — indexed issue text; visual comparison pending.,Start Year is 1982.
PKR-CLM-DECADE-1980S,Source record,EPH-0119,"MCS, Race Inc, and Powerlite range advertisement",https://article134-tech.github.io/lititzbmx-public-knowledge-register/records/EPH-0119/,INCLUDED — indexed issue text; visual comparison pending.,Start Year is 1982.
PKR-CLM-DECADE-1980S,Source record,EPH-0120,PK Ripper editorial test,https://article134-tech.github.io/lititzbmx-public-knowledge-register/records/EPH-0120/,INCLUDED — indexed issue text; visual comparison pending.,Start Year is 1982.
PKR-CLM-DECADE-1980S,Source record,EPH-0121,Ammaco BMX thrash test,https://article134-tech.github.io/lititzbmx-public-knowledge-register/records/EPH-0121/,INCLUDED — indexed issue text; visual comparison pending.,Start Year is 1982.
PKR-CLM-DECADE-1980S,Source record,EPH-0122,Tim March profile and March Racing Developments launch,https://article134-tech.github.io/lititzbmx-public-knowledge-register/records/EPH-0122/,INCLUDED — indexed issue text; visual comparison pending.,Start Year is 1982.
PKR-CLM-DECADE-1980S,Source record,EPH-0123,March Racing Developments number-plate offer,https://article134-tech.github.io/lititzbmx-public-knowledge-register/records/EPH-0123/,INCLUDED — indexed issue text; visual comparison pending.,Start Year is 1982.
PKR-CLM-DECADE-1980S,Source record,EPH-0124,Hotshot retail and trade price-list/sticker service,https://article134-tech.github.io/lititzbmx-public-knowledge-register/records/EPH-0124/,INCLUDED — indexed issue text; visual comparison pending.,Start Year is 1982.
PKR-CLM-DECADE-1980S,Source record,EPH-0125,DC Racing price-list and sticker mailer,https://article134-tech.github.io/lititzbmx-public-knowledge-register/records/EPH-0125/,INCLUDED — indexed issue text; visual comparison pending.,Start Year is 1982.
PKR-CLM-DECADE-1980S,Source record,EPH-0126,Piranha cast-wheel model announcement,https://article134-tech.github.io/lititzbmx-public-knowledge-register/records/EPH-0126/,INCLUDED — indexed issue text; visual comparison pending.,Start Year is 1982.
PKR-CLM-DECADE-1980S,Source record,EPH-0127,Surrey BMX six-page bargain-list advertisement,https://article134-tech.github.io/lititzbmx-public-knowledge-register/records/EPH-0127/,INCLUDED — indexed issue text; visual comparison pending.,Start Year is 1982.
PKR-CLM-DECADE-1980S,Source record,EPH-0128,Cooper convertible BMX helmet mailer,https://article134-tech.github.io/lititzbmx-public-knowledge-register/records/EPH-0128/,INCLUDED — indexed issue text; visual comparison pending.,Start Year is 1982.
PKR-CLM-DECADE-1980S,Source record,EPH-0129,Lee and SunTour sealed bottom-bracket product note,https://article134-tech.github.io/lititzbmx-public-knowledge-register/records/EPH-0129/,INCLUDED — indexed issue text; visual comparison pending.,Start Year is 1982.
PKR-CLM-DECADE-1980S,Source record,EPH-0130,Araya aerodynamic sew-up race-wheel note,https://article134-tech.github.io/lititzbmx-public-knowledge-register/records/EPH-0130/,INCLUDED — indexed issue text; visual comparison pending.,Start Year is 1982.
PKR-CLM-DECADE-1980S,Source record,EPH-0131,Profile mini BMX build feature,https://article134-tech.github.io/lititzbmx-public-knowledge-register/records/EPH-0131/,INCLUDED — indexed issue text; visual comparison pending.,Start Year is 1982.
PKR-CLM-DECADE-1980S,Source record,EPH-0132,Patterson chromoly frame-and-fork advertisement,https://article134-tech.github.io/lititzbmx-public-knowledge-register/records/EPH-0132/,INCLUDED — indexed issue text; visual comparison pending.,Start Year is 1982.
PKR-CLM-DECADE-1980S,Source record,EPH-0133,KHS Duster four-model range and RRPs,https://article134-tech.github.io/lititzbmx-public-knowledge-register/records/EPH-0133/,INCLUDED — indexed issue text; visual comparison pending.,Start Year is 1982.
PKR-CLM-DECADE-1980S,Source record,EPH-0134,SJK Hurricane distributor announcement,https://article134-tech.github.io/lititzbmx-public-knowledge-register/records/EPH-0134/,INCLUDED — indexed issue text; visual comparison pending.,Start Year is 1982.
PKR-CLM-DECADE-1980S,Source record,EPH-0135,Summer chrome-plating service advertisement,https://article134-tech.github.io/lititzbmx-public-knowledge-register/records/EPH-0135/,INCLUDED — indexed issue text; visual comparison pending.,Start Year is 1982.
PKR-CLM-DECADE-1980S,Source record,EPH-0136,Twenty-pence BMX catalogue mailer,https://article134-tech.github.io/lititzbmx-public-knowledge-register/records/EPH-0136/,INCLUDED — indexed issue text; visual comparison pending.,Start Year is 1982.
PKR-CLM-DECADE-1980S,Source record,EPH-0137,Puch Murray competition BMX range advertisement,https://article134-tech.github.io/lititzbmx-public-knowledge-register/records/EPH-0137/,INCLUDED — indexed issue text; visual comparison pending.,Start Year is 1982.
PKR-CLM-DECADE-1980S,Source record,EPH-0138,Redline 400 Series durability advertisement,https://article134-tech.github.io/lititzbmx-public-knowledge-register/records/EPH-0138/,INCLUDED — indexed issue text; visual comparison pending.,Start Year is 1982.
PKR-CLM-DECADE-1980S,Source record,EPH-0139,Hot Wheels BMX Centre Shimano price list,https://article134-tech.github.io/lititzbmx-public-knowledge-register/records/EPH-0139/,INCLUDED — indexed issue text; visual comparison pending.,Start Year is 1982.
PKR-CLM-DECADE-1980S,Source record,EPH-0140,Kuwahara E.T. Special product announcement,https://article134-tech.github.io/lititzbmx-public-knowledge-register/records/EPH-0140/,INCLUDED — indexed issue text; visual comparison pending.,Start Year is 1982.
PKR-CLM-DECADE-1980S,Source record,EPH-0141,BMX track-openings and construction logbook,https://article134-tech.github.io/lititzbmx-public-knowledge-register/records/EPH-0141/,INCLUDED — indexed issue text; visual comparison pending.,Start Year is 1982.
PKR-CLM-DECADE-1980S,Source record,EPH-0142,"Shiner Panda, SE Racing, and KHS range advertisement",https://article134-tech.github.io/lititzbmx-public-knowledge-register/records/EPH-0142/,INCLUDED — indexed issue text; visual comparison pending.,Start Year is 1982.
PKR-CLM-DECADE-1980S,Source record,EPH-0143,Adjustable car cycle-rack advertisement,https://article134-tech.github.io/lititzbmx-public-knowledge-register/records/EPH-0143/,INCLUDED — indexed issue text; visual comparison pending.,Start Year is 1982.
PKR-CLM-DECADE-1980S,Source record,EPH-0144,Skyway Tuff wheels with alloy hubs launch,https://article134-tech.github.io/lititzbmx-public-knowledge-register/records/EPH-0144/,INCLUDED — indexed issue text; visual comparison pending.,Start Year is 1982.
PKR-CLM-DECADE-1980S,Source record,EPH-0145,Skyway information and Andy Patterson poster mailer,https://article134-tech.github.io/lititzbmx-public-knowledge-register/records/EPH-0145/,INCLUDED — indexed issue text; visual comparison pending.,Start Year is 1982.
PKR-CLM-DECADE-1980S,Source record,EPH-0146,Alpine Action one-hundred-pound advertisement-design contest,https://article134-tech.github.io/lititzbmx-public-knowledge-register/records/EPH-0146/,INCLUDED — indexed issue text; visual comparison pending.,Start Year is 1982.
PKR-CLM-DECADE-1980S,Source record,EPH-0147,Murray and Puch test-range mailer with free membership,https://article134-tech.github.io/lititzbmx-public-knowledge-register/records/EPH-0147/,INCLUDED — indexed issue text; visual comparison pending.,Start Year is 1982.
PKR-CLM-DECADE-1980S,Source record,EPH-0148,BMX Action Bike race-shirt mailer,https://article134-tech.github.io/lititzbmx-public-knowledge-register/records/EPH-0148/,INCLUDED — indexed issue text; visual comparison pending.,Start Year is 1982.
PKR-CLM-DECADE-1980S,Source record,EPH-0149,E.T. film and Kuwahara bicycle feature,https://article134-tech.github.io/lititzbmx-public-knowledge-register/records/EPH-0149/,INCLUDED — indexed issue text; visual comparison pending.,Start Year is 1982.
PKR-CLM-DECADE-1980S,Source record,EPH-0150,Pro-Lite information-pack and decal mailer,https://article134-tech.github.io/lititzbmx-public-knowledge-register/records/EPH-0150/,INCLUDED — indexed issue text; visual comparison pending.,Start Year is 1982.
PKR-CLM-DECADE-1980S,Source record,EPH-0151,ABMX Bonanza reader survey competition,https://article134-tech.github.io/lititzbmx-public-knowledge-register/records/EPH-0151/,INCLUDED — indexed issue text; visual comparison pending.,Start Year is 1982.
PKR-CLM-DECADE-1980S,Source record,EPH-0152,AMF Scorcher 7 reader-survey prize,https://article134-tech.github.io/lititzbmx-public-knowledge-register/records/EPH-0152/,INCLUDED — indexed issue text; visual comparison pending.,Start Year is 1982.
PKR-CLM-DECADE-1980S,Source record,EPH-0153,Reynolds 531 BMX frame-and-fork survey prize,https://article134-tech.github.io/lititzbmx-public-knowledge-register/records/EPH-0153/,INCLUDED — indexed issue text; visual comparison pending.,Start Year is 1982.
PKR-CLM-DECADE-1980S,Source record,EPH-0154,Team Mongoose factory-direct value advertisement,https://article134-tech.github.io/lititzbmx-public-knowledge-register/records/EPH-0154/,INCLUDED — indexed issue text; visual comparison pending.,Start Year is 1982.
PKR-CLM-DECADE-1980S,Source record,EPH-0155,ABMX race nutrition and training article,https://article134-tech.github.io/lititzbmx-public-knowledge-register/records/EPH-0155/,INCLUDED — indexed issue text; visual comparison pending.,Start Year is 1982.
PKR-CLM-DECADE-1980S,Source record,EPH-0156,BMX Invader and Action Bikes monthly specials,https://article134-tech.github.io/lititzbmx-public-knowledge-register/records/EPH-0156/,INCLUDED — indexed issue text; visual comparison pending.,Start Year is 1982.
PKR-CLM-DECADE-1980S,Source record,EPH-0157,Huffy Pro Lightning preview,https://article134-tech.github.io/lititzbmx-public-knowledge-register/records/EPH-0157/,INCLUDED — indexed issue text; visual comparison pending.,Start Year is 1982.
PKR-CLM-DECADE-1980S,Source record,EPH-0158,Stolen Kuwahara notice and subscription reward,https://article134-tech.github.io/lititzbmx-public-knowledge-register/records/EPH-0158/,INCLUDED — indexed issue text; visual comparison pending.,Start Year is 1982.
PKR-CLM-DECADE-1980S,Source record,EPH-0159,Diamond Back Silver Streak information-pack placement,https://article134-tech.github.io/lititzbmx-public-knowledge-register/records/EPH-0159/,INCLUDED — indexed issue text; visual comparison pending.,Start Year is 1982.
PKR-CLM-DECADE-1980S,Source record,EPH-0160,Kuwahara one-hundred-rider team recruitment offer,https://article134-tech.github.io/lititzbmx-public-knowledge-register/records/EPH-0160/,INCLUDED — indexed issue text; visual comparison pending.,Start Year is 1982.
PKR-CLM-DECADE-1980S,Source record,EPH-0161,Holdsworth BMX Centres multi-brand advertisement,https://article134-tech.github.io/lititzbmx-public-knowledge-register/records/EPH-0161/,INCLUDED — indexed issue text; visual comparison pending.,Start Year is 1982.
PKR-CLM-DECADE-1980S,Source record,EPH-0162,Bolton BMXmas Club Supadeal,https://article134-tech.github.io/lititzbmx-public-knowledge-register/records/EPH-0162/,INCLUDED — indexed issue text; visual comparison pending.,Start Year is 1982.
PKR-CLM-DECADE-1980S,Source record,EPH-0163,Haro number-plate heritage advertisement,https://article134-tech.github.io/lititzbmx-public-knowledge-register/records/EPH-0163/,INCLUDED — indexed issue text; visual comparison pending.,Start Year is 1982.
PKR-CLM-DECADE-1980S,Source record,EPH-0164,SunTour HB-6000 reversible rear-hub product literature,https://article134-tech.github.io/lititzbmx-public-knowledge-register/records/EPH-0164/,INCLUDED — indexed issue text; visual comparison pending.,Start Year is 1982.
PKR-CLM-DECADE-1980S,Source record,EPH-0165,Troxel Comet saddle-and-post advertisement,https://article134-tech.github.io/lititzbmx-public-knowledge-register/records/EPH-0165/,INCLUDED — indexed issue text; visual comparison pending.,Start Year is 1982.
PKR-CLM-DECADE-1980S,Source record,EPH-0166,Shimano DX platform-pedal advertisement,https://article134-tech.github.io/lititzbmx-public-knowledge-register/records/EPH-0166/,INCLUDED — indexed issue text; visual comparison pending.,Start Year is 1982.
PKR-CLM-DECADE-1980S,Source record,EPH-0167,Shimano DX micro-adjust seatpost announcement,https://article134-tech.github.io/lititzbmx-public-knowledge-register/records/EPH-0167/,INCLUDED — indexed issue text; visual comparison pending.,Start Year is 1982.
PKR-CLM-DECADE-1980S,Source record,EPH-0168,Pro-Lite protective-equipment information-pack placement,https://article134-tech.github.io/lititzbmx-public-knowledge-register/records/EPH-0168/,INCLUDED — indexed issue text; visual comparison pending.,Start Year is 1982.
PKR-CLM-DECADE-1980S,Source record,EPH-0169,Halfords California BMX model-range price advertisement,https://article134-tech.github.io/lititzbmx-public-knowledge-register/records/EPH-0169/,INCLUDED — indexed issue text; visual comparison pending.,Start Year is 1982.
PKR-CLM-DECADE-1980S,Source record,EPH-0170,Halfords Raleigh Burner and free Haro plate promotion,https://article134-tech.github.io/lititzbmx-public-knowledge-register/records/EPH-0170/,INCLUDED — indexed issue text; visual comparison pending.,Start Year is 1982.
PKR-CLM-DECADE-1980S,Source record,EPH-0171,British and world BMX wheelie-record attempt notice,https://article134-tech.github.io/lititzbmx-public-knowledge-register/records/EPH-0171/,INCLUDED — indexed issue text; visual comparison pending.,Start Year is 1982.
PKR-CLM-DECADE-1980S,Source record,EPH-0172,British and world bunnyhop-record attempt notice,https://article134-tech.github.io/lititzbmx-public-knowledge-register/records/EPH-0172/,INCLUDED — indexed issue text; visual comparison pending.,Start Year is 1982.
PKR-CLM-DECADE-1980S,Source record,EPH-0173,Lee Cooper BMX coaching clinic,https://article134-tech.github.io/lititzbmx-public-knowledge-register/records/EPH-0173/,INCLUDED — indexed issue text; visual comparison pending.,Start Year is 1982.
PKR-CLM-DECADE-1980S,Source record,EPH-0174,Lee Cooper freestyle stunt competition,https://article134-tech.github.io/lititzbmx-public-knowledge-register/records/EPH-0174/,INCLUDED — indexed issue text; visual comparison pending.,Start Year is 1982.
PKR-CLM-DECADE-1980S,Source record,EPH-0175,Diamond Back Teamfinder race series launch,https://article134-tech.github.io/lititzbmx-public-knowledge-register/records/EPH-0175/,INCLUDED — indexed issue text; visual comparison pending.,Start Year is 1982.
PKR-CLM-DECADE-1980S,Source record,EPH-0176,First National BMX Poll ballot,https://article134-tech.github.io/lititzbmx-public-knowledge-register/records/EPH-0176/,INCLUDED — indexed issue text; visual comparison pending.,Start Year is 1982.
PKR-CLM-DECADE-1980S,Source record,EPH-0177,Diamond Back Turbo national-poll prize,https://article134-tech.github.io/lititzbmx-public-knowledge-register/records/EPH-0177/,INCLUDED — indexed issue text; visual comparison pending.,Start Year is 1982.
PKR-CLM-DECADE-1980S,Source record,EPH-0178,Skyway Tuff II national-poll prize,https://article134-tech.github.io/lititzbmx-public-knowledge-register/records/EPH-0178/,INCLUDED — indexed issue text; visual comparison pending.,Start Year is 1982.
PKR-CLM-DECADE-1980S,Source record,EPH-0179,Bell lightweight helmet national-poll prize,https://article134-tech.github.io/lititzbmx-public-knowledge-register/records/EPH-0179/,INCLUDED — indexed issue text; visual comparison pending.,Start Year is 1982.
PKR-CLM-DECADE-1980S,Source record,EPH-0180,Asahi Action Spokes product advertisement,https://article134-tech.github.io/lititzbmx-public-knowledge-register/records/EPH-0180/,INCLUDED — indexed issue text; visual comparison pending.,Start Year is 1982.
PKR-CLM-DECADE-1980S,Source record,EPH-0181,King Sticker five-sticker and jumbo-pack offer,https://article134-tech.github.io/lititzbmx-public-knowledge-register/records/EPH-0181/,INCLUDED — indexed issue text; visual comparison pending.,Start Year is 1982.
PKR-CLM-DECADE-1980S,Source record,EPH-0182,Raleigh Pro Burner Christmas price promotion,https://article134-tech.github.io/lititzbmx-public-knowledge-register/records/EPH-0182/,INCLUDED — indexed issue text; visual comparison pending.,Start Year is 1982.
PKR-CLM-DECADE-1980S,Source record,EPH-0183,Diatron Wildcat convertible helmet launch,https://article134-tech.github.io/lititzbmx-public-knowledge-register/records/EPH-0183/,INCLUDED — indexed issue text; visual comparison pending.,Start Year is 1982.
PKR-CLM-DECADE-1980S,Source record,EPH-0184,Piranha cast-wheel bicycle launch advertisement,https://article134-tech.github.io/lititzbmx-public-knowledge-register/records/EPH-0184/,INCLUDED — indexed issue text; visual comparison pending.,Start Year is 1982.
PKR-CLM-DECADE-1980S,Source record,EPH-0185,Hot Wheels BMX Centre imported-product advertisement,https://article134-tech.github.io/lititzbmx-public-knowledge-register/records/EPH-0185/,INCLUDED — indexed issue text; visual comparison pending.,Start Year is 1982.
PKR-CLM-DECADE-1980S,Source record,EPH-0186,Original and replica Kuwahara E.T. price advertisement,https://article134-tech.github.io/lititzbmx-public-knowledge-register/records/EPH-0186/,INCLUDED — indexed issue text; visual comparison pending.,Start Year is 1982.
PKR-CLM-DECADE-1980S,Source record,EPH-0187,Nine-bike shootout overview,https://article134-tech.github.io/lititzbmx-public-knowledge-register/records/EPH-0187/,INCLUDED — indexed issue text; visual comparison pending.,Start Year is 1982.
PKR-CLM-DECADE-1980S,Source record,EPH-0188,Huffy Pro 2 shootout test,https://article134-tech.github.io/lititzbmx-public-knowledge-register/records/EPH-0188/,INCLUDED — indexed issue text; visual comparison pending.,Start Year is 1982.
PKR-CLM-DECADE-1980S,Source record,EPH-0189,Cycle Pro Macho shootout test,https://article134-tech.github.io/lititzbmx-public-knowledge-register/records/EPH-0189/,INCLUDED — indexed issue text; visual comparison pending.,Start Year is 1982.
PKR-CLM-DECADE-1980S,Source record,EPH-0190,Falcon BMX shootout test,https://article134-tech.github.io/lititzbmx-public-knowledge-register/records/EPH-0190/,INCLUDED — indexed issue text; visual comparison pending.,Start Year is 1982.
PKR-CLM-DECADE-1980S,Source record,EPH-0191,California Star and Trax Pro comparison,https://article134-tech.github.io/lititzbmx-public-knowledge-register/records/EPH-0191/,INCLUDED — indexed issue text; visual comparison pending.,Start Year is 1982.
PKR-CLM-DECADE-1980S,Source record,EPH-0192,ABMX repeat light-and-reflector offer,https://article134-tech.github.io/lititzbmx-public-knowledge-register/records/EPH-0192/,INCLUDED — indexed issue text; visual comparison pending.,Start Year is 1982.
PKR-CLM-DECADE-1980S,Source record,EPH-0193,Robinson Racing sticker-and-catalogue mailer,https://article134-tech.github.io/lititzbmx-public-knowledge-register/records/EPH-0193/,INCLUDED — indexed issue text; visual comparison pending.,Start Year is 1982.
PKR-CLM-DECADE-1980S,Source record,EPH-0194,UNI eight-ounce BMX seat launch,https://article134-tech.github.io/lititzbmx-public-knowledge-register/records/EPH-0194/,INCLUDED — indexed issue text; visual comparison pending.,Start Year is 1983.
PKR-CLM-DECADE-1980S,Source record,EPH-0195,SR Cycles bicycle-reservation and free-delivery offer,https://article134-tech.github.io/lititzbmx-public-knowledge-register/records/EPH-0195/,INCLUDED — indexed issue text; visual comparison pending.,Start Year is 1983.
PKR-CLM-DECADE-1980S,Source record,EPH-0196,Holdsworth BMX Centres multi-location advertisement,https://article134-tech.github.io/lititzbmx-public-knowledge-register/records/EPH-0196/,INCLUDED — indexed issue text; visual comparison pending.,Start Year is 1983.
PKR-CLM-DECADE-1980S,Source record,EPH-0197,ABMX light set and reflective-clip offer,https://article134-tech.github.io/lititzbmx-public-knowledge-register/records/EPH-0197/,INCLUDED — indexed issue text; visual comparison pending.,Start Year is 1983.
PKR-CLM-DECADE-1980S,Source record,EPH-0198,ABMX blue-and-gold binder offer,https://article134-tech.github.io/lititzbmx-public-knowledge-register/records/EPH-0198/,INCLUDED — indexed issue text; visual comparison pending.,Start Year is 1983.
PKR-CLM-DECADE-1980S,Source record,EPH-0199,ABMX blue-and-yellow race-shirt offer,https://article134-tech.github.io/lititzbmx-public-knowledge-register/records/EPH-0199/,INCLUDED — indexed issue text; visual comparison pending.,Start Year is 1983.
PKR-CLM-DECADE-1980S,Source record,EPH-0200,Araya ADX-7W aero-rim product notice,https://article134-tech.github.io/lititzbmx-public-knowledge-register/records/EPH-0200/,INCLUDED — indexed issue text; visual comparison pending.,Start Year is 1983.
PKR-CLM-DECADE-1980S,Source record,EPH-0201,Naga chromoly and fluted-alloy seatpost range,https://article134-tech.github.io/lititzbmx-public-knowledge-register/records/EPH-0201/,INCLUDED — indexed issue text; visual comparison pending.,Start Year is 1983.
PKR-CLM-DECADE-1980S,Source record,EPH-0202,MKS BM-10 and Grafight-X pedal range,https://article134-tech.github.io/lititzbmx-public-knowledge-register/records/EPH-0202/,INCLUDED — indexed issue text; visual comparison pending.,Start Year is 1983.
PKR-CLM-DECADE-1980S,Source record,EPH-0203,Raleigh Burner five-model retail price list,https://article134-tech.github.io/lititzbmx-public-knowledge-register/records/EPH-0203/,INCLUDED — indexed issue text; visual comparison pending.,Start Year is 1983.
PKR-CLM-DECADE-1980S,Source record,EPH-0204,"Max checker hats, jerseys, and race-pants advertisement",https://article134-tech.github.io/lititzbmx-public-knowledge-register/records/EPH-0204/,INCLUDED — indexed issue text; visual comparison pending.,Start Year is 1983.
PKR-CLM-DECADE-1980S,Source record,EPH-0205,Halfords BMX Nations Cup pre-registration form,https://article134-tech.github.io/lititzbmx-public-knowledge-register/records/EPH-0205/,INCLUDED — indexed issue text; visual comparison pending.,Start Year is 1983.
PKR-CLM-DECADE-1980S,Source record,EPH-0206,Great Meeting survey and Firebird frame-set competition,https://article134-tech.github.io/lititzbmx-public-knowledge-register/records/EPH-0206/,INCLUDED — indexed issue text; visual comparison pending.,Start Year is 1983.
PKR-CLM-DECADE-1980S,Source record,EPH-0207,Cycle Trader BMX retail survey issue advertisement,https://article134-tech.github.io/lititzbmx-public-knowledge-register/records/EPH-0207/,INCLUDED — indexed issue text; visual comparison pending.,Start Year is 1983.
PKR-CLM-DECADE-1980S,Source record,EPH-0208,YES Products word-building competition,https://article134-tech.github.io/lititzbmx-public-knowledge-register/records/EPH-0208/,INCLUDED — indexed issue text; visual comparison pending.,Start Year is 1983.
PKR-CLM-DECADE-1980S,Source record,EPH-0209,Firebird British chromoly frame-set feature,https://article134-tech.github.io/lititzbmx-public-knowledge-register/records/EPH-0209/,INCLUDED — indexed issue text; visual comparison pending.,Start Year is 1983.
PKR-CLM-DECADE-1980S,Source record,EPH-0210,Mongoose Pro Class complete-bike test,https://article134-tech.github.io/lititzbmx-public-knowledge-register/records/EPH-0210/,INCLUDED — indexed issue text; visual comparison pending.,Start Year is 1983.
PKR-CLM-DECADE-1980S,Source record,EPH-0211,Mongoose Pro Class lightweight wheel system,https://article134-tech.github.io/lititzbmx-public-knowledge-register/records/EPH-0211/,INCLUDED — indexed issue text; visual comparison pending.,Start Year is 1983.
PKR-CLM-DECADE-1980S,Source record,EPH-0212,Bournemouth BMX track-focus report,https://article134-tech.github.io/lititzbmx-public-knowledge-register/records/EPH-0212/,INCLUDED — indexed issue text; visual comparison pending.,Start Year is 1983.
PKR-CLM-DECADE-1980S,Source record,EPH-0213,Diatron Wildcat helmet and race-pants advertisement,https://article134-tech.github.io/lititzbmx-public-knowledge-register/records/EPH-0213/,INCLUDED — indexed issue text; visual comparison pending.,Start Year is 1983.
PKR-CLM-DECADE-1980S,Source record,EPH-0214,Surrey BMX Kuwahara complete-bike price list,https://article134-tech.github.io/lititzbmx-public-knowledge-register/records/EPH-0214/,INCLUDED — indexed issue text; visual comparison pending.,Start Year is 1983.
PKR-CLM-DECADE-1980S,Source record,EPH-0215,Surrey BMX frame-and-fork price list,https://article134-tech.github.io/lititzbmx-public-knowledge-register/records/EPH-0215/,INCLUDED — indexed issue text; visual comparison pending.,Start Year is 1983.
PKR-CLM-DECADE-1980S,Source record,EPH-0216,Surrey BMX wheel-system price list,https://article134-tech.github.io/lititzbmx-public-knowledge-register/records/EPH-0216/,INCLUDED — indexed issue text; visual comparison pending.,Start Year is 1983.
PKR-CLM-DECADE-1980S,Source record,EPH-0217,Hadley precision bottom-bracket listing,https://article134-tech.github.io/lititzbmx-public-knowledge-register/records/EPH-0217/,INCLUDED — indexed issue text; visual comparison pending.,Start Year is 1983.
PKR-CLM-DECADE-1980S,Source record,EPH-0218,Haro Freestyle Moves book offer,https://article134-tech.github.io/lititzbmx-public-knowledge-register/records/EPH-0218/,INCLUDED — indexed issue text; visual comparison pending.,Start Year is 1983.
PKR-CLM-DECADE-1980S,Source record,EPH-0219,Redline Flight Cranks 401 Series listing,https://article134-tech.github.io/lititzbmx-public-knowledge-register/records/EPH-0219/,INCLUDED — indexed issue text; visual comparison pending.,Start Year is 1983.
PKR-CLM-DECADE-1980S,Source record,EPH-0220,Vans Style 95 BMX shoe listing,https://article134-tech.github.io/lititzbmx-public-knowledge-register/records/EPH-0220/,INCLUDED — indexed issue text; visual comparison pending.,Start Year is 1983.
PKR-CLM-DECADE-1980S,Source record,EPH-0221,ABMX national track-list publication,https://article134-tech.github.io/lititzbmx-public-knowledge-register/records/EPH-0221/,INCLUDED — indexed issue text; visual comparison pending.,Start Year is 1983.
PKR-CLM-DECADE-1980S,Source record,EPH-0222,California Lite pad-system advertisement,https://article134-tech.github.io/lititzbmx-public-knowledge-register/records/EPH-0222/,INCLUDED — indexed issue text; visual comparison pending.,Start Year is 1983.
PKR-CLM-DECADE-1980S,Source record,EPH-0223,Strongs headset-bearing protector offer,https://article134-tech.github.io/lititzbmx-public-knowledge-register/records/EPH-0223/,INCLUDED — indexed issue text; visual comparison pending.,Start Year is 1983.
PKR-CLM-DECADE-1980S,Source record,EPH-0224,Strongs BMX race-shirt offer,https://article134-tech.github.io/lititzbmx-public-knowledge-register/records/EPH-0224/,INCLUDED — indexed issue text; visual comparison pending.,Start Year is 1983.
PKR-CLM-DECADE-1980S,Source record,EPH-0225,Strongs free sticker-brochure mailer,https://article134-tech.github.io/lititzbmx-public-knowledge-register/records/EPH-0225/,INCLUDED — indexed issue text; visual comparison pending.,Start Year is 1983.
PKR-CLM-DECADE-1980S,Source record,EPH-0226,Best of 1982 national reader-poll results,https://article134-tech.github.io/lititzbmx-public-knowledge-register/records/EPH-0226/,INCLUDED — indexed issue text; visual comparison pending.,Start Year is 1983.
PKR-CLM-DECADE-1980S,Source record,EPH-0227,Scottish BMX Association formation notice,https://article134-tech.github.io/lititzbmx-public-knowledge-register/records/EPH-0227/,INCLUDED — indexed issue text; visual comparison pending.,Start Year is 1983.
PKR-CLM-DECADE-1980S,Source record,EPH-0228,Northern Leisure open-meeting series notice,https://article134-tech.github.io/lititzbmx-public-knowledge-register/records/EPH-0228/,INCLUDED — indexed issue text; visual comparison pending.,Start Year is 1983.
PKR-CLM-DECADE-1980S,Source record,EPH-0229,Silverfox complete-bike reader giveaway,https://article134-tech.github.io/lititzbmx-public-knowledge-register/records/EPH-0229/,INCLUDED — indexed issue text; visual comparison pending.,Start Year is 1983.
PKR-CLM-DECADE-1980S,Source record,EPH-0230,Harry Leary and Andy Patterson starting guide,https://article134-tech.github.io/lititzbmx-public-knowledge-register/records/EPH-0230/,INCLUDED — indexed issue text; visual comparison pending.,Start Year is 1983.
PKR-CLM-DECADE-1980S,Source record,EPH-0231,Haro Freestyle Moves equipment chapter,https://article134-tech.github.io/lititzbmx-public-knowledge-register/records/EPH-0231/,INCLUDED — indexed issue text; visual comparison pending.,Start Year is 1983.
PKR-CLM-DECADE-1980S,Source record,EPH-0232,ABMX free private Sales and Swaps service,https://article134-tech.github.io/lititzbmx-public-knowledge-register/records/EPH-0232/,INCLUDED — indexed issue text; visual comparison pending.,Start Year is 1983.
PKR-CLM-DECADE-1980S,Source record,EPH-0233,City BMX race-pants mail-order offer,https://article134-tech.github.io/lititzbmx-public-knowledge-register/records/EPH-0233/,INCLUDED — indexed issue text; visual comparison pending.,Start Year is 1983.
PKR-CLM-DECADE-1980S,Source record,EPH-0234,City BMX lightweight race-helmet offer,https://article134-tech.github.io/lititzbmx-public-knowledge-register/records/EPH-0234/,INCLUDED — indexed issue text; visual comparison pending.,Start Year is 1983.
PKR-CLM-DECADE-1980S,Source record,EPH-0235,City BMX shoulder-protector offer,https://article134-tech.github.io/lititzbmx-public-knowledge-register/records/EPH-0235/,INCLUDED — indexed issue text; visual comparison pending.,Start Year is 1983.
PKR-CLM-DECADE-1980S,Source record,EPH-0236,Hot Wheels BMX Centre opening offers,https://article134-tech.github.io/lititzbmx-public-knowledge-register/records/EPH-0236/,INCLUDED — indexed issue text; visual comparison pending.,Start Year is 1983.
PKR-CLM-DECADE-1980S,Source record,EPH-0237,"Haro Freestyler, Kuwahara Oval, CW, and SE Floval stock notice",https://article134-tech.github.io/lititzbmx-public-knowledge-register/records/EPH-0237/,INCLUDED — indexed issue text; visual comparison pending.,Start Year is 1983.
PKR-CLM-DECADE-1980S,Source record,EPH-0238,King Sticker five-pack and jumbo-pack offer,https://article134-tech.github.io/lititzbmx-public-knowledge-register/records/EPH-0238/,INCLUDED — indexed issue text; visual comparison pending.,Start Year is 1983.
PKR-CLM-DECADE-1980S,Source record,EPH-0239,NBMXA race-licence and rule-book offer,https://article134-tech.github.io/lititzbmx-public-knowledge-register/records/EPH-0239/,INCLUDED — indexed issue text; visual comparison pending.,Start Year is 1983.
PKR-CLM-DECADE-1980S,Source record,EPH-0240,Hotshot price-list and free-sticker mailer,https://article134-tech.github.io/lititzbmx-public-knowledge-register/records/EPH-0240/,INCLUDED — indexed issue text; visual comparison pending.,Start Year is 1983.
PKR-CLM-DECADE-1980S,Source record,EPH-0241,Huffy Pro Lightning complete-bike test,https://article134-tech.github.io/lititzbmx-public-knowledge-register/records/EPH-0241/,INCLUDED — indexed issue text; visual comparison pending.,Start Year is 1983.
PKR-CLM-DECADE-1980S,Source record,EPH-0242,Halfords BMX accessories range advertisement,https://article134-tech.github.io/lititzbmx-public-knowledge-register/records/EPH-0242/,INCLUDED — indexed issue text; visual comparison pending.,Start Year is 1983.
PKR-CLM-DECADE-1980S,Source record,EPH-0243,Huffy Pro Lightning specification and retail-price record,https://article134-tech.github.io/lititzbmx-public-knowledge-register/records/EPH-0243/,INCLUDED — indexed issue text; visual comparison pending.,Start Year is 1983.
PKR-CLM-DECADE-1980S,Source record,EPH-0244,Ride-On sealed-bearing mag-wheel hub kit,https://article134-tech.github.io/lititzbmx-public-knowledge-register/records/EPH-0244/,INCLUDED — indexed issue text; visual comparison pending.,Start Year is 1983.
PKR-CLM-DECADE-1980S,Source record,EPH-0245,Sharp Racing Products bottom-bracket boot,https://article134-tech.github.io/lititzbmx-public-knowledge-register/records/EPH-0245/,INCLUDED — indexed issue text; visual comparison pending.,Start Year is 1983.
PKR-CLM-DECADE-1980S,Source record,EPH-0246,Lee Cooper Ready to Go BMX video,https://article134-tech.github.io/lititzbmx-public-knowledge-register/records/EPH-0246/,INCLUDED — indexed issue text; visual comparison pending.,Start Year is 1983.
PKR-CLM-DECADE-1980S,Source record,EPH-0247,USA professional BMX action video,https://article134-tech.github.io/lititzbmx-public-knowledge-register/records/EPH-0247/,INCLUDED — indexed issue text; visual comparison pending.,Start Year is 1983.
PKR-CLM-DECADE-1980S,Source record,EPH-0248,BMX Action Bike six-issue subscription offer,https://article134-tech.github.io/lititzbmx-public-knowledge-register/records/EPH-0248/,INCLUDED — indexed issue text; visual comparison pending.,Start Year is 1983.
PKR-CLM-DECADE-1980S,Source record,EPH-0249,Yamaha professional racing-outfit competition,https://article134-tech.github.io/lititzbmx-public-knowledge-register/records/EPH-0249/,INCLUDED — indexed issue text; visual comparison pending.,Start Year is 1983.
PKR-CLM-DECADE-1980S,Source record,EPH-0250,Gainsborough Firebird frame-and-fork retail offer,https://article134-tech.github.io/lititzbmx-public-knowledge-register/records/EPH-0250/,INCLUDED — indexed issue text; visual comparison pending.,Start Year is 1983.
PKR-CLM-DECADE-1990S,Source record,EPH-0001,1996 GT/Dyno — The BMX & Freestyle Catalog,https://article134-tech.github.io/lititzbmx-public-knowledge-register/records/EPH-0001/,Lead — locate exact reference ID and edition/page count.,Public indexing exposes the title and BMXMuseum provenance but not a reliable reference ID or complete page set.
PKR-CLM-DECADE-1990S,Source record,EPH-0002,1992 GT/Dyno Product Catalog,https://article134-tech.github.io/lititzbmx-public-knowledge-register/records/EPH-0002/,Lead — locate exact reference and compare with independent catalog archives.,Title is publicly indexed; exact reference ID and completeness remain unresolved.
PKR-CLM-DECADE-1990S,Source record,EPH-0003,1999 GT/Dyno BMX/Freestyle — Part 2,https://article134-tech.github.io/lititzbmx-public-knowledge-register/records/EPH-0003/,"Lead — locate part 1, exact reference IDs and page ranges.",Only the indexed title is presently recoverable.
PKR-CLM-DECADE-1990S,Source record,EPH-0004,1990 Haro BMX Catalog,https://article134-tech.github.io/lititzbmx-public-knowledge-register/records/EPH-0004/,Verified catalog existence — recover exact BMXMuseum ID and compare editions/pages.,Haro's official BMX archive independently lists a 1990 PDF catalog. The BMXMuseum reference ID and document completeness remain unresolved.
PKR-CLM-DECADE-1990S,Source record,EPH-0007,1997 Hoffman catalog — George model specification,https://article134-tech.github.io/lititzbmx-public-knowledge-register/records/EPH-0007/,Open — record exact page and compare with other Hoffman catalogs.,An external forum cites the exact BMXMuseum reference for the Hoffman George. The full catalog title and edition need confirmation.
PKR-CLM-DECADE-1990S,Source record,EPH-0017,1992 GT/Dyno Product Catalog,https://article134-tech.github.io/lititzbmx-public-knowledge-register/records/EPH-0017/,"OPEN — exact reference, full pagination and price labels","Two indexed pages expose $259 and $319, but exact page numbers, currency and price basis are not established."
PKR-CLM-DECADE-1990S,Source record,EPH-0018,1996 GT/Dyno — The BMX & Freestyle Catalog,https://article134-tech.github.io/lititzbmx-public-knowledge-register/records/EPH-0018/,OPEN — recover exact reference and compare page count,"A public resale listing describes a 22-page 1996 catalog, but this does not resolve the BMXMuseum ID or prove completeness."
PKR-CLM-DECADE-1990S,Source record,EPH-0019,1999 GT/Dyno BMX/Freestyle — Part 2,https://article134-tech.github.io/lititzbmx-public-knowledge-register/records/EPH-0019/,OPEN — locate Part 1 and canonical links,"Only Part 2 is publicly indexed in this pass; Part 1, page range and exact BMXMuseum ID remain open."
PKR-CLM-DECADE-1990S,Source record,EPH-0023,1990 Haro BMX Catalog,https://article134-tech.github.io/lititzbmx-public-knowledge-register/records/EPH-0023/,OPEN — recover BMXMuseum ID and compare file pagination,Official archive confirms the catalog year but does not expose the unresolved BMXMuseum canonical ID in this pass.
PKR-CLM-DECADE-1990S,Source record,EPH-0024,1990 Haro Group 1A,https://article134-tech.github.io/lititzbmx-public-knowledge-register/records/EPH-0024/,INCLUDED WITH ATTRIBUTION,BMX-Catalogue presents recreated catalog content; treat as corroboration until checked against Haro's PDF.
PKR-CLM-DECADE-1990S,Source record,EPH-0025,1990 Haro Group 1B,https://article134-tech.github.io/lititzbmx-public-knowledge-register/records/EPH-0025/,INCLUDED WITH ATTRIBUTION,Public reconstruction is useful for discovery; original Haro page comparison remains required.
PKR-CLM-DECADE-1990S,Source record,EPH-0026,1990 Haro Group 1C,https://article134-tech.github.io/lititzbmx-public-knowledge-register/records/EPH-0026/,INCLUDED WITH ATTRIBUTION,"The 1990 overview explicitly names Group 1A, 1B and 1C; full page detail awaits direct comparison."
PKR-CLM-DECADE-1990S,Source record,EPH-0027,1990 Haro Master / Team Master,https://article134-tech.github.io/lititzbmx-public-knowledge-register/records/EPH-0027/,INCLUDED WITH ATTRIBUTION,Claims come from a recreated catalog page; verify wording and availability against the official PDF.
PKR-CLM-DECADE-1990S,Source record,EPH-0028,1990 Haro Invert,https://article134-tech.github.io/lititzbmx-public-knowledge-register/records/EPH-0028/,INCLUDED WITH ATTRIBUTION,Reconstruction should be compared against official scan before exact-copy or specification claims are elevated.
PKR-CLM-DECADE-1990S,Source record,EPH-0029,1990 Haro Shredder,https://article134-tech.github.io/lititzbmx-public-knowledge-register/records/EPH-0029/,OPEN — locate original catalog page,"The advanced registry lists the model, but a dedicated catalog page was not recovered in this pass."
PKR-CLM-DECADE-1990S,Source record,EPH-0030,1991 Haro/Fusion catalog offer,https://article134-tech.github.io/lititzbmx-public-knowledge-register/records/EPH-0030/,INCLUDED — mailer object,"Period publication exposes the offer; retain as promotional ephemera, not as the catalog itself."
PKR-CLM-DECADE-1990S,Source record,EPH-0055,1991 Haro/Fusion catalog request,https://article134-tech.github.io/lititzbmx-public-knowledge-register/records/EPH-0055/,INCLUDED,People: Not applicable; Venue: Mail request; Offer: Send $2 for a 1991 catalog
PKR-CLM-DECADE-2020S,Source record,EPH-0012,Vintage JMC Racing Equipment dealer's price list from Azusa collection,https://article134-tech.github.io/lititzbmx-public-knowledge-register/records/EPH-0012/,Corroboration lead — do not merge with BMXMuseum set until directly compared.,"The public result exposes the document description but not a reliable issue date, complete contents or readable line-item prices."
PKR-CLM-DECADE-UNDATED,Source record,EPH-0011,JMC Racing Fliers and Price List,https://article134-tech.github.io/lititzbmx-public-knowledge-register/records/EPH-0011/,"Priority — locate exact reference ID, count pages and transcribe only clearly labeled factual price fields.","A public index explicitly identifies a BMXMuseum JMC flyer-and-price-list set. Exact reference ID, date, page count and individual prices are not exposed."
PKR-CLM-016,Source record,EPH-0062,Midlands Cycles BMX mail-order special offers,https://article134-tech.github.io/lititzbmx-public-knowledge-register/records/EPH-0062/,INCLUDED — indexed issue text; verify page image before exact-layout quotation.,"PreviousPage exposes indexed text for BMX Action Bike, April/May 1982, Volume 2 Number 1. This record preserves the source occurrence and paraphrased factual details; visual layout and OCR alignment should be checked against the page image before exact quotation."
PKR-CLM-016,Source record,EPH-0063,Serval Marketing BMX product list and recommended-prices offer,https://article134-tech.github.io/lititzbmx-public-knowledge-register/records/EPH-0063/,INCLUDED — indexed issue text; verify page image before exact-layout quotation.,"PreviousPage exposes indexed text for BMX Action Bike, April/May 1982, Volume 2 Number 1. This record preserves the source occurrence and paraphrased factual details; visual layout and OCR alignment should be checked against the page image before exact quotation."
PKR-CLM-016,Source record,EPH-0064,Strongs Cycles Kuwahara and Red Line frame/component advertisement,https://article134-tech.github.io/lititzbmx-public-knowledge-register/records/EPH-0064/,INCLUDED — indexed issue text; verify page image before exact-layout quotation.,"PreviousPage exposes indexed text for BMX Action Bike, April/May 1982, Volume 2 Number 1. This record preserves the source occurrence and paraphrased factual details; visual layout and OCR alignment should be checked against the page image before exact quotation."
PKR-CLM-016,Source record,EPH-0065,Gecko BMX product range and free Redline/Kuwahara patch offer,https://article134-tech.github.io/lititzbmx-public-knowledge-register/records/EPH-0065/,INCLUDED — indexed issue text; verify page image before exact-layout quotation.,"PreviousPage exposes indexed text for BMX Action Bike, April/May 1982, Volume 2 Number 1. This record preserves the source occurrence and paraphrased factual details; visual layout and OCR alignment should be checked against the page image before exact quotation."
PKR-CLM-016,Source record,EPH-0066,Hotshot BMX complete-bike special and free price-list/sticker offer,https://article134-tech.github.io/lititzbmx-public-knowledge-register/records/EPH-0066/,INCLUDED — indexed issue text; verify page image before exact-layout quotation.,"PreviousPage exposes indexed text for BMX Action Bike, April/May 1982, Volume 2 Number 1. This record preserves the source occurrence and paraphrased factual details; visual layout and OCR alignment should be checked against the page image before exact quotation."
PKR-CLM-016,Source record,EPH-0067,BMX Action Bike London Dungeon caption competition,https://article134-tech.github.io/lititzbmx-public-knowledge-register/records/EPH-0067/,INCLUDED — indexed issue text; verify page image before exact-layout quotation.,"PreviousPage exposes indexed text for BMX Action Bike, April/May 1982, Volume 2 Number 1. This record preserves the source occurrence and paraphrased factual details; visual layout and OCR alignment should be checked against the page image before exact quotation."
PKR-CLM-016,Source record,EPH-0068,BMX Action Bike GT Pro 4 bicycle giveaway,https://article134-tech.github.io/lititzbmx-public-knowledge-register/records/EPH-0068/,INCLUDED — indexed issue text; verify page image before exact-layout quotation.,"PreviousPage exposes indexed text for BMX Action Bike, April/May 1982, Volume 2 Number 1. This record preserves the source occurrence and paraphrased factual details; visual layout and OCR alignment should be checked against the page image before exact quotation."
PKR-CLM-016,Source record,EPH-0069,Kenda Karate free sticker mailer,https://article134-tech.github.io/lititzbmx-public-knowledge-register/records/EPH-0069/,INCLUDED — indexed issue text; verify page image before exact-layout quotation.,"PreviousPage exposes indexed text for BMX Action Bike, April/May 1982, Volume 2 Number 1. This record preserves the source occurrence and paraphrased factual details; visual layout and OCR alignment should be checked against the page image before exact quotation."
PKR-CLM-016,Source record,EPH-0070,BMX Action Bike track and club list mailer,https://article134-tech.github.io/lititzbmx-public-knowledge-register/records/EPH-0070/,INCLUDED — indexed issue text; verify page image before exact-layout quotation.,"PreviousPage exposes indexed text for BMX Action Bike, April/May 1982, Volume 2 Number 1. This record preserves the source occurrence and paraphrased factual details; visual layout and OCR alignment should be checked against the page image before exact quotation."
PKR-CLM-016,Source record,EPH-0071,SJK Hurricane complete bike and frame-kit advertisement,https://article134-tech.github.io/lititzbmx-public-knowledge-register/records/EPH-0071/,INCLUDED — indexed issue text; verify page image before exact-layout quotation.,"PreviousPage exposes indexed text for BMX Action Bike, April/May 1982, Volume 2 Number 1. This record preserves the source occurrence and paraphrased factual details; visual layout and OCR alignment should be checked against the page image before exact quotation."
PKR-CLM-016,Source record,EPH-0072,CAMM Power Stem dealer advertisement,https://article134-tech.github.io/lititzbmx-public-knowledge-register/records/EPH-0072/,INCLUDED — indexed issue text; verify page image before exact-layout quotation.,"PreviousPage exposes indexed text for BMX Action Bike, April/May 1982, Volume 2 Number 1. This record preserves the source occurrence and paraphrased factual details; visual layout and OCR alignment should be checked against the page image before exact quotation."
PKR-CLM-016,Source record,EPH-0073,Diamond Back Silver Streak test report and projected retail price,https://article134-tech.github.io/lititzbmx-public-knowledge-register/records/EPH-0073/,INCLUDED — indexed issue text; verify page image before exact-layout quotation.,"PreviousPage exposes indexed text for BMX Action Bike, April/May 1982, Volume 2 Number 1. This record preserves the source occurrence and paraphrased factual details; visual layout and OCR alignment should be checked against the page image before exact quotation."
PKR-CLM-016,Source record,EPH-0074,UKBMX membership and racing-licence application form,https://article134-tech.github.io/lititzbmx-public-knowledge-register/records/EPH-0074/,INCLUDED — indexed issue text; verify page image before exact-layout quotation.,"PreviousPage exposes indexed text for BMX Action Bike, April/May 1982, Volume 2 Number 1. This record preserves the source occurrence and paraphrased factual details; visual layout and OCR alignment should be checked against the page image before exact quotation."
PKR-CLM-016,Source record,EPH-0075,BMX Action Bike back-issue mailer,https://article134-tech.github.io/lititzbmx-public-knowledge-register/records/EPH-0075/,INCLUDED — indexed issue text; verify page image before exact-layout quotation.,"PreviousPage exposes indexed text for BMX Action Bike, April/May 1982, Volume 2 Number 1. This record preserves the source occurrence and paraphrased factual details; visual layout and OCR alignment should be checked against the page image before exact quotation."
PKR-CLM-016,Source record,EPH-0076,Stronglite prototype frame and fork announcement,https://article134-tech.github.io/lititzbmx-public-knowledge-register/records/EPH-0076/,INCLUDED — indexed issue text; verify page image before exact-layout quotation.,"PreviousPage exposes indexed text for BMX Action Bike, April/May 1982, Volume 2 Number 1. This record preserves the source occurrence and paraphrased factual details; visual layout and OCR alignment should be checked against the page image before exact quotation."
PKR-CLM-016,Source record,EPH-0077,Prolite racing helmet retailer offer,https://article134-tech.github.io/lititzbmx-public-knowledge-register/records/EPH-0077/,INCLUDED — indexed issue text; verify page image before exact-layout quotation.,"PreviousPage exposes indexed text for BMX Action Bike, April/May 1982, Volume 2 Number 1. This record preserves the source occurrence and paraphrased factual details; visual layout and OCR alignment should be checked against the page image before exact quotation."
PKR-CLM-016,Source record,EPH-0078,Pacer racing gloves retailer offer,https://article134-tech.github.io/lititzbmx-public-knowledge-register/records/EPH-0078/,INCLUDED — indexed issue text; verify page image before exact-layout quotation.,"PreviousPage exposes indexed text for BMX Action Bike, April/May 1982, Volume 2 Number 1. This record preserves the source occurrence and paraphrased factual details; visual layout and OCR alignment should be checked against the page image before exact quotation."
PKR-CLM-016,Source record,EPH-0079,BMX Action Bike assorted sticker packet offer,https://article134-tech.github.io/lititzbmx-public-knowledge-register/records/EPH-0079/,INCLUDED — indexed issue text; verify page image before exact-layout quotation.,"PreviousPage exposes indexed text for BMX Action Bike, April/May 1982, Volume 2 Number 1. This record preserves the source occurrence and paraphrased factual details; visual layout and OCR alignment should be checked against the page image before exact quotation."
PKR-CLM-016,Source record,EPH-0080,MX 1000 brake-pair and BMX catalogue offer,https://article134-tech.github.io/lititzbmx-public-knowledge-register/records/EPH-0080/,INCLUDED — indexed issue text; verify page image before exact-layout quotation.,"PreviousPage exposes indexed text for BMX Action Bike, April/May 1982, Volume 2 Number 1. This record preserves the source occurrence and paraphrased factual details; visual layout and OCR alignment should be checked against the page image before exact quotation."
PKR-CLM-016,Source record,EPH-0081,Stadium Cycles Atomic Star range advertisement,https://article134-tech.github.io/lititzbmx-public-knowledge-register/records/EPH-0081/,INCLUDED — indexed issue text; visual comparison pending.,PreviousPage exposes indexed text for BMX Action Bike — June/July 1982 — Volume 2 Number 2. This record preserves an issue-specific source occurrence and paraphrased factual details. Page-image comparison remains required before exact-layout quotation or visual identity merging.
PKR-CLM-016,Source record,EPH-0082,Ron Kitching BMX component-distributor brand list,https://article134-tech.github.io/lititzbmx-public-knowledge-register/records/EPH-0082/,INCLUDED — indexed issue text; visual comparison pending.,PreviousPage exposes indexed text for BMX Action Bike — June/July 1982 — Volume 2 Number 2. This record preserves an issue-specific source occurrence and paraphrased factual details. Page-image comparison remains required before exact-layout quotation or visual identity merging.
PKR-CLM-016,Source record,EPH-0083,Raleigh Raceline event-listing service,https://article134-tech.github.io/lititzbmx-public-knowledge-register/records/EPH-0083/,INCLUDED — indexed issue text; visual comparison pending.,PreviousPage exposes indexed text for BMX Action Bike — June/July 1982 — Volume 2 Number 2. This record preserves an issue-specific source occurrence and paraphrased factual details. Page-image comparison remains required before exact-layout quotation or visual identity merging.
PKR-CLM-016,Source record,EPH-0084,Halfords free BMX jersey promotion,https://article134-tech.github.io/lititzbmx-public-knowledge-register/records/EPH-0084/,INCLUDED — indexed issue text; visual comparison pending.,PreviousPage exposes indexed text for BMX Action Bike — June/July 1982 — Volume 2 Number 2. This record preserves an issue-specific source occurrence and paraphrased factual details. Page-image comparison remains required before exact-layout quotation or visual identity merging.
PKR-CLM-016,Source record,EPH-0085,Hotshot BMX complete-bike special and petrol bonus,https://article134-tech.github.io/lititzbmx-public-knowledge-register/records/EPH-0085/,INCLUDED — indexed issue text; visual comparison pending.,PreviousPage exposes indexed text for BMX Action Bike — June/July 1982 — Volume 2 Number 2. This record preserves an issue-specific source occurrence and paraphrased factual details. Page-image comparison remains required before exact-layout quotation or visual identity merging.
PKR-CLM-016,Source record,EPH-0086,Hotshot free price-list and sticker mailer,https://article134-tech.github.io/lititzbmx-public-knowledge-register/records/EPH-0086/,INCLUDED — indexed issue text; visual comparison pending.,PreviousPage exposes indexed text for BMX Action Bike — June/July 1982 — Volume 2 Number 2. This record preserves an issue-specific source occurrence and paraphrased factual details. Page-image comparison remains required before exact-layout quotation or visual identity merging. Potential recurring-campaign relationship with EPH-0240 (Hotshot price-list / free-sticker campaign); do not merge without page-image comparison.
PKR-CLM-016,Source record,EPH-0087,Guisborough national race report,https://article134-tech.github.io/lititzbmx-public-knowledge-register/records/EPH-0087/,INCLUDED — indexed issue text; visual comparison pending.,PreviousPage exposes indexed text for BMX Action Bike — June/July 1982 — Volume 2 Number 2. This record preserves an issue-specific source occurrence and paraphrased factual details. Page-image comparison remains required before exact-layout quotation or visual identity merging.
PKR-CLM-016,Source record,EPH-0088,Diamond Back northern-team sponsorship notice,https://article134-tech.github.io/lititzbmx-public-knowledge-register/records/EPH-0088/,INCLUDED — indexed issue text; visual comparison pending.,PreviousPage exposes indexed text for BMX Action Bike — June/July 1982 — Volume 2 Number 2. This record preserves an issue-specific source occurrence and paraphrased factual details. Page-image comparison remains required before exact-layout quotation or visual identity merging.
PKR-CLM-016,Source record,EPH-0089,GT Pro 4 road and race test,https://article134-tech.github.io/lititzbmx-public-knowledge-register/records/EPH-0089/,INCLUDED — indexed issue text; visual comparison pending.,PreviousPage exposes indexed text for BMX Action Bike — June/July 1982 — Volume 2 Number 2. This record preserves an issue-specific source occurrence and paraphrased factual details. Page-image comparison remains required before exact-layout quotation or visual identity merging.
PKR-CLM-016,Source record,EPH-0090,GT Pro 4 specification sheet,https://article134-tech.github.io/lititzbmx-public-knowledge-register/records/EPH-0090/,INCLUDED — indexed issue text; visual comparison pending.,PreviousPage exposes indexed text for BMX Action Bike — June/July 1982 — Volume 2 Number 2. This record preserves an issue-specific source occurrence and paraphrased factual details. Page-image comparison remains required before exact-layout quotation or visual identity merging.
PKR-CLM-016,Source record,EPH-0091,Bermology track-building guide,https://article134-tech.github.io/lititzbmx-public-knowledge-register/records/EPH-0091/,INCLUDED — indexed issue text; visual comparison pending.,PreviousPage exposes indexed text for BMX Action Bike — June/July 1982 — Volume 2 Number 2. This record preserves an issue-specific source occurrence and paraphrased factual details. Page-image comparison remains required before exact-layout quotation or visual identity merging.
PKR-CLM-016,Source record,EPH-0092,Keith Wilson Redline rider profile,https://article134-tech.github.io/lititzbmx-public-knowledge-register/records/EPH-0092/,INCLUDED — indexed issue text; visual comparison pending.,PreviousPage exposes indexed text for BMX Action Bike — June/July 1982 — Volume 2 Number 2. This record preserves an issue-specific source occurrence and paraphrased factual details. Page-image comparison remains required before exact-layout quotation or visual identity merging.
PKR-CLM-016,Source record,EPH-0093,PK Ripper Radical Art competition,https://article134-tech.github.io/lititzbmx-public-knowledge-register/records/EPH-0093/,INCLUDED — indexed issue text; visual comparison pending.,PreviousPage exposes indexed text for BMX Action Bike — June/July 1982 — Volume 2 Number 2. This record preserves an issue-specific source occurrence and paraphrased factual details. Page-image comparison remains required before exact-layout quotation or visual identity merging.
PKR-CLM-016,Source record,EPH-0094,Neal Stevens State of the Art feature,https://article134-tech.github.io/lititzbmx-public-knowledge-register/records/EPH-0094/,INCLUDED — indexed issue text; visual comparison pending.,PreviousPage exposes indexed text for BMX Action Bike — June/July 1982 — Volume 2 Number 2. This record preserves an issue-specific source occurrence and paraphrased factual details. Page-image comparison remains required before exact-layout quotation or visual identity merging.
PKR-CLM-016,Source record,EPH-0095,Shiner SE Racing news and free-decal mailer,https://article134-tech.github.io/lititzbmx-public-knowledge-register/records/EPH-0095/,INCLUDED — indexed issue text; visual comparison pending.,PreviousPage exposes indexed text for BMX Action Bike — June/July 1982 — Volume 2 Number 2. This record preserves an issue-specific source occurrence and paraphrased factual details. Page-image comparison remains required before exact-layout quotation or visual identity merging.
PKR-CLM-016,Source record,EPH-0096,GT racing and dealer advertisement,https://article134-tech.github.io/lititzbmx-public-knowledge-register/records/EPH-0096/,INCLUDED — indexed issue text; visual comparison pending.,PreviousPage exposes indexed text for BMX Action Bike — June/July 1982 — Volume 2 Number 2. This record preserves an issue-specific source occurrence and paraphrased factual details. Page-image comparison remains required before exact-layout quotation or visual identity merging.
PKR-CLM-016,Source record,EPH-0097,De Ver Cycles BMX bargains listing,https://article134-tech.github.io/lititzbmx-public-knowledge-register/records/EPH-0097/,INCLUDED — indexed issue text; visual comparison pending.,PreviousPage exposes indexed text for BMX Action Bike — June/July 1982 — Volume 2 Number 2. This record preserves an issue-specific source occurrence and paraphrased factual details. Page-image comparison remains required before exact-layout quotation or visual identity merging.
PKR-CLM-016,Source record,EPH-0098,Max chainring carrying bags,https://article134-tech.github.io/lititzbmx-public-knowledge-register/records/EPH-0098/,INCLUDED — indexed issue text; visual comparison pending.,PreviousPage exposes indexed text for BMX Action Bike — June/July 1982 — Volume 2 Number 2. This record preserves an issue-specific source occurrence and paraphrased factual details. Page-image comparison remains required before exact-layout quotation or visual identity merging.
PKR-CLM-016,Source record,EPH-0099,SunTour HL-100 headset locking nut,https://article134-tech.github.io/lititzbmx-public-knowledge-register/records/EPH-0099/,INCLUDED — indexed issue text; visual comparison pending.,PreviousPage exposes indexed text for BMX Action Bike — June/July 1982 — Volume 2 Number 2. This record preserves an issue-specific source occurrence and paraphrased factual details. Page-image comparison remains required before exact-layout quotation or visual identity merging.
PKR-CLM-016,Source record,EPH-0100,Oakley O/20 goggle product notice,https://article134-tech.github.io/lititzbmx-public-knowledge-register/records/EPH-0100/,INCLUDED — indexed issue text; visual comparison pending.,PreviousPage exposes indexed text for BMX Action Bike — June/July 1982 — Volume 2 Number 2. This record preserves an issue-specific source occurrence and paraphrased factual details. Page-image comparison remains required before exact-layout quotation or visual identity merging.
PKR-CLM-016,Source record,EPH-0101,Torker Ultra 4 lightweight stem,https://article134-tech.github.io/lititzbmx-public-knowledge-register/records/EPH-0101/,INCLUDED — indexed issue text; visual comparison pending.,PreviousPage exposes indexed text for BMX Action Bike — June/July 1982 — Volume 2 Number 2. This record preserves an issue-specific source occurrence and paraphrased factual details. Page-image comparison remains required before exact-layout quotation or visual identity merging.
PKR-CLM-016,Source record,EPH-0102,Renthal wide-rise handlebar range,https://article134-tech.github.io/lititzbmx-public-knowledge-register/records/EPH-0102/,INCLUDED — indexed issue text; visual comparison pending.,PreviousPage exposes indexed text for BMX Action Bike — June/July 1982 — Volume 2 Number 2. This record preserves an issue-specific source occurrence and paraphrased factual details. Page-image comparison remains required before exact-layout quotation or visual identity merging.
PKR-CLM-016,Source record,EPH-0103,ABMX Wonder Light street-safety offer,https://article134-tech.github.io/lititzbmx-public-knowledge-register/records/EPH-0103/,INCLUDED — indexed issue text; visual comparison pending.,PreviousPage exposes indexed text for BMX Action Bike — June/July 1982 — Volume 2 Number 2. This record preserves an issue-specific source occurrence and paraphrased factual details. Page-image comparison remains required before exact-layout quotation or visual identity merging.
PKR-CLM-016,Source record,EPH-0104,Huffy Pro Thunder Competition Certified range,https://article134-tech.github.io/lititzbmx-public-knowledge-register/records/EPH-0104/,INCLUDED — indexed issue text; visual comparison pending.,PreviousPage exposes indexed text for BMX Action Bike — June/July 1982 — Volume 2 Number 2. This record preserves an issue-specific source occurrence and paraphrased factual details. Page-image comparison remains required before exact-layout quotation or visual identity merging.
PKR-CLM-016,Source record,EPH-0105,Race Inc Aero special feature,https://article134-tech.github.io/lititzbmx-public-knowledge-register/records/EPH-0105/,INCLUDED — indexed issue text; visual comparison pending.,PreviousPage exposes indexed text for BMX Action Bike — June/July 1982 — Volume 2 Number 2. This record preserves an issue-specific source occurrence and paraphrased factual details. Page-image comparison remains required before exact-layout quotation or visual identity merging.
PKR-CLM-016,Source record,EPH-0106,SJK British chromoly race-bike test,https://article134-tech.github.io/lititzbmx-public-knowledge-register/records/EPH-0106/,INCLUDED — indexed issue text; visual comparison pending.,PreviousPage exposes indexed text for BMX Action Bike — June/July 1982 — Volume 2 Number 2. This record preserves an issue-specific source occurrence and paraphrased factual details. Page-image comparison remains required before exact-layout quotation or visual identity merging.
PKR-CLM-016,Source record,EPH-0107,Cyclone Bikes seven-sticker packet offer,https://article134-tech.github.io/lititzbmx-public-knowledge-register/records/EPH-0107/,INCLUDED — indexed issue text; visual comparison pending.,PreviousPage exposes indexed text for BMX Action Bike — June/July 1982 — Volume 2 Number 2. This record preserves an issue-specific source occurrence and paraphrased factual details. Page-image comparison remains required before exact-layout quotation or visual identity merging.
PKR-CLM-016,Source record,EPH-0108,UKBMX national rule-book notice,https://article134-tech.github.io/lititzbmx-public-knowledge-register/records/EPH-0108/,INCLUDED — indexed issue text; visual comparison pending.,PreviousPage exposes indexed text for BMX Action Bike — June/July 1982 — Volume 2 Number 2. This record preserves an issue-specific source occurrence and paraphrased factual details. Page-image comparison remains required before exact-layout quotation or visual identity merging.
PKR-CLM-016,Source record,EPH-0109,Puch Murray 20-inch and 24-inch BMX range advertisement,https://article134-tech.github.io/lititzbmx-public-knowledge-register/records/EPH-0109/,INCLUDED — indexed issue text; visual comparison pending.,PreviousPage exposes indexed text for BMX Action Bike — August/September 1982 — Volume 2 Number 3. This record preserves an issue-specific source occurrence and paraphrased factual details. Page-image comparison remains required before exact-layout quotation or visual identity merging.
PKR-CLM-016,Source record,EPH-0110,Diamond Back Silver Streak and Pro-Star information-pack offer,https://article134-tech.github.io/lititzbmx-public-knowledge-register/records/EPH-0110/,INCLUDED — indexed issue text; visual comparison pending.,PreviousPage exposes indexed text for BMX Action Bike — August/September 1982 — Volume 2 Number 3. This record preserves an issue-specific source occurrence and paraphrased factual details. Page-image comparison remains required before exact-layout quotation or visual identity merging. Potential recurring-campaign relationship with EPH-0159 (Diamond Back Silver Streak information-pack campaign); do not merge without page-image comparison.
PKR-CLM-016,Source record,EPH-0111,Kenda Karate tyre advertisement,https://article134-tech.github.io/lititzbmx-public-knowledge-register/records/EPH-0111/,INCLUDED — indexed issue text; visual comparison pending.,PreviousPage exposes indexed text for BMX Action Bike — August/September 1982 — Volume 2 Number 3. This record preserves an issue-specific source occurrence and paraphrased factual details. Page-image comparison remains required before exact-layout quotation or visual identity merging.
PKR-CLM-016,Source record,EPH-0112,Raleigh Burner five-model range launch,https://article134-tech.github.io/lititzbmx-public-knowledge-register/records/EPH-0112/,INCLUDED — indexed issue text; visual comparison pending.,PreviousPage exposes indexed text for BMX Action Bike — August/September 1982 — Volume 2 Number 3. This record preserves an issue-specific source occurrence and paraphrased factual details. Page-image comparison remains required before exact-layout quotation or visual identity merging. Potential recurring-campaign relationship with EPH-0203 (Raleigh Burner range / price-list campaign); do not merge without page-image comparison.
PKR-CLM-016,Source record,EPH-0113,Home-built Diamond Back II project letter,https://article134-tech.github.io/lititzbmx-public-knowledge-register/records/EPH-0113/,INCLUDED — indexed issue text; visual comparison pending.,PreviousPage exposes indexed text for BMX Action Bike — August/September 1982 — Volume 2 Number 3. This record preserves an issue-specific source occurrence and paraphrased factual details. Page-image comparison remains required before exact-layout quotation or visual identity merging.
PKR-CLM-016,Source record,EPH-0114,Ramsey BMX Club free-entry visitor notice,https://article134-tech.github.io/lititzbmx-public-knowledge-register/records/EPH-0114/,INCLUDED — indexed issue text; visual comparison pending.,PreviousPage exposes indexed text for BMX Action Bike — August/September 1982 — Volume 2 Number 3. This record preserves an issue-specific source occurrence and paraphrased factual details. Page-image comparison remains required before exact-layout quotation or visual identity merging.
PKR-CLM-016,Source record,EPH-0115,ACS experimental 26-inch Z-rim production note,https://article134-tech.github.io/lititzbmx-public-knowledge-register/records/EPH-0115/,INCLUDED — indexed issue text; visual comparison pending.,PreviousPage exposes indexed text for BMX Action Bike — August/September 1982 — Volume 2 Number 3. This record preserves an issue-specific source occurrence and paraphrased factual details. Page-image comparison remains required before exact-layout quotation or visual identity merging.
PKR-CLM-016,Source record,EPH-0116,Gecko BMX product-range advertisement,https://article134-tech.github.io/lititzbmx-public-knowledge-register/records/EPH-0116/,INCLUDED — indexed issue text; visual comparison pending.,PreviousPage exposes indexed text for BMX Action Bike — August/September 1982 — Volume 2 Number 3. This record preserves an issue-specific source occurrence and paraphrased factual details. Page-image comparison remains required before exact-layout quotation or visual identity merging.
PKR-CLM-016,Source record,EPH-0117,Redline PL-20 Carrera complete-package advertisement,https://article134-tech.github.io/lititzbmx-public-knowledge-register/records/EPH-0117/,INCLUDED — indexed issue text; visual comparison pending.,PreviousPage exposes indexed text for BMX Action Bike — August/September 1982 — Volume 2 Number 3. This record preserves an issue-specific source occurrence and paraphrased factual details. Page-image comparison remains required before exact-layout quotation or visual identity merging.
PKR-CLM-016,Source record,EPH-0118,Kuwahara frame-and-fork range advertisement,https://article134-tech.github.io/lititzbmx-public-knowledge-register/records/EPH-0118/,INCLUDED — indexed issue text; visual comparison pending.,PreviousPage exposes indexed text for BMX Action Bike — August/September 1982 — Volume 2 Number 3. This record preserves an issue-specific source occurrence and paraphrased factual details. Page-image comparison remains required before exact-layout quotation or visual identity merging.
PKR-CLM-016,Source record,EPH-0119,"MCS, Race Inc, and Powerlite range advertisement",https://article134-tech.github.io/lititzbmx-public-knowledge-register/records/EPH-0119/,INCLUDED — indexed issue text; visual comparison pending.,PreviousPage exposes indexed text for BMX Action Bike — August/September 1982 — Volume 2 Number 3. This record preserves an issue-specific source occurrence and paraphrased factual details. Page-image comparison remains required before exact-layout quotation or visual identity merging.
PKR-CLM-016,Source record,EPH-0120,PK Ripper editorial test,https://article134-tech.github.io/lititzbmx-public-knowledge-register/records/EPH-0120/,INCLUDED — indexed issue text; visual comparison pending.,PreviousPage exposes indexed text for BMX Action Bike — August/September 1982 — Volume 2 Number 3. This record preserves an issue-specific source occurrence and paraphrased factual details. Page-image comparison remains required before exact-layout quotation or visual identity merging.
PKR-CLM-016,Source record,EPH-0121,Ammaco BMX thrash test,https://article134-tech.github.io/lititzbmx-public-knowledge-register/records/EPH-0121/,INCLUDED — indexed issue text; visual comparison pending.,PreviousPage exposes indexed text for BMX Action Bike — August/September 1982 — Volume 2 Number 3. This record preserves an issue-specific source occurrence and paraphrased factual details. Page-image comparison remains required before exact-layout quotation or visual identity merging.
PKR-CLM-016,Source record,EPH-0122,Tim March profile and March Racing Developments launch,https://article134-tech.github.io/lititzbmx-public-knowledge-register/records/EPH-0122/,INCLUDED — indexed issue text; visual comparison pending.,PreviousPage exposes indexed text for BMX Action Bike — August/September 1982 — Volume 2 Number 3. This record preserves an issue-specific source occurrence and paraphrased factual details. Page-image comparison remains required before exact-layout quotation or visual identity merging.
PKR-CLM-016,Source record,EPH-0123,March Racing Developments number-plate offer,https://article134-tech.github.io/lititzbmx-public-knowledge-register/records/EPH-0123/,INCLUDED — indexed issue text; visual comparison pending.,PreviousPage exposes indexed text for BMX Action Bike — August/September 1982 — Volume 2 Number 3. This record preserves an issue-specific source occurrence and paraphrased factual details. Page-image comparison remains required before exact-layout quotation or visual identity merging.
PKR-CLM-016,Source record,EPH-0124,Hotshot retail and trade price-list/sticker service,https://article134-tech.github.io/lititzbmx-public-knowledge-register/records/EPH-0124/,INCLUDED — indexed issue text; visual comparison pending.,PreviousPage exposes indexed text for BMX Action Bike — August/September 1982 — Volume 2 Number 3. This record preserves an issue-specific source occurrence and paraphrased factual details. Page-image comparison remains required before exact-layout quotation or visual identity merging.
PKR-CLM-016,Source record,EPH-0125,DC Racing price-list and sticker mailer,https://article134-tech.github.io/lititzbmx-public-knowledge-register/records/EPH-0125/,INCLUDED — indexed issue text; visual comparison pending.,PreviousPage exposes indexed text for BMX Action Bike — August/September 1982 — Volume 2 Number 3. This record preserves an issue-specific source occurrence and paraphrased factual details. Page-image comparison remains required before exact-layout quotation or visual identity merging.
PKR-CLM-016,Source record,EPH-0126,Piranha cast-wheel model announcement,https://article134-tech.github.io/lititzbmx-public-knowledge-register/records/EPH-0126/,INCLUDED — indexed issue text; visual comparison pending.,PreviousPage exposes indexed text for BMX Action Bike — August/September 1982 — Volume 2 Number 3. This record preserves an issue-specific source occurrence and paraphrased factual details. Page-image comparison remains required before exact-layout quotation or visual identity merging.
PKR-CLM-016,Source record,EPH-0127,Surrey BMX six-page bargain-list advertisement,https://article134-tech.github.io/lititzbmx-public-knowledge-register/records/EPH-0127/,INCLUDED — indexed issue text; visual comparison pending.,PreviousPage exposes indexed text for BMX Action Bike — August/September 1982 — Volume 2 Number 3. This record preserves an issue-specific source occurrence and paraphrased factual details. Page-image comparison remains required before exact-layout quotation or visual identity merging.
PKR-CLM-016,Source record,EPH-0128,Cooper convertible BMX helmet mailer,https://article134-tech.github.io/lititzbmx-public-knowledge-register/records/EPH-0128/,INCLUDED — indexed issue text; visual comparison pending.,PreviousPage exposes indexed text for BMX Action Bike — August/September 1982 — Volume 2 Number 3. This record preserves an issue-specific source occurrence and paraphrased factual details. Page-image comparison remains required before exact-layout quotation or visual identity merging.
PKR-CLM-016,Source record,EPH-0129,Lee and SunTour sealed bottom-bracket product note,https://article134-tech.github.io/lititzbmx-public-knowledge-register/records/EPH-0129/,INCLUDED — indexed issue text; visual comparison pending.,PreviousPage exposes indexed text for BMX Action Bike — August/September 1982 — Volume 2 Number 3. This record preserves an issue-specific source occurrence and paraphrased factual details. Page-image comparison remains required before exact-layout quotation or visual identity merging.
PKR-CLM-016,Source record,EPH-0130,Araya aerodynamic sew-up race-wheel note,https://article134-tech.github.io/lititzbmx-public-knowledge-register/records/EPH-0130/,INCLUDED — indexed issue text; visual comparison pending.,PreviousPage exposes indexed text for BMX Action Bike — August/September 1982 — Volume 2 Number 3. This record preserves an issue-specific source occurrence and paraphrased factual details. Page-image comparison remains required before exact-layout quotation or visual identity merging.
PKR-CLM-016,Source record,EPH-0131,Profile mini BMX build feature,https://article134-tech.github.io/lititzbmx-public-knowledge-register/records/EPH-0131/,INCLUDED — indexed issue text; visual comparison pending.,PreviousPage exposes indexed text for BMX Action Bike — August/September 1982 — Volume 2 Number 3. This record preserves an issue-specific source occurrence and paraphrased factual details. Page-image comparison remains required before exact-layout quotation or visual identity merging.
PKR-CLM-016,Source record,EPH-0132,Patterson chromoly frame-and-fork advertisement,https://article134-tech.github.io/lititzbmx-public-knowledge-register/records/EPH-0132/,INCLUDED — indexed issue text; visual comparison pending.,PreviousPage exposes indexed text for BMX Action Bike — August/September 1982 — Volume 2 Number 3. This record preserves an issue-specific source occurrence and paraphrased factual details. Page-image comparison remains required before exact-layout quotation or visual identity merging.
PKR-CLM-016,Source record,EPH-0133,KHS Duster four-model range and RRPs,https://article134-tech.github.io/lititzbmx-public-knowledge-register/records/EPH-0133/,INCLUDED — indexed issue text; visual comparison pending.,PreviousPage exposes indexed text for BMX Action Bike — August/September 1982 — Volume 2 Number 3. This record preserves an issue-specific source occurrence and paraphrased factual details. Page-image comparison remains required before exact-layout quotation or visual identity merging.
PKR-CLM-016,Source record,EPH-0134,SJK Hurricane distributor announcement,https://article134-tech.github.io/lititzbmx-public-knowledge-register/records/EPH-0134/,INCLUDED — indexed issue text; visual comparison pending.,PreviousPage exposes indexed text for BMX Action Bike — August/September 1982 — Volume 2 Number 3. This record preserves an issue-specific source occurrence and paraphrased factual details. Page-image comparison remains required before exact-layout quotation or visual identity merging.
PKR-CLM-016,Source record,EPH-0135,Summer chrome-plating service advertisement,https://article134-tech.github.io/lititzbmx-public-knowledge-register/records/EPH-0135/,INCLUDED — indexed issue text; visual comparison pending.,PreviousPage exposes indexed text for BMX Action Bike — August/September 1982 — Volume 2 Number 3. This record preserves an issue-specific source occurrence and paraphrased factual details. Page-image comparison remains required before exact-layout quotation or visual identity merging.
PKR-CLM-016,Source record,EPH-0136,Twenty-pence BMX catalogue mailer,https://article134-tech.github.io/lititzbmx-public-knowledge-register/records/EPH-0136/,INCLUDED — indexed issue text; visual comparison pending.,PreviousPage exposes indexed text for BMX Action Bike — August/September 1982 — Volume 2 Number 3. This record preserves an issue-specific source occurrence and paraphrased factual details. Page-image comparison remains required before exact-layout quotation or visual identity merging.
PKR-CLM-016,Source record,EPH-0137,Puch Murray competition BMX range advertisement,https://article134-tech.github.io/lititzbmx-public-knowledge-register/records/EPH-0137/,INCLUDED — indexed issue text; visual comparison pending.,PreviousPage exposes indexed text for BMX Action Bike — October/November 1982 — Volume 2 Number 4. This record preserves an issue-specific source occurrence and paraphrased factual details. Page-image comparison remains required before exact-layout quotation or visual identity merging.
PKR-CLM-016,Source record,EPH-0138,Redline 400 Series durability advertisement,https://article134-tech.github.io/lititzbmx-public-knowledge-register/records/EPH-0138/,INCLUDED — indexed issue text; visual comparison pending.,PreviousPage exposes indexed text for BMX Action Bike — October/November 1982 — Volume 2 Number 4. This record preserves an issue-specific source occurrence and paraphrased factual details. Page-image comparison remains required before exact-layout quotation or visual identity merging.
PKR-CLM-016,Source record,EPH-0139,Hot Wheels BMX Centre Shimano price list,https://article134-tech.github.io/lititzbmx-public-knowledge-register/records/EPH-0139/,INCLUDED — indexed issue text; visual comparison pending.,PreviousPage exposes indexed text for BMX Action Bike — October/November 1982 — Volume 2 Number 4. This record preserves an issue-specific source occurrence and paraphrased factual details. Page-image comparison remains required before exact-layout quotation or visual identity merging. Potential recurring-campaign relationship with EPH-0185 (Hot Wheels Centre retailer campaign); do not merge without page-image comparison.
PKR-CLM-016,Source record,EPH-0140,Kuwahara E.T. Special product announcement,https://article134-tech.github.io/lititzbmx-public-knowledge-register/records/EPH-0140/,INCLUDED — indexed issue text; visual comparison pending.,PreviousPage exposes indexed text for BMX Action Bike — October/November 1982 — Volume 2 Number 4. This record preserves an issue-specific source occurrence and paraphrased factual details. Page-image comparison remains required before exact-layout quotation or visual identity merging.
PKR-CLM-016,Source record,EPH-0141,BMX track-openings and construction logbook,https://article134-tech.github.io/lititzbmx-public-knowledge-register/records/EPH-0141/,INCLUDED — indexed issue text; visual comparison pending.,PreviousPage exposes indexed text for BMX Action Bike — October/November 1982 — Volume 2 Number 4. This record preserves an issue-specific source occurrence and paraphrased factual details. Page-image comparison remains required before exact-layout quotation or visual identity merging.
PKR-CLM-016,Source record,EPH-0142,"Shiner Panda, SE Racing, and KHS range advertisement",https://article134-tech.github.io/lititzbmx-public-knowledge-register/records/EPH-0142/,INCLUDED — indexed issue text; visual comparison pending.,PreviousPage exposes indexed text for BMX Action Bike — October/November 1982 — Volume 2 Number 4. This record preserves an issue-specific source occurrence and paraphrased factual details. Page-image comparison remains required before exact-layout quotation or visual identity merging.
PKR-CLM-016,Source record,EPH-0143,Adjustable car cycle-rack advertisement,https://article134-tech.github.io/lititzbmx-public-knowledge-register/records/EPH-0143/,INCLUDED — indexed issue text; visual comparison pending.,PreviousPage exposes indexed text for BMX Action Bike — October/November 1982 — Volume 2 Number 4. This record preserves an issue-specific source occurrence and paraphrased factual details. Page-image comparison remains required before exact-layout quotation or visual identity merging.
PKR-CLM-016,Source record,EPH-0144,Skyway Tuff wheels with alloy hubs launch,https://article134-tech.github.io/lititzbmx-public-knowledge-register/records/EPH-0144/,INCLUDED — indexed issue text; visual comparison pending.,PreviousPage exposes indexed text for BMX Action Bike — October/November 1982 — Volume 2 Number 4. This record preserves an issue-specific source occurrence and paraphrased factual details. Page-image comparison remains required before exact-layout quotation or visual identity merging.
PKR-CLM-016,Source record,EPH-0145,Skyway information and Andy Patterson poster mailer,https://article134-tech.github.io/lititzbmx-public-knowledge-register/records/EPH-0145/,INCLUDED — indexed issue text; visual comparison pending.,PreviousPage exposes indexed text for BMX Action Bike — October/November 1982 — Volume 2 Number 4. This record preserves an issue-specific source occurrence and paraphrased factual details. Page-image comparison remains required before exact-layout quotation or visual identity merging.
PKR-CLM-016,Source record,EPH-0146,Alpine Action one-hundred-pound advertisement-design contest,https://article134-tech.github.io/lititzbmx-public-knowledge-register/records/EPH-0146/,INCLUDED — indexed issue text; visual comparison pending.,PreviousPage exposes indexed text for BMX Action Bike — October/November 1982 — Volume 2 Number 4. This record preserves an issue-specific source occurrence and paraphrased factual details. Page-image comparison remains required before exact-layout quotation or visual identity merging.
PKR-CLM-016,Source record,EPH-0147,Murray and Puch test-range mailer with free membership,https://article134-tech.github.io/lititzbmx-public-knowledge-register/records/EPH-0147/,INCLUDED — indexed issue text; visual comparison pending.,PreviousPage exposes indexed text for BMX Action Bike — October/November 1982 — Volume 2 Number 4. This record preserves an issue-specific source occurrence and paraphrased factual details. Page-image comparison remains required before exact-layout quotation or visual identity merging.
PKR-CLM-016,Source record,EPH-0148,BMX Action Bike race-shirt mailer,https://article134-tech.github.io/lititzbmx-public-knowledge-register/records/EPH-0148/,INCLUDED — indexed issue text; visual comparison pending.,PreviousPage exposes indexed text for BMX Action Bike — October/November 1982 — Volume 2 Number 4. This record preserves an issue-specific source occurrence and paraphrased factual details. Page-image comparison remains required before exact-layout quotation or visual identity merging.
PKR-CLM-016,Source record,EPH-0149,E.T. film and Kuwahara bicycle feature,https://article134-tech.github.io/lititzbmx-public-knowledge-register/records/EPH-0149/,INCLUDED — indexed issue text; visual comparison pending.,PreviousPage exposes indexed text for BMX Action Bike — October/November 1982 — Volume 2 Number 4. This record preserves an issue-specific source occurrence and paraphrased factual details. Page-image comparison remains required before exact-layout quotation or visual identity merging.
PKR-CLM-016,Source record,EPH-0150,Pro-Lite information-pack and decal mailer,https://article134-tech.github.io/lititzbmx-public-knowledge-register/records/EPH-0150/,INCLUDED — indexed issue text; visual comparison pending.,PreviousPage exposes indexed text for BMX Action Bike — October/November 1982 — Volume 2 Number 4. This record preserves an issue-specific source occurrence and paraphrased factual details. Page-image comparison remains required before exact-layout quotation or visual identity merging.
PKR-CLM-016,Source record,EPH-0151,ABMX Bonanza reader survey competition,https://article134-tech.github.io/lititzbmx-public-knowledge-register/records/EPH-0151/,INCLUDED — indexed issue text; visual comparison pending.,PreviousPage exposes indexed text for BMX Action Bike — October/November 1982 — Volume 2 Number 4. This record preserves an issue-specific source occurrence and paraphrased factual details. Page-image comparison remains required before exact-layout quotation or visual identity merging.
PKR-CLM-016,Source record,EPH-0152,AMF Scorcher 7 reader-survey prize,https://article134-tech.github.io/lititzbmx-public-knowledge-register/records/EPH-0152/,INCLUDED — indexed issue text; visual comparison pending.,PreviousPage exposes indexed text for BMX Action Bike — October/November 1982 — Volume 2 Number 4. This record preserves an issue-specific source occurrence and paraphrased factual details. Page-image comparison remains required before exact-layout quotation or visual identity merging.
PKR-CLM-016,Source record,EPH-0153,Reynolds 531 BMX frame-and-fork survey prize,https://article134-tech.github.io/lititzbmx-public-knowledge-register/records/EPH-0153/,INCLUDED — indexed issue text; visual comparison pending.,PreviousPage exposes indexed text for BMX Action Bike — October/November 1982 — Volume 2 Number 4. This record preserves an issue-specific source occurrence and paraphrased factual details. Page-image comparison remains required before exact-layout quotation or visual identity merging.
PKR-CLM-016,Source record,EPH-0154,Team Mongoose factory-direct value advertisement,https://article134-tech.github.io/lititzbmx-public-knowledge-register/records/EPH-0154/,INCLUDED — indexed issue text; visual comparison pending.,PreviousPage exposes indexed text for BMX Action Bike — October/November 1982 — Volume 2 Number 4. This record preserves an issue-specific source occurrence and paraphrased factual details. Page-image comparison remains required before exact-layout quotation or visual identity merging.
PKR-CLM-016,Source record,EPH-0155,ABMX race nutrition and training article,https://article134-tech.github.io/lititzbmx-public-knowledge-register/records/EPH-0155/,INCLUDED — indexed issue text; visual comparison pending.,PreviousPage exposes indexed text for BMX Action Bike — October/November 1982 — Volume 2 Number 4. This record preserves an issue-specific source occurrence and paraphrased factual details. Page-image comparison remains required before exact-layout quotation or visual identity merging.
PKR-CLM-016,Source record,EPH-0156,BMX Invader and Action Bikes monthly specials,https://article134-tech.github.io/lititzbmx-public-knowledge-register/records/EPH-0156/,INCLUDED — indexed issue text; visual comparison pending.,PreviousPage exposes indexed text for BMX Action Bike — October/November 1982 — Volume 2 Number 4. This record preserves an issue-specific source occurrence and paraphrased factual details. Page-image comparison remains required before exact-layout quotation or visual identity merging.
PKR-CLM-016,Source record,EPH-0157,Huffy Pro Lightning preview,https://article134-tech.github.io/lititzbmx-public-knowledge-register/records/EPH-0157/,INCLUDED — indexed issue text; visual comparison pending.,PreviousPage exposes indexed text for BMX Action Bike — October/November 1982 — Volume 2 Number 4. This record preserves an issue-specific source occurrence and paraphrased factual details. Page-image comparison remains required before exact-layout quotation or visual identity merging.
PKR-CLM-016,Source record,EPH-0158,Stolen Kuwahara notice and subscription reward,https://article134-tech.github.io/lititzbmx-public-knowledge-register/records/EPH-0158/,INCLUDED — indexed issue text; visual comparison pending.,PreviousPage exposes indexed text for BMX Action Bike — October/November 1982 — Volume 2 Number 4. This record preserves an issue-specific source occurrence and paraphrased factual details. Page-image comparison remains required before exact-layout quotation or visual identity merging.
PKR-CLM-016,Source record,EPH-0159,Diamond Back Silver Streak information-pack placement,https://article134-tech.github.io/lititzbmx-public-knowledge-register/records/EPH-0159/,INCLUDED — indexed issue text; visual comparison pending.,PreviousPage exposes indexed text for BMX Action Bike — October/November 1982 — Volume 2 Number 4. This record preserves an issue-specific source occurrence and paraphrased factual details. Page-image comparison remains required before exact-layout quotation or visual identity merging. Potential recurring-campaign relationship with EPH-0110 (Diamond Back Silver Streak information-pack campaign); do not merge without page-image comparison.
PKR-CLM-016,Source record,EPH-0160,Kuwahara one-hundred-rider team recruitment offer,https://article134-tech.github.io/lititzbmx-public-knowledge-register/records/EPH-0160/,INCLUDED — indexed issue text; visual comparison pending.,PreviousPage exposes indexed text for BMX Action Bike — October/November 1982 — Volume 2 Number 4. This record preserves an issue-specific source occurrence and paraphrased factual details. Page-image comparison remains required before exact-layout quotation or visual identity merging.
PKR-CLM-016,Source record,EPH-0161,Holdsworth BMX Centres multi-brand advertisement,https://article134-tech.github.io/lititzbmx-public-knowledge-register/records/EPH-0161/,INCLUDED — indexed issue text; visual comparison pending.,PreviousPage exposes indexed text for BMX Action Bike — October/November 1982 — Volume 2 Number 4. This record preserves an issue-specific source occurrence and paraphrased factual details. Page-image comparison remains required before exact-layout quotation or visual identity merging. Potential recurring-campaign relationship with EPH-0196 (Holdsworth multi-brand retailer campaign); do not merge without page-image comparison.
PKR-CLM-016,Source record,EPH-0162,Bolton BMXmas Club Supadeal,https://article134-tech.github.io/lititzbmx-public-knowledge-register/records/EPH-0162/,INCLUDED — indexed issue text; visual comparison pending.,PreviousPage exposes indexed text for BMX Action Bike — October/November 1982 — Volume 2 Number 4. This record preserves an issue-specific source occurrence and paraphrased factual details. Page-image comparison remains required before exact-layout quotation or visual identity merging.
PKR-CLM-016,Source record,EPH-0163,Haro number-plate heritage advertisement,https://article134-tech.github.io/lititzbmx-public-knowledge-register/records/EPH-0163/,INCLUDED — indexed issue text; visual comparison pending.,PreviousPage exposes indexed text for BMX Action Bike — October/November 1982 — Volume 2 Number 4. This record preserves an issue-specific source occurrence and paraphrased factual details. Page-image comparison remains required before exact-layout quotation or visual identity merging.
PKR-CLM-016,Source record,EPH-0164,SunTour HB-6000 reversible rear-hub product literature,https://article134-tech.github.io/lititzbmx-public-knowledge-register/records/EPH-0164/,INCLUDED — indexed issue text; visual comparison pending.,PreviousPage exposes indexed text for BMX Action Bike — October/November 1982 — Volume 2 Number 4. This record preserves an issue-specific source occurrence and paraphrased factual details. Page-image comparison remains required before exact-layout quotation or visual identity merging.
PKR-CLM-016,Source record,EPH-0165,Troxel Comet saddle-and-post advertisement,https://article134-tech.github.io/lititzbmx-public-knowledge-register/records/EPH-0165/,INCLUDED — indexed issue text; visual comparison pending.,PreviousPage exposes indexed text for BMX Action Bike — October/November 1982 — Volume 2 Number 4. This record preserves an issue-specific source occurrence and paraphrased factual details. Page-image comparison remains required before exact-layout quotation or visual identity merging.
PKR-CLM-016,Source record,EPH-0166,Shimano DX platform-pedal advertisement,https://article134-tech.github.io/lititzbmx-public-knowledge-register/records/EPH-0166/,INCLUDED — indexed issue text; visual comparison pending.,PreviousPage exposes indexed text for BMX Action Bike — December 1982/January 1983 — Volume 2 Number 5. This record preserves an issue-specific source occurrence and paraphrased factual details. Page-image comparison remains required before exact-layout quotation or visual identity merging.
PKR-CLM-016,Source record,EPH-0167,Shimano DX micro-adjust seatpost announcement,https://article134-tech.github.io/lititzbmx-public-knowledge-register/records/EPH-0167/,INCLUDED — indexed issue text; visual comparison pending.,PreviousPage exposes indexed text for BMX Action Bike — December 1982/January 1983 — Volume 2 Number 5. This record preserves an issue-specific source occurrence and paraphrased factual details. Page-image comparison remains required before exact-layout quotation or visual identity merging.
PKR-CLM-016,Source record,EPH-0168,Pro-Lite protective-equipment information-pack placement,https://article134-tech.github.io/lititzbmx-public-knowledge-register/records/EPH-0168/,INCLUDED — indexed issue text; visual comparison pending.,PreviousPage exposes indexed text for BMX Action Bike — December 1982/January 1983 — Volume 2 Number 5. This record preserves an issue-specific source occurrence and paraphrased factual details. Page-image comparison remains required before exact-layout quotation or visual identity merging.
PKR-CLM-016,Source record,EPH-0169,Halfords California BMX model-range price advertisement,https://article134-tech.github.io/lititzbmx-public-knowledge-register/records/EPH-0169/,INCLUDED — indexed issue text; visual comparison pending.,PreviousPage exposes indexed text for BMX Action Bike — December 1982/January 1983 — Volume 2 Number 5. This record preserves an issue-specific source occurrence and paraphrased factual details. Page-image comparison remains required before exact-layout quotation or visual identity merging.
PKR-CLM-016,Source record,EPH-0170,Halfords Raleigh Burner and free Haro plate promotion,https://article134-tech.github.io/lititzbmx-public-knowledge-register/records/EPH-0170/,INCLUDED — indexed issue text; visual comparison pending.,PreviousPage exposes indexed text for BMX Action Bike — December 1982/January 1983 — Volume 2 Number 5. This record preserves an issue-specific source occurrence and paraphrased factual details. Page-image comparison remains required before exact-layout quotation or visual identity merging.
PKR-CLM-016,Source record,EPH-0171,British and world BMX wheelie-record attempt notice,https://article134-tech.github.io/lititzbmx-public-knowledge-register/records/EPH-0171/,INCLUDED — indexed issue text; visual comparison pending.,PreviousPage exposes indexed text for BMX Action Bike — December 1982/January 1983 — Volume 2 Number 5. This record preserves an issue-specific source occurrence and paraphrased factual details. Page-image comparison remains required before exact-layout quotation or visual identity merging.
PKR-CLM-016,Source record,EPH-0172,British and world bunnyhop-record attempt notice,https://article134-tech.github.io/lititzbmx-public-knowledge-register/records/EPH-0172/,INCLUDED — indexed issue text; visual comparison pending.,PreviousPage exposes indexed text for BMX Action Bike — December 1982/January 1983 — Volume 2 Number 5. This record preserves an issue-specific source occurrence and paraphrased factual details. Page-image comparison remains required before exact-layout quotation or visual identity merging.
PKR-CLM-016,Source record,EPH-0173,Lee Cooper BMX coaching clinic,https://article134-tech.github.io/lititzbmx-public-knowledge-register/records/EPH-0173/,INCLUDED — indexed issue text; visual comparison pending.,PreviousPage exposes indexed text for BMX Action Bike — December 1982/January 1983 — Volume 2 Number 5. This record preserves an issue-specific source occurrence and paraphrased factual details. Page-image comparison remains required before exact-layout quotation or visual identity merging.
PKR-CLM-016,Source record,EPH-0174,Lee Cooper freestyle stunt competition,https://article134-tech.github.io/lititzbmx-public-knowledge-register/records/EPH-0174/,INCLUDED — indexed issue text; visual comparison pending.,PreviousPage exposes indexed text for BMX Action Bike — December 1982/January 1983 — Volume 2 Number 5. This record preserves an issue-specific source occurrence and paraphrased factual details. Page-image comparison remains required before exact-layout quotation or visual identity merging.
PKR-CLM-016,Source record,EPH-0175,Diamond Back Teamfinder race series launch,https://article134-tech.github.io/lititzbmx-public-knowledge-register/records/EPH-0175/,INCLUDED — indexed issue text; visual comparison pending.,PreviousPage exposes indexed text for BMX Action Bike — December 1982/January 1983 — Volume 2 Number 5. This record preserves an issue-specific source occurrence and paraphrased factual details. Page-image comparison remains required before exact-layout quotation or visual identity merging.
PKR-CLM-016,Source record,EPH-0176,First National BMX Poll ballot,https://article134-tech.github.io/lititzbmx-public-knowledge-register/records/EPH-0176/,INCLUDED — indexed issue text; visual comparison pending.,PreviousPage exposes indexed text for BMX Action Bike — December 1982/January 1983 — Volume 2 Number 5. This record preserves an issue-specific source occurrence and paraphrased factual details. Page-image comparison remains required before exact-layout quotation or visual identity merging.
PKR-CLM-016,Source record,EPH-0177,Diamond Back Turbo national-poll prize,https://article134-tech.github.io/lititzbmx-public-knowledge-register/records/EPH-0177/,INCLUDED — indexed issue text; visual comparison pending.,PreviousPage exposes indexed text for BMX Action Bike — December 1982/January 1983 — Volume 2 Number 5. This record preserves an issue-specific source occurrence and paraphrased factual details. Page-image comparison remains required before exact-layout quotation or visual identity merging.
PKR-CLM-016,Source record,EPH-0178,Skyway Tuff II national-poll prize,https://article134-tech.github.io/lititzbmx-public-knowledge-register/records/EPH-0178/,INCLUDED — indexed issue text; visual comparison pending.,PreviousPage exposes indexed text for BMX Action Bike — December 1982/January 1983 — Volume 2 Number 5. This record preserves an issue-specific source occurrence and paraphrased factual details. Page-image comparison remains required before exact-layout quotation or visual identity merging.
PKR-CLM-016,Source record,EPH-0179,Bell lightweight helmet national-poll prize,https://article134-tech.github.io/lititzbmx-public-knowledge-register/records/EPH-0179/,INCLUDED — indexed issue text; visual comparison pending.,PreviousPage exposes indexed text for BMX Action Bike — December 1982/January 1983 — Volume 2 Number 5. This record preserves an issue-specific source occurrence and paraphrased factual details. Page-image comparison remains required before exact-layout quotation or visual identity merging.
PKR-CLM-016,Source record,EPH-0180,Asahi Action Spokes product advertisement,https://article134-tech.github.io/lititzbmx-public-knowledge-register/records/EPH-0180/,INCLUDED — indexed issue text; visual comparison pending.,PreviousPage exposes indexed text for BMX Action Bike — December 1982/January 1983 — Volume 2 Number 5. This record preserves an issue-specific source occurrence and paraphrased factual details. Page-image comparison remains required before exact-layout quotation or visual identity merging.
PKR-CLM-016,Source record,EPH-0181,King Sticker five-sticker and jumbo-pack offer,https://article134-tech.github.io/lititzbmx-public-knowledge-register/records/EPH-0181/,INCLUDED — indexed issue text; visual comparison pending.,PreviousPage exposes indexed text for BMX Action Bike — December 1982/January 1983 — Volume 2 Number 5. This record preserves an issue-specific source occurrence and paraphrased factual details. Page-image comparison remains required before exact-layout quotation or visual identity merging. Potential recurring-campaign relationship with EPH-0238 (King Sticker five-pack / jumbo-pack campaign); do not merge without page-image comparison.
PKR-CLM-016,Source record,EPH-0182,Raleigh Pro Burner Christmas price promotion,https://article134-tech.github.io/lititzbmx-public-knowledge-register/records/EPH-0182/,INCLUDED — indexed issue text; visual comparison pending.,PreviousPage exposes indexed text for BMX Action Bike — December 1982/January 1983 — Volume 2 Number 5. This record preserves an issue-specific source occurrence and paraphrased factual details. Page-image comparison remains required before exact-layout quotation or visual identity merging.
PKR-CLM-016,Source record,EPH-0183,Diatron Wildcat convertible helmet launch,https://article134-tech.github.io/lititzbmx-public-knowledge-register/records/EPH-0183/,INCLUDED — indexed issue text; visual comparison pending.,PreviousPage exposes indexed text for BMX Action Bike — December 1982/January 1983 — Volume 2 Number 5. This record preserves an issue-specific source occurrence and paraphrased factual details. Page-image comparison remains required before exact-layout quotation or visual identity merging.
PKR-CLM-016,Source record,EPH-0184,Piranha cast-wheel bicycle launch advertisement,https://article134-tech.github.io/lititzbmx-public-knowledge-register/records/EPH-0184/,INCLUDED — indexed issue text; visual comparison pending.,PreviousPage exposes indexed text for BMX Action Bike — December 1982/January 1983 — Volume 2 Number 5. This record preserves an issue-specific source occurrence and paraphrased factual details. Page-image comparison remains required before exact-layout quotation or visual identity merging.
PKR-CLM-016,Source record,EPH-0185,Hot Wheels BMX Centre imported-product advertisement,https://article134-tech.github.io/lititzbmx-public-knowledge-register/records/EPH-0185/,INCLUDED — indexed issue text; visual comparison pending.,PreviousPage exposes indexed text for BMX Action Bike — December 1982/January 1983 — Volume 2 Number 5. This record preserves an issue-specific source occurrence and paraphrased factual details. Page-image comparison remains required before exact-layout quotation or visual identity merging. Potential recurring-campaign relationship with EPH-0139 (Hot Wheels Centre retailer campaign); do not merge without page-image comparison.
PKR-CLM-016,Source record,EPH-0186,Original and replica Kuwahara E.T. price advertisement,https://article134-tech.github.io/lititzbmx-public-knowledge-register/records/EPH-0186/,INCLUDED — indexed issue text; visual comparison pending.,PreviousPage exposes indexed text for BMX Action Bike — December 1982/January 1983 — Volume 2 Number 5. This record preserves an issue-specific source occurrence and paraphrased factual details. Page-image comparison remains required before exact-layout quotation or visual identity merging.
PKR-CLM-016,Source record,EPH-0187,Nine-bike shootout overview,https://article134-tech.github.io/lititzbmx-public-knowledge-register/records/EPH-0187/,INCLUDED — indexed issue text; visual comparison pending.,PreviousPage exposes indexed text for BMX Action Bike — December 1982/January 1983 — Volume 2 Number 5. This record preserves an issue-specific source occurrence and paraphrased factual details. Page-image comparison remains required before exact-layout quotation or visual identity merging.
PKR-CLM-016,Source record,EPH-0188,Huffy Pro 2 shootout test,https://article134-tech.github.io/lititzbmx-public-knowledge-register/records/EPH-0188/,INCLUDED — indexed issue text; visual comparison pending.,PreviousPage exposes indexed text for BMX Action Bike — December 1982/January 1983 — Volume 2 Number 5. This record preserves an issue-specific source occurrence and paraphrased factual details. Page-image comparison remains required before exact-layout quotation or visual identity merging.
PKR-CLM-016,Source record,EPH-0189,Cycle Pro Macho shootout test,https://article134-tech.github.io/lititzbmx-public-knowledge-register/records/EPH-0189/,INCLUDED — indexed issue text; visual comparison pending.,PreviousPage exposes indexed text for BMX Action Bike — December 1982/January 1983 — Volume 2 Number 5. This record preserves an issue-specific source occurrence and paraphrased factual details. Page-image comparison remains required before exact-layout quotation or visual identity merging.
PKR-CLM-016,Source record,EPH-0190,Falcon BMX shootout test,https://article134-tech.github.io/lititzbmx-public-knowledge-register/records/EPH-0190/,INCLUDED — indexed issue text; visual comparison pending.,PreviousPage exposes indexed text for BMX Action Bike — December 1982/January 1983 — Volume 2 Number 5. This record preserves an issue-specific source occurrence and paraphrased factual details. Page-image comparison remains required before exact-layout quotation or visual identity merging.
PKR-CLM-016,Source record,EPH-0191,California Star and Trax Pro comparison,https://article134-tech.github.io/lititzbmx-public-knowledge-register/records/EPH-0191/,INCLUDED — indexed issue text; visual comparison pending.,PreviousPage exposes indexed text for BMX Action Bike — December 1982/January 1983 — Volume 2 Number 5. This record preserves an issue-specific source occurrence and paraphrased factual details. Page-image comparison remains required before exact-layout quotation or visual identity merging.
PKR-CLM-016,Source record,EPH-0192,ABMX repeat light-and-reflector offer,https://article134-tech.github.io/lititzbmx-public-knowledge-register/records/EPH-0192/,INCLUDED — indexed issue text; visual comparison pending.,PreviousPage exposes indexed text for BMX Action Bike — December 1982/January 1983 — Volume 2 Number 5. This record preserves an issue-specific source occurrence and paraphrased factual details. Page-image comparison remains required before exact-layout quotation or visual identity merging.
PKR-CLM-016,Source record,EPH-0193,Robinson Racing sticker-and-catalogue mailer,https://article134-tech.github.io/lititzbmx-public-knowledge-register/records/EPH-0193/,INCLUDED — indexed issue text; visual comparison pending.,PreviousPage exposes indexed text for BMX Action Bike — December 1982/January 1983 — Volume 2 Number 5. This record preserves an issue-specific source occurrence and paraphrased factual details. Page-image comparison remains required before exact-layout quotation or visual identity merging.
PKR-CLM-016,Source record,EPH-0194,UNI eight-ounce BMX seat launch,https://article134-tech.github.io/lititzbmx-public-knowledge-register/records/EPH-0194/,INCLUDED — indexed issue text; visual comparison pending.,PreviousPage exposes indexed text for BMX Action Bike — February/March 1983 — Volume 2 Number 6. This record preserves an issue-specific source occurrence and paraphrased factual details. Page-image comparison remains required before exact-layout quotation or visual identity merging.
PKR-CLM-016,Source record,EPH-0195,SR Cycles bicycle-reservation and free-delivery offer,https://article134-tech.github.io/lititzbmx-public-knowledge-register/records/EPH-0195/,INCLUDED — indexed issue text; visual comparison pending.,PreviousPage exposes indexed text for BMX Action Bike — February/March 1983 — Volume 2 Number 6. This record preserves an issue-specific source occurrence and paraphrased factual details. Page-image comparison remains required before exact-layout quotation or visual identity merging.
PKR-CLM-016,Source record,EPH-0196,Holdsworth BMX Centres multi-location advertisement,https://article134-tech.github.io/lititzbmx-public-knowledge-register/records/EPH-0196/,INCLUDED — indexed issue text; visual comparison pending.,PreviousPage exposes indexed text for BMX Action Bike — February/March 1983 — Volume 2 Number 6. This record preserves an issue-specific source occurrence and paraphrased factual details. Page-image comparison remains required before exact-layout quotation or visual identity merging. Potential recurring-campaign relationship with EPH-0161 (Holdsworth multi-brand retailer campaign); do not merge without page-image comparison.
PKR-CLM-016,Source record,EPH-0197,ABMX light set and reflective-clip offer,https://article134-tech.github.io/lititzbmx-public-knowledge-register/records/EPH-0197/,INCLUDED — indexed issue text; visual comparison pending.,PreviousPage exposes indexed text for BMX Action Bike — February/March 1983 — Volume 2 Number 6. This record preserves an issue-specific source occurrence and paraphrased factual details. Page-image comparison remains required before exact-layout quotation or visual identity merging.
PKR-CLM-016,Source record,EPH-0198,ABMX blue-and-gold binder offer,https://article134-tech.github.io/lititzbmx-public-knowledge-register/records/EPH-0198/,INCLUDED — indexed issue text; visual comparison pending.,PreviousPage exposes indexed text for BMX Action Bike — February/March 1983 — Volume 2 Number 6. This record preserves an issue-specific source occurrence and paraphrased factual details. Page-image comparison remains required before exact-layout quotation or visual identity merging.
PKR-CLM-016,Source record,EPH-0199,ABMX blue-and-yellow race-shirt offer,https://article134-tech.github.io/lititzbmx-public-knowledge-register/records/EPH-0199/,INCLUDED — indexed issue text; visual comparison pending.,PreviousPage exposes indexed text for BMX Action Bike — February/March 1983 — Volume 2 Number 6. This record preserves an issue-specific source occurrence and paraphrased factual details. Page-image comparison remains required before exact-layout quotation or visual identity merging.
PKR-CLM-016,Source record,EPH-0200,Araya ADX-7W aero-rim product notice,https://article134-tech.github.io/lititzbmx-public-knowledge-register/records/EPH-0200/,INCLUDED — indexed issue text; visual comparison pending.,PreviousPage exposes indexed text for BMX Action Bike — February/March 1983 — Volume 2 Number 6. This record preserves an issue-specific source occurrence and paraphrased factual details. Page-image comparison remains required before exact-layout quotation or visual identity merging.
PKR-CLM-016,Source record,EPH-0201,Naga chromoly and fluted-alloy seatpost range,https://article134-tech.github.io/lititzbmx-public-knowledge-register/records/EPH-0201/,INCLUDED — indexed issue text; visual comparison pending.,PreviousPage exposes indexed text for BMX Action Bike — February/March 1983 — Volume 2 Number 6. This record preserves an issue-specific source occurrence and paraphrased factual details. Page-image comparison remains required before exact-layout quotation or visual identity merging.
PKR-CLM-016,Source record,EPH-0202,MKS BM-10 and Grafight-X pedal range,https://article134-tech.github.io/lititzbmx-public-knowledge-register/records/EPH-0202/,INCLUDED — indexed issue text; visual comparison pending.,PreviousPage exposes indexed text for BMX Action Bike — February/March 1983 — Volume 2 Number 6. This record preserves an issue-specific source occurrence and paraphrased factual details. Page-image comparison remains required before exact-layout quotation or visual identity merging.
PKR-CLM-016,Source record,EPH-0203,Raleigh Burner five-model retail price list,https://article134-tech.github.io/lititzbmx-public-knowledge-register/records/EPH-0203/,INCLUDED — indexed issue text; visual comparison pending.,PreviousPage exposes indexed text for BMX Action Bike — February/March 1983 — Volume 2 Number 6. This record preserves an issue-specific source occurrence and paraphrased factual details. Page-image comparison remains required before exact-layout quotation or visual identity merging. Potential recurring-campaign relationship with EPH-0112 (Raleigh Burner range / price-list campaign); do not merge without page-image comparison.
PKR-CLM-016,Source record,EPH-0204,"Max checker hats, jerseys, and race-pants advertisement",https://article134-tech.github.io/lititzbmx-public-knowledge-register/records/EPH-0204/,INCLUDED — indexed issue text; visual comparison pending.,PreviousPage exposes indexed text for BMX Action Bike — February/March 1983 — Volume 2 Number 6. This record preserves an issue-specific source occurrence and paraphrased factual details. Page-image comparison remains required before exact-layout quotation or visual identity merging.
PKR-CLM-016,Source record,EPH-0205,Halfords BMX Nations Cup pre-registration form,https://article134-tech.github.io/lititzbmx-public-knowledge-register/records/EPH-0205/,INCLUDED — indexed issue text; visual comparison pending.,PreviousPage exposes indexed text for BMX Action Bike — February/March 1983 — Volume 2 Number 6. This record preserves an issue-specific source occurrence and paraphrased factual details. Page-image comparison remains required before exact-layout quotation or visual identity merging.
PKR-CLM-016,Source record,EPH-0206,Great Meeting survey and Firebird frame-set competition,https://article134-tech.github.io/lititzbmx-public-knowledge-register/records/EPH-0206/,INCLUDED — indexed issue text; visual comparison pending.,PreviousPage exposes indexed text for BMX Action Bike — February/March 1983 — Volume 2 Number 6. This record preserves an issue-specific source occurrence and paraphrased factual details. Page-image comparison remains required before exact-layout quotation or visual identity merging.
PKR-CLM-016,Source record,EPH-0207,Cycle Trader BMX retail survey issue advertisement,https://article134-tech.github.io/lititzbmx-public-knowledge-register/records/EPH-0207/,INCLUDED — indexed issue text; visual comparison pending.,PreviousPage exposes indexed text for BMX Action Bike — February/March 1983 — Volume 2 Number 6. This record preserves an issue-specific source occurrence and paraphrased factual details. Page-image comparison remains required before exact-layout quotation or visual identity merging.
PKR-CLM-016,Source record,EPH-0208,YES Products word-building competition,https://article134-tech.github.io/lititzbmx-public-knowledge-register/records/EPH-0208/,INCLUDED — indexed issue text; visual comparison pending.,PreviousPage exposes indexed text for BMX Action Bike — February/March 1983 — Volume 2 Number 6. This record preserves an issue-specific source occurrence and paraphrased factual details. Page-image comparison remains required before exact-layout quotation or visual identity merging.
PKR-CLM-016,Source record,EPH-0209,Firebird British chromoly frame-set feature,https://article134-tech.github.io/lititzbmx-public-knowledge-register/records/EPH-0209/,INCLUDED — indexed issue text; visual comparison pending.,PreviousPage exposes indexed text for BMX Action Bike — February/March 1983 — Volume 2 Number 6. This record preserves an issue-specific source occurrence and paraphrased factual details. Page-image comparison remains required before exact-layout quotation or visual identity merging.
PKR-CLM-016,Source record,EPH-0210,Mongoose Pro Class complete-bike test,https://article134-tech.github.io/lititzbmx-public-knowledge-register/records/EPH-0210/,INCLUDED — indexed issue text; visual comparison pending.,PreviousPage exposes indexed text for BMX Action Bike — February/March 1983 — Volume 2 Number 6. This record preserves an issue-specific source occurrence and paraphrased factual details. Page-image comparison remains required before exact-layout quotation or visual identity merging.
PKR-CLM-016,Source record,EPH-0211,Mongoose Pro Class lightweight wheel system,https://article134-tech.github.io/lititzbmx-public-knowledge-register/records/EPH-0211/,INCLUDED — indexed issue text; visual comparison pending.,PreviousPage exposes indexed text for BMX Action Bike — February/March 1983 — Volume 2 Number 6. This record preserves an issue-specific source occurrence and paraphrased factual details. Page-image comparison remains required before exact-layout quotation or visual identity merging.
PKR-CLM-016,Source record,EPH-0212,Bournemouth BMX track-focus report,https://article134-tech.github.io/lititzbmx-public-knowledge-register/records/EPH-0212/,INCLUDED — indexed issue text; visual comparison pending.,PreviousPage exposes indexed text for BMX Action Bike — February/March 1983 — Volume 2 Number 6. This record preserves an issue-specific source occurrence and paraphrased factual details. Page-image comparison remains required before exact-layout quotation or visual identity merging.
PKR-CLM-016,Source record,EPH-0213,Diatron Wildcat helmet and race-pants advertisement,https://article134-tech.github.io/lititzbmx-public-knowledge-register/records/EPH-0213/,INCLUDED — indexed issue text; visual comparison pending.,PreviousPage exposes indexed text for BMX Action Bike — February/March 1983 — Volume 2 Number 6. This record preserves an issue-specific source occurrence and paraphrased factual details. Page-image comparison remains required before exact-layout quotation or visual identity merging.
PKR-CLM-016,Source record,EPH-0214,Surrey BMX Kuwahara complete-bike price list,https://article134-tech.github.io/lititzbmx-public-knowledge-register/records/EPH-0214/,INCLUDED — indexed issue text; visual comparison pending.,PreviousPage exposes indexed text for BMX Action Bike — February/March 1983 — Volume 2 Number 6. This record preserves an issue-specific source occurrence and paraphrased factual details. Page-image comparison remains required before exact-layout quotation or visual identity merging.
PKR-CLM-016,Source record,EPH-0215,Surrey BMX frame-and-fork price list,https://article134-tech.github.io/lititzbmx-public-knowledge-register/records/EPH-0215/,INCLUDED — indexed issue text; visual comparison pending.,PreviousPage exposes indexed text for BMX Action Bike — February/March 1983 — Volume 2 Number 6. This record preserves an issue-specific source occurrence and paraphrased factual details. Page-image comparison remains required before exact-layout quotation or visual identity merging.
PKR-CLM-016,Source record,EPH-0216,Surrey BMX wheel-system price list,https://article134-tech.github.io/lititzbmx-public-knowledge-register/records/EPH-0216/,INCLUDED — indexed issue text; visual comparison pending.,PreviousPage exposes indexed text for BMX Action Bike — February/March 1983 — Volume 2 Number 6. This record preserves an issue-specific source occurrence and paraphrased factual details. Page-image comparison remains required before exact-layout quotation or visual identity merging.
PKR-CLM-016,Source record,EPH-0217,Hadley precision bottom-bracket listing,https://article134-tech.github.io/lititzbmx-public-knowledge-register/records/EPH-0217/,INCLUDED — indexed issue text; visual comparison pending.,PreviousPage exposes indexed text for BMX Action Bike — February/March 1983 — Volume 2 Number 6. This record preserves an issue-specific source occurrence and paraphrased factual details. Page-image comparison remains required before exact-layout quotation or visual identity merging.
PKR-CLM-016,Source record,EPH-0218,Haro Freestyle Moves book offer,https://article134-tech.github.io/lititzbmx-public-knowledge-register/records/EPH-0218/,INCLUDED — indexed issue text; visual comparison pending.,PreviousPage exposes indexed text for BMX Action Bike — February/March 1983 — Volume 2 Number 6. This record preserves an issue-specific source occurrence and paraphrased factual details. Page-image comparison remains required before exact-layout quotation or visual identity merging.
PKR-CLM-016,Source record,EPH-0219,Redline Flight Cranks 401 Series listing,https://article134-tech.github.io/lititzbmx-public-knowledge-register/records/EPH-0219/,INCLUDED — indexed issue text; visual comparison pending.,PreviousPage exposes indexed text for BMX Action Bike — February/March 1983 — Volume 2 Number 6. This record preserves an issue-specific source occurrence and paraphrased factual details. Page-image comparison remains required before exact-layout quotation or visual identity merging.
PKR-CLM-016,Source record,EPH-0220,Vans Style 95 BMX shoe listing,https://article134-tech.github.io/lititzbmx-public-knowledge-register/records/EPH-0220/,INCLUDED — indexed issue text; visual comparison pending.,PreviousPage exposes indexed text for BMX Action Bike — February/March 1983 — Volume 2 Number 6. This record preserves an issue-specific source occurrence and paraphrased factual details. Page-image comparison remains required before exact-layout quotation or visual identity merging.
PKR-CLM-016,Source record,EPH-0221,ABMX national track-list publication,https://article134-tech.github.io/lititzbmx-public-knowledge-register/records/EPH-0221/,INCLUDED — indexed issue text; visual comparison pending.,PreviousPage exposes indexed text for BMX Action Bike — February/March 1983 — Volume 2 Number 6. This record preserves an issue-specific source occurrence and paraphrased factual details. Page-image comparison remains required before exact-layout quotation or visual identity merging.
PKR-CLM-016,Source record,EPH-0222,California Lite pad-system advertisement,https://article134-tech.github.io/lititzbmx-public-knowledge-register/records/EPH-0222/,INCLUDED — indexed issue text; visual comparison pending.,PreviousPage exposes indexed text for BMX Action Bike — April/May 1983 — Volume 2 Number 7. This record preserves an issue-specific source occurrence and paraphrased factual details. Page-image comparison remains required before exact-layout quotation or visual identity merging.
PKR-CLM-016,Source record,EPH-0223,Strongs headset-bearing protector offer,https://article134-tech.github.io/lititzbmx-public-knowledge-register/records/EPH-0223/,INCLUDED — indexed issue text; visual comparison pending.,PreviousPage exposes indexed text for BMX Action Bike — April/May 1983 — Volume 2 Number 7. This record preserves an issue-specific source occurrence and paraphrased factual details. Page-image comparison remains required before exact-layout quotation or visual identity merging.
PKR-CLM-016,Source record,EPH-0224,Strongs BMX race-shirt offer,https://article134-tech.github.io/lititzbmx-public-knowledge-register/records/EPH-0224/,INCLUDED — indexed issue text; visual comparison pending.,PreviousPage exposes indexed text for BMX Action Bike — April/May 1983 — Volume 2 Number 7. This record preserves an issue-specific source occurrence and paraphrased factual details. Page-image comparison remains required before exact-layout quotation or visual identity merging.
PKR-CLM-016,Source record,EPH-0225,Strongs free sticker-brochure mailer,https://article134-tech.github.io/lititzbmx-public-knowledge-register/records/EPH-0225/,INCLUDED — indexed issue text; visual comparison pending.,PreviousPage exposes indexed text for BMX Action Bike — April/May 1983 — Volume 2 Number 7. This record preserves an issue-specific source occurrence and paraphrased factual details. Page-image comparison remains required before exact-layout quotation or visual identity merging.
PKR-CLM-016,Source record,EPH-0226,Best of 1982 national reader-poll results,https://article134-tech.github.io/lititzbmx-public-knowledge-register/records/EPH-0226/,INCLUDED — indexed issue text; visual comparison pending.,PreviousPage exposes indexed text for BMX Action Bike — April/May 1983 — Volume 2 Number 7. This record preserves an issue-specific source occurrence and paraphrased factual details. Page-image comparison remains required before exact-layout quotation or visual identity merging.
PKR-CLM-016,Source record,EPH-0227,Scottish BMX Association formation notice,https://article134-tech.github.io/lititzbmx-public-knowledge-register/records/EPH-0227/,INCLUDED — indexed issue text; visual comparison pending.,PreviousPage exposes indexed text for BMX Action Bike — April/May 1983 — Volume 2 Number 7. This record preserves an issue-specific source occurrence and paraphrased factual details. Page-image comparison remains required before exact-layout quotation or visual identity merging.
PKR-CLM-016,Source record,EPH-0228,Northern Leisure open-meeting series notice,https://article134-tech.github.io/lititzbmx-public-knowledge-register/records/EPH-0228/,INCLUDED — indexed issue text; visual comparison pending.,PreviousPage exposes indexed text for BMX Action Bike — April/May 1983 — Volume 2 Number 7. This record preserves an issue-specific source occurrence and paraphrased factual details. Page-image comparison remains required before exact-layout quotation or visual identity merging.
PKR-CLM-016,Source record,EPH-0229,Silverfox complete-bike reader giveaway,https://article134-tech.github.io/lititzbmx-public-knowledge-register/records/EPH-0229/,INCLUDED — indexed issue text; visual comparison pending.,PreviousPage exposes indexed text for BMX Action Bike — April/May 1983 — Volume 2 Number 7. This record preserves an issue-specific source occurrence and paraphrased factual details. Page-image comparison remains required before exact-layout quotation or visual identity merging.
PKR-CLM-016,Source record,EPH-0230,Harry Leary and Andy Patterson starting guide,https://article134-tech.github.io/lititzbmx-public-knowledge-register/records/EPH-0230/,INCLUDED — indexed issue text; visual comparison pending.,PreviousPage exposes indexed text for BMX Action Bike — April/May 1983 — Volume 2 Number 7. This record preserves an issue-specific source occurrence and paraphrased factual details. Page-image comparison remains required before exact-layout quotation or visual identity merging.
PKR-CLM-016,Source record,EPH-0231,Haro Freestyle Moves equipment chapter,https://article134-tech.github.io/lititzbmx-public-knowledge-register/records/EPH-0231/,INCLUDED — indexed issue text; visual comparison pending.,PreviousPage exposes indexed text for BMX Action Bike — April/May 1983 — Volume 2 Number 7. This record preserves an issue-specific source occurrence and paraphrased factual details. Page-image comparison remains required before exact-layout quotation or visual identity merging.
PKR-CLM-016,Source record,EPH-0232,ABMX free private Sales and Swaps service,https://article134-tech.github.io/lititzbmx-public-knowledge-register/records/EPH-0232/,INCLUDED — indexed issue text; visual comparison pending.,PreviousPage exposes indexed text for BMX Action Bike — April/May 1983 — Volume 2 Number 7. This record preserves an issue-specific source occurrence and paraphrased factual details. Page-image comparison remains required before exact-layout quotation or visual identity merging.
PKR-CLM-016,Source record,EPH-0233,City BMX race-pants mail-order offer,https://article134-tech.github.io/lititzbmx-public-knowledge-register/records/EPH-0233/,INCLUDED — indexed issue text; visual comparison pending.,PreviousPage exposes indexed text for BMX Action Bike — April/May 1983 — Volume 2 Number 7. This record preserves an issue-specific source occurrence and paraphrased factual details. Page-image comparison remains required before exact-layout quotation or visual identity merging.
PKR-CLM-016,Source record,EPH-0234,City BMX lightweight race-helmet offer,https://article134-tech.github.io/lititzbmx-public-knowledge-register/records/EPH-0234/,INCLUDED — indexed issue text; visual comparison pending.,PreviousPage exposes indexed text for BMX Action Bike — April/May 1983 — Volume 2 Number 7. This record preserves an issue-specific source occurrence and paraphrased factual details. Page-image comparison remains required before exact-layout quotation or visual identity merging.
PKR-CLM-016,Source record,EPH-0235,City BMX shoulder-protector offer,https://article134-tech.github.io/lititzbmx-public-knowledge-register/records/EPH-0235/,INCLUDED — indexed issue text; visual comparison pending.,PreviousPage exposes indexed text for BMX Action Bike — April/May 1983 — Volume 2 Number 7. This record preserves an issue-specific source occurrence and paraphrased factual details. Page-image comparison remains required before exact-layout quotation or visual identity merging.
PKR-CLM-016,Source record,EPH-0236,Hot Wheels BMX Centre opening offers,https://article134-tech.github.io/lititzbmx-public-knowledge-register/records/EPH-0236/,INCLUDED — indexed issue text; visual comparison pending.,PreviousPage exposes indexed text for BMX Action Bike — April/May 1983 — Volume 2 Number 7. This record preserves an issue-specific source occurrence and paraphrased factual details. Page-image comparison remains required before exact-layout quotation or visual identity merging.
PKR-CLM-016,Source record,EPH-0237,"Haro Freestyler, Kuwahara Oval, CW, and SE Floval stock notice",https://article134-tech.github.io/lititzbmx-public-knowledge-register/records/EPH-0237/,INCLUDED — indexed issue text; visual comparison pending.,PreviousPage exposes indexed text for BMX Action Bike — April/May 1983 — Volume 2 Number 7. This record preserves an issue-specific source occurrence and paraphrased factual details. Page-image comparison remains required before exact-layout quotation or visual identity merging.
PKR-CLM-016,Source record,EPH-0238,King Sticker five-pack and jumbo-pack offer,https://article134-tech.github.io/lititzbmx-public-knowledge-register/records/EPH-0238/,INCLUDED — indexed issue text; visual comparison pending.,PreviousPage exposes indexed text for BMX Action Bike — April/May 1983 — Volume 2 Number 7. This record preserves an issue-specific source occurrence and paraphrased factual details. Page-image comparison remains required before exact-layout quotation or visual identity merging. Potential recurring-campaign relationship with EPH-0181 (King Sticker five-pack / jumbo-pack campaign); do not merge without page-image comparison.
PKR-CLM-016,Source record,EPH-0239,NBMXA race-licence and rule-book offer,https://article134-tech.github.io/lititzbmx-public-knowledge-register/records/EPH-0239/,INCLUDED — indexed issue text; visual comparison pending.,PreviousPage exposes indexed text for BMX Action Bike — April/May 1983 — Volume 2 Number 7. This record preserves an issue-specific source occurrence and paraphrased factual details. Page-image comparison remains required before exact-layout quotation or visual identity merging.
PKR-CLM-016,Source record,EPH-0240,Hotshot price-list and free-sticker mailer,https://article134-tech.github.io/lititzbmx-public-knowledge-register/records/EPH-0240/,INCLUDED — indexed issue text; visual comparison pending.,PreviousPage exposes indexed text for BMX Action Bike — April/May 1983 — Volume 2 Number 7. This record preserves an issue-specific source occurrence and paraphrased factual details. Page-image comparison remains required before exact-layout quotation or visual identity merging. Potential recurring-campaign relationship with EPH-0086 (Hotshot price-list / free-sticker campaign); do not merge without page-image comparison.
PKR-CLM-016,Source record,EPH-0241,Huffy Pro Lightning complete-bike test,https://article134-tech.github.io/lititzbmx-public-knowledge-register/records/EPH-0241/,INCLUDED — indexed issue text; visual comparison pending.,PreviousPage exposes indexed text for BMX Action Bike — April/May 1983 — Volume 2 Number 7. This record preserves an issue-specific source occurrence and paraphrased factual details. Page-image comparison remains required before exact-layout quotation or visual identity merging.
PKR-CLM-016,Source record,EPH-0242,Halfords BMX accessories range advertisement,https://article134-tech.github.io/lititzbmx-public-knowledge-register/records/EPH-0242/,INCLUDED — indexed issue text; visual comparison pending.,PreviousPage exposes indexed text for BMX Action Bike — April/May 1983 — Volume 2 Number 7. This record preserves an issue-specific source occurrence and paraphrased factual details. Page-image comparison remains required before exact-layout quotation or visual identity merging.
PKR-CLM-016,Source record,EPH-0243,Huffy Pro Lightning specification and retail-price record,https://article134-tech.github.io/lititzbmx-public-knowledge-register/records/EPH-0243/,INCLUDED — indexed issue text; visual comparison pending.,PreviousPage exposes indexed text for BMX Action Bike — April/May 1983 — Volume 2 Number 7. This record preserves an issue-specific source occurrence and paraphrased factual details. Page-image comparison remains required before exact-layout quotation or visual identity merging.
PKR-CLM-016,Source record,EPH-0244,Ride-On sealed-bearing mag-wheel hub kit,https://article134-tech.github.io/lititzbmx-public-knowledge-register/records/EPH-0244/,INCLUDED — indexed issue text; visual comparison pending.,PreviousPage exposes indexed text for BMX Action Bike — April/May 1983 — Volume 2 Number 7. This record preserves an issue-specific source occurrence and paraphrased factual details. Page-image comparison remains required before exact-layout quotation or visual identity merging.
PKR-CLM-016,Source record,EPH-0245,Sharp Racing Products bottom-bracket boot,https://article134-tech.github.io/lititzbmx-public-knowledge-register/records/EPH-0245/,INCLUDED — indexed issue text; visual comparison pending.,PreviousPage exposes indexed text for BMX Action Bike — April/May 1983 — Volume 2 Number 7. This record preserves an issue-specific source occurrence and paraphrased factual details. Page-image comparison remains required before exact-layout quotation or visual identity merging.
PKR-CLM-016,Source record,EPH-0246,Lee Cooper Ready to Go BMX video,https://article134-tech.github.io/lititzbmx-public-knowledge-register/records/EPH-0246/,INCLUDED — indexed issue text; visual comparison pending.,PreviousPage exposes indexed text for BMX Action Bike — April/May 1983 — Volume 2 Number 7. This record preserves an issue-specific source occurrence and paraphrased factual details. Page-image comparison remains required before exact-layout quotation or visual identity merging.
PKR-CLM-016,Source record,EPH-0247,USA professional BMX action video,https://article134-tech.github.io/lititzbmx-public-knowledge-register/records/EPH-0247/,INCLUDED — indexed issue text; visual comparison pending.,PreviousPage exposes indexed text for BMX Action Bike — April/May 1983 — Volume 2 Number 7. This record preserves an issue-specific source occurrence and paraphrased factual details. Page-image comparison remains required before exact-layout quotation or visual identity merging.
PKR-CLM-016,Source record,EPH-0248,BMX Action Bike six-issue subscription offer,https://article134-tech.github.io/lititzbmx-public-knowledge-register/records/EPH-0248/,INCLUDED — indexed issue text; visual comparison pending.,PreviousPage exposes indexed text for BMX Action Bike — April/May 1983 — Volume 2 Number 7. This record preserves an issue-specific source occurrence and paraphrased factual details. Page-image comparison remains required before exact-layout quotation or visual identity merging.
PKR-CLM-016,Source record,EPH-0249,Yamaha professional racing-outfit competition,https://article134-tech.github.io/lititzbmx-public-knowledge-register/records/EPH-0249/,INCLUDED — indexed issue text; visual comparison pending.,PreviousPage exposes indexed text for BMX Action Bike — April/May 1983 — Volume 2 Number 7. This record preserves an issue-specific source occurrence and paraphrased factual details. Page-image comparison remains required before exact-layout quotation or visual identity merging.
PKR-CLM-016,Source record,EPH-0250,Gainsborough Firebird frame-and-fork retail offer,https://article134-tech.github.io/lititzbmx-public-knowledge-register/records/EPH-0250/,INCLUDED — indexed issue text; visual comparison pending.,PreviousPage exposes indexed text for BMX Action Bike — April/May 1983 — Volume 2 Number 7. This record preserves an issue-specific source occurrence and paraphrased factual details. Page-image comparison remains required before exact-layout quotation or visual identity merging.
