Claim ID,Item Type,Item ID,Item Label,Item URL,Item Status,Item Note
PKR-CLM-001,Source record,EPH-0001,1996 GT/Dyno — The BMX & Freestyle Catalog,https://article134-tech.github.io/lititzbmx-public-knowledge-register/records/EPH-0001/,Lead — locate exact reference ID and edition/page count.,Public indexing exposes the title and BMXMuseum provenance but not a reliable reference ID or complete page set.
PKR-CLM-001,Source record,EPH-0002,1992 GT/Dyno Product Catalog,https://article134-tech.github.io/lititzbmx-public-knowledge-register/records/EPH-0002/,Lead — locate exact reference and compare with independent catalog archives.,Title is publicly indexed; exact reference ID and completeness remain unresolved.
PKR-CLM-001,Source record,EPH-0003,1999 GT/Dyno BMX/Freestyle — Part 2,https://article134-tech.github.io/lititzbmx-public-knowledge-register/records/EPH-0003/,"Lead — locate part 1, exact reference IDs and page ranges.",Only the indexed title is presently recoverable.
PKR-CLM-001,Source record,EPH-0004,1990 Haro BMX Catalog,https://article134-tech.github.io/lititzbmx-public-knowledge-register/records/EPH-0004/,Verified catalog existence — recover exact BMXMuseum ID and compare editions/pages.,Haro's official BMX archive independently lists a 1990 PDF catalog. The BMXMuseum reference ID and document completeness remain unresolved.
PKR-CLM-001,Source record,EPH-0005,1987 Dia-Compe 182 Aerial Brake Lever,https://article134-tech.github.io/lititzbmx-public-knowledge-register/records/EPH-0005/,"Lead — identify publication, page and exact BMXMuseum reference.","Indexed title only; the object may be a catalog page, advertisement or product reference."
PKR-CLM-001,Source record,EPH-0006,Ashtabula component catalog,https://article134-tech.github.io/lititzbmx-public-knowledge-register/records/EPH-0006/,Exact reference recovered — inspect edition/page structure only through permitted access.,Two independent technical discussions cite the exact BMXMuseum reference 5027 and describe catalog fork data. The edition date remains approximate.
PKR-CLM-001,Source record,EPH-0007,1997 Hoffman catalog — George model specification,https://article134-tech.github.io/lititzbmx-public-knowledge-register/records/EPH-0007/,Open — record exact page and compare with other Hoffman catalogs.,An external forum cites the exact BMXMuseum reference for the Hoffman George. The full catalog title and edition need confirmation.
PKR-CLM-001,Source record,EPH-0008,Tioga Rhino III frame advertisement,https://article134-tech.github.io/lititzbmx-public-knowledge-register/records/EPH-0008/,"Lead — recover exact thread, magazine issue and page.",An external old-school BMX advertisement blog links to an unresolved BMXMuseum forum discussion. The original ad and publication must be identified.
PKR-CLM-001,Source record,EPH-0009,First Torker advertisement in BMX Weekly,https://article134-tech.github.io/lititzbmx-public-knowledge-register/records/EPH-0009/,Priority — locate the period issue and ad image lawfully.,Current official Torker history states the first ad date; the actual BMXMuseum object and magazine page remain to be located.
PKR-CLM-001,Source record,EPH-0010,First Red Line magazine advertisement featuring John Palfreyman,https://article134-tech.github.io/lititzbmx-public-knowledge-register/records/EPH-0010/,"Priority — identify magazine, issue, page and product shown.",USA BMX officially states Palfreyman appeared in the first Red Line magazine ad; exact publication/date/page still need recovery.
PKR-CLM-001,Source record,EPH-0011,JMC Racing Fliers and Price List,https://article134-tech.github.io/lititzbmx-public-knowledge-register/records/EPH-0011/,"Priority — locate exact reference ID, count pages and transcribe only clearly labeled factual price fields.","A public index explicitly identifies a BMXMuseum JMC flyer-and-price-list set. Exact reference ID, date, page count and individual prices are not exposed."
PKR-CLM-001,Source record,EPH-0012,Vintage JMC Racing Equipment dealer's price list from Azusa collection,https://article134-tech.github.io/lititzbmx-public-knowledge-register/records/EPH-0012/,Corroboration lead — do not merge with BMXMuseum set until directly compared.,"The public result exposes the document description but not a reliable issue date, complete contents or readable line-item prices."
PKR-CLM-001,Source record,EPH-0013,July 1979 JMC advertisement,https://article134-tech.github.io/lititzbmx-public-knowledge-register/records/EPH-0013/,Included — index metadata; do not reproduce image or extended copy.,JMC's historical archive identifies the source as the July 1979 Bicycle Motocross Action issue and says the advertisement appeared over many months. Page and full copy are not transcribed.
PKR-CLM-001,Source record,EPH-0014,April 1981 JMC advertisement,https://article134-tech.github.io/lititzbmx-public-knowledge-register/records/EPH-0014/,Included — preserve claim-level evidence and recover page/issue details.,"The JMC archive identifies Super BMX as the publication and summarizes several claims. Exact page, repeated issues and full advertisement copy remain unresolved."
PKR-CLM-001,Source record,EPH-0015,1981 JMC Factory Team advertisement,https://article134-tech.github.io/lititzbmx-public-knowledge-register/records/EPH-0015/,Included — identify publication/issue and riders shown before detailed extraction.,"The first-party archive confirms the object title and year. Publication, month, issue and complete rider identifications remain unresolved."
PKR-CLM-001,Source record,EPH-0016,JMC 3.1 XL naming-contest announcement,https://article134-tech.github.io/lititzbmx-public-knowledge-register/records/EPH-0016/,Lead — locate the ABA paper issue and announcement; do not imply an exact scan has been found.,JMC's first-party history states the contest ran with Bicycle Harbor of Arizona in the ABA paper and that Matt Raymer supplied the winning name. The announcement itself is not yet located.
PKR-CLM-001,Source record,EPH-0017,1992 GT/Dyno Product Catalog,https://article134-tech.github.io/lititzbmx-public-knowledge-register/records/EPH-0017/,"OPEN — exact reference, full pagination and price labels","Two indexed pages expose $259 and $319, but exact page numbers, currency and price basis are not established."
PKR-CLM-001,Source record,EPH-0018,1996 GT/Dyno — The BMX & Freestyle Catalog,https://article134-tech.github.io/lititzbmx-public-knowledge-register/records/EPH-0018/,OPEN — recover exact reference and compare page count,"A public resale listing describes a 22-page 1996 catalog, but this does not resolve the BMXMuseum ID or prove completeness."
PKR-CLM-001,Source record,EPH-0019,1999 GT/Dyno BMX/Freestyle — Part 2,https://article134-tech.github.io/lititzbmx-public-knowledge-register/records/EPH-0019/,OPEN — locate Part 1 and canonical links,"Only Part 2 is publicly indexed in this pass; Part 1, page range and exact BMXMuseum ID remain open."
PKR-CLM-001,Source record,EPH-0020,Dynamic BMX complete-bike price advertisement,https://article134-tech.github.io/lititzbmx-public-knowledge-register/records/EPH-0020/,INCLUDED — clear prices only,"OCR is uneven. Only clearly legible model/price pairs are preserved; prices are retailer advertisements, not manufacturer MSRP."
PKR-CLM-001,Source record,EPH-0021,Complete-bike mail-order price advertisement,https://article134-tech.github.io/lititzbmx-public-knowledge-register/records/EPH-0021/,INCLUDED — clear prices only,OCR is uneven; the four GT rows retained here are clear enough for a price observation but remain retailer prices.
PKR-CLM-001,Source record,EPH-0022,BMX Plus! / GT Hide-A-Contest entry form,https://article134-tech.github.io/lititzbmx-public-knowledge-register/records/EPH-0022/,INCLUDED — bibliographic facts; prize details open,The indexed page exposes deadline and drawing dates; prize/object details require page-image inspection.
PKR-CLM-001,Source record,EPH-0023,1990 Haro BMX Catalog,https://article134-tech.github.io/lititzbmx-public-knowledge-register/records/EPH-0023/,OPEN — recover BMXMuseum ID and compare file pagination,Official archive confirms the catalog year but does not expose the unresolved BMXMuseum canonical ID in this pass.
PKR-CLM-001,Source record,EPH-0024,1990 Haro Group 1A,https://article134-tech.github.io/lititzbmx-public-knowledge-register/records/EPH-0024/,INCLUDED WITH ATTRIBUTION,BMX-Catalogue presents recreated catalog content; treat as corroboration until checked against Haro's PDF.
PKR-CLM-001,Source record,EPH-0025,1990 Haro Group 1B,https://article134-tech.github.io/lititzbmx-public-knowledge-register/records/EPH-0025/,INCLUDED WITH ATTRIBUTION,Public reconstruction is useful for discovery; original Haro page comparison remains required.
PKR-CLM-001,Source record,EPH-0026,1990 Haro Group 1C,https://article134-tech.github.io/lititzbmx-public-knowledge-register/records/EPH-0026/,INCLUDED WITH ATTRIBUTION,"The 1990 overview explicitly names Group 1A, 1B and 1C; full page detail awaits direct comparison."
PKR-CLM-001,Source record,EPH-0027,1990 Haro Master / Team Master,https://article134-tech.github.io/lititzbmx-public-knowledge-register/records/EPH-0027/,INCLUDED WITH ATTRIBUTION,Claims come from a recreated catalog page; verify wording and availability against the official PDF.
PKR-CLM-001,Source record,EPH-0028,1990 Haro Invert,https://article134-tech.github.io/lititzbmx-public-knowledge-register/records/EPH-0028/,INCLUDED WITH ATTRIBUTION,Reconstruction should be compared against official scan before exact-copy or specification claims are elevated.
PKR-CLM-001,Source record,EPH-0029,1990 Haro Shredder,https://article134-tech.github.io/lititzbmx-public-knowledge-register/records/EPH-0029/,OPEN — locate original catalog page,"The advanced registry lists the model, but a dedicated catalog page was not recovered in this pass."
PKR-CLM-001,Source record,EPH-0030,1991 Haro/Fusion catalog offer,https://article134-tech.github.io/lititzbmx-public-knowledge-register/records/EPH-0030/,INCLUDED — mailer object,"Period publication exposes the offer; retain as promotional ephemera, not as the catalog itself."
PKR-CLM-001,Source record,EPH-0031,Ashtabula component catalog,https://article134-tech.github.io/lititzbmx-public-knowledge-register/records/EPH-0031/,EXACT ID RECOVERED,Two technical discussions independently cite reference 5027; the edition date remains approximate.
PKR-CLM-001,Source record,EPH-0032,Ashtabula crank length range,https://article134-tech.github.io/lititzbmx-public-knowledge-register/records/EPH-0032/,INCLUDED WITH ATTRIBUTION,"This is an externally interpreted catalog fact, not direct page transcription in this research route."
PKR-CLM-001,Source record,EPH-0033,Ashtabula fork sizing and 6-3/4-inch steerer discussion,https://article134-tech.github.io/lititzbmx-public-knowledge-register/records/EPH-0033/,INCLUDED WITH ATTRIBUTION,Technical interpretation depends on the cited discussion; retain attribution and do not generalize beyond the described page.
PKR-CLM-001,Source record,EPH-0034,Mongoose 1979/80 catalog — Ashtabula one-piece cranks,https://article134-tech.github.io/lititzbmx-public-knowledge-register/records/EPH-0034/,INCLUDED — visual page inspected,"Page image was inspected in this research sequence. It corroborates product presence, not the edition/date of reference 5027."
PKR-CLM-001,Source record,EPH-0035,Mongoose 1976–77 accessories — Ashtabula/Cecor pedals,https://article134-tech.github.io/lititzbmx-public-knowledge-register/records/EPH-0035/,INCLUDED — visual page inspected,Page image was inspected; exact OEM/branding relationship requires separate corporate verification.
PKR-CLM-001,Source record,EPH-0036,1978 Redline product catalog,https://article134-tech.github.io/lititzbmx-public-knowledge-register/records/EPH-0036/,INCLUDED WITH ATTRIBUTION,Current historical archive summarizes the catalog; original page structure and BMXMuseum ID remain open.
PKR-CLM-001,Source record,EPH-0037,First Red Line magazine advertisement featuring John Palfreyman,https://article134-tech.github.io/lititzbmx-public-knowledge-register/records/EPH-0037/,OPEN — exact issue/page,"USA BMX supports the rider/ad relationship; publication, issue, page and product still require recovery."
PKR-CLM-001,Source record,EPH-0038,RL 20 II Prostyler first dedicated freestyle kit,https://article134-tech.github.io/lititzbmx-public-knowledge-register/records/EPH-0038/,INCLUDED WITH ATTRIBUTION,Modern historical page summarizes the launch; period advertisement/catalog page remains to be located.
PKR-CLM-001,Source record,EPH-0039,Vintage Mongoose catalog and dealer-price archive,https://article134-tech.github.io/lititzbmx-public-knowledge-register/records/EPH-0039/,INCLUDED — discovery hub,Archive stewardship does not automatically grant republication rights for each scan.
PKR-CLM-001,Source record,EPH-0040,1976–77 Bicycle and Components Catalog,https://article134-tech.github.io/lititzbmx-public-knowledge-register/records/EPH-0040/,INCLUDED — page inspected,Page images may be inspected for facts; the scan is not embedded or republished.
PKR-CLM-001,Source record,EPH-0041,1979/80 Bicycle and Components Catalog,https://article134-tech.github.io/lititzbmx-public-knowledge-register/records/EPH-0041/,INCLUDED — page inspected,Catalog date is printed on cover; page-specific claims remain tied to inspected pages.
PKR-CLM-001,Source record,EPH-0042,1985 Repco price list — Mongoose and parts,https://article134-tech.github.io/lititzbmx-public-knowledge-register/records/EPH-0042/,INCLUDED WITH CURRENCY CAUTION,Public summary exposes selected prices; currency is likely AUD from Australian context but should be verified from the scan.
PKR-CLM-001,Source record,EPH-0043,PK Ripper late-1970s debut,https://article134-tech.github.io/lititzbmx-public-knowledge-register/records/EPH-0043/,INCLUDED WITH ATTRIBUTION,"Current marketing history supports a broad debut claim, not an exact first advertisement or catalog page."
PKR-CLM-001,Source record,EPH-0044,Perry Kramer initials on PK Ripper,https://article134-tech.github.io/lititzbmx-public-knowledge-register/records/EPH-0044/,INCLUDED — relationship evidence,First-person statement supports the relationship; catalog/advertisement evidence remains separate.
PKR-CLM-001,Source record,EPH-0045,Silver Streak team advertisement and product naming,https://article134-tech.github.io/lititzbmx-public-knowledge-register/records/EPH-0045/,INCLUDED — campaign object,Repeated issues support campaign continuity; exact original US placement and complete copy are not reproduced.
PKR-CLM-001,Source record,EPH-0046,Free Diamond Back and Pro Star info pack and decal,https://article134-tech.github.io/lititzbmx-public-knowledge-register/records/EPH-0046/,INCLUDED — mailer/flyer lead,The offer is visible in multiple issues; contents of the pack are not recovered in this pass.
PKR-CLM-001,Source record,EPH-0047,First Torker advertisement in BMX Weekly,https://article134-tech.github.io/lititzbmx-public-knowledge-register/records/EPH-0047/,OPEN — period issue/page,Official Torker history supplies the date; period issue/page and exact image remain to be recovered.
PKR-CLM-001,Source record,EPH-0048,Fullerton-era Torker model archive,https://article134-tech.github.io/lititzbmx-public-knowledge-register/records/EPH-0048/,INCLUDED — discovery and verification hub,Modern official synthesis draws from BMXMuseum and period magazines; each underlying claim should retain source attribution.
PKR-CLM-001,Source record,EPH-0049,1979 National Number One team / 1980 world-pro chronology,https://article134-tech.github.io/lititzbmx-public-knowledge-register/records/EPH-0049/,INCLUDED WITH ATTRIBUTION,Modern historical synthesis should be cross-checked against period result and team-ad objects.
PKR-CLM-001,Source record,EPH-0050,Pontin's BMX Open Championships & Trade Exhibition,https://article134-tech.github.io/lititzbmx-public-knowledge-register/records/EPH-0050/,INCLUDED — exact dates/venue,People: Mike Pardon; Andy Preston (freestyle demos referenced in surrounding promotion); Venue: Pontin's Middleton Tower Holiday Centre; Offer: Booking and trade forms offered; race weekend over three dates
PKR-CLM-001,Source record,EPH-0051,Lee Cooper BMX Indoor Grand Prix pre-registration,https://article134-tech.github.io/lititzbmx-public-knowledge-register/records/EPH-0051/,INCLUDED — exact dates pending,People: Rider roster not fully extracted; Venue: Pickett's Lock Centre; Offer: Coupon requested latest information and pre-registration forms
PKR-CLM-001,Source record,EPH-0052,AFA Expert & Pro Contest — Austin,https://article134-tech.github.io/lititzbmx-public-knowledge-register/records/EPH-0052/,INCLUDED,People: Dennis McCoy; Robert Peterson; Rick Allison; other pros; Venue: Austin City Coliseum; Offer: Pre-registration only; expert and pro classes
PKR-CLM-001,Source record,EPH-0053,BMX Plus! / GT Hide-A-Contest,https://article134-tech.github.io/lititzbmx-public-knowledge-register/records/EPH-0053/,INCLUDED — prize details open,People: Not applicable; Venue: Mail-in entry; Offer: No purchase necessary; mail-in form with published deadline and drawing date
PKR-CLM-001,Source record,EPH-0054,Diamond Back and Pro Star Info Pack & Decal,https://article134-tech.github.io/lititzbmx-public-knowledge-register/records/EPH-0054/,INCLUDED — contents unresolved,People: Diamond Back factory team / Harry Leary context in campaign copy; Venue: Direct-to-factory mail request; Offer: Free info pack and decal offered
PKR-CLM-001,Source record,EPH-0055,1991 Haro/Fusion catalog request,https://article134-tech.github.io/lititzbmx-public-knowledge-register/records/EPH-0055/,INCLUDED,People: Not applicable; Venue: Mail request; Offer: Send $2 for a 1991 catalog
PKR-CLM-001,Source record,EPH-0056,Send SAE for price list and free sticker,https://article134-tech.github.io/lititzbmx-public-knowledge-register/records/EPH-0056/,INCLUDED WITH LIMITS,People: Not applicable; Venue: Mail-order dealer advertisement; Offer: Self-addressed envelope for price list and free sticker
PKR-CLM-001,Source record,EPH-0057,"Ramp Jam — Moorhead, Minnesota",https://article134-tech.github.io/lititzbmx-public-knowledge-register/records/EPH-0057/,INCLUDED — venue open,People: Ramp riders; Venue: Venue not exposed in indexed text; Offer: Contact Rob Staiger for information
PKR-CLM-001,Source record,EPH-0058,DYNO Tour promotional stop listing,https://article134-tech.github.io/lititzbmx-public-knowledge-register/records/EPH-0058/,INCLUDED — stops pending,People: Tour riders not fully extracted; Venue: Multiple stops; exact venues not itemized; Offer: Publicity listing of stops and route context
PKR-CLM-001,Source record,EPH-0059,Diamond Back Silver Streak free draw at Lee Cooper event,https://article134-tech.github.io/lititzbmx-public-knowledge-register/records/EPH-0059/,INCLUDED,People: Event attendees; Venue: Lee Cooper BMX Indoor Grand Prix context; Offer: Free draw each day for riders attending
PKR-CLM-001,Source record,EPH-0060,Langsett Cycles BMX product advertisement,https://article134-tech.github.io/lititzbmx-public-knowledge-register/records/EPH-0060/,INCLUDED — deeper transcription deferred,People: Not applicable; Venue: Langsett Cycles; Offer: Retail prices and carriage terms; broad product inventory
PKR-CLM-001,Source record,EPH-0061,SR Cycles product and team promotion,https://article134-tech.github.io/lititzbmx-public-knowledge-register/records/EPH-0061/,INCLUDED,People: SR Jets; Venue: SR Cycles; Offer: Free SR Jets race shirt with each bike bought through end of October; money-order hold offer
PKR-CLM-002,Canonical object,OBJ-0001,1996 GT/Dyno — The BMX & Freestyle Catalog,https://article134-tech.github.io/lititzbmx-public-knowledge-register/objects/index.html#OBJ-0001,Lead — locate exact reference ID and edition/page count.,2 source occurrence(s): EPH-0001 | EPH-0018
PKR-CLM-002,Canonical object,OBJ-0002,1992 GT/Dyno Product Catalog,https://article134-tech.github.io/lititzbmx-public-knowledge-register/objects/index.html#OBJ-0002,Lead — locate exact reference and compare with independent catalog archives.,2 source occurrence(s): EPH-0002 | EPH-0017
PKR-CLM-002,Canonical object,OBJ-0003,1999 GT/Dyno BMX/Freestyle — Part 2,https://article134-tech.github.io/lititzbmx-public-knowledge-register/objects/index.html#OBJ-0003,"Lead — locate part 1, exact reference IDs and page ranges.",2 source occurrence(s): EPH-0003 | EPH-0019
PKR-CLM-002,Canonical object,OBJ-0004,1990 Haro BMX Catalog,https://article134-tech.github.io/lititzbmx-public-knowledge-register/objects/index.html#OBJ-0004,Verified catalog existence — recover exact BMXMuseum ID and compare editions/pages.,2 source occurrence(s): EPH-0004 | EPH-0023
PKR-CLM-002,Canonical object,OBJ-0005,1987 Dia-Compe 182 Aerial Brake Lever,https://article134-tech.github.io/lititzbmx-public-knowledge-register/objects/index.html#OBJ-0005,"Lead — identify publication, page and exact BMXMuseum reference.",1 source occurrence(s): EPH-0005
PKR-CLM-002,Canonical object,OBJ-0006,Ashtabula component catalog,https://article134-tech.github.io/lititzbmx-public-knowledge-register/objects/index.html#OBJ-0006,Exact reference recovered — inspect edition/page structure only through permitted access.,2 source occurrence(s): EPH-0006 | EPH-0031
PKR-CLM-002,Canonical object,OBJ-0007,1997 Hoffman catalog — George model specification,https://article134-tech.github.io/lititzbmx-public-knowledge-register/objects/index.html#OBJ-0007,Open — record exact page and compare with other Hoffman catalogs.,1 source occurrence(s): EPH-0007
PKR-CLM-002,Canonical object,OBJ-0008,Tioga Rhino III frame advertisement,https://article134-tech.github.io/lititzbmx-public-knowledge-register/objects/index.html#OBJ-0008,"Lead — recover exact thread, magazine issue and page.",1 source occurrence(s): EPH-0008
PKR-CLM-002,Canonical object,OBJ-0009,First Torker advertisement in BMX Weekly,https://article134-tech.github.io/lititzbmx-public-knowledge-register/objects/index.html#OBJ-0009,Priority — locate the period issue and ad image lawfully.,2 source occurrence(s): EPH-0009 | EPH-0047
PKR-CLM-002,Canonical object,OBJ-0010,First Red Line magazine advertisement featuring John Palfreyman,https://article134-tech.github.io/lititzbmx-public-knowledge-register/objects/index.html#OBJ-0010,"Priority — identify magazine, issue, page and product shown.",2 source occurrence(s): EPH-0010 | EPH-0037
PKR-CLM-002,Canonical object,OBJ-0011,JMC Racing Fliers and Price List,https://article134-tech.github.io/lititzbmx-public-knowledge-register/objects/index.html#OBJ-0011,"Priority — locate exact reference ID, count pages and transcribe only clearly labeled factual price fields.",1 source occurrence(s): EPH-0011
PKR-CLM-002,Canonical object,OBJ-0012,Vintage JMC Racing Equipment dealer's price list from Azusa collection,https://article134-tech.github.io/lititzbmx-public-knowledge-register/objects/index.html#OBJ-0012,Corroboration lead — do not merge with BMXMuseum set until directly compared.,1 source occurrence(s): EPH-0012
PKR-CLM-002,Canonical object,OBJ-0013,July 1979 JMC advertisement,https://article134-tech.github.io/lititzbmx-public-knowledge-register/objects/index.html#OBJ-0013,Included — index metadata; do not reproduce image or extended copy.,1 source occurrence(s): EPH-0013
PKR-CLM-002,Canonical object,OBJ-0014,April 1981 JMC advertisement,https://article134-tech.github.io/lititzbmx-public-knowledge-register/objects/index.html#OBJ-0014,Included — preserve claim-level evidence and recover page/issue details.,1 source occurrence(s): EPH-0014
PKR-CLM-002,Canonical object,OBJ-0015,1981 JMC Factory Team advertisement,https://article134-tech.github.io/lititzbmx-public-knowledge-register/objects/index.html#OBJ-0015,Included — identify publication/issue and riders shown before detailed extraction.,1 source occurrence(s): EPH-0015
PKR-CLM-002,Canonical object,OBJ-0016,JMC 3.1 XL naming-contest announcement,https://article134-tech.github.io/lititzbmx-public-knowledge-register/objects/index.html#OBJ-0016,Lead — locate the ABA paper issue and announcement; do not imply an exact scan has been found.,1 source occurrence(s): EPH-0016
PKR-CLM-002,Canonical object,OBJ-0017,Dynamic BMX complete-bike price advertisement,https://article134-tech.github.io/lititzbmx-public-knowledge-register/objects/index.html#OBJ-0017,INCLUDED — clear prices only,1 source occurrence(s): EPH-0020
PKR-CLM-002,Canonical object,OBJ-0018,Complete-bike mail-order price advertisement,https://article134-tech.github.io/lititzbmx-public-knowledge-register/objects/index.html#OBJ-0018,INCLUDED — clear prices only,1 source occurrence(s): EPH-0021
PKR-CLM-002,Canonical object,OBJ-0019,BMX Plus! / GT Hide-A-Contest entry form,https://article134-tech.github.io/lititzbmx-public-knowledge-register/objects/index.html#OBJ-0019,INCLUDED — bibliographic facts; prize details open,2 source occurrence(s): EPH-0022 | EPH-0053
PKR-CLM-002,Canonical object,OBJ-0020,1990 Haro Group 1A,https://article134-tech.github.io/lititzbmx-public-knowledge-register/objects/index.html#OBJ-0020,INCLUDED WITH ATTRIBUTION,1 source occurrence(s): EPH-0024
PKR-CLM-002,Canonical object,OBJ-0021,1990 Haro Group 1B,https://article134-tech.github.io/lititzbmx-public-knowledge-register/objects/index.html#OBJ-0021,INCLUDED WITH ATTRIBUTION,1 source occurrence(s): EPH-0025
PKR-CLM-002,Canonical object,OBJ-0022,1990 Haro Group 1C,https://article134-tech.github.io/lititzbmx-public-knowledge-register/objects/index.html#OBJ-0022,INCLUDED WITH ATTRIBUTION,1 source occurrence(s): EPH-0026
PKR-CLM-002,Canonical object,OBJ-0023,1990 Haro Master / Team Master,https://article134-tech.github.io/lititzbmx-public-knowledge-register/objects/index.html#OBJ-0023,INCLUDED WITH ATTRIBUTION,1 source occurrence(s): EPH-0027
PKR-CLM-002,Canonical object,OBJ-0024,1990 Haro Invert,https://article134-tech.github.io/lititzbmx-public-knowledge-register/objects/index.html#OBJ-0024,INCLUDED WITH ATTRIBUTION,1 source occurrence(s): EPH-0028
PKR-CLM-002,Canonical object,OBJ-0025,1990 Haro Shredder,https://article134-tech.github.io/lititzbmx-public-knowledge-register/objects/index.html#OBJ-0025,OPEN — locate original catalog page,1 source occurrence(s): EPH-0029
PKR-CLM-002,Canonical object,OBJ-0026,1991 Haro/Fusion catalog offer,https://article134-tech.github.io/lititzbmx-public-knowledge-register/objects/index.html#OBJ-0026,INCLUDED — mailer object,2 source occurrence(s): EPH-0030 | EPH-0055
PKR-CLM-002,Canonical object,OBJ-0027,Ashtabula crank length range,https://article134-tech.github.io/lititzbmx-public-knowledge-register/objects/index.html#OBJ-0027,INCLUDED WITH ATTRIBUTION,1 source occurrence(s): EPH-0032
PKR-CLM-002,Canonical object,OBJ-0028,Ashtabula fork sizing and 6-3/4-inch steerer discussion,https://article134-tech.github.io/lititzbmx-public-knowledge-register/objects/index.html#OBJ-0028,INCLUDED WITH ATTRIBUTION,1 source occurrence(s): EPH-0033
PKR-CLM-002,Canonical object,OBJ-0029,Mongoose 1979/80 catalog — Ashtabula one-piece cranks,https://article134-tech.github.io/lititzbmx-public-knowledge-register/objects/index.html#OBJ-0029,INCLUDED — visual page inspected,1 source occurrence(s): EPH-0034
PKR-CLM-002,Canonical object,OBJ-0030,Mongoose 1976–77 accessories — Ashtabula/Cecor pedals,https://article134-tech.github.io/lititzbmx-public-knowledge-register/objects/index.html#OBJ-0030,INCLUDED — visual page inspected,1 source occurrence(s): EPH-0035
PKR-CLM-002,Canonical object,OBJ-0031,1978 Redline product catalog,https://article134-tech.github.io/lititzbmx-public-knowledge-register/objects/index.html#OBJ-0031,INCLUDED WITH ATTRIBUTION,1 source occurrence(s): EPH-0036
PKR-CLM-002,Canonical object,OBJ-0032,RL 20 II Prostyler first dedicated freestyle kit,https://article134-tech.github.io/lititzbmx-public-knowledge-register/objects/index.html#OBJ-0032,INCLUDED WITH ATTRIBUTION,1 source occurrence(s): EPH-0038
PKR-CLM-002,Canonical object,OBJ-0033,Vintage Mongoose catalog and dealer-price archive,https://article134-tech.github.io/lititzbmx-public-knowledge-register/objects/index.html#OBJ-0033,INCLUDED — discovery hub,1 source occurrence(s): EPH-0039
PKR-CLM-002,Canonical object,OBJ-0034,1976–77 Bicycle and Components Catalog,https://article134-tech.github.io/lititzbmx-public-knowledge-register/objects/index.html#OBJ-0034,INCLUDED — page inspected,1 source occurrence(s): EPH-0040
PKR-CLM-002,Canonical object,OBJ-0035,1979/80 Bicycle and Components Catalog,https://article134-tech.github.io/lititzbmx-public-knowledge-register/objects/index.html#OBJ-0035,INCLUDED — page inspected,1 source occurrence(s): EPH-0041
PKR-CLM-002,Canonical object,OBJ-0036,1985 Repco price list — Mongoose and parts,https://article134-tech.github.io/lititzbmx-public-knowledge-register/objects/index.html#OBJ-0036,INCLUDED WITH CURRENCY CAUTION,1 source occurrence(s): EPH-0042
PKR-CLM-002,Canonical object,OBJ-0037,PK Ripper late-1970s debut,https://article134-tech.github.io/lititzbmx-public-knowledge-register/objects/index.html#OBJ-0037,INCLUDED WITH ATTRIBUTION,1 source occurrence(s): EPH-0043
PKR-CLM-002,Canonical object,OBJ-0038,Perry Kramer initials on PK Ripper,https://article134-tech.github.io/lititzbmx-public-knowledge-register/objects/index.html#OBJ-0038,INCLUDED — relationship evidence,1 source occurrence(s): EPH-0044
PKR-CLM-002,Canonical object,OBJ-0039,Silver Streak team advertisement and product naming,https://article134-tech.github.io/lititzbmx-public-knowledge-register/objects/index.html#OBJ-0039,INCLUDED — campaign object,1 source occurrence(s): EPH-0045
PKR-CLM-002,Canonical object,OBJ-0040,Free Diamond Back and Pro Star info pack and decal,https://article134-tech.github.io/lititzbmx-public-knowledge-register/objects/index.html#OBJ-0040,INCLUDED — mailer/flyer lead,2 source occurrence(s): EPH-0046 | EPH-0054
PKR-CLM-002,Canonical object,OBJ-0041,Fullerton-era Torker model archive,https://article134-tech.github.io/lititzbmx-public-knowledge-register/objects/index.html#OBJ-0041,INCLUDED — discovery and verification hub,1 source occurrence(s): EPH-0048
PKR-CLM-002,Canonical object,OBJ-0042,1979 National Number One team / 1980 world-pro chronology,https://article134-tech.github.io/lititzbmx-public-knowledge-register/objects/index.html#OBJ-0042,INCLUDED WITH ATTRIBUTION,1 source occurrence(s): EPH-0049
PKR-CLM-002,Canonical object,OBJ-0043,Pontin's BMX Open Championships & Trade Exhibition,https://article134-tech.github.io/lititzbmx-public-knowledge-register/objects/index.html#OBJ-0043,INCLUDED — exact dates/venue,1 source occurrence(s): EPH-0050
PKR-CLM-002,Canonical object,OBJ-0044,Lee Cooper BMX Indoor Grand Prix pre-registration,https://article134-tech.github.io/lititzbmx-public-knowledge-register/objects/index.html#OBJ-0044,INCLUDED — exact dates pending,1 source occurrence(s): EPH-0051
PKR-CLM-002,Canonical object,OBJ-0045,AFA Expert & Pro Contest — Austin,https://article134-tech.github.io/lititzbmx-public-knowledge-register/objects/index.html#OBJ-0045,INCLUDED,1 source occurrence(s): EPH-0052
PKR-CLM-002,Canonical object,OBJ-0046,Send SAE for price list and free sticker,https://article134-tech.github.io/lititzbmx-public-knowledge-register/objects/index.html#OBJ-0046,INCLUDED WITH LIMITS,1 source occurrence(s): EPH-0056
PKR-CLM-002,Canonical object,OBJ-0047,"Ramp Jam — Moorhead, Minnesota",https://article134-tech.github.io/lititzbmx-public-knowledge-register/objects/index.html#OBJ-0047,INCLUDED — venue open,1 source occurrence(s): EPH-0057
PKR-CLM-002,Canonical object,OBJ-0048,DYNO Tour promotional stop listing,https://article134-tech.github.io/lititzbmx-public-knowledge-register/objects/index.html#OBJ-0048,INCLUDED — stops pending,1 source occurrence(s): EPH-0058
PKR-CLM-002,Canonical object,OBJ-0049,Diamond Back Silver Streak free draw at Lee Cooper event,https://article134-tech.github.io/lititzbmx-public-knowledge-register/objects/index.html#OBJ-0049,INCLUDED,1 source occurrence(s): EPH-0059
PKR-CLM-002,Canonical object,OBJ-0050,Langsett Cycles BMX product advertisement,https://article134-tech.github.io/lititzbmx-public-knowledge-register/objects/index.html#OBJ-0050,INCLUDED — deeper transcription deferred,1 source occurrence(s): EPH-0060
PKR-CLM-002,Canonical object,OBJ-0051,SR Cycles product and team promotion,https://article134-tech.github.io/lititzbmx-public-knowledge-register/objects/index.html#OBJ-0051,INCLUDED,1 source occurrence(s): EPH-0061
PKR-CLM-003,Price observation,BM-PRICE-0001,JMC Racing — JMC BMX product range — Not exposed in public index,https://article134-tech.github.io/lititzbmx-public-knowledge-register/prices/index.html#BM-PRICE-0001,MEDIUM,Price list; dealer vs retail basis unresolved
PKR-CLM-003,Price observation,BM-PRICE-0002,GT; Dyno — Interceptor — $259,https://article134-tech.github.io/lititzbmx-public-knowledge-register/prices/index.html#BM-PRICE-0002,MEDIUM,Printed catalog price; exact basis unresolved
PKR-CLM-003,Price observation,BM-PRICE-0003,GT; Dyno — Blue bicycle; exact model unresolved — $319,https://article134-tech.github.io/lititzbmx-public-knowledge-register/prices/index.html#BM-PRICE-0003,LOW-MEDIUM,Printed catalog price; exact basis unresolved
PKR-CLM-003,Price observation,BM-PRICE-0004,JMC Racing — JMC Racing equipment — Not exposed in public index,https://article134-tech.github.io/lititzbmx-public-knowledge-register/prices/index.html#BM-PRICE-0004,LOW-MEDIUM,Dealer price list per public description
PKR-CLM-003,Price observation,GTD-PR-0001,GT — Interceptor — $259,https://article134-tech.github.io/lititzbmx-public-knowledge-register/prices/index.html#GTD-PR-0001,MEDIUM,Printed catalog price; exact basis unresolved
PKR-CLM-003,Price observation,GTD-PR-0002,GT/Dyno — Blue bicycle; model unresolved — $319,https://article134-tech.github.io/lititzbmx-public-knowledge-register/prices/index.html#GTD-PR-0002,LOW-MEDIUM,Printed catalog price; exact basis unresolved
PKR-CLM-003,Price observation,GTD-PR-0003,Dyno — Dinky Dyno 16-inch — $119,https://article134-tech.github.io/lititzbmx-public-knowledge-register/prices/index.html#GTD-PR-0003,MEDIUM-HIGH,Advertised retailer/mail-order price
PKR-CLM-003,Price observation,GTD-PR-0004,Dyno — Compe — $149,https://article134-tech.github.io/lititzbmx-public-knowledge-register/prices/index.html#GTD-PR-0004,MEDIUM-HIGH,Advertised retailer/mail-order price
PKR-CLM-003,Price observation,GTD-PR-0005,Dyno — D-Tour — $189,https://article134-tech.github.io/lititzbmx-public-knowledge-register/prices/index.html#GTD-PR-0005,MEDIUM-HIGH,Advertised retailer/mail-order price
PKR-CLM-003,Price observation,GTD-PR-0006,Dyno — Pro Compe — $279,https://article134-tech.github.io/lititzbmx-public-knowledge-register/prices/index.html#GTD-PR-0006,MEDIUM-HIGH,Advertised retailer/mail-order price
PKR-CLM-003,Price observation,GTD-PR-0007,Dyno — Pro Compe Team — $419,https://article134-tech.github.io/lititzbmx-public-knowledge-register/prices/index.html#GTD-PR-0007,MEDIUM-HIGH,Advertised retailer/mail-order price
PKR-CLM-003,Price observation,GTD-PR-0008,Dyno — VFR BMX — $129,https://article134-tech.github.io/lititzbmx-public-knowledge-register/prices/index.html#GTD-PR-0008,MEDIUM-HIGH,Advertised retailer/mail-order price
PKR-CLM-003,Price observation,GTD-PR-0009,GT — Jr. Performer — $119,https://article134-tech.github.io/lititzbmx-public-knowledge-register/prices/index.html#GTD-PR-0009,MEDIUM-HIGH,Advertised retailer/mail-order price
PKR-CLM-003,Price observation,GTD-PR-0010,GT — Vertigo — $164,https://article134-tech.github.io/lititzbmx-public-knowledge-register/prices/index.html#GTD-PR-0010,MEDIUM-HIGH,Advertised retailer/mail-order price
PKR-CLM-003,Price observation,GTD-PR-0011,GT — Performer — $199,https://article134-tech.github.io/lititzbmx-public-knowledge-register/prices/index.html#GTD-PR-0011,MEDIUM-HIGH,Advertised retailer/mail-order price
PKR-CLM-003,Price observation,GTD-PR-0012,GT — Pro Freestyle Tour — $299,https://article134-tech.github.io/lititzbmx-public-knowledge-register/prices/index.html#GTD-PR-0012,MEDIUM-HIGH,Advertised retailer/mail-order price
PKR-CLM-003,Price observation,GTD-PR-0013,GT — Pro Freestyle Team — $429,https://article134-tech.github.io/lititzbmx-public-knowledge-register/prices/index.html#GTD-PR-0013,MEDIUM-HIGH,Advertised retailer/mail-order price
PKR-CLM-003,Price observation,GTD-PR-0014,GT — Interceptor — $169,https://article134-tech.github.io/lititzbmx-public-knowledge-register/prices/index.html#GTD-PR-0014,MEDIUM-HIGH,Advertised retailer/mail-order price
PKR-CLM-003,Price observation,GTD-PR-0015,GT — Mach 1 — $209,https://article134-tech.github.io/lititzbmx-public-knowledge-register/prices/index.html#GTD-PR-0015,MEDIUM-HIGH,Advertised retailer/mail-order price
PKR-CLM-003,Price observation,GTD-PR-0016,GT — Pro Series — $329,https://article134-tech.github.io/lititzbmx-public-knowledge-register/prices/index.html#GTD-PR-0016,MEDIUM-HIGH,Advertised retailer/mail-order price
PKR-CLM-003,Price observation,GTD-PR-0017,GT — Pro Series Team — $449,https://article134-tech.github.io/lititzbmx-public-knowledge-register/prices/index.html#GTD-PR-0017,MEDIUM-HIGH,Advertised retailer/mail-order price
PKR-CLM-003,Price observation,GTD-PR-0018,GT — Performer — $199.95,https://article134-tech.github.io/lititzbmx-public-knowledge-register/prices/index.html#GTD-PR-0018,MEDIUM-HIGH,Advertised retailer/mail-order price
PKR-CLM-003,Price observation,GTD-PR-0019,GT — Pro Performer — $289.95,https://article134-tech.github.io/lititzbmx-public-knowledge-register/prices/index.html#GTD-PR-0019,MEDIUM-HIGH,Advertised retailer/mail-order price
PKR-CLM-003,Price observation,GTD-PR-0020,GT — Pro World Tour — $344.95,https://article134-tech.github.io/lititzbmx-public-knowledge-register/prices/index.html#GTD-PR-0020,MEDIUM-HIGH,Advertised retailer/mail-order price
PKR-CLM-003,Price observation,GTD-PR-0021,GT — Mach 1 — $214.95,https://article134-tech.github.io/lititzbmx-public-knowledge-register/prices/index.html#GTD-PR-0021,MEDIUM-HIGH,Advertised retailer/mail-order price
PKR-CLM-003,Price observation,HAR-PR-0001,Haro — Shredder — $169,https://article134-tech.github.io/lititzbmx-public-knowledge-register/prices/index.html#HAR-PR-0001,MEDIUM-HIGH,Advertised retailer/mail-order price
PKR-CLM-003,Price observation,HAR-PR-0002,Haro — Invert — $219,https://article134-tech.github.io/lititzbmx-public-knowledge-register/prices/index.html#HAR-PR-0002,MEDIUM-HIGH,Advertised retailer/mail-order price
PKR-CLM-003,Price observation,HAR-PR-0003,Haro — Master — $309,https://article134-tech.github.io/lititzbmx-public-knowledge-register/prices/index.html#HAR-PR-0003,MEDIUM-HIGH,Advertised retailer/mail-order price
PKR-CLM-003,Price observation,HAR-PR-0004,Haro — Team Master — $529,https://article134-tech.github.io/lititzbmx-public-knowledge-register/prices/index.html#HAR-PR-0004,MEDIUM-HIGH,Advertised retailer/mail-order price
PKR-CLM-003,Price observation,HAR-PR-0005,Haro/Fusion — 1991 catalog mailer — $2,https://article134-tech.github.io/lititzbmx-public-knowledge-register/prices/index.html#HAR-PR-0005,HIGH,Catalog request fee
PKR-CLM-003,Price observation,MB-PR-0001,Mongoose — Californian full chromoly frame — $76.50,https://article134-tech.github.io/lititzbmx-public-knowledge-register/prices/index.html#MB-PR-0001,MEDIUM,Distributor price-list figure
PKR-CLM-003,Price observation,MB-PR-0002,Mongoose — Pro Class rims — $15.50,https://article134-tech.github.io/lititzbmx-public-knowledge-register/prices/index.html#MB-PR-0002,MEDIUM,Distributor price-list figure
PKR-CLM-003,Price observation,MB-PR-0003,Mongoose — Pad set — $5.65,https://article134-tech.github.io/lititzbmx-public-knowledge-register/prices/index.html#MB-PR-0003,MEDIUM,Distributor price-list figure
PKR-CLM-003,Price observation,MB-PR-0004,Diamond Back — Silver Streak — £119.37,https://article134-tech.github.io/lititzbmx-public-knowledge-register/prices/index.html#MB-PR-0004,MEDIUM,Advertised retailer price
PKR-CLM-003,Price observation,MB-PR-0005,Diamond Back — Silver Streak — £195,https://article134-tech.github.io/lititzbmx-public-knowledge-register/prices/index.html#MB-PR-0005,MEDIUM-HIGH,Advertised retailer price
PKR-CLM-003,Price observation,MB-PR-0006,Diamond Back — Silver Streak — £195,https://article134-tech.github.io/lititzbmx-public-knowledge-register/prices/index.html#MB-PR-0006,MEDIUM-HIGH,Advertised retailer price
PKR-CLM-003,Price observation,MB-PR-0007,Diamond Back — Silver Streak — £199,https://article134-tech.github.io/lititzbmx-public-knowledge-register/prices/index.html#MB-PR-0007,MEDIUM-HIGH,Advertised retailer price plus postage
PKR-CLM-003,Price observation,MB-PR-0008,Diamond Back — Harry Leary Turbo — £299,https://article134-tech.github.io/lititzbmx-public-knowledge-register/prices/index.html#MB-PR-0008,MEDIUM-HIGH,Advertised retailer price
PKR-CLM-004,Registered source,SRC-001,archive.harobikes.com,https://article134-tech.github.io/lititzbmx-public-knowledge-register/sources/SRC-001/,MEDIUM,Existing public knowledge register
PKR-CLM-004,Registered source,SRC-002,archive.harobikes.com,https://article134-tech.github.io/lititzbmx-public-knowledge-register/sources/SRC-002/,HIGH,Enthusiast catalog reconstruction; Independent period publication; Indexed enthusiast model registry; Official manufacturer archive
PKR-CLM-004,Registered source,SRC-003,bmxmuseum.com,https://article134-tech.github.io/lititzbmx-public-knowledge-register/sources/SRC-003/,MEDIUM,Existing public knowledge register
PKR-CLM-004,Registered source,SRC-004,bmxmuseum.com,https://article134-tech.github.io/lititzbmx-public-knowledge-register/sources/SRC-004/,MEDIUM,Existing public knowledge register
PKR-CLM-004,Registered source,SRC-005,bmxmuseum.com,https://article134-tech.github.io/lititzbmx-public-knowledge-register/sources/SRC-005/,HIGH,EXACT EXTERNAL DIRECT LINK; EXTERNAL TECHNICAL INTERPRETATION; Existing public knowledge register
PKR-CLM-004,Registered source,SRC-006,edwardkoenning.blogspot.com,https://article134-tech.github.io/lititzbmx-public-knowledge-register/sources/SRC-006/,MEDIUM,Existing public knowledge register
PKR-CLM-004,Registered source,SRC-007,in.pinterest.com,https://article134-tech.github.io/lititzbmx-public-knowledge-register/sources/SRC-007/,MEDIUM,Existing public knowledge register; GT/Dyno sequence
PKR-CLM-004,Registered source,SRC-008,jmcbmx.wordpress.com,https://article134-tech.github.io/lititzbmx-public-knowledge-register/sources/SRC-008/,MEDIUM,Existing public knowledge register
PKR-CLM-004,Registered source,SRC-009,jmcbmx.wordpress.com,https://article134-tech.github.io/lititzbmx-public-knowledge-register/sources/SRC-009/,MEDIUM,Existing public knowledge register
PKR-CLM-004,Registered source,SRC-010,jmcbmx.wordpress.com,https://article134-tech.github.io/lititzbmx-public-knowledge-register/sources/SRC-010/,MEDIUM,Existing public knowledge register
PKR-CLM-004,Registered source,SRC-011,jmcbmx.wordpress.com,https://article134-tech.github.io/lititzbmx-public-knowledge-register/sources/SRC-011/,MEDIUM,Existing public knowledge register
PKR-CLM-004,Registered source,SRC-012,jmcbmx.wordpress.com,https://article134-tech.github.io/lititzbmx-public-knowledge-register/sources/SRC-012/,HIGH,Existing public knowledge register
PKR-CLM-004,Registered source,SRC-013,mx.pinterest.com,https://article134-tech.github.io/lititzbmx-public-knowledge-register/sources/SRC-013/,MEDIUM,1992 GT/Dyno Product Catalog; Indexed catalog page
PKR-CLM-004,Registered source,SRC-014,previouspage.co.uk,https://article134-tech.github.io/lititzbmx-public-knowledge-register/sources/SRC-014/,HIGH,GT/Dyno sequence; Period contest entry form; Period retailer advertisement
PKR-CLM-004,Registered source,SRC-015,previouspage.co.uk,https://article134-tech.github.io/lititzbmx-public-knowledge-register/sources/SRC-015/,HIGH,Period product mailer advertisement; Period publication
PKR-CLM-004,Registered source,SRC-016,previouspage.co.uk,https://article134-tech.github.io/lititzbmx-public-knowledge-register/sources/SRC-016/,MEDIUM,Period publication
PKR-CLM-004,Registered source,SRC-017,previouspage.co.uk,https://article134-tech.github.io/lititzbmx-public-knowledge-register/sources/SRC-017/,MEDIUM,Period publication
PKR-CLM-004,Registered source,SRC-018,previouspage.co.uk,https://article134-tech.github.io/lititzbmx-public-knowledge-register/sources/SRC-018/,MEDIUM,Period event promotion; Period magazine coupon
PKR-CLM-004,Registered source,SRC-019,previouspage.co.uk,https://article134-tech.github.io/lititzbmx-public-knowledge-register/sources/SRC-019/,MEDIUM,Period retailer advertisement
PKR-CLM-004,Registered source,SRC-020,previouspage.co.uk,https://article134-tech.github.io/lititzbmx-public-knowledge-register/sources/SRC-020/,MEDIUM,Period magazine advertisement / booking form; Period retailer advertisement
PKR-CLM-004,Registered source,SRC-021,previouspage.co.uk,https://article134-tech.github.io/lititzbmx-public-knowledge-register/sources/SRC-021/,HIGH,Period dealer advertisement; Period retailer advertisement
PKR-CLM-004,Registered source,SRC-022,previouspage.co.uk,https://article134-tech.github.io/lititzbmx-public-knowledge-register/sources/SRC-022/,MEDIUM,Period dealer advertisement
PKR-CLM-004,Registered source,SRC-023,previouspage.co.uk,https://article134-tech.github.io/lititzbmx-public-knowledge-register/sources/SRC-023/,MEDIUM,Period magazine event notice
PKR-CLM-004,Registered source,SRC-024,previouspage.co.uk,https://article134-tech.github.io/lititzbmx-public-knowledge-register/sources/SRC-024/,HIGH,GT/Dyno sequence; Period event advertisement; Period magazine promotional notice; Period retailer advertisement
PKR-CLM-004,Registered source,SRC-025,previouspage.co.uk,https://article134-tech.github.io/lititzbmx-public-knowledge-register/sources/SRC-025/,MEDIUM,Period retailer advertisement
PKR-CLM-004,Registered source,SRC-026,storage.googleapis.com,https://article134-tech.github.io/lititzbmx-public-knowledge-register/sources/SRC-026/,MEDIUM,Existing public knowledge register
PKR-CLM-004,Registered source,SRC-027,thecabe.com,https://article134-tech.github.io/lititzbmx-public-knowledge-register/sources/SRC-027/,HIGH,EXACT EXTERNAL DIRECT LINK; EXTERNAL TECHNICAL INTERPRETATION; Existing public knowledge register
PKR-CLM-004,Registered source,SRC-028,torkerracing.com,https://article134-tech.github.io/lititzbmx-public-knowledge-register/sources/SRC-028/,MEDIUM,Current official historical archive
PKR-CLM-004,Registered source,SRC-029,torkerracing.com,https://article134-tech.github.io/lititzbmx-public-knowledge-register/sources/SRC-029/,HIGH,Current official historical archive; Existing public knowledge register
PKR-CLM-004,Registered source,SRC-030,torkerracing.com,https://article134-tech.github.io/lititzbmx-public-knowledge-register/sources/SRC-030/,MEDIUM,Current official historical archive
PKR-CLM-004,Registered source,SRC-031,torkerracing.com,https://article134-tech.github.io/lititzbmx-public-knowledge-register/sources/SRC-031/,MEDIUM,Current official historical archive
PKR-CLM-004,Registered source,SRC-032,www.bloggingadeadhorse.com,https://article134-tech.github.io/lititzbmx-public-knowledge-register/sources/SRC-032/,HIGH,Australian collector/research archive; Collector summary of period distributor list
PKR-CLM-004,Registered source,SRC-033,www.bmx-catalogue.com,https://article134-tech.github.io/lititzbmx-public-knowledge-register/sources/SRC-033/,MEDIUM,Indexed enthusiast model registry
PKR-CLM-004,Registered source,SRC-034,www.bmx-catalogue.com,https://article134-tech.github.io/lititzbmx-public-knowledge-register/sources/SRC-034/,MEDIUM,Enthusiast catalog reconstruction
PKR-CLM-004,Registered source,SRC-035,www.bmx-catalogue.com,https://article134-tech.github.io/lititzbmx-public-knowledge-register/sources/SRC-035/,MEDIUM,Enthusiast catalog reconstruction
PKR-CLM-004,Registered source,SRC-036,www.bmx-catalogue.com,https://article134-tech.github.io/lititzbmx-public-knowledge-register/sources/SRC-036/,MEDIUM,Enthusiast catalog reconstruction
PKR-CLM-004,Registered source,SRC-037,www.bmx-catalogue.com,https://article134-tech.github.io/lititzbmx-public-knowledge-register/sources/SRC-037/,MEDIUM,Enthusiast catalog reconstruction
PKR-CLM-004,Registered source,SRC-038,www.bmx-catalogue.com,https://article134-tech.github.io/lititzbmx-public-knowledge-register/sources/SRC-038/,MEDIUM,Enthusiast catalog reconstruction
PKR-CLM-004,Registered source,SRC-039,www.bmx-catalogue.com,https://article134-tech.github.io/lititzbmx-public-knowledge-register/sources/SRC-039/,MEDIUM,Enthusiast catalog reconstruction; Official manufacturer archive
PKR-CLM-004,Registered source,SRC-040,www.facebook.com,https://article134-tech.github.io/lititzbmx-public-knowledge-register/sources/SRC-040/,HIGH,Existing public knowledge register; Vintage JMC Racing Equipment dealer's price list from Azusa collection
PKR-CLM-004,Registered source,SRC-041,www.pinterest.com,https://article134-tech.github.io/lititzbmx-public-knowledge-register/sources/SRC-041/,HIGH,1992 GT/Dyno Product Catalog; GT/Dyno sequence; Indexed catalog page
PKR-CLM-004,Registered source,SRC-042,www.pinterest.com,https://article134-tech.github.io/lititzbmx-public-knowledge-register/sources/SRC-042/,MEDIUM,Existing public knowledge register
PKR-CLM-004,Registered source,SRC-043,www.pinterest.com,https://article134-tech.github.io/lititzbmx-public-knowledge-register/sources/SRC-043/,MEDIUM,Existing public knowledge register; GT/Dyno sequence
PKR-CLM-004,Registered source,SRC-044,www.pinterest.com,https://article134-tech.github.io/lititzbmx-public-knowledge-register/sources/SRC-044/,MEDIUM,Existing public knowledge register; GT/Dyno sequence
PKR-CLM-004,Registered source,SRC-045,www.pinterest.com,https://article134-tech.github.io/lititzbmx-public-knowledge-register/sources/SRC-045/,MEDIUM,Existing public knowledge register; JMC Racing Fliers and Price List
PKR-CLM-004,Registered source,SRC-046,www.previouspage.co.uk,https://article134-tech.github.io/lititzbmx-public-knowledge-register/sources/SRC-046/,HIGH,Independent period publication; Period catalog mailer
PKR-CLM-004,Registered source,SRC-047,www.radbmx.co.uk,https://article134-tech.github.io/lititzbmx-public-knowledge-register/sources/SRC-047/,MEDIUM,Existing public knowledge register
PKR-CLM-004,Registered source,SRC-048,www.redlinevintagebmx.com,https://article134-tech.github.io/lititzbmx-public-knowledge-register/sources/SRC-048/,MEDIUM,Historical brand archive; Official rider-history corroboration
PKR-CLM-004,Registered source,SRC-049,www.redlinevintagebmx.com,https://article134-tech.github.io/lititzbmx-public-knowledge-register/sources/SRC-049/,MEDIUM,Historical brand archive
PKR-CLM-004,Registered source,SRC-050,www.sebikes.com,https://article134-tech.github.io/lititzbmx-public-knowledge-register/sources/SRC-050/,MEDIUM,First-person official rider page
PKR-CLM-004,Registered source,SRC-051,www.sebikes.com,https://article134-tech.github.io/lititzbmx-public-knowledge-register/sources/SRC-051/,MEDIUM,Current official brand history
PKR-CLM-004,Registered source,SRC-052,www.sebikes.com,https://article134-tech.github.io/lititzbmx-public-knowledge-register/sources/SRC-052/,MEDIUM,Current official brand history; First-person official rider page
PKR-CLM-004,Registered source,SRC-053,www.usabmx.com,https://article134-tech.github.io/lititzbmx-public-knowledge-register/sources/SRC-053/,MEDIUM,Existing public knowledge register; Official rider-history corroboration
PKR-CLM-004,Registered source,SRC-054,www.vintagemongoose.com,https://article134-tech.github.io/lititzbmx-public-knowledge-register/sources/SRC-054/,MEDIUM,Australian collector/research archive; Specialist historical archive
PKR-CLM-004,Registered source,SRC-055,www.vintagemongoose.com,https://article134-tech.github.io/lititzbmx-public-knowledge-register/sources/SRC-055/,HIGH,PERIOD CATALOG PAGE; Period catalog PDF; Specialist historical archive
PKR-CLM-004,Registered source,SRC-056,www.vintagemongoose.com,https://article134-tech.github.io/lititzbmx-public-knowledge-register/sources/SRC-056/,MEDIUM,PERIOD CATALOG PAGE; Period catalog PDF
PKR-CLM-004,Registered source,SRC-057,www.vintagemongoose.com,https://article134-tech.github.io/lititzbmx-public-knowledge-register/sources/SRC-057/,MEDIUM,PERIOD CATALOG PAGE; Period catalog PDF
PKR-CLM-005,Duplicate group,DUP-ASHT-5027,DUP-ASHT-5027,https://article134-tech.github.io/lititzbmx-public-knowledge-register/objects/index.html#DUP-ASHT-5027,REVIEWED,Members: EPH-0006 | EPH-0031
PKR-CLM-005,Duplicate group,DUP-DB-INFO-PACK,DUP-DB-INFO-PACK,https://article134-tech.github.io/lititzbmx-public-knowledge-register/objects/index.html#DUP-DB-INFO-PACK,REVIEWED,Members: EPH-0046 | EPH-0054
PKR-CLM-005,Duplicate group,DUP-GT-HIDE-CONTEST,DUP-GT-HIDE-CONTEST,https://article134-tech.github.io/lititzbmx-public-knowledge-register/objects/index.html#DUP-GT-HIDE-CONTEST,REVIEWED,Members: EPH-0022 | EPH-0053
PKR-CLM-005,Duplicate group,DUP-GTD-1992,DUP-GTD-1992,https://article134-tech.github.io/lititzbmx-public-knowledge-register/objects/index.html#DUP-GTD-1992,REVIEWED,Members: EPH-0002 | EPH-0017
PKR-CLM-005,Duplicate group,DUP-GTD-1996,DUP-GTD-1996,https://article134-tech.github.io/lititzbmx-public-knowledge-register/objects/index.html#DUP-GTD-1996,REVIEWED,Members: EPH-0001 | EPH-0018
PKR-CLM-005,Duplicate group,DUP-GTD-1999-P2,DUP-GTD-1999-P2,https://article134-tech.github.io/lititzbmx-public-knowledge-register/objects/index.html#DUP-GTD-1999-P2,REVIEWED,Members: EPH-0003 | EPH-0019
PKR-CLM-005,Duplicate group,DUP-HARO-1990-CAT,DUP-HARO-1990-CAT,https://article134-tech.github.io/lititzbmx-public-knowledge-register/objects/index.html#DUP-HARO-1990-CAT,REVIEWED,Members: EPH-0004 | EPH-0023
PKR-CLM-005,Duplicate group,DUP-HARO-1991-MAILER,DUP-HARO-1991-MAILER,https://article134-tech.github.io/lititzbmx-public-knowledge-register/objects/index.html#DUP-HARO-1991-MAILER,REVIEWED,Members: EPH-0030 | EPH-0055
PKR-CLM-005,Duplicate group,DUP-REDLINE-FIRST-AD,DUP-REDLINE-FIRST-AD,https://article134-tech.github.io/lititzbmx-public-knowledge-register/objects/index.html#DUP-REDLINE-FIRST-AD,REVIEWED,Members: EPH-0010 | EPH-0037
PKR-CLM-005,Duplicate group,DUP-TORKER-FIRST-AD,DUP-TORKER-FIRST-AD,https://article134-tech.github.io/lititzbmx-public-knowledge-register/objects/index.html#DUP-TORKER-FIRST-AD,REVIEWED,Members: EPH-0009 | EPH-0047
PKR-CLM-006,Source record,EPH-0001,1996 GT/Dyno — The BMX & Freestyle Catalog,https://article134-tech.github.io/lititzbmx-public-knowledge-register/records/EPH-0001/,Lead — locate exact reference ID and edition/page count.,Public indexing exposes the title and BMXMuseum provenance but not a reliable reference ID or complete page set.
PKR-CLM-006,Source record,EPH-0002,1992 GT/Dyno Product Catalog,https://article134-tech.github.io/lititzbmx-public-knowledge-register/records/EPH-0002/,Lead — locate exact reference and compare with independent catalog archives.,Title is publicly indexed; exact reference ID and completeness remain unresolved.
PKR-CLM-006,Source record,EPH-0003,1999 GT/Dyno BMX/Freestyle — Part 2,https://article134-tech.github.io/lititzbmx-public-knowledge-register/records/EPH-0003/,"Lead — locate part 1, exact reference IDs and page ranges.",Only the indexed title is presently recoverable.
PKR-CLM-006,Source record,EPH-0005,1987 Dia-Compe 182 Aerial Brake Lever,https://article134-tech.github.io/lititzbmx-public-knowledge-register/records/EPH-0005/,"Lead — identify publication, page and exact BMXMuseum reference.","Indexed title only; the object may be a catalog page, advertisement or product reference."
PKR-CLM-006,Source record,EPH-0007,1997 Hoffman catalog — George model specification,https://article134-tech.github.io/lititzbmx-public-knowledge-register/records/EPH-0007/,Open — record exact page and compare with other Hoffman catalogs.,An external forum cites the exact BMXMuseum reference for the Hoffman George. The full catalog title and edition need confirmation.
PKR-CLM-006,Source record,EPH-0008,Tioga Rhino III frame advertisement,https://article134-tech.github.io/lititzbmx-public-knowledge-register/records/EPH-0008/,"Lead — recover exact thread, magazine issue and page.",An external old-school BMX advertisement blog links to an unresolved BMXMuseum forum discussion. The original ad and publication must be identified.
PKR-CLM-006,Source record,EPH-0012,Vintage JMC Racing Equipment dealer's price list from Azusa collection,https://article134-tech.github.io/lititzbmx-public-knowledge-register/records/EPH-0012/,Corroboration lead — do not merge with BMXMuseum set until directly compared.,"The public result exposes the document description but not a reliable issue date, complete contents or readable line-item prices."
PKR-CLM-006,Source record,EPH-0016,JMC 3.1 XL naming-contest announcement,https://article134-tech.github.io/lititzbmx-public-knowledge-register/records/EPH-0016/,Lead — locate the ABA paper issue and announcement; do not imply an exact scan has been found.,JMC's first-party history states the contest ran with Bicycle Harbor of Arizona in the ABA paper and that Matt Raymer supplied the winning name. The announcement itself is not yet located.
PKR-CLM-006,Source record,EPH-0017,1992 GT/Dyno Product Catalog,https://article134-tech.github.io/lititzbmx-public-knowledge-register/records/EPH-0017/,"OPEN — exact reference, full pagination and price labels","Two indexed pages expose $259 and $319, but exact page numbers, currency and price basis are not established."
PKR-CLM-006,Source record,EPH-0018,1996 GT/Dyno — The BMX & Freestyle Catalog,https://article134-tech.github.io/lititzbmx-public-knowledge-register/records/EPH-0018/,OPEN — recover exact reference and compare page count,"A public resale listing describes a 22-page 1996 catalog, but this does not resolve the BMXMuseum ID or prove completeness."
PKR-CLM-006,Source record,EPH-0019,1999 GT/Dyno BMX/Freestyle — Part 2,https://article134-tech.github.io/lititzbmx-public-knowledge-register/records/EPH-0019/,OPEN — locate Part 1 and canonical links,"Only Part 2 is publicly indexed in this pass; Part 1, page range and exact BMXMuseum ID remain open."
PKR-CLM-006,Source record,EPH-0022,BMX Plus! / GT Hide-A-Contest entry form,https://article134-tech.github.io/lititzbmx-public-knowledge-register/records/EPH-0022/,INCLUDED — bibliographic facts; prize details open,The indexed page exposes deadline and drawing dates; prize/object details require page-image inspection.
PKR-CLM-006,Source record,EPH-0023,1990 Haro BMX Catalog,https://article134-tech.github.io/lititzbmx-public-knowledge-register/records/EPH-0023/,OPEN — recover BMXMuseum ID and compare file pagination,Official archive confirms the catalog year but does not expose the unresolved BMXMuseum canonical ID in this pass.
PKR-CLM-006,Source record,EPH-0029,1990 Haro Shredder,https://article134-tech.github.io/lititzbmx-public-knowledge-register/records/EPH-0029/,OPEN — locate original catalog page,"The advanced registry lists the model, but a dedicated catalog page was not recovered in this pass."
PKR-CLM-006,Source record,EPH-0037,First Red Line magazine advertisement featuring John Palfreyman,https://article134-tech.github.io/lititzbmx-public-knowledge-register/records/EPH-0037/,OPEN — exact issue/page,"USA BMX supports the rider/ad relationship; publication, issue, page and product still require recovery."
PKR-CLM-006,Source record,EPH-0046,Free Diamond Back and Pro Star info pack and decal,https://article134-tech.github.io/lititzbmx-public-knowledge-register/records/EPH-0046/,INCLUDED — mailer/flyer lead,The offer is visible in multiple issues; contents of the pack are not recovered in this pass.
PKR-CLM-006,Source record,EPH-0047,First Torker advertisement in BMX Weekly,https://article134-tech.github.io/lititzbmx-public-knowledge-register/records/EPH-0047/,OPEN — period issue/page,Official Torker history supplies the date; period issue/page and exact image remain to be recovered.
PKR-CLM-006,Source record,EPH-0053,BMX Plus! / GT Hide-A-Contest,https://article134-tech.github.io/lititzbmx-public-knowledge-register/records/EPH-0053/,INCLUDED — prize details open,People: Not applicable; Venue: Mail-in entry; Offer: No purchase necessary; mail-in form with published deadline and drawing date
PKR-CLM-006,Source record,EPH-0054,Diamond Back and Pro Star Info Pack & Decal,https://article134-tech.github.io/lititzbmx-public-knowledge-register/records/EPH-0054/,INCLUDED — contents unresolved,People: Diamond Back factory team / Harry Leary context in campaign copy; Venue: Direct-to-factory mail request; Offer: Free info pack and decal offered
PKR-CLM-006,Source record,EPH-0057,"Ramp Jam — Moorhead, Minnesota",https://article134-tech.github.io/lititzbmx-public-knowledge-register/records/EPH-0057/,INCLUDED — venue open,People: Ramp riders; Venue: Venue not exposed in indexed text; Offer: Contact Rob Staiger for information
PKR-CLM-008,Source record,EPH-0050,Pontin's BMX Open Championships & Trade Exhibition,https://article134-tech.github.io/lititzbmx-public-knowledge-register/records/EPH-0050/,INCLUDED — exact dates/venue,People: Mike Pardon; Andy Preston (freestyle demos referenced in surrounding promotion); Venue: Pontin's Middleton Tower Holiday Centre; Offer: Booking and trade forms offered; race weekend over three dates
PKR-CLM-008,Source record,EPH-0051,Lee Cooper BMX Indoor Grand Prix pre-registration,https://article134-tech.github.io/lititzbmx-public-knowledge-register/records/EPH-0051/,INCLUDED — exact dates pending,People: Rider roster not fully extracted; Venue: Pickett's Lock Centre; Offer: Coupon requested latest information and pre-registration forms
PKR-CLM-008,Source record,EPH-0052,AFA Expert & Pro Contest — Austin,https://article134-tech.github.io/lititzbmx-public-knowledge-register/records/EPH-0052/,INCLUDED,People: Dennis McCoy; Robert Peterson; Rick Allison; other pros; Venue: Austin City Coliseum; Offer: Pre-registration only; expert and pro classes
PKR-CLM-008,Source record,EPH-0053,BMX Plus! / GT Hide-A-Contest,https://article134-tech.github.io/lititzbmx-public-knowledge-register/records/EPH-0053/,INCLUDED — prize details open,People: Not applicable; Venue: Mail-in entry; Offer: No purchase necessary; mail-in form with published deadline and drawing date
PKR-CLM-008,Source record,EPH-0054,Diamond Back and Pro Star Info Pack & Decal,https://article134-tech.github.io/lititzbmx-public-knowledge-register/records/EPH-0054/,INCLUDED — contents unresolved,People: Diamond Back factory team / Harry Leary context in campaign copy; Venue: Direct-to-factory mail request; Offer: Free info pack and decal offered
PKR-CLM-008,Source record,EPH-0055,1991 Haro/Fusion catalog request,https://article134-tech.github.io/lititzbmx-public-knowledge-register/records/EPH-0055/,INCLUDED,People: Not applicable; Venue: Mail request; Offer: Send $2 for a 1991 catalog
PKR-CLM-008,Source record,EPH-0056,Send SAE for price list and free sticker,https://article134-tech.github.io/lititzbmx-public-knowledge-register/records/EPH-0056/,INCLUDED WITH LIMITS,People: Not applicable; Venue: Mail-order dealer advertisement; Offer: Self-addressed envelope for price list and free sticker
PKR-CLM-008,Source record,EPH-0057,"Ramp Jam — Moorhead, Minnesota",https://article134-tech.github.io/lititzbmx-public-knowledge-register/records/EPH-0057/,INCLUDED — venue open,People: Ramp riders; Venue: Venue not exposed in indexed text; Offer: Contact Rob Staiger for information
PKR-CLM-008,Source record,EPH-0058,DYNO Tour promotional stop listing,https://article134-tech.github.io/lititzbmx-public-knowledge-register/records/EPH-0058/,INCLUDED — stops pending,People: Tour riders not fully extracted; Venue: Multiple stops; exact venues not itemized; Offer: Publicity listing of stops and route context
PKR-CLM-008,Source record,EPH-0059,Diamond Back Silver Streak free draw at Lee Cooper event,https://article134-tech.github.io/lititzbmx-public-knowledge-register/records/EPH-0059/,INCLUDED,People: Event attendees; Venue: Lee Cooper BMX Indoor Grand Prix context; Offer: Free draw each day for riders attending
PKR-CLM-008,Source record,EPH-0060,Langsett Cycles BMX product advertisement,https://article134-tech.github.io/lititzbmx-public-knowledge-register/records/EPH-0060/,INCLUDED — deeper transcription deferred,People: Not applicable; Venue: Langsett Cycles; Offer: Retail prices and carriage terms; broad product inventory
PKR-CLM-008,Source record,EPH-0061,SR Cycles product and team promotion,https://article134-tech.github.io/lititzbmx-public-knowledge-register/records/EPH-0061/,INCLUDED,People: SR Jets; Venue: SR Cycles; Offer: Free SR Jets race shirt with each bike bought through end of October; money-order hold offer
PKR-CLM-009,Chronology row,CHR-001,1970s; exact issue pending — First Red Line magazine advertisement featuring John Palfreyman,https://article134-tech.github.io/lititzbmx-public-knowledge-register/chronology/index.html#CHR-001,HIGH for relationship; MEDIUM for bibliographic detail,Dated/period placement
PKR-CLM-009,Chronology row,CHR-002,1970s; exact issue open — First Red Line magazine advertisement featuring John Palfreyman,https://article134-tech.github.io/lititzbmx-public-knowledge-register/chronology/index.html#CHR-002,HIGH for relationship; MEDIUM for object,Year is provisional
PKR-CLM-009,Chronology row,CHR-003,Late 1970s — PK Ripper late-1970s debut,https://article134-tech.github.io/lititzbmx-public-knowledge-register/chronology/index.html#CHR-003,MEDIUM-HIGH,Dated/period placement
PKR-CLM-009,Chronology row,CHR-004,1970s onward — Vintage Mongoose catalog and dealer-price archive,https://article134-tech.github.io/lititzbmx-public-knowledge-register/chronology/index.html#CHR-004,HIGH for archive scope,Dated/period placement
PKR-CLM-009,Chronology row,CHR-005,1976–77 — 1976–77 Bicycle and Components Catalog,https://article134-tech.github.io/lititzbmx-public-knowledge-register/chronology/index.html#CHR-005,HIGH,Dated/period placement
PKR-CLM-009,Chronology row,CHR-006,December 1976 — First Torker advertisement in BMX Weekly,https://article134-tech.github.io/lititzbmx-public-knowledge-register/chronology/index.html#CHR-006,MEDIUM-HIGH,Dated/period placement
PKR-CLM-009,Chronology row,CHR-007,December 1976 — First Torker advertisement in BMX Weekly,https://article134-tech.github.io/lititzbmx-public-knowledge-register/chronology/index.html#CHR-007,MEDIUM-HIGH,Dated/period placement
PKR-CLM-009,Chronology row,CHR-008,1976–1984 — Fullerton-era Torker model archive,https://article134-tech.github.io/lititzbmx-public-knowledge-register/chronology/index.html#CHR-008,HIGH for archive role,Dated/period placement
PKR-CLM-009,Chronology row,CHR-009,1976–77 — Mongoose 1976–77 accessories — Ashtabula/Cecor pedals,https://article134-tech.github.io/lititzbmx-public-knowledge-register/chronology/index.html#CHR-009,MEDIUM-HIGH,Dated/period placement
PKR-CLM-009,Chronology row,CHR-010,circa 1977 (unverified) — Ashtabula component catalog,https://article134-tech.github.io/lititzbmx-public-knowledge-register/chronology/index.html#CHR-010,HIGH for object; MEDIUM for date,Year is provisional
PKR-CLM-009,Chronology row,CHR-011,circa 1977; date provisional — Ashtabula component catalog,https://article134-tech.github.io/lititzbmx-public-knowledge-register/chronology/index.html#CHR-011,HIGH for ID; MEDIUM for date,Year is provisional
PKR-CLM-009,Chronology row,CHR-012,circa 1977; interpretation — Ashtabula crank length range,https://article134-tech.github.io/lititzbmx-public-knowledge-register/chronology/index.html#CHR-012,MEDIUM,Year is provisional
PKR-CLM-009,Chronology row,CHR-013,circa 1977; interpretation — Ashtabula fork sizing and 6-3/4-inch steerer discussion,https://article134-tech.github.io/lititzbmx-public-knowledge-register/chronology/index.html#CHR-013,MEDIUM,Year is provisional
PKR-CLM-009,Chronology row,CHR-014,1978 — 1978 Redline product catalog,https://article134-tech.github.io/lititzbmx-public-knowledge-register/chronology/index.html#CHR-014,MEDIUM-HIGH,Dated/period placement
PKR-CLM-009,Chronology row,CHR-015,1979–1980 — 1979 National Number One team / 1980 world-pro chronology,https://article134-tech.github.io/lititzbmx-public-knowledge-register/chronology/index.html#CHR-015,MEDIUM-HIGH,Dated/period placement
PKR-CLM-009,Chronology row,CHR-016,1979/80 — 1979/80 Bicycle and Components Catalog,https://article134-tech.github.io/lititzbmx-public-knowledge-register/chronology/index.html#CHR-016,HIGH,Dated/period placement
PKR-CLM-009,Chronology row,CHR-017,July 1979 issue; ran over multiple months — July 1979 JMC advertisement,https://article134-tech.github.io/lititzbmx-public-knowledge-register/chronology/index.html#CHR-017,HIGH for bibliographic identity,Dated/period placement
PKR-CLM-009,Chronology row,CHR-018,1979/80 — Mongoose 1979/80 catalog — Ashtabula one-piece cranks,https://article134-tech.github.io/lititzbmx-public-knowledge-register/chronology/index.html#CHR-018,HIGH,Dated/period placement
PKR-CLM-009,Chronology row,CHR-019,Since early 1979 — Perry Kramer initials on PK Ripper,https://article134-tech.github.io/lititzbmx-public-knowledge-register/chronology/index.html#CHR-019,HIGH for relationship,Dated/period placement
PKR-CLM-009,Chronology row,CHR-020,1980 — JMC 3.1 XL naming-contest announcement,https://article134-tech.github.io/lititzbmx-public-knowledge-register/chronology/index.html#CHR-020,HIGH for historical claim; LOW for object recovery,Dated/period placement
PKR-CLM-009,Chronology row,CHR-021,1981 — 1981 JMC Factory Team advertisement,https://article134-tech.github.io/lititzbmx-public-knowledge-register/chronology/index.html#CHR-021,MEDIUM-HIGH,Dated/period placement
PKR-CLM-009,Chronology row,CHR-022,April 1981; appeared in multiple months — April 1981 JMC advertisement,https://article134-tech.github.io/lititzbmx-public-knowledge-register/chronology/index.html#CHR-022,HIGH for source/date; MEDIUM-HIGH for summarized claims,Dated/period placement
PKR-CLM-009,Chronology row,CHR-023,Winter 1982–83 — Diamond Back Silver Streak free draw at Lee Cooper event,https://article134-tech.github.io/lititzbmx-public-knowledge-register/chronology/index.html#CHR-023,MEDIUM-HIGH,Dated/period placement
PKR-CLM-009,Chronology row,CHR-024,1982 campaign — Diamond Back and Pro Star Info Pack & Decal,https://article134-tech.github.io/lititzbmx-public-knowledge-register/chronology/index.html#CHR-024,HIGH for offer,Dated/period placement
PKR-CLM-009,Chronology row,CHR-025,1982 — Free Diamond Back and Pro Star info pack and decal,https://article134-tech.github.io/lititzbmx-public-knowledge-register/chronology/index.html#CHR-025,HIGH for offer,Dated/period placement
PKR-CLM-009,Chronology row,CHR-026,Winter 1982–83; exact event dates open — Lee Cooper BMX Indoor Grand Prix pre-registration,https://article134-tech.github.io/lititzbmx-public-knowledge-register/chronology/index.html#CHR-026,MEDIUM-HIGH,Year is provisional
PKR-CLM-009,Chronology row,CHR-027,September 1982 — Send SAE for price list and free sticker,https://article134-tech.github.io/lititzbmx-public-knowledge-register/chronology/index.html#CHR-027,MEDIUM,Dated/period placement
PKR-CLM-009,Chronology row,CHR-028,1982 — Silver Streak team advertisement and product naming,https://article134-tech.github.io/lititzbmx-public-knowledge-register/chronology/index.html#CHR-028,HIGH for period object,Dated/period placement
PKR-CLM-009,Chronology row,CHR-029,December 1983 issue — Langsett Cycles BMX product advertisement,https://article134-tech.github.io/lititzbmx-public-knowledge-register/chronology/index.html#CHR-029,MEDIUM-HIGH,Dated/period placement
PKR-CLM-009,Chronology row,CHR-030,1983-10-07 to 1983-10-09 — Pontin's BMX Open Championships & Trade Exhibition,https://article134-tech.github.io/lititzbmx-public-knowledge-register/chronology/index.html#CHR-030,HIGH,Dated/period placement
PKR-CLM-009,Chronology row,CHR-031,October 1983 — SR Cycles product and team promotion,https://article134-tech.github.io/lititzbmx-public-knowledge-register/chronology/index.html#CHR-031,MEDIUM-HIGH,Dated/period placement
PKR-CLM-009,Chronology row,CHR-032,1983 lead — Tioga Rhino III frame advertisement,https://article134-tech.github.io/lititzbmx-public-knowledge-register/chronology/index.html#CHR-032,LOW-MEDIUM,Dated/period placement
PKR-CLM-009,Chronology row,CHR-033,1985 — 1985 Repco price list — Mongoose and parts,https://article134-tech.github.io/lititzbmx-public-knowledge-register/chronology/index.html#CHR-033,MEDIUM,Dated/period placement
PKR-CLM-009,Chronology row,CHR-034,Summer 1985 — RL 20 II Prostyler first dedicated freestyle kit,https://article134-tech.github.io/lititzbmx-public-knowledge-register/chronology/index.html#CHR-034,MEDIUM-HIGH,Dated/period placement
PKR-CLM-009,Chronology row,CHR-035,1987 — 1987 Dia-Compe 182 Aerial Brake Lever,https://article134-tech.github.io/lititzbmx-public-knowledge-register/chronology/index.html#CHR-035,MEDIUM,Dated/period placement
PKR-CLM-009,Chronology row,CHR-036,1987-05-02 to 1987-05-03 — AFA Expert & Pro Contest — Austin,https://article134-tech.github.io/lititzbmx-public-knowledge-register/chronology/index.html#CHR-036,HIGH,Dated/period placement
PKR-CLM-009,Chronology row,CHR-037,Deadline 1987-09-28; drawing 1987-10-05 — BMX Plus! / GT Hide-A-Contest,https://article134-tech.github.io/lititzbmx-public-knowledge-register/chronology/index.html#CHR-037,HIGH for dates,Dated/period placement
PKR-CLM-009,Chronology row,CHR-038,Deadline 1987-09-28; drawing 1987-10-05 — BMX Plus! / GT Hide-A-Contest entry form,https://article134-tech.github.io/lititzbmx-public-knowledge-register/chronology/index.html#CHR-038,HIGH for dates,Dated/period placement
PKR-CLM-009,Chronology row,CHR-039,July 1987 — Complete-bike mail-order price advertisement,https://article134-tech.github.io/lititzbmx-public-knowledge-register/chronology/index.html#CHR-039,MEDIUM-HIGH for clear rows,Dated/period placement
PKR-CLM-009,Chronology row,CHR-040,1987 — DYNO Tour promotional stop listing,https://article134-tech.github.io/lititzbmx-public-knowledge-register/chronology/index.html#CHR-040,MEDIUM,Dated/period placement
PKR-CLM-009,Chronology row,CHR-041,August 1987 — Dynamic BMX complete-bike price advertisement,https://article134-tech.github.io/lititzbmx-public-knowledge-register/chronology/index.html#CHR-041,MEDIUM-HIGH for clear rows,Dated/period placement
PKR-CLM-009,Chronology row,CHR-042,"1987-05-02 — Ramp Jam — Moorhead, Minnesota",https://article134-tech.github.io/lititzbmx-public-knowledge-register/chronology/index.html#CHR-042,MEDIUM-HIGH,Dated/period placement
PKR-CLM-009,Chronology row,CHR-043,1990 — 1990 Haro BMX Catalog,https://article134-tech.github.io/lititzbmx-public-knowledge-register/chronology/index.html#CHR-043,LOW-MEDIUM,Dated/period placement
PKR-CLM-009,Chronology row,CHR-044,1990 — 1990 Haro BMX Catalog,https://article134-tech.github.io/lititzbmx-public-knowledge-register/chronology/index.html#CHR-044,HIGH for existence,Dated/period placement
PKR-CLM-009,Chronology row,CHR-045,1990 — 1990 Haro Group 1A,https://article134-tech.github.io/lititzbmx-public-knowledge-register/chronology/index.html#CHR-045,MEDIUM-HIGH,Dated/period placement
PKR-CLM-009,Chronology row,CHR-046,1990 — 1990 Haro Group 1B,https://article134-tech.github.io/lititzbmx-public-knowledge-register/chronology/index.html#CHR-046,MEDIUM,Dated/period placement
PKR-CLM-009,Chronology row,CHR-047,1990 — 1990 Haro Group 1C,https://article134-tech.github.io/lititzbmx-public-knowledge-register/chronology/index.html#CHR-047,MEDIUM-HIGH,Dated/period placement
PKR-CLM-009,Chronology row,CHR-048,1990 — 1990 Haro Invert,https://article134-tech.github.io/lititzbmx-public-knowledge-register/chronology/index.html#CHR-048,MEDIUM-HIGH,Dated/period placement
PKR-CLM-009,Chronology row,CHR-049,1990 — 1990 Haro Master / Team Master,https://article134-tech.github.io/lititzbmx-public-knowledge-register/chronology/index.html#CHR-049,MEDIUM-HIGH,Dated/period placement
PKR-CLM-009,Chronology row,CHR-050,1990 — 1990 Haro Shredder,https://article134-tech.github.io/lititzbmx-public-knowledge-register/chronology/index.html#CHR-050,MEDIUM,Dated/period placement
PKR-CLM-009,Chronology row,CHR-051,1991 catalog; ad in Nov 1991 — 1991 Haro/Fusion catalog offer,https://article134-tech.github.io/lititzbmx-public-knowledge-register/chronology/index.html#CHR-051,HIGH for offer,Dated/period placement
PKR-CLM-009,Chronology row,CHR-052,Advertisement in Nov 1991 — 1991 Haro/Fusion catalog request,https://article134-tech.github.io/lititzbmx-public-knowledge-register/chronology/index.html#CHR-052,HIGH,Dated/period placement
PKR-CLM-009,Chronology row,CHR-053,1992 — 1992 GT/Dyno Product Catalog,https://article134-tech.github.io/lititzbmx-public-knowledge-register/chronology/index.html#CHR-053,MEDIUM,Dated/period placement
PKR-CLM-009,Chronology row,CHR-054,1992 — 1992 GT/Dyno Product Catalog,https://article134-tech.github.io/lititzbmx-public-knowledge-register/chronology/index.html#CHR-054,MEDIUM,Dated/period placement
PKR-CLM-009,Chronology row,CHR-055,1996 — 1996 GT/Dyno — The BMX & Freestyle Catalog,https://article134-tech.github.io/lititzbmx-public-knowledge-register/chronology/index.html#CHR-055,MEDIUM,Dated/period placement
PKR-CLM-009,Chronology row,CHR-056,1996 — 1996 GT/Dyno — The BMX & Freestyle Catalog,https://article134-tech.github.io/lititzbmx-public-knowledge-register/chronology/index.html#CHR-056,MEDIUM,Dated/period placement
PKR-CLM-009,Chronology row,CHR-057,1997 — 1997 Hoffman catalog — George model specification,https://article134-tech.github.io/lititzbmx-public-knowledge-register/chronology/index.html#CHR-057,HIGH for reference existence; MEDIUM for interpreted model data,Dated/period placement
PKR-CLM-009,Chronology row,CHR-058,1999 — 1999 GT/Dyno BMX/Freestyle — Part 2,https://article134-tech.github.io/lititzbmx-public-knowledge-register/chronology/index.html#CHR-058,LOW-MEDIUM,Dated/period placement
PKR-CLM-009,Chronology row,CHR-059,1999 — 1999 GT/Dyno BMX/Freestyle — Part 2,https://article134-tech.github.io/lititzbmx-public-knowledge-register/chronology/index.html#CHR-059,LOW-MEDIUM,Dated/period placement
PKR-CLM-009,Chronology row,CHR-060,Undated vintage document; public post 2026 — Vintage JMC Racing Equipment dealer's price list from Azusa collection,https://article134-tech.github.io/lititzbmx-public-knowledge-register/chronology/index.html#CHR-060,LOW-MEDIUM,Dated/period placement
PKR-CLM-009,Chronology row,CHR-061,Undated — JMC Racing Fliers and Price List,https://article134-tech.github.io/lititzbmx-public-knowledge-register/chronology/index.html#CHR-061,MEDIUM,Year is provisional
PKR-CLM-010,Exact reference ID,1911,BMXMuseum reference 1911,https://bmxmuseum.com/reference/1911,EXACT ID EXPOSED,Source records: EPH-0007
PKR-CLM-010,Exact reference ID,5027,BMXMuseum reference 5027,https://bmxmuseum.com/reference/5027,EXACT ID EXPOSED,Source records: EPH-0006 | EPH-0031 | EPH-0032 | EPH-0033
PKR-CLM-012,Release asset,ASSET-01,Lititz_BMX_BMXMuseum_Public_Knowledge_Register_v0.6_GTDyno.xlsx,https://article134-tech.github.io/lititzbmx-public-knowledge-register/downloads/Lititz_BMX_Ephemera_Sequence_v0.6-v1.0_Release_Package.zip,LOCKED,Listed in the authoritative ZIP root.
PKR-CLM-012,Release asset,ASSET-02,Lititz_BMX_BMXMuseum_Public_Knowledge_Register_v0.7_Haro_Ashtabula.xlsx,https://article134-tech.github.io/lititzbmx-public-knowledge-register/downloads/Lititz_BMX_Ephemera_Sequence_v0.6-v1.0_Release_Package.zip,LOCKED,Listed in the authoritative ZIP root.
PKR-CLM-012,Release asset,ASSET-03,Lititz_BMX_BMXMuseum_Public_Knowledge_Register_v0.8_Major_Brands.xlsx,https://article134-tech.github.io/lititzbmx-public-knowledge-register/downloads/Lititz_BMX_Ephemera_Sequence_v0.6-v1.0_Release_Package.zip,LOCKED,Listed in the authoritative ZIP root.
PKR-CLM-012,Release asset,ASSET-04,Lititz_BMX_BMXMuseum_Public_Knowledge_Register_v0.9_Flyers.xlsx,https://article134-tech.github.io/lititzbmx-public-knowledge-register/downloads/Lititz_BMX_Ephemera_Sequence_v0.6-v1.0_Release_Package.zip,LOCKED,Listed in the authoritative ZIP root.
PKR-CLM-012,Release asset,ASSET-05,Lititz_BMX_BMXMuseum_Public_Knowledge_Register_v1.0_Consolidated_Ephemera.xlsx,https://article134-tech.github.io/lititzbmx-public-knowledge-register/downloads/Lititz_BMX_Ephemera_Sequence_v0.6-v1.0_Release_Package.zip,LOCKED,Listed in the authoritative ZIP root.
PKR-CLM-012,Release asset,ASSET-06,Lititz_BMX_Ephemera_Sequence_v0.6-v1.0_SHA256SUMS.txt,https://article134-tech.github.io/lititzbmx-public-knowledge-register/downloads/Lititz_BMX_Ephemera_Sequence_v0.6-v1.0_Release_Package.zip,LOCKED,Listed in the authoritative ZIP root.
PKR-CLM-013,Source record,EPH-0001,1996 GT/Dyno — The BMX & Freestyle Catalog,https://article134-tech.github.io/lititzbmx-public-knowledge-register/records/EPH-0001/,Lead — locate exact reference ID and edition/page count.,Public indexing exposes the title and BMXMuseum provenance but not a reliable reference ID or complete page set.
PKR-CLM-013,Source record,EPH-0002,1992 GT/Dyno Product Catalog,https://article134-tech.github.io/lititzbmx-public-knowledge-register/records/EPH-0002/,Lead — locate exact reference and compare with independent catalog archives.,Title is publicly indexed; exact reference ID and completeness remain unresolved.
PKR-CLM-013,Source record,EPH-0003,1999 GT/Dyno BMX/Freestyle — Part 2,https://article134-tech.github.io/lititzbmx-public-knowledge-register/records/EPH-0003/,"Lead — locate part 1, exact reference IDs and page ranges.",Only the indexed title is presently recoverable.
PKR-CLM-013,Source record,EPH-0004,1990 Haro BMX Catalog,https://article134-tech.github.io/lititzbmx-public-knowledge-register/records/EPH-0004/,Verified catalog existence — recover exact BMXMuseum ID and compare editions/pages.,Haro's official BMX archive independently lists a 1990 PDF catalog. The BMXMuseum reference ID and document completeness remain unresolved.
PKR-CLM-013,Source record,EPH-0006,Ashtabula component catalog,https://article134-tech.github.io/lititzbmx-public-knowledge-register/records/EPH-0006/,Exact reference recovered — inspect edition/page structure only through permitted access.,Two independent technical discussions cite the exact BMXMuseum reference 5027 and describe catalog fork data. The edition date remains approximate.
PKR-CLM-013,Source record,EPH-0009,First Torker advertisement in BMX Weekly,https://article134-tech.github.io/lititzbmx-public-knowledge-register/records/EPH-0009/,Priority — locate the period issue and ad image lawfully.,Current official Torker history states the first ad date; the actual BMXMuseum object and magazine page remain to be located.
PKR-CLM-013,Source record,EPH-0010,First Red Line magazine advertisement featuring John Palfreyman,https://article134-tech.github.io/lititzbmx-public-knowledge-register/records/EPH-0010/,"Priority — identify magazine, issue, page and product shown.",USA BMX officially states Palfreyman appeared in the first Red Line magazine ad; exact publication/date/page still need recovery.
PKR-CLM-013,Source record,EPH-0017,1992 GT/Dyno Product Catalog,https://article134-tech.github.io/lititzbmx-public-knowledge-register/records/EPH-0017/,"OPEN — exact reference, full pagination and price labels","Two indexed pages expose $259 and $319, but exact page numbers, currency and price basis are not established."
PKR-CLM-013,Source record,EPH-0018,1996 GT/Dyno — The BMX & Freestyle Catalog,https://article134-tech.github.io/lititzbmx-public-knowledge-register/records/EPH-0018/,OPEN — recover exact reference and compare page count,"A public resale listing describes a 22-page 1996 catalog, but this does not resolve the BMXMuseum ID or prove completeness."
PKR-CLM-013,Source record,EPH-0019,1999 GT/Dyno BMX/Freestyle — Part 2,https://article134-tech.github.io/lititzbmx-public-knowledge-register/records/EPH-0019/,OPEN — locate Part 1 and canonical links,"Only Part 2 is publicly indexed in this pass; Part 1, page range and exact BMXMuseum ID remain open."
PKR-CLM-013,Source record,EPH-0022,BMX Plus! / GT Hide-A-Contest entry form,https://article134-tech.github.io/lititzbmx-public-knowledge-register/records/EPH-0022/,INCLUDED — bibliographic facts; prize details open,The indexed page exposes deadline and drawing dates; prize/object details require page-image inspection.
PKR-CLM-013,Source record,EPH-0023,1990 Haro BMX Catalog,https://article134-tech.github.io/lititzbmx-public-knowledge-register/records/EPH-0023/,OPEN — recover BMXMuseum ID and compare file pagination,Official archive confirms the catalog year but does not expose the unresolved BMXMuseum canonical ID in this pass.
PKR-CLM-013,Source record,EPH-0030,1991 Haro/Fusion catalog offer,https://article134-tech.github.io/lititzbmx-public-knowledge-register/records/EPH-0030/,INCLUDED — mailer object,"Period publication exposes the offer; retain as promotional ephemera, not as the catalog itself."
PKR-CLM-013,Source record,EPH-0031,Ashtabula component catalog,https://article134-tech.github.io/lititzbmx-public-knowledge-register/records/EPH-0031/,EXACT ID RECOVERED,Two technical discussions independently cite reference 5027; the edition date remains approximate.
PKR-CLM-013,Source record,EPH-0037,First Red Line magazine advertisement featuring John Palfreyman,https://article134-tech.github.io/lititzbmx-public-knowledge-register/records/EPH-0037/,OPEN — exact issue/page,"USA BMX supports the rider/ad relationship; publication, issue, page and product still require recovery."
PKR-CLM-013,Source record,EPH-0046,Free Diamond Back and Pro Star info pack and decal,https://article134-tech.github.io/lititzbmx-public-knowledge-register/records/EPH-0046/,INCLUDED — mailer/flyer lead,The offer is visible in multiple issues; contents of the pack are not recovered in this pass.
PKR-CLM-013,Source record,EPH-0047,First Torker advertisement in BMX Weekly,https://article134-tech.github.io/lititzbmx-public-knowledge-register/records/EPH-0047/,OPEN — period issue/page,Official Torker history supplies the date; period issue/page and exact image remain to be recovered.
PKR-CLM-013,Source record,EPH-0053,BMX Plus! / GT Hide-A-Contest,https://article134-tech.github.io/lititzbmx-public-knowledge-register/records/EPH-0053/,INCLUDED — prize details open,People: Not applicable; Venue: Mail-in entry; Offer: No purchase necessary; mail-in form with published deadline and drawing date
PKR-CLM-013,Source record,EPH-0054,Diamond Back and Pro Star Info Pack & Decal,https://article134-tech.github.io/lititzbmx-public-knowledge-register/records/EPH-0054/,INCLUDED — contents unresolved,People: Diamond Back factory team / Harry Leary context in campaign copy; Venue: Direct-to-factory mail request; Offer: Free info pack and decal offered
PKR-CLM-013,Source record,EPH-0055,1991 Haro/Fusion catalog request,https://article134-tech.github.io/lititzbmx-public-knowledge-register/records/EPH-0055/,INCLUDED,People: Not applicable; Venue: Mail request; Offer: Send $2 for a 1991 catalog
PKR-CLM-015,Source record,EPH-0001,1996 GT/Dyno — The BMX & Freestyle Catalog,https://article134-tech.github.io/lititzbmx-public-knowledge-register/records/EPH-0001/,Lead — locate exact reference ID and edition/page count.,Public indexing exposes the title and BMXMuseum provenance but not a reliable reference ID or complete page set.
PKR-CLM-015,Source record,EPH-0002,1992 GT/Dyno Product Catalog,https://article134-tech.github.io/lititzbmx-public-knowledge-register/records/EPH-0002/,Lead — locate exact reference and compare with independent catalog archives.,Title is publicly indexed; exact reference ID and completeness remain unresolved.
PKR-CLM-015,Source record,EPH-0003,1999 GT/Dyno BMX/Freestyle — Part 2,https://article134-tech.github.io/lititzbmx-public-knowledge-register/records/EPH-0003/,"Lead — locate part 1, exact reference IDs and page ranges.",Only the indexed title is presently recoverable.
PKR-CLM-015,Source record,EPH-0004,1990 Haro BMX Catalog,https://article134-tech.github.io/lititzbmx-public-knowledge-register/records/EPH-0004/,Verified catalog existence — recover exact BMXMuseum ID and compare editions/pages.,Haro's official BMX archive independently lists a 1990 PDF catalog. The BMXMuseum reference ID and document completeness remain unresolved.
PKR-CLM-015,Source record,EPH-0005,1987 Dia-Compe 182 Aerial Brake Lever,https://article134-tech.github.io/lititzbmx-public-knowledge-register/records/EPH-0005/,"Lead — identify publication, page and exact BMXMuseum reference.","Indexed title only; the object may be a catalog page, advertisement or product reference."
PKR-CLM-015,Source record,EPH-0006,Ashtabula component catalog,https://article134-tech.github.io/lititzbmx-public-knowledge-register/records/EPH-0006/,Exact reference recovered — inspect edition/page structure only through permitted access.,Two independent technical discussions cite the exact BMXMuseum reference 5027 and describe catalog fork data. The edition date remains approximate.
PKR-CLM-015,Source record,EPH-0007,1997 Hoffman catalog — George model specification,https://article134-tech.github.io/lititzbmx-public-knowledge-register/records/EPH-0007/,Open — record exact page and compare with other Hoffman catalogs.,An external forum cites the exact BMXMuseum reference for the Hoffman George. The full catalog title and edition need confirmation.
PKR-CLM-015,Source record,EPH-0008,Tioga Rhino III frame advertisement,https://article134-tech.github.io/lititzbmx-public-knowledge-register/records/EPH-0008/,"Lead — recover exact thread, magazine issue and page.",An external old-school BMX advertisement blog links to an unresolved BMXMuseum forum discussion. The original ad and publication must be identified.
PKR-CLM-015,Source record,EPH-0009,First Torker advertisement in BMX Weekly,https://article134-tech.github.io/lititzbmx-public-knowledge-register/records/EPH-0009/,Priority — locate the period issue and ad image lawfully.,Current official Torker history states the first ad date; the actual BMXMuseum object and magazine page remain to be located.
PKR-CLM-015,Source record,EPH-0010,First Red Line magazine advertisement featuring John Palfreyman,https://article134-tech.github.io/lititzbmx-public-knowledge-register/records/EPH-0010/,"Priority — identify magazine, issue, page and product shown.",USA BMX officially states Palfreyman appeared in the first Red Line magazine ad; exact publication/date/page still need recovery.
PKR-CLM-015,Source record,EPH-0011,JMC Racing Fliers and Price List,https://article134-tech.github.io/lititzbmx-public-knowledge-register/records/EPH-0011/,"Priority — locate exact reference ID, count pages and transcribe only clearly labeled factual price fields.","A public index explicitly identifies a BMXMuseum JMC flyer-and-price-list set. Exact reference ID, date, page count and individual prices are not exposed."
PKR-CLM-015,Source record,EPH-0012,Vintage JMC Racing Equipment dealer's price list from Azusa collection,https://article134-tech.github.io/lititzbmx-public-knowledge-register/records/EPH-0012/,Corroboration lead — do not merge with BMXMuseum set until directly compared.,"The public result exposes the document description but not a reliable issue date, complete contents or readable line-item prices."
PKR-CLM-015,Source record,EPH-0013,July 1979 JMC advertisement,https://article134-tech.github.io/lititzbmx-public-knowledge-register/records/EPH-0013/,Included — index metadata; do not reproduce image or extended copy.,JMC's historical archive identifies the source as the July 1979 Bicycle Motocross Action issue and says the advertisement appeared over many months. Page and full copy are not transcribed.
PKR-CLM-015,Source record,EPH-0014,April 1981 JMC advertisement,https://article134-tech.github.io/lititzbmx-public-knowledge-register/records/EPH-0014/,Included — preserve claim-level evidence and recover page/issue details.,"The JMC archive identifies Super BMX as the publication and summarizes several claims. Exact page, repeated issues and full advertisement copy remain unresolved."
PKR-CLM-015,Source record,EPH-0015,1981 JMC Factory Team advertisement,https://article134-tech.github.io/lititzbmx-public-knowledge-register/records/EPH-0015/,Included — identify publication/issue and riders shown before detailed extraction.,"The first-party archive confirms the object title and year. Publication, month, issue and complete rider identifications remain unresolved."
PKR-CLM-015,Source record,EPH-0016,JMC 3.1 XL naming-contest announcement,https://article134-tech.github.io/lititzbmx-public-knowledge-register/records/EPH-0016/,Lead — locate the ABA paper issue and announcement; do not imply an exact scan has been found.,JMC's first-party history states the contest ran with Bicycle Harbor of Arizona in the ABA paper and that Matt Raymer supplied the winning name. The announcement itself is not yet located.
PKR-CLM-015,Source record,EPH-0017,1992 GT/Dyno Product Catalog,https://article134-tech.github.io/lititzbmx-public-knowledge-register/records/EPH-0017/,"OPEN — exact reference, full pagination and price labels","Two indexed pages expose $259 and $319, but exact page numbers, currency and price basis are not established."
PKR-CLM-015,Source record,EPH-0018,1996 GT/Dyno — The BMX & Freestyle Catalog,https://article134-tech.github.io/lititzbmx-public-knowledge-register/records/EPH-0018/,OPEN — recover exact reference and compare page count,"A public resale listing describes a 22-page 1996 catalog, but this does not resolve the BMXMuseum ID or prove completeness."
PKR-CLM-015,Source record,EPH-0019,1999 GT/Dyno BMX/Freestyle — Part 2,https://article134-tech.github.io/lititzbmx-public-knowledge-register/records/EPH-0019/,OPEN — locate Part 1 and canonical links,"Only Part 2 is publicly indexed in this pass; Part 1, page range and exact BMXMuseum ID remain open."
PKR-CLM-015,Source record,EPH-0020,Dynamic BMX complete-bike price advertisement,https://article134-tech.github.io/lititzbmx-public-knowledge-register/records/EPH-0020/,INCLUDED — clear prices only,"OCR is uneven. Only clearly legible model/price pairs are preserved; prices are retailer advertisements, not manufacturer MSRP."
PKR-CLM-015,Source record,EPH-0021,Complete-bike mail-order price advertisement,https://article134-tech.github.io/lititzbmx-public-knowledge-register/records/EPH-0021/,INCLUDED — clear prices only,OCR is uneven; the four GT rows retained here are clear enough for a price observation but remain retailer prices.
PKR-CLM-015,Source record,EPH-0022,BMX Plus! / GT Hide-A-Contest entry form,https://article134-tech.github.io/lititzbmx-public-knowledge-register/records/EPH-0022/,INCLUDED — bibliographic facts; prize details open,The indexed page exposes deadline and drawing dates; prize/object details require page-image inspection.
PKR-CLM-015,Source record,EPH-0023,1990 Haro BMX Catalog,https://article134-tech.github.io/lititzbmx-public-knowledge-register/records/EPH-0023/,OPEN — recover BMXMuseum ID and compare file pagination,Official archive confirms the catalog year but does not expose the unresolved BMXMuseum canonical ID in this pass.
PKR-CLM-015,Source record,EPH-0024,1990 Haro Group 1A,https://article134-tech.github.io/lititzbmx-public-knowledge-register/records/EPH-0024/,INCLUDED WITH ATTRIBUTION,BMX-Catalogue presents recreated catalog content; treat as corroboration until checked against Haro's PDF.
PKR-CLM-015,Source record,EPH-0025,1990 Haro Group 1B,https://article134-tech.github.io/lititzbmx-public-knowledge-register/records/EPH-0025/,INCLUDED WITH ATTRIBUTION,Public reconstruction is useful for discovery; original Haro page comparison remains required.
PKR-CLM-015,Source record,EPH-0026,1990 Haro Group 1C,https://article134-tech.github.io/lititzbmx-public-knowledge-register/records/EPH-0026/,INCLUDED WITH ATTRIBUTION,"The 1990 overview explicitly names Group 1A, 1B and 1C; full page detail awaits direct comparison."
PKR-CLM-015,Source record,EPH-0027,1990 Haro Master / Team Master,https://article134-tech.github.io/lititzbmx-public-knowledge-register/records/EPH-0027/,INCLUDED WITH ATTRIBUTION,Claims come from a recreated catalog page; verify wording and availability against the official PDF.
PKR-CLM-015,Source record,EPH-0028,1990 Haro Invert,https://article134-tech.github.io/lititzbmx-public-knowledge-register/records/EPH-0028/,INCLUDED WITH ATTRIBUTION,Reconstruction should be compared against official scan before exact-copy or specification claims are elevated.
PKR-CLM-015,Source record,EPH-0029,1990 Haro Shredder,https://article134-tech.github.io/lititzbmx-public-knowledge-register/records/EPH-0029/,OPEN — locate original catalog page,"The advanced registry lists the model, but a dedicated catalog page was not recovered in this pass."
PKR-CLM-015,Source record,EPH-0030,1991 Haro/Fusion catalog offer,https://article134-tech.github.io/lititzbmx-public-knowledge-register/records/EPH-0030/,INCLUDED — mailer object,"Period publication exposes the offer; retain as promotional ephemera, not as the catalog itself."
PKR-CLM-015,Source record,EPH-0031,Ashtabula component catalog,https://article134-tech.github.io/lititzbmx-public-knowledge-register/records/EPH-0031/,EXACT ID RECOVERED,Two technical discussions independently cite reference 5027; the edition date remains approximate.
PKR-CLM-015,Source record,EPH-0032,Ashtabula crank length range,https://article134-tech.github.io/lititzbmx-public-knowledge-register/records/EPH-0032/,INCLUDED WITH ATTRIBUTION,"This is an externally interpreted catalog fact, not direct page transcription in this research route."
PKR-CLM-015,Source record,EPH-0033,Ashtabula fork sizing and 6-3/4-inch steerer discussion,https://article134-tech.github.io/lititzbmx-public-knowledge-register/records/EPH-0033/,INCLUDED WITH ATTRIBUTION,Technical interpretation depends on the cited discussion; retain attribution and do not generalize beyond the described page.
PKR-CLM-015,Source record,EPH-0034,Mongoose 1979/80 catalog — Ashtabula one-piece cranks,https://article134-tech.github.io/lititzbmx-public-knowledge-register/records/EPH-0034/,INCLUDED — visual page inspected,"Page image was inspected in this research sequence. It corroborates product presence, not the edition/date of reference 5027."
PKR-CLM-015,Source record,EPH-0035,Mongoose 1976–77 accessories — Ashtabula/Cecor pedals,https://article134-tech.github.io/lititzbmx-public-knowledge-register/records/EPH-0035/,INCLUDED — visual page inspected,Page image was inspected; exact OEM/branding relationship requires separate corporate verification.
PKR-CLM-015,Source record,EPH-0036,1978 Redline product catalog,https://article134-tech.github.io/lititzbmx-public-knowledge-register/records/EPH-0036/,INCLUDED WITH ATTRIBUTION,Current historical archive summarizes the catalog; original page structure and BMXMuseum ID remain open.
PKR-CLM-015,Source record,EPH-0037,First Red Line magazine advertisement featuring John Palfreyman,https://article134-tech.github.io/lititzbmx-public-knowledge-register/records/EPH-0037/,OPEN — exact issue/page,"USA BMX supports the rider/ad relationship; publication, issue, page and product still require recovery."
PKR-CLM-015,Source record,EPH-0038,RL 20 II Prostyler first dedicated freestyle kit,https://article134-tech.github.io/lititzbmx-public-knowledge-register/records/EPH-0038/,INCLUDED WITH ATTRIBUTION,Modern historical page summarizes the launch; period advertisement/catalog page remains to be located.
PKR-CLM-015,Source record,EPH-0039,Vintage Mongoose catalog and dealer-price archive,https://article134-tech.github.io/lititzbmx-public-knowledge-register/records/EPH-0039/,INCLUDED — discovery hub,Archive stewardship does not automatically grant republication rights for each scan.
PKR-CLM-015,Source record,EPH-0040,1976–77 Bicycle and Components Catalog,https://article134-tech.github.io/lititzbmx-public-knowledge-register/records/EPH-0040/,INCLUDED — page inspected,Page images may be inspected for facts; the scan is not embedded or republished.
PKR-CLM-015,Source record,EPH-0041,1979/80 Bicycle and Components Catalog,https://article134-tech.github.io/lititzbmx-public-knowledge-register/records/EPH-0041/,INCLUDED — page inspected,Catalog date is printed on cover; page-specific claims remain tied to inspected pages.
PKR-CLM-015,Source record,EPH-0042,1985 Repco price list — Mongoose and parts,https://article134-tech.github.io/lititzbmx-public-knowledge-register/records/EPH-0042/,INCLUDED WITH CURRENCY CAUTION,Public summary exposes selected prices; currency is likely AUD from Australian context but should be verified from the scan.
PKR-CLM-015,Source record,EPH-0043,PK Ripper late-1970s debut,https://article134-tech.github.io/lititzbmx-public-knowledge-register/records/EPH-0043/,INCLUDED WITH ATTRIBUTION,"Current marketing history supports a broad debut claim, not an exact first advertisement or catalog page."
PKR-CLM-015,Source record,EPH-0044,Perry Kramer initials on PK Ripper,https://article134-tech.github.io/lititzbmx-public-knowledge-register/records/EPH-0044/,INCLUDED — relationship evidence,First-person statement supports the relationship; catalog/advertisement evidence remains separate.
PKR-CLM-015,Source record,EPH-0045,Silver Streak team advertisement and product naming,https://article134-tech.github.io/lititzbmx-public-knowledge-register/records/EPH-0045/,INCLUDED — campaign object,Repeated issues support campaign continuity; exact original US placement and complete copy are not reproduced.
PKR-CLM-015,Source record,EPH-0046,Free Diamond Back and Pro Star info pack and decal,https://article134-tech.github.io/lititzbmx-public-knowledge-register/records/EPH-0046/,INCLUDED — mailer/flyer lead,The offer is visible in multiple issues; contents of the pack are not recovered in this pass.
PKR-CLM-015,Source record,EPH-0047,First Torker advertisement in BMX Weekly,https://article134-tech.github.io/lititzbmx-public-knowledge-register/records/EPH-0047/,OPEN — period issue/page,Official Torker history supplies the date; period issue/page and exact image remain to be recovered.
PKR-CLM-015,Source record,EPH-0048,Fullerton-era Torker model archive,https://article134-tech.github.io/lititzbmx-public-knowledge-register/records/EPH-0048/,INCLUDED — discovery and verification hub,Modern official synthesis draws from BMXMuseum and period magazines; each underlying claim should retain source attribution.
PKR-CLM-015,Source record,EPH-0049,1979 National Number One team / 1980 world-pro chronology,https://article134-tech.github.io/lititzbmx-public-knowledge-register/records/EPH-0049/,INCLUDED WITH ATTRIBUTION,Modern historical synthesis should be cross-checked against period result and team-ad objects.
PKR-CLM-015,Source record,EPH-0050,Pontin's BMX Open Championships & Trade Exhibition,https://article134-tech.github.io/lititzbmx-public-knowledge-register/records/EPH-0050/,INCLUDED — exact dates/venue,People: Mike Pardon; Andy Preston (freestyle demos referenced in surrounding promotion); Venue: Pontin's Middleton Tower Holiday Centre; Offer: Booking and trade forms offered; race weekend over three dates
PKR-CLM-015,Source record,EPH-0051,Lee Cooper BMX Indoor Grand Prix pre-registration,https://article134-tech.github.io/lititzbmx-public-knowledge-register/records/EPH-0051/,INCLUDED — exact dates pending,People: Rider roster not fully extracted; Venue: Pickett's Lock Centre; Offer: Coupon requested latest information and pre-registration forms
PKR-CLM-015,Source record,EPH-0052,AFA Expert & Pro Contest — Austin,https://article134-tech.github.io/lititzbmx-public-knowledge-register/records/EPH-0052/,INCLUDED,People: Dennis McCoy; Robert Peterson; Rick Allison; other pros; Venue: Austin City Coliseum; Offer: Pre-registration only; expert and pro classes
PKR-CLM-015,Source record,EPH-0053,BMX Plus! / GT Hide-A-Contest,https://article134-tech.github.io/lititzbmx-public-knowledge-register/records/EPH-0053/,INCLUDED — prize details open,People: Not applicable; Venue: Mail-in entry; Offer: No purchase necessary; mail-in form with published deadline and drawing date
PKR-CLM-015,Source record,EPH-0054,Diamond Back and Pro Star Info Pack & Decal,https://article134-tech.github.io/lititzbmx-public-knowledge-register/records/EPH-0054/,INCLUDED — contents unresolved,People: Diamond Back factory team / Harry Leary context in campaign copy; Venue: Direct-to-factory mail request; Offer: Free info pack and decal offered
PKR-CLM-015,Source record,EPH-0055,1991 Haro/Fusion catalog request,https://article134-tech.github.io/lititzbmx-public-knowledge-register/records/EPH-0055/,INCLUDED,People: Not applicable; Venue: Mail request; Offer: Send $2 for a 1991 catalog
PKR-CLM-015,Source record,EPH-0056,Send SAE for price list and free sticker,https://article134-tech.github.io/lititzbmx-public-knowledge-register/records/EPH-0056/,INCLUDED WITH LIMITS,People: Not applicable; Venue: Mail-order dealer advertisement; Offer: Self-addressed envelope for price list and free sticker
PKR-CLM-015,Source record,EPH-0057,"Ramp Jam — Moorhead, Minnesota",https://article134-tech.github.io/lititzbmx-public-knowledge-register/records/EPH-0057/,INCLUDED — venue open,People: Ramp riders; Venue: Venue not exposed in indexed text; Offer: Contact Rob Staiger for information
PKR-CLM-015,Source record,EPH-0058,DYNO Tour promotional stop listing,https://article134-tech.github.io/lititzbmx-public-knowledge-register/records/EPH-0058/,INCLUDED — stops pending,People: Tour riders not fully extracted; Venue: Multiple stops; exact venues not itemized; Offer: Publicity listing of stops and route context
PKR-CLM-015,Source record,EPH-0059,Diamond Back Silver Streak free draw at Lee Cooper event,https://article134-tech.github.io/lititzbmx-public-knowledge-register/records/EPH-0059/,INCLUDED,People: Event attendees; Venue: Lee Cooper BMX Indoor Grand Prix context; Offer: Free draw each day for riders attending
PKR-CLM-015,Source record,EPH-0060,Langsett Cycles BMX product advertisement,https://article134-tech.github.io/lititzbmx-public-knowledge-register/records/EPH-0060/,INCLUDED — deeper transcription deferred,People: Not applicable; Venue: Langsett Cycles; Offer: Retail prices and carriage terms; broad product inventory
PKR-CLM-015,Source record,EPH-0061,SR Cycles product and team promotion,https://article134-tech.github.io/lititzbmx-public-knowledge-register/records/EPH-0061/,INCLUDED,People: SR Jets; Venue: SR Cycles; Offer: Free SR Jets race shirt with each bike bought through end of October; money-order hold offer
PKR-CLM-OT-001,Source record,EPH-0001,1996 GT/Dyno — The BMX & Freestyle Catalog,https://article134-tech.github.io/lititzbmx-public-knowledge-register/records/EPH-0001/,Lead — locate exact reference ID and edition/page count.,Public indexing exposes the title and BMXMuseum provenance but not a reliable reference ID or complete page set.
PKR-CLM-OT-001,Source record,EPH-0002,1992 GT/Dyno Product Catalog,https://article134-tech.github.io/lititzbmx-public-knowledge-register/records/EPH-0002/,Lead — locate exact reference and compare with independent catalog archives.,Title is publicly indexed; exact reference ID and completeness remain unresolved.
PKR-CLM-OT-001,Source record,EPH-0003,1999 GT/Dyno BMX/Freestyle — Part 2,https://article134-tech.github.io/lititzbmx-public-knowledge-register/records/EPH-0003/,"Lead — locate part 1, exact reference IDs and page ranges.",Only the indexed title is presently recoverable.
PKR-CLM-OT-001,Source record,EPH-0004,1990 Haro BMX Catalog,https://article134-tech.github.io/lititzbmx-public-knowledge-register/records/EPH-0004/,Verified catalog existence — recover exact BMXMuseum ID and compare editions/pages.,Haro's official BMX archive independently lists a 1990 PDF catalog. The BMXMuseum reference ID and document completeness remain unresolved.
PKR-CLM-OT-001,Source record,EPH-0006,Ashtabula component catalog,https://article134-tech.github.io/lititzbmx-public-knowledge-register/records/EPH-0006/,Exact reference recovered — inspect edition/page structure only through permitted access.,Two independent technical discussions cite the exact BMXMuseum reference 5027 and describe catalog fork data. The edition date remains approximate.
PKR-CLM-OT-001,Source record,EPH-0007,1997 Hoffman catalog — George model specification,https://article134-tech.github.io/lititzbmx-public-knowledge-register/records/EPH-0007/,Open — record exact page and compare with other Hoffman catalogs.,An external forum cites the exact BMXMuseum reference for the Hoffman George. The full catalog title and edition need confirmation.
PKR-CLM-OT-001,Source record,EPH-0017,1992 GT/Dyno Product Catalog,https://article134-tech.github.io/lititzbmx-public-knowledge-register/records/EPH-0017/,"OPEN — exact reference, full pagination and price labels","Two indexed pages expose $259 and $319, but exact page numbers, currency and price basis are not established."
PKR-CLM-OT-001,Source record,EPH-0018,1996 GT/Dyno — The BMX & Freestyle Catalog,https://article134-tech.github.io/lititzbmx-public-knowledge-register/records/EPH-0018/,OPEN — recover exact reference and compare page count,"A public resale listing describes a 22-page 1996 catalog, but this does not resolve the BMXMuseum ID or prove completeness."
PKR-CLM-OT-001,Source record,EPH-0019,1999 GT/Dyno BMX/Freestyle — Part 2,https://article134-tech.github.io/lititzbmx-public-knowledge-register/records/EPH-0019/,OPEN — locate Part 1 and canonical links,"Only Part 2 is publicly indexed in this pass; Part 1, page range and exact BMXMuseum ID remain open."
PKR-CLM-OT-001,Source record,EPH-0023,1990 Haro BMX Catalog,https://article134-tech.github.io/lititzbmx-public-knowledge-register/records/EPH-0023/,OPEN — recover BMXMuseum ID and compare file pagination,Official archive confirms the catalog year but does not expose the unresolved BMXMuseum canonical ID in this pass.
PKR-CLM-OT-002,Source record,EPH-0008,Tioga Rhino III frame advertisement,https://article134-tech.github.io/lititzbmx-public-knowledge-register/records/EPH-0008/,"Lead — recover exact thread, magazine issue and page.",An external old-school BMX advertisement blog links to an unresolved BMXMuseum forum discussion. The original ad and publication must be identified.
PKR-CLM-OT-002,Source record,EPH-0009,First Torker advertisement in BMX Weekly,https://article134-tech.github.io/lititzbmx-public-knowledge-register/records/EPH-0009/,Priority — locate the period issue and ad image lawfully.,Current official Torker history states the first ad date; the actual BMXMuseum object and magazine page remain to be located.
PKR-CLM-OT-002,Source record,EPH-0010,First Red Line magazine advertisement featuring John Palfreyman,https://article134-tech.github.io/lititzbmx-public-knowledge-register/records/EPH-0010/,"Priority — identify magazine, issue, page and product shown.",USA BMX officially states Palfreyman appeared in the first Red Line magazine ad; exact publication/date/page still need recovery.
PKR-CLM-OT-002,Source record,EPH-0013,July 1979 JMC advertisement,https://article134-tech.github.io/lititzbmx-public-knowledge-register/records/EPH-0013/,Included — index metadata; do not reproduce image or extended copy.,JMC's historical archive identifies the source as the July 1979 Bicycle Motocross Action issue and says the advertisement appeared over many months. Page and full copy are not transcribed.
PKR-CLM-OT-002,Source record,EPH-0014,April 1981 JMC advertisement,https://article134-tech.github.io/lititzbmx-public-knowledge-register/records/EPH-0014/,Included — preserve claim-level evidence and recover page/issue details.,"The JMC archive identifies Super BMX as the publication and summarizes several claims. Exact page, repeated issues and full advertisement copy remain unresolved."
PKR-CLM-OT-002,Source record,EPH-0037,First Red Line magazine advertisement featuring John Palfreyman,https://article134-tech.github.io/lititzbmx-public-knowledge-register/records/EPH-0037/,OPEN — exact issue/page,"USA BMX supports the rider/ad relationship; publication, issue, page and product still require recovery."
PKR-CLM-OT-002,Source record,EPH-0047,First Torker advertisement in BMX Weekly,https://article134-tech.github.io/lititzbmx-public-knowledge-register/records/EPH-0047/,OPEN — period issue/page,Official Torker history supplies the date; period issue/page and exact image remain to be recovered.
PKR-CLM-OT-003,Source record,EPH-0024,1990 Haro Group 1A,https://article134-tech.github.io/lititzbmx-public-knowledge-register/records/EPH-0024/,INCLUDED WITH ATTRIBUTION,BMX-Catalogue presents recreated catalog content; treat as corroboration until checked against Haro's PDF.
PKR-CLM-OT-003,Source record,EPH-0025,1990 Haro Group 1B,https://article134-tech.github.io/lititzbmx-public-knowledge-register/records/EPH-0025/,INCLUDED WITH ATTRIBUTION,Public reconstruction is useful for discovery; original Haro page comparison remains required.
PKR-CLM-OT-003,Source record,EPH-0026,1990 Haro Group 1C,https://article134-tech.github.io/lititzbmx-public-knowledge-register/records/EPH-0026/,INCLUDED WITH ATTRIBUTION,"The 1990 overview explicitly names Group 1A, 1B and 1C; full page detail awaits direct comparison."
PKR-CLM-OT-003,Source record,EPH-0027,1990 Haro Master / Team Master,https://article134-tech.github.io/lititzbmx-public-knowledge-register/records/EPH-0027/,INCLUDED WITH ATTRIBUTION,Claims come from a recreated catalog page; verify wording and availability against the official PDF.
PKR-CLM-OT-003,Source record,EPH-0028,1990 Haro Invert,https://article134-tech.github.io/lititzbmx-public-knowledge-register/records/EPH-0028/,INCLUDED WITH ATTRIBUTION,Reconstruction should be compared against official scan before exact-copy or specification claims are elevated.
PKR-CLM-OT-004,Source record,EPH-0032,Ashtabula crank length range,https://article134-tech.github.io/lititzbmx-public-knowledge-register/records/EPH-0032/,INCLUDED WITH ATTRIBUTION,"This is an externally interpreted catalog fact, not direct page transcription in this research route."
PKR-CLM-OT-004,Source record,EPH-0033,Ashtabula fork sizing and 6-3/4-inch steerer discussion,https://article134-tech.github.io/lititzbmx-public-knowledge-register/records/EPH-0033/,INCLUDED WITH ATTRIBUTION,Technical interpretation depends on the cited discussion; retain attribution and do not generalize beyond the described page.
PKR-CLM-OT-005,Source record,EPH-0046,Free Diamond Back and Pro Star info pack and decal,https://article134-tech.github.io/lititzbmx-public-knowledge-register/records/EPH-0046/,INCLUDED — mailer/flyer lead,The offer is visible in multiple issues; contents of the pack are not recovered in this pass.
PKR-CLM-OT-005,Source record,EPH-0054,Diamond Back and Pro Star Info Pack & Decal,https://article134-tech.github.io/lititzbmx-public-knowledge-register/records/EPH-0054/,INCLUDED — contents unresolved,People: Diamond Back factory team / Harry Leary context in campaign copy; Venue: Direct-to-factory mail request; Offer: Free info pack and decal offered
PKR-CLM-OT-006,Source record,EPH-0040,1976–77 Bicycle and Components Catalog,https://article134-tech.github.io/lititzbmx-public-knowledge-register/records/EPH-0040/,INCLUDED — page inspected,Page images may be inspected for facts; the scan is not embedded or republished.
PKR-CLM-OT-006,Source record,EPH-0041,1979/80 Bicycle and Components Catalog,https://article134-tech.github.io/lititzbmx-public-knowledge-register/records/EPH-0041/,INCLUDED — page inspected,Catalog date is printed on cover; page-specific claims remain tied to inspected pages.
PKR-CLM-OT-007,Source record,EPH-0034,Mongoose 1979/80 catalog — Ashtabula one-piece cranks,https://article134-tech.github.io/lititzbmx-public-knowledge-register/records/EPH-0034/,INCLUDED — visual page inspected,"Page image was inspected in this research sequence. It corroborates product presence, not the edition/date of reference 5027."
PKR-CLM-OT-007,Source record,EPH-0035,Mongoose 1976–77 accessories — Ashtabula/Cecor pedals,https://article134-tech.github.io/lititzbmx-public-knowledge-register/records/EPH-0035/,INCLUDED — visual page inspected,Page image was inspected; exact OEM/branding relationship requires separate corporate verification.
PKR-CLM-OT-008,Source record,EPH-0020,Dynamic BMX complete-bike price advertisement,https://article134-tech.github.io/lititzbmx-public-knowledge-register/records/EPH-0020/,INCLUDED — clear prices only,"OCR is uneven. Only clearly legible model/price pairs are preserved; prices are retailer advertisements, not manufacturer MSRP."
PKR-CLM-OT-008,Source record,EPH-0021,Complete-bike mail-order price advertisement,https://article134-tech.github.io/lititzbmx-public-knowledge-register/records/EPH-0021/,INCLUDED — clear prices only,OCR is uneven; the four GT rows retained here are clear enough for a price observation but remain retailer prices.
PKR-CLM-OT-009,Source record,EPH-0039,Vintage Mongoose catalog and dealer-price archive,https://article134-tech.github.io/lititzbmx-public-knowledge-register/records/EPH-0039/,INCLUDED — discovery hub,Archive stewardship does not automatically grant republication rights for each scan.
PKR-CLM-OT-010,Source record,EPH-0055,1991 Haro/Fusion catalog request,https://article134-tech.github.io/lititzbmx-public-knowledge-register/records/EPH-0055/,INCLUDED,People: Not applicable; Venue: Mail request; Offer: Send $2 for a 1991 catalog
PKR-CLM-OT-011,Source record,EPH-0030,1991 Haro/Fusion catalog offer,https://article134-tech.github.io/lititzbmx-public-knowledge-register/records/EPH-0030/,INCLUDED — mailer object,"Period publication exposes the offer; retain as promotional ephemera, not as the catalog itself."
PKR-CLM-OT-012,Source record,EPH-0029,1990 Haro Shredder,https://article134-tech.github.io/lititzbmx-public-knowledge-register/records/EPH-0029/,OPEN — locate original catalog page,"The advanced registry lists the model, but a dedicated catalog page was not recovered in this pass."
PKR-CLM-OT-013,Source record,EPH-0011,JMC Racing Fliers and Price List,https://article134-tech.github.io/lititzbmx-public-knowledge-register/records/EPH-0011/,"Priority — locate exact reference ID, count pages and transcribe only clearly labeled factual price fields.","A public index explicitly identifies a BMXMuseum JMC flyer-and-price-list set. Exact reference ID, date, page count and individual prices are not exposed."
PKR-CLM-OT-014,Source record,EPH-0031,Ashtabula component catalog,https://article134-tech.github.io/lititzbmx-public-knowledge-register/records/EPH-0031/,EXACT ID RECOVERED,Two technical discussions independently cite reference 5027; the edition date remains approximate.
PKR-CLM-OT-015,Source record,EPH-0053,BMX Plus! / GT Hide-A-Contest,https://article134-tech.github.io/lititzbmx-public-knowledge-register/records/EPH-0053/,INCLUDED — prize details open,People: Not applicable; Venue: Mail-in entry; Offer: No purchase necessary; mail-in form with published deadline and drawing date
PKR-CLM-OT-016,Source record,EPH-0022,BMX Plus! / GT Hide-A-Contest entry form,https://article134-tech.github.io/lititzbmx-public-knowledge-register/records/EPH-0022/,INCLUDED — bibliographic facts; prize details open,The indexed page exposes deadline and drawing dates; prize/object details require page-image inspection.
PKR-CLM-OT-017,Source record,EPH-0060,Langsett Cycles BMX product advertisement,https://article134-tech.github.io/lititzbmx-public-knowledge-register/records/EPH-0060/,INCLUDED — deeper transcription deferred,People: Not applicable; Venue: Langsett Cycles; Offer: Retail prices and carriage terms; broad product inventory
PKR-CLM-OT-018,Source record,EPH-0012,Vintage JMC Racing Equipment dealer's price list from Azusa collection,https://article134-tech.github.io/lititzbmx-public-knowledge-register/records/EPH-0012/,Corroboration lead — do not merge with BMXMuseum set until directly compared.,"The public result exposes the document description but not a reliable issue date, complete contents or readable line-item prices."
PKR-CLM-OT-019,Source record,EPH-0056,Send SAE for price list and free sticker,https://article134-tech.github.io/lititzbmx-public-knowledge-register/records/EPH-0056/,INCLUDED WITH LIMITS,People: Not applicable; Venue: Mail-order dealer advertisement; Offer: Self-addressed envelope for price list and free sticker
PKR-CLM-OT-020,Source record,EPH-0061,SR Cycles product and team promotion,https://article134-tech.github.io/lititzbmx-public-knowledge-register/records/EPH-0061/,INCLUDED,People: SR Jets; Venue: SR Cycles; Offer: Free SR Jets race shirt with each bike bought through end of October; money-order hold offer
PKR-CLM-OT-021,Source record,EPH-0042,1985 Repco price list — Mongoose and parts,https://article134-tech.github.io/lititzbmx-public-knowledge-register/records/EPH-0042/,INCLUDED WITH CURRENCY CAUTION,Public summary exposes selected prices; currency is likely AUD from Australian context but should be verified from the scan.
PKR-CLM-OT-022,Source record,EPH-0052,AFA Expert & Pro Contest — Austin,https://article134-tech.github.io/lititzbmx-public-knowledge-register/records/EPH-0052/,INCLUDED,People: Dennis McCoy; Robert Peterson; Rick Allison; other pros; Venue: Austin City Coliseum; Offer: Pre-registration only; expert and pro classes
PKR-CLM-OT-023,Source record,EPH-0050,Pontin's BMX Open Championships & Trade Exhibition,https://article134-tech.github.io/lititzbmx-public-knowledge-register/records/EPH-0050/,INCLUDED — exact dates/venue,People: Mike Pardon; Andy Preston (freestyle demos referenced in surrounding promotion); Venue: Pontin's Middleton Tower Holiday Centre; Offer: Booking and trade forms offered; race weekend over three dates
PKR-CLM-OT-024,Source record,EPH-0057,"Ramp Jam — Moorhead, Minnesota",https://article134-tech.github.io/lititzbmx-public-knowledge-register/records/EPH-0057/,INCLUDED — venue open,People: Ramp riders; Venue: Venue not exposed in indexed text; Offer: Contact Rob Staiger for information
PKR-CLM-OT-025,Source record,EPH-0059,Diamond Back Silver Streak free draw at Lee Cooper event,https://article134-tech.github.io/lititzbmx-public-knowledge-register/records/EPH-0059/,INCLUDED,People: Event attendees; Venue: Lee Cooper BMX Indoor Grand Prix context; Offer: Free draw each day for riders attending
PKR-CLM-OT-026,Source record,EPH-0051,Lee Cooper BMX Indoor Grand Prix pre-registration,https://article134-tech.github.io/lititzbmx-public-knowledge-register/records/EPH-0051/,INCLUDED — exact dates pending,People: Rider roster not fully extracted; Venue: Pickett's Lock Centre; Offer: Coupon requested latest information and pre-registration forms
PKR-CLM-OT-027,Source record,EPH-0049,1979 National Number One team / 1980 world-pro chronology,https://article134-tech.github.io/lititzbmx-public-knowledge-register/records/EPH-0049/,INCLUDED WITH ATTRIBUTION,Modern historical synthesis should be cross-checked against period result and team-ad objects.
PKR-CLM-OT-028,Source record,EPH-0048,Fullerton-era Torker model archive,https://article134-tech.github.io/lititzbmx-public-knowledge-register/records/EPH-0048/,INCLUDED — discovery and verification hub,Modern official synthesis draws from BMXMuseum and period magazines; each underlying claim should retain source attribution.
PKR-CLM-OT-029,Source record,EPH-0038,RL 20 II Prostyler first dedicated freestyle kit,https://article134-tech.github.io/lititzbmx-public-knowledge-register/records/EPH-0038/,INCLUDED WITH ATTRIBUTION,Modern historical page summarizes the launch; period advertisement/catalog page remains to be located.
PKR-CLM-OT-030,Source record,EPH-0036,1978 Redline product catalog,https://article134-tech.github.io/lititzbmx-public-knowledge-register/records/EPH-0036/,INCLUDED WITH ATTRIBUTION,Current historical archive summarizes the catalog; original page structure and BMXMuseum ID remain open.
PKR-CLM-OT-031,Source record,EPH-0005,1987 Dia-Compe 182 Aerial Brake Lever,https://article134-tech.github.io/lititzbmx-public-knowledge-register/records/EPH-0005/,"Lead — identify publication, page and exact BMXMuseum reference.","Indexed title only; the object may be a catalog page, advertisement or product reference."
PKR-CLM-OT-032,Source record,EPH-0043,PK Ripper late-1970s debut,https://article134-tech.github.io/lititzbmx-public-knowledge-register/records/EPH-0043/,INCLUDED WITH ATTRIBUTION,"Current marketing history supports a broad debut claim, not an exact first advertisement or catalog page."
PKR-CLM-OT-033,Source record,EPH-0016,JMC 3.1 XL naming-contest announcement,https://article134-tech.github.io/lititzbmx-public-knowledge-register/records/EPH-0016/,Lead — locate the ABA paper issue and announcement; do not imply an exact scan has been found.,JMC's first-party history states the contest ran with Bicycle Harbor of Arizona in the ABA paper and that Matt Raymer supplied the winning name. The announcement itself is not yet located.
PKR-CLM-OT-034,Source record,EPH-0044,Perry Kramer initials on PK Ripper,https://article134-tech.github.io/lititzbmx-public-knowledge-register/records/EPH-0044/,INCLUDED — relationship evidence,First-person statement supports the relationship; catalog/advertisement evidence remains separate.
PKR-CLM-OT-035,Source record,EPH-0015,1981 JMC Factory Team advertisement,https://article134-tech.github.io/lititzbmx-public-knowledge-register/records/EPH-0015/,Included — identify publication/issue and riders shown before detailed extraction.,"The first-party archive confirms the object title and year. Publication, month, issue and complete rider identifications remain unresolved."
PKR-CLM-OT-036,Source record,EPH-0045,Silver Streak team advertisement and product naming,https://article134-tech.github.io/lititzbmx-public-knowledge-register/records/EPH-0045/,INCLUDED — campaign object,Repeated issues support campaign continuity; exact original US placement and complete copy are not reproduced.
PKR-CLM-OT-037,Source record,EPH-0058,DYNO Tour promotional stop listing,https://article134-tech.github.io/lititzbmx-public-knowledge-register/records/EPH-0058/,INCLUDED — stops pending,People: Tour riders not fully extracted; Venue: Multiple stops; exact venues not itemized; Offer: Publicity listing of stops and route context
PKR-CLM-DECADE-1970S,Source record,EPH-0006,Ashtabula component catalog,https://article134-tech.github.io/lititzbmx-public-knowledge-register/records/EPH-0006/,Exact reference recovered — inspect edition/page structure only through permitted access.,Two independent technical discussions cite the exact BMXMuseum reference 5027 and describe catalog fork data. The edition date remains approximate.
PKR-CLM-DECADE-1970S,Source record,EPH-0009,First Torker advertisement in BMX Weekly,https://article134-tech.github.io/lititzbmx-public-knowledge-register/records/EPH-0009/,Priority — locate the period issue and ad image lawfully.,Current official Torker history states the first ad date; the actual BMXMuseum object and magazine page remain to be located.
PKR-CLM-DECADE-1970S,Source record,EPH-0010,First Red Line magazine advertisement featuring John Palfreyman,https://article134-tech.github.io/lititzbmx-public-knowledge-register/records/EPH-0010/,"Priority — identify magazine, issue, page and product shown.",USA BMX officially states Palfreyman appeared in the first Red Line magazine ad; exact publication/date/page still need recovery.
PKR-CLM-DECADE-1970S,Source record,EPH-0013,July 1979 JMC advertisement,https://article134-tech.github.io/lititzbmx-public-knowledge-register/records/EPH-0013/,Included — index metadata; do not reproduce image or extended copy.,JMC's historical archive identifies the source as the July 1979 Bicycle Motocross Action issue and says the advertisement appeared over many months. Page and full copy are not transcribed.
PKR-CLM-DECADE-1970S,Source record,EPH-0031,Ashtabula component catalog,https://article134-tech.github.io/lititzbmx-public-knowledge-register/records/EPH-0031/,EXACT ID RECOVERED,Two technical discussions independently cite reference 5027; the edition date remains approximate.
PKR-CLM-DECADE-1970S,Source record,EPH-0032,Ashtabula crank length range,https://article134-tech.github.io/lititzbmx-public-knowledge-register/records/EPH-0032/,INCLUDED WITH ATTRIBUTION,"This is an externally interpreted catalog fact, not direct page transcription in this research route."
PKR-CLM-DECADE-1970S,Source record,EPH-0033,Ashtabula fork sizing and 6-3/4-inch steerer discussion,https://article134-tech.github.io/lititzbmx-public-knowledge-register/records/EPH-0033/,INCLUDED WITH ATTRIBUTION,Technical interpretation depends on the cited discussion; retain attribution and do not generalize beyond the described page.
PKR-CLM-DECADE-1970S,Source record,EPH-0034,Mongoose 1979/80 catalog — Ashtabula one-piece cranks,https://article134-tech.github.io/lititzbmx-public-knowledge-register/records/EPH-0034/,INCLUDED — visual page inspected,"Page image was inspected in this research sequence. It corroborates product presence, not the edition/date of reference 5027."
PKR-CLM-DECADE-1970S,Source record,EPH-0035,Mongoose 1976–77 accessories — Ashtabula/Cecor pedals,https://article134-tech.github.io/lititzbmx-public-knowledge-register/records/EPH-0035/,INCLUDED — visual page inspected,Page image was inspected; exact OEM/branding relationship requires separate corporate verification.
PKR-CLM-DECADE-1970S,Source record,EPH-0036,1978 Redline product catalog,https://article134-tech.github.io/lititzbmx-public-knowledge-register/records/EPH-0036/,INCLUDED WITH ATTRIBUTION,Current historical archive summarizes the catalog; original page structure and BMXMuseum ID remain open.
PKR-CLM-DECADE-1970S,Source record,EPH-0037,First Red Line magazine advertisement featuring John Palfreyman,https://article134-tech.github.io/lititzbmx-public-knowledge-register/records/EPH-0037/,OPEN — exact issue/page,"USA BMX supports the rider/ad relationship; publication, issue, page and product still require recovery."
PKR-CLM-DECADE-1970S,Source record,EPH-0039,Vintage Mongoose catalog and dealer-price archive,https://article134-tech.github.io/lititzbmx-public-knowledge-register/records/EPH-0039/,INCLUDED — discovery hub,Archive stewardship does not automatically grant republication rights for each scan.
PKR-CLM-DECADE-1970S,Source record,EPH-0040,1976–77 Bicycle and Components Catalog,https://article134-tech.github.io/lititzbmx-public-knowledge-register/records/EPH-0040/,INCLUDED — page inspected,Page images may be inspected for facts; the scan is not embedded or republished.
PKR-CLM-DECADE-1970S,Source record,EPH-0041,1979/80 Bicycle and Components Catalog,https://article134-tech.github.io/lititzbmx-public-knowledge-register/records/EPH-0041/,INCLUDED — page inspected,Catalog date is printed on cover; page-specific claims remain tied to inspected pages.
PKR-CLM-DECADE-1970S,Source record,EPH-0043,PK Ripper late-1970s debut,https://article134-tech.github.io/lititzbmx-public-knowledge-register/records/EPH-0043/,INCLUDED WITH ATTRIBUTION,"Current marketing history supports a broad debut claim, not an exact first advertisement or catalog page."
PKR-CLM-DECADE-1970S,Source record,EPH-0044,Perry Kramer initials on PK Ripper,https://article134-tech.github.io/lititzbmx-public-knowledge-register/records/EPH-0044/,INCLUDED — relationship evidence,First-person statement supports the relationship; catalog/advertisement evidence remains separate.
PKR-CLM-DECADE-1970S,Source record,EPH-0047,First Torker advertisement in BMX Weekly,https://article134-tech.github.io/lititzbmx-public-knowledge-register/records/EPH-0047/,OPEN — period issue/page,Official Torker history supplies the date; period issue/page and exact image remain to be recovered.
PKR-CLM-DECADE-1970S,Source record,EPH-0048,Fullerton-era Torker model archive,https://article134-tech.github.io/lititzbmx-public-knowledge-register/records/EPH-0048/,INCLUDED — discovery and verification hub,Modern official synthesis draws from BMXMuseum and period magazines; each underlying claim should retain source attribution.
PKR-CLM-DECADE-1970S,Source record,EPH-0049,1979 National Number One team / 1980 world-pro chronology,https://article134-tech.github.io/lititzbmx-public-knowledge-register/records/EPH-0049/,INCLUDED WITH ATTRIBUTION,Modern historical synthesis should be cross-checked against period result and team-ad objects.
PKR-CLM-DECADE-1980S,Source record,EPH-0005,1987 Dia-Compe 182 Aerial Brake Lever,https://article134-tech.github.io/lititzbmx-public-knowledge-register/records/EPH-0005/,"Lead — identify publication, page and exact BMXMuseum reference.","Indexed title only; the object may be a catalog page, advertisement or product reference."
PKR-CLM-DECADE-1980S,Source record,EPH-0008,Tioga Rhino III frame advertisement,https://article134-tech.github.io/lititzbmx-public-knowledge-register/records/EPH-0008/,"Lead — recover exact thread, magazine issue and page.",An external old-school BMX advertisement blog links to an unresolved BMXMuseum forum discussion. The original ad and publication must be identified.
PKR-CLM-DECADE-1980S,Source record,EPH-0014,April 1981 JMC advertisement,https://article134-tech.github.io/lititzbmx-public-knowledge-register/records/EPH-0014/,Included — preserve claim-level evidence and recover page/issue details.,"The JMC archive identifies Super BMX as the publication and summarizes several claims. Exact page, repeated issues and full advertisement copy remain unresolved."
PKR-CLM-DECADE-1980S,Source record,EPH-0015,1981 JMC Factory Team advertisement,https://article134-tech.github.io/lititzbmx-public-knowledge-register/records/EPH-0015/,Included — identify publication/issue and riders shown before detailed extraction.,"The first-party archive confirms the object title and year. Publication, month, issue and complete rider identifications remain unresolved."
PKR-CLM-DECADE-1980S,Source record,EPH-0016,JMC 3.1 XL naming-contest announcement,https://article134-tech.github.io/lititzbmx-public-knowledge-register/records/EPH-0016/,Lead — locate the ABA paper issue and announcement; do not imply an exact scan has been found.,JMC's first-party history states the contest ran with Bicycle Harbor of Arizona in the ABA paper and that Matt Raymer supplied the winning name. The announcement itself is not yet located.
PKR-CLM-DECADE-1980S,Source record,EPH-0020,Dynamic BMX complete-bike price advertisement,https://article134-tech.github.io/lititzbmx-public-knowledge-register/records/EPH-0020/,INCLUDED — clear prices only,"OCR is uneven. Only clearly legible model/price pairs are preserved; prices are retailer advertisements, not manufacturer MSRP."
PKR-CLM-DECADE-1980S,Source record,EPH-0021,Complete-bike mail-order price advertisement,https://article134-tech.github.io/lititzbmx-public-knowledge-register/records/EPH-0021/,INCLUDED — clear prices only,OCR is uneven; the four GT rows retained here are clear enough for a price observation but remain retailer prices.
PKR-CLM-DECADE-1980S,Source record,EPH-0022,BMX Plus! / GT Hide-A-Contest entry form,https://article134-tech.github.io/lititzbmx-public-knowledge-register/records/EPH-0022/,INCLUDED — bibliographic facts; prize details open,The indexed page exposes deadline and drawing dates; prize/object details require page-image inspection.
PKR-CLM-DECADE-1980S,Source record,EPH-0038,RL 20 II Prostyler first dedicated freestyle kit,https://article134-tech.github.io/lititzbmx-public-knowledge-register/records/EPH-0038/,INCLUDED WITH ATTRIBUTION,Modern historical page summarizes the launch; period advertisement/catalog page remains to be located.
PKR-CLM-DECADE-1980S,Source record,EPH-0042,1985 Repco price list — Mongoose and parts,https://article134-tech.github.io/lititzbmx-public-knowledge-register/records/EPH-0042/,INCLUDED WITH CURRENCY CAUTION,Public summary exposes selected prices; currency is likely AUD from Australian context but should be verified from the scan.
PKR-CLM-DECADE-1980S,Source record,EPH-0045,Silver Streak team advertisement and product naming,https://article134-tech.github.io/lititzbmx-public-knowledge-register/records/EPH-0045/,INCLUDED — campaign object,Repeated issues support campaign continuity; exact original US placement and complete copy are not reproduced.
PKR-CLM-DECADE-1980S,Source record,EPH-0046,Free Diamond Back and Pro Star info pack and decal,https://article134-tech.github.io/lititzbmx-public-knowledge-register/records/EPH-0046/,INCLUDED — mailer/flyer lead,The offer is visible in multiple issues; contents of the pack are not recovered in this pass.
PKR-CLM-DECADE-1980S,Source record,EPH-0050,Pontin's BMX Open Championships & Trade Exhibition,https://article134-tech.github.io/lititzbmx-public-knowledge-register/records/EPH-0050/,INCLUDED — exact dates/venue,People: Mike Pardon; Andy Preston (freestyle demos referenced in surrounding promotion); Venue: Pontin's Middleton Tower Holiday Centre; Offer: Booking and trade forms offered; race weekend over three dates
PKR-CLM-DECADE-1980S,Source record,EPH-0051,Lee Cooper BMX Indoor Grand Prix pre-registration,https://article134-tech.github.io/lititzbmx-public-knowledge-register/records/EPH-0051/,INCLUDED — exact dates pending,People: Rider roster not fully extracted; Venue: Pickett's Lock Centre; Offer: Coupon requested latest information and pre-registration forms
PKR-CLM-DECADE-1980S,Source record,EPH-0052,AFA Expert & Pro Contest — Austin,https://article134-tech.github.io/lititzbmx-public-knowledge-register/records/EPH-0052/,INCLUDED,People: Dennis McCoy; Robert Peterson; Rick Allison; other pros; Venue: Austin City Coliseum; Offer: Pre-registration only; expert and pro classes
PKR-CLM-DECADE-1980S,Source record,EPH-0053,BMX Plus! / GT Hide-A-Contest,https://article134-tech.github.io/lititzbmx-public-knowledge-register/records/EPH-0053/,INCLUDED — prize details open,People: Not applicable; Venue: Mail-in entry; Offer: No purchase necessary; mail-in form with published deadline and drawing date
PKR-CLM-DECADE-1980S,Source record,EPH-0054,Diamond Back and Pro Star Info Pack & Decal,https://article134-tech.github.io/lititzbmx-public-knowledge-register/records/EPH-0054/,INCLUDED — contents unresolved,People: Diamond Back factory team / Harry Leary context in campaign copy; Venue: Direct-to-factory mail request; Offer: Free info pack and decal offered
PKR-CLM-DECADE-1980S,Source record,EPH-0056,Send SAE for price list and free sticker,https://article134-tech.github.io/lititzbmx-public-knowledge-register/records/EPH-0056/,INCLUDED WITH LIMITS,People: Not applicable; Venue: Mail-order dealer advertisement; Offer: Self-addressed envelope for price list and free sticker
PKR-CLM-DECADE-1980S,Source record,EPH-0057,"Ramp Jam — Moorhead, Minnesota",https://article134-tech.github.io/lititzbmx-public-knowledge-register/records/EPH-0057/,INCLUDED — venue open,People: Ramp riders; Venue: Venue not exposed in indexed text; Offer: Contact Rob Staiger for information
PKR-CLM-DECADE-1980S,Source record,EPH-0058,DYNO Tour promotional stop listing,https://article134-tech.github.io/lititzbmx-public-knowledge-register/records/EPH-0058/,INCLUDED — stops pending,People: Tour riders not fully extracted; Venue: Multiple stops; exact venues not itemized; Offer: Publicity listing of stops and route context
PKR-CLM-DECADE-1980S,Source record,EPH-0059,Diamond Back Silver Streak free draw at Lee Cooper event,https://article134-tech.github.io/lititzbmx-public-knowledge-register/records/EPH-0059/,INCLUDED,People: Event attendees; Venue: Lee Cooper BMX Indoor Grand Prix context; Offer: Free draw each day for riders attending
PKR-CLM-DECADE-1980S,Source record,EPH-0060,Langsett Cycles BMX product advertisement,https://article134-tech.github.io/lititzbmx-public-knowledge-register/records/EPH-0060/,INCLUDED — deeper transcription deferred,People: Not applicable; Venue: Langsett Cycles; Offer: Retail prices and carriage terms; broad product inventory
PKR-CLM-DECADE-1980S,Source record,EPH-0061,SR Cycles product and team promotion,https://article134-tech.github.io/lititzbmx-public-knowledge-register/records/EPH-0061/,INCLUDED,People: SR Jets; Venue: SR Cycles; Offer: Free SR Jets race shirt with each bike bought through end of October; money-order hold offer
PKR-CLM-DECADE-1990S,Source record,EPH-0001,1996 GT/Dyno — The BMX & Freestyle Catalog,https://article134-tech.github.io/lititzbmx-public-knowledge-register/records/EPH-0001/,Lead — locate exact reference ID and edition/page count.,Public indexing exposes the title and BMXMuseum provenance but not a reliable reference ID or complete page set.
PKR-CLM-DECADE-1990S,Source record,EPH-0002,1992 GT/Dyno Product Catalog,https://article134-tech.github.io/lititzbmx-public-knowledge-register/records/EPH-0002/,Lead — locate exact reference and compare with independent catalog archives.,Title is publicly indexed; exact reference ID and completeness remain unresolved.
PKR-CLM-DECADE-1990S,Source record,EPH-0003,1999 GT/Dyno BMX/Freestyle — Part 2,https://article134-tech.github.io/lititzbmx-public-knowledge-register/records/EPH-0003/,"Lead — locate part 1, exact reference IDs and page ranges.",Only the indexed title is presently recoverable.
PKR-CLM-DECADE-1990S,Source record,EPH-0004,1990 Haro BMX Catalog,https://article134-tech.github.io/lititzbmx-public-knowledge-register/records/EPH-0004/,Verified catalog existence — recover exact BMXMuseum ID and compare editions/pages.,Haro's official BMX archive independently lists a 1990 PDF catalog. The BMXMuseum reference ID and document completeness remain unresolved.
PKR-CLM-DECADE-1990S,Source record,EPH-0007,1997 Hoffman catalog — George model specification,https://article134-tech.github.io/lititzbmx-public-knowledge-register/records/EPH-0007/,Open — record exact page and compare with other Hoffman catalogs.,An external forum cites the exact BMXMuseum reference for the Hoffman George. The full catalog title and edition need confirmation.
PKR-CLM-DECADE-1990S,Source record,EPH-0017,1992 GT/Dyno Product Catalog,https://article134-tech.github.io/lititzbmx-public-knowledge-register/records/EPH-0017/,"OPEN — exact reference, full pagination and price labels","Two indexed pages expose $259 and $319, but exact page numbers, currency and price basis are not established."
PKR-CLM-DECADE-1990S,Source record,EPH-0018,1996 GT/Dyno — The BMX & Freestyle Catalog,https://article134-tech.github.io/lititzbmx-public-knowledge-register/records/EPH-0018/,OPEN — recover exact reference and compare page count,"A public resale listing describes a 22-page 1996 catalog, but this does not resolve the BMXMuseum ID or prove completeness."
PKR-CLM-DECADE-1990S,Source record,EPH-0019,1999 GT/Dyno BMX/Freestyle — Part 2,https://article134-tech.github.io/lititzbmx-public-knowledge-register/records/EPH-0019/,OPEN — locate Part 1 and canonical links,"Only Part 2 is publicly indexed in this pass; Part 1, page range and exact BMXMuseum ID remain open."
PKR-CLM-DECADE-1990S,Source record,EPH-0023,1990 Haro BMX Catalog,https://article134-tech.github.io/lititzbmx-public-knowledge-register/records/EPH-0023/,OPEN — recover BMXMuseum ID and compare file pagination,Official archive confirms the catalog year but does not expose the unresolved BMXMuseum canonical ID in this pass.
PKR-CLM-DECADE-1990S,Source record,EPH-0024,1990 Haro Group 1A,https://article134-tech.github.io/lititzbmx-public-knowledge-register/records/EPH-0024/,INCLUDED WITH ATTRIBUTION,BMX-Catalogue presents recreated catalog content; treat as corroboration until checked against Haro's PDF.
PKR-CLM-DECADE-1990S,Source record,EPH-0025,1990 Haro Group 1B,https://article134-tech.github.io/lititzbmx-public-knowledge-register/records/EPH-0025/,INCLUDED WITH ATTRIBUTION,Public reconstruction is useful for discovery; original Haro page comparison remains required.
PKR-CLM-DECADE-1990S,Source record,EPH-0026,1990 Haro Group 1C,https://article134-tech.github.io/lititzbmx-public-knowledge-register/records/EPH-0026/,INCLUDED WITH ATTRIBUTION,"The 1990 overview explicitly names Group 1A, 1B and 1C; full page detail awaits direct comparison."
PKR-CLM-DECADE-1990S,Source record,EPH-0027,1990 Haro Master / Team Master,https://article134-tech.github.io/lititzbmx-public-knowledge-register/records/EPH-0027/,INCLUDED WITH ATTRIBUTION,Claims come from a recreated catalog page; verify wording and availability against the official PDF.
PKR-CLM-DECADE-1990S,Source record,EPH-0028,1990 Haro Invert,https://article134-tech.github.io/lititzbmx-public-knowledge-register/records/EPH-0028/,INCLUDED WITH ATTRIBUTION,Reconstruction should be compared against official scan before exact-copy or specification claims are elevated.
PKR-CLM-DECADE-1990S,Source record,EPH-0029,1990 Haro Shredder,https://article134-tech.github.io/lititzbmx-public-knowledge-register/records/EPH-0029/,OPEN — locate original catalog page,"The advanced registry lists the model, but a dedicated catalog page was not recovered in this pass."
PKR-CLM-DECADE-1990S,Source record,EPH-0030,1991 Haro/Fusion catalog offer,https://article134-tech.github.io/lititzbmx-public-knowledge-register/records/EPH-0030/,INCLUDED — mailer object,"Period publication exposes the offer; retain as promotional ephemera, not as the catalog itself."
PKR-CLM-DECADE-1990S,Source record,EPH-0055,1991 Haro/Fusion catalog request,https://article134-tech.github.io/lititzbmx-public-knowledge-register/records/EPH-0055/,INCLUDED,People: Not applicable; Venue: Mail request; Offer: Send $2 for a 1991 catalog
PKR-CLM-DECADE-2020S,Source record,EPH-0012,Vintage JMC Racing Equipment dealer's price list from Azusa collection,https://article134-tech.github.io/lititzbmx-public-knowledge-register/records/EPH-0012/,Corroboration lead — do not merge with BMXMuseum set until directly compared.,"The public result exposes the document description but not a reliable issue date, complete contents or readable line-item prices."
PKR-CLM-DECADE-UNDATED,Source record,EPH-0011,JMC Racing Fliers and Price List,https://article134-tech.github.io/lititzbmx-public-knowledge-register/records/EPH-0011/,"Priority — locate exact reference ID, count pages and transcribe only clearly labeled factual price fields.","A public index explicitly identifies a BMXMuseum JMC flyer-and-price-list set. Exact reference ID, date, page count and individual prices are not exposed."
