Master ID,Source Stage,Original ID,Object Type,Title,Start Year,End Year,Date Text,Brand / Promoter,Primary Subject,Geography,BMXMuseum Status,Exact Reference ID,Source Role,Evidence / Limitation,Confidence,Rights Code,Research Status,Primary Source URL,Secondary Source URL,Normalized Duplicate Key,Duplicate Group,Canonical Action,Notes,Accessed
EPH-0001,v0.5 inherited,BM-AD-0001,Catalog,1996 GT/Dyno — The BMX & Freestyle Catalog,1996,1996,1996,GT; Dyno,"Model lineup, colors, component specifications, team imagery and brand positioning for 1996.",Unresolved / varies,Reference title exposed; exact ID unresolved,,Existing public knowledge register,Public indexing exposes the title and BMXMuseum provenance but not a reliable reference ID or complete page set.,MEDIUM,INDEX-ONLY,Lead — locate exact reference ID and edition/page count.,https://www.pinterest.com/pin/bmxmuseumcom-reference-1996-gtdyno-the-bmx-freestyle-catalog--491877590560035755/,,gt dyno|1996 gt dyno the bmx freestyle catalog|1996,DUP-GTD-1996,MERGE identity; preserve source occurrence,Image: Do not copy scans. Text: Paraphrase bibliographic facts only.,2026-07-30
EPH-0002,v0.5 inherited,BM-AD-0002,Catalog,1992 GT/Dyno Product Catalog,1992,1992,1992,GT; Dyno,"Model-year lineup, specifications and GT/Dyno brand relationship.",Unresolved / varies,Reference title exposed; exact ID unresolved,,Existing public knowledge register,Title is publicly indexed; exact reference ID and completeness remain unresolved.,MEDIUM,INDEX-ONLY,Lead — locate exact reference and compare with independent catalog archives.,https://in.pinterest.com/pin/1011550766308215575/,,gt dyno|1992 gt dyno product catalog|1992,DUP-GTD-1992,MERGE identity; preserve source occurrence,Image: Do not copy scans. Text: Paraphrase bibliographic facts only.,2026-07-30
EPH-0003,v0.5 inherited,BM-AD-0003,Catalog,1999 GT/Dyno BMX/Freestyle — Part 2,1999,1999,1999,GT; Dyno,"Late-1990s model lineup, parts and visual branding.",Unresolved / varies,Reference title exposed; exact ID unresolved,,Existing public knowledge register,Only the indexed title is presently recoverable.,LOW-MEDIUM,INDEX-ONLY,"Lead — locate part 1, exact reference IDs and page ranges.",https://www.pinterest.com/pin/bmxmuseumcom-reference-1999-gtdyno-bmxfreestyle-part-2-in-2025--798192733998105769/,,gt dyno|1999 gt dyno bmx freestyle part 2|1999,DUP-GTD-1999-P2,MERGE identity; preserve source occurrence,Image: Do not copy scans. Text: Paraphrase bibliographic facts only.,2026-07-30
EPH-0004,v0.5 inherited,BM-AD-0004,Catalog,1990 Haro BMX Catalog,1990,1990,1990,Haro,"Haro's 1990 models, specifications, colors and marketing.",Unresolved / varies,Reference title exposed; exact ID unresolved,,Existing public knowledge register,Haro's official BMX archive independently lists a 1990 PDF catalog. The BMXMuseum reference ID and document completeness remain unresolved.,LOW-MEDIUM,INDEX-ONLY,Verified catalog existence — recover exact BMXMuseum ID and compare editions/pages.,https://storage.googleapis.com/dioyjtkukhpqse/haro-bmx-catalog.html,https://archive.harobikes.com/,haro|1990 haro bmx catalog|1990,DUP-HARO-1990-CAT,MERGE identity; preserve source occurrence,Image: Do not copy scans. Text: Paraphrase bibliographic facts only.,2026-07-30
EPH-0005,v0.5 inherited,BM-AD-0005,Product literature,1987 Dia-Compe 182 Aerial Brake Lever,1987,1987,1987,Dia-Compe,"Product name, year, design and marketing context.",Unresolved / varies,Reference title exposed; exact ID unresolved,,Existing public knowledge register,"Indexed title only; the object may be a catalog page, advertisement or product reference.",MEDIUM,INDEX-ONLY,"Lead — identify publication, page and exact BMXMuseum reference.",https://www.pinterest.com/pin/bmxmuseumcom-reference-1987-diacompe-182-aerial-brake-lever--731623901972849898/,,dia compe|1987 dia compe 182 aerial brake lever|1987,,RETAIN — unique source record,Image: Do not copy image. Text: Paraphrase bibliographic facts only.,2026-07-30
EPH-0006,v0.5 inherited,BM-AD-0006,Catalog,Ashtabula component catalog,1977,1977,circa 1977 (unverified),Ashtabula,"Fork sizes, steerer dimensions and product range across wheel sizes.",Unresolved / varies,Reference 5027,5027,Existing public knowledge register,Two independent technical discussions cite the exact BMXMuseum reference 5027 and describe catalog fork data. The edition date remains approximate.,HIGH for object; MEDIUM for date,INDEX-ONLY,Exact reference recovered — inspect edition/page structure only through permitted access.,https://bmxmuseum.com/reference/5027,https://thecabe.com/forum/threads/ashtabula-fork-identification-help.253603/,ashtabula|ashtabula component catalog|1977,DUP-ASHT-5027,MERGE identity; preserve source occurrence,Image: Do not copy scans. Text: Paraphrase factual specifications with attribution.,2026-07-30
EPH-0007,v0.5 inherited,BM-AD-0007,Catalog,1997 Hoffman catalog — George model specification,1997,1997,1997,Hoffman Bikes,"Model name, geometry/specification and model-year existence.",Unresolved / varies,Reference 1911,1911,Existing public knowledge register,An external forum cites the exact BMXMuseum reference for the Hoffman George. The full catalog title and edition need confirmation.,HIGH for reference existence; MEDIUM for interpreted model data,INDEX-ONLY,Open — record exact page and compare with other Hoffman catalogs.,https://bmxmuseum.com/reference/1911,https://www.radbmx.co.uk/forum/index.php?topic=181254.0,hoffman bikes|1997 hoffman catalog george model specification|1997,,RETAIN — unique source record,Image: Do not copy scans. Text: Paraphrase specifications with citation.,2026-07-30
EPH-0008,v0.5 inherited,BM-AD-0008,Magazine advertisement,Tioga Rhino III frame advertisement,1983,1983,1983 lead,Tioga; Tange,"Product launch timing, construction claims, branding and period pricing if present.",Unresolved / varies,Forum object unresolved,,Existing public knowledge register,An external old-school BMX advertisement blog links to an unresolved BMXMuseum forum discussion. The original ad and publication must be identified.,LOW-MEDIUM,INDEX-ONLY,"Lead — recover exact thread, magazine issue and page.",https://edwardkoenning.blogspot.com/2012/09/,,tioga tange|tioga rhino iii frame advertisement|1983,,RETAIN — unique source record,Image: Do not copy image. Text: Paraphrase bibliographic facts only.,2026-07-30
EPH-0009,v0.5 inherited,BM-AD-0009,Magazine advertisement,First Torker advertisement in BMX Weekly,1976,1976,December 1976,Torker,"Earliest public brand marketing, product terminology and launch chronology.",Unresolved / varies,BMXMuseum production-record ecosystem,,Existing public knowledge register,Current official Torker history states the first ad date; the actual BMXMuseum object and magazine page remain to be located.,MEDIUM-HIGH,INDEX-ONLY,Priority — locate the period issue and ad image lawfully.,https://torkerracing.com/pages/the-fullerton-era-torker-bmx-history,,torker|first torker advertisement in bmx weekly|1976,DUP-TORKER-FIRST-AD,MERGE identity; preserve source occurrence,Image: Do not copy without rights review. Text: Paraphrase date/title claims with attribution.,2026-07-30
EPH-0010,v0.5 inherited,BM-AD-0010,Magazine advertisement,First Red Line magazine advertisement featuring John Palfreyman,1970,1970,1970s; exact issue pending,Red Line; John Palfreyman,"Early Red Line rider endorsement, product testing and brand chronology.",Unresolved / varies,Redline brand gallery ecosystem,,Existing public knowledge register,USA BMX officially states Palfreyman appeared in the first Red Line magazine ad; exact publication/date/page still need recovery.,HIGH for relationship; MEDIUM for bibliographic detail,INDEX-ONLY,"Priority — identify magazine, issue, page and product shown.",https://bmxmuseum.com/bikes/redline/,https://www.usabmx.com/news-and-media/6/2012-05-10/National-BMX-Hall-of-Fame-2012-Inductees-Announced?id=580,red line john palfreyman|first red line magazine advertisement featuring john palfreyman|1970,DUP-REDLINE-FIRST-AD,MERGE identity; preserve source occurrence,Image: Do not copy without rights review. Text: Paraphrase bibliographic facts only.,2026-07-30
EPH-0011,v0.5 inherited,BM-AD-0011,Combined flyer / price-list set,JMC Racing Fliers and Price List,,,Undated,JMC Racing,"JMC product range, dealer-facing terminology, period marketing and historical prices if readable.",Unresolved / varies,Reference title exposed; exact ID unresolved,,Existing public knowledge register,"A public index explicitly identifies a BMXMuseum JMC flyer-and-price-list set. Exact reference ID, date, page count and individual prices are not exposed.",MEDIUM,INDEX-ONLY,"Priority — locate exact reference ID, count pages and transcribe only clearly labeled factual price fields.",https://www.pinterest.com/pin/jmc-bmx-fliers-and-price-list--442478732119429034/,https://www.facebook.com/groups/553888658024748/posts/27080185384968381/,jmc racing|jmc racing fliers and price list|,,RETAIN — unique source record,Image: Do not copy scans. Text: Paraphrase bibliographic and price facts only.,2026-07-30
EPH-0012,v0.5 inherited,BM-AD-0012,Dealer price list,Vintage JMC Racing Equipment dealer's price list from Azusa collection,2026,2026,Undated vintage document; public post 2026,JMC Racing; Azusa collection,Existence of a period JMC dealer-price document and possible dealer/distributor context.,Unresolved / varies,External corroborating ephemera lead,,Existing public knowledge register,"The public result exposes the document description but not a reliable issue date, complete contents or readable line-item prices.",LOW-MEDIUM,INDEX-ONLY,Corroboration lead — do not merge with BMXMuseum set until directly compared.,https://www.facebook.com/groups/553888658024748/posts/27080185384968381/,,jmc racing azusa collection|vintage jmc racing equipment dealer s price list from azusa collection|2026,,RETAIN — unique source record,Image: Do not copy image. Text: Paraphrase document description only.,2026-07-30
EPH-0013,v0.5 inherited,BM-AD-0013,Magazine advertisement,July 1979 JMC advertisement,1979,1979,July 1979 issue; ran over multiple months,JMC Racing,"Period product marketing, model terminology and JMC's 1979 market presentation.",Unresolved / varies,First-party JMC historical archive object,,Existing public knowledge register,JMC's historical archive identifies the source as the July 1979 Bicycle Motocross Action issue and says the advertisement appeared over many months. Page and full copy are not transcribed.,HIGH for bibliographic identity,INDEX-ONLY / PERMISSION REQUIRED,Included — index metadata; do not reproduce image or extended copy.,https://jmcbmx.wordpress.com/2010/02/03/july-1979-advertisement/,https://jmcbmx.wordpress.com/page/3/,jmc racing|july 1979 jmc advertisement|1979,,RETAIN — unique source record,Image: Do not copy; BMXA imagery requires Bob Osborn's written permission. Text: Paraphrase bibliographic facts only.,2026-07-30
EPH-0014,v0.5 inherited,BM-AD-0014,Magazine advertisement,April 1981 JMC advertisement,1981,1981,April 1981; appeared in multiple months,JMC Racing; Black Shadow; 3.1 XL,Black Shadow naming after chrome introduction; 3.1 XL 110-lb limit and frame relationship; comparative geometry claim.,Unresolved / varies,First-party JMC historical archive object,,Existing public knowledge register,"The JMC archive identifies Super BMX as the publication and summarizes several claims. Exact page, repeated issues and full advertisement copy remain unresolved.",HIGH for source/date; MEDIUM-HIGH for summarized claims,INDEX-ONLY,Included — preserve claim-level evidence and recover page/issue details.,https://jmcbmx.wordpress.com/2010/02/03/april-1981-advertisement/,https://jmcbmx.wordpress.com/page/3/,jmc racing black shadow 3 1 xl|april 1981 jmc advertisement|1981,,RETAIN — unique source record,Image: Do not copy advertisement image. Text: Paraphrase specific factual claims with attribution.,2026-07-30
EPH-0015,v0.5 inherited,BM-AD-0015,Team advertisement,1981 JMC Factory Team advertisement,1981,1981,1981,JMC Racing; JMC Factory Team,"Factory-team roster context, team presentation and period branding.",Unresolved / varies,First-party JMC historical archive object,,Existing public knowledge register,"The first-party archive confirms the object title and year. Publication, month, issue and complete rider identifications remain unresolved.",MEDIUM-HIGH,INDEX-ONLY,Included — identify publication/issue and riders shown before detailed extraction.,https://jmcbmx.wordpress.com/2010/02/03/81-jmc-factory-team-advertisement/,https://jmcbmx.wordpress.com/page/3/,jmc racing jmc factory team|1981 jmc factory team advertisement|1981,,RETAIN — unique source record,Image: Do not copy advertisement image. Text: Paraphrase bibliographic facts only.,2026-07-30
EPH-0016,v0.5 inherited,BM-AD-0016,Promotional announcement / naming contest,JMC 3.1 XL naming-contest announcement,1980,1980,1980,JMC Racing; Bicycle Harbor of Arizona; Matt Raymer,"Product naming chronology, dealer collaboration and origin of the 3.1 XL name.",Unresolved / varies,Period ABA-paper announcement not yet recovered,,Existing public knowledge register,JMC's first-party history states the contest ran with Bicycle Harbor of Arizona in the ABA paper and that Matt Raymer supplied the winning name. The announcement itself is not yet located.,HIGH for historical claim; LOW for object recovery,INDEX-ONLY,Lead — locate the ABA paper issue and announcement; do not imply an exact scan has been found.,https://jmcbmx.wordpress.com/about/,,jmc racing bicycle harbor of arizona matt raymer|jmc 3 1 xl naming contest announcement|1980,,RETAIN — unique source record,Image: No image recovered. Text: Paraphrase first-party historical claim.,2026-07-30
EPH-0017,v0.6,GTD-OBJ-0001,Catalog,1992 GT/Dyno Product Catalog,1992,1992,1992,GT; Dyno,"Model-year lineup, GT/Dyno relationship and page-level printed prices.",Unresolved / varies,Publicly indexed title and price-bearing pages; exact canonical ID unresolved,,GT/Dyno sequence,"Two indexed pages expose $259 and $319, but exact page numbers, currency and price basis are not established.",MEDIUM,INDEX-ONLY,"OPEN — exact reference, full pagination and price labels",https://in.pinterest.com/pin/1011550766308215575/,https://www.pinterest.com/pin/430304939389697452/,gt dyno|1992 gt dyno product catalog|1992,DUP-GTD-1992,MERGE identity; preserve source occurrence,Do not identify the $319 bicycle without adjacent page context.,2026-07-30
EPH-0018,v0.6,GTD-OBJ-0002,Catalog,1996 GT/Dyno — The BMX & Freestyle Catalog,1996,1996,1996,GT; Dyno,"Mid-1990s BMX/freestyle lineup, brand architecture, models and specifications.",Unresolved / varies,Publicly indexed title; exact canonical ID unresolved,,GT/Dyno sequence,"A public resale listing describes a 22-page 1996 catalog, but this does not resolve the BMXMuseum ID or prove completeness.",MEDIUM,INDEX-ONLY,OPEN — recover exact reference and compare page count,https://www.pinterest.com/pin/bmxmuseumcom-reference-1996-gtdyno-the-bmx-freestyle-catalog--491877590560035755/,,gt dyno|1996 gt dyno the bmx freestyle catalog|1996,DUP-GTD-1996,MERGE identity; preserve source occurrence,Catalog-object existence is stronger than page-level extraction.,2026-07-30
EPH-0019,v0.6,GTD-OBJ-0003,Catalog,1999 GT/Dyno BMX/Freestyle — Part 2,1999,1999,1999,GT; Dyno,"Late-1990s model lineup, components and division of a multi-part reference set.",Unresolved / varies,Publicly indexed title; exact canonical ID unresolved,,GT/Dyno sequence,"Only Part 2 is publicly indexed in this pass; Part 1, page range and exact BMXMuseum ID remain open.",LOW-MEDIUM,INDEX-ONLY,OPEN — locate Part 1 and canonical links,https://www.pinterest.com/pin/bmxmuseumcom-reference-1999-gtdyno-bmxfreestyle-part-2-in-2025--798192733998105769/,,gt dyno|1999 gt dyno bmx freestyle part 2|1999,DUP-GTD-1999-P2,MERGE identity; preserve source occurrence,Keep multi-part object hierarchy explicit.,2026-07-30
EPH-0020,v0.6,GTD-OBJ-0004,Retailer advertisement / price list,Dynamic BMX complete-bike price advertisement,1987,1987,August 1987,GT; Dyno; Haro; Auburn,Contemporaneous advertised prices for GT and Dyno complete bikes.,Unresolved / varies,Independent period publication; not a BMXMuseum object,,GT/Dyno sequence,"OCR is uneven. Only clearly legible model/price pairs are preserved; prices are retailer advertisements, not manufacturer MSRP.",MEDIUM-HIGH for clear rows,INDEX-ONLY,INCLUDED — clear prices only,https://previouspage.co.uk/issues/245-august-nineteen-eighty-seven,,gt dyno haro auburn|dynamic bmx complete bike price advertisement|1987,,RETAIN — unique source record,"US publication context supports USD, but seller identity should be checked from page image before stronger claims.",2026-07-30
EPH-0021,v0.6,GTD-OBJ-0005,Retailer advertisement / price list,Complete-bike mail-order price advertisement,1987,1987,July 1987,GT; Dyno; Skyway; Haro,Contemporaneous advertised prices and cross-brand retail comparison.,Unresolved / varies,Independent period publication; not a BMXMuseum object,,GT/Dyno sequence,OCR is uneven; the four GT rows retained here are clear enough for a price observation but remain retailer prices.,MEDIUM-HIGH for clear rows,INDEX-ONLY,INCLUDED — clear prices only,https://previouspage.co.uk/magazines/BMX%20Plus/issues/244-july-nineteen-eighty-seven,,gt dyno skyway haro|complete bike mail order price advertisement|1987,,RETAIN — unique source record,Do not merge duplicate model prices across sellers/issues.,2026-07-30
EPH-0022,v0.6,GTD-OBJ-0006,Contest entry form / promotion,BMX Plus! / GT Hide-A-Contest entry form,1987,1987,Deadline 1987-09-28; drawing 1987-10-05,GT; BMX Plus!,"GT promotional partnership, contest dates, entry mechanism and period audience marketing.",Unresolved / varies,Independent period publication; not a BMXMuseum object,,GT/Dyno sequence,The indexed page exposes deadline and drawing dates; prize/object details require page-image inspection.,HIGH for dates,INDEX-ONLY,INCLUDED — bibliographic facts; prize details open,https://previouspage.co.uk/issues/245-august-nineteen-eighty-seven,,gt bmx plus|bmx plus gt hide a contest entry form|1987,DUP-GT-HIDE-CONTEST,MERGE identity; preserve source occurrence,"Classified as promotional entry form, not event flyer or catalog.",2026-07-30
EPH-0023,v0.7,HAR-OBJ-0001,Catalog,1990 Haro BMX Catalog,1990,1990,1990,Haro,Existence of a Haro-issued 1990 catalog and official year placement.,Unresolved / varies,Catalog existence verified; exact BMXMuseum ID unresolved,,Official manufacturer archive,Official archive confirms the catalog year but does not expose the unresolved BMXMuseum canonical ID in this pass.,HIGH for existence,INDEX-ONLY,OPEN — recover BMXMuseum ID and compare file pagination,https://archive.harobikes.com/bmx,https://www.bmx-catalogue.com/haro/mid-school/1990/model.html,haro|1990 haro bmx catalog|1990,DUP-HARO-1990-CAT,MERGE identity; preserve source occurrence,Official archive outranks model-recreation pages for catalog existence.,2026-07-30
EPH-0024,v0.7,HAR-OBJ-0002,Catalog model page,1990 Haro Group 1A,1990,1990,1990,Haro,"Model-year existence, full-chromoly claim, race positioning and selected component descriptions.",Unresolved / varies,No exact BMXMuseum model-page ID established,,Enthusiast catalog reconstruction,BMX-Catalogue presents recreated catalog content; treat as corroboration until checked against Haro's PDF.,MEDIUM-HIGH,INDEX-ONLY,INCLUDED WITH ATTRIBUTION,https://www.bmx-catalogue.com/haro/mid-school/1990/group-1a.html,https://archive.harobikes.com/bmx,haro|1990 haro group 1a|1990,,RETAIN — unique source record,Do not treat serial guidance as factory documentation without separate validation.,2026-07-30
EPH-0025,v0.7,HAR-OBJ-0003,Catalog model page,1990 Haro Group 1B,1990,1990,1990,Haro,Model-year existence and chromoly main-tube construction claim.,Unresolved / varies,No exact BMXMuseum model-page ID established,,Enthusiast catalog reconstruction,Public reconstruction is useful for discovery; original Haro page comparison remains required.,MEDIUM,INDEX-ONLY,INCLUDED WITH ATTRIBUTION,https://www.bmx-catalogue.com/haro/mid-school/1990/group-1b.html,https://archive.harobikes.com/bmx,haro|1990 haro group 1b|1990,,RETAIN — unique source record,Model detail intentionally limited to exposed claims.,2026-07-30
EPH-0026,v0.7,HAR-OBJ-0004,Catalog model page,1990 Haro Group 1C,1990,1990,1990,Haro,Model-year existence within the three-model Group 1 range.,Unresolved / varies,No exact BMXMuseum model-page ID established,,Enthusiast catalog reconstruction,"The 1990 overview explicitly names Group 1A, 1B and 1C; full page detail awaits direct comparison.",MEDIUM-HIGH,INDEX-ONLY,INCLUDED WITH ATTRIBUTION,https://www.bmx-catalogue.com/haro/mid-school/1990/group-1c.html,https://www.bmx-catalogue.com/haro/mid-school/1990/model.html,haro|1990 haro group 1c|1990,,RETAIN — unique source record,Keep Group 1 variants as distinct objects.,2026-07-30
EPH-0027,v0.7,HAR-OBJ-0005,Catalog model page,1990 Haro Master / Team Master,1990,1990,1990,Haro,"Master model-year existence, refined bashguard/longer wheelbase claims, colors and limited Team Master availability.",Unresolved / varies,No exact BMXMuseum model-page ID established,,Enthusiast catalog reconstruction,Claims come from a recreated catalog page; verify wording and availability against the official PDF.,MEDIUM-HIGH,INDEX-ONLY,INCLUDED WITH ATTRIBUTION,https://www.bmx-catalogue.com/haro/mid-school/1990/master.html,https://archive.harobikes.com/bmx,haro|1990 haro master team master|1990,,RETAIN — unique source record,Master and Team Master remain linked but separately identifiable variants.,2026-07-30
EPH-0028,v0.7,HAR-OBJ-0006,Catalog model page,1990 Haro Invert,1990,1990,1990,Haro,"Model-year existence, relation to Sport geometry and selected equipment.",Unresolved / varies,No exact BMXMuseum model-page ID established,,Enthusiast catalog reconstruction,Reconstruction should be compared against official scan before exact-copy or specification claims are elevated.,MEDIUM-HIGH,INDEX-ONLY,INCLUDED WITH ATTRIBUTION,https://www.bmx-catalogue.com/haro/mid-school/1990/invert.html,https://archive.harobikes.com/bmx,haro|1990 haro invert|1990,,RETAIN — unique source record,Paraphrase only.,2026-07-30
EPH-0029,v0.7,HAR-OBJ-0007,Catalog model list,1990 Haro Shredder,1990,1990,1990,Haro,Model-year existence and broad freestyle/street/track classification.,Unresolved / varies,No exact BMXMuseum model-page ID established,,Indexed enthusiast model registry,"The advanced registry lists the model, but a dedicated catalog page was not recovered in this pass.",MEDIUM,INDEX-ONLY,OPEN — locate original catalog page,https://www.bmx-catalogue.com/advanced-search.html,https://archive.harobikes.com/bmx,haro|1990 haro shredder|1990,,RETAIN — unique source record,Do not infer complete specification.,2026-07-30
EPH-0030,v0.7,HAR-OBJ-0008,Catalog mailer / advertisement,1991 Haro/Fusion catalog offer,1991,1991,1991 catalog; ad in Nov 1991,Haro; Fusion,"Catalog distribution mechanism, $2 mailer price, Haro/Fusion relationship and distributor context.",Unresolved / varies,Not a BMXMuseum object in this pass,,Independent period publication,"Period publication exposes the offer; retain as promotional ephemera, not as the catalog itself.",HIGH for offer,INDEX-ONLY,INCLUDED — mailer object,https://www.previouspage.co.uk/issues/131-november-nineteen-ninety-one,https://archive.harobikes.com/bmx,haro fusion|1991 haro fusion catalog offer|1991,DUP-HARO-1991-MAILER,MERGE identity; preserve source occurrence,Catalog fee is not a bicycle price.,2026-07-30
EPH-0031,v0.7,ASH-OBJ-0001,Component catalog,Ashtabula component catalog,1977,1977,circa 1977; date provisional,Ashtabula,Catalog-object identity and a period component range.,Unresolved / varies,BMXMuseum reference 5027,5027,EXACT EXTERNAL DIRECT LINK,Two technical discussions independently cite reference 5027; the edition date remains approximate.,HIGH for ID; MEDIUM for date,INDEX-ONLY,EXACT ID RECOVERED,https://bmxmuseum.com/reference/5027,https://thecabe.com/forum/threads/ashtabula-fork-identification-help.253603/,ashtabula|ashtabula component catalog|1977,DUP-ASHT-5027,MERGE identity; preserve source occurrence,Canonical link preserved without direct blocked-path retrieval.,2026-07-30
EPH-0032,v0.7,ASH-OBJ-0002,Catalog claim,Ashtabula crank length range,1977,1977,circa 1977; interpretation,Ashtabula,A discussion reports catalog cranks up to 6-1/2 inches.,Unresolved / varies,Derived from reference 5027 discussion,5027,EXTERNAL TECHNICAL INTERPRETATION,"This is an externally interpreted catalog fact, not direct page transcription in this research route.",MEDIUM,INDEX-ONLY,INCLUDED WITH ATTRIBUTION,https://thecabe.com/forum/threads/ashtabula-fork-identification-help.253603/,https://bmxmuseum.com/reference/5027,ashtabula|ashtabula crank length range|1977,,RETAIN — unique source record,Verify page image when lawful access is available.,2026-07-30
EPH-0033,v0.7,ASH-OBJ-0003,Catalog claim,Ashtabula fork sizing and 6-3/4-inch steerer discussion,1977,1977,circa 1977; interpretation,Ashtabula,A discussion describes fork offerings across wheel sizes and a 6-3/4-inch steerer.,Unresolved / varies,Derived from reference 5027 discussion,5027,EXTERNAL TECHNICAL INTERPRETATION,Technical interpretation depends on the cited discussion; retain attribution and do not generalize beyond the described page.,MEDIUM,INDEX-ONLY,INCLUDED WITH ATTRIBUTION,https://thecabe.com/forum/threads/ashtabula-fork-identification-help.253603/,https://bmxmuseum.com/reference/5027,ashtabula|ashtabula fork sizing and 6 3 4 inch steerer discussion|1977,,RETAIN — unique source record,Ground-clearance rationale is an interpreted claim.,2026-07-30
EPH-0034,v0.7,ASH-OBJ-0004,Manufacturer/distributor catalog page,Mongoose 1979/80 catalog — Ashtabula one-piece cranks,1979,1979,1979/80,Mongoose; Ashtabula,5-1/2-inch and 6-1/2-inch Ashtabula one-piece crank offerings within the Mongoose component catalog.,Unresolved / varies,Independent period PDF,,PERIOD CATALOG PAGE,"Page image was inspected in this research sequence. It corroborates product presence, not the edition/date of reference 5027.",HIGH,INDEX-ONLY,INCLUDED — visual page inspected,https://www.vintagemongoose.com/pdfs/mongoose_cat79-80.pdf,https://www.vintagemongoose.com/info/catalogs.php,mongoose ashtabula|mongoose 1979 80 catalog ashtabula one piece cranks|1979,,RETAIN — unique source record,Do not copy the catalog page into the register.,2026-07-30
EPH-0035,v0.7,ASH-OBJ-0005,Manufacturer/distributor catalog page,Mongoose 1976–77 accessories — Ashtabula/Cecor pedals,1976,1976,1976–77,Mongoose; Ashtabula/Cecor,Ashtabula/Cecor pedal listing alongside early BMX components.,Unresolved / varies,Independent period PDF,,PERIOD CATALOG PAGE,Page image was inspected; exact OEM/branding relationship requires separate corporate verification.,MEDIUM-HIGH,INDEX-ONLY,INCLUDED — visual page inspected,https://www.vintagemongoose.com/pdfs/mongoose_cat76-77.pdf,https://www.vintagemongoose.com/info/catalogs.php,mongoose ashtabula cecor|mongoose 1976 77 accessories ashtabula cecor pedals|1976,,RETAIN — unique source record,Record product listing without claiming manufacturing origin.,2026-07-30
EPH-0036,v0.8,MB-OBJ-0001,Product catalog,1978 Redline product catalog,1978,1978,1978,Redline,"Introduction of purpose-built stem, seat clamp and seat post alongside frames/forks.",Unresolved / varies,BMXMuseum comparison ecosystem; exact catalog reference not recovered,,Historical brand archive,Current historical archive summarizes the catalog; original page structure and BMXMuseum ID remain open.,MEDIUM-HIGH,INDEX-ONLY,INCLUDED WITH ATTRIBUTION,https://www.redlinevintagebmx.com/redline-history,,redline|1978 redline product catalog|1978,,RETAIN — unique source record,Do not reproduce archive images.,2026-07-30
EPH-0037,v0.8,MB-OBJ-0002,Magazine advertisement,First Red Line magazine advertisement featuring John Palfreyman,1970,1970,1970s; exact issue open,Redline,Early rider endorsement and product-testing relationship.,Unresolved / varies,Existing master relationship; exact bibliographic object unresolved,,Official rider-history corroboration,"USA BMX supports the rider/ad relationship; publication, issue, page and product still require recovery.",HIGH for relationship; MEDIUM for object,INDEX-ONLY,OPEN — exact issue/page,https://www.usabmx.com/news-and-media/6/2012-05-10/National-BMX-Hall-of-Fame-2012-Inductees-Announced?id=580,https://www.redlinevintagebmx.com/redline-history,redline|first red line magazine advertisement featuring john palfreyman|1970,DUP-REDLINE-FIRST-AD,MERGE identity; preserve source occurrence,Relationship remains stronger than bibliographic detail.,2026-07-30
EPH-0038,v0.8,MB-OBJ-0003,Product announcement / kit,RL 20 II Prostyler first dedicated freestyle kit,1985,1985,Summer 1985,Redline,"Launch period and kit configuration as frame, fork, handlebars and Dia-Compe 880 brakeset.",Unresolved / varies,No exact BMXMuseum object recovered,,Historical brand archive,Modern historical page summarizes the launch; period advertisement/catalog page remains to be located.,MEDIUM-HIGH,INDEX-ONLY,INCLUDED WITH ATTRIBUTION,https://www.redlinevintagebmx.com/the-rl-40-project,,redline|rl 20 ii prostyler first dedicated freestyle kit|1985,,RETAIN — unique source record,Separate launch claim from surviving-bike authenticity.,2026-07-30
EPH-0039,v0.8,MB-OBJ-0004,Archive collection,Vintage Mongoose catalog and dealer-price archive,1970,1970,1970s onward,Mongoose,"Existence of downloadable brochures, dealer price sheets and catalog corpus.",Unresolved / varies,Uses original BMX Products catalogs and BMXMuseum/community evidence,,Specialist historical archive,Archive stewardship does not automatically grant republication rights for each scan.,HIGH for archive scope,INDEX-ONLY,INCLUDED — discovery hub,https://www.vintagemongoose.com/,https://www.vintagemongoose.com/info/catalogs.php,mongoose|vintage mongoose catalog and dealer price archive|1970,,RETAIN — unique source record,Preserve item-level source and rights data.,2026-07-30
EPH-0040,v0.8,MB-OBJ-0005,Manufacturer catalog,1976–77 Bicycle and Components Catalog,1976,1976,1976–77,Mongoose,"Early Mongoose products, components, part numbers and distributor context.",Unresolved / varies,Independent corroborating catalog; exact BMXMuseum object not established,,Period catalog PDF,Page images may be inspected for facts; the scan is not embedded or republished.,HIGH,INDEX-ONLY,INCLUDED — page inspected,https://www.vintagemongoose.com/pdfs/mongoose_cat76-77.pdf,https://www.vintagemongoose.com/info/catalogs.php,mongoose|1976 77 bicycle and components catalog|1976,,RETAIN — unique source record,Visual evidence recorded without copying.,2026-07-30
EPH-0041,v0.8,MB-OBJ-0006,Manufacturer catalog,1979/80 Bicycle and Components Catalog,1979,1979,1979/80,Mongoose,"Bicycle lineup, accessory range and component relationships including Ashtabula cranks.",Unresolved / varies,Independent corroborating catalog; exact BMXMuseum object not established,,Period catalog PDF,Catalog date is printed on cover; page-specific claims remain tied to inspected pages.,HIGH,INDEX-ONLY,INCLUDED — page inspected,https://www.vintagemongoose.com/pdfs/mongoose_cat79-80.pdf,https://www.vintagemongoose.com/info/catalogs.php,mongoose|1979 80 bicycle and components catalog|1979,,RETAIN — unique source record,Do not treat hosted scan as public-domain.,2026-07-30
EPH-0042,v0.8,MB-OBJ-0007,Distributor price list,1985 Repco price list — Mongoose and parts,1985,1985,1985,Mongoose,Australian distributor pricing and cross-brand distribution context.,Unresolved / varies,No exact BMXMuseum object established,,Australian collector/research archive,Public summary exposes selected prices; currency is likely AUD from Australian context but should be verified from the scan.,MEDIUM,INDEX-ONLY,INCLUDED WITH CURRENCY CAUTION,https://www.bloggingadeadhorse.com/hotfoot2.php,https://www.vintagemongoose.com/,mongoose|1985 repco price list mongoose and parts|1985,,RETAIN — unique source record,Do not transcribe unseen rows.,2026-07-30
EPH-0043,v0.8,MB-OBJ-0008,Product-history object,PK Ripper late-1970s debut,1970,1970,Late 1970s,SE Racing,Early high-end aluminum BMX frame chronology and PK Ripper continuity.,Unresolved / varies,No exact BMXMuseum catalog/ad object recovered,,Current official brand history,"Current marketing history supports a broad debut claim, not an exact first advertisement or catalog page.",MEDIUM-HIGH,INDEX-ONLY,INCLUDED WITH ATTRIBUTION,https://www.sebikes.com/blogs/news/elite-race-series,https://www.sebikes.com/pages/perry-kramer,se racing|pk ripper late 1970s debut|1970,,RETAIN — unique source record,Exact debut date and first-page object remain open.,2026-07-30
EPH-0044,v0.8,MB-OBJ-0009,Rider/model naming history,Perry Kramer initials on PK Ripper,1979,1979,Since early 1979,SE Racing,Rider-to-model naming relationship and approximate start period.,Unresolved / varies,No exact BMXMuseum object recovered,,First-person official rider page,First-person statement supports the relationship; catalog/advertisement evidence remains separate.,HIGH for relationship,INDEX-ONLY,INCLUDED — relationship evidence,https://www.sebikes.com/pages/perry-kramer,https://www.sebikes.com/blogs/news/classic-1,se racing|perry kramer initials on pk ripper|1979,,RETAIN — unique source record,Do not convert approximate timing into exact launch date.,2026-07-30
EPH-0045,v0.8,MB-OBJ-0010,Team/product advertisement,Silver Streak team advertisement and product naming,1982,1982,1982,Diamond Back,"1981 ABA factory-team award, Silver Streak naming relationship and period promotional language.",Unresolved / varies,No exact BMXMuseum reference recovered,,Period publication,Repeated issues support campaign continuity; exact original US placement and complete copy are not reproduced.,HIGH for period object,INDEX-ONLY,INCLUDED — campaign object,https://previouspage.co.uk/magazines/BMX%20Action%20Bike/issues/13-april%2Fmay-eighty-two,https://previouspage.co.uk/magazines/BMX%20Action%20Bike/issues/25-october%2Fnovember-eighty-two,diamond back|silver streak team advertisement and product naming|1982,,RETAIN — unique source record,Historical styling retained as Diamond Back.,2026-07-30
EPH-0046,v0.8,MB-OBJ-0011,Information-pack mailer,Free Diamond Back and Pro Star info pack and decal,1982,1982,1982,Diamond Back,Direct-to-factory information-pack offer and decal promotion.,Unresolved / varies,No exact BMXMuseum reference recovered,,Period publication,The offer is visible in multiple issues; contents of the pack are not recovered in this pass.,HIGH for offer,INDEX-ONLY,INCLUDED — mailer/flyer lead,https://previouspage.co.uk/magazines/BMX%20Action%20Bike/issues/13-april%2Fmay-eighty-two,https://previouspage.co.uk/magazines/BMX%20Action%20Bike/issues/57-august%2Fseptember-eighty-two,diamond back|free diamond back and pro star info pack and decal|1982,DUP-DB-INFO-PACK,MERGE identity; preserve source occurrence,Do not count the unseen pack as multiple documents.,2026-07-30
EPH-0047,v0.8,MB-OBJ-0012,Magazine advertisement,First Torker advertisement in BMX Weekly,1976,1976,December 1976,Torker,Brand-launch chronology and earliest reported public advertisement.,Unresolved / varies,BMXMuseum production-record ecosystem; exact ad page unresolved,,Current official historical archive,Official Torker history supplies the date; period issue/page and exact image remain to be recovered.,MEDIUM-HIGH,INDEX-ONLY,OPEN — period issue/page,https://torkerracing.com/pages/the-fullerton-era-torker-bmx-history,https://torkerracing.com/pages/torker-bmx-models,torker|first torker advertisement in bmx weekly|1976,DUP-TORKER-FIRST-AD,MERGE identity; preserve source occurrence,Existing master record retained and strengthened.,2026-07-30
EPH-0048,v0.8,MB-OBJ-0013,Model archive,Fullerton-era Torker model archive,1976,1984,1976–1984,Torker,"Chronological model sequence, serial families, factory colors and rider associations.",Unresolved / varies,Explicitly cites BMXMuseum production research,,Current official historical archive,Modern official synthesis draws from BMXMuseum and period magazines; each underlying claim should retain source attribution.,HIGH for archive role,INDEX-ONLY,INCLUDED — discovery and verification hub,https://torkerracing.com/pages/torker-bmx-models,https://torkerracing.com/pages/the-fullerton-era-torker-bmx-history,torker|fullerton era torker model archive|1976,,RETAIN — unique source record,"Useful for cross-linking, not a substitute for period scans.",2026-07-30
EPH-0049,v0.8,MB-OBJ-0014,Factory-team history,1979 National Number One team / 1980 world-pro chronology,1979,1980,1979–1980,Torker,Team and rider chronology relevant to advertisements and team flyers.,Unresolved / varies,BMXMuseum production and team-history ecosystem,,Current official historical archive,Modern historical synthesis should be cross-checked against period result and team-ad objects.,MEDIUM-HIGH,INDEX-ONLY,INCLUDED WITH ATTRIBUTION,https://torkerracing.com/blogs/news/torker-bmx-number-one-team-in-america,https://torkerracing.com/pages/torker-bmx-hall-of-fame,torker|1979 national number one team 1980 world pro chronology|1979,,RETAIN — unique source record,Relationship leads for future team-flyer sweep.,2026-07-30
EPH-0050,v0.9,SEQ-FLY-0001,Event flyer / trade-exhibition notice,Pontin's BMX Open Championships & Trade Exhibition,1983,1983,1983-10-07 to 1983-10-09,Pontin's; UK BMX organizers,"Open championships, trade exhibition and BMX holiday weekend","Morecambe, England, United Kingdom",No exact BMXMuseum object recovered,,Period magazine advertisement / booking form,People: Mike Pardon; Andy Preston (freestyle demos referenced in surrounding promotion); Venue: Pontin's Middleton Tower Holiday Centre; Offer: Booking and trade forms offered; race weekend over three dates,HIGH,INDEX-ONLY,INCLUDED — exact dates/venue,https://previouspage.co.uk/magazines/BMX%20Action%20Bike/issues/64-september-nineteen-eighty-three,,pontin s uk bmx organizers|pontin s bmx open championships trade exhibition|1983,,RETAIN — unique source record,Image: Do not copy page image. Text: Paraphrase event facts and form function. September and October issues support the campaign; preserve issue-specific occurrences.,2026-07-30
EPH-0051,v0.9,SEQ-FLY-0002,Event registration coupon,Lee Cooper BMX Indoor Grand Prix pre-registration,1982,1982,Winter 1982–83; exact event dates open,Lee Cooper,Indoor BMX racing and stunt event; Diamond Back Teamfinder first-round context,"Edmonton, London, United Kingdom",No exact BMXMuseum object recovered,,Period magazine coupon,People: Rider roster not fully extracted; Venue: Pickett's Lock Centre; Offer: Coupon requested latest information and pre-registration forms,MEDIUM-HIGH,INDEX-ONLY,INCLUDED — exact dates pending,https://previouspage.co.uk/magazines/BMX%20Action%20Bike/issues/58-december%2Fjanuary-eighty-two,,lee cooper|lee cooper bmx indoor grand prix pre registration|1982,,RETAIN — unique source record,Image: Do not copy coupon image. Text: Paraphrase form and event function. Do not infer event dates from issue month.,2026-07-30
EPH-0052,v0.9,SEQ-FLY-0003,Event entry / pre-registration advertisement,AFA Expert & Pro Contest — Austin,1987,1987,1987-05-02 to 1987-05-03,AFA,"Expert/pro freestyle contest; $2,000 purse","Austin, Texas, United States",No exact BMXMuseum object recovered,,Period event advertisement,People: Dennis McCoy; Robert Peterson; Rick Allison; other pros; Venue: Austin City Coliseum; Offer: Pre-registration only; expert and pro classes,HIGH,INDEX-ONLY,INCLUDED,https://previouspage.co.uk/magazines/BMX%20Plus/issues/244-july-nineteen-eighty-seven,,afa|afa expert pro contest austin|1987,,RETAIN — unique source record,"Image: Do not copy advertisement. Text: Paraphrase event facts, classes and dates. The event was advertised in multiple issues; preserve first-seen and repeated placements separately if later itemized.",2026-07-30
EPH-0053,v0.9,SEQ-FLY-0004,Contest entry form,BMX Plus! / GT Hide-A-Contest,1987,1987,Deadline 1987-09-28; drawing 1987-10-05,GT; BMX Plus!,Reader contest and GT promotion,United States,No exact BMXMuseum object recovered,,Period contest entry form,People: Not applicable; Venue: Mail-in entry; Offer: No purchase necessary; mail-in form with published deadline and drawing date,HIGH for dates,INDEX-ONLY,INCLUDED — prize details open,https://previouspage.co.uk/issues/245-august-nineteen-eighty-seven,,gt bmx plus|bmx plus gt hide a contest|1987,DUP-GT-HIDE-CONTEST,MERGE identity; preserve source occurrence,"Image: Do not copy form image. Text: Paraphrase dates and contest structure. Promotional entry form, not a race flyer.",2026-07-30
EPH-0054,v0.9,SEQ-FLY-0005,Information-pack mailer,Diamond Back and Pro Star Info Pack & Decal,1982,1982,1982 campaign,Diamond Back; Pro Star,Product information pack and decal,United States origin; advertised in United Kingdom publication,No exact BMXMuseum object recovered,,Period product mailer advertisement,People: Diamond Back factory team / Harry Leary context in campaign copy; Venue: Direct-to-factory mail request; Offer: Free info pack and decal offered,HIGH for offer,INDEX-ONLY,INCLUDED — contents unresolved,https://previouspage.co.uk/magazines/BMX%20Action%20Bike/issues/13-april%2Fmay-eighty-two,,diamond back pro star|diamond back and pro star info pack decal|1982,DUP-DB-INFO-PACK,MERGE identity; preserve source occurrence,Image: Do not copy advertisement. Text: Paraphrase offer; unseen pack not inventoried. Repeated placements do not prove multiple pack editions.,2026-07-30
EPH-0055,v0.9,SEQ-FLY-0006,Catalog mailer,1991 Haro/Fusion catalog request,1991,1991,Advertisement in Nov 1991,Haro; Fusion; West Coast Cycle,1991 product catalog,"Carlsbad, California, United States",Haro 1990 BMXMuseum reference ID remains unresolved; mailer is independent,,Period catalog mailer,People: Not applicable; Venue: Mail request; Offer: Send $2 for a 1991 catalog,HIGH,INDEX-ONLY,INCLUDED,https://www.previouspage.co.uk/issues/131-november-nineteen-ninety-one,,haro fusion west coast cycle|1991 haro fusion catalog request|1991,DUP-HARO-1991-MAILER,MERGE identity; preserve source occurrence,Image: Do not copy ad image. Text: Paraphrase offer and distributor context. Catalog-request fee stored separately from product prices.,2026-07-30
EPH-0056,v0.9,SEQ-FLY-0007,Dealer price-list / sticker offer,Send SAE for price list and free sticker,1982,1982,September 1982,Retailer/dealer unresolved from indexed alignment,BMX products and dealer price list,United Kingdom,No exact BMXMuseum object recovered,,Period retailer advertisement,People: Not applicable; Venue: Mail-order dealer advertisement; Offer: Self-addressed envelope for price list and free sticker,MEDIUM,INDEX-ONLY,INCLUDED WITH LIMITS,https://previouspage.co.uk/magazines/BMX%20Weekly/issues/213-september-nineteen-eighty-two,,retailer dealer unresolved from indexed alignment|send sae for price list and free sticker|1982,,RETAIN — unique source record,Image: Do not copy advertisement. Text: Paraphrase offer; dealer identity pending page inspection. OCR alignment requires visual verification before dealer attribution.,2026-07-30
EPH-0057,v0.9,SEQ-FLY-0008,Event notice / contact flyer,"Ramp Jam — Moorhead, Minnesota",1987,1987,1987-05-02,Local organizer; Rob Staiger contact,Ramp Jam,"Moorhead, Minnesota, United States",No exact BMXMuseum object recovered,,Period magazine event notice,People: Ramp riders; Venue: Venue not exposed in indexed text; Offer: Contact Rob Staiger for information,MEDIUM-HIGH,INDEX-ONLY,INCLUDED — venue open,https://previouspage.co.uk/magazines/BMX%20Plus/issues/243-may-nineteen-eighty-seven,,local organizer rob staiger contact|ramp jam moorhead minnesota|1987,,RETAIN — unique source record,Image: Do not copy notice. Text: Paraphrase date/location/contact role; do not republish address. Personal street address from period notice is intentionally not stored.,2026-07-30
EPH-0058,v0.9,SEQ-FLY-0009,Tour promotion / route notice,DYNO Tour promotional stop listing,1987,1987,1987,Dyno,Freestyle tour / dealer-stop promotion,United States,GT/Dyno catalog IDs unresolved; tour object independent,,Period magazine promotional notice,People: Tour riders not fully extracted; Venue: Multiple stops; exact venues not itemized; Offer: Publicity listing of stops and route context,MEDIUM,INDEX-ONLY,INCLUDED — stops pending,https://previouspage.co.uk/magazines/BMX%20Plus/issues/244-july-nineteen-eighty-seven,,dyno|dyno tour promotional stop listing|1987,,RETAIN — unique source record,Image: Do not copy page image. Text: Paraphrase tour existence; itemize stops only after page inspection. Do not create named venue records from city-only OCR.,2026-07-30
EPH-0059,v0.9,SEQ-FLY-0010,Event prize promotion,Diamond Back Silver Streak free draw at Lee Cooper event,1982,1982,Winter 1982–83,Lee Cooper; Diamond Back,Two Silver Streak bicycles offered in free daily draws,"Edmonton, London, United Kingdom",No exact BMXMuseum object recovered,,Period event promotion,People: Event attendees; Venue: Lee Cooper BMX Indoor Grand Prix context; Offer: Free draw each day for riders attending,MEDIUM-HIGH,INDEX-ONLY,INCLUDED,https://previouspage.co.uk/magazines/BMX%20Action%20Bike/issues/58-december%2Fjanuary-eighty-two,,lee cooper diamond back|diamond back silver streak free draw at lee cooper event|1982,,RETAIN — unique source record,Image: Do not copy promotion. Text: Paraphrase prize relationship and event context. Separate from the pre-registration coupon because it verifies a distinct brand-event relationship.,2026-07-30
EPH-0060,v0.9,SEQ-FLY-0011,Dealer advertisement / price-list lead,Langsett Cycles BMX product advertisement,1983,1983,December 1983 issue,Langsett Cycles,"Complete bikes, frames/forks, wheels and components","Sheffield, England, United Kingdom",No exact BMXMuseum object recovered,,Period dealer advertisement,People: Not applicable; Venue: Langsett Cycles; Offer: Retail prices and carriage terms; broad product inventory,MEDIUM-HIGH,INDEX-ONLY,INCLUDED — deeper transcription deferred,https://previouspage.co.uk/magazines/BMX%20Action%20Bike/issues/87-december%20%2F%20january-eighty-three,,langsett cycles|langsett cycles bmx product advertisement|1983,,RETAIN — unique source record,Image: Do not copy advertisement. Text: Extract only clearly aligned line items. Dealer advertisement is not a manufacturer price sheet.,2026-07-30
EPH-0061,v0.9,SEQ-FLY-0012,Dealer/shop advertisement,SR Cycles product and team promotion,1983,1983,October 1983,SR Cycles; SR Jets,Dealer inventory and team-linked purchase promotion,Bristol / United Kingdom,No exact BMXMuseum object recovered,,Period dealer advertisement,People: SR Jets; Venue: SR Cycles; Offer: Free SR Jets race shirt with each bike bought through end of October; money-order hold offer,MEDIUM-HIGH,INDEX-ONLY,INCLUDED,https://previouspage.co.uk/magazines/BMX%20Action%20Bike/issues/85-october-nineteen-eighty-three,,sr cycles sr jets|sr cycles product and team promotion|1983,,RETAIN — unique source record,"Image: Do not copy advertisement. Text: Paraphrase offer and brand list. Connects dealer, team identity, brands and timed promotion.",2026-07-30
EPH-0062,v1.1 expansion,V11-ABMX-0001,Retailer advertisement / price list,Midlands Cycles BMX mail-order special offers,1982,1982,April/May 1982,Midlands Cycles; Suntour; Araya; MKS,"Mail-order component and wheel prices, including Suntour drivetrain parts and Araya/Suzue wheels.",United Kingdom,Not applicable — period publication,,v1.1 chronological issue pass,"PreviousPage exposes indexed text for BMX Action Bike, April/May 1982, Volume 2 Number 1. This record preserves the source occurrence and paraphrased factual details; visual layout and OCR alignment should be checked against the page image before exact quotation.",MEDIUM-HIGH,INDEX-ONLY,INCLUDED — indexed issue text; verify page image before exact-layout quotation.,https://previouspage.co.uk/magazines/BMX%20Action%20Bike/issues/13-april%2Fmay-eighty-two,,midlands cycles suntour araya mks midlands cycles bmx mail order special offers 1982,,RETAIN — unique issue object,Indexed page 2. Image: Do not copy scans. Text: Paraphrase bibliographic facts and clearly paired prices only.,2026-07-31
EPH-0063,v1.1 expansion,V11-ABMX-0002,Information-pack mailer,Serval Marketing BMX product list and recommended-prices offer,1982,1982,April/May 1982,Serval Marketing; JT Racing; AME; Oakley; Johar,"Trade and consumer offer for a complete BMX product list, recommended prices, and nearest-dealer information.",United Kingdom,Not applicable — period publication,,v1.1 chronological issue pass,"PreviousPage exposes indexed text for BMX Action Bike, April/May 1982, Volume 2 Number 1. This record preserves the source occurrence and paraphrased factual details; visual layout and OCR alignment should be checked against the page image before exact quotation.",MEDIUM-HIGH,INDEX-ONLY,INCLUDED — indexed issue text; verify page image before exact-layout quotation.,https://previouspage.co.uk/magazines/BMX%20Action%20Bike/issues/13-april%2Fmay-eighty-two,,serval marketing jt racing ame oakley johar serval marketing bmx product list and recommended prices offer 1982,,RETAIN — unique issue object,Indexed page 3. Image: Do not copy scans. Text: Paraphrase bibliographic facts and clearly paired prices only.,2026-07-31
EPH-0064,v1.1 expansion,V11-ABMX-0003,Retailer advertisement / price list,Strongs Cycles Kuwahara and Red Line frame/component advertisement,1982,1982,April/May 1982,Strongs Cycles; Kuwahara; Red Line; Dia-Compe,"Mail-order advertisement for Kuwahara and Red Line frames, Dia-Compe controls, and wheel components.",United Kingdom,Not applicable — period publication,,v1.1 chronological issue pass,"PreviousPage exposes indexed text for BMX Action Bike, April/May 1982, Volume 2 Number 1. This record preserves the source occurrence and paraphrased factual details; visual layout and OCR alignment should be checked against the page image before exact quotation.",MEDIUM-HIGH,INDEX-ONLY,INCLUDED — indexed issue text; verify page image before exact-layout quotation.,https://previouspage.co.uk/magazines/BMX%20Action%20Bike/issues/13-april%2Fmay-eighty-two,,strongs cycles kuwahara red line dia compe strongs cycles kuwahara and red line frame component advertisement 1982,,RETAIN — unique issue object,Indexed page 5. Image: Do not copy scans. Text: Paraphrase bibliographic facts and clearly paired prices only.,2026-07-31
EPH-0065,v1.1 expansion,V11-ABMX-0004,Dealer/shop advertisement,Gecko BMX product range and free Redline/Kuwahara patch offer,1982,1982,April/May 1982,Gecko Leisure Products; Redline; Kuwahara; Race Inc.; MCS,"Multi-page dealer/importer advertisement covering bikes, frames, wheels, components, protection, apparel, and a free patch offer.",United Kingdom,Not applicable — period publication,,v1.1 chronological issue pass,"PreviousPage exposes indexed text for BMX Action Bike, April/May 1982, Volume 2 Number 1. This record preserves the source occurrence and paraphrased factual details; visual layout and OCR alignment should be checked against the page image before exact quotation.",MEDIUM-HIGH,INDEX-ONLY,INCLUDED — indexed issue text; verify page image before exact-layout quotation.,https://previouspage.co.uk/magazines/BMX%20Action%20Bike/issues/13-april%2Fmay-eighty-two,,gecko leisure products redline kuwahara race inc mcs gecko bmx product range and free redline kuwahara patch offer 1982,,RETAIN — unique issue object,Indexed pages 6–7. Image: Do not copy scans. Text: Paraphrase bibliographic facts and clearly paired prices only.,2026-07-31
EPH-0066,v1.1 expansion,V11-ABMX-0005,Dealer price-list / sticker offer,Hotshot BMX complete-bike special and free price-list/sticker offer,1982,1982,April/May 1982,Hotshot BMX; Mongoose; Redline; Kuwahara; Diamond Back; GT,Complete Hotshot BMX race-bike offer plus a mail-in free price list and sticker promotion.,United Kingdom,Not applicable — period publication,,v1.1 chronological issue pass,"PreviousPage exposes indexed text for BMX Action Bike, April/May 1982, Volume 2 Number 1. This record preserves the source occurrence and paraphrased factual details; visual layout and OCR alignment should be checked against the page image before exact quotation.",MEDIUM-HIGH,INDEX-ONLY,INCLUDED — indexed issue text; verify page image before exact-layout quotation.,https://previouspage.co.uk/magazines/BMX%20Action%20Bike/issues/13-april%2Fmay-eighty-two,,hotshot bmx mongoose redline kuwahara diamond back gt hotshot bmx complete bike special and free price list sticker offer 1982,,RETAIN — unique issue object,Indexed page 8. Image: Do not copy scans. Text: Paraphrase bibliographic facts and clearly paired prices only.,2026-07-31
EPH-0067,v1.1 expansion,V11-ABMX-0006,Contest entry form / promotion,BMX Action Bike London Dungeon caption competition,1982,1982,April/May 1982,BMX Action Bike; London Dungeon,"Reader caption competition offering family admission, tea, T-shirts, stickers, and badges.",United Kingdom,Not applicable — period publication,,v1.1 chronological issue pass,"PreviousPage exposes indexed text for BMX Action Bike, April/May 1982, Volume 2 Number 1. This record preserves the source occurrence and paraphrased factual details; visual layout and OCR alignment should be checked against the page image before exact quotation.",MEDIUM-HIGH,INDEX-ONLY,INCLUDED — indexed issue text; verify page image before exact-layout quotation.,https://previouspage.co.uk/magazines/BMX%20Action%20Bike/issues/13-april%2Fmay-eighty-two,,bmx action bike london dungeon bmx action bike london dungeon caption competition 1982,,RETAIN — unique issue object,Indexed page 13. Image: Do not copy scans. Text: Paraphrase bibliographic facts and clearly paired prices only.,2026-07-31
EPH-0068,v1.1 expansion,V11-ABMX-0007,Contest entry form,BMX Action Bike GT Pro 4 bicycle giveaway,1982,1982,April/May 1982,BMX Action Bike; GT,"Official coupon competition to win a GT Pro 4, with a free BMX Action Bike sticker offer for qualifying entrants.",United Kingdom,Not applicable — period publication,,v1.1 chronological issue pass,"PreviousPage exposes indexed text for BMX Action Bike, April/May 1982, Volume 2 Number 1. This record preserves the source occurrence and paraphrased factual details; visual layout and OCR alignment should be checked against the page image before exact quotation.",HIGH,INDEX-ONLY,INCLUDED — indexed issue text; verify page image before exact-layout quotation.,https://previouspage.co.uk/magazines/BMX%20Action%20Bike/issues/13-april%2Fmay-eighty-two,,bmx action bike gt bmx action bike gt pro 4 bicycle giveaway 1982,,RETAIN — unique issue object,Indexed pages 14–15. Image: Do not copy scans. Text: Paraphrase bibliographic facts and clearly paired prices only.,2026-07-31
EPH-0069,v1.1 expansion,V11-ABMX-0008,Information-pack mailer,Kenda Karate free sticker mailer,1982,1982,April/May 1982,"Kenda; Moore, Large & Co.",Mail-in offer for a free Kenda Karate sticker using a stamped addressed envelope.,United Kingdom,Not applicable — period publication,,v1.1 chronological issue pass,"PreviousPage exposes indexed text for BMX Action Bike, April/May 1982, Volume 2 Number 1. This record preserves the source occurrence and paraphrased factual details; visual layout and OCR alignment should be checked against the page image before exact quotation.",HIGH,INDEX-ONLY,INCLUDED — indexed issue text; verify page image before exact-layout quotation.,https://previouspage.co.uk/magazines/BMX%20Action%20Bike/issues/13-april%2Fmay-eighty-two,,kenda moore large co kenda karate free sticker mailer 1982,,RETAIN — unique issue object,Indexed page 15. Image: Do not copy scans. Text: Paraphrase bibliographic facts and clearly paired prices only.,2026-07-31
EPH-0070,v1.1 expansion,V11-ABMX-0009,Catalog mailer,BMX Action Bike track and club list mailer,1982,1982,April/May 1982,BMX Action Bike; UKBMX Publications,Mail-order copy of the magazine's track and club list for a stated fee and stamped addressed envelope.,United Kingdom,Not applicable — period publication,,v1.1 chronological issue pass,"PreviousPage exposes indexed text for BMX Action Bike, April/May 1982, Volume 2 Number 1. This record preserves the source occurrence and paraphrased factual details; visual layout and OCR alignment should be checked against the page image before exact quotation.",HIGH,INDEX-ONLY,INCLUDED — indexed issue text; verify page image before exact-layout quotation.,https://previouspage.co.uk/magazines/BMX%20Action%20Bike/issues/13-april%2Fmay-eighty-two,,bmx action bike ukbmx publications bmx action bike track and club list mailer 1982,,RETAIN — unique issue object,Indexed page 16. Image: Do not copy scans. Text: Paraphrase bibliographic facts and clearly paired prices only.,2026-07-31
EPH-0071,v1.1 expansion,V11-ABMX-0010,Product literature,SJK Hurricane complete bike and frame-kit advertisement,1982,1982,April/May 1982,SJK Products,British-made SJK Hurricane complete-bike advertisement with frame-kit availability and product specifications.,United Kingdom,Not applicable — period publication,,v1.1 chronological issue pass,"PreviousPage exposes indexed text for BMX Action Bike, April/May 1982, Volume 2 Number 1. This record preserves the source occurrence and paraphrased factual details; visual layout and OCR alignment should be checked against the page image before exact quotation.",MEDIUM-HIGH,INDEX-ONLY,INCLUDED — indexed issue text; verify page image before exact-layout quotation.,https://previouspage.co.uk/magazines/BMX%20Action%20Bike/issues/13-april%2Fmay-eighty-two,,sjk products sjk hurricane complete bike and frame kit advertisement 1982,,RETAIN — unique issue object,Indexed page 39. Image: Do not copy scans. Text: Paraphrase bibliographic facts and clearly paired prices only.,2026-07-31
EPH-0072,v1.1 expansion,V11-ABMX-0011,Retailer advertisement / price list,CAMM Power Stem dealer advertisement,1982,1982,April/May 1982,CAMM Distributing,Dealer advertisement for a Power Stem with stated recommended retail price.,United Kingdom,Not applicable — period publication,,v1.1 chronological issue pass,"PreviousPage exposes indexed text for BMX Action Bike, April/May 1982, Volume 2 Number 1. This record preserves the source occurrence and paraphrased factual details; visual layout and OCR alignment should be checked against the page image before exact quotation.",MEDIUM-HIGH,INDEX-ONLY,INCLUDED — indexed issue text; verify page image before exact-layout quotation.,https://previouspage.co.uk/magazines/BMX%20Action%20Bike/issues/13-april%2Fmay-eighty-two,,camm distributing camm power stem dealer advertisement 1982,,RETAIN — unique issue object,Indexed page 40. Image: Do not copy scans. Text: Paraphrase bibliographic facts and clearly paired prices only.,2026-07-31
EPH-0073,v1.1 expansion,V11-ABMX-0012,Product-history object,Diamond Back Silver Streak test report and projected retail price,1982,1982,April/May 1982,Diamond Back; BMX Action Bike,"Editorial product test documenting geometry, component observations, Harry Leary's bottom-bracket input, and an approximate launch price.",United Kingdom,Not applicable — period publication,,v1.1 chronological issue pass,"PreviousPage exposes indexed text for BMX Action Bike, April/May 1982, Volume 2 Number 1. This record preserves the source occurrence and paraphrased factual details; visual layout and OCR alignment should be checked against the page image before exact quotation.",HIGH,INDEX-ONLY,INCLUDED — indexed issue text; verify page image before exact-layout quotation.,https://previouspage.co.uk/magazines/BMX%20Action%20Bike/issues/13-april%2Fmay-eighty-two,,diamond back bmx action bike diamond back silver streak test report and projected retail price 1982,,RETAIN — unique issue object,Indexed pages 44–45. Image: Do not copy scans. Text: Paraphrase bibliographic facts and clearly paired prices only.,2026-07-31
EPH-0074,v1.1 expansion,V11-ABMX-0013,Event registration coupon,UKBMX membership and racing-licence application form,1982,1982,April/May 1982,UKBMX,"Membership application and licence information with annual, temporary, insurance-extension, and event-fee amounts.",United Kingdom,Not applicable — period publication,,v1.1 chronological issue pass,"PreviousPage exposes indexed text for BMX Action Bike, April/May 1982, Volume 2 Number 1. This record preserves the source occurrence and paraphrased factual details; visual layout and OCR alignment should be checked against the page image before exact quotation.",HIGH,INDEX-ONLY,INCLUDED — indexed issue text; verify page image before exact-layout quotation.,https://previouspage.co.uk/magazines/BMX%20Action%20Bike/issues/13-april%2Fmay-eighty-two,,ukbmx ukbmx membership and racing licence application form 1982,,RETAIN — unique issue object,Indexed page 46. Image: Do not copy scans. Text: Paraphrase bibliographic facts and clearly paired prices only.,2026-07-31
EPH-0075,v1.1 expansion,V11-ABMX-0014,Catalog mailer,BMX Action Bike back-issue mailer,1982,1982,April/May 1982,BMX Action Bike; UKBMX Publications,Mail-order offer for selected Official BMX back issues at a stated per-copy price.,United Kingdom,Not applicable — period publication,,v1.1 chronological issue pass,"PreviousPage exposes indexed text for BMX Action Bike, April/May 1982, Volume 2 Number 1. This record preserves the source occurrence and paraphrased factual details; visual layout and OCR alignment should be checked against the page image before exact quotation.",HIGH,INDEX-ONLY,INCLUDED — indexed issue text; verify page image before exact-layout quotation.,https://previouspage.co.uk/magazines/BMX%20Action%20Bike/issues/13-april%2Fmay-eighty-two,,bmx action bike ukbmx publications bmx action bike back issue mailer 1982,,RETAIN — unique issue object,Indexed page 46. Image: Do not copy scans. Text: Paraphrase bibliographic facts and clearly paired prices only.,2026-07-31
EPH-0076,v1.1 expansion,V11-ABMX-0015,Product announcement / kit,Stronglite prototype frame and fork announcement,1982,1982,April/May 1982,Stronglite; Paul Harvey,Prototype British BMX frame-and-fork announcement with projected chromoly retail price.,United Kingdom,Not applicable — period publication,,v1.1 chronological issue pass,"PreviousPage exposes indexed text for BMX Action Bike, April/May 1982, Volume 2 Number 1. This record preserves the source occurrence and paraphrased factual details; visual layout and OCR alignment should be checked against the page image before exact quotation.",MEDIUM,INDEX-ONLY,INCLUDED — indexed issue text; verify page image before exact-layout quotation.,https://previouspage.co.uk/magazines/BMX%20Action%20Bike/issues/13-april%2Fmay-eighty-two,,stronglite paul harvey stronglite prototype frame and fork announcement 1982,,RETAIN — unique issue object,Indexed page 49. Image: Do not copy scans. Text: Paraphrase bibliographic facts and clearly paired prices only.,2026-07-31
EPH-0077,v1.1 expansion,V11-ABMX-0016,Retailer advertisement / price list,Prolite racing helmet retailer offer,1982,1982,April/May 1982,Prolite; Freewheeler,Retail offer for a fiberglass Prolite racing helmet at a stated price.,United Kingdom,Not applicable — period publication,,v1.1 chronological issue pass,"PreviousPage exposes indexed text for BMX Action Bike, April/May 1982, Volume 2 Number 1. This record preserves the source occurrence and paraphrased factual details; visual layout and OCR alignment should be checked against the page image before exact quotation.",MEDIUM-HIGH,INDEX-ONLY,INCLUDED — indexed issue text; verify page image before exact-layout quotation.,https://previouspage.co.uk/magazines/BMX%20Action%20Bike/issues/13-april%2Fmay-eighty-two,,prolite freewheeler prolite racing helmet retailer offer 1982,,RETAIN — unique issue object,Indexed page 49. Image: Do not copy scans. Text: Paraphrase bibliographic facts and clearly paired prices only.,2026-07-31
EPH-0078,v1.1 expansion,V11-ABMX-0017,Retailer advertisement / price list,Pacer racing gloves retailer offer,1982,1982,April/May 1982,Pacer; Gecko,Retail offer for padded blue-and-white leather Pacer racing gloves.,United Kingdom,Not applicable — period publication,,v1.1 chronological issue pass,"PreviousPage exposes indexed text for BMX Action Bike, April/May 1982, Volume 2 Number 1. This record preserves the source occurrence and paraphrased factual details; visual layout and OCR alignment should be checked against the page image before exact quotation.",HIGH,INDEX-ONLY,INCLUDED — indexed issue text; verify page image before exact-layout quotation.,https://previouspage.co.uk/magazines/BMX%20Action%20Bike/issues/13-april%2Fmay-eighty-two,,pacer gecko pacer racing gloves retailer offer 1982,,RETAIN — unique issue object,Indexed page 49. Image: Do not copy scans. Text: Paraphrase bibliographic facts and clearly paired prices only.,2026-07-31
EPH-0079,v1.1 expansion,V11-ABMX-0018,Information-pack mailer,BMX Action Bike assorted sticker packet offer,1982,1982,April/May 1982,BMX Action Bike; UKBMX Publications,Mail-order packet of seven assorted BMX stickers for a stated fee and stamped addressed envelope.,United Kingdom,Not applicable — period publication,,v1.1 chronological issue pass,"PreviousPage exposes indexed text for BMX Action Bike, April/May 1982, Volume 2 Number 1. This record preserves the source occurrence and paraphrased factual details; visual layout and OCR alignment should be checked against the page image before exact quotation.",HIGH,INDEX-ONLY,INCLUDED — indexed issue text; verify page image before exact-layout quotation.,https://previouspage.co.uk/magazines/BMX%20Action%20Bike/issues/13-april%2Fmay-eighty-two,,bmx action bike ukbmx publications bmx action bike assorted sticker packet offer 1982,,RETAIN — unique issue object,Indexed page 51. Image: Do not copy scans. Text: Paraphrase bibliographic facts and clearly paired prices only.,2026-07-31
EPH-0080,v1.1 expansion,V11-ABMX-0019,Dealer price-list / sticker offer,MX 1000 brake-pair and BMX catalogue offer,1982,1982,April/May 1982,MX 1000; retailer unresolved from indexed alignment,Mail-order MX 1000 front-and-rear brake-pair price plus a low-cost BMX catalogue request offer.,United Kingdom,Not applicable — period publication,,v1.1 chronological issue pass,"PreviousPage exposes indexed text for BMX Action Bike, April/May 1982, Volume 2 Number 1. This record preserves the source occurrence and paraphrased factual details; visual layout and OCR alignment should be checked against the page image before exact quotation.",MEDIUM-HIGH,INDEX-ONLY,INCLUDED — indexed issue text; verify page image before exact-layout quotation.,https://previouspage.co.uk/magazines/BMX%20Action%20Bike/issues/13-april%2Fmay-eighty-two,,mx 1000 retailer unresolved from indexed alignment mx 1000 brake pair and bmx catalogue offer 1982,,RETAIN — unique issue object,Indexed page 51. Image: Do not copy scans. Text: Paraphrase bibliographic facts and clearly paired prices only.,2026-07-31
EPH-0081,v1.1 chronological census,V11-ABMX-0020,Magazine advertisement,Stadium Cycles Atomic Star range advertisement,1982,1982,June/July 1982,Stadium Cycles; Atomic Star,"Dealer advertisement describing the Atomic Star BMX range, specifications, finishes, and availability.",United Kingdom,Not applicable — period publication,,Chronological issue pass,PreviousPage exposes indexed text for BMX Action Bike — June/July 1982 — Volume 2 Number 2. This record preserves an issue-specific source occurrence and paraphrased factual details. Page-image comparison remains required before exact-layout quotation or visual identity merging.,MEDIUM-HIGH,INDEX-ONLY,INCLUDED — indexed issue text; visual comparison pending.,https://previouspage.co.uk/magazines/BMX%20Action%20Bike/issues/14-june%2Fjuly-eighty-two,,stadium cycles atomic star range advertisement june july 1982,,RETAIN — issue-specific occurrence pending visual comparison,Indexed pages 4–5. Image: do not reproduce scan. Text: paraphrase facts and clearly paired prices only.,2026-07-31
EPH-0082,v1.1 chronological census,V11-ABMX-0021,Distributor price list,Ron Kitching BMX component-distributor brand list,1982,1982,June/July 1982,Ron Kitching; SunTour; Dia-Compe; MKS; Tange,Distributor advertisement identifying major imported BMX component brands available through dealers.,United Kingdom,Not applicable — period publication,,Chronological issue pass,PreviousPage exposes indexed text for BMX Action Bike — June/July 1982 — Volume 2 Number 2. This record preserves an issue-specific source occurrence and paraphrased factual details. Page-image comparison remains required before exact-layout quotation or visual identity merging.,HIGH,INDEX-ONLY,INCLUDED — indexed issue text; visual comparison pending.,https://previouspage.co.uk/magazines/BMX%20Action%20Bike/issues/14-june%2Fjuly-eighty-two,,ron kitching bmx component distributor brand list june july 1982,,RETAIN — issue-specific occurrence pending visual comparison,Indexed page 8. Image: do not reproduce scan. Text: paraphrase facts and clearly paired prices only.,2026-07-31
EPH-0083,v1.1 chronological census,V11-ABMX-0022,Event notice / contact flyer,Raleigh Raceline event-listing service,1982,1982,June/July 1982,Raleigh; BMX Action Bike,Telephone and mail service for weekend race information and track-operator event submissions.,United Kingdom,Not applicable — period publication,,Chronological issue pass,PreviousPage exposes indexed text for BMX Action Bike — June/July 1982 — Volume 2 Number 2. This record preserves an issue-specific source occurrence and paraphrased factual details. Page-image comparison remains required before exact-layout quotation or visual identity merging.,HIGH,INDEX-ONLY,INCLUDED — indexed issue text; visual comparison pending.,https://previouspage.co.uk/magazines/BMX%20Action%20Bike/issues/14-june%2Fjuly-eighty-two,,raleigh raceline event listing service june july 1982,,RETAIN — issue-specific occurrence pending visual comparison,Indexed page 15. Image: do not reproduce scan. Text: paraphrase facts and clearly paired prices only.,2026-07-31
EPH-0084,v1.1 chronological census,V11-ABMX-0023,Event prize promotion,Halfords free BMX jersey promotion,1982,1982,June/July 1982,Halfords,Limited-time free BMX jersey promotion tied to the Halfords BMX bicycle and accessory range.,United Kingdom,Not applicable — period publication,,Chronological issue pass,PreviousPage exposes indexed text for BMX Action Bike — June/July 1982 — Volume 2 Number 2. This record preserves an issue-specific source occurrence and paraphrased factual details. Page-image comparison remains required before exact-layout quotation or visual identity merging.,HIGH,INDEX-ONLY,INCLUDED — indexed issue text; visual comparison pending.,https://previouspage.co.uk/magazines/BMX%20Action%20Bike/issues/14-june%2Fjuly-eighty-two,,halfords free bmx jersey promotion june july 1982,,RETAIN — issue-specific occurrence pending visual comparison,Indexed page 21. Image: do not reproduce scan. Text: paraphrase facts and clearly paired prices only.,2026-07-31
EPH-0085,v1.1 chronological census,V11-ABMX-0024,Retailer advertisement / price list,Hotshot BMX complete-bike special and petrol bonus,1982,1982,June/July 1982,Hotshot BMX Racing,"Complete-bike special with petrol reimbursement, free post and delivery, and broad component availability.",United Kingdom,Not applicable — period publication,,Chronological issue pass,PreviousPage exposes indexed text for BMX Action Bike — June/July 1982 — Volume 2 Number 2. This record preserves an issue-specific source occurrence and paraphrased factual details. Page-image comparison remains required before exact-layout quotation or visual identity merging.,HIGH,INDEX-ONLY,INCLUDED — indexed issue text; visual comparison pending.,https://previouspage.co.uk/magazines/BMX%20Action%20Bike/issues/14-june%2Fjuly-eighty-two,,hotshot bmx complete bike special and petrol bonus june july 1982,,RETAIN — issue-specific occurrence pending visual comparison,Indexed page 22. Image: do not reproduce scan. Text: paraphrase facts and clearly paired prices only.,2026-07-31
EPH-0086,v1.1 chronological census,V11-ABMX-0025,Dealer price-list / sticker offer,Hotshot free price-list and sticker mailer,1982,1982,June/July 1982,Hotshot BMX Racing,"Mail-in offer for a free price list and sticker, supported by the Hotshot race van.",United Kingdom,Not applicable — period publication,,Chronological issue pass,PreviousPage exposes indexed text for BMX Action Bike — June/July 1982 — Volume 2 Number 2. This record preserves an issue-specific source occurrence and paraphrased factual details. Page-image comparison remains required before exact-layout quotation or visual identity merging. Potential recurring-campaign relationship with EPH-0240 (Hotshot price-list / free-sticker campaign); do not merge without page-image comparison.,HIGH,INDEX-ONLY,INCLUDED — indexed issue text; visual comparison pending.,https://previouspage.co.uk/magazines/BMX%20Action%20Bike/issues/14-june%2Fjuly-eighty-two,,hotshot free price list and sticker mailer june july 1982,,REVIEW — recurring-campaign candidate; retain separately pending visual comparison,Indexed page 22. Image: do not reproduce scan. Text: paraphrase facts and clearly paired prices only.,2026-07-31
EPH-0087,v1.1 chronological census,V11-ABMX-0026,Product-history object,Guisborough national race report,1982,1982,June/July 1982,UKBMX; Tucker's Tornadoes,Contemporary national-race report documenting the Guisborough track and rider results.,United Kingdom,Not applicable — period publication,,Chronological issue pass,PreviousPage exposes indexed text for BMX Action Bike — June/July 1982 — Volume 2 Number 2. This record preserves an issue-specific source occurrence and paraphrased factual details. Page-image comparison remains required before exact-layout quotation or visual identity merging.,MEDIUM-HIGH,INDEX-ONLY,INCLUDED — indexed issue text; visual comparison pending.,https://previouspage.co.uk/magazines/BMX%20Action%20Bike/issues/14-june%2Fjuly-eighty-two,,guisborough national race report june july 1982,,RETAIN — issue-specific occurrence pending visual comparison,Indexed pages 17–24. Image: do not reproduce scan. Text: paraphrase facts and clearly paired prices only.,2026-07-31
EPH-0088,v1.1 chronological census,V11-ABMX-0027,Factory-team history,Diamond Back northern-team sponsorship notice,1982,1982,June/July 1982,Diamond Back; Tucker's Tornadoes,Report identifying Tucker's Tornadoes as Diamond Back's official northern team.,United Kingdom,Not applicable — period publication,,Chronological issue pass,PreviousPage exposes indexed text for BMX Action Bike — June/July 1982 — Volume 2 Number 2. This record preserves an issue-specific source occurrence and paraphrased factual details. Page-image comparison remains required before exact-layout quotation or visual identity merging.,HIGH,INDEX-ONLY,INCLUDED — indexed issue text; visual comparison pending.,https://previouspage.co.uk/magazines/BMX%20Action%20Bike/issues/14-june%2Fjuly-eighty-two,,diamond back northern team sponsorship notice june july 1982,,RETAIN — issue-specific occurrence pending visual comparison,Indexed section located; exact page number remains pending page-image review. Indexed race-report pages. Image: do not reproduce scan. Text: paraphrase facts and clearly paired prices only.,2026-07-31
EPH-0089,v1.1 chronological census,V11-ABMX-0028,Product-history object,GT Pro 4 road and race test,1982,1982,June/July 1982,GT; Greg Hill,"Editorial test of the GT Pro 4 covering handling, geometry, cornering, and rider fit.",United Kingdom,Not applicable — period publication,,Chronological issue pass,PreviousPage exposes indexed text for BMX Action Bike — June/July 1982 — Volume 2 Number 2. This record preserves an issue-specific source occurrence and paraphrased factual details. Page-image comparison remains required before exact-layout quotation or visual identity merging.,HIGH,INDEX-ONLY,INCLUDED — indexed issue text; visual comparison pending.,https://previouspage.co.uk/magazines/BMX%20Action%20Bike/issues/14-june%2Fjuly-eighty-two,,gt pro 4 road and race test june july 1982,,RETAIN — issue-specific occurrence pending visual comparison,Indexed pages 25–29. Image: do not reproduce scan. Text: paraphrase facts and clearly paired prices only.,2026-07-31
EPH-0090,v1.1 chronological census,V11-ABMX-0029,Product literature,GT Pro 4 specification sheet,1982,1982,June/July 1982,GT,"Specification listing for frame, fork, bars, wheels, brakes, drivetrain, saddle, and approximate retail price.",United Kingdom,Not applicable — period publication,,Chronological issue pass,PreviousPage exposes indexed text for BMX Action Bike — June/July 1982 — Volume 2 Number 2. This record preserves an issue-specific source occurrence and paraphrased factual details. Page-image comparison remains required before exact-layout quotation or visual identity merging.,HIGH,INDEX-ONLY,INCLUDED — indexed issue text; visual comparison pending.,https://previouspage.co.uk/magazines/BMX%20Action%20Bike/issues/14-june%2Fjuly-eighty-two,,gt pro 4 specification sheet june july 1982,,RETAIN — issue-specific occurrence pending visual comparison,Indexed page 29. Image: do not reproduce scan. Text: paraphrase facts and clearly paired prices only.,2026-07-31
EPH-0091,v1.1 chronological census,V11-ABMX-0030,Product literature,Bermology track-building guide,1982,1982,June/July 1982,BMX Action Bike; James Black,"Technical track-building guide covering berms, speed jumps, whoops, and tabletops.",United Kingdom,Not applicable — period publication,,Chronological issue pass,PreviousPage exposes indexed text for BMX Action Bike — June/July 1982 — Volume 2 Number 2. This record preserves an issue-specific source occurrence and paraphrased factual details. Page-image comparison remains required before exact-layout quotation or visual identity merging.,HIGH,INDEX-ONLY,INCLUDED — indexed issue text; visual comparison pending.,https://previouspage.co.uk/magazines/BMX%20Action%20Bike/issues/14-june%2Fjuly-eighty-two,,bermology track building guide june july 1982,,RETAIN — issue-specific occurrence pending visual comparison,Indexed pages 30–33. Image: do not reproduce scan. Text: paraphrase facts and clearly paired prices only.,2026-07-31
EPH-0092,v1.1 chronological census,V11-ABMX-0031,Rider/model naming history,Keith Wilson Redline rider profile,1982,1982,June/July 1982,Redline; Keith Wilson,Rider profile describing Keith Wilson's Redline equipment and racing approach.,United Kingdom,Not applicable — period publication,,Chronological issue pass,PreviousPage exposes indexed text for BMX Action Bike — June/July 1982 — Volume 2 Number 2. This record preserves an issue-specific source occurrence and paraphrased factual details. Page-image comparison remains required before exact-layout quotation or visual identity merging.,MEDIUM-HIGH,INDEX-ONLY,INCLUDED — indexed issue text; visual comparison pending.,https://previouspage.co.uk/magazines/BMX%20Action%20Bike/issues/14-june%2Fjuly-eighty-two,,keith wilson redline rider profile june july 1982,,RETAIN — issue-specific occurrence pending visual comparison,Indexed page 34 onward. Image: do not reproduce scan. Text: paraphrase facts and clearly paired prices only.,2026-07-31
EPH-0093,v1.1 chronological census,V11-ABMX-0032,Contest entry form / promotion,PK Ripper Radical Art competition,1982,1982,June/July 1982,BMX Action Bike; SE Racing; PK Ripper,Art competition with age categories and a PK Ripper as the overall prize.,United Kingdom,Not applicable — period publication,,Chronological issue pass,PreviousPage exposes indexed text for BMX Action Bike — June/July 1982 — Volume 2 Number 2. This record preserves an issue-specific source occurrence and paraphrased factual details. Page-image comparison remains required before exact-layout quotation or visual identity merging.,HIGH,INDEX-ONLY,INCLUDED — indexed issue text; visual comparison pending.,https://previouspage.co.uk/magazines/BMX%20Action%20Bike/issues/14-june%2Fjuly-eighty-two,,pk ripper radical art competition june july 1982,,RETAIN — issue-specific occurrence pending visual comparison,Indexed pages 36–37. Image: do not reproduce scan. Text: paraphrase facts and clearly paired prices only.,2026-07-31
EPH-0094,v1.1 chronological census,V11-ABMX-0033,Product-history object,Neal Stevens State of the Art feature,1982,1982,June/July 1982,Neal Stevens; BMX Action Bike,Publication feature reproducing BMX artwork by Neal Stevens.,United Kingdom,Not applicable — period publication,,Chronological issue pass,PreviousPage exposes indexed text for BMX Action Bike — June/July 1982 — Volume 2 Number 2. This record preserves an issue-specific source occurrence and paraphrased factual details. Page-image comparison remains required before exact-layout quotation or visual identity merging.,HIGH,INDEX-ONLY,INCLUDED — indexed issue text; visual comparison pending.,https://previouspage.co.uk/magazines/BMX%20Action%20Bike/issues/14-june%2Fjuly-eighty-two,,neal stevens state of the art feature june july 1982,,RETAIN — issue-specific occurrence pending visual comparison,Indexed page 38. Image: do not reproduce scan. Text: paraphrase facts and clearly paired prices only.,2026-07-31
EPH-0095,v1.1 chronological census,V11-ABMX-0034,Information-pack mailer,Shiner SE Racing news and free-decal mailer,1982,1982,June/July 1982,Shiner; SE Racing,Trade advertisement offering SE Racing news and a free decal while listing frames and complete bikes.,United Kingdom,Not applicable — period publication,,Chronological issue pass,PreviousPage exposes indexed text for BMX Action Bike — June/July 1982 — Volume 2 Number 2. This record preserves an issue-specific source occurrence and paraphrased factual details. Page-image comparison remains required before exact-layout quotation or visual identity merging.,HIGH,INDEX-ONLY,INCLUDED — indexed issue text; visual comparison pending.,https://previouspage.co.uk/magazines/BMX%20Action%20Bike/issues/14-june%2Fjuly-eighty-two,,shiner se racing news and free decal mailer june july 1982,,RETAIN — issue-specific occurrence pending visual comparison,Indexed page 39. Image: do not reproduce scan. Text: paraphrase facts and clearly paired prices only.,2026-07-31
EPH-0096,v1.1 chronological census,V11-ABMX-0035,Team/product advertisement,GT racing and dealer advertisement,1982,1982,June/July 1982,GT; Greg Hill,Dealer-facing GT racing advertisement emphasizing competition results and trade availability.,United Kingdom,Not applicable — period publication,,Chronological issue pass,PreviousPage exposes indexed text for BMX Action Bike — June/July 1982 — Volume 2 Number 2. This record preserves an issue-specific source occurrence and paraphrased factual details. Page-image comparison remains required before exact-layout quotation or visual identity merging.,MEDIUM-HIGH,INDEX-ONLY,INCLUDED — indexed issue text; visual comparison pending.,https://previouspage.co.uk/magazines/BMX%20Action%20Bike/issues/14-june%2Fjuly-eighty-two,,gt racing and dealer advertisement june july 1982,,RETAIN — issue-specific occurrence pending visual comparison,Indexed page 39. Image: do not reproduce scan. Text: paraphrase facts and clearly paired prices only.,2026-07-31
EPH-0097,v1.1 chronological census,V11-ABMX-0036,Dealer advertisement / price-list lead,De Ver Cycles BMX bargains listing,1982,1982,June/July 1982,De Ver Cycles,"Dealer inventory advertisement covering frames, forks, controls, wheels, tyres, saddles, and repairs.",United Kingdom,Not applicable — period publication,,Chronological issue pass,PreviousPage exposes indexed text for BMX Action Bike — June/July 1982 — Volume 2 Number 2. This record preserves an issue-specific source occurrence and paraphrased factual details. Page-image comparison remains required before exact-layout quotation or visual identity merging.,MEDIUM-HIGH,INDEX-ONLY,INCLUDED — indexed issue text; visual comparison pending.,https://previouspage.co.uk/magazines/BMX%20Action%20Bike/issues/14-june%2Fjuly-eighty-two,,de ver cycles bmx bargains listing june july 1982,,RETAIN — issue-specific occurrence pending visual comparison,Indexed page 39. Image: do not reproduce scan. Text: paraphrase facts and clearly paired prices only.,2026-07-31
EPH-0098,v1.1 chronological census,V11-ABMX-0037,Product announcement / kit,Max chainring carrying bags,1982,1982,June/July 1982,Max,New-product note for trackside chainring carrying bags.,United Kingdom,Not applicable — period publication,,Chronological issue pass,PreviousPage exposes indexed text for BMX Action Bike — June/July 1982 — Volume 2 Number 2. This record preserves an issue-specific source occurrence and paraphrased factual details. Page-image comparison remains required before exact-layout quotation or visual identity merging.,MEDIUM-HIGH,INDEX-ONLY,INCLUDED — indexed issue text; visual comparison pending.,https://previouspage.co.uk/magazines/BMX%20Action%20Bike/issues/14-june%2Fjuly-eighty-two,,max chainring carrying bags june july 1982,,RETAIN — issue-specific occurrence pending visual comparison,Indexed page 40. Image: do not reproduce scan. Text: paraphrase facts and clearly paired prices only.,2026-07-31
EPH-0099,v1.1 chronological census,V11-ABMX-0038,Product announcement / kit,SunTour HL-100 headset locking nut,1982,1982,June/July 1982,SunTour,New-product note for the HL-100 locking nut with twin Allen bolts and nylon bushes.,United Kingdom,Not applicable — period publication,,Chronological issue pass,PreviousPage exposes indexed text for BMX Action Bike — June/July 1982 — Volume 2 Number 2. This record preserves an issue-specific source occurrence and paraphrased factual details. Page-image comparison remains required before exact-layout quotation or visual identity merging.,HIGH,INDEX-ONLY,INCLUDED — indexed issue text; visual comparison pending.,https://previouspage.co.uk/magazines/BMX%20Action%20Bike/issues/14-june%2Fjuly-eighty-two,,suntour hl 100 headset locking nut june july 1982,,RETAIN — issue-specific occurrence pending visual comparison,Indexed page 40. Image: do not reproduce scan. Text: paraphrase facts and clearly paired prices only.,2026-07-31
EPH-0100,v1.1 chronological census,V11-ABMX-0039,Product literature,Oakley O/20 goggle product notice,1982,1982,June/July 1982,Oakley; Gecko,Product notice describing the O/20 goggle and its UK retail availability.,United Kingdom,Not applicable — period publication,,Chronological issue pass,PreviousPage exposes indexed text for BMX Action Bike — June/July 1982 — Volume 2 Number 2. This record preserves an issue-specific source occurrence and paraphrased factual details. Page-image comparison remains required before exact-layout quotation or visual identity merging.,HIGH,INDEX-ONLY,INCLUDED — indexed issue text; visual comparison pending.,https://previouspage.co.uk/magazines/BMX%20Action%20Bike/issues/14-june%2Fjuly-eighty-two,,oakley o 20 goggle product notice june july 1982,,RETAIN — issue-specific occurrence pending visual comparison,Indexed page 40. Image: do not reproduce scan. Text: paraphrase facts and clearly paired prices only.,2026-07-31
EPH-0101,v1.1 chronological census,V11-ABMX-0040,Product announcement / kit,Torker Ultra 4 lightweight stem,1982,1982,June/July 1982,Torker; Alans,Product notice for a heat-treated and precision-machined lightweight stem.,United Kingdom,Not applicable — period publication,,Chronological issue pass,PreviousPage exposes indexed text for BMX Action Bike — June/July 1982 — Volume 2 Number 2. This record preserves an issue-specific source occurrence and paraphrased factual details. Page-image comparison remains required before exact-layout quotation or visual identity merging.,MEDIUM-HIGH,INDEX-ONLY,INCLUDED — indexed issue text; visual comparison pending.,https://previouspage.co.uk/magazines/BMX%20Action%20Bike/issues/14-june%2Fjuly-eighty-two,,torker ultra 4 lightweight stem june july 1982,,RETAIN — issue-specific occurrence pending visual comparison,Indexed page 40. Image: do not reproduce scan. Text: paraphrase facts and clearly paired prices only.,2026-07-31
EPH-0102,v1.1 chronological census,V11-ABMX-0041,Product literature,Renthal wide-rise handlebar range,1982,1982,June/July 1982,Renthal; Mongoose,Product notice for extra-wide handlebars in multiple rise options and finishes.,United Kingdom,Not applicable — period publication,,Chronological issue pass,PreviousPage exposes indexed text for BMX Action Bike — June/July 1982 — Volume 2 Number 2. This record preserves an issue-specific source occurrence and paraphrased factual details. Page-image comparison remains required before exact-layout quotation or visual identity merging.,HIGH,INDEX-ONLY,INCLUDED — indexed issue text; visual comparison pending.,https://previouspage.co.uk/magazines/BMX%20Action%20Bike/issues/14-june%2Fjuly-eighty-two,,renthal wide rise handlebar range june july 1982,,RETAIN — issue-specific occurrence pending visual comparison,Indexed page 40. Image: do not reproduce scan. Text: paraphrase facts and clearly paired prices only.,2026-07-31
EPH-0103,v1.1 chronological census,V11-ABMX-0042,Information-pack mailer,ABMX Wonder Light street-safety offer,1982,1982,June/July 1982,BMX Action Bike; Wonder Light,Reader offer for detachable front and rear lights with reflective cycle clips.,United Kingdom,Not applicable — period publication,,Chronological issue pass,PreviousPage exposes indexed text for BMX Action Bike — June/July 1982 — Volume 2 Number 2. This record preserves an issue-specific source occurrence and paraphrased factual details. Page-image comparison remains required before exact-layout quotation or visual identity merging.,HIGH,INDEX-ONLY,INCLUDED — indexed issue text; visual comparison pending.,https://previouspage.co.uk/magazines/BMX%20Action%20Bike/issues/14-june%2Fjuly-eighty-two,,abmx wonder light street safety offer june july 1982,,RETAIN — issue-specific occurrence pending visual comparison,Indexed pages 41–42. Image: do not reproduce scan. Text: paraphrase facts and clearly paired prices only.,2026-07-31
EPH-0104,v1.1 chronological census,V11-ABMX-0043,Magazine advertisement,Huffy Pro Thunder Competition Certified range,1982,1982,June/July 1982,Huffy,"International advertisement for Pro 3, Pro 3 Special Edition, Pro 4, and Pro 5 models.",United Kingdom,Not applicable — period publication,,Chronological issue pass,PreviousPage exposes indexed text for BMX Action Bike — June/July 1982 — Volume 2 Number 2. This record preserves an issue-specific source occurrence and paraphrased factual details. Page-image comparison remains required before exact-layout quotation or visual identity merging.,HIGH,INDEX-ONLY,INCLUDED — indexed issue text; visual comparison pending.,https://previouspage.co.uk/magazines/BMX%20Action%20Bike/issues/14-june%2Fjuly-eighty-two,,huffy pro thunder competition certified range june july 1982,,RETAIN — issue-specific occurrence pending visual comparison,Indexed page 42. Image: do not reproduce scan. Text: paraphrase facts and clearly paired prices only.,2026-07-31
EPH-0105,v1.1 chronological census,V11-ABMX-0044,Product-history object,Race Inc Aero special feature,1982,1982,June/July 1982,Race Inc; Cav Strutt,Editorial feature on a lightweight Race Inc Aero custom build and test flight.,United Kingdom,Not applicable — period publication,,Chronological issue pass,PreviousPage exposes indexed text for BMX Action Bike — June/July 1982 — Volume 2 Number 2. This record preserves an issue-specific source occurrence and paraphrased factual details. Page-image comparison remains required before exact-layout quotation or visual identity merging.,MEDIUM-HIGH,INDEX-ONLY,INCLUDED — indexed issue text; visual comparison pending.,https://previouspage.co.uk/magazines/BMX%20Action%20Bike/issues/14-june%2Fjuly-eighty-two,,race inc aero special feature june july 1982,,RETAIN — issue-specific occurrence pending visual comparison,Indexed pages 44–45. Image: do not reproduce scan. Text: paraphrase facts and clearly paired prices only.,2026-07-31
EPH-0106,v1.1 chronological census,V11-ABMX-0045,Product-history object,SJK British chromoly race-bike test,1982,1982,June/July 1982,SJK Products; Steve Woolley,Editorial test of a British-built chromoly race bike with sealed-bearing details and period pricing.,United Kingdom,Not applicable — period publication,,Chronological issue pass,PreviousPage exposes indexed text for BMX Action Bike — June/July 1982 — Volume 2 Number 2. This record preserves an issue-specific source occurrence and paraphrased factual details. Page-image comparison remains required before exact-layout quotation or visual identity merging.,MEDIUM-HIGH,INDEX-ONLY,INCLUDED — indexed issue text; visual comparison pending.,https://previouspage.co.uk/magazines/BMX%20Action%20Bike/issues/14-june%2Fjuly-eighty-two,,sjk british chromoly race bike test june july 1982,,RETAIN — issue-specific occurrence pending visual comparison,Indexed page 45. Image: do not reproduce scan. Text: paraphrase facts and clearly paired prices only.,2026-07-31
EPH-0107,v1.1 chronological census,V11-ABMX-0046,Information-pack mailer,Cyclone Bikes seven-sticker packet offer,1982,1982,June/July 1982,Cyclone Bikes; BMX Action Bike,Mail-order packet of seven assorted BMX stickers.,United Kingdom,Not applicable — period publication,,Chronological issue pass,PreviousPage exposes indexed text for BMX Action Bike — June/July 1982 — Volume 2 Number 2. This record preserves an issue-specific source occurrence and paraphrased factual details. Page-image comparison remains required before exact-layout quotation or visual identity merging.,HIGH,INDEX-ONLY,INCLUDED — indexed issue text; visual comparison pending.,https://previouspage.co.uk/magazines/BMX%20Action%20Bike/issues/14-june%2Fjuly-eighty-two,,cyclone bikes seven sticker packet offer june july 1982,,RETAIN — issue-specific occurrence pending visual comparison,Indexed page 13. Image: do not reproduce scan. Text: paraphrase facts and clearly paired prices only.,2026-07-31
EPH-0108,v1.1 chronological census,V11-ABMX-0047,Product literature,UKBMX national rule-book notice,1982,1982,June/July 1982,UKBMX; IBMXF,Association notice explaining the national rule book produced after delay to the international rule book.,United Kingdom,Not applicable — period publication,,Chronological issue pass,PreviousPage exposes indexed text for BMX Action Bike — June/July 1982 — Volume 2 Number 2. This record preserves an issue-specific source occurrence and paraphrased factual details. Page-image comparison remains required before exact-layout quotation or visual identity merging.,HIGH,INDEX-ONLY,INCLUDED — indexed issue text; visual comparison pending.,https://previouspage.co.uk/magazines/BMX%20Action%20Bike/issues/14-june%2Fjuly-eighty-two,,ukbmx national rule book notice june july 1982,,RETAIN — issue-specific occurrence pending visual comparison,Indexed section located; exact page number remains pending page-image review. Indexed association notice. Image: do not reproduce scan. Text: paraphrase facts and clearly paired prices only.,2026-07-31
EPH-0109,v1.1 chronological census,V11-ABMX-0048,Magazine advertisement,Puch Murray 20-inch and 24-inch BMX range advertisement,1982,1982,August/September 1982,Puch Murray,"Brand advertisement describing 20-inch and 24-inch bikes, components, and a frame-and-fork warranty.",United Kingdom,Not applicable — period publication,,Chronological issue pass,PreviousPage exposes indexed text for BMX Action Bike — August/September 1982 — Volume 2 Number 3. This record preserves an issue-specific source occurrence and paraphrased factual details. Page-image comparison remains required before exact-layout quotation or visual identity merging.,HIGH,INDEX-ONLY,INCLUDED — indexed issue text; visual comparison pending.,https://previouspage.co.uk/magazines/BMX%20Action%20Bike/issues/57-august%2Fseptember-eighty-two,,puch murray 20 inch and 24 inch bmx range advertisement august september 1982,,RETAIN — issue-specific occurrence pending visual comparison,Indexed pages 2–3. Image: do not reproduce scan. Text: paraphrase facts and clearly paired prices only.,2026-07-31
EPH-0110,v1.1 chronological census,V11-ABMX-0049,Information-pack mailer,Diamond Back Silver Streak and Pro-Star information-pack offer,1982,1982,August/September 1982,Diamond Back; Pro-Star; Freewheeler,Factory-direct offer for a free Diamond Back and Pro-Star information pack and decal.,United Kingdom,Not applicable — period publication,,Chronological issue pass,PreviousPage exposes indexed text for BMX Action Bike — August/September 1982 — Volume 2 Number 3. This record preserves an issue-specific source occurrence and paraphrased factual details. Page-image comparison remains required before exact-layout quotation or visual identity merging. Potential recurring-campaign relationship with EPH-0159 (Diamond Back Silver Streak information-pack campaign); do not merge without page-image comparison.,HIGH,INDEX-ONLY,INCLUDED — indexed issue text; visual comparison pending.,https://previouspage.co.uk/magazines/BMX%20Action%20Bike/issues/57-august%2Fseptember-eighty-two,,diamond back silver streak and pro star information pack offer august september 1982,,REVIEW — recurring-campaign candidate; retain separately pending visual comparison,Indexed page 4. Image: do not reproduce scan. Text: paraphrase facts and clearly paired prices only.,2026-07-31
EPH-0111,v1.1 chronological census,V11-ABMX-0050,Magazine advertisement,Kenda Karate tyre advertisement,1982,1982,August/September 1982,Kenda; Moore Large,Period tyre advertisement promoting the Kenda Karate tread for BMX racing.,United Kingdom,Not applicable — period publication,,Chronological issue pass,PreviousPage exposes indexed text for BMX Action Bike — August/September 1982 — Volume 2 Number 3. This record preserves an issue-specific source occurrence and paraphrased factual details. Page-image comparison remains required before exact-layout quotation or visual identity merging.,HIGH,INDEX-ONLY,INCLUDED — indexed issue text; visual comparison pending.,https://previouspage.co.uk/magazines/BMX%20Action%20Bike/issues/57-august%2Fseptember-eighty-two,,kenda karate tyre advertisement august september 1982,,RETAIN — issue-specific occurrence pending visual comparison,Indexed pages 8–9. Image: do not reproduce scan. Text: paraphrase facts and clearly paired prices only.,2026-07-31
EPH-0112,v1.1 chronological census,V11-ABMX-0051,Product announcement / kit,Raleigh Burner five-model range launch,1982,1982,August/September 1982,Raleigh; Halfords,"Range announcement covering Pro Burner, Ultra Burner, Super Burner, Tough Burner, and Burner.",United Kingdom,Not applicable — period publication,,Chronological issue pass,PreviousPage exposes indexed text for BMX Action Bike — August/September 1982 — Volume 2 Number 3. This record preserves an issue-specific source occurrence and paraphrased factual details. Page-image comparison remains required before exact-layout quotation or visual identity merging. Potential recurring-campaign relationship with EPH-0203 (Raleigh Burner range / price-list campaign); do not merge without page-image comparison.,HIGH,INDEX-ONLY,INCLUDED — indexed issue text; visual comparison pending.,https://previouspage.co.uk/magazines/BMX%20Action%20Bike/issues/57-august%2Fseptember-eighty-two,,raleigh burner five model range launch august september 1982,,REVIEW — recurring-campaign candidate; retain separately pending visual comparison,Indexed pages 10–12. Image: do not reproduce scan. Text: paraphrase facts and clearly paired prices only.,2026-07-31
EPH-0113,v1.1 chronological census,V11-ABMX-0052,Product-history object,Home-built Diamond Back II project letter,1982,1982,August/September 1982,Paul Connors; Diamond Back,Reader documentation of a home-built Diamond Back II-inspired bicycle and approximate build cost.,United Kingdom,Not applicable — period publication,,Chronological issue pass,PreviousPage exposes indexed text for BMX Action Bike — August/September 1982 — Volume 2 Number 3. This record preserves an issue-specific source occurrence and paraphrased factual details. Page-image comparison remains required before exact-layout quotation or visual identity merging.,MEDIUM-HIGH,INDEX-ONLY,INCLUDED — indexed issue text; visual comparison pending.,https://previouspage.co.uk/magazines/BMX%20Action%20Bike/issues/57-august%2Fseptember-eighty-two,,home built diamond back ii project letter august september 1982,,RETAIN — issue-specific occurrence pending visual comparison,Indexed page 13. Image: do not reproduce scan. Text: paraphrase facts and clearly paired prices only.,2026-07-31
EPH-0114,v1.1 chronological census,V11-ABMX-0053,Event notice / contact flyer,Ramsey BMX Club free-entry visitor notice,1982,1982,August/September 1982,Ramsey BMX Club; Steve's Team Mongoose,Club notice offering free entries to visiting riders bringing bikes to the Isle of Man.,United Kingdom,Not applicable — period publication,,Chronological issue pass,PreviousPage exposes indexed text for BMX Action Bike — August/September 1982 — Volume 2 Number 3. This record preserves an issue-specific source occurrence and paraphrased factual details. Page-image comparison remains required before exact-layout quotation or visual identity merging.,HIGH,INDEX-ONLY,INCLUDED — indexed issue text; visual comparison pending.,https://previouspage.co.uk/magazines/BMX%20Action%20Bike/issues/57-august%2Fseptember-eighty-two,,ramsey bmx club free entry visitor notice august september 1982,,RETAIN — issue-specific occurrence pending visual comparison,Indexed page 13. Image: do not reproduce scan. Text: paraphrase facts and clearly paired prices only.,2026-07-31
EPH-0115,v1.1 chronological census,V11-ABMX-0054,Product-history object,ACS experimental 26-inch Z-rim production note,1982,1982,August/September 1982,ACS,Editorial note reporting experimental 26-inch Z rims that did not enter production.,United Kingdom,Not applicable — period publication,,Chronological issue pass,PreviousPage exposes indexed text for BMX Action Bike — August/September 1982 — Volume 2 Number 3. This record preserves an issue-specific source occurrence and paraphrased factual details. Page-image comparison remains required before exact-layout quotation or visual identity merging.,MEDIUM-HIGH,INDEX-ONLY,INCLUDED — indexed issue text; visual comparison pending.,https://previouspage.co.uk/magazines/BMX%20Action%20Bike/issues/57-august%2Fseptember-eighty-two,,acs experimental 26 inch z rim production note august september 1982,,RETAIN — issue-specific occurrence pending visual comparison,Indexed section located; exact page number remains pending page-image review. Indexed letters page. Image: do not reproduce scan. Text: paraphrase facts and clearly paired prices only.,2026-07-31
EPH-0116,v1.1 chronological census,V11-ABMX-0055,Dealer/shop advertisement,Gecko BMX product-range advertisement,1982,1982,August/September 1982,Gecko Leisure Products,"Large dealer/importer range advertisement covering complete bikes, frames, wheels, helmets, and components.",United Kingdom,Not applicable — period publication,,Chronological issue pass,PreviousPage exposes indexed text for BMX Action Bike — August/September 1982 — Volume 2 Number 3. This record preserves an issue-specific source occurrence and paraphrased factual details. Page-image comparison remains required before exact-layout quotation or visual identity merging.,MEDIUM-HIGH,INDEX-ONLY,INCLUDED — indexed issue text; visual comparison pending.,https://previouspage.co.uk/magazines/BMX%20Action%20Bike/issues/57-august%2Fseptember-eighty-two,,gecko bmx product range advertisement august september 1982,,RETAIN — issue-specific occurrence pending visual comparison,Indexed pages 14–15. Image: do not reproduce scan. Text: paraphrase facts and clearly paired prices only.,2026-07-31
EPH-0117,v1.1 chronological census,V11-ABMX-0056,Product literature,Redline PL-20 Carrera complete-package advertisement,1982,1982,August/September 1982,Redline,Product advertisement describing the Carrera as a complete package based on factory-pro equipment.,United Kingdom,Not applicable — period publication,,Chronological issue pass,PreviousPage exposes indexed text for BMX Action Bike — August/September 1982 — Volume 2 Number 3. This record preserves an issue-specific source occurrence and paraphrased factual details. Page-image comparison remains required before exact-layout quotation or visual identity merging.,HIGH,INDEX-ONLY,INCLUDED — indexed issue text; visual comparison pending.,https://previouspage.co.uk/magazines/BMX%20Action%20Bike/issues/57-august%2Fseptember-eighty-two,,redline pl 20 carrera complete package advertisement august september 1982,,RETAIN — issue-specific occurrence pending visual comparison,Indexed pages 14–15. Image: do not reproduce scan. Text: paraphrase facts and clearly paired prices only.,2026-07-31
EPH-0118,v1.1 chronological census,V11-ABMX-0057,Product literature,Kuwahara frame-and-fork range advertisement,1982,1982,August/September 1982,Kuwahara,Frame-and-fork advertisement emphasizing aircraft-grade chromoly construction.,United Kingdom,Not applicable — period publication,,Chronological issue pass,PreviousPage exposes indexed text for BMX Action Bike — August/September 1982 — Volume 2 Number 3. This record preserves an issue-specific source occurrence and paraphrased factual details. Page-image comparison remains required before exact-layout quotation or visual identity merging.,HIGH,INDEX-ONLY,INCLUDED — indexed issue text; visual comparison pending.,https://previouspage.co.uk/magazines/BMX%20Action%20Bike/issues/57-august%2Fseptember-eighty-two,,kuwahara frame and fork range advertisement august september 1982,,RETAIN — issue-specific occurrence pending visual comparison,Indexed pages 14–15. Image: do not reproduce scan. Text: paraphrase facts and clearly paired prices only.,2026-07-31
EPH-0119,v1.1 chronological census,V11-ABMX-0058,Dealer advertisement / price-list lead,"MCS, Race Inc, and Powerlite range advertisement",1982,1982,August/September 1982,MCS; Race Inc; Powerlite; Gecko,"Multi-brand product-range advertisement covering frames, bars, wheels, and race components.",United Kingdom,Not applicable — period publication,,Chronological issue pass,PreviousPage exposes indexed text for BMX Action Bike — August/September 1982 — Volume 2 Number 3. This record preserves an issue-specific source occurrence and paraphrased factual details. Page-image comparison remains required before exact-layout quotation or visual identity merging.,MEDIUM-HIGH,INDEX-ONLY,INCLUDED — indexed issue text; visual comparison pending.,https://previouspage.co.uk/magazines/BMX%20Action%20Bike/issues/57-august%2Fseptember-eighty-two,,mcs race inc and powerlite range advertisement august september 1982,,RETAIN — issue-specific occurrence pending visual comparison,Indexed pages 14–15. Image: do not reproduce scan. Text: paraphrase facts and clearly paired prices only.,2026-07-31
EPH-0120,v1.1 chronological census,V11-ABMX-0059,Product-history object,PK Ripper editorial test,1982,1982,August/September 1982,SE Racing; PK Ripper,"Long-form editorial test of the PK Ripper, including Landing Gear forks and handling impressions.",United Kingdom,Not applicable — period publication,,Chronological issue pass,PreviousPage exposes indexed text for BMX Action Bike — August/September 1982 — Volume 2 Number 3. This record preserves an issue-specific source occurrence and paraphrased factual details. Page-image comparison remains required before exact-layout quotation or visual identity merging.,HIGH,INDEX-ONLY,INCLUDED — indexed issue text; visual comparison pending.,https://previouspage.co.uk/magazines/BMX%20Action%20Bike/issues/57-august%2Fseptember-eighty-two,,pk ripper editorial test august september 1982,,RETAIN — issue-specific occurrence pending visual comparison,Indexed pages 34–37. Image: do not reproduce scan. Text: paraphrase facts and clearly paired prices only.,2026-07-31
EPH-0121,v1.1 chronological census,V11-ABMX-0060,Product-history object,Ammaco BMX thrash test,1982,1982,August/September 1982,Ammaco; Andy Ruffell,Editorial durability test using Andy Ruffell and a skate-bowl test environment.,United Kingdom,Not applicable — period publication,,Chronological issue pass,PreviousPage exposes indexed text for BMX Action Bike — August/September 1982 — Volume 2 Number 3. This record preserves an issue-specific source occurrence and paraphrased factual details. Page-image comparison remains required before exact-layout quotation or visual identity merging.,MEDIUM-HIGH,INDEX-ONLY,INCLUDED — indexed issue text; visual comparison pending.,https://previouspage.co.uk/magazines/BMX%20Action%20Bike/issues/57-august%2Fseptember-eighty-two,,ammaco bmx thrash test august september 1982,,RETAIN — issue-specific occurrence pending visual comparison,Indexed pages 38–40. Image: do not reproduce scan. Text: paraphrase facts and clearly paired prices only.,2026-07-31
EPH-0122,v1.1 chronological census,V11-ABMX-0061,Factory-team history,Tim March profile and March Racing Developments launch,1982,1982,August/September 1982,Tim March; March Racing Developments,Interview documenting Tim March's departure from factory teams and the launch of MRD.,United Kingdom,Not applicable — period publication,,Chronological issue pass,PreviousPage exposes indexed text for BMX Action Bike — August/September 1982 — Volume 2 Number 3. This record preserves an issue-specific source occurrence and paraphrased factual details. Page-image comparison remains required before exact-layout quotation or visual identity merging.,HIGH,INDEX-ONLY,INCLUDED — indexed issue text; visual comparison pending.,https://previouspage.co.uk/magazines/BMX%20Action%20Bike/issues/57-august%2Fseptember-eighty-two,,tim march profile and march racing developments launch august september 1982,,RETAIN — issue-specific occurrence pending visual comparison,Indexed pages 28–31. Image: do not reproduce scan. Text: paraphrase facts and clearly paired prices only.,2026-07-31
EPH-0123,v1.1 chronological census,V11-ABMX-0062,Product literature,March Racing Developments number-plate offer,1982,1982,August/September 1982,March Racing Developments,Interview-sourced retail information for handmade MRD number plates.,United Kingdom,Not applicable — period publication,,Chronological issue pass,PreviousPage exposes indexed text for BMX Action Bike — August/September 1982 — Volume 2 Number 3. This record preserves an issue-specific source occurrence and paraphrased factual details. Page-image comparison remains required before exact-layout quotation or visual identity merging.,HIGH,INDEX-ONLY,INCLUDED — indexed issue text; visual comparison pending.,https://previouspage.co.uk/magazines/BMX%20Action%20Bike/issues/57-august%2Fseptember-eighty-two,,march racing developments number plate offer august september 1982,,RETAIN — issue-specific occurrence pending visual comparison,Indexed page 29. Image: do not reproduce scan. Text: paraphrase facts and clearly paired prices only.,2026-07-31
EPH-0124,v1.1 chronological census,V11-ABMX-0063,Dealer price-list / sticker offer,Hotshot retail and trade price-list/sticker service,1982,1982,August/September 1982,Hotshot BMX Racing,Retail price-list and free-sticker offer plus separate trade and van-sales routes.,United Kingdom,Not applicable — period publication,,Chronological issue pass,PreviousPage exposes indexed text for BMX Action Bike — August/September 1982 — Volume 2 Number 3. This record preserves an issue-specific source occurrence and paraphrased factual details. Page-image comparison remains required before exact-layout quotation or visual identity merging.,HIGH,INDEX-ONLY,INCLUDED — indexed issue text; visual comparison pending.,https://previouspage.co.uk/magazines/BMX%20Action%20Bike/issues/57-august%2Fseptember-eighty-two,,hotshot retail and trade price list sticker service august september 1982,,RETAIN — issue-specific occurrence pending visual comparison,Indexed page 28. Image: do not reproduce scan. Text: paraphrase facts and clearly paired prices only.,2026-07-31
EPH-0125,v1.1 chronological census,V11-ABMX-0064,Dealer price-list / sticker offer,DC Racing price-list and sticker mailer,1982,1982,August/September 1982,DC Racing,Mail-in offer for a complete DC Racing price list and sticker.,United Kingdom,Not applicable — period publication,,Chronological issue pass,PreviousPage exposes indexed text for BMX Action Bike — August/September 1982 — Volume 2 Number 3. This record preserves an issue-specific source occurrence and paraphrased factual details. Page-image comparison remains required before exact-layout quotation or visual identity merging.,HIGH,INDEX-ONLY,INCLUDED — indexed issue text; visual comparison pending.,https://previouspage.co.uk/magazines/BMX%20Action%20Bike/issues/57-august%2Fseptember-eighty-two,,dc racing price list and sticker mailer august september 1982,,RETAIN — issue-specific occurrence pending visual comparison,Indexed page 40. Image: do not reproduce scan. Text: paraphrase facts and clearly paired prices only.,2026-07-31
EPH-0126,v1.1 chronological census,V11-ABMX-0065,Product announcement / kit,Piranha cast-wheel model announcement,1982,1982,August/September 1982,Piranha,"Product launch describing cast wheels, sealed bearings, alloy brakes, and coordinated graphics.",United Kingdom,Not applicable — period publication,,Chronological issue pass,PreviousPage exposes indexed text for BMX Action Bike — August/September 1982 — Volume 2 Number 3. This record preserves an issue-specific source occurrence and paraphrased factual details. Page-image comparison remains required before exact-layout quotation or visual identity merging.,MEDIUM-HIGH,INDEX-ONLY,INCLUDED — indexed issue text; visual comparison pending.,https://previouspage.co.uk/magazines/BMX%20Action%20Bike/issues/57-august%2Fseptember-eighty-two,,piranha cast wheel model announcement august september 1982,,RETAIN — issue-specific occurrence pending visual comparison,Indexed page 40. Image: do not reproduce scan. Text: paraphrase facts and clearly paired prices only.,2026-07-31
EPH-0127,v1.1 chronological census,V11-ABMX-0066,Retailer advertisement / price list,Surrey BMX six-page bargain-list advertisement,1982,1982,August/September 1982,Surrey BMX,"Extensive mail-order price list for complete bikes, frames, wheels, protective gear, and components.",United Kingdom,Not applicable — period publication,,Chronological issue pass,PreviousPage exposes indexed text for BMX Action Bike — August/September 1982 — Volume 2 Number 3. This record preserves an issue-specific source occurrence and paraphrased factual details. Page-image comparison remains required before exact-layout quotation or visual identity merging.,HIGH,INDEX-ONLY,INCLUDED — indexed issue text; visual comparison pending.,https://previouspage.co.uk/magazines/BMX%20Action%20Bike/issues/57-august%2Fseptember-eighty-two,,surrey bmx six page bargain list advertisement august september 1982,,RETAIN — issue-specific occurrence pending visual comparison,Indexed pages 43–44. Image: do not reproduce scan. Text: paraphrase facts and clearly paired prices only.,2026-07-31
EPH-0128,v1.1 chronological census,V11-ABMX-0067,Product literature,Cooper convertible BMX helmet mailer,1982,1982,August/September 1982,Cooper,Direct-response helmet advertisement with detachable face protection and sizing.,United Kingdom,Not applicable — period publication,,Chronological issue pass,PreviousPage exposes indexed text for BMX Action Bike — August/September 1982 — Volume 2 Number 3. This record preserves an issue-specific source occurrence and paraphrased factual details. Page-image comparison remains required before exact-layout quotation or visual identity merging.,HIGH,INDEX-ONLY,INCLUDED — indexed issue text; visual comparison pending.,https://previouspage.co.uk/magazines/BMX%20Action%20Bike/issues/57-august%2Fseptember-eighty-two,,cooper convertible bmx helmet mailer august september 1982,,RETAIN — issue-specific occurrence pending visual comparison,Indexed page 44. Image: do not reproduce scan. Text: paraphrase facts and clearly paired prices only.,2026-07-31
EPH-0129,v1.1 chronological census,V11-ABMX-0068,Product announcement / kit,Lee and SunTour sealed bottom-bracket product note,1982,1982,August/September 1982,Lee; SunTour,New-product note comparing sealed bottom brackets for one-piece and three-piece cranks.,United Kingdom,Not applicable — period publication,,Chronological issue pass,PreviousPage exposes indexed text for BMX Action Bike — August/September 1982 — Volume 2 Number 3. This record preserves an issue-specific source occurrence and paraphrased factual details. Page-image comparison remains required before exact-layout quotation or visual identity merging.,MEDIUM-HIGH,INDEX-ONLY,INCLUDED — indexed issue text; visual comparison pending.,https://previouspage.co.uk/magazines/BMX%20Action%20Bike/issues/57-august%2Fseptember-eighty-two,,lee and suntour sealed bottom bracket product note august september 1982,,RETAIN — issue-specific occurrence pending visual comparison,Indexed page 45. Image: do not reproduce scan. Text: paraphrase facts and clearly paired prices only.,2026-07-31
EPH-0130,v1.1 chronological census,V11-ABMX-0069,Product literature,Araya aerodynamic sew-up race-wheel note,1982,1982,August/September 1982,Araya,Product note for fragile race-only sew-up tyres and aerodynamic wheel equipment.,United Kingdom,Not applicable — period publication,,Chronological issue pass,PreviousPage exposes indexed text for BMX Action Bike — August/September 1982 — Volume 2 Number 3. This record preserves an issue-specific source occurrence and paraphrased factual details. Page-image comparison remains required before exact-layout quotation or visual identity merging.,MEDIUM,INDEX-ONLY,INCLUDED — indexed issue text; visual comparison pending.,https://previouspage.co.uk/magazines/BMX%20Action%20Bike/issues/57-august%2Fseptember-eighty-two,,araya aerodynamic sew up race wheel note august september 1982,,RETAIN — issue-specific occurrence pending visual comparison,Indexed page 45. Image: do not reproduce scan. Text: paraphrase facts and clearly paired prices only.,2026-07-31
EPH-0131,v1.1 chronological census,V11-ABMX-0070,Product-history object,Profile mini BMX build feature,1982,1982,August/September 1982,Profile; Hotshot BMX,Feature on a lightweight Profile-based mini machine for a younger racer.,United Kingdom,Not applicable — period publication,,Chronological issue pass,PreviousPage exposes indexed text for BMX Action Bike — August/September 1982 — Volume 2 Number 3. This record preserves an issue-specific source occurrence and paraphrased factual details. Page-image comparison remains required before exact-layout quotation or visual identity merging.,MEDIUM-HIGH,INDEX-ONLY,INCLUDED — indexed issue text; visual comparison pending.,https://previouspage.co.uk/magazines/BMX%20Action%20Bike/issues/57-august%2Fseptember-eighty-two,,profile mini bmx build feature august september 1982,,RETAIN — issue-specific occurrence pending visual comparison,Indexed page 45. Image: do not reproduce scan. Text: paraphrase facts and clearly paired prices only.,2026-07-31
EPH-0132,v1.1 chronological census,V11-ABMX-0071,Product literature,Patterson chromoly frame-and-fork advertisement,1982,1982,August/September 1982,Patterson Racing Products,Advertisement listing Patterson Pro frame and fork options and BMX accessories.,United Kingdom,Not applicable — period publication,,Chronological issue pass,PreviousPage exposes indexed text for BMX Action Bike — August/September 1982 — Volume 2 Number 3. This record preserves an issue-specific source occurrence and paraphrased factual details. Page-image comparison remains required before exact-layout quotation or visual identity merging.,HIGH,INDEX-ONLY,INCLUDED — indexed issue text; visual comparison pending.,https://previouspage.co.uk/magazines/BMX%20Action%20Bike/issues/57-august%2Fseptember-eighty-two,,patterson chromoly frame and fork advertisement august september 1982,,RETAIN — issue-specific occurrence pending visual comparison,Indexed page 51. Image: do not reproduce scan. Text: paraphrase facts and clearly paired prices only.,2026-07-31
EPH-0133,v1.1 chronological census,V11-ABMX-0072,Retailer advertisement / price list,KHS Duster four-model range and RRPs,1982,1982,August/September 1982,KHS; Action Bike Distributing,"Distributor advertisement listing Duster 100, 200, 300, and 506 models and recommended prices.",United Kingdom,Not applicable — period publication,,Chronological issue pass,PreviousPage exposes indexed text for BMX Action Bike — August/September 1982 — Volume 2 Number 3. This record preserves an issue-specific source occurrence and paraphrased factual details. Page-image comparison remains required before exact-layout quotation or visual identity merging.,HIGH,INDEX-ONLY,INCLUDED — indexed issue text; visual comparison pending.,https://previouspage.co.uk/magazines/BMX%20Action%20Bike/issues/57-august%2Fseptember-eighty-two,,khs duster four model range and rrps august september 1982,,RETAIN — issue-specific occurrence pending visual comparison,Indexed page 51. Image: do not reproduce scan. Text: paraphrase facts and clearly paired prices only.,2026-07-31
EPH-0134,v1.1 chronological census,V11-ABMX-0073,Product literature,SJK Hurricane distributor announcement,1982,1982,August/September 1982,SJK Products; Action Bike Distributing,Distributor advertisement for the British-built SJK Hurricane and dealer territories.,United Kingdom,Not applicable — period publication,,Chronological issue pass,PreviousPage exposes indexed text for BMX Action Bike — August/September 1982 — Volume 2 Number 3. This record preserves an issue-specific source occurrence and paraphrased factual details. Page-image comparison remains required before exact-layout quotation or visual identity merging.,MEDIUM-HIGH,INDEX-ONLY,INCLUDED — indexed issue text; visual comparison pending.,https://previouspage.co.uk/magazines/BMX%20Action%20Bike/issues/57-august%2Fseptember-eighty-two,,sjk hurricane distributor announcement august september 1982,,RETAIN — issue-specific occurrence pending visual comparison,Indexed page 51. Image: do not reproduce scan. Text: paraphrase facts and clearly paired prices only.,2026-07-31
EPH-0135,v1.1 chronological census,V11-ABMX-0074,Dealer/shop advertisement,Summer chrome-plating service advertisement,1982,1982,August/September 1982,Dartford cycle retailer,Seasonal service advertisement offering chrome plating for BMX bicycles.,United Kingdom,Not applicable — period publication,,Chronological issue pass,PreviousPage exposes indexed text for BMX Action Bike — August/September 1982 — Volume 2 Number 3. This record preserves an issue-specific source occurrence and paraphrased factual details. Page-image comparison remains required before exact-layout quotation or visual identity merging.,MEDIUM,INDEX-ONLY,INCLUDED — indexed issue text; visual comparison pending.,https://previouspage.co.uk/magazines/BMX%20Action%20Bike/issues/57-august%2Fseptember-eighty-two,,summer chrome plating service advertisement august september 1982,,RETAIN — issue-specific occurrence pending visual comparison,Indexed page 51. Image: do not reproduce scan. Text: paraphrase facts and clearly paired prices only.,2026-07-31
EPH-0136,v1.1 chronological census,V11-ABMX-0075,Catalog mailer,Twenty-pence BMX catalogue mailer,1982,1982,August/September 1982,Dartford cycle retailer,Mail-order BMX catalogue offer requiring a 20-pence stamp.,United Kingdom,Not applicable — period publication,,Chronological issue pass,PreviousPage exposes indexed text for BMX Action Bike — August/September 1982 — Volume 2 Number 3. This record preserves an issue-specific source occurrence and paraphrased factual details. Page-image comparison remains required before exact-layout quotation or visual identity merging.,HIGH,INDEX-ONLY,INCLUDED — indexed issue text; visual comparison pending.,https://previouspage.co.uk/magazines/BMX%20Action%20Bike/issues/57-august%2Fseptember-eighty-two,,twenty pence bmx catalogue mailer august september 1982,,RETAIN — issue-specific occurrence pending visual comparison,Indexed page 51. Image: do not reproduce scan. Text: paraphrase facts and clearly paired prices only.,2026-07-31
EPH-0137,v1.1 chronological census,V11-ABMX-0076,Magazine advertisement,Puch Murray competition BMX range advertisement,1982,1982,October/November 1982,Puch Murray,Brand advertisement for 20-inch and 24-inch BMX models with component and warranty claims.,United Kingdom,Not applicable — period publication,,Chronological issue pass,PreviousPage exposes indexed text for BMX Action Bike — October/November 1982 — Volume 2 Number 4. This record preserves an issue-specific source occurrence and paraphrased factual details. Page-image comparison remains required before exact-layout quotation or visual identity merging.,HIGH,INDEX-ONLY,INCLUDED — indexed issue text; visual comparison pending.,https://previouspage.co.uk/magazines/BMX%20Action%20Bike/issues/25-october%2Fnovember-eighty-two,,puch murray competition bmx range advertisement october november 1982,,RETAIN — issue-specific occurrence pending visual comparison,Indexed page 2. Image: do not reproduce scan. Text: paraphrase facts and clearly paired prices only.,2026-07-31
EPH-0138,v1.1 chronological census,V11-ABMX-0077,Magazine advertisement,Redline 400 Series durability advertisement,1982,1982,October/November 1982,Redline; Gecko,UK distributor advertisement promoting Redline 400 Series durability.,United Kingdom,Not applicable — period publication,,Chronological issue pass,PreviousPage exposes indexed text for BMX Action Bike — October/November 1982 — Volume 2 Number 4. This record preserves an issue-specific source occurrence and paraphrased factual details. Page-image comparison remains required before exact-layout quotation or visual identity merging.,MEDIUM-HIGH,INDEX-ONLY,INCLUDED — indexed issue text; visual comparison pending.,https://previouspage.co.uk/magazines/BMX%20Action%20Bike/issues/25-october%2Fnovember-eighty-two,,redline 400 series durability advertisement october november 1982,,RETAIN — issue-specific occurrence pending visual comparison,Indexed page 4. Image: do not reproduce scan. Text: paraphrase facts and clearly paired prices only.,2026-07-31
EPH-0139,v1.1 chronological census,V11-ABMX-0078,Retailer advertisement / price list,Hot Wheels BMX Centre Shimano price list,1982,1982,October/November 1982,Hot Wheels BMX Centre; Shimano,"Retail price listing for DX pedals, seatposts, levers, cranks, saddles, forks, and new imports.",United Kingdom,Not applicable — period publication,,Chronological issue pass,PreviousPage exposes indexed text for BMX Action Bike — October/November 1982 — Volume 2 Number 4. This record preserves an issue-specific source occurrence and paraphrased factual details. Page-image comparison remains required before exact-layout quotation or visual identity merging. Potential recurring-campaign relationship with EPH-0185 (Hot Wheels Centre retailer campaign); do not merge without page-image comparison.,HIGH,INDEX-ONLY,INCLUDED — indexed issue text; visual comparison pending.,https://previouspage.co.uk/magazines/BMX%20Action%20Bike/issues/25-october%2Fnovember-eighty-two,,hot wheels bmx centre shimano price list october november 1982,,REVIEW — recurring-campaign candidate; retain separately pending visual comparison,Indexed page 5. Image: do not reproduce scan. Text: paraphrase facts and clearly paired prices only.,2026-07-31
EPH-0140,v1.1 chronological census,V11-ABMX-0079,Product announcement / kit,Kuwahara E.T. Special product announcement,1982,1982,October/November 1982,Kuwahara; E.T.,News item announcing E.T.-themed Kuwahara bicycles for the UK market.,United Kingdom,Not applicable — period publication,,Chronological issue pass,PreviousPage exposes indexed text for BMX Action Bike — October/November 1982 — Volume 2 Number 4. This record preserves an issue-specific source occurrence and paraphrased factual details. Page-image comparison remains required before exact-layout quotation or visual identity merging.,HIGH,INDEX-ONLY,INCLUDED — indexed issue text; visual comparison pending.,https://previouspage.co.uk/magazines/BMX%20Action%20Bike/issues/25-october%2Fnovember-eighty-two,,kuwahara e t special product announcement october november 1982,,RETAIN — issue-specific occurrence pending visual comparison,Indexed page 6. Image: do not reproduce scan. Text: paraphrase facts and clearly paired prices only.,2026-07-31
EPH-0141,v1.1 chronological census,V11-ABMX-0080,Archive collection,BMX track-openings and construction logbook,1982,1982,October/November 1982,BMX Action Bike,Track-status roundup listing openings and planned facilities across Britain.,United Kingdom,Not applicable — period publication,,Chronological issue pass,PreviousPage exposes indexed text for BMX Action Bike — October/November 1982 — Volume 2 Number 4. This record preserves an issue-specific source occurrence and paraphrased factual details. Page-image comparison remains required before exact-layout quotation or visual identity merging.,HIGH,INDEX-ONLY,INCLUDED — indexed issue text; visual comparison pending.,https://previouspage.co.uk/magazines/BMX%20Action%20Bike/issues/25-october%2Fnovember-eighty-two,,bmx track openings and construction logbook october november 1982,,RETAIN — issue-specific occurrence pending visual comparison,Indexed pages 6–7. Image: do not reproduce scan. Text: paraphrase facts and clearly paired prices only.,2026-07-31
EPH-0142,v1.1 chronological census,V11-ABMX-0081,Dealer/shop advertisement,"Shiner Panda, SE Racing, and KHS range advertisement",1982,1982,October/November 1982,Shiner; SE Racing; Panda; KHS,"Distributor advertisement covering frames, complete bikes, components, and dealership enquiries.",United Kingdom,Not applicable — period publication,,Chronological issue pass,PreviousPage exposes indexed text for BMX Action Bike — October/November 1982 — Volume 2 Number 4. This record preserves an issue-specific source occurrence and paraphrased factual details. Page-image comparison remains required before exact-layout quotation or visual identity merging.,MEDIUM-HIGH,INDEX-ONLY,INCLUDED — indexed issue text; visual comparison pending.,https://previouspage.co.uk/magazines/BMX%20Action%20Bike/issues/25-october%2Fnovember-eighty-two,,shiner panda se racing and khs range advertisement october november 1982,,RETAIN — issue-specific occurrence pending visual comparison,Indexed page 6. Image: do not reproduce scan. Text: paraphrase facts and clearly paired prices only.,2026-07-31
EPH-0143,v1.1 chronological census,V11-ABMX-0082,Product literature,Adjustable car cycle-rack advertisement,1982,1982,October/November 1982,Retailer unresolved,Advertisement for an adjustable vehicle bicycle carrier with lashing straps.,United Kingdom,Not applicable — period publication,,Chronological issue pass,PreviousPage exposes indexed text for BMX Action Bike — October/November 1982 — Volume 2 Number 4. This record preserves an issue-specific source occurrence and paraphrased factual details. Page-image comparison remains required before exact-layout quotation or visual identity merging.,MEDIUM,INDEX-ONLY,INCLUDED — indexed issue text; visual comparison pending.,https://previouspage.co.uk/magazines/BMX%20Action%20Bike/issues/25-october%2Fnovember-eighty-two,,adjustable car cycle rack advertisement october november 1982,,RETAIN — issue-specific occurrence pending visual comparison,Indexed page 7. Image: do not reproduce scan. Text: paraphrase facts and clearly paired prices only.,2026-07-31
EPH-0144,v1.1 chronological census,V11-ABMX-0083,Product announcement / kit,Skyway Tuff wheels with alloy hubs launch,1982,1982,October/November 1982,Skyway; Hotshot BMX,Product announcement for lightweight alloy-hub Tuff wheels in multiple colors.,United Kingdom,Not applicable — period publication,,Chronological issue pass,PreviousPage exposes indexed text for BMX Action Bike — October/November 1982 — Volume 2 Number 4. This record preserves an issue-specific source occurrence and paraphrased factual details. Page-image comparison remains required before exact-layout quotation or visual identity merging.,HIGH,INDEX-ONLY,INCLUDED — indexed issue text; visual comparison pending.,https://previouspage.co.uk/magazines/BMX%20Action%20Bike/issues/25-october%2Fnovember-eighty-two,,skyway tuff wheels with alloy hubs launch october november 1982,,RETAIN — issue-specific occurrence pending visual comparison,Indexed page 8. Image: do not reproduce scan. Text: paraphrase facts and clearly paired prices only.,2026-07-31
EPH-0145,v1.1 chronological census,V11-ABMX-0084,Information-pack mailer,Skyway information and Andy Patterson poster mailer,1982,1982,October/November 1982,Skyway; Hotshot BMX; Andy Patterson,Free information and poster offer requiring a stamped addressed envelope.,United Kingdom,Not applicable — period publication,,Chronological issue pass,PreviousPage exposes indexed text for BMX Action Bike — October/November 1982 — Volume 2 Number 4. This record preserves an issue-specific source occurrence and paraphrased factual details. Page-image comparison remains required before exact-layout quotation or visual identity merging.,HIGH,INDEX-ONLY,INCLUDED — indexed issue text; visual comparison pending.,https://previouspage.co.uk/magazines/BMX%20Action%20Bike/issues/25-october%2Fnovember-eighty-two,,skyway information and andy patterson poster mailer october november 1982,,RETAIN — issue-specific occurrence pending visual comparison,Indexed page 8. Image: do not reproduce scan. Text: paraphrase facts and clearly paired prices only.,2026-07-31
EPH-0146,v1.1 chronological census,V11-ABMX-0085,Contest entry form / promotion,Alpine Action one-hundred-pound advertisement-design contest,1982,1982,October/November 1982,Alpine Action; BMX Action Bike,Reader contest to design a one-page Alpine Action advertisement for a cash prize.,United Kingdom,Not applicable — period publication,,Chronological issue pass,PreviousPage exposes indexed text for BMX Action Bike — October/November 1982 — Volume 2 Number 4. This record preserves an issue-specific source occurrence and paraphrased factual details. Page-image comparison remains required before exact-layout quotation or visual identity merging.,HIGH,INDEX-ONLY,INCLUDED — indexed issue text; visual comparison pending.,https://previouspage.co.uk/magazines/BMX%20Action%20Bike/issues/25-october%2Fnovember-eighty-two,,alpine action one hundred pound advertisement design contest october november 1982,,RETAIN — issue-specific occurrence pending visual comparison,Indexed page 8. Image: do not reproduce scan. Text: paraphrase facts and clearly paired prices only.,2026-07-31
EPH-0147,v1.1 chronological census,V11-ABMX-0086,Catalog mailer / advertisement,Murray and Puch test-range mailer with free membership,1982,1982,October/November 1982,Murray; Puch,Dealer offer for a full model list and free membership with every bicycle purchased.,United Kingdom,Not applicable — period publication,,Chronological issue pass,PreviousPage exposes indexed text for BMX Action Bike — October/November 1982 — Volume 2 Number 4. This record preserves an issue-specific source occurrence and paraphrased factual details. Page-image comparison remains required before exact-layout quotation or visual identity merging.,HIGH,INDEX-ONLY,INCLUDED — indexed issue text; visual comparison pending.,https://previouspage.co.uk/magazines/BMX%20Action%20Bike/issues/25-october%2Fnovember-eighty-two,,murray and puch test range mailer with free membership october november 1982,,RETAIN — issue-specific occurrence pending visual comparison,Indexed page 8. Image: do not reproduce scan. Text: paraphrase facts and clearly paired prices only.,2026-07-31
EPH-0148,v1.1 chronological census,V11-ABMX-0087,Information-pack mailer,BMX Action Bike race-shirt mailer,1982,1982,October/November 1982,BMX Action Bike,Direct mail-order offer for the magazine's blue-and-yellow cotton race shirt.,United Kingdom,Not applicable — period publication,,Chronological issue pass,PreviousPage exposes indexed text for BMX Action Bike — October/November 1982 — Volume 2 Number 4. This record preserves an issue-specific source occurrence and paraphrased factual details. Page-image comparison remains required before exact-layout quotation or visual identity merging.,HIGH,INDEX-ONLY,INCLUDED — indexed issue text; visual comparison pending.,https://previouspage.co.uk/magazines/BMX%20Action%20Bike/issues/25-october%2Fnovember-eighty-two,,bmx action bike race shirt mailer october november 1982,,RETAIN — issue-specific occurrence pending visual comparison,Indexed page 10. Image: do not reproduce scan. Text: paraphrase facts and clearly paired prices only.,2026-07-31
EPH-0149,v1.1 chronological census,V11-ABMX-0088,Product-history object,E.T. film and Kuwahara bicycle feature,1982,1982,October/November 1982,E.T.; Kuwahara; Steven Spielberg,Editorial feature connecting the film's bicycle scenes to special Kuwahara models.,United Kingdom,Not applicable — period publication,,Chronological issue pass,PreviousPage exposes indexed text for BMX Action Bike — October/November 1982 — Volume 2 Number 4. This record preserves an issue-specific source occurrence and paraphrased factual details. Page-image comparison remains required before exact-layout quotation or visual identity merging.,HIGH,INDEX-ONLY,INCLUDED — indexed issue text; visual comparison pending.,https://previouspage.co.uk/magazines/BMX%20Action%20Bike/issues/25-october%2Fnovember-eighty-two,,e t film and kuwahara bicycle feature october november 1982,,RETAIN — issue-specific occurrence pending visual comparison,Indexed pages 10–11. Image: do not reproduce scan. Text: paraphrase facts and clearly paired prices only.,2026-07-31
EPH-0150,v1.1 chronological census,V11-ABMX-0089,Information-pack mailer,Pro-Lite information-pack and decal mailer,1982,1982,October/November 1982,Pro-Lite; Freewheeler Leisure Products,Factory-direct information-pack and decal offer for Pro-Lite protective equipment.,United Kingdom,Not applicable — period publication,,Chronological issue pass,PreviousPage exposes indexed text for BMX Action Bike — October/November 1982 — Volume 2 Number 4. This record preserves an issue-specific source occurrence and paraphrased factual details. Page-image comparison remains required before exact-layout quotation or visual identity merging.,HIGH,INDEX-ONLY,INCLUDED — indexed issue text; visual comparison pending.,https://previouspage.co.uk/magazines/BMX%20Action%20Bike/issues/25-october%2Fnovember-eighty-two,,pro lite information pack and decal mailer october november 1982,,RETAIN — issue-specific occurrence pending visual comparison,Indexed page 11. Image: do not reproduce scan. Text: paraphrase facts and clearly paired prices only.,2026-07-31
EPH-0151,v1.1 chronological census,V11-ABMX-0090,Contest entry form / promotion,ABMX Bonanza reader survey competition,1982,1982,October/November 1982,BMX Action Bike,"Large reader survey tied to more than fifty bicycle, frame, clothing, and component prizes.",United Kingdom,Not applicable — period publication,,Chronological issue pass,PreviousPage exposes indexed text for BMX Action Bike — October/November 1982 — Volume 2 Number 4. This record preserves an issue-specific source occurrence and paraphrased factual details. Page-image comparison remains required before exact-layout quotation or visual identity merging.,HIGH,INDEX-ONLY,INCLUDED — indexed issue text; visual comparison pending.,https://previouspage.co.uk/magazines/BMX%20Action%20Bike/issues/25-october%2Fnovember-eighty-two,,abmx bonanza reader survey competition october november 1982,,RETAIN — issue-specific occurrence pending visual comparison,Indexed pages 12–13. Image: do not reproduce scan. Text: paraphrase facts and clearly paired prices only.,2026-07-31
EPH-0152,v1.1 chronological census,V11-ABMX-0091,Event prize promotion,AMF Scorcher 7 reader-survey prize,1982,1982,October/November 1982,AMF; BMX Action Bike,Top prize record for an AMF Scorcher 7 bicycle in the ABMX Bonanza.,United Kingdom,Not applicable — period publication,,Chronological issue pass,PreviousPage exposes indexed text for BMX Action Bike — October/November 1982 — Volume 2 Number 4. This record preserves an issue-specific source occurrence and paraphrased factual details. Page-image comparison remains required before exact-layout quotation or visual identity merging.,HIGH,INDEX-ONLY,INCLUDED — indexed issue text; visual comparison pending.,https://previouspage.co.uk/magazines/BMX%20Action%20Bike/issues/25-october%2Fnovember-eighty-two,,amf scorcher 7 reader survey prize october november 1982,,RETAIN — issue-specific occurrence pending visual comparison,Indexed page 12. Image: do not reproduce scan. Text: paraphrase facts and clearly paired prices only.,2026-07-31
EPH-0153,v1.1 chronological census,V11-ABMX-0092,Event prize promotion,Reynolds 531 BMX frame-and-fork survey prize,1982,1982,October/November 1982,Reynolds; BMX Action Bike,Second-prize record for a custom Reynolds 531 BMX frame and fork set.,United Kingdom,Not applicable — period publication,,Chronological issue pass,PreviousPage exposes indexed text for BMX Action Bike — October/November 1982 — Volume 2 Number 4. This record preserves an issue-specific source occurrence and paraphrased factual details. Page-image comparison remains required before exact-layout quotation or visual identity merging.,HIGH,INDEX-ONLY,INCLUDED — indexed issue text; visual comparison pending.,https://previouspage.co.uk/magazines/BMX%20Action%20Bike/issues/25-october%2Fnovember-eighty-two,,reynolds 531 bmx frame and fork survey prize october november 1982,,RETAIN — issue-specific occurrence pending visual comparison,Indexed page 12. Image: do not reproduce scan. Text: paraphrase facts and clearly paired prices only.,2026-07-31
EPH-0154,v1.1 chronological census,V11-ABMX-0093,Team/product advertisement,Team Mongoose factory-direct value advertisement,1982,1982,October/November 1982,Mongoose; Ammaco,Team-linked advertisement for a Mongoose race bicycle and factory-direct value positioning.,United Kingdom,Not applicable — period publication,,Chronological issue pass,PreviousPage exposes indexed text for BMX Action Bike — October/November 1982 — Volume 2 Number 4. This record preserves an issue-specific source occurrence and paraphrased factual details. Page-image comparison remains required before exact-layout quotation or visual identity merging.,MEDIUM-HIGH,INDEX-ONLY,INCLUDED — indexed issue text; visual comparison pending.,https://previouspage.co.uk/magazines/BMX%20Action%20Bike/issues/25-october%2Fnovember-eighty-two,,team mongoose factory direct value advertisement october november 1982,,RETAIN — issue-specific occurrence pending visual comparison,Indexed page 12. Image: do not reproduce scan. Text: paraphrase facts and clearly paired prices only.,2026-07-31
EPH-0155,v1.1 chronological census,V11-ABMX-0094,Product literature,ABMX race nutrition and training article,1982,1982,October/November 1982,BMX Action Bike,"Instructional article on race-day nutrition, protein, carbohydrate, hydration, and preparation.",United Kingdom,Not applicable — period publication,,Chronological issue pass,PreviousPage exposes indexed text for BMX Action Bike — October/November 1982 — Volume 2 Number 4. This record preserves an issue-specific source occurrence and paraphrased factual details. Page-image comparison remains required before exact-layout quotation or visual identity merging.,MEDIUM-HIGH,INDEX-ONLY,INCLUDED — indexed issue text; visual comparison pending.,https://previouspage.co.uk/magazines/BMX%20Action%20Bike/issues/25-october%2Fnovember-eighty-two,,abmx race nutrition and training article october november 1982,,RETAIN — issue-specific occurrence pending visual comparison,Indexed page 15. Image: do not reproduce scan. Text: paraphrase facts and clearly paired prices only.,2026-07-31
EPH-0156,v1.1 chronological census,V11-ABMX-0095,Retailer advertisement / price list,BMX Invader and Action Bikes monthly specials,1982,1982,October/November 1982,BMX Invader; Action Bikes,Dealer advertisement with complete-bike and component specials plus custom-build and credit options.,United Kingdom,Not applicable — period publication,,Chronological issue pass,PreviousPage exposes indexed text for BMX Action Bike — October/November 1982 — Volume 2 Number 4. This record preserves an issue-specific source occurrence and paraphrased factual details. Page-image comparison remains required before exact-layout quotation or visual identity merging.,HIGH,INDEX-ONLY,INCLUDED — indexed issue text; visual comparison pending.,https://previouspage.co.uk/magazines/BMX%20Action%20Bike/issues/25-october%2Fnovember-eighty-two,,bmx invader and action bikes monthly specials october november 1982,,RETAIN — issue-specific occurrence pending visual comparison,Indexed page 15. Image: do not reproduce scan. Text: paraphrase facts and clearly paired prices only.,2026-07-31
EPH-0157,v1.1 chronological census,V11-ABMX-0096,Product-history object,Huffy Pro Lightning preview,1982,1982,October/November 1982,Huffy,Early publication feature introducing the Huffy Pro Lightning.,United Kingdom,Not applicable — period publication,,Chronological issue pass,PreviousPage exposes indexed text for BMX Action Bike — October/November 1982 — Volume 2 Number 4. This record preserves an issue-specific source occurrence and paraphrased factual details. Page-image comparison remains required before exact-layout quotation or visual identity merging.,MEDIUM-HIGH,INDEX-ONLY,INCLUDED — indexed issue text; visual comparison pending.,https://previouspage.co.uk/magazines/BMX%20Action%20Bike/issues/25-october%2Fnovember-eighty-two,,huffy pro lightning preview october november 1982,,RETAIN — issue-specific occurrence pending visual comparison,Indexed pages 17–18. Image: do not reproduce scan. Text: paraphrase facts and clearly paired prices only.,2026-07-31
EPH-0158,v1.1 chronological census,V11-ABMX-0097,Event notice / contact flyer,Stolen Kuwahara notice and subscription reward,1982,1982,October/November 1982,BMX Action Bike; Kuwahara,Lost-bike notice offering a free magazine subscription for useful recovery information.,United Kingdom,Not applicable — period publication,,Chronological issue pass,PreviousPage exposes indexed text for BMX Action Bike — October/November 1982 — Volume 2 Number 4. This record preserves an issue-specific source occurrence and paraphrased factual details. Page-image comparison remains required before exact-layout quotation or visual identity merging.,MEDIUM-HIGH,INDEX-ONLY,INCLUDED — indexed issue text; visual comparison pending.,https://previouspage.co.uk/magazines/BMX%20Action%20Bike/issues/25-october%2Fnovember-eighty-two,,stolen kuwahara notice and subscription reward october november 1982,,RETAIN — issue-specific occurrence pending visual comparison,Indexed section located; exact page number remains pending page-image review. Indexed letters section. Image: do not reproduce scan. Text: paraphrase facts and clearly paired prices only.,2026-07-31
EPH-0159,v1.1 chronological census,V11-ABMX-0098,Information-pack mailer,Diamond Back Silver Streak information-pack placement,1982,1982,October/November 1982,Diamond Back; Pro-Star; Freewheeler,Issue-specific placement of the free Diamond Back and Pro-Star information pack and decal.,United Kingdom,Not applicable — period publication,,Chronological issue pass,PreviousPage exposes indexed text for BMX Action Bike — October/November 1982 — Volume 2 Number 4. This record preserves an issue-specific source occurrence and paraphrased factual details. Page-image comparison remains required before exact-layout quotation or visual identity merging. Potential recurring-campaign relationship with EPH-0110 (Diamond Back Silver Streak information-pack campaign); do not merge without page-image comparison.,HIGH,INDEX-ONLY,INCLUDED — indexed issue text; visual comparison pending.,https://previouspage.co.uk/magazines/BMX%20Action%20Bike/issues/25-october%2Fnovember-eighty-two,,diamond back silver streak information pack placement october november 1982,,REVIEW — recurring-campaign candidate; retain separately pending visual comparison,Indexed page 29. Image: do not reproduce scan. Text: paraphrase facts and clearly paired prices only.,2026-07-31
EPH-0160,v1.1 chronological census,V11-ABMX-0099,Factory-team history,Kuwahara one-hundred-rider team recruitment offer,1982,1982,October/November 1982,Kuwahara; Gecko,"Team-recruitment promotion offering clothing, stickers, patches, cap, and equipment discounts.",United Kingdom,Not applicable — period publication,,Chronological issue pass,PreviousPage exposes indexed text for BMX Action Bike — October/November 1982 — Volume 2 Number 4. This record preserves an issue-specific source occurrence and paraphrased factual details. Page-image comparison remains required before exact-layout quotation or visual identity merging.,HIGH,INDEX-ONLY,INCLUDED — indexed issue text; visual comparison pending.,https://previouspage.co.uk/magazines/BMX%20Action%20Bike/issues/25-october%2Fnovember-eighty-two,,kuwahara one hundred rider team recruitment offer october november 1982,,RETAIN — issue-specific occurrence pending visual comparison,Indexed page 30. Image: do not reproduce scan. Text: paraphrase facts and clearly paired prices only.,2026-07-31
EPH-0161,v1.1 chronological census,V11-ABMX-0100,Dealer/shop advertisement,Holdsworth BMX Centres multi-brand advertisement,1982,1982,October/November 1982,Holdsworth BMX Centres,"Three-location dealer advertisement listing complete bikes, frames, wheels, components, and clothing.",United Kingdom,Not applicable — period publication,,Chronological issue pass,PreviousPage exposes indexed text for BMX Action Bike — October/November 1982 — Volume 2 Number 4. This record preserves an issue-specific source occurrence and paraphrased factual details. Page-image comparison remains required before exact-layout quotation or visual identity merging. Potential recurring-campaign relationship with EPH-0196 (Holdsworth multi-brand retailer campaign); do not merge without page-image comparison.,MEDIUM-HIGH,INDEX-ONLY,INCLUDED — indexed issue text; visual comparison pending.,https://previouspage.co.uk/magazines/BMX%20Action%20Bike/issues/25-october%2Fnovember-eighty-two,,holdsworth bmx centres multi brand advertisement october november 1982,,REVIEW — recurring-campaign candidate; retain separately pending visual comparison,Indexed page 30. Image: do not reproduce scan. Text: paraphrase facts and clearly paired prices only.,2026-07-31
EPH-0162,v1.1 chronological census,V11-ABMX-0101,Dealer advertisement / price-list lead,Bolton BMXmas Club Supadeal,1982,1982,October/November 1982,Bolton BMX Centre,"Seasonal club and layaway-style offer with storage, gifts, delivery, exchanges, and credit terms.",United Kingdom,Not applicable — period publication,,Chronological issue pass,PreviousPage exposes indexed text for BMX Action Bike — October/November 1982 — Volume 2 Number 4. This record preserves an issue-specific source occurrence and paraphrased factual details. Page-image comparison remains required before exact-layout quotation or visual identity merging.,HIGH,INDEX-ONLY,INCLUDED — indexed issue text; visual comparison pending.,https://previouspage.co.uk/magazines/BMX%20Action%20Bike/issues/25-october%2Fnovember-eighty-two,,bolton bmxmas club supadeal october november 1982,,RETAIN — issue-specific occurrence pending visual comparison,Indexed page 30. Image: do not reproduce scan. Text: paraphrase facts and clearly paired prices only.,2026-07-31
EPH-0163,v1.1 chronological census,V11-ABMX-0102,Product-history object,Haro number-plate heritage advertisement,1982,1982,October/November 1982,Haro Designs,Advertisement connecting Haro plate design history to major sponsored riders.,United Kingdom,Not applicable — period publication,,Chronological issue pass,PreviousPage exposes indexed text for BMX Action Bike — October/November 1982 — Volume 2 Number 4. This record preserves an issue-specific source occurrence and paraphrased factual details. Page-image comparison remains required before exact-layout quotation or visual identity merging.,HIGH,INDEX-ONLY,INCLUDED — indexed issue text; visual comparison pending.,https://previouspage.co.uk/magazines/BMX%20Action%20Bike/issues/25-october%2Fnovember-eighty-two,,haro number plate heritage advertisement october november 1982,,RETAIN — issue-specific occurrence pending visual comparison,Indexed page 25. Image: do not reproduce scan. Text: paraphrase facts and clearly paired prices only.,2026-07-31
EPH-0164,v1.1 chronological census,V11-ABMX-0103,Product literature,SunTour HB-6000 reversible rear-hub product literature,1982,1982,October/November 1982,SunTour; Ron Kitching,Technical product advertisement for a double-threaded large-flange rear hub.,United Kingdom,Not applicable — period publication,,Chronological issue pass,PreviousPage exposes indexed text for BMX Action Bike — October/November 1982 — Volume 2 Number 4. This record preserves an issue-specific source occurrence and paraphrased factual details. Page-image comparison remains required before exact-layout quotation or visual identity merging.,HIGH,INDEX-ONLY,INCLUDED — indexed issue text; visual comparison pending.,https://previouspage.co.uk/magazines/BMX%20Action%20Bike/issues/25-october%2Fnovember-eighty-two,,suntour hb 6000 reversible rear hub product literature october november 1982,,RETAIN — issue-specific occurrence pending visual comparison,Indexed page 38. Image: do not reproduce scan. Text: paraphrase facts and clearly paired prices only.,2026-07-31
EPH-0165,v1.1 chronological census,V11-ABMX-0104,Product literature,Troxel Comet saddle-and-post advertisement,1982,1982,October/November 1982,Troxel,Product advertisement for an integrated nylon saddle and chromoly post assembly.,United Kingdom,Not applicable — period publication,,Chronological issue pass,PreviousPage exposes indexed text for BMX Action Bike — October/November 1982 — Volume 2 Number 4. This record preserves an issue-specific source occurrence and paraphrased factual details. Page-image comparison remains required before exact-layout quotation or visual identity merging.,HIGH,INDEX-ONLY,INCLUDED — indexed issue text; visual comparison pending.,https://previouspage.co.uk/magazines/BMX%20Action%20Bike/issues/25-october%2Fnovember-eighty-two,,troxel comet saddle and post advertisement october november 1982,,RETAIN — issue-specific occurrence pending visual comparison,Indexed page 42. Image: do not reproduce scan. Text: paraphrase facts and clearly paired prices only.,2026-07-31
EPH-0166,v1.1 chronological census,V11-ABMX-0105,Product literature,Shimano DX platform-pedal advertisement,1982,1983,December 1982/January 1983,Shimano,Technical advertisement describing the concave parallelogram platform and stud layout of DX pedals.,United Kingdom,Not applicable — period publication,,Chronological issue pass,PreviousPage exposes indexed text for BMX Action Bike — December 1982/January 1983 — Volume 2 Number 5. This record preserves an issue-specific source occurrence and paraphrased factual details. Page-image comparison remains required before exact-layout quotation or visual identity merging.,HIGH,INDEX-ONLY,INCLUDED — indexed issue text; visual comparison pending.,https://previouspage.co.uk/magazines/BMX%20Action%20Bike/issues/58-december%2Fjanuary-eighty-two,,shimano dx platform pedal advertisement december 1982 january 1983,,RETAIN — issue-specific occurrence pending visual comparison,Indexed page 2. Image: do not reproduce scan. Text: paraphrase facts and clearly paired prices only.,2026-07-31
EPH-0167,v1.1 chronological census,V11-ABMX-0106,Product announcement / kit,Shimano DX micro-adjust seatpost announcement,1982,1983,December 1982/January 1983,Shimano,Companion product announcement for a one-key micro-adjust alloy seatpost.,United Kingdom,Not applicable — period publication,,Chronological issue pass,PreviousPage exposes indexed text for BMX Action Bike — December 1982/January 1983 — Volume 2 Number 5. This record preserves an issue-specific source occurrence and paraphrased factual details. Page-image comparison remains required before exact-layout quotation or visual identity merging.,MEDIUM-HIGH,INDEX-ONLY,INCLUDED — indexed issue text; visual comparison pending.,https://previouspage.co.uk/magazines/BMX%20Action%20Bike/issues/58-december%2Fjanuary-eighty-two,,shimano dx micro adjust seatpost announcement december 1982 january 1983,,RETAIN — issue-specific occurrence pending visual comparison,Indexed page 2. Image: do not reproduce scan. Text: paraphrase facts and clearly paired prices only.,2026-07-31
EPH-0168,v1.1 chronological census,V11-ABMX-0107,Information-pack mailer,Pro-Lite protective-equipment information-pack placement,1982,1983,December 1982/January 1983,Pro-Lite; Freewheeler,Issue-specific factory mailer for a free Pro-Lite information pack and decal.,United Kingdom,Not applicable — period publication,,Chronological issue pass,PreviousPage exposes indexed text for BMX Action Bike — December 1982/January 1983 — Volume 2 Number 5. This record preserves an issue-specific source occurrence and paraphrased factual details. Page-image comparison remains required before exact-layout quotation or visual identity merging.,HIGH,INDEX-ONLY,INCLUDED — indexed issue text; visual comparison pending.,https://previouspage.co.uk/magazines/BMX%20Action%20Bike/issues/58-december%2Fjanuary-eighty-two,,pro lite protective equipment information pack placement december 1982 january 1983,,RETAIN — issue-specific occurrence pending visual comparison,Indexed page 7. Image: do not reproduce scan. Text: paraphrase facts and clearly paired prices only.,2026-07-31
EPH-0169,v1.1 chronological census,V11-ABMX-0108,Retailer advertisement / price list,Halfords California BMX model-range price advertisement,1982,1983,December 1982/January 1983,Halfords; California,"Retail advertisement listing California, California Star, California Trax Pro, and Turbo 20X models.",United Kingdom,Not applicable — period publication,,Chronological issue pass,PreviousPage exposes indexed text for BMX Action Bike — December 1982/January 1983 — Volume 2 Number 5. This record preserves an issue-specific source occurrence and paraphrased factual details. Page-image comparison remains required before exact-layout quotation or visual identity merging.,HIGH,INDEX-ONLY,INCLUDED — indexed issue text; visual comparison pending.,https://previouspage.co.uk/magazines/BMX%20Action%20Bike/issues/58-december%2Fjanuary-eighty-two,,halfords california bmx model range price advertisement december 1982 january 1983,,RETAIN — issue-specific occurrence pending visual comparison,Indexed page 8. Image: do not reproduce scan. Text: paraphrase facts and clearly paired prices only.,2026-07-31
EPH-0170,v1.1 chronological census,V11-ABMX-0109,Event prize promotion,Halfords Raleigh Burner and free Haro plate promotion,1982,1983,December 1982/January 1983,Halfords; Raleigh; Haro,Retail promotion pairing Raleigh Burner availability with a free Haro number plate.,United Kingdom,Not applicable — period publication,,Chronological issue pass,PreviousPage exposes indexed text for BMX Action Bike — December 1982/January 1983 — Volume 2 Number 5. This record preserves an issue-specific source occurrence and paraphrased factual details. Page-image comparison remains required before exact-layout quotation or visual identity merging.,HIGH,INDEX-ONLY,INCLUDED — indexed issue text; visual comparison pending.,https://previouspage.co.uk/magazines/BMX%20Action%20Bike/issues/58-december%2Fjanuary-eighty-two,,halfords raleigh burner and free haro plate promotion december 1982 january 1983,,RETAIN — issue-specific occurrence pending visual comparison,Indexed page 8. Image: do not reproduce scan. Text: paraphrase facts and clearly paired prices only.,2026-07-31
EPH-0171,v1.1 chronological census,V11-ABMX-0110,Event notice / contact flyer,British and world BMX wheelie-record attempt notice,1982,1983,December 1982/January 1983,Lee Cooper; BMX Action Bike,Event notice for British and world wheelie-record attempts at Pickett's Lock.,United Kingdom,Not applicable — period publication,,Chronological issue pass,PreviousPage exposes indexed text for BMX Action Bike — December 1982/January 1983 — Volume 2 Number 5. This record preserves an issue-specific source occurrence and paraphrased factual details. Page-image comparison remains required before exact-layout quotation or visual identity merging.,HIGH,INDEX-ONLY,INCLUDED — indexed issue text; visual comparison pending.,https://previouspage.co.uk/magazines/BMX%20Action%20Bike/issues/58-december%2Fjanuary-eighty-two,,british and world bmx wheelie record attempt notice december 1982 january 1983,,RETAIN — issue-specific occurrence pending visual comparison,Indexed page 10. Image: do not reproduce scan. Text: paraphrase facts and clearly paired prices only.,2026-07-31
EPH-0172,v1.1 chronological census,V11-ABMX-0111,Event notice / contact flyer,British and world bunnyhop-record attempt notice,1982,1983,December 1982/January 1983,Lee Cooper; BMX Action Bike,Event notice for British and world bunnyhop-record attempts.,United Kingdom,Not applicable — period publication,,Chronological issue pass,PreviousPage exposes indexed text for BMX Action Bike — December 1982/January 1983 — Volume 2 Number 5. This record preserves an issue-specific source occurrence and paraphrased factual details. Page-image comparison remains required before exact-layout quotation or visual identity merging.,HIGH,INDEX-ONLY,INCLUDED — indexed issue text; visual comparison pending.,https://previouspage.co.uk/magazines/BMX%20Action%20Bike/issues/58-december%2Fjanuary-eighty-two,,british and world bunnyhop record attempt notice december 1982 january 1983,,RETAIN — issue-specific occurrence pending visual comparison,Indexed page 10. Image: do not reproduce scan. Text: paraphrase facts and clearly paired prices only.,2026-07-31
EPH-0173,v1.1 chronological census,V11-ABMX-0112,Event flyer / trade-exhibition notice,Lee Cooper BMX coaching clinic,1982,1983,December 1982/January 1983,Lee Cooper; BMX Action Bike,Indoor coaching clinic led by expert riders as part of the Grand Prix program.,United Kingdom,Not applicable — period publication,,Chronological issue pass,PreviousPage exposes indexed text for BMX Action Bike — December 1982/January 1983 — Volume 2 Number 5. This record preserves an issue-specific source occurrence and paraphrased factual details. Page-image comparison remains required before exact-layout quotation or visual identity merging.,HIGH,INDEX-ONLY,INCLUDED — indexed issue text; visual comparison pending.,https://previouspage.co.uk/magazines/BMX%20Action%20Bike/issues/58-december%2Fjanuary-eighty-two,,lee cooper bmx coaching clinic december 1982 january 1983,,RETAIN — issue-specific occurrence pending visual comparison,Indexed section located; exact page number remains pending page-image review. Indexed event details. Image: do not reproduce scan. Text: paraphrase facts and clearly paired prices only.,2026-07-31
EPH-0174,v1.1 chronological census,V11-ABMX-0113,Event entry / pre-registration advertisement,Lee Cooper freestyle stunt competition,1982,1983,December 1982/January 1983,Lee Cooper; BMX Action Bike,Indoor freestyle competition with registration and prize details.,United Kingdom,Not applicable — period publication,,Chronological issue pass,PreviousPage exposes indexed text for BMX Action Bike — December 1982/January 1983 — Volume 2 Number 5. This record preserves an issue-specific source occurrence and paraphrased factual details. Page-image comparison remains required before exact-layout quotation or visual identity merging.,HIGH,INDEX-ONLY,INCLUDED — indexed issue text; visual comparison pending.,https://previouspage.co.uk/magazines/BMX%20Action%20Bike/issues/58-december%2Fjanuary-eighty-two,,lee cooper freestyle stunt competition december 1982 january 1983,,RETAIN — issue-specific occurrence pending visual comparison,Indexed section located; exact page number remains pending page-image review. Indexed event details. Image: do not reproduce scan. Text: paraphrase facts and clearly paired prices only.,2026-07-31
EPH-0175,v1.1 chronological census,V11-ABMX-0114,Factory-team history,Diamond Back Teamfinder race series launch,1982,1983,December 1982/January 1983,Diamond Back; Lee Cooper,Recruitment race series seeking new riders for Diamond Back's national team.,United Kingdom,Not applicable — period publication,,Chronological issue pass,PreviousPage exposes indexed text for BMX Action Bike — December 1982/January 1983 — Volume 2 Number 5. This record preserves an issue-specific source occurrence and paraphrased factual details. Page-image comparison remains required before exact-layout quotation or visual identity merging.,HIGH,INDEX-ONLY,INCLUDED — indexed issue text; visual comparison pending.,https://previouspage.co.uk/magazines/BMX%20Action%20Bike/issues/58-december%2Fjanuary-eighty-two,,diamond back teamfinder race series launch december 1982 january 1983,,RETAIN — issue-specific occurrence pending visual comparison,Indexed section located; exact page number remains pending page-image review. Indexed event details. Image: do not reproduce scan. Text: paraphrase facts and clearly paired prices only.,2026-07-31
EPH-0176,v1.1 chronological census,V11-ABMX-0115,Contest entry form,First National BMX Poll ballot,1982,1983,December 1982/January 1983,BMX Action Bike,"Reader ballot for best rider, team, track, and other national BMX categories.",United Kingdom,Not applicable — period publication,,Chronological issue pass,PreviousPage exposes indexed text for BMX Action Bike — December 1982/January 1983 — Volume 2 Number 5. This record preserves an issue-specific source occurrence and paraphrased factual details. Page-image comparison remains required before exact-layout quotation or visual identity merging.,HIGH,INDEX-ONLY,INCLUDED — indexed issue text; visual comparison pending.,https://previouspage.co.uk/magazines/BMX%20Action%20Bike/issues/58-december%2Fjanuary-eighty-two,,first national bmx poll ballot december 1982 january 1983,,RETAIN — issue-specific occurrence pending visual comparison,Indexed pages 24–25. Image: do not reproduce scan. Text: paraphrase facts and clearly paired prices only.,2026-07-31
EPH-0177,v1.1 chronological census,V11-ABMX-0116,Event prize promotion,Diamond Back Turbo national-poll prize,1982,1983,December 1982/January 1983,Diamond Back; Harry Leary,Grand-prize record for a Diamond Back Turbo associated with Harry Leary.,United Kingdom,Not applicable — period publication,,Chronological issue pass,PreviousPage exposes indexed text for BMX Action Bike — December 1982/January 1983 — Volume 2 Number 5. This record preserves an issue-specific source occurrence and paraphrased factual details. Page-image comparison remains required before exact-layout quotation or visual identity merging.,HIGH,INDEX-ONLY,INCLUDED — indexed issue text; visual comparison pending.,https://previouspage.co.uk/magazines/BMX%20Action%20Bike/issues/58-december%2Fjanuary-eighty-two,,diamond back turbo national poll prize december 1982 january 1983,,RETAIN — issue-specific occurrence pending visual comparison,Indexed section located; exact page number remains pending page-image review. Indexed poll pages. Image: do not reproduce scan. Text: paraphrase facts and clearly paired prices only.,2026-07-31
EPH-0178,v1.1 chronological census,V11-ABMX-0117,Event prize promotion,Skyway Tuff II national-poll prize,1982,1983,December 1982/January 1983,Skyway,Second-prize record for lightweight Skyway Tuff II wheels.,United Kingdom,Not applicable — period publication,,Chronological issue pass,PreviousPage exposes indexed text for BMX Action Bike — December 1982/January 1983 — Volume 2 Number 5. This record preserves an issue-specific source occurrence and paraphrased factual details. Page-image comparison remains required before exact-layout quotation or visual identity merging.,HIGH,INDEX-ONLY,INCLUDED — indexed issue text; visual comparison pending.,https://previouspage.co.uk/magazines/BMX%20Action%20Bike/issues/58-december%2Fjanuary-eighty-two,,skyway tuff ii national poll prize december 1982 january 1983,,RETAIN — issue-specific occurrence pending visual comparison,Indexed section located; exact page number remains pending page-image review. Indexed poll pages. Image: do not reproduce scan. Text: paraphrase facts and clearly paired prices only.,2026-07-31
EPH-0179,v1.1 chronological census,V11-ABMX-0118,Event prize promotion,Bell lightweight helmet national-poll prize,1982,1983,December 1982/January 1983,Bell,Third-prize record for a lightweight Bell helmet not yet released in Britain.,United Kingdom,Not applicable — period publication,,Chronological issue pass,PreviousPage exposes indexed text for BMX Action Bike — December 1982/January 1983 — Volume 2 Number 5. This record preserves an issue-specific source occurrence and paraphrased factual details. Page-image comparison remains required before exact-layout quotation or visual identity merging.,HIGH,INDEX-ONLY,INCLUDED — indexed issue text; visual comparison pending.,https://previouspage.co.uk/magazines/BMX%20Action%20Bike/issues/58-december%2Fjanuary-eighty-two,,bell lightweight helmet national poll prize december 1982 january 1983,,RETAIN — issue-specific occurrence pending visual comparison,Indexed section located; exact page number remains pending page-image review. Indexed poll pages. Image: do not reproduce scan. Text: paraphrase facts and clearly paired prices only.,2026-07-31
EPH-0180,v1.1 chronological census,V11-ABMX-0119,Product literature,Asahi Action Spokes product advertisement,1982,1983,December 1982/January 1983,Asahi; Ron Kitching,Product advertisement for BMX-specific 14-gauge spokes in multiple finishes.,United Kingdom,Not applicable — period publication,,Chronological issue pass,PreviousPage exposes indexed text for BMX Action Bike — December 1982/January 1983 — Volume 2 Number 5. This record preserves an issue-specific source occurrence and paraphrased factual details. Page-image comparison remains required before exact-layout quotation or visual identity merging.,HIGH,INDEX-ONLY,INCLUDED — indexed issue text; visual comparison pending.,https://previouspage.co.uk/magazines/BMX%20Action%20Bike/issues/58-december%2Fjanuary-eighty-two,,asahi action spokes product advertisement december 1982 january 1983,,RETAIN — issue-specific occurrence pending visual comparison,Indexed page 20. Image: do not reproduce scan. Text: paraphrase facts and clearly paired prices only.,2026-07-31
EPH-0181,v1.1 chronological census,V11-ABMX-0120,Information-pack mailer,King Sticker five-sticker and jumbo-pack offer,1982,1983,December 1982/January 1983,King Sticker,Mail-order sticker packet offer with standard and jumbo options.,United Kingdom,Not applicable — period publication,,Chronological issue pass,PreviousPage exposes indexed text for BMX Action Bike — December 1982/January 1983 — Volume 2 Number 5. This record preserves an issue-specific source occurrence and paraphrased factual details. Page-image comparison remains required before exact-layout quotation or visual identity merging. Potential recurring-campaign relationship with EPH-0238 (King Sticker five-pack / jumbo-pack campaign); do not merge without page-image comparison.,HIGH,INDEX-ONLY,INCLUDED — indexed issue text; visual comparison pending.,https://previouspage.co.uk/magazines/BMX%20Action%20Bike/issues/58-december%2Fjanuary-eighty-two,,king sticker five sticker and jumbo pack offer december 1982 january 1983,,REVIEW — recurring-campaign candidate; retain separately pending visual comparison,Indexed page 20. Image: do not reproduce scan. Text: paraphrase facts and clearly paired prices only.,2026-07-31
EPH-0182,v1.1 chronological census,V11-ABMX-0121,Retailer advertisement / price list,Raleigh Pro Burner Christmas price promotion,1982,1983,December 1982/January 1983,Raleigh; Cycle Warehouse,Seasonal price promotion for the Raleigh Pro Burner.,United Kingdom,Not applicable — period publication,,Chronological issue pass,PreviousPage exposes indexed text for BMX Action Bike — December 1982/January 1983 — Volume 2 Number 5. This record preserves an issue-specific source occurrence and paraphrased factual details. Page-image comparison remains required before exact-layout quotation or visual identity merging.,HIGH,INDEX-ONLY,INCLUDED — indexed issue text; visual comparison pending.,https://previouspage.co.uk/magazines/BMX%20Action%20Bike/issues/58-december%2Fjanuary-eighty-two,,raleigh pro burner christmas price promotion december 1982 january 1983,,RETAIN — issue-specific occurrence pending visual comparison,Indexed page 20. Image: do not reproduce scan. Text: paraphrase facts and clearly paired prices only.,2026-07-31
EPH-0183,v1.1 chronological census,V11-ABMX-0122,Product announcement / kit,Diatron Wildcat convertible helmet launch,1982,1983,December 1982/January 1983,Diatron,Launch advertisement for a lightweight helmet with detachable face mask and peak.,United Kingdom,Not applicable — period publication,,Chronological issue pass,PreviousPage exposes indexed text for BMX Action Bike — December 1982/January 1983 — Volume 2 Number 5. This record preserves an issue-specific source occurrence and paraphrased factual details. Page-image comparison remains required before exact-layout quotation or visual identity merging.,HIGH,INDEX-ONLY,INCLUDED — indexed issue text; visual comparison pending.,https://previouspage.co.uk/magazines/BMX%20Action%20Bike/issues/58-december%2Fjanuary-eighty-two,,diatron wildcat convertible helmet launch december 1982 january 1983,,RETAIN — issue-specific occurrence pending visual comparison,Indexed page 22. Image: do not reproduce scan. Text: paraphrase facts and clearly paired prices only.,2026-07-31
EPH-0184,v1.1 chronological census,V11-ABMX-0123,Product announcement / kit,Piranha cast-wheel bicycle launch advertisement,1982,1983,December 1982/January 1983,Piranha,"British-bike launch featuring cast wheels, sealed bearings, alloy brakes, and coordinated equipment.",United Kingdom,Not applicable — period publication,,Chronological issue pass,PreviousPage exposes indexed text for BMX Action Bike — December 1982/January 1983 — Volume 2 Number 5. This record preserves an issue-specific source occurrence and paraphrased factual details. Page-image comparison remains required before exact-layout quotation or visual identity merging.,HIGH,INDEX-ONLY,INCLUDED — indexed issue text; visual comparison pending.,https://previouspage.co.uk/magazines/BMX%20Action%20Bike/issues/58-december%2Fjanuary-eighty-two,,piranha cast wheel bicycle launch advertisement december 1982 january 1983,,RETAIN — issue-specific occurrence pending visual comparison,Indexed page 22. Image: do not reproduce scan. Text: paraphrase facts and clearly paired prices only.,2026-07-31
EPH-0185,v1.1 chronological census,V11-ABMX-0124,Dealer/shop advertisement,Hot Wheels BMX Centre imported-product advertisement,1982,1983,December 1982/January 1983,Hot Wheels BMX Centre,"Dealer advertisement listing CW Racing, VDC, Aber, Mushroom, and other imported products.",United Kingdom,Not applicable — period publication,,Chronological issue pass,PreviousPage exposes indexed text for BMX Action Bike — December 1982/January 1983 — Volume 2 Number 5. This record preserves an issue-specific source occurrence and paraphrased factual details. Page-image comparison remains required before exact-layout quotation or visual identity merging. Potential recurring-campaign relationship with EPH-0139 (Hot Wheels Centre retailer campaign); do not merge without page-image comparison.,MEDIUM-HIGH,INDEX-ONLY,INCLUDED — indexed issue text; visual comparison pending.,https://previouspage.co.uk/magazines/BMX%20Action%20Bike/issues/58-december%2Fjanuary-eighty-two,,hot wheels bmx centre imported product advertisement december 1982 january 1983,,REVIEW — recurring-campaign candidate; retain separately pending visual comparison,Indexed page 36. Image: do not reproduce scan. Text: paraphrase facts and clearly paired prices only.,2026-07-31
EPH-0186,v1.1 chronological census,V11-ABMX-0125,Retailer advertisement / price list,Original and replica Kuwahara E.T. price advertisement,1982,1983,December 1982/January 1983,Kuwahara; Isaac Henderson BMX,Retail advertisement distinguishing original and replica E.T. bicycles and prices.,United Kingdom,Not applicable — period publication,,Chronological issue pass,PreviousPage exposes indexed text for BMX Action Bike — December 1982/January 1983 — Volume 2 Number 5. This record preserves an issue-specific source occurrence and paraphrased factual details. Page-image comparison remains required before exact-layout quotation or visual identity merging.,HIGH,INDEX-ONLY,INCLUDED — indexed issue text; visual comparison pending.,https://previouspage.co.uk/magazines/BMX%20Action%20Bike/issues/58-december%2Fjanuary-eighty-two,,original and replica kuwahara e t price advertisement december 1982 january 1983,,RETAIN — issue-specific occurrence pending visual comparison,Indexed page 36. Image: do not reproduce scan. Text: paraphrase facts and clearly paired prices only.,2026-07-31
EPH-0187,v1.1 chronological census,V11-ABMX-0126,Product-history object,Nine-bike shootout overview,1982,1983,December 1982/January 1983,BMX Action Bike,Comparative editorial test of nine reasonably priced BMX bicycles.,United Kingdom,Not applicable — period publication,,Chronological issue pass,PreviousPage exposes indexed text for BMX Action Bike — December 1982/January 1983 — Volume 2 Number 5. This record preserves an issue-specific source occurrence and paraphrased factual details. Page-image comparison remains required before exact-layout quotation or visual identity merging.,HIGH,INDEX-ONLY,INCLUDED — indexed issue text; visual comparison pending.,https://previouspage.co.uk/magazines/BMX%20Action%20Bike/issues/58-december%2Fjanuary-eighty-two,,nine bike shootout overview december 1982 january 1983,,RETAIN — issue-specific occurrence pending visual comparison,Indexed pages 42–45. Image: do not reproduce scan. Text: paraphrase facts and clearly paired prices only.,2026-07-31
EPH-0188,v1.1 chronological census,V11-ABMX-0127,Product-history object,Huffy Pro 2 shootout test,1982,1983,December 1982/January 1983,Huffy,"Shootout record covering equipment, geometry, handling, stunting, and value.",United Kingdom,Not applicable — period publication,,Chronological issue pass,PreviousPage exposes indexed text for BMX Action Bike — December 1982/January 1983 — Volume 2 Number 5. This record preserves an issue-specific source occurrence and paraphrased factual details. Page-image comparison remains required before exact-layout quotation or visual identity merging.,HIGH,INDEX-ONLY,INCLUDED — indexed issue text; visual comparison pending.,https://previouspage.co.uk/magazines/BMX%20Action%20Bike/issues/58-december%2Fjanuary-eighty-two,,huffy pro 2 shootout test december 1982 january 1983,,RETAIN — issue-specific occurrence pending visual comparison,Indexed page 44. Image: do not reproduce scan. Text: paraphrase facts and clearly paired prices only.,2026-07-31
EPH-0189,v1.1 chronological census,V11-ABMX-0128,Product-history object,Cycle Pro Macho shootout test,1982,1983,December 1982/January 1983,Cycle Pro,Shootout record covering specifications and comparative handling results.,United Kingdom,Not applicable — period publication,,Chronological issue pass,PreviousPage exposes indexed text for BMX Action Bike — December 1982/January 1983 — Volume 2 Number 5. This record preserves an issue-specific source occurrence and paraphrased factual details. Page-image comparison remains required before exact-layout quotation or visual identity merging.,MEDIUM-HIGH,INDEX-ONLY,INCLUDED — indexed issue text; visual comparison pending.,https://previouspage.co.uk/magazines/BMX%20Action%20Bike/issues/58-december%2Fjanuary-eighty-two,,cycle pro macho shootout test december 1982 january 1983,,RETAIN — issue-specific occurrence pending visual comparison,Indexed page 44. Image: do not reproduce scan. Text: paraphrase facts and clearly paired prices only.,2026-07-31
EPH-0190,v1.1 chronological census,V11-ABMX-0129,Product-history object,Falcon BMX shootout test,1982,1983,December 1982/January 1983,Falcon,"Shootout record covering handling, bars, wheels, brakes, and value observations.",United Kingdom,Not applicable — period publication,,Chronological issue pass,PreviousPage exposes indexed text for BMX Action Bike — December 1982/January 1983 — Volume 2 Number 5. This record preserves an issue-specific source occurrence and paraphrased factual details. Page-image comparison remains required before exact-layout quotation or visual identity merging.,MEDIUM-HIGH,INDEX-ONLY,INCLUDED — indexed issue text; visual comparison pending.,https://previouspage.co.uk/magazines/BMX%20Action%20Bike/issues/58-december%2Fjanuary-eighty-two,,falcon bmx shootout test december 1982 january 1983,,RETAIN — issue-specific occurrence pending visual comparison,Indexed pages 44–45. Image: do not reproduce scan. Text: paraphrase facts and clearly paired prices only.,2026-07-31
EPH-0191,v1.1 chronological census,V11-ABMX-0130,Product-history object,California Star and Trax Pro comparison,1982,1983,December 1982/January 1983,California; Halfords,Comparative shootout note contrasting spoked and mag-wheel models.,United Kingdom,Not applicable — period publication,,Chronological issue pass,PreviousPage exposes indexed text for BMX Action Bike — December 1982/January 1983 — Volume 2 Number 5. This record preserves an issue-specific source occurrence and paraphrased factual details. Page-image comparison remains required before exact-layout quotation or visual identity merging.,MEDIUM-HIGH,INDEX-ONLY,INCLUDED — indexed issue text; visual comparison pending.,https://previouspage.co.uk/magazines/BMX%20Action%20Bike/issues/58-december%2Fjanuary-eighty-two,,california star and trax pro comparison december 1982 january 1983,,RETAIN — issue-specific occurrence pending visual comparison,Indexed page 45. Image: do not reproduce scan. Text: paraphrase facts and clearly paired prices only.,2026-07-31
EPH-0192,v1.1 chronological census,V11-ABMX-0131,Information-pack mailer,ABMX repeat light-and-reflector offer,1982,1983,December 1982/January 1983,BMX Action Bike,Repeated reader offer for detachable front/rear lights and reflective cycle clips.,United Kingdom,Not applicable — period publication,,Chronological issue pass,PreviousPage exposes indexed text for BMX Action Bike — December 1982/January 1983 — Volume 2 Number 5. This record preserves an issue-specific source occurrence and paraphrased factual details. Page-image comparison remains required before exact-layout quotation or visual identity merging.,HIGH,INDEX-ONLY,INCLUDED — indexed issue text; visual comparison pending.,https://previouspage.co.uk/magazines/BMX%20Action%20Bike/issues/58-december%2Fjanuary-eighty-two,,abmx repeat light and reflector offer december 1982 january 1983,,RETAIN — issue-specific occurrence pending visual comparison,Indexed page 55. Image: do not reproduce scan. Text: paraphrase facts and clearly paired prices only.,2026-07-31
EPH-0193,v1.1 chronological census,V11-ABMX-0132,Catalog mailer,Robinson Racing sticker-and-catalogue mailer,1982,1983,December 1982/January 1983,Robinson Racing Products,Mail-order offer for a Robinson catalogue and sticker.,United Kingdom,Not applicable — period publication,,Chronological issue pass,PreviousPage exposes indexed text for BMX Action Bike — December 1982/January 1983 — Volume 2 Number 5. This record preserves an issue-specific source occurrence and paraphrased factual details. Page-image comparison remains required before exact-layout quotation or visual identity merging.,HIGH,INDEX-ONLY,INCLUDED — indexed issue text; visual comparison pending.,https://previouspage.co.uk/magazines/BMX%20Action%20Bike/issues/58-december%2Fjanuary-eighty-two,,robinson racing sticker and catalogue mailer december 1982 january 1983,,RETAIN — issue-specific occurrence pending visual comparison,Indexed page 59. Image: do not reproduce scan. Text: paraphrase facts and clearly paired prices only.,2026-07-31
EPH-0194,v1.1 chronological census,V11-ABMX-0133,Product announcement / kit,UNI eight-ounce BMX seat launch,1983,1983,February/March 1983,UNI; Hotshot BMX,Product launch for a sub-half-pound BMX seat with multiple color options.,United Kingdom,Not applicable — period publication,,Chronological issue pass,PreviousPage exposes indexed text for BMX Action Bike — February/March 1983 — Volume 2 Number 6. This record preserves an issue-specific source occurrence and paraphrased factual details. Page-image comparison remains required before exact-layout quotation or visual identity merging.,HIGH,INDEX-ONLY,INCLUDED — indexed issue text; visual comparison pending.,https://previouspage.co.uk/magazines/BMX%20Action%20Bike/issues/59-february%2Fmarch-eighty-three,,uni eight ounce bmx seat launch february march 1983,,RETAIN — issue-specific occurrence pending visual comparison,Indexed page 2. Image: do not reproduce scan. Text: paraphrase facts and clearly paired prices only.,2026-07-31
EPH-0195,v1.1 chronological census,V11-ABMX-0134,Dealer advertisement / price-list lead,SR Cycles bicycle-reservation and free-delivery offer,1983,1983,February/March 1983,SR Cycles,Dealer offer allowing a money-order deposit to hold a bicycle and free Bristol delivery.,United Kingdom,Not applicable — period publication,,Chronological issue pass,PreviousPage exposes indexed text for BMX Action Bike — February/March 1983 — Volume 2 Number 6. This record preserves an issue-specific source occurrence and paraphrased factual details. Page-image comparison remains required before exact-layout quotation or visual identity merging.,HIGH,INDEX-ONLY,INCLUDED — indexed issue text; visual comparison pending.,https://previouspage.co.uk/magazines/BMX%20Action%20Bike/issues/59-february%2Fmarch-eighty-three,,sr cycles bicycle reservation and free delivery offer february march 1983,,RETAIN — issue-specific occurrence pending visual comparison,Indexed page 2. Image: do not reproduce scan. Text: paraphrase facts and clearly paired prices only.,2026-07-31
EPH-0196,v1.1 chronological census,V11-ABMX-0135,Dealer/shop advertisement,Holdsworth BMX Centres multi-location advertisement,1983,1983,February/March 1983,Holdsworth BMX Centres,"Dealer advertisement covering bicycles, components, apparel, mail order, and card payment.",United Kingdom,Not applicable — period publication,,Chronological issue pass,PreviousPage exposes indexed text for BMX Action Bike — February/March 1983 — Volume 2 Number 6. This record preserves an issue-specific source occurrence and paraphrased factual details. Page-image comparison remains required before exact-layout quotation or visual identity merging. Potential recurring-campaign relationship with EPH-0161 (Holdsworth multi-brand retailer campaign); do not merge without page-image comparison.,MEDIUM-HIGH,INDEX-ONLY,INCLUDED — indexed issue text; visual comparison pending.,https://previouspage.co.uk/magazines/BMX%20Action%20Bike/issues/59-february%2Fmarch-eighty-three,,holdsworth bmx centres multi location advertisement february march 1983,,REVIEW — recurring-campaign candidate; retain separately pending visual comparison,Indexed pages 2–3. Image: do not reproduce scan. Text: paraphrase facts and clearly paired prices only.,2026-07-31
EPH-0197,v1.1 chronological census,V11-ABMX-0136,Information-pack mailer,ABMX light set and reflective-clip offer,1983,1983,February/March 1983,BMX Action Bike,"Reader offer for front/rear lights, brackets, and reflective cycle clips.",United Kingdom,Not applicable — period publication,,Chronological issue pass,PreviousPage exposes indexed text for BMX Action Bike — February/March 1983 — Volume 2 Number 6. This record preserves an issue-specific source occurrence and paraphrased factual details. Page-image comparison remains required before exact-layout quotation or visual identity merging.,HIGH,INDEX-ONLY,INCLUDED — indexed issue text; visual comparison pending.,https://previouspage.co.uk/magazines/BMX%20Action%20Bike/issues/59-february%2Fmarch-eighty-three,,abmx light set and reflective clip offer february march 1983,,RETAIN — issue-specific occurrence pending visual comparison,Indexed page 11. Image: do not reproduce scan. Text: paraphrase facts and clearly paired prices only.,2026-07-31
EPH-0198,v1.1 chronological census,V11-ABMX-0137,Catalog mailer,ABMX blue-and-gold binder offer,1983,1983,February/March 1983,BMX Action Bike,Mail-order binder designed to hold twelve issues.,United Kingdom,Not applicable — period publication,,Chronological issue pass,PreviousPage exposes indexed text for BMX Action Bike — February/March 1983 — Volume 2 Number 6. This record preserves an issue-specific source occurrence and paraphrased factual details. Page-image comparison remains required before exact-layout quotation or visual identity merging.,HIGH,INDEX-ONLY,INCLUDED — indexed issue text; visual comparison pending.,https://previouspage.co.uk/magazines/BMX%20Action%20Bike/issues/59-february%2Fmarch-eighty-three,,abmx blue and gold binder offer february march 1983,,RETAIN — issue-specific occurrence pending visual comparison,Indexed page 11. Image: do not reproduce scan. Text: paraphrase facts and clearly paired prices only.,2026-07-31
EPH-0199,v1.1 chronological census,V11-ABMX-0138,Information-pack mailer,ABMX blue-and-yellow race-shirt offer,1983,1983,February/March 1983,BMX Action Bike,Mail-order cotton race shirt in American long-sleeve styling.,United Kingdom,Not applicable — period publication,,Chronological issue pass,PreviousPage exposes indexed text for BMX Action Bike — February/March 1983 — Volume 2 Number 6. This record preserves an issue-specific source occurrence and paraphrased factual details. Page-image comparison remains required before exact-layout quotation or visual identity merging.,HIGH,INDEX-ONLY,INCLUDED — indexed issue text; visual comparison pending.,https://previouspage.co.uk/magazines/BMX%20Action%20Bike/issues/59-february%2Fmarch-eighty-three,,abmx blue and yellow race shirt offer february march 1983,,RETAIN — issue-specific occurrence pending visual comparison,Indexed page 11. Image: do not reproduce scan. Text: paraphrase facts and clearly paired prices only.,2026-07-31
EPH-0200,v1.1 chronological census,V11-ABMX-0139,Product literature,Araya ADX-7W aero-rim product notice,1983,1983,February/March 1983,Araya,New-product notice for an arched-section BMX rim in multiple finishes.,United Kingdom,Not applicable — period publication,,Chronological issue pass,PreviousPage exposes indexed text for BMX Action Bike — February/March 1983 — Volume 2 Number 6. This record preserves an issue-specific source occurrence and paraphrased factual details. Page-image comparison remains required before exact-layout quotation or visual identity merging.,HIGH,INDEX-ONLY,INCLUDED — indexed issue text; visual comparison pending.,https://previouspage.co.uk/magazines/BMX%20Action%20Bike/issues/59-february%2Fmarch-eighty-three,,araya adx 7w aero rim product notice february march 1983,,RETAIN — issue-specific occurrence pending visual comparison,Indexed page 12. Image: do not reproduce scan. Text: paraphrase facts and clearly paired prices only.,2026-07-31
EPH-0201,v1.1 chronological census,V11-ABMX-0140,Product literature,Naga chromoly and fluted-alloy seatpost range,1983,1983,February/March 1983,Naga,Product notice for chromoly and two-tone fluted alloy seatposts.,United Kingdom,Not applicable — period publication,,Chronological issue pass,PreviousPage exposes indexed text for BMX Action Bike — February/March 1983 — Volume 2 Number 6. This record preserves an issue-specific source occurrence and paraphrased factual details. Page-image comparison remains required before exact-layout quotation or visual identity merging.,MEDIUM-HIGH,INDEX-ONLY,INCLUDED — indexed issue text; visual comparison pending.,https://previouspage.co.uk/magazines/BMX%20Action%20Bike/issues/59-february%2Fmarch-eighty-three,,naga chromoly and fluted alloy seatpost range february march 1983,,RETAIN — issue-specific occurrence pending visual comparison,Indexed page 12. Image: do not reproduce scan. Text: paraphrase facts and clearly paired prices only.,2026-07-31
EPH-0202,v1.1 chronological census,V11-ABMX-0141,Product literature,MKS BM-10 and Grafight-X pedal range,1983,1983,February/March 1983,MKS,Product notice for two high-end BMX pedal models.,United Kingdom,Not applicable — period publication,,Chronological issue pass,PreviousPage exposes indexed text for BMX Action Bike — February/March 1983 — Volume 2 Number 6. This record preserves an issue-specific source occurrence and paraphrased factual details. Page-image comparison remains required before exact-layout quotation or visual identity merging.,HIGH,INDEX-ONLY,INCLUDED — indexed issue text; visual comparison pending.,https://previouspage.co.uk/magazines/BMX%20Action%20Bike/issues/59-february%2Fmarch-eighty-three,,mks bm 10 and grafight x pedal range february march 1983,,RETAIN — issue-specific occurrence pending visual comparison,Indexed page 12. Image: do not reproduce scan. Text: paraphrase facts and clearly paired prices only.,2026-07-31
EPH-0203,v1.1 chronological census,V11-ABMX-0142,Retailer advertisement / price list,Raleigh Burner five-model retail price list,1983,1983,February/March 1983,Raleigh; Cycle Warehouse,"Retail list for Burner, Super Burner, Tuff Burner, Ultra Burner, and Pro Burner models.",United Kingdom,Not applicable — period publication,,Chronological issue pass,PreviousPage exposes indexed text for BMX Action Bike — February/March 1983 — Volume 2 Number 6. This record preserves an issue-specific source occurrence and paraphrased factual details. Page-image comparison remains required before exact-layout quotation or visual identity merging. Potential recurring-campaign relationship with EPH-0112 (Raleigh Burner range / price-list campaign); do not merge without page-image comparison.,HIGH,INDEX-ONLY,INCLUDED — indexed issue text; visual comparison pending.,https://previouspage.co.uk/magazines/BMX%20Action%20Bike/issues/59-february%2Fmarch-eighty-three,,raleigh burner five model retail price list february march 1983,,REVIEW — recurring-campaign candidate; retain separately pending visual comparison,Indexed page 12. Image: do not reproduce scan. Text: paraphrase facts and clearly paired prices only.,2026-07-31
EPH-0204,v1.1 chronological census,V11-ABMX-0143,Retailer advertisement / price list,"Max checker hats, jerseys, and race-pants advertisement",1983,1983,February/March 1983,Max; Alans BMX,"Apparel advertisement listing hats, jerseys, and race pants in multiple sizes and colors.",United Kingdom,Not applicable — period publication,,Chronological issue pass,PreviousPage exposes indexed text for BMX Action Bike — February/March 1983 — Volume 2 Number 6. This record preserves an issue-specific source occurrence and paraphrased factual details. Page-image comparison remains required before exact-layout quotation or visual identity merging.,HIGH,INDEX-ONLY,INCLUDED — indexed issue text; visual comparison pending.,https://previouspage.co.uk/magazines/BMX%20Action%20Bike/issues/59-february%2Fmarch-eighty-three,,max checker hats jerseys and race pants advertisement february march 1983,,RETAIN — issue-specific occurrence pending visual comparison,Indexed page 18. Image: do not reproduce scan. Text: paraphrase facts and clearly paired prices only.,2026-07-31
EPH-0205,v1.1 chronological census,V11-ABMX-0144,Event registration coupon,Halfords BMX Nations Cup pre-registration form,1983,1983,February/March 1983,Halfords; BMX Action Bike,Pre-registration-only form for the indoor Nations Cup and freestyle events.,United Kingdom,Not applicable — period publication,,Chronological issue pass,PreviousPage exposes indexed text for BMX Action Bike — February/March 1983 — Volume 2 Number 6. This record preserves an issue-specific source occurrence and paraphrased factual details. Page-image comparison remains required before exact-layout quotation or visual identity merging.,HIGH,INDEX-ONLY,INCLUDED — indexed issue text; visual comparison pending.,https://previouspage.co.uk/magazines/BMX%20Action%20Bike/issues/59-february%2Fmarch-eighty-three,,halfords bmx nations cup pre registration form february march 1983,,RETAIN — issue-specific occurrence pending visual comparison,Indexed page 19. Image: do not reproduce scan. Text: paraphrase facts and clearly paired prices only.,2026-07-31
EPH-0206,v1.1 chronological census,V11-ABMX-0145,Contest entry form / promotion,Great Meeting survey and Firebird frame-set competition,1983,1983,February/March 1983,BMX Action Bike; Firebird; DP Racing,Reader survey about event qualities tied to a Firebird frame-and-fork prize.,United Kingdom,Not applicable — period publication,,Chronological issue pass,PreviousPage exposes indexed text for BMX Action Bike — February/March 1983 — Volume 2 Number 6. This record preserves an issue-specific source occurrence and paraphrased factual details. Page-image comparison remains required before exact-layout quotation or visual identity merging.,HIGH,INDEX-ONLY,INCLUDED — indexed issue text; visual comparison pending.,https://previouspage.co.uk/magazines/BMX%20Action%20Bike/issues/59-february%2Fmarch-eighty-three,,great meeting survey and firebird frame set competition february march 1983,,RETAIN — issue-specific occurrence pending visual comparison,Indexed page 20. Image: do not reproduce scan. Text: paraphrase facts and clearly paired prices only.,2026-07-31
EPH-0207,v1.1 chronological census,V11-ABMX-0146,Product literature,Cycle Trader BMX retail survey issue advertisement,1983,1983,February/March 1983,Cycle Trader,Trade-publication advertisement for a comprehensive BMX retail survey.,United Kingdom,Not applicable — period publication,,Chronological issue pass,PreviousPage exposes indexed text for BMX Action Bike — February/March 1983 — Volume 2 Number 6. This record preserves an issue-specific source occurrence and paraphrased factual details. Page-image comparison remains required before exact-layout quotation or visual identity merging.,MEDIUM-HIGH,INDEX-ONLY,INCLUDED — indexed issue text; visual comparison pending.,https://previouspage.co.uk/magazines/BMX%20Action%20Bike/issues/59-february%2Fmarch-eighty-three,,cycle trader bmx retail survey issue advertisement february march 1983,,RETAIN — issue-specific occurrence pending visual comparison,Indexed page 20. Image: do not reproduce scan. Text: paraphrase facts and clearly paired prices only.,2026-07-31
EPH-0208,v1.1 chronological census,V11-ABMX-0147,Contest entry form,YES Products word-building competition,1983,1983,February/March 1983,YES Products; BMX Action Bike,Word-building reader contest with protective-equipment prizes.,United Kingdom,Not applicable — period publication,,Chronological issue pass,PreviousPage exposes indexed text for BMX Action Bike — February/March 1983 — Volume 2 Number 6. This record preserves an issue-specific source occurrence and paraphrased factual details. Page-image comparison remains required before exact-layout quotation or visual identity merging.,HIGH,INDEX-ONLY,INCLUDED — indexed issue text; visual comparison pending.,https://previouspage.co.uk/magazines/BMX%20Action%20Bike/issues/59-february%2Fmarch-eighty-three,,yes products word building competition february march 1983,,RETAIN — issue-specific occurrence pending visual comparison,Indexed section located; exact page number remains pending page-image review. Indexed competition pages. Image: do not reproduce scan. Text: paraphrase facts and clearly paired prices only.,2026-07-31
EPH-0209,v1.1 chronological census,V11-ABMX-0148,Product-history object,Firebird British chromoly frame-set feature,1983,1983,February/March 1983,Firebird; DP Racing,Editorial product description of a British TIG-welded chromoly frame-and-fork package.,United Kingdom,Not applicable — period publication,,Chronological issue pass,PreviousPage exposes indexed text for BMX Action Bike — February/March 1983 — Volume 2 Number 6. This record preserves an issue-specific source occurrence and paraphrased factual details. Page-image comparison remains required before exact-layout quotation or visual identity merging.,HIGH,INDEX-ONLY,INCLUDED — indexed issue text; visual comparison pending.,https://previouspage.co.uk/magazines/BMX%20Action%20Bike/issues/59-february%2Fmarch-eighty-three,,firebird british chromoly frame set feature february march 1983,,RETAIN — issue-specific occurrence pending visual comparison,Indexed page 20. Image: do not reproduce scan. Text: paraphrase facts and clearly paired prices only.,2026-07-31
EPH-0210,v1.1 chronological census,V11-ABMX-0149,Product-history object,Mongoose Pro Class complete-bike test,1983,1983,February/March 1983,Mongoose,Editorial test of the Pro Class complete bicycle and its race components.,United Kingdom,Not applicable — period publication,,Chronological issue pass,PreviousPage exposes indexed text for BMX Action Bike — February/March 1983 — Volume 2 Number 6. This record preserves an issue-specific source occurrence and paraphrased factual details. Page-image comparison remains required before exact-layout quotation or visual identity merging.,HIGH,INDEX-ONLY,INCLUDED — indexed issue text; visual comparison pending.,https://previouspage.co.uk/magazines/BMX%20Action%20Bike/issues/59-february%2Fmarch-eighty-three,,mongoose pro class complete bike test february march 1983,,RETAIN — issue-specific occurrence pending visual comparison,Indexed pages 24 onward. Image: do not reproduce scan. Text: paraphrase facts and clearly paired prices only.,2026-07-31
EPH-0211,v1.1 chronological census,V11-ABMX-0150,Product literature,Mongoose Pro Class lightweight wheel system,1983,1983,February/March 1983,Mongoose,Technical discussion of Pro Class wheels and rotating-weight claims.,United Kingdom,Not applicable — period publication,,Chronological issue pass,PreviousPage exposes indexed text for BMX Action Bike — February/March 1983 — Volume 2 Number 6. This record preserves an issue-specific source occurrence and paraphrased factual details. Page-image comparison remains required before exact-layout quotation or visual identity merging.,MEDIUM-HIGH,INDEX-ONLY,INCLUDED — indexed issue text; visual comparison pending.,https://previouspage.co.uk/magazines/BMX%20Action%20Bike/issues/59-february%2Fmarch-eighty-three,,mongoose pro class lightweight wheel system february march 1983,,RETAIN — issue-specific occurrence pending visual comparison,Indexed pages 23–24. Indexed test pages. Image: do not reproduce scan. Text: paraphrase facts and clearly paired prices only.,2026-07-31
EPH-0212,v1.1 chronological census,V11-ABMX-0151,Archive collection,Bournemouth BMX track-focus report,1983,1983,February/March 1983,Bournemouth BMX,"Track-focus feature documenting layout, surface, berm strategy, and racing lines.",United Kingdom,Not applicable — period publication,,Chronological issue pass,PreviousPage exposes indexed text for BMX Action Bike — February/March 1983 — Volume 2 Number 6. This record preserves an issue-specific source occurrence and paraphrased factual details. Page-image comparison remains required before exact-layout quotation or visual identity merging.,HIGH,INDEX-ONLY,INCLUDED — indexed issue text; visual comparison pending.,https://previouspage.co.uk/magazines/BMX%20Action%20Bike/issues/59-february%2Fmarch-eighty-three,,bournemouth bmx track focus report february march 1983,,RETAIN — issue-specific occurrence pending visual comparison,Indexed pages 34–37. Image: do not reproduce scan. Text: paraphrase facts and clearly paired prices only.,2026-07-31
EPH-0213,v1.1 chronological census,V11-ABMX-0152,Retailer advertisement / price list,Diatron Wildcat helmet and race-pants advertisement,1983,1983,February/March 1983,Diatron,Retail advertisement for the Wildcat lightweight helmet and protective race pants.,United Kingdom,Not applicable — period publication,,Chronological issue pass,PreviousPage exposes indexed text for BMX Action Bike — February/March 1983 — Volume 2 Number 6. This record preserves an issue-specific source occurrence and paraphrased factual details. Page-image comparison remains required before exact-layout quotation or visual identity merging.,HIGH,INDEX-ONLY,INCLUDED — indexed issue text; visual comparison pending.,https://previouspage.co.uk/magazines/BMX%20Action%20Bike/issues/59-february%2Fmarch-eighty-three,,diatron wildcat helmet and race pants advertisement february march 1983,,RETAIN — issue-specific occurrence pending visual comparison,Indexed page 35. Image: do not reproduce scan. Text: paraphrase facts and clearly paired prices only.,2026-07-31
EPH-0214,v1.1 chronological census,V11-ABMX-0153,Retailer advertisement / price list,Surrey BMX Kuwahara complete-bike price list,1983,1983,February/March 1983,Surrey BMX; Kuwahara,Retail price list for KZ1 and KZ2 complete bicycles in chrome and painted finishes.,United Kingdom,Not applicable — period publication,,Chronological issue pass,PreviousPage exposes indexed text for BMX Action Bike — February/March 1983 — Volume 2 Number 6. This record preserves an issue-specific source occurrence and paraphrased factual details. Page-image comparison remains required before exact-layout quotation or visual identity merging.,HIGH,INDEX-ONLY,INCLUDED — indexed issue text; visual comparison pending.,https://previouspage.co.uk/magazines/BMX%20Action%20Bike/issues/59-february%2Fmarch-eighty-three,,surrey bmx kuwahara complete bike price list february march 1983,,RETAIN — issue-specific occurrence pending visual comparison,Indexed page 43. Image: do not reproduce scan. Text: paraphrase facts and clearly paired prices only.,2026-07-31
EPH-0215,v1.1 chronological census,V11-ABMX-0154,Retailer advertisement / price list,Surrey BMX frame-and-fork price list,1983,1983,February/March 1983,Surrey BMX; Race Inc; GT; MCS; PK Ripper; Torker; JMC,Retail price list for premium frame-and-fork packages.,United Kingdom,Not applicable — period publication,,Chronological issue pass,PreviousPage exposes indexed text for BMX Action Bike — February/March 1983 — Volume 2 Number 6. This record preserves an issue-specific source occurrence and paraphrased factual details. Page-image comparison remains required before exact-layout quotation or visual identity merging.,HIGH,INDEX-ONLY,INCLUDED — indexed issue text; visual comparison pending.,https://previouspage.co.uk/magazines/BMX%20Action%20Bike/issues/59-february%2Fmarch-eighty-three,,surrey bmx frame and fork price list february march 1983,,RETAIN — issue-specific occurrence pending visual comparison,Indexed page 43. Image: do not reproduce scan. Text: paraphrase facts and clearly paired prices only.,2026-07-31
EPH-0216,v1.1 chronological census,V11-ABMX-0155,Retailer advertisement / price list,Surrey BMX wheel-system price list,1983,1983,February/March 1983,Surrey BMX; Skyway; ACS; Ukai; SunTour,"Retail price list for Tuff II, Z-Rim, and Ukai/SunTour wheel systems.",United Kingdom,Not applicable — period publication,,Chronological issue pass,PreviousPage exposes indexed text for BMX Action Bike — February/March 1983 — Volume 2 Number 6. This record preserves an issue-specific source occurrence and paraphrased factual details. Page-image comparison remains required before exact-layout quotation or visual identity merging.,HIGH,INDEX-ONLY,INCLUDED — indexed issue text; visual comparison pending.,https://previouspage.co.uk/magazines/BMX%20Action%20Bike/issues/59-february%2Fmarch-eighty-three,,surrey bmx wheel system price list february march 1983,,RETAIN — issue-specific occurrence pending visual comparison,Indexed page 43. Image: do not reproduce scan. Text: paraphrase facts and clearly paired prices only.,2026-07-31
EPH-0217,v1.1 chronological census,V11-ABMX-0156,Product literature,Hadley precision bottom-bracket listing,1983,1983,February/March 1983,Hadley,Retail product listing for precision bottom brackets in multiple sizes and colors.,United Kingdom,Not applicable — period publication,,Chronological issue pass,PreviousPage exposes indexed text for BMX Action Bike — February/March 1983 — Volume 2 Number 6. This record preserves an issue-specific source occurrence and paraphrased factual details. Page-image comparison remains required before exact-layout quotation or visual identity merging.,HIGH,INDEX-ONLY,INCLUDED — indexed issue text; visual comparison pending.,https://previouspage.co.uk/magazines/BMX%20Action%20Bike/issues/59-february%2Fmarch-eighty-three,,hadley precision bottom bracket listing february march 1983,,RETAIN — issue-specific occurrence pending visual comparison,Indexed page 43. Image: do not reproduce scan. Text: paraphrase facts and clearly paired prices only.,2026-07-31
EPH-0218,v1.1 chronological census,V11-ABMX-0157,Catalog mailer,Haro Freestyle Moves book offer,1983,1983,February/March 1983,Haro,Retail listing for the 130-page Freestyle Moves instructional book.,United Kingdom,Not applicable — period publication,,Chronological issue pass,PreviousPage exposes indexed text for BMX Action Bike — February/March 1983 — Volume 2 Number 6. This record preserves an issue-specific source occurrence and paraphrased factual details. Page-image comparison remains required before exact-layout quotation or visual identity merging.,HIGH,INDEX-ONLY,INCLUDED — indexed issue text; visual comparison pending.,https://previouspage.co.uk/magazines/BMX%20Action%20Bike/issues/59-february%2Fmarch-eighty-three,,haro freestyle moves book offer february march 1983,,RETAIN — issue-specific occurrence pending visual comparison,Indexed page 43. Image: do not reproduce scan. Text: paraphrase facts and clearly paired prices only.,2026-07-31
EPH-0219,v1.1 chronological census,V11-ABMX-0158,Product literature,Redline Flight Cranks 401 Series listing,1983,1983,February/March 1983,Redline,Retail product listing for 175 mm and 180 mm Flight Cranks.,United Kingdom,Not applicable — period publication,,Chronological issue pass,PreviousPage exposes indexed text for BMX Action Bike — February/March 1983 — Volume 2 Number 6. This record preserves an issue-specific source occurrence and paraphrased factual details. Page-image comparison remains required before exact-layout quotation or visual identity merging.,HIGH,INDEX-ONLY,INCLUDED — indexed issue text; visual comparison pending.,https://previouspage.co.uk/magazines/BMX%20Action%20Bike/issues/59-february%2Fmarch-eighty-three,,redline flight cranks 401 series listing february march 1983,,RETAIN — issue-specific occurrence pending visual comparison,Indexed page 43. Image: do not reproduce scan. Text: paraphrase facts and clearly paired prices only.,2026-07-31
EPH-0220,v1.1 chronological census,V11-ABMX-0159,Product literature,Vans Style 95 BMX shoe listing,1983,1983,February/March 1983,Vans,Retail listing for Style 95 shoes in American sizing.,United Kingdom,Not applicable — period publication,,Chronological issue pass,PreviousPage exposes indexed text for BMX Action Bike — February/March 1983 — Volume 2 Number 6. This record preserves an issue-specific source occurrence and paraphrased factual details. Page-image comparison remains required before exact-layout quotation or visual identity merging.,HIGH,INDEX-ONLY,INCLUDED — indexed issue text; visual comparison pending.,https://previouspage.co.uk/magazines/BMX%20Action%20Bike/issues/59-february%2Fmarch-eighty-three,,vans style 95 bmx shoe listing february march 1983,,RETAIN — issue-specific occurrence pending visual comparison,Indexed page 43. Image: do not reproduce scan. Text: paraphrase facts and clearly paired prices only.,2026-07-31
EPH-0221,v1.1 chronological census,V11-ABMX-0160,Archive collection,ABMX national track-list publication,1983,1983,February/March 1983,BMX Action Bike,Publication feature presenting a nationwide BMX track list.,United Kingdom,Not applicable — period publication,,Chronological issue pass,PreviousPage exposes indexed text for BMX Action Bike — February/March 1983 — Volume 2 Number 6. This record preserves an issue-specific source occurrence and paraphrased factual details. Page-image comparison remains required before exact-layout quotation or visual identity merging.,HIGH,INDEX-ONLY,INCLUDED — indexed issue text; visual comparison pending.,https://previouspage.co.uk/magazines/BMX%20Action%20Bike/issues/59-february%2Fmarch-eighty-three,,abmx national track list publication february march 1983,,RETAIN — issue-specific occurrence pending visual comparison,Indexed section located; exact page number remains pending page-image review. Issue cover and track-list section. Image: do not reproduce scan. Text: paraphrase facts and clearly paired prices only.,2026-07-31
EPH-0222,v1.1 chronological census,V11-ABMX-0161,Product literature,California Lite pad-system advertisement,1983,1983,April/May 1983,California Lite; Johar,Protective-pad advertisement featuring major sponsored riders and multiple colors.,United Kingdom,Not applicable — period publication,,Chronological issue pass,PreviousPage exposes indexed text for BMX Action Bike — April/May 1983 — Volume 2 Number 7. This record preserves an issue-specific source occurrence and paraphrased factual details. Page-image comparison remains required before exact-layout quotation or visual identity merging.,HIGH,INDEX-ONLY,INCLUDED — indexed issue text; visual comparison pending.,https://previouspage.co.uk/magazines/BMX%20Action%20Bike/issues/60-april%2Fmay-eighty-three,,california lite pad system advertisement april may 1983,,RETAIN — issue-specific occurrence pending visual comparison,Indexed page 2. Image: do not reproduce scan. Text: paraphrase facts and clearly paired prices only.,2026-07-31
EPH-0223,v1.1 chronological census,V11-ABMX-0162,Product literature,Strongs headset-bearing protector offer,1983,1983,April/May 1983,Strongs Bicycles,Mail-order bearing protector designed to reduce headset contamination.,United Kingdom,Not applicable — period publication,,Chronological issue pass,PreviousPage exposes indexed text for BMX Action Bike — April/May 1983 — Volume 2 Number 7. This record preserves an issue-specific source occurrence and paraphrased factual details. Page-image comparison remains required before exact-layout quotation or visual identity merging.,HIGH,INDEX-ONLY,INCLUDED — indexed issue text; visual comparison pending.,https://previouspage.co.uk/magazines/BMX%20Action%20Bike/issues/60-april%2Fmay-eighty-three,,strongs headset bearing protector offer april may 1983,,RETAIN — issue-specific occurrence pending visual comparison,Indexed page 4. Image: do not reproduce scan. Text: paraphrase facts and clearly paired prices only.,2026-07-31
EPH-0224,v1.1 chronological census,V11-ABMX-0163,Retailer advertisement / price list,Strongs BMX race-shirt offer,1983,1983,April/May 1983,Strongs Bicycles,Retail offer for red/black or blue BMX race shirts in multiple sizes.,United Kingdom,Not applicable — period publication,,Chronological issue pass,PreviousPage exposes indexed text for BMX Action Bike — April/May 1983 — Volume 2 Number 7. This record preserves an issue-specific source occurrence and paraphrased factual details. Page-image comparison remains required before exact-layout quotation or visual identity merging.,HIGH,INDEX-ONLY,INCLUDED — indexed issue text; visual comparison pending.,https://previouspage.co.uk/magazines/BMX%20Action%20Bike/issues/60-april%2Fmay-eighty-three,,strongs bmx race shirt offer april may 1983,,RETAIN — issue-specific occurrence pending visual comparison,Indexed page 4. Image: do not reproduce scan. Text: paraphrase facts and clearly paired prices only.,2026-07-31
EPH-0225,v1.1 chronological census,V11-ABMX-0164,Information-pack mailer,Strongs free sticker-brochure mailer,1983,1983,April/May 1983,Strongs Bicycles,Free sticker brochure offer requiring a stamped addressed envelope.,United Kingdom,Not applicable — period publication,,Chronological issue pass,PreviousPage exposes indexed text for BMX Action Bike — April/May 1983 — Volume 2 Number 7. This record preserves an issue-specific source occurrence and paraphrased factual details. Page-image comparison remains required before exact-layout quotation or visual identity merging.,HIGH,INDEX-ONLY,INCLUDED — indexed issue text; visual comparison pending.,https://previouspage.co.uk/magazines/BMX%20Action%20Bike/issues/60-april%2Fmay-eighty-three,,strongs free sticker brochure mailer april may 1983,,RETAIN — issue-specific occurrence pending visual comparison,Indexed page 4. Image: do not reproduce scan. Text: paraphrase facts and clearly paired prices only.,2026-07-31
EPH-0226,v1.1 chronological census,V11-ABMX-0165,Archive collection,Best of 1982 national reader-poll results,1983,1983,April/May 1983,BMX Action Bike,"Published results for rider, female rider, team, and meeting of the year.",United Kingdom,Not applicable — period publication,,Chronological issue pass,PreviousPage exposes indexed text for BMX Action Bike — April/May 1983 — Volume 2 Number 7. This record preserves an issue-specific source occurrence and paraphrased factual details. Page-image comparison remains required before exact-layout quotation or visual identity merging.,HIGH,INDEX-ONLY,INCLUDED — indexed issue text; visual comparison pending.,https://previouspage.co.uk/magazines/BMX%20Action%20Bike/issues/60-april%2Fmay-eighty-three,,best of 1982 national reader poll results april may 1983,,RETAIN — issue-specific occurrence pending visual comparison,Indexed pages 10–11. Image: do not reproduce scan. Text: paraphrase facts and clearly paired prices only.,2026-07-31
EPH-0227,v1.1 chronological census,V11-ABMX-0166,Factory-team history,Scottish BMX Association formation notice,1983,1983,April/May 1983,Scottish BMX Association,News notice documenting the formation of a Scottish BMX governing organization.,United Kingdom,Not applicable — period publication,,Chronological issue pass,PreviousPage exposes indexed text for BMX Action Bike — April/May 1983 — Volume 2 Number 7. This record preserves an issue-specific source occurrence and paraphrased factual details. Page-image comparison remains required before exact-layout quotation or visual identity merging.,MEDIUM-HIGH,INDEX-ONLY,INCLUDED — indexed issue text; visual comparison pending.,https://previouspage.co.uk/magazines/BMX%20Action%20Bike/issues/60-april%2Fmay-eighty-three,,scottish bmx association formation notice april may 1983,,RETAIN — issue-specific occurrence pending visual comparison,Indexed section located; exact page number remains pending page-image review. Indexed editorial pages. Image: do not reproduce scan. Text: paraphrase facts and clearly paired prices only.,2026-07-31
EPH-0228,v1.1 chronological census,V11-ABMX-0167,Event notice / contact flyer,Northern Leisure open-meeting series notice,1983,1983,April/May 1983,Northern Leisure BMX,Open-meeting schedule with registration windows and recurring dates.,United Kingdom,Not applicable — period publication,,Chronological issue pass,PreviousPage exposes indexed text for BMX Action Bike — April/May 1983 — Volume 2 Number 7. This record preserves an issue-specific source occurrence and paraphrased factual details. Page-image comparison remains required before exact-layout quotation or visual identity merging.,HIGH,INDEX-ONLY,INCLUDED — indexed issue text; visual comparison pending.,https://previouspage.co.uk/magazines/BMX%20Action%20Bike/issues/60-april%2Fmay-eighty-three,,northern leisure open meeting series notice april may 1983,,RETAIN — issue-specific occurrence pending visual comparison,Indexed page 11. Image: do not reproduce scan. Text: paraphrase facts and clearly paired prices only.,2026-07-31
EPH-0229,v1.1 chronological census,V11-ABMX-0168,Contest entry form / promotion,Silverfox complete-bike reader giveaway,1983,1983,April/May 1983,Silverfox; BMX Action Bike,Reader postcard competition awarding a chrome Silverfox bicycle.,United Kingdom,Not applicable — period publication,,Chronological issue pass,PreviousPage exposes indexed text for BMX Action Bike — April/May 1983 — Volume 2 Number 7. This record preserves an issue-specific source occurrence and paraphrased factual details. Page-image comparison remains required before exact-layout quotation or visual identity merging.,HIGH,INDEX-ONLY,INCLUDED — indexed issue text; visual comparison pending.,https://previouspage.co.uk/magazines/BMX%20Action%20Bike/issues/60-april%2Fmay-eighty-three,,silverfox complete bike reader giveaway april may 1983,,RETAIN — issue-specific occurrence pending visual comparison,Indexed pages 12–13. Image: do not reproduce scan. Text: paraphrase facts and clearly paired prices only.,2026-07-31
EPH-0230,v1.1 chronological census,V11-ABMX-0169,Product literature,Harry Leary and Andy Patterson starting guide,1983,1983,April/May 1983,Harry Leary; Andy Patterson; BMX Action Bike,Instructional racing-start feature drawing on two leading riders.,United Kingdom,Not applicable — period publication,,Chronological issue pass,PreviousPage exposes indexed text for BMX Action Bike — April/May 1983 — Volume 2 Number 7. This record preserves an issue-specific source occurrence and paraphrased factual details. Page-image comparison remains required before exact-layout quotation or visual identity merging.,HIGH,INDEX-ONLY,INCLUDED — indexed issue text; visual comparison pending.,https://previouspage.co.uk/magazines/BMX%20Action%20Bike/issues/60-april%2Fmay-eighty-three,,harry leary and andy patterson starting guide april may 1983,,RETAIN — issue-specific occurrence pending visual comparison,Indexed section located; exact page number remains pending page-image review. Indexed contents and feature pages. Image: do not reproduce scan. Text: paraphrase facts and clearly paired prices only.,2026-07-31
EPH-0231,v1.1 chronological census,V11-ABMX-0170,Product literature,Haro Freestyle Moves equipment chapter,1983,1983,April/May 1983,Haro; Bob Haro,"Instructional extract covering protective equipment, frames, wheels, tyres, and setup.",United Kingdom,Not applicable — period publication,,Chronological issue pass,PreviousPage exposes indexed text for BMX Action Bike — April/May 1983 — Volume 2 Number 7. This record preserves an issue-specific source occurrence and paraphrased factual details. Page-image comparison remains required before exact-layout quotation or visual identity merging.,HIGH,INDEX-ONLY,INCLUDED — indexed issue text; visual comparison pending.,https://previouspage.co.uk/magazines/BMX%20Action%20Bike/issues/60-april%2Fmay-eighty-three,,haro freestyle moves equipment chapter april may 1983,,RETAIN — issue-specific occurrence pending visual comparison,Indexed pages 19 onward. Image: do not reproduce scan. Text: paraphrase facts and clearly paired prices only.,2026-07-31
EPH-0232,v1.1 chronological census,V11-ABMX-0171,Dealer advertisement / price-list lead,ABMX free private Sales and Swaps service,1983,1983,April/May 1983,BMX Action Bike,Free classified-sales service for private buyers and sellers using the official form.,United Kingdom,Not applicable — period publication,,Chronological issue pass,PreviousPage exposes indexed text for BMX Action Bike — April/May 1983 — Volume 2 Number 7. This record preserves an issue-specific source occurrence and paraphrased factual details. Page-image comparison remains required before exact-layout quotation or visual identity merging.,HIGH,INDEX-ONLY,INCLUDED — indexed issue text; visual comparison pending.,https://previouspage.co.uk/magazines/BMX%20Action%20Bike/issues/60-april%2Fmay-eighty-three,,abmx free private sales and swaps service april may 1983,,RETAIN — issue-specific occurrence pending visual comparison,Indexed page 23. Image: do not reproduce scan. Text: paraphrase facts and clearly paired prices only.,2026-07-31
EPH-0233,v1.1 chronological census,V11-ABMX-0172,Retailer advertisement / price list,City BMX race-pants mail-order offer,1983,1983,April/May 1983,City BMX,"Mail-order race pants with padding, sizing, colors, and postage.",United Kingdom,Not applicable — period publication,,Chronological issue pass,PreviousPage exposes indexed text for BMX Action Bike — April/May 1983 — Volume 2 Number 7. This record preserves an issue-specific source occurrence and paraphrased factual details. Page-image comparison remains required before exact-layout quotation or visual identity merging.,HIGH,INDEX-ONLY,INCLUDED — indexed issue text; visual comparison pending.,https://previouspage.co.uk/magazines/BMX%20Action%20Bike/issues/60-april%2Fmay-eighty-three,,city bmx race pants mail order offer april may 1983,,RETAIN — issue-specific occurrence pending visual comparison,Indexed page 18. Image: do not reproduce scan. Text: paraphrase facts and clearly paired prices only.,2026-07-31
EPH-0234,v1.1 chronological census,V11-ABMX-0173,Retailer advertisement / price list,City BMX lightweight race-helmet offer,1983,1983,April/May 1983,City BMX,Mail-order race helmet with detachable features and stated postage.,United Kingdom,Not applicable — period publication,,Chronological issue pass,PreviousPage exposes indexed text for BMX Action Bike — April/May 1983 — Volume 2 Number 7. This record preserves an issue-specific source occurrence and paraphrased factual details. Page-image comparison remains required before exact-layout quotation or visual identity merging.,MEDIUM-HIGH,INDEX-ONLY,INCLUDED — indexed issue text; visual comparison pending.,https://previouspage.co.uk/magazines/BMX%20Action%20Bike/issues/60-april%2Fmay-eighty-three,,city bmx lightweight race helmet offer april may 1983,,RETAIN — issue-specific occurrence pending visual comparison,Indexed page 18. Image: do not reproduce scan. Text: paraphrase facts and clearly paired prices only.,2026-07-31
EPH-0235,v1.1 chronological census,V11-ABMX-0174,Retailer advertisement / price list,City BMX shoulder-protector offer,1983,1983,April/May 1983,City BMX,Mail-order shoulder protection with one-size fitting and postage.,United Kingdom,Not applicable — period publication,,Chronological issue pass,PreviousPage exposes indexed text for BMX Action Bike — April/May 1983 — Volume 2 Number 7. This record preserves an issue-specific source occurrence and paraphrased factual details. Page-image comparison remains required before exact-layout quotation or visual identity merging.,HIGH,INDEX-ONLY,INCLUDED — indexed issue text; visual comparison pending.,https://previouspage.co.uk/magazines/BMX%20Action%20Bike/issues/60-april%2Fmay-eighty-three,,city bmx shoulder protector offer april may 1983,,RETAIN — issue-specific occurrence pending visual comparison,Indexed page 18. Image: do not reproduce scan. Text: paraphrase facts and clearly paired prices only.,2026-07-31
EPH-0236,v1.1 chronological census,V11-ABMX-0175,Retailer advertisement / price list,Hot Wheels BMX Centre opening offers,1983,1983,April/May 1983,Hot Wheels BMX Centre,"Store-opening advertisement listing wheel, footwear, frame, fork, and hub offers.",United Kingdom,Not applicable — period publication,,Chronological issue pass,PreviousPage exposes indexed text for BMX Action Bike — April/May 1983 — Volume 2 Number 7. This record preserves an issue-specific source occurrence and paraphrased factual details. Page-image comparison remains required before exact-layout quotation or visual identity merging.,MEDIUM-HIGH,INDEX-ONLY,INCLUDED — indexed issue text; visual comparison pending.,https://previouspage.co.uk/magazines/BMX%20Action%20Bike/issues/60-april%2Fmay-eighty-three,,hot wheels bmx centre opening offers april may 1983,,RETAIN — issue-specific occurrence pending visual comparison,Indexed page 30. Image: do not reproduce scan. Text: paraphrase facts and clearly paired prices only.,2026-07-31
EPH-0237,v1.1 chronological census,V11-ABMX-0176,Dealer advertisement / price-list lead,"Haro Freestyler, Kuwahara Oval, CW, and SE Floval stock notice",1983,1983,April/May 1983,Hot Wheels BMX Centre; Haro; Kuwahara; CW; SE Racing,New-stock notice for freestyle and race frame-and-fork products.,United Kingdom,Not applicable — period publication,,Chronological issue pass,PreviousPage exposes indexed text for BMX Action Bike — April/May 1983 — Volume 2 Number 7. This record preserves an issue-specific source occurrence and paraphrased factual details. Page-image comparison remains required before exact-layout quotation or visual identity merging.,HIGH,INDEX-ONLY,INCLUDED — indexed issue text; visual comparison pending.,https://previouspage.co.uk/magazines/BMX%20Action%20Bike/issues/60-april%2Fmay-eighty-three,,haro freestyler kuwahara oval cw and se floval stock notice april may 1983,,RETAIN — issue-specific occurrence pending visual comparison,Indexed page 30. Image: do not reproduce scan. Text: paraphrase facts and clearly paired prices only.,2026-07-31
EPH-0238,v1.1 chronological census,V11-ABMX-0177,Information-pack mailer,King Sticker five-pack and jumbo-pack offer,1983,1983,April/May 1983,King Sticker,Mail-order sticker and rub-on packages at two price levels.,United Kingdom,Not applicable — period publication,,Chronological issue pass,PreviousPage exposes indexed text for BMX Action Bike — April/May 1983 — Volume 2 Number 7. This record preserves an issue-specific source occurrence and paraphrased factual details. Page-image comparison remains required before exact-layout quotation or visual identity merging. Potential recurring-campaign relationship with EPH-0181 (King Sticker five-pack / jumbo-pack campaign); do not merge without page-image comparison.,HIGH,INDEX-ONLY,INCLUDED — indexed issue text; visual comparison pending.,https://previouspage.co.uk/magazines/BMX%20Action%20Bike/issues/60-april%2Fmay-eighty-three,,king sticker five pack and jumbo pack offer april may 1983,,REVIEW — recurring-campaign candidate; retain separately pending visual comparison,Indexed page 34. Image: do not reproduce scan. Text: paraphrase facts and clearly paired prices only.,2026-07-31
EPH-0239,v1.1 chronological census,V11-ABMX-0178,Event registration coupon,NBMXA race-licence and rule-book offer,1983,1983,April/May 1983,NBMXA,Association licence notice stating that a rule book accompanies each licence.,United Kingdom,Not applicable — period publication,,Chronological issue pass,PreviousPage exposes indexed text for BMX Action Bike — April/May 1983 — Volume 2 Number 7. This record preserves an issue-specific source occurrence and paraphrased factual details. Page-image comparison remains required before exact-layout quotation or visual identity merging.,HIGH,INDEX-ONLY,INCLUDED — indexed issue text; visual comparison pending.,https://previouspage.co.uk/magazines/BMX%20Action%20Bike/issues/60-april%2Fmay-eighty-three,,nbmxa race licence and rule book offer april may 1983,,RETAIN — issue-specific occurrence pending visual comparison,Indexed page 34. Image: do not reproduce scan. Text: paraphrase facts and clearly paired prices only.,2026-07-31
EPH-0240,v1.1 chronological census,V11-ABMX-0179,Dealer price-list / sticker offer,Hotshot price-list and free-sticker mailer,1983,1983,April/May 1983,Hotshot BMX Racing,Mail-in price-list offer with a free sticker and broad premium-brand inventory.,United Kingdom,Not applicable — period publication,,Chronological issue pass,PreviousPage exposes indexed text for BMX Action Bike — April/May 1983 — Volume 2 Number 7. This record preserves an issue-specific source occurrence and paraphrased factual details. Page-image comparison remains required before exact-layout quotation or visual identity merging. Potential recurring-campaign relationship with EPH-0086 (Hotshot price-list / free-sticker campaign); do not merge without page-image comparison.,HIGH,INDEX-ONLY,INCLUDED — indexed issue text; visual comparison pending.,https://previouspage.co.uk/magazines/BMX%20Action%20Bike/issues/60-april%2Fmay-eighty-three,,hotshot price list and free sticker mailer april may 1983,,REVIEW — recurring-campaign candidate; retain separately pending visual comparison,Indexed page 43. Image: do not reproduce scan. Text: paraphrase facts and clearly paired prices only.,2026-07-31
EPH-0241,v1.1 chronological census,V11-ABMX-0180,Product-history object,Huffy Pro Lightning complete-bike test,1983,1983,April/May 1983,Huffy,Editorial test of the Pro Lightning chromoly race bicycle.,United Kingdom,Not applicable — period publication,,Chronological issue pass,PreviousPage exposes indexed text for BMX Action Bike — April/May 1983 — Volume 2 Number 7. This record preserves an issue-specific source occurrence and paraphrased factual details. Page-image comparison remains required before exact-layout quotation or visual identity merging.,HIGH,INDEX-ONLY,INCLUDED — indexed issue text; visual comparison pending.,https://previouspage.co.uk/magazines/BMX%20Action%20Bike/issues/60-april%2Fmay-eighty-three,,huffy pro lightning complete bike test april may 1983,,RETAIN — issue-specific occurrence pending visual comparison,Indexed pages 49–51. Image: do not reproduce scan. Text: paraphrase facts and clearly paired prices only.,2026-07-31
EPH-0242,v1.1 chronological census,V11-ABMX-0181,Retailer advertisement / price list,Halfords BMX accessories range advertisement,1983,1983,April/May 1983,Halfords,"Retail advertisement for saddles, helmets, pedals, levers, grips, tyres, and BMX bicycles.",United Kingdom,Not applicable — period publication,,Chronological issue pass,PreviousPage exposes indexed text for BMX Action Bike — April/May 1983 — Volume 2 Number 7. This record preserves an issue-specific source occurrence and paraphrased factual details. Page-image comparison remains required before exact-layout quotation or visual identity merging.,HIGH,INDEX-ONLY,INCLUDED — indexed issue text; visual comparison pending.,https://previouspage.co.uk/magazines/BMX%20Action%20Bike/issues/60-april%2Fmay-eighty-three,,halfords bmx accessories range advertisement april may 1983,,RETAIN — issue-specific occurrence pending visual comparison,Indexed page 48. Image: do not reproduce scan. Text: paraphrase facts and clearly paired prices only.,2026-07-31
EPH-0243,v1.1 chronological census,V11-ABMX-0182,Product literature,Huffy Pro Lightning specification and retail-price record,1983,1983,April/May 1983,Huffy,Specification and approximate price record associated with the editorial test.,United Kingdom,Not applicable — period publication,,Chronological issue pass,PreviousPage exposes indexed text for BMX Action Bike — April/May 1983 — Volume 2 Number 7. This record preserves an issue-specific source occurrence and paraphrased factual details. Page-image comparison remains required before exact-layout quotation or visual identity merging.,HIGH,INDEX-ONLY,INCLUDED — indexed issue text; visual comparison pending.,https://previouspage.co.uk/magazines/BMX%20Action%20Bike/issues/60-april%2Fmay-eighty-three,,huffy pro lightning specification and retail price record april may 1983,,RETAIN — issue-specific occurrence pending visual comparison,Indexed pages 50–51. Image: do not reproduce scan. Text: paraphrase facts and clearly paired prices only.,2026-07-31
EPH-0244,v1.1 chronological census,V11-ABMX-0183,Product announcement / kit,Ride-On sealed-bearing mag-wheel hub kit,1983,1983,April/May 1983,Ride-On MX Products,Retrofit sealed-bearing kit for nylon mag wheels with mail-order form.,United Kingdom,Not applicable — period publication,,Chronological issue pass,PreviousPage exposes indexed text for BMX Action Bike — April/May 1983 — Volume 2 Number 7. This record preserves an issue-specific source occurrence and paraphrased factual details. Page-image comparison remains required before exact-layout quotation or visual identity merging.,HIGH,INDEX-ONLY,INCLUDED — indexed issue text; visual comparison pending.,https://previouspage.co.uk/magazines/BMX%20Action%20Bike/issues/60-april%2Fmay-eighty-three,,ride on sealed bearing mag wheel hub kit april may 1983,,RETAIN — issue-specific occurrence pending visual comparison,Indexed page 51. Image: do not reproduce scan. Text: paraphrase facts and clearly paired prices only.,2026-07-31
EPH-0245,v1.1 chronological census,V11-ABMX-0184,Product announcement / kit,Sharp Racing Products bottom-bracket boot,1983,1983,April/May 1983,Sharp Racing Products,Bearing-protection product designed to reduce bottom-bracket wear.,United Kingdom,Not applicable — period publication,,Chronological issue pass,PreviousPage exposes indexed text for BMX Action Bike — April/May 1983 — Volume 2 Number 7. This record preserves an issue-specific source occurrence and paraphrased factual details. Page-image comparison remains required before exact-layout quotation or visual identity merging.,HIGH,INDEX-ONLY,INCLUDED — indexed issue text; visual comparison pending.,https://previouspage.co.uk/magazines/BMX%20Action%20Bike/issues/60-april%2Fmay-eighty-three,,sharp racing products bottom bracket boot april may 1983,,RETAIN — issue-specific occurrence pending visual comparison,Indexed page 52. Image: do not reproduce scan. Text: paraphrase facts and clearly paired prices only.,2026-07-31
EPH-0246,v1.1 chronological census,V11-ABMX-0185,Product literature,Lee Cooper Ready to Go BMX video,1983,1983,April/May 1983,Lee Cooper; Reflex Publications,Mail-order video with commentary by Tim March and Andy Ruffell.,United Kingdom,Not applicable — period publication,,Chronological issue pass,PreviousPage exposes indexed text for BMX Action Bike — April/May 1983 — Volume 2 Number 7. This record preserves an issue-specific source occurrence and paraphrased factual details. Page-image comparison remains required before exact-layout quotation or visual identity merging.,HIGH,INDEX-ONLY,INCLUDED — indexed issue text; visual comparison pending.,https://previouspage.co.uk/magazines/BMX%20Action%20Bike/issues/60-april%2Fmay-eighty-three,,lee cooper ready to go bmx video april may 1983,,RETAIN — issue-specific occurrence pending visual comparison,Indexed page 61. Image: do not reproduce scan. Text: paraphrase facts and clearly paired prices only.,2026-07-31
EPH-0247,v1.1 chronological census,V11-ABMX-0186,Product literature,USA professional BMX action video,1983,1983,April/May 1983,BMX Video,Mail-order VHS or Betamax video featuring Harry Leary and other professionals.,United Kingdom,Not applicable — period publication,,Chronological issue pass,PreviousPage exposes indexed text for BMX Action Bike — April/May 1983 — Volume 2 Number 7. This record preserves an issue-specific source occurrence and paraphrased factual details. Page-image comparison remains required before exact-layout quotation or visual identity merging.,HIGH,INDEX-ONLY,INCLUDED — indexed issue text; visual comparison pending.,https://previouspage.co.uk/magazines/BMX%20Action%20Bike/issues/60-april%2Fmay-eighty-three,,usa professional bmx action video april may 1983,,RETAIN — issue-specific occurrence pending visual comparison,Indexed page 61. Image: do not reproduce scan. Text: paraphrase facts and clearly paired prices only.,2026-07-31
EPH-0248,v1.1 chronological census,V11-ABMX-0187,Catalog mailer,BMX Action Bike six-issue subscription offer,1983,1983,April/May 1983,BMX Action Bike,Direct subscription offer for the next six issues.,United Kingdom,Not applicable — period publication,,Chronological issue pass,PreviousPage exposes indexed text for BMX Action Bike — April/May 1983 — Volume 2 Number 7. This record preserves an issue-specific source occurrence and paraphrased factual details. Page-image comparison remains required before exact-layout quotation or visual identity merging.,HIGH,INDEX-ONLY,INCLUDED — indexed issue text; visual comparison pending.,https://previouspage.co.uk/magazines/BMX%20Action%20Bike/issues/60-april%2Fmay-eighty-three,,bmx action bike six issue subscription offer april may 1983,,RETAIN — issue-specific occurrence pending visual comparison,Indexed page 61. Image: do not reproduce scan. Text: paraphrase facts and clearly paired prices only.,2026-07-31
EPH-0249,v1.1 chronological census,V11-ABMX-0188,Contest entry form / promotion,Yamaha professional racing-outfit competition,1983,1983,April/May 1983,Yamaha; BMX Action Bike,Reader knowledge competition awarding a full racing outfit and matching pit suits.,United Kingdom,Not applicable — period publication,,Chronological issue pass,PreviousPage exposes indexed text for BMX Action Bike — April/May 1983 — Volume 2 Number 7. This record preserves an issue-specific source occurrence and paraphrased factual details. Page-image comparison remains required before exact-layout quotation or visual identity merging.,HIGH,INDEX-ONLY,INCLUDED — indexed issue text; visual comparison pending.,https://previouspage.co.uk/magazines/BMX%20Action%20Bike/issues/60-april%2Fmay-eighty-three,,yamaha professional racing outfit competition april may 1983,,RETAIN — issue-specific occurrence pending visual comparison,Indexed section located; exact page number remains pending page-image review. Indexed competition pages. Image: do not reproduce scan. Text: paraphrase facts and clearly paired prices only.,2026-07-31
EPH-0250,v1.1 chronological census,V11-ABMX-0189,Retailer advertisement / price list,Gainsborough Firebird frame-and-fork retail offer,1983,1983,April/May 1983,Gainsborough Cycle Centre; Firebird,Retail advertisement for a Firebird chromoly frame-and-fork set with headset.,United Kingdom,Not applicable — period publication,,Chronological issue pass,PreviousPage exposes indexed text for BMX Action Bike — April/May 1983 — Volume 2 Number 7. This record preserves an issue-specific source occurrence and paraphrased factual details. Page-image comparison remains required before exact-layout quotation or visual identity merging.,HIGH,INDEX-ONLY,INCLUDED — indexed issue text; visual comparison pending.,https://previouspage.co.uk/magazines/BMX%20Action%20Bike/issues/60-april%2Fmay-eighty-three,,gainsborough firebird frame and fork retail offer april may 1983,,RETAIN — issue-specific occurrence pending visual comparison,Indexed page 61. Image: do not reproduce scan. Text: paraphrase facts and clearly paired prices only.,2026-07-31
