Master ID,Source Stage,Original ID,Object Type,Title,Start Year,End Year,Date Text,Brand / Promoter,Primary Subject,Geography,BMXMuseum Status,Exact Reference ID,Source Role,Evidence / Limitation,Confidence,Rights Code,Research Status,Primary Source URL,Secondary Source URL,Normalized Duplicate Key,Duplicate Group,Canonical Action,Notes,Accessed,Category ID,Primary Category
EPH-0001,v0.5 inherited,BM-AD-0001,Catalog,1996 GT/Dyno — The BMX & Freestyle Catalog,1996,1996,1996,GT; Dyno,"Model lineup, colors, component specifications, team imagery and brand positioning for 1996.",Unresolved / varies,Reference title exposed; exact ID unresolved,,Existing public knowledge register,Public indexing exposes the title and BMXMuseum provenance but not a reliable reference ID or complete page set.,MEDIUM,INDEX-ONLY,Lead — locate exact reference ID and edition/page count.,https://www.pinterest.com/pin/bmxmuseumcom-reference-1996-gtdyno-the-bmx-freestyle-catalog--491877590560035755/,,gt dyno|1996 gt dyno the bmx freestyle catalog|1996,DUP-GTD-1996,MERGE identity; preserve source occurrence,Image: Do not copy scans. Text: Paraphrase bibliographic facts only.,2026-07-30,PKR-CAT-001,Catalogs and product literature
EPH-0002,v0.5 inherited,BM-AD-0002,Catalog,1992 GT/Dyno Product Catalog,1992,1992,1992,GT; Dyno,"Model-year lineup, specifications and GT/Dyno brand relationship.",Unresolved / varies,Reference title exposed; exact ID unresolved,,Existing public knowledge register,Title is publicly indexed; exact reference ID and completeness remain unresolved.,MEDIUM,INDEX-ONLY,Lead — locate exact reference and compare with independent catalog archives.,https://in.pinterest.com/pin/1011550766308215575/,,gt dyno|1992 gt dyno product catalog|1992,DUP-GTD-1992,MERGE identity; preserve source occurrence,Image: Do not copy scans. Text: Paraphrase bibliographic facts only.,2026-07-30,PKR-CAT-001,Catalogs and product literature
EPH-0003,v0.5 inherited,BM-AD-0003,Catalog,1999 GT/Dyno BMX/Freestyle — Part 2,1999,1999,1999,GT; Dyno,"Late-1990s model lineup, parts and visual branding.",Unresolved / varies,Reference title exposed; exact ID unresolved,,Existing public knowledge register,Only the indexed title is presently recoverable.,LOW-MEDIUM,INDEX-ONLY,"Lead — locate part 1, exact reference IDs and page ranges.",https://www.pinterest.com/pin/bmxmuseumcom-reference-1999-gtdyno-bmxfreestyle-part-2-in-2025--798192733998105769/,,gt dyno|1999 gt dyno bmx freestyle part 2|1999,DUP-GTD-1999-P2,MERGE identity; preserve source occurrence,Image: Do not copy scans. Text: Paraphrase bibliographic facts only.,2026-07-30,PKR-CAT-001,Catalogs and product literature
EPH-0004,v0.5 inherited,BM-AD-0004,Catalog,1990 Haro BMX Catalog,1990,1990,1990,Haro,"Haro's 1990 models, specifications, colors and marketing.",Unresolved / varies,Reference title exposed; exact ID unresolved,,Existing public knowledge register,Haro's official BMX archive independently lists a 1990 PDF catalog. The BMXMuseum reference ID and document completeness remain unresolved.,LOW-MEDIUM,INDEX-ONLY,Verified catalog existence — recover exact BMXMuseum ID and compare editions/pages.,https://storage.googleapis.com/dioyjtkukhpqse/haro-bmx-catalog.html,https://archive.harobikes.com/,haro|1990 haro bmx catalog|1990,DUP-HARO-1990-CAT,MERGE identity; preserve source occurrence,Image: Do not copy scans. Text: Paraphrase bibliographic facts only.,2026-07-30,PKR-CAT-001,Catalogs and product literature
EPH-0005,v0.5 inherited,BM-AD-0005,Product literature,1987 Dia-Compe 182 Aerial Brake Lever,1987,1987,1987,Dia-Compe,"Product name, year, design and marketing context.",Unresolved / varies,Reference title exposed; exact ID unresolved,,Existing public knowledge register,"Indexed title only; the object may be a catalog page, advertisement or product reference.",MEDIUM,INDEX-ONLY,"Lead — identify publication, page and exact BMXMuseum reference.",https://www.pinterest.com/pin/bmxmuseumcom-reference-1987-diacompe-182-aerial-brake-lever--731623901972849898/,,dia compe|1987 dia compe 182 aerial brake lever|1987,,RETAIN — unique source record,Image: Do not copy image. Text: Paraphrase bibliographic facts only.,2026-07-30,PKR-CAT-001,Catalogs and product literature
EPH-0006,v0.5 inherited,BM-AD-0006,Catalog,Ashtabula component catalog,1977,1977,circa 1977 (unverified),Ashtabula,"Fork sizes, steerer dimensions and product range across wheel sizes.",Unresolved / varies,Reference 5027,5027,Existing public knowledge register,Two independent technical discussions cite the exact BMXMuseum reference 5027 and describe catalog fork data. The edition date remains approximate.,HIGH for object; MEDIUM for date,INDEX-ONLY,Exact reference recovered — inspect edition/page structure only through permitted access.,https://bmxmuseum.com/reference/5027,https://thecabe.com/forum/threads/ashtabula-fork-identification-help.253603/,ashtabula|ashtabula component catalog|1977,DUP-ASHT-5027,MERGE identity; preserve source occurrence,Image: Do not copy scans. Text: Paraphrase factual specifications with attribution.,2026-07-30,PKR-CAT-001,Catalogs and product literature
EPH-0007,v0.5 inherited,BM-AD-0007,Catalog,1997 Hoffman catalog — George model specification,1997,1997,1997,Hoffman Bikes,"Model name, geometry/specification and model-year existence.",Unresolved / varies,Reference 1911,1911,Existing public knowledge register,An external forum cites the exact BMXMuseum reference for the Hoffman George. The full catalog title and edition need confirmation.,HIGH for reference existence; MEDIUM for interpreted model data,INDEX-ONLY,Open — record exact page and compare with other Hoffman catalogs.,https://bmxmuseum.com/reference/1911,https://www.radbmx.co.uk/forum/index.php?topic=181254.0,hoffman bikes|1997 hoffman catalog george model specification|1997,,RETAIN — unique source record,Image: Do not copy scans. Text: Paraphrase specifications with citation.,2026-07-30,PKR-CAT-001,Catalogs and product literature
EPH-0008,v0.5 inherited,BM-AD-0008,Magazine advertisement,Tioga Rhino III frame advertisement,1983,1983,1983 lead,Tioga; Tange,"Product launch timing, construction claims, branding and period pricing if present.",Unresolved / varies,Forum object unresolved,,Existing public knowledge register,An external old-school BMX advertisement blog links to an unresolved BMXMuseum forum discussion. The original ad and publication must be identified.,LOW-MEDIUM,INDEX-ONLY,"Lead — recover exact thread, magazine issue and page.",https://edwardkoenning.blogspot.com/2012/09/,,tioga tange|tioga rhino iii frame advertisement|1983,,RETAIN — unique source record,Image: Do not copy image. Text: Paraphrase bibliographic facts only.,2026-07-30,PKR-CAT-002,Advertisements and price lists
EPH-0009,v0.5 inherited,BM-AD-0009,Magazine advertisement,First Torker advertisement in BMX Weekly,1976,1976,December 1976,Torker,"Earliest public brand marketing, product terminology and launch chronology.",Unresolved / varies,BMXMuseum production-record ecosystem,,Existing public knowledge register,Current official Torker history states the first ad date; the actual BMXMuseum object and magazine page remain to be located.,MEDIUM-HIGH,INDEX-ONLY,Priority — locate the period issue and ad image lawfully.,https://torkerracing.com/pages/the-fullerton-era-torker-bmx-history,,torker|first torker advertisement in bmx weekly|1976,DUP-TORKER-FIRST-AD,MERGE identity; preserve source occurrence,Image: Do not copy without rights review. Text: Paraphrase date/title claims with attribution.,2026-07-30,PKR-CAT-002,Advertisements and price lists
EPH-0010,v0.5 inherited,BM-AD-0010,Magazine advertisement,First Red Line magazine advertisement featuring John Palfreyman,1970,1970,1970s; exact issue pending,Red Line; John Palfreyman,"Early Red Line rider endorsement, product testing and brand chronology.",Unresolved / varies,Redline brand gallery ecosystem,,Existing public knowledge register,USA BMX officially states Palfreyman appeared in the first Red Line magazine ad; exact publication/date/page still need recovery.,HIGH for relationship; MEDIUM for bibliographic detail,INDEX-ONLY,"Priority — identify magazine, issue, page and product shown.",https://bmxmuseum.com/bikes/redline/,https://www.usabmx.com/news-and-media/6/2012-05-10/National-BMX-Hall-of-Fame-2012-Inductees-Announced?id=580,red line john palfreyman|first red line magazine advertisement featuring john palfreyman|1970,DUP-REDLINE-FIRST-AD,MERGE identity; preserve source occurrence,Image: Do not copy without rights review. Text: Paraphrase bibliographic facts only.,2026-07-30,PKR-CAT-002,Advertisements and price lists
EPH-0011,v0.5 inherited,BM-AD-0011,Combined flyer / price-list set,JMC Racing Fliers and Price List,,,Undated,JMC Racing,"JMC product range, dealer-facing terminology, period marketing and historical prices if readable.",Unresolved / varies,Reference title exposed; exact ID unresolved,,Existing public knowledge register,"A public index explicitly identifies a BMXMuseum JMC flyer-and-price-list set. Exact reference ID, date, page count and individual prices are not exposed.",MEDIUM,INDEX-ONLY,"Priority — locate exact reference ID, count pages and transcribe only clearly labeled factual price fields.",https://www.pinterest.com/pin/jmc-bmx-fliers-and-price-list--442478732119429034/,https://www.facebook.com/groups/553888658024748/posts/27080185384968381/,jmc racing|jmc racing fliers and price list|,,RETAIN — unique source record,Image: Do not copy scans. Text: Paraphrase bibliographic and price facts only.,2026-07-30,PKR-CAT-002,Advertisements and price lists
EPH-0012,v0.5 inherited,BM-AD-0012,Dealer price list,Vintage JMC Racing Equipment dealer's price list from Azusa collection,2026,2026,Undated vintage document; public post 2026,JMC Racing; Azusa collection,Existence of a period JMC dealer-price document and possible dealer/distributor context.,Unresolved / varies,External corroborating ephemera lead,,Existing public knowledge register,"The public result exposes the document description but not a reliable issue date, complete contents or readable line-item prices.",LOW-MEDIUM,INDEX-ONLY,Corroboration lead — do not merge with BMXMuseum set until directly compared.,https://www.facebook.com/groups/553888658024748/posts/27080185384968381/,,jmc racing azusa collection|vintage jmc racing equipment dealer s price list from azusa collection|2026,,RETAIN — unique source record,Image: Do not copy image. Text: Paraphrase document description only.,2026-07-30,PKR-CAT-007,Dealers and distributors
EPH-0013,v0.5 inherited,BM-AD-0013,Magazine advertisement,July 1979 JMC advertisement,1979,1979,July 1979 issue; ran over multiple months,JMC Racing,"Period product marketing, model terminology and JMC's 1979 market presentation.",Unresolved / varies,First-party JMC historical archive object,,Existing public knowledge register,JMC's historical archive identifies the source as the July 1979 Bicycle Motocross Action issue and says the advertisement appeared over many months. Page and full copy are not transcribed.,HIGH for bibliographic identity,INDEX-ONLY / PERMISSION REQUIRED,Included — index metadata; do not reproduce image or extended copy.,https://jmcbmx.wordpress.com/2010/02/03/july-1979-advertisement/,https://jmcbmx.wordpress.com/page/3/,jmc racing|july 1979 jmc advertisement|1979,,RETAIN — unique source record,Image: Do not copy; BMXA imagery requires Bob Osborn's written permission. Text: Paraphrase bibliographic facts only.,2026-07-30,PKR-CAT-002,Advertisements and price lists
EPH-0014,v0.5 inherited,BM-AD-0014,Magazine advertisement,April 1981 JMC advertisement,1981,1981,April 1981; appeared in multiple months,JMC Racing; Black Shadow; 3.1 XL,Black Shadow naming after chrome introduction; 3.1 XL 110-lb limit and frame relationship; comparative geometry claim.,Unresolved / varies,First-party JMC historical archive object,,Existing public knowledge register,"The JMC archive identifies Super BMX as the publication and summarizes several claims. Exact page, repeated issues and full advertisement copy remain unresolved.",HIGH for source/date; MEDIUM-HIGH for summarized claims,INDEX-ONLY,Included — preserve claim-level evidence and recover page/issue details.,https://jmcbmx.wordpress.com/2010/02/03/april-1981-advertisement/,https://jmcbmx.wordpress.com/page/3/,jmc racing black shadow 3 1 xl|april 1981 jmc advertisement|1981,,RETAIN — unique source record,Image: Do not copy advertisement image. Text: Paraphrase specific factual claims with attribution.,2026-07-30,PKR-CAT-002,Advertisements and price lists
EPH-0015,v0.5 inherited,BM-AD-0015,Team advertisement,1981 JMC Factory Team advertisement,1981,1981,1981,JMC Racing; JMC Factory Team,"Factory-team roster context, team presentation and period branding.",Unresolved / varies,First-party JMC historical archive object,,Existing public knowledge register,"The first-party archive confirms the object title and year. Publication, month, issue and complete rider identifications remain unresolved.",MEDIUM-HIGH,INDEX-ONLY,Included — identify publication/issue and riders shown before detailed extraction.,https://jmcbmx.wordpress.com/2010/02/03/81-jmc-factory-team-advertisement/,https://jmcbmx.wordpress.com/page/3/,jmc racing jmc factory team|1981 jmc factory team advertisement|1981,,RETAIN — unique source record,Image: Do not copy advertisement image. Text: Paraphrase bibliographic facts only.,2026-07-30,PKR-CAT-006,"Teams, riders, and brand campaigns"
EPH-0016,v0.5 inherited,BM-AD-0016,Promotional announcement / naming contest,JMC 3.1 XL naming-contest announcement,1980,1980,1980,JMC Racing; Bicycle Harbor of Arizona; Matt Raymer,"Product naming chronology, dealer collaboration and origin of the 3.1 XL name.",Unresolved / varies,Period ABA-paper announcement not yet recovered,,Existing public knowledge register,JMC's first-party history states the contest ran with Bicycle Harbor of Arizona in the ABA paper and that Matt Raymer supplied the winning name. The announcement itself is not yet located.,HIGH for historical claim; LOW for object recovery,INDEX-ONLY,Lead — locate the ABA paper issue and announcement; do not imply an exact scan has been found.,https://jmcbmx.wordpress.com/about/,,jmc racing bicycle harbor of arizona matt raymer|jmc 3 1 xl naming contest announcement|1980,,RETAIN — unique source record,Image: No image recovered. Text: Paraphrase first-party historical claim.,2026-07-30,PKR-CAT-004,Contests and promotions
EPH-0017,v0.6,GTD-OBJ-0001,Catalog,1992 GT/Dyno Product Catalog,1992,1992,1992,GT; Dyno,"Model-year lineup, GT/Dyno relationship and page-level printed prices.",Unresolved / varies,Publicly indexed title and price-bearing pages; exact canonical ID unresolved,,GT/Dyno sequence,"Two indexed pages expose $259 and $319, but exact page numbers, currency and price basis are not established.",MEDIUM,INDEX-ONLY,"OPEN — exact reference, full pagination and price labels",https://in.pinterest.com/pin/1011550766308215575/,https://www.pinterest.com/pin/430304939389697452/,gt dyno|1992 gt dyno product catalog|1992,DUP-GTD-1992,MERGE identity; preserve source occurrence,Do not identify the $319 bicycle without adjacent page context.,2026-07-30,PKR-CAT-001,Catalogs and product literature
EPH-0018,v0.6,GTD-OBJ-0002,Catalog,1996 GT/Dyno — The BMX & Freestyle Catalog,1996,1996,1996,GT; Dyno,"Mid-1990s BMX/freestyle lineup, brand architecture, models and specifications.",Unresolved / varies,Publicly indexed title; exact canonical ID unresolved,,GT/Dyno sequence,"A public resale listing describes a 22-page 1996 catalog, but this does not resolve the BMXMuseum ID or prove completeness.",MEDIUM,INDEX-ONLY,OPEN — recover exact reference and compare page count,https://www.pinterest.com/pin/bmxmuseumcom-reference-1996-gtdyno-the-bmx-freestyle-catalog--491877590560035755/,,gt dyno|1996 gt dyno the bmx freestyle catalog|1996,DUP-GTD-1996,MERGE identity; preserve source occurrence,Catalog-object existence is stronger than page-level extraction.,2026-07-30,PKR-CAT-001,Catalogs and product literature
EPH-0019,v0.6,GTD-OBJ-0003,Catalog,1999 GT/Dyno BMX/Freestyle — Part 2,1999,1999,1999,GT; Dyno,"Late-1990s model lineup, components and division of a multi-part reference set.",Unresolved / varies,Publicly indexed title; exact canonical ID unresolved,,GT/Dyno sequence,"Only Part 2 is publicly indexed in this pass; Part 1, page range and exact BMXMuseum ID remain open.",LOW-MEDIUM,INDEX-ONLY,OPEN — locate Part 1 and canonical links,https://www.pinterest.com/pin/bmxmuseumcom-reference-1999-gtdyno-bmxfreestyle-part-2-in-2025--798192733998105769/,,gt dyno|1999 gt dyno bmx freestyle part 2|1999,DUP-GTD-1999-P2,MERGE identity; preserve source occurrence,Keep multi-part object hierarchy explicit.,2026-07-30,PKR-CAT-001,Catalogs and product literature
EPH-0020,v0.6,GTD-OBJ-0004,Retailer advertisement / price list,Dynamic BMX complete-bike price advertisement,1987,1987,August 1987,GT; Dyno; Haro; Auburn,Contemporaneous advertised prices for GT and Dyno complete bikes.,Unresolved / varies,Independent period publication; not a BMXMuseum object,,GT/Dyno sequence,"OCR is uneven. Only clearly legible model/price pairs are preserved; prices are retailer advertisements, not manufacturer MSRP.",MEDIUM-HIGH for clear rows,INDEX-ONLY,INCLUDED — clear prices only,https://previouspage.co.uk/issues/245-august-nineteen-eighty-seven,,gt dyno haro auburn|dynamic bmx complete bike price advertisement|1987,,RETAIN — unique source record,"US publication context supports USD, but seller identity should be checked from page image before stronger claims.",2026-07-30,PKR-CAT-002,Advertisements and price lists
EPH-0021,v0.6,GTD-OBJ-0005,Retailer advertisement / price list,Complete-bike mail-order price advertisement,1987,1987,July 1987,GT; Dyno; Skyway; Haro,Contemporaneous advertised prices and cross-brand retail comparison.,Unresolved / varies,Independent period publication; not a BMXMuseum object,,GT/Dyno sequence,OCR is uneven; the four GT rows retained here are clear enough for a price observation but remain retailer prices.,MEDIUM-HIGH for clear rows,INDEX-ONLY,INCLUDED — clear prices only,https://previouspage.co.uk/magazines/BMX%20Plus/issues/244-july-nineteen-eighty-seven,,gt dyno skyway haro|complete bike mail order price advertisement|1987,,RETAIN — unique source record,Do not merge duplicate model prices across sellers/issues.,2026-07-30,PKR-CAT-002,Advertisements and price lists
EPH-0022,v0.6,GTD-OBJ-0006,Contest entry form / promotion,BMX Plus! / GT Hide-A-Contest entry form,1987,1987,Deadline 1987-09-28; drawing 1987-10-05,GT; BMX Plus!,"GT promotional partnership, contest dates, entry mechanism and period audience marketing.",Unresolved / varies,Independent period publication; not a BMXMuseum object,,GT/Dyno sequence,The indexed page exposes deadline and drawing dates; prize/object details require page-image inspection.,HIGH for dates,INDEX-ONLY,INCLUDED — bibliographic facts; prize details open,https://previouspage.co.uk/issues/245-august-nineteen-eighty-seven,,gt bmx plus|bmx plus gt hide a contest entry form|1987,DUP-GT-HIDE-CONTEST,MERGE identity; preserve source occurrence,"Classified as promotional entry form, not event flyer or catalog.",2026-07-30,PKR-CAT-004,Contests and promotions
EPH-0023,v0.7,HAR-OBJ-0001,Catalog,1990 Haro BMX Catalog,1990,1990,1990,Haro,Existence of a Haro-issued 1990 catalog and official year placement.,Unresolved / varies,Catalog existence verified; exact BMXMuseum ID unresolved,,Official manufacturer archive,Official archive confirms the catalog year but does not expose the unresolved BMXMuseum canonical ID in this pass.,HIGH for existence,INDEX-ONLY,OPEN — recover BMXMuseum ID and compare file pagination,https://archive.harobikes.com/bmx,https://www.bmx-catalogue.com/haro/mid-school/1990/model.html,haro|1990 haro bmx catalog|1990,DUP-HARO-1990-CAT,MERGE identity; preserve source occurrence,Official archive outranks model-recreation pages for catalog existence.,2026-07-30,PKR-CAT-001,Catalogs and product literature
EPH-0024,v0.7,HAR-OBJ-0002,Catalog model page,1990 Haro Group 1A,1990,1990,1990,Haro,"Model-year existence, full-chromoly claim, race positioning and selected component descriptions.",Unresolved / varies,No exact BMXMuseum model-page ID established,,Enthusiast catalog reconstruction,BMX-Catalogue presents recreated catalog content; treat as corroboration until checked against Haro's PDF.,MEDIUM-HIGH,INDEX-ONLY,INCLUDED WITH ATTRIBUTION,https://www.bmx-catalogue.com/haro/mid-school/1990/group-1a.html,https://archive.harobikes.com/bmx,haro|1990 haro group 1a|1990,,RETAIN — unique source record,Do not treat serial guidance as factory documentation without separate validation.,2026-07-30,PKR-CAT-001,Catalogs and product literature
EPH-0025,v0.7,HAR-OBJ-0003,Catalog model page,1990 Haro Group 1B,1990,1990,1990,Haro,Model-year existence and chromoly main-tube construction claim.,Unresolved / varies,No exact BMXMuseum model-page ID established,,Enthusiast catalog reconstruction,Public reconstruction is useful for discovery; original Haro page comparison remains required.,MEDIUM,INDEX-ONLY,INCLUDED WITH ATTRIBUTION,https://www.bmx-catalogue.com/haro/mid-school/1990/group-1b.html,https://archive.harobikes.com/bmx,haro|1990 haro group 1b|1990,,RETAIN — unique source record,Model detail intentionally limited to exposed claims.,2026-07-30,PKR-CAT-001,Catalogs and product literature
EPH-0026,v0.7,HAR-OBJ-0004,Catalog model page,1990 Haro Group 1C,1990,1990,1990,Haro,Model-year existence within the three-model Group 1 range.,Unresolved / varies,No exact BMXMuseum model-page ID established,,Enthusiast catalog reconstruction,"The 1990 overview explicitly names Group 1A, 1B and 1C; full page detail awaits direct comparison.",MEDIUM-HIGH,INDEX-ONLY,INCLUDED WITH ATTRIBUTION,https://www.bmx-catalogue.com/haro/mid-school/1990/group-1c.html,https://www.bmx-catalogue.com/haro/mid-school/1990/model.html,haro|1990 haro group 1c|1990,,RETAIN — unique source record,Keep Group 1 variants as distinct objects.,2026-07-30,PKR-CAT-001,Catalogs and product literature
EPH-0027,v0.7,HAR-OBJ-0005,Catalog model page,1990 Haro Master / Team Master,1990,1990,1990,Haro,"Master model-year existence, refined bashguard/longer wheelbase claims, colors and limited Team Master availability.",Unresolved / varies,No exact BMXMuseum model-page ID established,,Enthusiast catalog reconstruction,Claims come from a recreated catalog page; verify wording and availability against the official PDF.,MEDIUM-HIGH,INDEX-ONLY,INCLUDED WITH ATTRIBUTION,https://www.bmx-catalogue.com/haro/mid-school/1990/master.html,https://archive.harobikes.com/bmx,haro|1990 haro master team master|1990,,RETAIN — unique source record,Master and Team Master remain linked but separately identifiable variants.,2026-07-30,PKR-CAT-001,Catalogs and product literature
EPH-0028,v0.7,HAR-OBJ-0006,Catalog model page,1990 Haro Invert,1990,1990,1990,Haro,"Model-year existence, relation to Sport geometry and selected equipment.",Unresolved / varies,No exact BMXMuseum model-page ID established,,Enthusiast catalog reconstruction,Reconstruction should be compared against official scan before exact-copy or specification claims are elevated.,MEDIUM-HIGH,INDEX-ONLY,INCLUDED WITH ATTRIBUTION,https://www.bmx-catalogue.com/haro/mid-school/1990/invert.html,https://archive.harobikes.com/bmx,haro|1990 haro invert|1990,,RETAIN — unique source record,Paraphrase only.,2026-07-30,PKR-CAT-001,Catalogs and product literature
EPH-0029,v0.7,HAR-OBJ-0007,Catalog model list,1990 Haro Shredder,1990,1990,1990,Haro,Model-year existence and broad freestyle/street/track classification.,Unresolved / varies,No exact BMXMuseum model-page ID established,,Indexed enthusiast model registry,"The advanced registry lists the model, but a dedicated catalog page was not recovered in this pass.",MEDIUM,INDEX-ONLY,OPEN — locate original catalog page,https://www.bmx-catalogue.com/advanced-search.html,https://archive.harobikes.com/bmx,haro|1990 haro shredder|1990,,RETAIN — unique source record,Do not infer complete specification.,2026-07-30,PKR-CAT-001,Catalogs and product literature
EPH-0030,v0.7,HAR-OBJ-0008,Catalog mailer / advertisement,1991 Haro/Fusion catalog offer,1991,1991,1991 catalog; ad in Nov 1991,Haro; Fusion,"Catalog distribution mechanism, $2 mailer price, Haro/Fusion relationship and distributor context.",Unresolved / varies,Not a BMXMuseum object in this pass,,Independent period publication,"Period publication exposes the offer; retain as promotional ephemera, not as the catalog itself.",HIGH for offer,INDEX-ONLY,INCLUDED — mailer object,https://www.previouspage.co.uk/issues/131-november-nineteen-ninety-one,https://archive.harobikes.com/bmx,haro fusion|1991 haro fusion catalog offer|1991,DUP-HARO-1991-MAILER,MERGE identity; preserve source occurrence,Catalog fee is not a bicycle price.,2026-07-30,PKR-CAT-003,"Mailers, stickers, and information packs"
EPH-0031,v0.7,ASH-OBJ-0001,Component catalog,Ashtabula component catalog,1977,1977,circa 1977; date provisional,Ashtabula,Catalog-object identity and a period component range.,Unresolved / varies,BMXMuseum reference 5027,5027,EXACT EXTERNAL DIRECT LINK,Two technical discussions independently cite reference 5027; the edition date remains approximate.,HIGH for ID; MEDIUM for date,INDEX-ONLY,EXACT ID RECOVERED,https://bmxmuseum.com/reference/5027,https://thecabe.com/forum/threads/ashtabula-fork-identification-help.253603/,ashtabula|ashtabula component catalog|1977,DUP-ASHT-5027,MERGE identity; preserve source occurrence,Canonical link preserved without direct blocked-path retrieval.,2026-07-30,PKR-CAT-001,Catalogs and product literature
EPH-0032,v0.7,ASH-OBJ-0002,Catalog claim,Ashtabula crank length range,1977,1977,circa 1977; interpretation,Ashtabula,A discussion reports catalog cranks up to 6-1/2 inches.,Unresolved / varies,Derived from reference 5027 discussion,5027,EXTERNAL TECHNICAL INTERPRETATION,"This is an externally interpreted catalog fact, not direct page transcription in this research route.",MEDIUM,INDEX-ONLY,INCLUDED WITH ATTRIBUTION,https://thecabe.com/forum/threads/ashtabula-fork-identification-help.253603/,https://bmxmuseum.com/reference/5027,ashtabula|ashtabula crank length range|1977,,RETAIN — unique source record,Verify page image when lawful access is available.,2026-07-30,PKR-CAT-001,Catalogs and product literature
EPH-0033,v0.7,ASH-OBJ-0003,Catalog claim,Ashtabula fork sizing and 6-3/4-inch steerer discussion,1977,1977,circa 1977; interpretation,Ashtabula,A discussion describes fork offerings across wheel sizes and a 6-3/4-inch steerer.,Unresolved / varies,Derived from reference 5027 discussion,5027,EXTERNAL TECHNICAL INTERPRETATION,Technical interpretation depends on the cited discussion; retain attribution and do not generalize beyond the described page.,MEDIUM,INDEX-ONLY,INCLUDED WITH ATTRIBUTION,https://thecabe.com/forum/threads/ashtabula-fork-identification-help.253603/,https://bmxmuseum.com/reference/5027,ashtabula|ashtabula fork sizing and 6 3 4 inch steerer discussion|1977,,RETAIN — unique source record,Ground-clearance rationale is an interpreted claim.,2026-07-30,PKR-CAT-001,Catalogs and product literature
EPH-0034,v0.7,ASH-OBJ-0004,Manufacturer/distributor catalog page,Mongoose 1979/80 catalog — Ashtabula one-piece cranks,1979,1979,1979/80,Mongoose; Ashtabula,5-1/2-inch and 6-1/2-inch Ashtabula one-piece crank offerings within the Mongoose component catalog.,Unresolved / varies,Independent period PDF,,PERIOD CATALOG PAGE,"Page image was inspected in this research sequence. It corroborates product presence, not the edition/date of reference 5027.",HIGH,INDEX-ONLY,INCLUDED — visual page inspected,https://www.vintagemongoose.com/pdfs/mongoose_cat79-80.pdf,https://www.vintagemongoose.com/info/catalogs.php,mongoose ashtabula|mongoose 1979 80 catalog ashtabula one piece cranks|1979,,RETAIN — unique source record,Do not copy the catalog page into the register.,2026-07-30,PKR-CAT-001,Catalogs and product literature
EPH-0035,v0.7,ASH-OBJ-0005,Manufacturer/distributor catalog page,Mongoose 1976–77 accessories — Ashtabula/Cecor pedals,1976,1976,1976–77,Mongoose; Ashtabula/Cecor,Ashtabula/Cecor pedal listing alongside early BMX components.,Unresolved / varies,Independent period PDF,,PERIOD CATALOG PAGE,Page image was inspected; exact OEM/branding relationship requires separate corporate verification.,MEDIUM-HIGH,INDEX-ONLY,INCLUDED — visual page inspected,https://www.vintagemongoose.com/pdfs/mongoose_cat76-77.pdf,https://www.vintagemongoose.com/info/catalogs.php,mongoose ashtabula cecor|mongoose 1976 77 accessories ashtabula cecor pedals|1976,,RETAIN — unique source record,Record product listing without claiming manufacturing origin.,2026-07-30,PKR-CAT-001,Catalogs and product literature
EPH-0036,v0.8,MB-OBJ-0001,Product catalog,1978 Redline product catalog,1978,1978,1978,Redline,"Introduction of purpose-built stem, seat clamp and seat post alongside frames/forks.",Unresolved / varies,BMXMuseum comparison ecosystem; exact catalog reference not recovered,,Historical brand archive,Current historical archive summarizes the catalog; original page structure and BMXMuseum ID remain open.,MEDIUM-HIGH,INDEX-ONLY,INCLUDED WITH ATTRIBUTION,https://www.redlinevintagebmx.com/redline-history,,redline|1978 redline product catalog|1978,,RETAIN — unique source record,Do not reproduce archive images.,2026-07-30,PKR-CAT-001,Catalogs and product literature
EPH-0037,v0.8,MB-OBJ-0002,Magazine advertisement,First Red Line magazine advertisement featuring John Palfreyman,1970,1970,1970s; exact issue open,Redline,Early rider endorsement and product-testing relationship.,Unresolved / varies,Existing master relationship; exact bibliographic object unresolved,,Official rider-history corroboration,"USA BMX supports the rider/ad relationship; publication, issue, page and product still require recovery.",HIGH for relationship; MEDIUM for object,INDEX-ONLY,OPEN — exact issue/page,https://www.usabmx.com/news-and-media/6/2012-05-10/National-BMX-Hall-of-Fame-2012-Inductees-Announced?id=580,https://www.redlinevintagebmx.com/redline-history,redline|first red line magazine advertisement featuring john palfreyman|1970,DUP-REDLINE-FIRST-AD,MERGE identity; preserve source occurrence,Relationship remains stronger than bibliographic detail.,2026-07-30,PKR-CAT-002,Advertisements and price lists
EPH-0038,v0.8,MB-OBJ-0003,Product announcement / kit,RL 20 II Prostyler first dedicated freestyle kit,1985,1985,Summer 1985,Redline,"Launch period and kit configuration as frame, fork, handlebars and Dia-Compe 880 brakeset.",Unresolved / varies,No exact BMXMuseum object recovered,,Historical brand archive,Modern historical page summarizes the launch; period advertisement/catalog page remains to be located.,MEDIUM-HIGH,INDEX-ONLY,INCLUDED WITH ATTRIBUTION,https://www.redlinevintagebmx.com/the-rl-40-project,,redline|rl 20 ii prostyler first dedicated freestyle kit|1985,,RETAIN — unique source record,Separate launch claim from surviving-bike authenticity.,2026-07-30,PKR-CAT-008,Product announcements and technical material
EPH-0039,v0.8,MB-OBJ-0004,Archive collection,Vintage Mongoose catalog and dealer-price archive,1970,1970,1970s onward,Mongoose,"Existence of downloadable brochures, dealer price sheets and catalog corpus.",Unresolved / varies,Uses original BMX Products catalogs and BMXMuseum/community evidence,,Specialist historical archive,Archive stewardship does not automatically grant republication rights for each scan.,HIGH for archive scope,INDEX-ONLY,INCLUDED — discovery hub,https://www.vintagemongoose.com/,https://www.vintagemongoose.com/info/catalogs.php,mongoose|vintage mongoose catalog and dealer price archive|1970,,RETAIN — unique source record,Preserve item-level source and rights data.,2026-07-30,PKR-CAT-009,Editorial tests and historical documentation
EPH-0040,v0.8,MB-OBJ-0005,Manufacturer catalog,1976–77 Bicycle and Components Catalog,1976,1976,1976–77,Mongoose,"Early Mongoose products, components, part numbers and distributor context.",Unresolved / varies,Independent corroborating catalog; exact BMXMuseum object not established,,Period catalog PDF,Page images may be inspected for facts; the scan is not embedded or republished.,HIGH,INDEX-ONLY,INCLUDED — page inspected,https://www.vintagemongoose.com/pdfs/mongoose_cat76-77.pdf,https://www.vintagemongoose.com/info/catalogs.php,mongoose|1976 77 bicycle and components catalog|1976,,RETAIN — unique source record,Visual evidence recorded without copying.,2026-07-30,PKR-CAT-001,Catalogs and product literature
EPH-0041,v0.8,MB-OBJ-0006,Manufacturer catalog,1979/80 Bicycle and Components Catalog,1979,1979,1979/80,Mongoose,"Bicycle lineup, accessory range and component relationships including Ashtabula cranks.",Unresolved / varies,Independent corroborating catalog; exact BMXMuseum object not established,,Period catalog PDF,Catalog date is printed on cover; page-specific claims remain tied to inspected pages.,HIGH,INDEX-ONLY,INCLUDED — page inspected,https://www.vintagemongoose.com/pdfs/mongoose_cat79-80.pdf,https://www.vintagemongoose.com/info/catalogs.php,mongoose|1979 80 bicycle and components catalog|1979,,RETAIN — unique source record,Do not treat hosted scan as public-domain.,2026-07-30,PKR-CAT-001,Catalogs and product literature
EPH-0042,v0.8,MB-OBJ-0007,Distributor price list,1985 Repco price list — Mongoose and parts,1985,1985,1985,Mongoose,Australian distributor pricing and cross-brand distribution context.,Unresolved / varies,No exact BMXMuseum object established,,Australian collector/research archive,Public summary exposes selected prices; currency is likely AUD from Australian context but should be verified from the scan.,MEDIUM,INDEX-ONLY,INCLUDED WITH CURRENCY CAUTION,https://www.bloggingadeadhorse.com/hotfoot2.php,https://www.vintagemongoose.com/,mongoose|1985 repco price list mongoose and parts|1985,,RETAIN — unique source record,Do not transcribe unseen rows.,2026-07-30,PKR-CAT-007,Dealers and distributors
EPH-0043,v0.8,MB-OBJ-0008,Product-history object,PK Ripper late-1970s debut,1970,1970,Late 1970s,SE Racing,Early high-end aluminum BMX frame chronology and PK Ripper continuity.,Unresolved / varies,No exact BMXMuseum catalog/ad object recovered,,Current official brand history,"Current marketing history supports a broad debut claim, not an exact first advertisement or catalog page.",MEDIUM-HIGH,INDEX-ONLY,INCLUDED WITH ATTRIBUTION,https://www.sebikes.com/blogs/news/elite-race-series,https://www.sebikes.com/pages/perry-kramer,se racing|pk ripper late 1970s debut|1970,,RETAIN — unique source record,Exact debut date and first-page object remain open.,2026-07-30,PKR-CAT-009,Editorial tests and historical documentation
EPH-0044,v0.8,MB-OBJ-0009,Rider/model naming history,Perry Kramer initials on PK Ripper,1979,1979,Since early 1979,SE Racing,Rider-to-model naming relationship and approximate start period.,Unresolved / varies,No exact BMXMuseum object recovered,,First-person official rider page,First-person statement supports the relationship; catalog/advertisement evidence remains separate.,HIGH for relationship,INDEX-ONLY,INCLUDED — relationship evidence,https://www.sebikes.com/pages/perry-kramer,https://www.sebikes.com/blogs/news/classic-1,se racing|perry kramer initials on pk ripper|1979,,RETAIN — unique source record,Do not convert approximate timing into exact launch date.,2026-07-30,PKR-CAT-006,"Teams, riders, and brand campaigns"
EPH-0045,v0.8,MB-OBJ-0010,Team/product advertisement,Silver Streak team advertisement and product naming,1982,1982,1982,Diamond Back,"1981 ABA factory-team award, Silver Streak naming relationship and period promotional language.",Unresolved / varies,No exact BMXMuseum reference recovered,,Period publication,Repeated issues support campaign continuity; exact original US placement and complete copy are not reproduced.,HIGH for period object,INDEX-ONLY,INCLUDED — campaign object,https://previouspage.co.uk/magazines/BMX%20Action%20Bike/issues/13-april%2Fmay-eighty-two,https://previouspage.co.uk/magazines/BMX%20Action%20Bike/issues/25-october%2Fnovember-eighty-two,diamond back|silver streak team advertisement and product naming|1982,,RETAIN — unique source record,Historical styling retained as Diamond Back.,2026-07-30,PKR-CAT-006,"Teams, riders, and brand campaigns"
EPH-0046,v0.8,MB-OBJ-0011,Information-pack mailer,Free Diamond Back and Pro Star info pack and decal,1982,1982,1982,Diamond Back,Direct-to-factory information-pack offer and decal promotion.,Unresolved / varies,No exact BMXMuseum reference recovered,,Period publication,The offer is visible in multiple issues; contents of the pack are not recovered in this pass.,HIGH for offer,INDEX-ONLY,INCLUDED — mailer/flyer lead,https://previouspage.co.uk/magazines/BMX%20Action%20Bike/issues/13-april%2Fmay-eighty-two,https://previouspage.co.uk/magazines/BMX%20Action%20Bike/issues/57-august%2Fseptember-eighty-two,diamond back|free diamond back and pro star info pack and decal|1982,DUP-DB-INFO-PACK,MERGE identity; preserve source occurrence,Do not count the unseen pack as multiple documents.,2026-07-30,PKR-CAT-003,"Mailers, stickers, and information packs"
EPH-0047,v0.8,MB-OBJ-0012,Magazine advertisement,First Torker advertisement in BMX Weekly,1976,1976,December 1976,Torker,Brand-launch chronology and earliest reported public advertisement.,Unresolved / varies,BMXMuseum production-record ecosystem; exact ad page unresolved,,Current official historical archive,Official Torker history supplies the date; period issue/page and exact image remain to be recovered.,MEDIUM-HIGH,INDEX-ONLY,OPEN — period issue/page,https://torkerracing.com/pages/the-fullerton-era-torker-bmx-history,https://torkerracing.com/pages/torker-bmx-models,torker|first torker advertisement in bmx weekly|1976,DUP-TORKER-FIRST-AD,MERGE identity; preserve source occurrence,Existing master record retained and strengthened.,2026-07-30,PKR-CAT-002,Advertisements and price lists
EPH-0048,v0.8,MB-OBJ-0013,Model archive,Fullerton-era Torker model archive,1976,1984,1976–1984,Torker,"Chronological model sequence, serial families, factory colors and rider associations.",Unresolved / varies,Explicitly cites BMXMuseum production research,,Current official historical archive,Modern official synthesis draws from BMXMuseum and period magazines; each underlying claim should retain source attribution.,HIGH for archive role,INDEX-ONLY,INCLUDED — discovery and verification hub,https://torkerracing.com/pages/torker-bmx-models,https://torkerracing.com/pages/the-fullerton-era-torker-bmx-history,torker|fullerton era torker model archive|1976,,RETAIN — unique source record,"Useful for cross-linking, not a substitute for period scans.",2026-07-30,PKR-CAT-009,Editorial tests and historical documentation
EPH-0049,v0.8,MB-OBJ-0014,Factory-team history,1979 National Number One team / 1980 world-pro chronology,1979,1980,1979–1980,Torker,Team and rider chronology relevant to advertisements and team flyers.,Unresolved / varies,BMXMuseum production and team-history ecosystem,,Current official historical archive,Modern historical synthesis should be cross-checked against period result and team-ad objects.,MEDIUM-HIGH,INDEX-ONLY,INCLUDED WITH ATTRIBUTION,https://torkerracing.com/blogs/news/torker-bmx-number-one-team-in-america,https://torkerracing.com/pages/torker-bmx-hall-of-fame,torker|1979 national number one team 1980 world pro chronology|1979,,RETAIN — unique source record,Relationship leads for future team-flyer sweep.,2026-07-30,PKR-CAT-006,"Teams, riders, and brand campaigns"
EPH-0050,v0.9,SEQ-FLY-0001,Event flyer / trade-exhibition notice,Pontin's BMX Open Championships & Trade Exhibition,1983,1983,1983-10-07 to 1983-10-09,Pontin's; UK BMX organizers,"Open championships, trade exhibition and BMX holiday weekend","Morecambe, England, United Kingdom",No exact BMXMuseum object recovered,,Period magazine advertisement / booking form,People: Mike Pardon; Andy Preston (freestyle demos referenced in surrounding promotion); Venue: Pontin's Middleton Tower Holiday Centre; Offer: Booking and trade forms offered; race weekend over three dates,HIGH,INDEX-ONLY,INCLUDED — exact dates/venue,https://previouspage.co.uk/magazines/BMX%20Action%20Bike/issues/64-september-nineteen-eighty-three,,pontin s uk bmx organizers|pontin s bmx open championships trade exhibition|1983,,RETAIN — unique source record,Image: Do not copy page image. Text: Paraphrase event facts and form function. September and October issues support the campaign; preserve issue-specific occurrences.,2026-07-30,PKR-CAT-005,"Events, registration, and membership"
EPH-0051,v0.9,SEQ-FLY-0002,Event registration coupon,Lee Cooper BMX Indoor Grand Prix pre-registration,1982,1982,Winter 1982–83; exact event dates open,Lee Cooper,Indoor BMX racing and stunt event; Diamond Back Teamfinder first-round context,"Edmonton, London, United Kingdom",No exact BMXMuseum object recovered,,Period magazine coupon,People: Rider roster not fully extracted; Venue: Pickett's Lock Centre; Offer: Coupon requested latest information and pre-registration forms,MEDIUM-HIGH,INDEX-ONLY,INCLUDED — exact dates pending,https://previouspage.co.uk/magazines/BMX%20Action%20Bike/issues/58-december%2Fjanuary-eighty-two,,lee cooper|lee cooper bmx indoor grand prix pre registration|1982,,RETAIN — unique source record,Image: Do not copy coupon image. Text: Paraphrase form and event function. Do not infer event dates from issue month.,2026-07-30,PKR-CAT-005,"Events, registration, and membership"
EPH-0052,v0.9,SEQ-FLY-0003,Event entry / pre-registration advertisement,AFA Expert & Pro Contest — Austin,1987,1987,1987-05-02 to 1987-05-03,AFA,"Expert/pro freestyle contest; $2,000 purse","Austin, Texas, United States",No exact BMXMuseum object recovered,,Period event advertisement,People: Dennis McCoy; Robert Peterson; Rick Allison; other pros; Venue: Austin City Coliseum; Offer: Pre-registration only; expert and pro classes,HIGH,INDEX-ONLY,INCLUDED,https://previouspage.co.uk/magazines/BMX%20Plus/issues/244-july-nineteen-eighty-seven,,afa|afa expert pro contest austin|1987,,RETAIN — unique source record,"Image: Do not copy advertisement. Text: Paraphrase event facts, classes and dates. The event was advertised in multiple issues; preserve first-seen and repeated placements separately if later itemized.",2026-07-30,PKR-CAT-005,"Events, registration, and membership"
EPH-0053,v0.9,SEQ-FLY-0004,Contest entry form,BMX Plus! / GT Hide-A-Contest,1987,1987,Deadline 1987-09-28; drawing 1987-10-05,GT; BMX Plus!,Reader contest and GT promotion,United States,No exact BMXMuseum object recovered,,Period contest entry form,People: Not applicable; Venue: Mail-in entry; Offer: No purchase necessary; mail-in form with published deadline and drawing date,HIGH for dates,INDEX-ONLY,INCLUDED — prize details open,https://previouspage.co.uk/issues/245-august-nineteen-eighty-seven,,gt bmx plus|bmx plus gt hide a contest|1987,DUP-GT-HIDE-CONTEST,MERGE identity; preserve source occurrence,"Image: Do not copy form image. Text: Paraphrase dates and contest structure. Promotional entry form, not a race flyer.",2026-07-30,PKR-CAT-004,Contests and promotions
EPH-0054,v0.9,SEQ-FLY-0005,Information-pack mailer,Diamond Back and Pro Star Info Pack & Decal,1982,1982,1982 campaign,Diamond Back; Pro Star,Product information pack and decal,United States origin; advertised in United Kingdom publication,No exact BMXMuseum object recovered,,Period product mailer advertisement,People: Diamond Back factory team / Harry Leary context in campaign copy; Venue: Direct-to-factory mail request; Offer: Free info pack and decal offered,HIGH for offer,INDEX-ONLY,INCLUDED — contents unresolved,https://previouspage.co.uk/magazines/BMX%20Action%20Bike/issues/13-april%2Fmay-eighty-two,,diamond back pro star|diamond back and pro star info pack decal|1982,DUP-DB-INFO-PACK,MERGE identity; preserve source occurrence,Image: Do not copy advertisement. Text: Paraphrase offer; unseen pack not inventoried. Repeated placements do not prove multiple pack editions.,2026-07-30,PKR-CAT-003,"Mailers, stickers, and information packs"
EPH-0055,v0.9,SEQ-FLY-0006,Catalog mailer,1991 Haro/Fusion catalog request,1991,1991,Advertisement in Nov 1991,Haro; Fusion; West Coast Cycle,1991 product catalog,"Carlsbad, California, United States",Haro 1990 BMXMuseum reference ID remains unresolved; mailer is independent,,Period catalog mailer,People: Not applicable; Venue: Mail request; Offer: Send $2 for a 1991 catalog,HIGH,INDEX-ONLY,INCLUDED,https://www.previouspage.co.uk/issues/131-november-nineteen-ninety-one,,haro fusion west coast cycle|1991 haro fusion catalog request|1991,DUP-HARO-1991-MAILER,MERGE identity; preserve source occurrence,Image: Do not copy ad image. Text: Paraphrase offer and distributor context. Catalog-request fee stored separately from product prices.,2026-07-30,PKR-CAT-003,"Mailers, stickers, and information packs"
EPH-0056,v0.9,SEQ-FLY-0007,Dealer price-list / sticker offer,Send SAE for price list and free sticker,1982,1982,September 1982,Retailer/dealer unresolved from indexed alignment,BMX products and dealer price list,United Kingdom,No exact BMXMuseum object recovered,,Period retailer advertisement,People: Not applicable; Venue: Mail-order dealer advertisement; Offer: Self-addressed envelope for price list and free sticker,MEDIUM,INDEX-ONLY,INCLUDED WITH LIMITS,https://previouspage.co.uk/magazines/BMX%20Weekly/issues/213-september-nineteen-eighty-two,,retailer dealer unresolved from indexed alignment|send sae for price list and free sticker|1982,,RETAIN — unique source record,Image: Do not copy advertisement. Text: Paraphrase offer; dealer identity pending page inspection. OCR alignment requires visual verification before dealer attribution.,2026-07-30,PKR-CAT-003,"Mailers, stickers, and information packs"
EPH-0057,v0.9,SEQ-FLY-0008,Event notice / contact flyer,"Ramp Jam — Moorhead, Minnesota",1987,1987,1987-05-02,Local organizer; Rob Staiger contact,Ramp Jam,"Moorhead, Minnesota, United States",No exact BMXMuseum object recovered,,Period magazine event notice,People: Ramp riders; Venue: Venue not exposed in indexed text; Offer: Contact Rob Staiger for information,MEDIUM-HIGH,INDEX-ONLY,INCLUDED — venue open,https://previouspage.co.uk/magazines/BMX%20Plus/issues/243-may-nineteen-eighty-seven,,local organizer rob staiger contact|ramp jam moorhead minnesota|1987,,RETAIN — unique source record,Image: Do not copy notice. Text: Paraphrase date/location/contact role; do not republish address. Personal street address from period notice is intentionally not stored.,2026-07-30,PKR-CAT-005,"Events, registration, and membership"
EPH-0058,v0.9,SEQ-FLY-0009,Tour promotion / route notice,DYNO Tour promotional stop listing,1987,1987,1987,Dyno,Freestyle tour / dealer-stop promotion,United States,GT/Dyno catalog IDs unresolved; tour object independent,,Period magazine promotional notice,People: Tour riders not fully extracted; Venue: Multiple stops; exact venues not itemized; Offer: Publicity listing of stops and route context,MEDIUM,INDEX-ONLY,INCLUDED — stops pending,https://previouspage.co.uk/magazines/BMX%20Plus/issues/244-july-nineteen-eighty-seven,,dyno|dyno tour promotional stop listing|1987,,RETAIN — unique source record,Image: Do not copy page image. Text: Paraphrase tour existence; itemize stops only after page inspection. Do not create named venue records from city-only OCR.,2026-07-30,PKR-CAT-005,"Events, registration, and membership"
EPH-0059,v0.9,SEQ-FLY-0010,Event prize promotion,Diamond Back Silver Streak free draw at Lee Cooper event,1982,1982,Winter 1982–83,Lee Cooper; Diamond Back,Two Silver Streak bicycles offered in free daily draws,"Edmonton, London, United Kingdom",No exact BMXMuseum object recovered,,Period event promotion,People: Event attendees; Venue: Lee Cooper BMX Indoor Grand Prix context; Offer: Free draw each day for riders attending,MEDIUM-HIGH,INDEX-ONLY,INCLUDED,https://previouspage.co.uk/magazines/BMX%20Action%20Bike/issues/58-december%2Fjanuary-eighty-two,,lee cooper diamond back|diamond back silver streak free draw at lee cooper event|1982,,RETAIN — unique source record,Image: Do not copy promotion. Text: Paraphrase prize relationship and event context. Separate from the pre-registration coupon because it verifies a distinct brand-event relationship.,2026-07-30,PKR-CAT-004,Contests and promotions
EPH-0060,v0.9,SEQ-FLY-0011,Dealer advertisement / price-list lead,Langsett Cycles BMX product advertisement,1983,1983,December 1983 issue,Langsett Cycles,"Complete bikes, frames/forks, wheels and components","Sheffield, England, United Kingdom",No exact BMXMuseum object recovered,,Period dealer advertisement,People: Not applicable; Venue: Langsett Cycles; Offer: Retail prices and carriage terms; broad product inventory,MEDIUM-HIGH,INDEX-ONLY,INCLUDED — deeper transcription deferred,https://previouspage.co.uk/magazines/BMX%20Action%20Bike/issues/87-december%20%2F%20january-eighty-three,,langsett cycles|langsett cycles bmx product advertisement|1983,,RETAIN — unique source record,Image: Do not copy advertisement. Text: Extract only clearly aligned line items. Dealer advertisement is not a manufacturer price sheet.,2026-07-30,PKR-CAT-007,Dealers and distributors
EPH-0061,v0.9,SEQ-FLY-0012,Dealer/shop advertisement,SR Cycles product and team promotion,1983,1983,October 1983,SR Cycles; SR Jets,Dealer inventory and team-linked purchase promotion,Bristol / United Kingdom,No exact BMXMuseum object recovered,,Period dealer advertisement,People: SR Jets; Venue: SR Cycles; Offer: Free SR Jets race shirt with each bike bought through end of October; money-order hold offer,MEDIUM-HIGH,INDEX-ONLY,INCLUDED,https://previouspage.co.uk/magazines/BMX%20Action%20Bike/issues/85-october-nineteen-eighty-three,,sr cycles sr jets|sr cycles product and team promotion|1983,,RETAIN — unique source record,"Image: Do not copy advertisement. Text: Paraphrase offer and brand list. Connects dealer, team identity, brands and timed promotion.",2026-07-30,PKR-CAT-007,Dealers and distributors
EPH-0062,v1.1 expansion,V11-ABMX-0001,Retailer advertisement / price list,Midlands Cycles BMX mail-order special offers,1982,1982,April/May 1982,Midlands Cycles; Suntour; Araya; MKS,"Mail-order component and wheel prices, including Suntour drivetrain parts and Araya/Suzue wheels.",United Kingdom,Not applicable — period publication,,v1.1 chronological issue pass,"PreviousPage exposes indexed text for BMX Action Bike, April/May 1982, Volume 2 Number 1. This record preserves the source occurrence and paraphrased factual details; visual layout and OCR alignment should be checked against the page image before exact quotation.",MEDIUM-HIGH,INDEX-ONLY,INCLUDED — indexed issue text; verify page image before exact-layout quotation.,https://previouspage.co.uk/magazines/BMX%20Action%20Bike/issues/13-april%2Fmay-eighty-two,,midlands cycles suntour araya mks midlands cycles bmx mail order special offers 1982,,RETAIN — unique issue object,Indexed page 2. Image: Do not copy scans. Text: Paraphrase bibliographic facts and clearly paired prices only.,2026-07-31,PKR-CAT-002,Advertisements and price lists
EPH-0063,v1.1 expansion,V11-ABMX-0002,Information-pack mailer,Serval Marketing BMX product list and recommended-prices offer,1982,1982,April/May 1982,Serval Marketing; JT Racing; AME; Oakley; Johar,"Trade and consumer offer for a complete BMX product list, recommended prices, and nearest-dealer information.",United Kingdom,Not applicable — period publication,,v1.1 chronological issue pass,"PreviousPage exposes indexed text for BMX Action Bike, April/May 1982, Volume 2 Number 1. This record preserves the source occurrence and paraphrased factual details; visual layout and OCR alignment should be checked against the page image before exact quotation.",MEDIUM-HIGH,INDEX-ONLY,INCLUDED — indexed issue text; verify page image before exact-layout quotation.,https://previouspage.co.uk/magazines/BMX%20Action%20Bike/issues/13-april%2Fmay-eighty-two,,serval marketing jt racing ame oakley johar serval marketing bmx product list and recommended prices offer 1982,,RETAIN — unique issue object,Indexed page 3. Image: Do not copy scans. Text: Paraphrase bibliographic facts and clearly paired prices only.,2026-07-31,PKR-CAT-003,"Mailers, stickers, and information packs"
EPH-0064,v1.1 expansion,V11-ABMX-0003,Retailer advertisement / price list,Strongs Cycles Kuwahara and Red Line frame/component advertisement,1982,1982,April/May 1982,Strongs Cycles; Kuwahara; Red Line; Dia-Compe,"Mail-order advertisement for Kuwahara and Red Line frames, Dia-Compe controls, and wheel components.",United Kingdom,Not applicable — period publication,,v1.1 chronological issue pass,"PreviousPage exposes indexed text for BMX Action Bike, April/May 1982, Volume 2 Number 1. This record preserves the source occurrence and paraphrased factual details; visual layout and OCR alignment should be checked against the page image before exact quotation.",MEDIUM-HIGH,INDEX-ONLY,INCLUDED — indexed issue text; verify page image before exact-layout quotation.,https://previouspage.co.uk/magazines/BMX%20Action%20Bike/issues/13-april%2Fmay-eighty-two,,strongs cycles kuwahara red line dia compe strongs cycles kuwahara and red line frame component advertisement 1982,,RETAIN — unique issue object,Indexed page 5. Image: Do not copy scans. Text: Paraphrase bibliographic facts and clearly paired prices only.,2026-07-31,PKR-CAT-002,Advertisements and price lists
EPH-0065,v1.1 expansion,V11-ABMX-0004,Dealer/shop advertisement,Gecko BMX product range and free Redline/Kuwahara patch offer,1982,1982,April/May 1982,Gecko Leisure Products; Redline; Kuwahara; Race Inc.; MCS,"Multi-page dealer/importer advertisement covering bikes, frames, wheels, components, protection, apparel, and a free patch offer.",United Kingdom,Not applicable — period publication,,v1.1 chronological issue pass,"PreviousPage exposes indexed text for BMX Action Bike, April/May 1982, Volume 2 Number 1. This record preserves the source occurrence and paraphrased factual details; visual layout and OCR alignment should be checked against the page image before exact quotation.",MEDIUM-HIGH,INDEX-ONLY,INCLUDED — indexed issue text; verify page image before exact-layout quotation.,https://previouspage.co.uk/magazines/BMX%20Action%20Bike/issues/13-april%2Fmay-eighty-two,,gecko leisure products redline kuwahara race inc mcs gecko bmx product range and free redline kuwahara patch offer 1982,,RETAIN — unique issue object,Indexed pages 6–7. Image: Do not copy scans. Text: Paraphrase bibliographic facts and clearly paired prices only.,2026-07-31,PKR-CAT-007,Dealers and distributors
EPH-0066,v1.1 expansion,V11-ABMX-0005,Dealer price-list / sticker offer,Hotshot BMX complete-bike special and free price-list/sticker offer,1982,1982,April/May 1982,Hotshot BMX; Mongoose; Redline; Kuwahara; Diamond Back; GT,Complete Hotshot BMX race-bike offer plus a mail-in free price list and sticker promotion.,United Kingdom,Not applicable — period publication,,v1.1 chronological issue pass,"PreviousPage exposes indexed text for BMX Action Bike, April/May 1982, Volume 2 Number 1. This record preserves the source occurrence and paraphrased factual details; visual layout and OCR alignment should be checked against the page image before exact quotation.",MEDIUM-HIGH,INDEX-ONLY,INCLUDED — indexed issue text; verify page image before exact-layout quotation.,https://previouspage.co.uk/magazines/BMX%20Action%20Bike/issues/13-april%2Fmay-eighty-two,,hotshot bmx mongoose redline kuwahara diamond back gt hotshot bmx complete bike special and free price list sticker offer 1982,,REVIEW — recurring campaign/feature candidate; retain separately pending page-image comparison,Indexed page 8. Image: Do not copy scans. Text: Paraphrase bibliographic facts and clearly paired prices only.,2026-07-31,PKR-CAT-003,"Mailers, stickers, and information packs"
EPH-0067,v1.1 expansion,V11-ABMX-0006,Contest entry form / promotion,BMX Action Bike London Dungeon caption competition,1982,1982,April/May 1982,BMX Action Bike; London Dungeon,"Reader caption competition offering family admission, tea, T-shirts, stickers, and badges.",United Kingdom,Not applicable — period publication,,v1.1 chronological issue pass,"PreviousPage exposes indexed text for BMX Action Bike, April/May 1982, Volume 2 Number 1. This record preserves the source occurrence and paraphrased factual details; visual layout and OCR alignment should be checked against the page image before exact quotation.",MEDIUM-HIGH,INDEX-ONLY,INCLUDED — indexed issue text; verify page image before exact-layout quotation.,https://previouspage.co.uk/magazines/BMX%20Action%20Bike/issues/13-april%2Fmay-eighty-two,,bmx action bike london dungeon bmx action bike london dungeon caption competition 1982,,RETAIN — unique issue object,Indexed page 13. Image: Do not copy scans. Text: Paraphrase bibliographic facts and clearly paired prices only.,2026-07-31,PKR-CAT-004,Contests and promotions
EPH-0068,v1.1 expansion,V11-ABMX-0007,Contest entry form,BMX Action Bike GT Pro 4 bicycle giveaway,1982,1982,April/May 1982,BMX Action Bike; GT,"Official coupon competition to win a GT Pro 4, with a free BMX Action Bike sticker offer for qualifying entrants.",United Kingdom,Not applicable — period publication,,v1.1 chronological issue pass,"PreviousPage exposes indexed text for BMX Action Bike, April/May 1982, Volume 2 Number 1. This record preserves the source occurrence and paraphrased factual details; visual layout and OCR alignment should be checked against the page image before exact quotation.",HIGH,INDEX-ONLY,INCLUDED — indexed issue text; verify page image before exact-layout quotation.,https://previouspage.co.uk/magazines/BMX%20Action%20Bike/issues/13-april%2Fmay-eighty-two,,bmx action bike gt bmx action bike gt pro 4 bicycle giveaway 1982,,RETAIN — unique issue object,Indexed pages 14–15. Image: Do not copy scans. Text: Paraphrase bibliographic facts and clearly paired prices only.,2026-07-31,PKR-CAT-004,Contests and promotions
EPH-0069,v1.1 expansion,V11-ABMX-0008,Information-pack mailer,Kenda Karate free sticker mailer,1982,1982,April/May 1982,"Kenda; Moore, Large & Co.",Mail-in offer for a free Kenda Karate sticker using a stamped addressed envelope.,United Kingdom,Not applicable — period publication,,v1.1 chronological issue pass,"PreviousPage exposes indexed text for BMX Action Bike, April/May 1982, Volume 2 Number 1. This record preserves the source occurrence and paraphrased factual details; visual layout and OCR alignment should be checked against the page image before exact quotation.",HIGH,INDEX-ONLY,INCLUDED — indexed issue text; verify page image before exact-layout quotation.,https://previouspage.co.uk/magazines/BMX%20Action%20Bike/issues/13-april%2Fmay-eighty-two,,kenda moore large co kenda karate free sticker mailer 1982,,RETAIN — unique issue object,Indexed page 15. Image: Do not copy scans. Text: Paraphrase bibliographic facts and clearly paired prices only.,2026-07-31,PKR-CAT-003,"Mailers, stickers, and information packs"
EPH-0070,v1.1 expansion,V11-ABMX-0009,Catalog mailer,BMX Action Bike track and club list mailer,1982,1982,April/May 1982,BMX Action Bike; UKBMX Publications,Mail-order copy of the magazine's track and club list for a stated fee and stamped addressed envelope.,United Kingdom,Not applicable — period publication,,v1.1 chronological issue pass,"PreviousPage exposes indexed text for BMX Action Bike, April/May 1982, Volume 2 Number 1. This record preserves the source occurrence and paraphrased factual details; visual layout and OCR alignment should be checked against the page image before exact quotation.",HIGH,INDEX-ONLY,INCLUDED — indexed issue text; verify page image before exact-layout quotation.,https://previouspage.co.uk/magazines/BMX%20Action%20Bike/issues/13-april%2Fmay-eighty-two,,bmx action bike ukbmx publications bmx action bike track and club list mailer 1982,,RETAIN — unique issue object,Indexed page 16. Image: Do not copy scans. Text: Paraphrase bibliographic facts and clearly paired prices only.,2026-07-31,PKR-CAT-003,"Mailers, stickers, and information packs"
EPH-0071,v1.1 expansion,V11-ABMX-0010,Product literature,SJK Hurricane complete bike and frame-kit advertisement,1982,1982,April/May 1982,SJK Products,British-made SJK Hurricane complete-bike advertisement with frame-kit availability and product specifications.,United Kingdom,Not applicable — period publication,,v1.1 chronological issue pass,"PreviousPage exposes indexed text for BMX Action Bike, April/May 1982, Volume 2 Number 1. This record preserves the source occurrence and paraphrased factual details; visual layout and OCR alignment should be checked against the page image before exact quotation.",MEDIUM-HIGH,INDEX-ONLY,INCLUDED — indexed issue text; verify page image before exact-layout quotation.,https://previouspage.co.uk/magazines/BMX%20Action%20Bike/issues/13-april%2Fmay-eighty-two,,sjk products sjk hurricane complete bike and frame kit advertisement 1982,,RETAIN — unique issue object,Indexed page 39. Image: Do not copy scans. Text: Paraphrase bibliographic facts and clearly paired prices only.,2026-07-31,PKR-CAT-001,Catalogs and product literature
EPH-0072,v1.1 expansion,V11-ABMX-0011,Retailer advertisement / price list,CAMM Power Stem dealer advertisement,1982,1982,April/May 1982,CAMM Distributing,Dealer advertisement for a Power Stem with stated recommended retail price.,United Kingdom,Not applicable — period publication,,v1.1 chronological issue pass,"PreviousPage exposes indexed text for BMX Action Bike, April/May 1982, Volume 2 Number 1. This record preserves the source occurrence and paraphrased factual details; visual layout and OCR alignment should be checked against the page image before exact quotation.",MEDIUM-HIGH,INDEX-ONLY,INCLUDED — indexed issue text; verify page image before exact-layout quotation.,https://previouspage.co.uk/magazines/BMX%20Action%20Bike/issues/13-april%2Fmay-eighty-two,,camm distributing camm power stem dealer advertisement 1982,,RETAIN — unique issue object,Indexed page 40. Image: Do not copy scans. Text: Paraphrase bibliographic facts and clearly paired prices only.,2026-07-31,PKR-CAT-002,Advertisements and price lists
EPH-0073,v1.1 expansion,V11-ABMX-0012,Product-history object,Diamond Back Silver Streak test report and projected retail price,1982,1982,April/May 1982,Diamond Back; BMX Action Bike,"Editorial product test documenting geometry, component observations, Harry Leary's bottom-bracket input, and an approximate launch price.",United Kingdom,Not applicable — period publication,,v1.1 chronological issue pass,"PreviousPage exposes indexed text for BMX Action Bike, April/May 1982, Volume 2 Number 1. This record preserves the source occurrence and paraphrased factual details; visual layout and OCR alignment should be checked against the page image before exact quotation.",HIGH,INDEX-ONLY,INCLUDED — indexed issue text; verify page image before exact-layout quotation.,https://previouspage.co.uk/magazines/BMX%20Action%20Bike/issues/13-april%2Fmay-eighty-two,,diamond back bmx action bike diamond back silver streak test report and projected retail price 1982,,RETAIN — unique issue object,Indexed pages 44–45. Image: Do not copy scans. Text: Paraphrase bibliographic facts and clearly paired prices only.,2026-07-31,PKR-CAT-009,Editorial tests and historical documentation
EPH-0074,v1.1 expansion,V11-ABMX-0013,Event registration coupon,UKBMX membership and racing-licence application form,1982,1982,April/May 1982,UKBMX,"Membership application and licence information with annual, temporary, insurance-extension, and event-fee amounts.",United Kingdom,Not applicable — period publication,,v1.1 chronological issue pass,"PreviousPage exposes indexed text for BMX Action Bike, April/May 1982, Volume 2 Number 1. This record preserves the source occurrence and paraphrased factual details; visual layout and OCR alignment should be checked against the page image before exact quotation.",HIGH,INDEX-ONLY,INCLUDED — indexed issue text; verify page image before exact-layout quotation.,https://previouspage.co.uk/magazines/BMX%20Action%20Bike/issues/13-april%2Fmay-eighty-two,,ukbmx ukbmx membership and racing licence application form 1982,,RETAIN — unique issue object,Indexed page 46. Image: Do not copy scans. Text: Paraphrase bibliographic facts and clearly paired prices only.,2026-07-31,PKR-CAT-005,"Events, registration, and membership"
EPH-0075,v1.1 expansion,V11-ABMX-0014,Catalog mailer,BMX Action Bike back-issue mailer,1982,1982,April/May 1982,BMX Action Bike; UKBMX Publications,Mail-order offer for selected Official BMX back issues at a stated per-copy price.,United Kingdom,Not applicable — period publication,,v1.1 chronological issue pass,"PreviousPage exposes indexed text for BMX Action Bike, April/May 1982, Volume 2 Number 1. This record preserves the source occurrence and paraphrased factual details; visual layout and OCR alignment should be checked against the page image before exact quotation.",HIGH,INDEX-ONLY,INCLUDED — indexed issue text; verify page image before exact-layout quotation.,https://previouspage.co.uk/magazines/BMX%20Action%20Bike/issues/13-april%2Fmay-eighty-two,,bmx action bike ukbmx publications bmx action bike back issue mailer 1982,,REVIEW — recurring campaign/feature candidate; retain separately pending page-image comparison,Indexed page 46. Image: Do not copy scans. Text: Paraphrase bibliographic facts and clearly paired prices only.,2026-07-31,PKR-CAT-003,"Mailers, stickers, and information packs"
EPH-0076,v1.1 expansion,V11-ABMX-0015,Product announcement / kit,Stronglite prototype frame and fork announcement,1982,1982,April/May 1982,Stronglite; Paul Harvey,Prototype British BMX frame-and-fork announcement with projected chromoly retail price.,United Kingdom,Not applicable — period publication,,v1.1 chronological issue pass,"PreviousPage exposes indexed text for BMX Action Bike, April/May 1982, Volume 2 Number 1. This record preserves the source occurrence and paraphrased factual details; visual layout and OCR alignment should be checked against the page image before exact quotation.",MEDIUM,INDEX-ONLY,INCLUDED — indexed issue text; verify page image before exact-layout quotation.,https://previouspage.co.uk/magazines/BMX%20Action%20Bike/issues/13-april%2Fmay-eighty-two,,stronglite paul harvey stronglite prototype frame and fork announcement 1982,,RETAIN — unique issue object,Indexed page 49. Image: Do not copy scans. Text: Paraphrase bibliographic facts and clearly paired prices only.,2026-07-31,PKR-CAT-008,Product announcements and technical material
EPH-0077,v1.1 expansion,V11-ABMX-0016,Retailer advertisement / price list,Prolite racing helmet retailer offer,1982,1982,April/May 1982,Prolite; Freewheeler,Retail offer for a fiberglass Prolite racing helmet at a stated price.,United Kingdom,Not applicable — period publication,,v1.1 chronological issue pass,"PreviousPage exposes indexed text for BMX Action Bike, April/May 1982, Volume 2 Number 1. This record preserves the source occurrence and paraphrased factual details; visual layout and OCR alignment should be checked against the page image before exact quotation.",MEDIUM-HIGH,INDEX-ONLY,INCLUDED — indexed issue text; verify page image before exact-layout quotation.,https://previouspage.co.uk/magazines/BMX%20Action%20Bike/issues/13-april%2Fmay-eighty-two,,prolite freewheeler prolite racing helmet retailer offer 1982,,RETAIN — unique issue object,Indexed page 49. Image: Do not copy scans. Text: Paraphrase bibliographic facts and clearly paired prices only.,2026-07-31,PKR-CAT-002,Advertisements and price lists
EPH-0078,v1.1 expansion,V11-ABMX-0017,Retailer advertisement / price list,Pacer racing gloves retailer offer,1982,1982,April/May 1982,Pacer; Gecko,Retail offer for padded blue-and-white leather Pacer racing gloves.,United Kingdom,Not applicable — period publication,,v1.1 chronological issue pass,"PreviousPage exposes indexed text for BMX Action Bike, April/May 1982, Volume 2 Number 1. This record preserves the source occurrence and paraphrased factual details; visual layout and OCR alignment should be checked against the page image before exact quotation.",HIGH,INDEX-ONLY,INCLUDED — indexed issue text; verify page image before exact-layout quotation.,https://previouspage.co.uk/magazines/BMX%20Action%20Bike/issues/13-april%2Fmay-eighty-two,,pacer gecko pacer racing gloves retailer offer 1982,,RETAIN — unique issue object,Indexed page 49. Image: Do not copy scans. Text: Paraphrase bibliographic facts and clearly paired prices only.,2026-07-31,PKR-CAT-002,Advertisements and price lists
EPH-0079,v1.1 expansion,V11-ABMX-0018,Information-pack mailer,BMX Action Bike assorted sticker packet offer,1982,1982,April/May 1982,BMX Action Bike; UKBMX Publications,Mail-order packet of seven assorted BMX stickers for a stated fee and stamped addressed envelope.,United Kingdom,Not applicable — period publication,,v1.1 chronological issue pass,"PreviousPage exposes indexed text for BMX Action Bike, April/May 1982, Volume 2 Number 1. This record preserves the source occurrence and paraphrased factual details; visual layout and OCR alignment should be checked against the page image before exact quotation.",HIGH,INDEX-ONLY,INCLUDED — indexed issue text; verify page image before exact-layout quotation.,https://previouspage.co.uk/magazines/BMX%20Action%20Bike/issues/13-april%2Fmay-eighty-two,,bmx action bike ukbmx publications bmx action bike assorted sticker packet offer 1982,,RETAIN — unique issue object,Indexed page 51. Image: Do not copy scans. Text: Paraphrase bibliographic facts and clearly paired prices only.,2026-07-31,PKR-CAT-003,"Mailers, stickers, and information packs"
EPH-0080,v1.1 expansion,V11-ABMX-0019,Dealer price-list / sticker offer,MX 1000 brake-pair and BMX catalogue offer,1982,1982,April/May 1982,MX 1000; retailer unresolved from indexed alignment,Mail-order MX 1000 front-and-rear brake-pair price plus a low-cost BMX catalogue request offer.,United Kingdom,Not applicable — period publication,,v1.1 chronological issue pass,"PreviousPage exposes indexed text for BMX Action Bike, April/May 1982, Volume 2 Number 1. This record preserves the source occurrence and paraphrased factual details; visual layout and OCR alignment should be checked against the page image before exact quotation.",MEDIUM-HIGH,INDEX-ONLY,INCLUDED — indexed issue text; verify page image before exact-layout quotation.,https://previouspage.co.uk/magazines/BMX%20Action%20Bike/issues/13-april%2Fmay-eighty-two,,mx 1000 retailer unresolved from indexed alignment mx 1000 brake pair and bmx catalogue offer 1982,,RETAIN — unique issue object,Indexed page 51. Image: Do not copy scans. Text: Paraphrase bibliographic facts and clearly paired prices only.,2026-07-31,PKR-CAT-003,"Mailers, stickers, and information packs"
EPH-0081,v1.1 chronological census,V11-ABMX-0020,Magazine advertisement,Stadium Cycles Atomic Star range advertisement,1982,1982,June/July 1982,Stadium Cycles; Atomic Star,"Dealer advertisement describing the Atomic Star BMX range, specifications, finishes, and availability.",United Kingdom,Not applicable — period publication,,Chronological issue pass,PreviousPage exposes indexed text for BMX Action Bike — June/July 1982 — Volume 2 Number 2. This record preserves an issue-specific source occurrence and paraphrased factual details. Page-image comparison remains required before exact-layout quotation or visual identity merging.,MEDIUM-HIGH,INDEX-ONLY,INCLUDED — indexed issue text; visual comparison pending.,https://previouspage.co.uk/magazines/BMX%20Action%20Bike/issues/14-june%2Fjuly-eighty-two,,stadium cycles atomic star range advertisement june july 1982,,RETAIN — issue-specific occurrence pending visual comparison,Indexed pages 4–5. Image: do not reproduce scan. Text: paraphrase facts and clearly paired prices only.,2026-07-31,PKR-CAT-002,Advertisements and price lists
EPH-0082,v1.1 chronological census,V11-ABMX-0021,Distributor price list,Ron Kitching BMX component-distributor brand list,1982,1982,June/July 1982,Ron Kitching; SunTour; Dia-Compe; MKS; Tange,Distributor advertisement identifying major imported BMX component brands available through dealers.,United Kingdom,Not applicable — period publication,,Chronological issue pass,PreviousPage exposes indexed text for BMX Action Bike — June/July 1982 — Volume 2 Number 2. This record preserves an issue-specific source occurrence and paraphrased factual details. Page-image comparison remains required before exact-layout quotation or visual identity merging.,HIGH,INDEX-ONLY,INCLUDED — indexed issue text; visual comparison pending.,https://previouspage.co.uk/magazines/BMX%20Action%20Bike/issues/14-june%2Fjuly-eighty-two,,ron kitching bmx component distributor brand list june july 1982,,RETAIN — issue-specific occurrence pending visual comparison,Indexed page 8. Image: do not reproduce scan. Text: paraphrase facts and clearly paired prices only.,2026-07-31,PKR-CAT-007,Dealers and distributors
EPH-0083,v1.1 chronological census,V11-ABMX-0022,Event notice / contact flyer,Raleigh Raceline event-listing service,1982,1982,June/July 1982,Raleigh; BMX Action Bike,Telephone and mail service for weekend race information and track-operator event submissions.,United Kingdom,Not applicable — period publication,,Chronological issue pass,PreviousPage exposes indexed text for BMX Action Bike — June/July 1982 — Volume 2 Number 2. This record preserves an issue-specific source occurrence and paraphrased factual details. Page-image comparison remains required before exact-layout quotation or visual identity merging.,HIGH,INDEX-ONLY,INCLUDED — indexed issue text; visual comparison pending.,https://previouspage.co.uk/magazines/BMX%20Action%20Bike/issues/14-june%2Fjuly-eighty-two,,raleigh raceline event listing service june july 1982,,RETAIN — issue-specific occurrence pending visual comparison,Indexed page 15. Image: do not reproduce scan. Text: paraphrase facts and clearly paired prices only.,2026-07-31,PKR-CAT-005,"Events, registration, and membership"
EPH-0084,v1.1 chronological census,V11-ABMX-0023,Event prize promotion,Halfords free BMX jersey promotion,1982,1982,June/July 1982,Halfords,Limited-time free BMX jersey promotion tied to the Halfords BMX bicycle and accessory range.,United Kingdom,Not applicable — period publication,,Chronological issue pass,PreviousPage exposes indexed text for BMX Action Bike — June/July 1982 — Volume 2 Number 2. This record preserves an issue-specific source occurrence and paraphrased factual details. Page-image comparison remains required before exact-layout quotation or visual identity merging.,HIGH,INDEX-ONLY,INCLUDED — indexed issue text; visual comparison pending.,https://previouspage.co.uk/magazines/BMX%20Action%20Bike/issues/14-june%2Fjuly-eighty-two,,halfords free bmx jersey promotion june july 1982,,RETAIN — issue-specific occurrence pending visual comparison,Indexed page 21. Image: do not reproduce scan. Text: paraphrase facts and clearly paired prices only.,2026-07-31,PKR-CAT-004,Contests and promotions
EPH-0085,v1.1 chronological census,V11-ABMX-0024,Retailer advertisement / price list,Hotshot BMX complete-bike special and petrol bonus,1982,1982,June/July 1982,Hotshot BMX Racing,"Complete-bike special with petrol reimbursement, free post and delivery, and broad component availability.",United Kingdom,Not applicable — period publication,,Chronological issue pass,PreviousPage exposes indexed text for BMX Action Bike — June/July 1982 — Volume 2 Number 2. This record preserves an issue-specific source occurrence and paraphrased factual details. Page-image comparison remains required before exact-layout quotation or visual identity merging.,HIGH,INDEX-ONLY,INCLUDED — indexed issue text; visual comparison pending.,https://previouspage.co.uk/magazines/BMX%20Action%20Bike/issues/14-june%2Fjuly-eighty-two,,hotshot bmx complete bike special and petrol bonus june july 1982,,RETAIN — issue-specific occurrence pending visual comparison,Indexed page 22. Image: do not reproduce scan. Text: paraphrase facts and clearly paired prices only.,2026-07-31,PKR-CAT-002,Advertisements and price lists
EPH-0086,v1.1 chronological census,V11-ABMX-0025,Dealer price-list / sticker offer,Hotshot free price-list and sticker mailer,1982,1982,June/July 1982,Hotshot BMX Racing,"Mail-in offer for a free price list and sticker, supported by the Hotshot race van.",United Kingdom,Not applicable — period publication,,Chronological issue pass,PreviousPage exposes indexed text for BMX Action Bike — June/July 1982 — Volume 2 Number 2. This record preserves an issue-specific source occurrence and paraphrased factual details. Page-image comparison remains required before exact-layout quotation or visual identity merging. Potential recurring-campaign relationship with EPH-0240 (Hotshot price-list / free-sticker campaign); do not merge without page-image comparison.,HIGH,INDEX-ONLY,INCLUDED — indexed issue text; visual comparison pending.,https://previouspage.co.uk/magazines/BMX%20Action%20Bike/issues/14-june%2Fjuly-eighty-two,,hotshot free price list and sticker mailer june july 1982,,REVIEW — recurring campaign/feature candidate; retain separately pending page-image comparison,Indexed page 22. Image: do not reproduce scan. Text: paraphrase facts and clearly paired prices only.,2026-07-31,PKR-CAT-003,"Mailers, stickers, and information packs"
EPH-0087,v1.1 chronological census,V11-ABMX-0026,Product-history object,Guisborough national race report,1982,1982,June/July 1982,UKBMX; Tucker's Tornadoes,Contemporary national-race report documenting the Guisborough track and rider results.,United Kingdom,Not applicable — period publication,,Chronological issue pass,PreviousPage exposes indexed text for BMX Action Bike — June/July 1982 — Volume 2 Number 2. This record preserves an issue-specific source occurrence and paraphrased factual details. Page-image comparison remains required before exact-layout quotation or visual identity merging.,MEDIUM-HIGH,INDEX-ONLY,INCLUDED — indexed issue text; visual comparison pending.,https://previouspage.co.uk/magazines/BMX%20Action%20Bike/issues/14-june%2Fjuly-eighty-two,,guisborough national race report june july 1982,,RETAIN — issue-specific occurrence pending visual comparison,Indexed pages 17–24. Image: do not reproduce scan. Text: paraphrase facts and clearly paired prices only.,2026-07-31,PKR-CAT-009,Editorial tests and historical documentation
EPH-0088,v1.1 chronological census,V11-ABMX-0027,Factory-team history,Diamond Back northern-team sponsorship notice,1982,1982,June/July 1982,Diamond Back; Tucker's Tornadoes,Report identifying Tucker's Tornadoes as Diamond Back's official northern team.,United Kingdom,Not applicable — period publication,,Chronological issue pass,PreviousPage exposes indexed text for BMX Action Bike — June/July 1982 — Volume 2 Number 2. This record preserves an issue-specific source occurrence and paraphrased factual details. Page-image comparison remains required before exact-layout quotation or visual identity merging.,HIGH,INDEX-ONLY,INCLUDED — indexed issue text; visual comparison pending.,https://previouspage.co.uk/magazines/BMX%20Action%20Bike/issues/14-june%2Fjuly-eighty-two,,diamond back northern team sponsorship notice june july 1982,,RETAIN — issue-specific occurrence pending visual comparison,Indexed section located; exact page number remains pending page-image review. Indexed race-report pages. Image: do not reproduce scan. Text: paraphrase facts and clearly paired prices only.,2026-07-31,PKR-CAT-006,"Teams, riders, and brand campaigns"
EPH-0089,v1.1 chronological census,V11-ABMX-0028,Product-history object,GT Pro 4 road and race test,1982,1982,June/July 1982,GT; Greg Hill,"Editorial test of the GT Pro 4 covering handling, geometry, cornering, and rider fit.",United Kingdom,Not applicable — period publication,,Chronological issue pass,PreviousPage exposes indexed text for BMX Action Bike — June/July 1982 — Volume 2 Number 2. This record preserves an issue-specific source occurrence and paraphrased factual details. Page-image comparison remains required before exact-layout quotation or visual identity merging.,HIGH,INDEX-ONLY,INCLUDED — indexed issue text; visual comparison pending.,https://previouspage.co.uk/magazines/BMX%20Action%20Bike/issues/14-june%2Fjuly-eighty-two,,gt pro 4 road and race test june july 1982,,RETAIN — issue-specific occurrence pending visual comparison,Indexed pages 25–29. Image: do not reproduce scan. Text: paraphrase facts and clearly paired prices only.,2026-07-31,PKR-CAT-009,Editorial tests and historical documentation
EPH-0090,v1.1 chronological census,V11-ABMX-0029,Product literature,GT Pro 4 specification sheet,1982,1982,June/July 1982,GT,"Specification listing for frame, fork, bars, wheels, brakes, drivetrain, saddle, and approximate retail price.",United Kingdom,Not applicable — period publication,,Chronological issue pass,PreviousPage exposes indexed text for BMX Action Bike — June/July 1982 — Volume 2 Number 2. This record preserves an issue-specific source occurrence and paraphrased factual details. Page-image comparison remains required before exact-layout quotation or visual identity merging.,HIGH,INDEX-ONLY,INCLUDED — indexed issue text; visual comparison pending.,https://previouspage.co.uk/magazines/BMX%20Action%20Bike/issues/14-june%2Fjuly-eighty-two,,gt pro 4 specification sheet june july 1982,,RETAIN — issue-specific occurrence pending visual comparison,Indexed page 29. Image: do not reproduce scan. Text: paraphrase facts and clearly paired prices only.,2026-07-31,PKR-CAT-001,Catalogs and product literature
EPH-0091,v1.1 chronological census,V11-ABMX-0030,Product literature,Bermology track-building guide,1982,1982,June/July 1982,BMX Action Bike; James Black,"Technical track-building guide covering berms, speed jumps, whoops, and tabletops.",United Kingdom,Not applicable — period publication,,Chronological issue pass,PreviousPage exposes indexed text for BMX Action Bike — June/July 1982 — Volume 2 Number 2. This record preserves an issue-specific source occurrence and paraphrased factual details. Page-image comparison remains required before exact-layout quotation or visual identity merging.,HIGH,INDEX-ONLY,INCLUDED — indexed issue text; visual comparison pending.,https://previouspage.co.uk/magazines/BMX%20Action%20Bike/issues/14-june%2Fjuly-eighty-two,,bermology track building guide june july 1982,,RETAIN — issue-specific occurrence pending visual comparison,Indexed pages 30–33. Image: do not reproduce scan. Text: paraphrase facts and clearly paired prices only.,2026-07-31,PKR-CAT-001,Catalogs and product literature
EPH-0092,v1.1 chronological census,V11-ABMX-0031,Rider/model naming history,Keith Wilson Redline rider profile,1982,1982,June/July 1982,Redline; Keith Wilson,Rider profile describing Keith Wilson's Redline equipment and racing approach.,United Kingdom,Not applicable — period publication,,Chronological issue pass,PreviousPage exposes indexed text for BMX Action Bike — June/July 1982 — Volume 2 Number 2. This record preserves an issue-specific source occurrence and paraphrased factual details. Page-image comparison remains required before exact-layout quotation or visual identity merging.,MEDIUM-HIGH,INDEX-ONLY,INCLUDED — indexed issue text; visual comparison pending.,https://previouspage.co.uk/magazines/BMX%20Action%20Bike/issues/14-june%2Fjuly-eighty-two,,keith wilson redline rider profile june july 1982,,RETAIN — issue-specific occurrence pending visual comparison,Indexed page 34 onward. Image: do not reproduce scan. Text: paraphrase facts and clearly paired prices only.,2026-07-31,PKR-CAT-006,"Teams, riders, and brand campaigns"
EPH-0093,v1.1 chronological census,V11-ABMX-0032,Contest entry form / promotion,PK Ripper Radical Art competition,1982,1982,June/July 1982,BMX Action Bike; SE Racing; PK Ripper,Art competition with age categories and a PK Ripper as the overall prize.,United Kingdom,Not applicable — period publication,,Chronological issue pass,PreviousPage exposes indexed text for BMX Action Bike — June/July 1982 — Volume 2 Number 2. This record preserves an issue-specific source occurrence and paraphrased factual details. Page-image comparison remains required before exact-layout quotation or visual identity merging.,HIGH,INDEX-ONLY,INCLUDED — indexed issue text; visual comparison pending.,https://previouspage.co.uk/magazines/BMX%20Action%20Bike/issues/14-june%2Fjuly-eighty-two,,pk ripper radical art competition june july 1982,,RETAIN — issue-specific occurrence pending visual comparison,Indexed pages 36–37. Image: do not reproduce scan. Text: paraphrase facts and clearly paired prices only.,2026-07-31,PKR-CAT-004,Contests and promotions
EPH-0094,v1.1 chronological census,V11-ABMX-0033,Product-history object,Neal Stevens State of the Art feature,1982,1982,June/July 1982,Neal Stevens; BMX Action Bike,Publication feature reproducing BMX artwork by Neal Stevens.,United Kingdom,Not applicable — period publication,,Chronological issue pass,PreviousPage exposes indexed text for BMX Action Bike — June/July 1982 — Volume 2 Number 2. This record preserves an issue-specific source occurrence and paraphrased factual details. Page-image comparison remains required before exact-layout quotation or visual identity merging.,HIGH,INDEX-ONLY,INCLUDED — indexed issue text; visual comparison pending.,https://previouspage.co.uk/magazines/BMX%20Action%20Bike/issues/14-june%2Fjuly-eighty-two,,neal stevens state of the art feature june july 1982,,RETAIN — issue-specific occurrence pending visual comparison,Indexed page 38. Image: do not reproduce scan. Text: paraphrase facts and clearly paired prices only.,2026-07-31,PKR-CAT-009,Editorial tests and historical documentation
EPH-0095,v1.1 chronological census,V11-ABMX-0034,Information-pack mailer,Shiner SE Racing news and free-decal mailer,1982,1982,June/July 1982,Shiner; SE Racing,Trade advertisement offering SE Racing news and a free decal while listing frames and complete bikes.,United Kingdom,Not applicable — period publication,,Chronological issue pass,PreviousPage exposes indexed text for BMX Action Bike — June/July 1982 — Volume 2 Number 2. This record preserves an issue-specific source occurrence and paraphrased factual details. Page-image comparison remains required before exact-layout quotation or visual identity merging.,HIGH,INDEX-ONLY,INCLUDED — indexed issue text; visual comparison pending.,https://previouspage.co.uk/magazines/BMX%20Action%20Bike/issues/14-june%2Fjuly-eighty-two,,shiner se racing news and free decal mailer june july 1982,,RETAIN — issue-specific occurrence pending visual comparison,Indexed page 39. Image: do not reproduce scan. Text: paraphrase facts and clearly paired prices only.,2026-07-31,PKR-CAT-003,"Mailers, stickers, and information packs"
EPH-0096,v1.1 chronological census,V11-ABMX-0035,Team/product advertisement,GT racing and dealer advertisement,1982,1982,June/July 1982,GT; Greg Hill,Dealer-facing GT racing advertisement emphasizing competition results and trade availability.,United Kingdom,Not applicable — period publication,,Chronological issue pass,PreviousPage exposes indexed text for BMX Action Bike — June/July 1982 — Volume 2 Number 2. This record preserves an issue-specific source occurrence and paraphrased factual details. Page-image comparison remains required before exact-layout quotation or visual identity merging.,MEDIUM-HIGH,INDEX-ONLY,INCLUDED — indexed issue text; visual comparison pending.,https://previouspage.co.uk/magazines/BMX%20Action%20Bike/issues/14-june%2Fjuly-eighty-two,,gt racing and dealer advertisement june july 1982,,RETAIN — issue-specific occurrence pending visual comparison,Indexed page 39. Image: do not reproduce scan. Text: paraphrase facts and clearly paired prices only.,2026-07-31,PKR-CAT-006,"Teams, riders, and brand campaigns"
EPH-0097,v1.1 chronological census,V11-ABMX-0036,Dealer advertisement / price-list lead,De Ver Cycles BMX bargains listing,1982,1982,June/July 1982,De Ver Cycles,"Dealer inventory advertisement covering frames, forks, controls, wheels, tyres, saddles, and repairs.",United Kingdom,Not applicable — period publication,,Chronological issue pass,PreviousPage exposes indexed text for BMX Action Bike — June/July 1982 — Volume 2 Number 2. This record preserves an issue-specific source occurrence and paraphrased factual details. Page-image comparison remains required before exact-layout quotation or visual identity merging.,MEDIUM-HIGH,INDEX-ONLY,INCLUDED — indexed issue text; visual comparison pending.,https://previouspage.co.uk/magazines/BMX%20Action%20Bike/issues/14-june%2Fjuly-eighty-two,,de ver cycles bmx bargains listing june july 1982,,RETAIN — issue-specific occurrence pending visual comparison,Indexed page 39. Image: do not reproduce scan. Text: paraphrase facts and clearly paired prices only.,2026-07-31,PKR-CAT-007,Dealers and distributors
EPH-0098,v1.1 chronological census,V11-ABMX-0037,Product announcement / kit,Max chainring carrying bags,1982,1982,June/July 1982,Max,New-product note for trackside chainring carrying bags.,United Kingdom,Not applicable — period publication,,Chronological issue pass,PreviousPage exposes indexed text for BMX Action Bike — June/July 1982 — Volume 2 Number 2. This record preserves an issue-specific source occurrence and paraphrased factual details. Page-image comparison remains required before exact-layout quotation or visual identity merging.,MEDIUM-HIGH,INDEX-ONLY,INCLUDED — indexed issue text; visual comparison pending.,https://previouspage.co.uk/magazines/BMX%20Action%20Bike/issues/14-june%2Fjuly-eighty-two,,max chainring carrying bags june july 1982,,RETAIN — issue-specific occurrence pending visual comparison,Indexed page 40. Image: do not reproduce scan. Text: paraphrase facts and clearly paired prices only.,2026-07-31,PKR-CAT-008,Product announcements and technical material
EPH-0099,v1.1 chronological census,V11-ABMX-0038,Product announcement / kit,SunTour HL-100 headset locking nut,1982,1982,June/July 1982,SunTour,New-product note for the HL-100 locking nut with twin Allen bolts and nylon bushes.,United Kingdom,Not applicable — period publication,,Chronological issue pass,PreviousPage exposes indexed text for BMX Action Bike — June/July 1982 — Volume 2 Number 2. This record preserves an issue-specific source occurrence and paraphrased factual details. Page-image comparison remains required before exact-layout quotation or visual identity merging.,HIGH,INDEX-ONLY,INCLUDED — indexed issue text; visual comparison pending.,https://previouspage.co.uk/magazines/BMX%20Action%20Bike/issues/14-june%2Fjuly-eighty-two,,suntour hl 100 headset locking nut june july 1982,,RETAIN — issue-specific occurrence pending visual comparison,Indexed page 40. Image: do not reproduce scan. Text: paraphrase facts and clearly paired prices only.,2026-07-31,PKR-CAT-008,Product announcements and technical material
EPH-0100,v1.1 chronological census,V11-ABMX-0039,Product literature,Oakley O/20 goggle product notice,1982,1982,June/July 1982,Oakley; Gecko,Product notice describing the O/20 goggle and its UK retail availability.,United Kingdom,Not applicable — period publication,,Chronological issue pass,PreviousPage exposes indexed text for BMX Action Bike — June/July 1982 — Volume 2 Number 2. This record preserves an issue-specific source occurrence and paraphrased factual details. Page-image comparison remains required before exact-layout quotation or visual identity merging.,HIGH,INDEX-ONLY,INCLUDED — indexed issue text; visual comparison pending.,https://previouspage.co.uk/magazines/BMX%20Action%20Bike/issues/14-june%2Fjuly-eighty-two,,oakley o 20 goggle product notice june july 1982,,RETAIN — issue-specific occurrence pending visual comparison,Indexed page 40. Image: do not reproduce scan. Text: paraphrase facts and clearly paired prices only.,2026-07-31,PKR-CAT-001,Catalogs and product literature
EPH-0101,v1.1 chronological census,V11-ABMX-0040,Product announcement / kit,Torker Ultra 4 lightweight stem,1982,1982,June/July 1982,Torker; Alans,Product notice for a heat-treated and precision-machined lightweight stem.,United Kingdom,Not applicable — period publication,,Chronological issue pass,PreviousPage exposes indexed text for BMX Action Bike — June/July 1982 — Volume 2 Number 2. This record preserves an issue-specific source occurrence and paraphrased factual details. Page-image comparison remains required before exact-layout quotation or visual identity merging.,MEDIUM-HIGH,INDEX-ONLY,INCLUDED — indexed issue text; visual comparison pending.,https://previouspage.co.uk/magazines/BMX%20Action%20Bike/issues/14-june%2Fjuly-eighty-two,,torker ultra 4 lightweight stem june july 1982,,RETAIN — issue-specific occurrence pending visual comparison,Indexed page 40. Image: do not reproduce scan. Text: paraphrase facts and clearly paired prices only.,2026-07-31,PKR-CAT-008,Product announcements and technical material
EPH-0102,v1.1 chronological census,V11-ABMX-0041,Product literature,Renthal wide-rise handlebar range,1982,1982,June/July 1982,Renthal; Mongoose,Product notice for extra-wide handlebars in multiple rise options and finishes.,United Kingdom,Not applicable — period publication,,Chronological issue pass,PreviousPage exposes indexed text for BMX Action Bike — June/July 1982 — Volume 2 Number 2. This record preserves an issue-specific source occurrence and paraphrased factual details. Page-image comparison remains required before exact-layout quotation or visual identity merging.,HIGH,INDEX-ONLY,INCLUDED — indexed issue text; visual comparison pending.,https://previouspage.co.uk/magazines/BMX%20Action%20Bike/issues/14-june%2Fjuly-eighty-two,,renthal wide rise handlebar range june july 1982,,RETAIN — issue-specific occurrence pending visual comparison,Indexed page 40. Image: do not reproduce scan. Text: paraphrase facts and clearly paired prices only.,2026-07-31,PKR-CAT-001,Catalogs and product literature
EPH-0103,v1.1 chronological census,V11-ABMX-0042,Information-pack mailer,ABMX Wonder Light street-safety offer,1982,1982,June/July 1982,BMX Action Bike; Wonder Light,Reader offer for detachable front and rear lights with reflective cycle clips.,United Kingdom,Not applicable — period publication,,Chronological issue pass,PreviousPage exposes indexed text for BMX Action Bike — June/July 1982 — Volume 2 Number 2. This record preserves an issue-specific source occurrence and paraphrased factual details. Page-image comparison remains required before exact-layout quotation or visual identity merging.,HIGH,INDEX-ONLY,INCLUDED — indexed issue text; visual comparison pending.,https://previouspage.co.uk/magazines/BMX%20Action%20Bike/issues/14-june%2Fjuly-eighty-two,,abmx wonder light street safety offer june july 1982,,RETAIN — issue-specific occurrence pending visual comparison,Indexed pages 41–42. Image: do not reproduce scan. Text: paraphrase facts and clearly paired prices only.,2026-07-31,PKR-CAT-003,"Mailers, stickers, and information packs"
EPH-0104,v1.1 chronological census,V11-ABMX-0043,Magazine advertisement,Huffy Pro Thunder Competition Certified range,1982,1982,June/July 1982,Huffy,"International advertisement for Pro 3, Pro 3 Special Edition, Pro 4, and Pro 5 models.",United Kingdom,Not applicable — period publication,,Chronological issue pass,PreviousPage exposes indexed text for BMX Action Bike — June/July 1982 — Volume 2 Number 2. This record preserves an issue-specific source occurrence and paraphrased factual details. Page-image comparison remains required before exact-layout quotation or visual identity merging.,HIGH,INDEX-ONLY,INCLUDED — indexed issue text; visual comparison pending.,https://previouspage.co.uk/magazines/BMX%20Action%20Bike/issues/14-june%2Fjuly-eighty-two,,huffy pro thunder competition certified range june july 1982,,RETAIN — issue-specific occurrence pending visual comparison,Indexed page 42. Image: do not reproduce scan. Text: paraphrase facts and clearly paired prices only.,2026-07-31,PKR-CAT-002,Advertisements and price lists
EPH-0105,v1.1 chronological census,V11-ABMX-0044,Product-history object,Race Inc Aero special feature,1982,1982,June/July 1982,Race Inc; Cav Strutt,Editorial feature on a lightweight Race Inc Aero custom build and test flight.,United Kingdom,Not applicable — period publication,,Chronological issue pass,PreviousPage exposes indexed text for BMX Action Bike — June/July 1982 — Volume 2 Number 2. This record preserves an issue-specific source occurrence and paraphrased factual details. Page-image comparison remains required before exact-layout quotation or visual identity merging.,MEDIUM-HIGH,INDEX-ONLY,INCLUDED — indexed issue text; visual comparison pending.,https://previouspage.co.uk/magazines/BMX%20Action%20Bike/issues/14-june%2Fjuly-eighty-two,,race inc aero special feature june july 1982,,RETAIN — issue-specific occurrence pending visual comparison,Indexed pages 44–45. Image: do not reproduce scan. Text: paraphrase facts and clearly paired prices only.,2026-07-31,PKR-CAT-009,Editorial tests and historical documentation
EPH-0106,v1.1 chronological census,V11-ABMX-0045,Product-history object,SJK British chromoly race-bike test,1982,1982,June/July 1982,SJK Products; Steve Woolley,Editorial test of a British-built chromoly race bike with sealed-bearing details and period pricing.,United Kingdom,Not applicable — period publication,,Chronological issue pass,PreviousPage exposes indexed text for BMX Action Bike — June/July 1982 — Volume 2 Number 2. This record preserves an issue-specific source occurrence and paraphrased factual details. Page-image comparison remains required before exact-layout quotation or visual identity merging.,MEDIUM-HIGH,INDEX-ONLY,INCLUDED — indexed issue text; visual comparison pending.,https://previouspage.co.uk/magazines/BMX%20Action%20Bike/issues/14-june%2Fjuly-eighty-two,,sjk british chromoly race bike test june july 1982,,RETAIN — issue-specific occurrence pending visual comparison,Indexed page 45. Image: do not reproduce scan. Text: paraphrase facts and clearly paired prices only.,2026-07-31,PKR-CAT-009,Editorial tests and historical documentation
EPH-0107,v1.1 chronological census,V11-ABMX-0046,Information-pack mailer,Cyclone Bikes seven-sticker packet offer,1982,1982,June/July 1982,Cyclone Bikes; BMX Action Bike,Mail-order packet of seven assorted BMX stickers.,United Kingdom,Not applicable — period publication,,Chronological issue pass,PreviousPage exposes indexed text for BMX Action Bike — June/July 1982 — Volume 2 Number 2. This record preserves an issue-specific source occurrence and paraphrased factual details. Page-image comparison remains required before exact-layout quotation or visual identity merging.,HIGH,INDEX-ONLY,INCLUDED — indexed issue text; visual comparison pending.,https://previouspage.co.uk/magazines/BMX%20Action%20Bike/issues/14-june%2Fjuly-eighty-two,,cyclone bikes seven sticker packet offer june july 1982,,RETAIN — issue-specific occurrence pending visual comparison,Indexed page 13. Image: do not reproduce scan. Text: paraphrase facts and clearly paired prices only.,2026-07-31,PKR-CAT-003,"Mailers, stickers, and information packs"
EPH-0108,v1.1 chronological census,V11-ABMX-0047,Product literature,UKBMX national rule-book notice,1982,1982,June/July 1982,UKBMX; IBMXF,Association notice explaining the national rule book produced after delay to the international rule book.,United Kingdom,Not applicable — period publication,,Chronological issue pass,PreviousPage exposes indexed text for BMX Action Bike — June/July 1982 — Volume 2 Number 2. This record preserves an issue-specific source occurrence and paraphrased factual details. Page-image comparison remains required before exact-layout quotation or visual identity merging.,HIGH,INDEX-ONLY,INCLUDED — indexed issue text; visual comparison pending.,https://previouspage.co.uk/magazines/BMX%20Action%20Bike/issues/14-june%2Fjuly-eighty-two,,ukbmx national rule book notice june july 1982,,RETAIN — issue-specific occurrence pending visual comparison,Indexed section located; exact page number remains pending page-image review. Indexed association notice. Image: do not reproduce scan. Text: paraphrase facts and clearly paired prices only.,2026-07-31,PKR-CAT-001,Catalogs and product literature
EPH-0109,v1.1 chronological census,V11-ABMX-0048,Magazine advertisement,Puch Murray 20-inch and 24-inch BMX range advertisement,1982,1982,August/September 1982,Puch Murray,"Brand advertisement describing 20-inch and 24-inch bikes, components, and a frame-and-fork warranty.",United Kingdom,Not applicable — period publication,,Chronological issue pass,PreviousPage exposes indexed text for BMX Action Bike — August/September 1982 — Volume 2 Number 3. This record preserves an issue-specific source occurrence and paraphrased factual details. Page-image comparison remains required before exact-layout quotation or visual identity merging.,HIGH,INDEX-ONLY,INCLUDED — indexed issue text; visual comparison pending.,https://previouspage.co.uk/magazines/BMX%20Action%20Bike/issues/57-august%2Fseptember-eighty-two,,puch murray 20 inch and 24 inch bmx range advertisement august september 1982,,RETAIN — issue-specific occurrence pending visual comparison,Indexed pages 2–3. Image: do not reproduce scan. Text: paraphrase facts and clearly paired prices only.,2026-07-31,PKR-CAT-002,Advertisements and price lists
EPH-0110,v1.1 chronological census,V11-ABMX-0049,Information-pack mailer,Diamond Back Silver Streak and Pro-Star information-pack offer,1982,1982,August/September 1982,Diamond Back; Pro-Star; Freewheeler,Factory-direct offer for a free Diamond Back and Pro-Star information pack and decal.,United Kingdom,Not applicable — period publication,,Chronological issue pass,PreviousPage exposes indexed text for BMX Action Bike — August/September 1982 — Volume 2 Number 3. This record preserves an issue-specific source occurrence and paraphrased factual details. Page-image comparison remains required before exact-layout quotation or visual identity merging. Potential recurring-campaign relationship with EPH-0159 (Diamond Back Silver Streak information-pack campaign); do not merge without page-image comparison.,HIGH,INDEX-ONLY,INCLUDED — indexed issue text; visual comparison pending.,https://previouspage.co.uk/magazines/BMX%20Action%20Bike/issues/57-august%2Fseptember-eighty-two,,diamond back silver streak and pro star information pack offer august september 1982,,REVIEW — recurring campaign/feature candidate; retain separately pending page-image comparison,Indexed page 4. Image: do not reproduce scan. Text: paraphrase facts and clearly paired prices only.,2026-07-31,PKR-CAT-003,"Mailers, stickers, and information packs"
EPH-0111,v1.1 chronological census,V11-ABMX-0050,Magazine advertisement,Kenda Karate tyre advertisement,1982,1982,August/September 1982,Kenda; Moore Large,Period tyre advertisement promoting the Kenda Karate tread for BMX racing.,United Kingdom,Not applicable — period publication,,Chronological issue pass,PreviousPage exposes indexed text for BMX Action Bike — August/September 1982 — Volume 2 Number 3. This record preserves an issue-specific source occurrence and paraphrased factual details. Page-image comparison remains required before exact-layout quotation or visual identity merging.,HIGH,INDEX-ONLY,INCLUDED — indexed issue text; visual comparison pending.,https://previouspage.co.uk/magazines/BMX%20Action%20Bike/issues/57-august%2Fseptember-eighty-two,,kenda karate tyre advertisement august september 1982,,RETAIN — issue-specific occurrence pending visual comparison,Indexed pages 8–9. Image: do not reproduce scan. Text: paraphrase facts and clearly paired prices only.,2026-07-31,PKR-CAT-002,Advertisements and price lists
EPH-0112,v1.1 chronological census,V11-ABMX-0051,Product announcement / kit,Raleigh Burner five-model range launch,1982,1982,August/September 1982,Raleigh; Halfords,"Range announcement covering Pro Burner, Ultra Burner, Super Burner, Tough Burner, and Burner.",United Kingdom,Not applicable — period publication,,Chronological issue pass,PreviousPage exposes indexed text for BMX Action Bike — August/September 1982 — Volume 2 Number 3. This record preserves an issue-specific source occurrence and paraphrased factual details. Page-image comparison remains required before exact-layout quotation or visual identity merging. Potential recurring-campaign relationship with EPH-0203 (Raleigh Burner range / price-list campaign); do not merge without page-image comparison.,HIGH,INDEX-ONLY,INCLUDED — indexed issue text; visual comparison pending.,https://previouspage.co.uk/magazines/BMX%20Action%20Bike/issues/57-august%2Fseptember-eighty-two,,raleigh burner five model range launch august september 1982,,REVIEW — recurring campaign/feature candidate; retain separately pending page-image comparison,Indexed pages 10–12. Image: do not reproduce scan. Text: paraphrase facts and clearly paired prices only.,2026-07-31,PKR-CAT-008,Product announcements and technical material
EPH-0113,v1.1 chronological census,V11-ABMX-0052,Product-history object,Home-built Diamond Back II project letter,1982,1982,August/September 1982,Paul Connors; Diamond Back,Reader documentation of a home-built Diamond Back II-inspired bicycle and approximate build cost.,United Kingdom,Not applicable — period publication,,Chronological issue pass,PreviousPage exposes indexed text for BMX Action Bike — August/September 1982 — Volume 2 Number 3. This record preserves an issue-specific source occurrence and paraphrased factual details. Page-image comparison remains required before exact-layout quotation or visual identity merging.,MEDIUM-HIGH,INDEX-ONLY,INCLUDED — indexed issue text; visual comparison pending.,https://previouspage.co.uk/magazines/BMX%20Action%20Bike/issues/57-august%2Fseptember-eighty-two,,home built diamond back ii project letter august september 1982,,RETAIN — issue-specific occurrence pending visual comparison,Indexed page 13. Image: do not reproduce scan. Text: paraphrase facts and clearly paired prices only.,2026-07-31,PKR-CAT-009,Editorial tests and historical documentation
EPH-0114,v1.1 chronological census,V11-ABMX-0053,Event notice / contact flyer,Ramsey BMX Club free-entry visitor notice,1982,1982,August/September 1982,Ramsey BMX Club; Steve's Team Mongoose,Club notice offering free entries to visiting riders bringing bikes to the Isle of Man.,United Kingdom,Not applicable — period publication,,Chronological issue pass,PreviousPage exposes indexed text for BMX Action Bike — August/September 1982 — Volume 2 Number 3. This record preserves an issue-specific source occurrence and paraphrased factual details. Page-image comparison remains required before exact-layout quotation or visual identity merging.,HIGH,INDEX-ONLY,INCLUDED — indexed issue text; visual comparison pending.,https://previouspage.co.uk/magazines/BMX%20Action%20Bike/issues/57-august%2Fseptember-eighty-two,,ramsey bmx club free entry visitor notice august september 1982,,RETAIN — issue-specific occurrence pending visual comparison,Indexed page 13. Image: do not reproduce scan. Text: paraphrase facts and clearly paired prices only.,2026-07-31,PKR-CAT-005,"Events, registration, and membership"
EPH-0115,v1.1 chronological census,V11-ABMX-0054,Product-history object,ACS experimental 26-inch Z-rim production note,1982,1982,August/September 1982,ACS,Editorial note reporting experimental 26-inch Z rims that did not enter production.,United Kingdom,Not applicable — period publication,,Chronological issue pass,PreviousPage exposes indexed text for BMX Action Bike — August/September 1982 — Volume 2 Number 3. This record preserves an issue-specific source occurrence and paraphrased factual details. Page-image comparison remains required before exact-layout quotation or visual identity merging.,MEDIUM-HIGH,INDEX-ONLY,INCLUDED — indexed issue text; visual comparison pending.,https://previouspage.co.uk/magazines/BMX%20Action%20Bike/issues/57-august%2Fseptember-eighty-two,,acs experimental 26 inch z rim production note august september 1982,,RETAIN — issue-specific occurrence pending visual comparison,Indexed section located; exact page number remains pending page-image review. Indexed letters page. Image: do not reproduce scan. Text: paraphrase facts and clearly paired prices only.,2026-07-31,PKR-CAT-009,Editorial tests and historical documentation
EPH-0116,v1.1 chronological census,V11-ABMX-0055,Dealer/shop advertisement,Gecko BMX product-range advertisement,1982,1982,August/September 1982,Gecko Leisure Products,"Large dealer/importer range advertisement covering complete bikes, frames, wheels, helmets, and components.",United Kingdom,Not applicable — period publication,,Chronological issue pass,PreviousPage exposes indexed text for BMX Action Bike — August/September 1982 — Volume 2 Number 3. This record preserves an issue-specific source occurrence and paraphrased factual details. Page-image comparison remains required before exact-layout quotation or visual identity merging.,MEDIUM-HIGH,INDEX-ONLY,INCLUDED — indexed issue text; visual comparison pending.,https://previouspage.co.uk/magazines/BMX%20Action%20Bike/issues/57-august%2Fseptember-eighty-two,,gecko bmx product range advertisement august september 1982,,RETAIN — issue-specific occurrence pending visual comparison,Indexed pages 14–15. Image: do not reproduce scan. Text: paraphrase facts and clearly paired prices only.,2026-07-31,PKR-CAT-007,Dealers and distributors
EPH-0117,v1.1 chronological census,V11-ABMX-0056,Product literature,Redline PL-20 Carrera complete-package advertisement,1982,1982,August/September 1982,Redline,Product advertisement describing the Carrera as a complete package based on factory-pro equipment.,United Kingdom,Not applicable — period publication,,Chronological issue pass,PreviousPage exposes indexed text for BMX Action Bike — August/September 1982 — Volume 2 Number 3. This record preserves an issue-specific source occurrence and paraphrased factual details. Page-image comparison remains required before exact-layout quotation or visual identity merging.,HIGH,INDEX-ONLY,INCLUDED — indexed issue text; visual comparison pending.,https://previouspage.co.uk/magazines/BMX%20Action%20Bike/issues/57-august%2Fseptember-eighty-two,,redline pl 20 carrera complete package advertisement august september 1982,,RETAIN — issue-specific occurrence pending visual comparison,Indexed pages 14–15. Image: do not reproduce scan. Text: paraphrase facts and clearly paired prices only.,2026-07-31,PKR-CAT-001,Catalogs and product literature
EPH-0118,v1.1 chronological census,V11-ABMX-0057,Product literature,Kuwahara frame-and-fork range advertisement,1982,1982,August/September 1982,Kuwahara,Frame-and-fork advertisement emphasizing aircraft-grade chromoly construction.,United Kingdom,Not applicable — period publication,,Chronological issue pass,PreviousPage exposes indexed text for BMX Action Bike — August/September 1982 — Volume 2 Number 3. This record preserves an issue-specific source occurrence and paraphrased factual details. Page-image comparison remains required before exact-layout quotation or visual identity merging.,HIGH,INDEX-ONLY,INCLUDED — indexed issue text; visual comparison pending.,https://previouspage.co.uk/magazines/BMX%20Action%20Bike/issues/57-august%2Fseptember-eighty-two,,kuwahara frame and fork range advertisement august september 1982,,RETAIN — issue-specific occurrence pending visual comparison,Indexed pages 14–15. Image: do not reproduce scan. Text: paraphrase facts and clearly paired prices only.,2026-07-31,PKR-CAT-001,Catalogs and product literature
EPH-0119,v1.1 chronological census,V11-ABMX-0058,Dealer advertisement / price-list lead,"MCS, Race Inc, and Powerlite range advertisement",1982,1982,August/September 1982,MCS; Race Inc; Powerlite; Gecko,"Multi-brand product-range advertisement covering frames, bars, wheels, and race components.",United Kingdom,Not applicable — period publication,,Chronological issue pass,PreviousPage exposes indexed text for BMX Action Bike — August/September 1982 — Volume 2 Number 3. This record preserves an issue-specific source occurrence and paraphrased factual details. Page-image comparison remains required before exact-layout quotation or visual identity merging.,MEDIUM-HIGH,INDEX-ONLY,INCLUDED — indexed issue text; visual comparison pending.,https://previouspage.co.uk/magazines/BMX%20Action%20Bike/issues/57-august%2Fseptember-eighty-two,,mcs race inc and powerlite range advertisement august september 1982,,RETAIN — issue-specific occurrence pending visual comparison,Indexed pages 14–15. Image: do not reproduce scan. Text: paraphrase facts and clearly paired prices only.,2026-07-31,PKR-CAT-007,Dealers and distributors
EPH-0120,v1.1 chronological census,V11-ABMX-0059,Product-history object,PK Ripper editorial test,1982,1982,August/September 1982,SE Racing; PK Ripper,"Long-form editorial test of the PK Ripper, including Landing Gear forks and handling impressions.",United Kingdom,Not applicable — period publication,,Chronological issue pass,PreviousPage exposes indexed text for BMX Action Bike — August/September 1982 — Volume 2 Number 3. This record preserves an issue-specific source occurrence and paraphrased factual details. Page-image comparison remains required before exact-layout quotation or visual identity merging.,HIGH,INDEX-ONLY,INCLUDED — indexed issue text; visual comparison pending.,https://previouspage.co.uk/magazines/BMX%20Action%20Bike/issues/57-august%2Fseptember-eighty-two,,pk ripper editorial test august september 1982,,RETAIN — issue-specific occurrence pending visual comparison,Indexed pages 34–37. Image: do not reproduce scan. Text: paraphrase facts and clearly paired prices only.,2026-07-31,PKR-CAT-009,Editorial tests and historical documentation
EPH-0121,v1.1 chronological census,V11-ABMX-0060,Product-history object,Ammaco BMX thrash test,1982,1982,August/September 1982,Ammaco; Andy Ruffell,Editorial durability test using Andy Ruffell and a skate-bowl test environment.,United Kingdom,Not applicable — period publication,,Chronological issue pass,PreviousPage exposes indexed text for BMX Action Bike — August/September 1982 — Volume 2 Number 3. This record preserves an issue-specific source occurrence and paraphrased factual details. Page-image comparison remains required before exact-layout quotation or visual identity merging.,MEDIUM-HIGH,INDEX-ONLY,INCLUDED — indexed issue text; visual comparison pending.,https://previouspage.co.uk/magazines/BMX%20Action%20Bike/issues/57-august%2Fseptember-eighty-two,,ammaco bmx thrash test august september 1982,,RETAIN — issue-specific occurrence pending visual comparison,Indexed pages 38–40. Image: do not reproduce scan. Text: paraphrase facts and clearly paired prices only.,2026-07-31,PKR-CAT-009,Editorial tests and historical documentation
EPH-0122,v1.1 chronological census,V11-ABMX-0061,Factory-team history,Tim March profile and March Racing Developments launch,1982,1982,August/September 1982,Tim March; March Racing Developments,Interview documenting Tim March's departure from factory teams and the launch of MRD.,United Kingdom,Not applicable — period publication,,Chronological issue pass,PreviousPage exposes indexed text for BMX Action Bike — August/September 1982 — Volume 2 Number 3. This record preserves an issue-specific source occurrence and paraphrased factual details. Page-image comparison remains required before exact-layout quotation or visual identity merging.,HIGH,INDEX-ONLY,INCLUDED — indexed issue text; visual comparison pending.,https://previouspage.co.uk/magazines/BMX%20Action%20Bike/issues/57-august%2Fseptember-eighty-two,,tim march profile and march racing developments launch august september 1982,,RETAIN — issue-specific occurrence pending visual comparison,Indexed pages 28–31. Image: do not reproduce scan. Text: paraphrase facts and clearly paired prices only.,2026-07-31,PKR-CAT-006,"Teams, riders, and brand campaigns"
EPH-0123,v1.1 chronological census,V11-ABMX-0062,Product literature,March Racing Developments number-plate offer,1982,1982,August/September 1982,March Racing Developments,Interview-sourced retail information for handmade MRD number plates.,United Kingdom,Not applicable — period publication,,Chronological issue pass,PreviousPage exposes indexed text for BMX Action Bike — August/September 1982 — Volume 2 Number 3. This record preserves an issue-specific source occurrence and paraphrased factual details. Page-image comparison remains required before exact-layout quotation or visual identity merging.,HIGH,INDEX-ONLY,INCLUDED — indexed issue text; visual comparison pending.,https://previouspage.co.uk/magazines/BMX%20Action%20Bike/issues/57-august%2Fseptember-eighty-two,,march racing developments number plate offer august september 1982,,RETAIN — issue-specific occurrence pending visual comparison,Indexed page 29. Image: do not reproduce scan. Text: paraphrase facts and clearly paired prices only.,2026-07-31,PKR-CAT-001,Catalogs and product literature
EPH-0124,v1.1 chronological census,V11-ABMX-0063,Dealer price-list / sticker offer,Hotshot retail and trade price-list/sticker service,1982,1982,August/September 1982,Hotshot BMX Racing,Retail price-list and free-sticker offer plus separate trade and van-sales routes.,United Kingdom,Not applicable — period publication,,Chronological issue pass,PreviousPage exposes indexed text for BMX Action Bike — August/September 1982 — Volume 2 Number 3. This record preserves an issue-specific source occurrence and paraphrased factual details. Page-image comparison remains required before exact-layout quotation or visual identity merging.,HIGH,INDEX-ONLY,INCLUDED — indexed issue text; visual comparison pending.,https://previouspage.co.uk/magazines/BMX%20Action%20Bike/issues/57-august%2Fseptember-eighty-two,,hotshot retail and trade price list sticker service august september 1982,,RETAIN — issue-specific occurrence pending visual comparison,Indexed page 28. Image: do not reproduce scan. Text: paraphrase facts and clearly paired prices only.,2026-07-31,PKR-CAT-003,"Mailers, stickers, and information packs"
EPH-0125,v1.1 chronological census,V11-ABMX-0064,Dealer price-list / sticker offer,DC Racing price-list and sticker mailer,1982,1982,August/September 1982,DC Racing,Mail-in offer for a complete DC Racing price list and sticker.,United Kingdom,Not applicable — period publication,,Chronological issue pass,PreviousPage exposes indexed text for BMX Action Bike — August/September 1982 — Volume 2 Number 3. This record preserves an issue-specific source occurrence and paraphrased factual details. Page-image comparison remains required before exact-layout quotation or visual identity merging.,HIGH,INDEX-ONLY,INCLUDED — indexed issue text; visual comparison pending.,https://previouspage.co.uk/magazines/BMX%20Action%20Bike/issues/57-august%2Fseptember-eighty-two,,dc racing price list and sticker mailer august september 1982,,RETAIN — issue-specific occurrence pending visual comparison,Indexed page 40. Image: do not reproduce scan. Text: paraphrase facts and clearly paired prices only.,2026-07-31,PKR-CAT-003,"Mailers, stickers, and information packs"
EPH-0126,v1.1 chronological census,V11-ABMX-0065,Product announcement / kit,Piranha cast-wheel model announcement,1982,1982,August/September 1982,Piranha,"Product launch describing cast wheels, sealed bearings, alloy brakes, and coordinated graphics.",United Kingdom,Not applicable — period publication,,Chronological issue pass,PreviousPage exposes indexed text for BMX Action Bike — August/September 1982 — Volume 2 Number 3. This record preserves an issue-specific source occurrence and paraphrased factual details. Page-image comparison remains required before exact-layout quotation or visual identity merging.,MEDIUM-HIGH,INDEX-ONLY,INCLUDED — indexed issue text; visual comparison pending.,https://previouspage.co.uk/magazines/BMX%20Action%20Bike/issues/57-august%2Fseptember-eighty-two,,piranha cast wheel model announcement august september 1982,,RETAIN — issue-specific occurrence pending visual comparison,Indexed page 40. Image: do not reproduce scan. Text: paraphrase facts and clearly paired prices only.,2026-07-31,PKR-CAT-008,Product announcements and technical material
EPH-0127,v1.1 chronological census,V11-ABMX-0066,Retailer advertisement / price list,Surrey BMX six-page bargain-list advertisement,1982,1982,August/September 1982,Surrey BMX,"Extensive mail-order price list for complete bikes, frames, wheels, protective gear, and components.",United Kingdom,Not applicable — period publication,,Chronological issue pass,PreviousPage exposes indexed text for BMX Action Bike — August/September 1982 — Volume 2 Number 3. This record preserves an issue-specific source occurrence and paraphrased factual details. Page-image comparison remains required before exact-layout quotation or visual identity merging.,HIGH,INDEX-ONLY,INCLUDED — indexed issue text; visual comparison pending.,https://previouspage.co.uk/magazines/BMX%20Action%20Bike/issues/57-august%2Fseptember-eighty-two,,surrey bmx six page bargain list advertisement august september 1982,,RETAIN — issue-specific occurrence pending visual comparison,Indexed pages 43–44. Image: do not reproduce scan. Text: paraphrase facts and clearly paired prices only.,2026-07-31,PKR-CAT-002,Advertisements and price lists
EPH-0128,v1.1 chronological census,V11-ABMX-0067,Product literature,Cooper convertible BMX helmet mailer,1982,1982,August/September 1982,Cooper,Direct-response helmet advertisement with detachable face protection and sizing.,United Kingdom,Not applicable — period publication,,Chronological issue pass,PreviousPage exposes indexed text for BMX Action Bike — August/September 1982 — Volume 2 Number 3. This record preserves an issue-specific source occurrence and paraphrased factual details. Page-image comparison remains required before exact-layout quotation or visual identity merging.,HIGH,INDEX-ONLY,INCLUDED — indexed issue text; visual comparison pending.,https://previouspage.co.uk/magazines/BMX%20Action%20Bike/issues/57-august%2Fseptember-eighty-two,,cooper convertible bmx helmet mailer august september 1982,,RETAIN — issue-specific occurrence pending visual comparison,Indexed page 44. Image: do not reproduce scan. Text: paraphrase facts and clearly paired prices only.,2026-07-31,PKR-CAT-001,Catalogs and product literature
EPH-0129,v1.1 chronological census,V11-ABMX-0068,Product announcement / kit,Lee and SunTour sealed bottom-bracket product note,1982,1982,August/September 1982,Lee; SunTour,New-product note comparing sealed bottom brackets for one-piece and three-piece cranks.,United Kingdom,Not applicable — period publication,,Chronological issue pass,PreviousPage exposes indexed text for BMX Action Bike — August/September 1982 — Volume 2 Number 3. This record preserves an issue-specific source occurrence and paraphrased factual details. Page-image comparison remains required before exact-layout quotation or visual identity merging.,MEDIUM-HIGH,INDEX-ONLY,INCLUDED — indexed issue text; visual comparison pending.,https://previouspage.co.uk/magazines/BMX%20Action%20Bike/issues/57-august%2Fseptember-eighty-two,,lee and suntour sealed bottom bracket product note august september 1982,,RETAIN — issue-specific occurrence pending visual comparison,Indexed page 45. Image: do not reproduce scan. Text: paraphrase facts and clearly paired prices only.,2026-07-31,PKR-CAT-008,Product announcements and technical material
EPH-0130,v1.1 chronological census,V11-ABMX-0069,Product literature,Araya aerodynamic sew-up race-wheel note,1982,1982,August/September 1982,Araya,Product note for fragile race-only sew-up tyres and aerodynamic wheel equipment.,United Kingdom,Not applicable — period publication,,Chronological issue pass,PreviousPage exposes indexed text for BMX Action Bike — August/September 1982 — Volume 2 Number 3. This record preserves an issue-specific source occurrence and paraphrased factual details. Page-image comparison remains required before exact-layout quotation or visual identity merging.,MEDIUM,INDEX-ONLY,INCLUDED — indexed issue text; visual comparison pending.,https://previouspage.co.uk/magazines/BMX%20Action%20Bike/issues/57-august%2Fseptember-eighty-two,,araya aerodynamic sew up race wheel note august september 1982,,RETAIN — issue-specific occurrence pending visual comparison,Indexed page 45. Image: do not reproduce scan. Text: paraphrase facts and clearly paired prices only.,2026-07-31,PKR-CAT-001,Catalogs and product literature
EPH-0131,v1.1 chronological census,V11-ABMX-0070,Product-history object,Profile mini BMX build feature,1982,1982,August/September 1982,Profile; Hotshot BMX,Feature on a lightweight Profile-based mini machine for a younger racer.,United Kingdom,Not applicable — period publication,,Chronological issue pass,PreviousPage exposes indexed text for BMX Action Bike — August/September 1982 — Volume 2 Number 3. This record preserves an issue-specific source occurrence and paraphrased factual details. Page-image comparison remains required before exact-layout quotation or visual identity merging.,MEDIUM-HIGH,INDEX-ONLY,INCLUDED — indexed issue text; visual comparison pending.,https://previouspage.co.uk/magazines/BMX%20Action%20Bike/issues/57-august%2Fseptember-eighty-two,,profile mini bmx build feature august september 1982,,RETAIN — issue-specific occurrence pending visual comparison,Indexed page 45. Image: do not reproduce scan. Text: paraphrase facts and clearly paired prices only.,2026-07-31,PKR-CAT-009,Editorial tests and historical documentation
EPH-0132,v1.1 chronological census,V11-ABMX-0071,Product literature,Patterson chromoly frame-and-fork advertisement,1982,1982,August/September 1982,Patterson Racing Products,Advertisement listing Patterson Pro frame and fork options and BMX accessories.,United Kingdom,Not applicable — period publication,,Chronological issue pass,PreviousPage exposes indexed text for BMX Action Bike — August/September 1982 — Volume 2 Number 3. This record preserves an issue-specific source occurrence and paraphrased factual details. Page-image comparison remains required before exact-layout quotation or visual identity merging.,HIGH,INDEX-ONLY,INCLUDED — indexed issue text; visual comparison pending.,https://previouspage.co.uk/magazines/BMX%20Action%20Bike/issues/57-august%2Fseptember-eighty-two,,patterson chromoly frame and fork advertisement august september 1982,,RETAIN — issue-specific occurrence pending visual comparison,Indexed page 51. Image: do not reproduce scan. Text: paraphrase facts and clearly paired prices only.,2026-07-31,PKR-CAT-001,Catalogs and product literature
EPH-0133,v1.1 chronological census,V11-ABMX-0072,Retailer advertisement / price list,KHS Duster four-model range and RRPs,1982,1982,August/September 1982,KHS; Action Bike Distributing,"Distributor advertisement listing Duster 100, 200, 300, and 506 models and recommended prices.",United Kingdom,Not applicable — period publication,,Chronological issue pass,PreviousPage exposes indexed text for BMX Action Bike — August/September 1982 — Volume 2 Number 3. This record preserves an issue-specific source occurrence and paraphrased factual details. Page-image comparison remains required before exact-layout quotation or visual identity merging.,HIGH,INDEX-ONLY,INCLUDED — indexed issue text; visual comparison pending.,https://previouspage.co.uk/magazines/BMX%20Action%20Bike/issues/57-august%2Fseptember-eighty-two,,khs duster four model range and rrps august september 1982,,RETAIN — issue-specific occurrence pending visual comparison,Indexed page 51. Image: do not reproduce scan. Text: paraphrase facts and clearly paired prices only.,2026-07-31,PKR-CAT-002,Advertisements and price lists
EPH-0134,v1.1 chronological census,V11-ABMX-0073,Product literature,SJK Hurricane distributor announcement,1982,1982,August/September 1982,SJK Products; Action Bike Distributing,Distributor advertisement for the British-built SJK Hurricane and dealer territories.,United Kingdom,Not applicable — period publication,,Chronological issue pass,PreviousPage exposes indexed text for BMX Action Bike — August/September 1982 — Volume 2 Number 3. This record preserves an issue-specific source occurrence and paraphrased factual details. Page-image comparison remains required before exact-layout quotation or visual identity merging.,MEDIUM-HIGH,INDEX-ONLY,INCLUDED — indexed issue text; visual comparison pending.,https://previouspage.co.uk/magazines/BMX%20Action%20Bike/issues/57-august%2Fseptember-eighty-two,,sjk hurricane distributor announcement august september 1982,,RETAIN — issue-specific occurrence pending visual comparison,Indexed page 51. Image: do not reproduce scan. Text: paraphrase facts and clearly paired prices only.,2026-07-31,PKR-CAT-001,Catalogs and product literature
EPH-0135,v1.1 chronological census,V11-ABMX-0074,Dealer/shop advertisement,Summer chrome-plating service advertisement,1982,1982,August/September 1982,Dartford cycle retailer,Seasonal service advertisement offering chrome plating for BMX bicycles.,United Kingdom,Not applicable — period publication,,Chronological issue pass,PreviousPage exposes indexed text for BMX Action Bike — August/September 1982 — Volume 2 Number 3. This record preserves an issue-specific source occurrence and paraphrased factual details. Page-image comparison remains required before exact-layout quotation or visual identity merging.,MEDIUM,INDEX-ONLY,INCLUDED — indexed issue text; visual comparison pending.,https://previouspage.co.uk/magazines/BMX%20Action%20Bike/issues/57-august%2Fseptember-eighty-two,,summer chrome plating service advertisement august september 1982,,RETAIN — issue-specific occurrence pending visual comparison,Indexed page 51. Image: do not reproduce scan. Text: paraphrase facts and clearly paired prices only.,2026-07-31,PKR-CAT-007,Dealers and distributors
EPH-0136,v1.1 chronological census,V11-ABMX-0075,Catalog mailer,Twenty-pence BMX catalogue mailer,1982,1982,August/September 1982,Dartford cycle retailer,Mail-order BMX catalogue offer requiring a 20-pence stamp.,United Kingdom,Not applicable — period publication,,Chronological issue pass,PreviousPage exposes indexed text for BMX Action Bike — August/September 1982 — Volume 2 Number 3. This record preserves an issue-specific source occurrence and paraphrased factual details. Page-image comparison remains required before exact-layout quotation or visual identity merging.,HIGH,INDEX-ONLY,INCLUDED — indexed issue text; visual comparison pending.,https://previouspage.co.uk/magazines/BMX%20Action%20Bike/issues/57-august%2Fseptember-eighty-two,,twenty pence bmx catalogue mailer august september 1982,,RETAIN — issue-specific occurrence pending visual comparison,Indexed page 51. Image: do not reproduce scan. Text: paraphrase facts and clearly paired prices only.,2026-07-31,PKR-CAT-003,"Mailers, stickers, and information packs"
EPH-0137,v1.1 chronological census,V11-ABMX-0076,Magazine advertisement,Puch Murray competition BMX range advertisement,1982,1982,October/November 1982,Puch Murray,Brand advertisement for 20-inch and 24-inch BMX models with component and warranty claims.,United Kingdom,Not applicable — period publication,,Chronological issue pass,PreviousPage exposes indexed text for BMX Action Bike — October/November 1982 — Volume 2 Number 4. This record preserves an issue-specific source occurrence and paraphrased factual details. Page-image comparison remains required before exact-layout quotation or visual identity merging.,HIGH,INDEX-ONLY,INCLUDED — indexed issue text; visual comparison pending.,https://previouspage.co.uk/magazines/BMX%20Action%20Bike/issues/25-october%2Fnovember-eighty-two,,puch murray competition bmx range advertisement october november 1982,,RETAIN — issue-specific occurrence pending visual comparison,Indexed page 2. Image: do not reproduce scan. Text: paraphrase facts and clearly paired prices only.,2026-07-31,PKR-CAT-002,Advertisements and price lists
EPH-0138,v1.1 chronological census,V11-ABMX-0077,Magazine advertisement,Redline 400 Series durability advertisement,1982,1982,October/November 1982,Redline; Gecko,UK distributor advertisement promoting Redline 400 Series durability.,United Kingdom,Not applicable — period publication,,Chronological issue pass,PreviousPage exposes indexed text for BMX Action Bike — October/November 1982 — Volume 2 Number 4. This record preserves an issue-specific source occurrence and paraphrased factual details. Page-image comparison remains required before exact-layout quotation or visual identity merging.,MEDIUM-HIGH,INDEX-ONLY,INCLUDED — indexed issue text; visual comparison pending.,https://previouspage.co.uk/magazines/BMX%20Action%20Bike/issues/25-october%2Fnovember-eighty-two,,redline 400 series durability advertisement october november 1982,,RETAIN — issue-specific occurrence pending visual comparison,Indexed page 4. Image: do not reproduce scan. Text: paraphrase facts and clearly paired prices only.,2026-07-31,PKR-CAT-002,Advertisements and price lists
EPH-0139,v1.1 chronological census,V11-ABMX-0078,Retailer advertisement / price list,Hot Wheels BMX Centre Shimano price list,1982,1982,October/November 1982,Hot Wheels BMX Centre; Shimano,"Retail price listing for DX pedals, seatposts, levers, cranks, saddles, forks, and new imports.",United Kingdom,Not applicable — period publication,,Chronological issue pass,PreviousPage exposes indexed text for BMX Action Bike — October/November 1982 — Volume 2 Number 4. This record preserves an issue-specific source occurrence and paraphrased factual details. Page-image comparison remains required before exact-layout quotation or visual identity merging. Potential recurring-campaign relationship with EPH-0185 (Hot Wheels Centre retailer campaign); do not merge without page-image comparison.,HIGH,INDEX-ONLY,INCLUDED — indexed issue text; visual comparison pending.,https://previouspage.co.uk/magazines/BMX%20Action%20Bike/issues/25-october%2Fnovember-eighty-two,,hot wheels bmx centre shimano price list october november 1982,,REVIEW — recurring campaign/feature candidate; retain separately pending page-image comparison,Indexed page 5. Image: do not reproduce scan. Text: paraphrase facts and clearly paired prices only.,2026-07-31,PKR-CAT-002,Advertisements and price lists
EPH-0140,v1.1 chronological census,V11-ABMX-0079,Product announcement / kit,Kuwahara E.T. Special product announcement,1982,1982,October/November 1982,Kuwahara; E.T.,News item announcing E.T.-themed Kuwahara bicycles for the UK market.,United Kingdom,Not applicable — period publication,,Chronological issue pass,PreviousPage exposes indexed text for BMX Action Bike — October/November 1982 — Volume 2 Number 4. This record preserves an issue-specific source occurrence and paraphrased factual details. Page-image comparison remains required before exact-layout quotation or visual identity merging.,HIGH,INDEX-ONLY,INCLUDED — indexed issue text; visual comparison pending.,https://previouspage.co.uk/magazines/BMX%20Action%20Bike/issues/25-october%2Fnovember-eighty-two,,kuwahara e t special product announcement october november 1982,,RETAIN — issue-specific occurrence pending visual comparison,Indexed page 6. Image: do not reproduce scan. Text: paraphrase facts and clearly paired prices only.,2026-07-31,PKR-CAT-008,Product announcements and technical material
EPH-0141,v1.1 chronological census,V11-ABMX-0080,Archive collection,BMX track-openings and construction logbook,1982,1982,October/November 1982,BMX Action Bike,Track-status roundup listing openings and planned facilities across Britain.,United Kingdom,Not applicable — period publication,,Chronological issue pass,PreviousPage exposes indexed text for BMX Action Bike — October/November 1982 — Volume 2 Number 4. This record preserves an issue-specific source occurrence and paraphrased factual details. Page-image comparison remains required before exact-layout quotation or visual identity merging.,HIGH,INDEX-ONLY,INCLUDED — indexed issue text; visual comparison pending.,https://previouspage.co.uk/magazines/BMX%20Action%20Bike/issues/25-october%2Fnovember-eighty-two,,bmx track openings and construction logbook october november 1982,,RETAIN — issue-specific occurrence pending visual comparison,Indexed pages 6–7. Image: do not reproduce scan. Text: paraphrase facts and clearly paired prices only.,2026-07-31,PKR-CAT-009,Editorial tests and historical documentation
EPH-0142,v1.1 chronological census,V11-ABMX-0081,Dealer/shop advertisement,"Shiner Panda, SE Racing, and KHS range advertisement",1982,1982,October/November 1982,Shiner; SE Racing; Panda; KHS,"Distributor advertisement covering frames, complete bikes, components, and dealership enquiries.",United Kingdom,Not applicable — period publication,,Chronological issue pass,PreviousPage exposes indexed text for BMX Action Bike — October/November 1982 — Volume 2 Number 4. This record preserves an issue-specific source occurrence and paraphrased factual details. Page-image comparison remains required before exact-layout quotation or visual identity merging.,MEDIUM-HIGH,INDEX-ONLY,INCLUDED — indexed issue text; visual comparison pending.,https://previouspage.co.uk/magazines/BMX%20Action%20Bike/issues/25-october%2Fnovember-eighty-two,,shiner panda se racing and khs range advertisement october november 1982,,RETAIN — issue-specific occurrence pending visual comparison,Indexed page 6. Image: do not reproduce scan. Text: paraphrase facts and clearly paired prices only.,2026-07-31,PKR-CAT-007,Dealers and distributors
EPH-0143,v1.1 chronological census,V11-ABMX-0082,Product literature,Adjustable car cycle-rack advertisement,1982,1982,October/November 1982,Retailer unresolved,Advertisement for an adjustable vehicle bicycle carrier with lashing straps.,United Kingdom,Not applicable — period publication,,Chronological issue pass,PreviousPage exposes indexed text for BMX Action Bike — October/November 1982 — Volume 2 Number 4. This record preserves an issue-specific source occurrence and paraphrased factual details. Page-image comparison remains required before exact-layout quotation or visual identity merging.,MEDIUM,INDEX-ONLY,INCLUDED — indexed issue text; visual comparison pending.,https://previouspage.co.uk/magazines/BMX%20Action%20Bike/issues/25-october%2Fnovember-eighty-two,,adjustable car cycle rack advertisement october november 1982,,RETAIN — issue-specific occurrence pending visual comparison,Indexed page 7. Image: do not reproduce scan. Text: paraphrase facts and clearly paired prices only.,2026-07-31,PKR-CAT-001,Catalogs and product literature
EPH-0144,v1.1 chronological census,V11-ABMX-0083,Product announcement / kit,Skyway Tuff wheels with alloy hubs launch,1982,1982,October/November 1982,Skyway; Hotshot BMX,Product announcement for lightweight alloy-hub Tuff wheels in multiple colors.,United Kingdom,Not applicable — period publication,,Chronological issue pass,PreviousPage exposes indexed text for BMX Action Bike — October/November 1982 — Volume 2 Number 4. This record preserves an issue-specific source occurrence and paraphrased factual details. Page-image comparison remains required before exact-layout quotation or visual identity merging.,HIGH,INDEX-ONLY,INCLUDED — indexed issue text; visual comparison pending.,https://previouspage.co.uk/magazines/BMX%20Action%20Bike/issues/25-october%2Fnovember-eighty-two,,skyway tuff wheels with alloy hubs launch october november 1982,,RETAIN — issue-specific occurrence pending visual comparison,Indexed page 8. Image: do not reproduce scan. Text: paraphrase facts and clearly paired prices only.,2026-07-31,PKR-CAT-008,Product announcements and technical material
EPH-0145,v1.1 chronological census,V11-ABMX-0084,Information-pack mailer,Skyway information and Andy Patterson poster mailer,1982,1982,October/November 1982,Skyway; Hotshot BMX; Andy Patterson,Free information and poster offer requiring a stamped addressed envelope.,United Kingdom,Not applicable — period publication,,Chronological issue pass,PreviousPage exposes indexed text for BMX Action Bike — October/November 1982 — Volume 2 Number 4. This record preserves an issue-specific source occurrence and paraphrased factual details. Page-image comparison remains required before exact-layout quotation or visual identity merging.,HIGH,INDEX-ONLY,INCLUDED — indexed issue text; visual comparison pending.,https://previouspage.co.uk/magazines/BMX%20Action%20Bike/issues/25-october%2Fnovember-eighty-two,,skyway information and andy patterson poster mailer october november 1982,,RETAIN — issue-specific occurrence pending visual comparison,Indexed page 8. Image: do not reproduce scan. Text: paraphrase facts and clearly paired prices only.,2026-07-31,PKR-CAT-003,"Mailers, stickers, and information packs"
EPH-0146,v1.1 chronological census,V11-ABMX-0085,Contest entry form / promotion,Alpine Action one-hundred-pound advertisement-design contest,1982,1982,October/November 1982,Alpine Action; BMX Action Bike,Reader contest to design a one-page Alpine Action advertisement for a cash prize.,United Kingdom,Not applicable — period publication,,Chronological issue pass,PreviousPage exposes indexed text for BMX Action Bike — October/November 1982 — Volume 2 Number 4. This record preserves an issue-specific source occurrence and paraphrased factual details. Page-image comparison remains required before exact-layout quotation or visual identity merging.,HIGH,INDEX-ONLY,INCLUDED — indexed issue text; visual comparison pending.,https://previouspage.co.uk/magazines/BMX%20Action%20Bike/issues/25-october%2Fnovember-eighty-two,,alpine action one hundred pound advertisement design contest october november 1982,,RETAIN — issue-specific occurrence pending visual comparison,Indexed page 8. Image: do not reproduce scan. Text: paraphrase facts and clearly paired prices only.,2026-07-31,PKR-CAT-004,Contests and promotions
EPH-0147,v1.1 chronological census,V11-ABMX-0086,Catalog mailer / advertisement,Murray and Puch test-range mailer with free membership,1982,1982,October/November 1982,Murray; Puch,Dealer offer for a full model list and free membership with every bicycle purchased.,United Kingdom,Not applicable — period publication,,Chronological issue pass,PreviousPage exposes indexed text for BMX Action Bike — October/November 1982 — Volume 2 Number 4. This record preserves an issue-specific source occurrence and paraphrased factual details. Page-image comparison remains required before exact-layout quotation or visual identity merging.,HIGH,INDEX-ONLY,INCLUDED — indexed issue text; visual comparison pending.,https://previouspage.co.uk/magazines/BMX%20Action%20Bike/issues/25-october%2Fnovember-eighty-two,,murray and puch test range mailer with free membership october november 1982,,RETAIN — issue-specific occurrence pending visual comparison,Indexed page 8. Image: do not reproduce scan. Text: paraphrase facts and clearly paired prices only.,2026-07-31,PKR-CAT-003,"Mailers, stickers, and information packs"
EPH-0148,v1.1 chronological census,V11-ABMX-0087,Information-pack mailer,BMX Action Bike race-shirt mailer,1982,1982,October/November 1982,BMX Action Bike,Direct mail-order offer for the magazine's blue-and-yellow cotton race shirt.,United Kingdom,Not applicable — period publication,,Chronological issue pass,PreviousPage exposes indexed text for BMX Action Bike — October/November 1982 — Volume 2 Number 4. This record preserves an issue-specific source occurrence and paraphrased factual details. Page-image comparison remains required before exact-layout quotation or visual identity merging.,HIGH,INDEX-ONLY,INCLUDED — indexed issue text; visual comparison pending.,https://previouspage.co.uk/magazines/BMX%20Action%20Bike/issues/25-october%2Fnovember-eighty-two,,bmx action bike race shirt mailer october november 1982,,RETAIN — issue-specific occurrence pending visual comparison,Indexed page 10. Image: do not reproduce scan. Text: paraphrase facts and clearly paired prices only.,2026-07-31,PKR-CAT-003,"Mailers, stickers, and information packs"
EPH-0149,v1.1 chronological census,V11-ABMX-0088,Product-history object,E.T. film and Kuwahara bicycle feature,1982,1982,October/November 1982,E.T.; Kuwahara; Steven Spielberg,Editorial feature connecting the film's bicycle scenes to special Kuwahara models.,United Kingdom,Not applicable — period publication,,Chronological issue pass,PreviousPage exposes indexed text for BMX Action Bike — October/November 1982 — Volume 2 Number 4. This record preserves an issue-specific source occurrence and paraphrased factual details. Page-image comparison remains required before exact-layout quotation or visual identity merging.,HIGH,INDEX-ONLY,INCLUDED — indexed issue text; visual comparison pending.,https://previouspage.co.uk/magazines/BMX%20Action%20Bike/issues/25-october%2Fnovember-eighty-two,,e t film and kuwahara bicycle feature october november 1982,,RETAIN — issue-specific occurrence pending visual comparison,Indexed pages 10–11. Image: do not reproduce scan. Text: paraphrase facts and clearly paired prices only.,2026-07-31,PKR-CAT-009,Editorial tests and historical documentation
EPH-0150,v1.1 chronological census,V11-ABMX-0089,Information-pack mailer,Pro-Lite information-pack and decal mailer,1982,1982,October/November 1982,Pro-Lite; Freewheeler Leisure Products,Factory-direct information-pack and decal offer for Pro-Lite protective equipment.,United Kingdom,Not applicable — period publication,,Chronological issue pass,PreviousPage exposes indexed text for BMX Action Bike — October/November 1982 — Volume 2 Number 4. This record preserves an issue-specific source occurrence and paraphrased factual details. Page-image comparison remains required before exact-layout quotation or visual identity merging.,HIGH,INDEX-ONLY,INCLUDED — indexed issue text; visual comparison pending.,https://previouspage.co.uk/magazines/BMX%20Action%20Bike/issues/25-october%2Fnovember-eighty-two,,pro lite information pack and decal mailer october november 1982,,RETAIN — issue-specific occurrence pending visual comparison,Indexed page 11. Image: do not reproduce scan. Text: paraphrase facts and clearly paired prices only.,2026-07-31,PKR-CAT-003,"Mailers, stickers, and information packs"
EPH-0151,v1.1 chronological census,V11-ABMX-0090,Contest entry form / promotion,ABMX Bonanza reader survey competition,1982,1982,October/November 1982,BMX Action Bike,"Large reader survey tied to more than fifty bicycle, frame, clothing, and component prizes.",United Kingdom,Not applicable — period publication,,Chronological issue pass,PreviousPage exposes indexed text for BMX Action Bike — October/November 1982 — Volume 2 Number 4. This record preserves an issue-specific source occurrence and paraphrased factual details. Page-image comparison remains required before exact-layout quotation or visual identity merging.,HIGH,INDEX-ONLY,INCLUDED — indexed issue text; visual comparison pending.,https://previouspage.co.uk/magazines/BMX%20Action%20Bike/issues/25-october%2Fnovember-eighty-two,,abmx bonanza reader survey competition october november 1982,,RETAIN — issue-specific occurrence pending visual comparison,Indexed pages 12–13. Image: do not reproduce scan. Text: paraphrase facts and clearly paired prices only.,2026-07-31,PKR-CAT-004,Contests and promotions
EPH-0152,v1.1 chronological census,V11-ABMX-0091,Event prize promotion,AMF Scorcher 7 reader-survey prize,1982,1982,October/November 1982,AMF; BMX Action Bike,Top prize record for an AMF Scorcher 7 bicycle in the ABMX Bonanza.,United Kingdom,Not applicable — period publication,,Chronological issue pass,PreviousPage exposes indexed text for BMX Action Bike — October/November 1982 — Volume 2 Number 4. This record preserves an issue-specific source occurrence and paraphrased factual details. Page-image comparison remains required before exact-layout quotation or visual identity merging.,HIGH,INDEX-ONLY,INCLUDED — indexed issue text; visual comparison pending.,https://previouspage.co.uk/magazines/BMX%20Action%20Bike/issues/25-october%2Fnovember-eighty-two,,amf scorcher 7 reader survey prize october november 1982,,RETAIN — issue-specific occurrence pending visual comparison,Indexed page 12. Image: do not reproduce scan. Text: paraphrase facts and clearly paired prices only.,2026-07-31,PKR-CAT-004,Contests and promotions
EPH-0153,v1.1 chronological census,V11-ABMX-0092,Event prize promotion,Reynolds 531 BMX frame-and-fork survey prize,1982,1982,October/November 1982,Reynolds; BMX Action Bike,Second-prize record for a custom Reynolds 531 BMX frame and fork set.,United Kingdom,Not applicable — period publication,,Chronological issue pass,PreviousPage exposes indexed text for BMX Action Bike — October/November 1982 — Volume 2 Number 4. This record preserves an issue-specific source occurrence and paraphrased factual details. Page-image comparison remains required before exact-layout quotation or visual identity merging.,HIGH,INDEX-ONLY,INCLUDED — indexed issue text; visual comparison pending.,https://previouspage.co.uk/magazines/BMX%20Action%20Bike/issues/25-october%2Fnovember-eighty-two,,reynolds 531 bmx frame and fork survey prize october november 1982,,RETAIN — issue-specific occurrence pending visual comparison,Indexed page 12. Image: do not reproduce scan. Text: paraphrase facts and clearly paired prices only.,2026-07-31,PKR-CAT-004,Contests and promotions
EPH-0154,v1.1 chronological census,V11-ABMX-0093,Team/product advertisement,Team Mongoose factory-direct value advertisement,1982,1982,October/November 1982,Mongoose; Ammaco,Team-linked advertisement for a Mongoose race bicycle and factory-direct value positioning.,United Kingdom,Not applicable — period publication,,Chronological issue pass,PreviousPage exposes indexed text for BMX Action Bike — October/November 1982 — Volume 2 Number 4. This record preserves an issue-specific source occurrence and paraphrased factual details. Page-image comparison remains required before exact-layout quotation or visual identity merging.,MEDIUM-HIGH,INDEX-ONLY,INCLUDED — indexed issue text; visual comparison pending.,https://previouspage.co.uk/magazines/BMX%20Action%20Bike/issues/25-october%2Fnovember-eighty-two,,team mongoose factory direct value advertisement october november 1982,,RETAIN — issue-specific occurrence pending visual comparison,Indexed page 12. Image: do not reproduce scan. Text: paraphrase facts and clearly paired prices only.,2026-07-31,PKR-CAT-006,"Teams, riders, and brand campaigns"
EPH-0155,v1.1 chronological census,V11-ABMX-0094,Product literature,ABMX race nutrition and training article,1982,1982,October/November 1982,BMX Action Bike,"Instructional article on race-day nutrition, protein, carbohydrate, hydration, and preparation.",United Kingdom,Not applicable — period publication,,Chronological issue pass,PreviousPage exposes indexed text for BMX Action Bike — October/November 1982 — Volume 2 Number 4. This record preserves an issue-specific source occurrence and paraphrased factual details. Page-image comparison remains required before exact-layout quotation or visual identity merging.,MEDIUM-HIGH,INDEX-ONLY,INCLUDED — indexed issue text; visual comparison pending.,https://previouspage.co.uk/magazines/BMX%20Action%20Bike/issues/25-october%2Fnovember-eighty-two,,abmx race nutrition and training article october november 1982,,RETAIN — issue-specific occurrence pending visual comparison,Indexed page 15. Image: do not reproduce scan. Text: paraphrase facts and clearly paired prices only.,2026-07-31,PKR-CAT-001,Catalogs and product literature
EPH-0156,v1.1 chronological census,V11-ABMX-0095,Retailer advertisement / price list,BMX Invader and Action Bikes monthly specials,1982,1982,October/November 1982,BMX Invader; Action Bikes,Dealer advertisement with complete-bike and component specials plus custom-build and credit options.,United Kingdom,Not applicable — period publication,,Chronological issue pass,PreviousPage exposes indexed text for BMX Action Bike — October/November 1982 — Volume 2 Number 4. This record preserves an issue-specific source occurrence and paraphrased factual details. Page-image comparison remains required before exact-layout quotation or visual identity merging.,HIGH,INDEX-ONLY,INCLUDED — indexed issue text; visual comparison pending.,https://previouspage.co.uk/magazines/BMX%20Action%20Bike/issues/25-october%2Fnovember-eighty-two,,bmx invader and action bikes monthly specials october november 1982,,RETAIN — issue-specific occurrence pending visual comparison,Indexed page 15. Image: do not reproduce scan. Text: paraphrase facts and clearly paired prices only.,2026-07-31,PKR-CAT-002,Advertisements and price lists
EPH-0157,v1.1 chronological census,V11-ABMX-0096,Product-history object,Huffy Pro Lightning preview,1982,1982,October/November 1982,Huffy,Early publication feature introducing the Huffy Pro Lightning.,United Kingdom,Not applicable — period publication,,Chronological issue pass,PreviousPage exposes indexed text for BMX Action Bike — October/November 1982 — Volume 2 Number 4. This record preserves an issue-specific source occurrence and paraphrased factual details. Page-image comparison remains required before exact-layout quotation or visual identity merging.,MEDIUM-HIGH,INDEX-ONLY,INCLUDED — indexed issue text; visual comparison pending.,https://previouspage.co.uk/magazines/BMX%20Action%20Bike/issues/25-october%2Fnovember-eighty-two,,huffy pro lightning preview october november 1982,,RETAIN — issue-specific occurrence pending visual comparison,Indexed pages 17–18. Image: do not reproduce scan. Text: paraphrase facts and clearly paired prices only.,2026-07-31,PKR-CAT-009,Editorial tests and historical documentation
EPH-0158,v1.1 chronological census,V11-ABMX-0097,Event notice / contact flyer,Stolen Kuwahara notice and subscription reward,1982,1982,October/November 1982,BMX Action Bike; Kuwahara,Lost-bike notice offering a free magazine subscription for useful recovery information.,United Kingdom,Not applicable — period publication,,Chronological issue pass,PreviousPage exposes indexed text for BMX Action Bike — October/November 1982 — Volume 2 Number 4. This record preserves an issue-specific source occurrence and paraphrased factual details. Page-image comparison remains required before exact-layout quotation or visual identity merging.,MEDIUM-HIGH,INDEX-ONLY,INCLUDED — indexed issue text; visual comparison pending.,https://previouspage.co.uk/magazines/BMX%20Action%20Bike/issues/25-october%2Fnovember-eighty-two,,stolen kuwahara notice and subscription reward october november 1982,,RETAIN — issue-specific occurrence pending visual comparison,Indexed section located; exact page number remains pending page-image review. Indexed letters section. Image: do not reproduce scan. Text: paraphrase facts and clearly paired prices only.,2026-07-31,PKR-CAT-005,"Events, registration, and membership"
EPH-0159,v1.1 chronological census,V11-ABMX-0098,Information-pack mailer,Diamond Back Silver Streak information-pack placement,1982,1982,October/November 1982,Diamond Back; Pro-Star; Freewheeler,Issue-specific placement of the free Diamond Back and Pro-Star information pack and decal.,United Kingdom,Not applicable — period publication,,Chronological issue pass,PreviousPage exposes indexed text for BMX Action Bike — October/November 1982 — Volume 2 Number 4. This record preserves an issue-specific source occurrence and paraphrased factual details. Page-image comparison remains required before exact-layout quotation or visual identity merging. Potential recurring-campaign relationship with EPH-0110 (Diamond Back Silver Streak information-pack campaign); do not merge without page-image comparison.,HIGH,INDEX-ONLY,INCLUDED — indexed issue text; visual comparison pending.,https://previouspage.co.uk/magazines/BMX%20Action%20Bike/issues/25-october%2Fnovember-eighty-two,,diamond back silver streak information pack placement october november 1982,,REVIEW — recurring campaign/feature candidate; retain separately pending page-image comparison,Indexed page 29. Image: do not reproduce scan. Text: paraphrase facts and clearly paired prices only.,2026-07-31,PKR-CAT-003,"Mailers, stickers, and information packs"
EPH-0160,v1.1 chronological census,V11-ABMX-0099,Factory-team history,Kuwahara one-hundred-rider team recruitment offer,1982,1982,October/November 1982,Kuwahara; Gecko,"Team-recruitment promotion offering clothing, stickers, patches, cap, and equipment discounts.",United Kingdom,Not applicable — period publication,,Chronological issue pass,PreviousPage exposes indexed text for BMX Action Bike — October/November 1982 — Volume 2 Number 4. This record preserves an issue-specific source occurrence and paraphrased factual details. Page-image comparison remains required before exact-layout quotation or visual identity merging.,HIGH,INDEX-ONLY,INCLUDED — indexed issue text; visual comparison pending.,https://previouspage.co.uk/magazines/BMX%20Action%20Bike/issues/25-october%2Fnovember-eighty-two,,kuwahara one hundred rider team recruitment offer october november 1982,,RETAIN — issue-specific occurrence pending visual comparison,Indexed page 30. Image: do not reproduce scan. Text: paraphrase facts and clearly paired prices only.,2026-07-31,PKR-CAT-006,"Teams, riders, and brand campaigns"
EPH-0161,v1.1 chronological census,V11-ABMX-0100,Dealer/shop advertisement,Holdsworth BMX Centres multi-brand advertisement,1982,1982,October/November 1982,Holdsworth BMX Centres,"Three-location dealer advertisement listing complete bikes, frames, wheels, components, and clothing.",United Kingdom,Not applicable — period publication,,Chronological issue pass,PreviousPage exposes indexed text for BMX Action Bike — October/November 1982 — Volume 2 Number 4. This record preserves an issue-specific source occurrence and paraphrased factual details. Page-image comparison remains required before exact-layout quotation or visual identity merging. Potential recurring-campaign relationship with EPH-0196 (Holdsworth multi-brand retailer campaign); do not merge without page-image comparison.,MEDIUM-HIGH,INDEX-ONLY,INCLUDED — indexed issue text; visual comparison pending.,https://previouspage.co.uk/magazines/BMX%20Action%20Bike/issues/25-october%2Fnovember-eighty-two,,holdsworth bmx centres multi brand advertisement october november 1982,,REVIEW — recurring campaign/feature candidate; retain separately pending page-image comparison,Indexed page 30. Image: do not reproduce scan. Text: paraphrase facts and clearly paired prices only.,2026-07-31,PKR-CAT-007,Dealers and distributors
EPH-0162,v1.1 chronological census,V11-ABMX-0101,Dealer advertisement / price-list lead,Bolton BMXmas Club Supadeal,1982,1982,October/November 1982,Bolton BMX Centre,"Seasonal club and layaway-style offer with storage, gifts, delivery, exchanges, and credit terms.",United Kingdom,Not applicable — period publication,,Chronological issue pass,PreviousPage exposes indexed text for BMX Action Bike — October/November 1982 — Volume 2 Number 4. This record preserves an issue-specific source occurrence and paraphrased factual details. Page-image comparison remains required before exact-layout quotation or visual identity merging.,HIGH,INDEX-ONLY,INCLUDED — indexed issue text; visual comparison pending.,https://previouspage.co.uk/magazines/BMX%20Action%20Bike/issues/25-october%2Fnovember-eighty-two,,bolton bmxmas club supadeal october november 1982,,RETAIN — issue-specific occurrence pending visual comparison,Indexed page 30. Image: do not reproduce scan. Text: paraphrase facts and clearly paired prices only.,2026-07-31,PKR-CAT-007,Dealers and distributors
EPH-0163,v1.1 chronological census,V11-ABMX-0102,Product-history object,Haro number-plate heritage advertisement,1982,1982,October/November 1982,Haro Designs,Advertisement connecting Haro plate design history to major sponsored riders.,United Kingdom,Not applicable — period publication,,Chronological issue pass,PreviousPage exposes indexed text for BMX Action Bike — October/November 1982 — Volume 2 Number 4. This record preserves an issue-specific source occurrence and paraphrased factual details. Page-image comparison remains required before exact-layout quotation or visual identity merging.,HIGH,INDEX-ONLY,INCLUDED — indexed issue text; visual comparison pending.,https://previouspage.co.uk/magazines/BMX%20Action%20Bike/issues/25-october%2Fnovember-eighty-two,,haro number plate heritage advertisement october november 1982,,RETAIN — issue-specific occurrence pending visual comparison,Indexed page 25. Image: do not reproduce scan. Text: paraphrase facts and clearly paired prices only.,2026-07-31,PKR-CAT-009,Editorial tests and historical documentation
EPH-0164,v1.1 chronological census,V11-ABMX-0103,Product literature,SunTour HB-6000 reversible rear-hub product literature,1982,1982,October/November 1982,SunTour; Ron Kitching,Technical product advertisement for a double-threaded large-flange rear hub.,United Kingdom,Not applicable — period publication,,Chronological issue pass,PreviousPage exposes indexed text for BMX Action Bike — October/November 1982 — Volume 2 Number 4. This record preserves an issue-specific source occurrence and paraphrased factual details. Page-image comparison remains required before exact-layout quotation or visual identity merging.,HIGH,INDEX-ONLY,INCLUDED — indexed issue text; visual comparison pending.,https://previouspage.co.uk/magazines/BMX%20Action%20Bike/issues/25-october%2Fnovember-eighty-two,,suntour hb 6000 reversible rear hub product literature october november 1982,,RETAIN — issue-specific occurrence pending visual comparison,Indexed page 38. Image: do not reproduce scan. Text: paraphrase facts and clearly paired prices only.,2026-07-31,PKR-CAT-001,Catalogs and product literature
EPH-0165,v1.1 chronological census,V11-ABMX-0104,Product literature,Troxel Comet saddle-and-post advertisement,1982,1982,October/November 1982,Troxel,Product advertisement for an integrated nylon saddle and chromoly post assembly.,United Kingdom,Not applicable — period publication,,Chronological issue pass,PreviousPage exposes indexed text for BMX Action Bike — October/November 1982 — Volume 2 Number 4. This record preserves an issue-specific source occurrence and paraphrased factual details. Page-image comparison remains required before exact-layout quotation or visual identity merging.,HIGH,INDEX-ONLY,INCLUDED — indexed issue text; visual comparison pending.,https://previouspage.co.uk/magazines/BMX%20Action%20Bike/issues/25-october%2Fnovember-eighty-two,,troxel comet saddle and post advertisement october november 1982,,RETAIN — issue-specific occurrence pending visual comparison,Indexed page 42. Image: do not reproduce scan. Text: paraphrase facts and clearly paired prices only.,2026-07-31,PKR-CAT-001,Catalogs and product literature
EPH-0166,v1.1 chronological census,V11-ABMX-0105,Product literature,Shimano DX platform-pedal advertisement,1982,1983,December 1982/January 1983,Shimano,Technical advertisement describing the concave parallelogram platform and stud layout of DX pedals.,United Kingdom,Not applicable — period publication,,Chronological issue pass,PreviousPage exposes indexed text for BMX Action Bike — December 1982/January 1983 — Volume 2 Number 5. This record preserves an issue-specific source occurrence and paraphrased factual details. Page-image comparison remains required before exact-layout quotation or visual identity merging.,HIGH,INDEX-ONLY,INCLUDED — indexed issue text; visual comparison pending.,https://previouspage.co.uk/magazines/BMX%20Action%20Bike/issues/58-december%2Fjanuary-eighty-two,,shimano dx platform pedal advertisement december 1982 january 1983,,RETAIN — issue-specific occurrence pending visual comparison,Indexed page 2. Image: do not reproduce scan. Text: paraphrase facts and clearly paired prices only.,2026-07-31,PKR-CAT-001,Catalogs and product literature
EPH-0167,v1.1 chronological census,V11-ABMX-0106,Product announcement / kit,Shimano DX micro-adjust seatpost announcement,1982,1983,December 1982/January 1983,Shimano,Companion product announcement for a one-key micro-adjust alloy seatpost.,United Kingdom,Not applicable — period publication,,Chronological issue pass,PreviousPage exposes indexed text for BMX Action Bike — December 1982/January 1983 — Volume 2 Number 5. This record preserves an issue-specific source occurrence and paraphrased factual details. Page-image comparison remains required before exact-layout quotation or visual identity merging.,MEDIUM-HIGH,INDEX-ONLY,INCLUDED — indexed issue text; visual comparison pending.,https://previouspage.co.uk/magazines/BMX%20Action%20Bike/issues/58-december%2Fjanuary-eighty-two,,shimano dx micro adjust seatpost announcement december 1982 january 1983,,RETAIN — issue-specific occurrence pending visual comparison,Indexed page 2. Image: do not reproduce scan. Text: paraphrase facts and clearly paired prices only.,2026-07-31,PKR-CAT-008,Product announcements and technical material
EPH-0168,v1.1 chronological census,V11-ABMX-0107,Information-pack mailer,Pro-Lite protective-equipment information-pack placement,1982,1983,December 1982/January 1983,Pro-Lite; Freewheeler,Issue-specific factory mailer for a free Pro-Lite information pack and decal.,United Kingdom,Not applicable — period publication,,Chronological issue pass,PreviousPage exposes indexed text for BMX Action Bike — December 1982/January 1983 — Volume 2 Number 5. This record preserves an issue-specific source occurrence and paraphrased factual details. Page-image comparison remains required before exact-layout quotation or visual identity merging.,HIGH,INDEX-ONLY,INCLUDED — indexed issue text; visual comparison pending.,https://previouspage.co.uk/magazines/BMX%20Action%20Bike/issues/58-december%2Fjanuary-eighty-two,,pro lite protective equipment information pack placement december 1982 january 1983,,RETAIN — issue-specific occurrence pending visual comparison,Indexed page 7. Image: do not reproduce scan. Text: paraphrase facts and clearly paired prices only.,2026-07-31,PKR-CAT-003,"Mailers, stickers, and information packs"
EPH-0169,v1.1 chronological census,V11-ABMX-0108,Retailer advertisement / price list,Halfords California BMX model-range price advertisement,1982,1983,December 1982/January 1983,Halfords; California,"Retail advertisement listing California, California Star, California Trax Pro, and Turbo 20X models.",United Kingdom,Not applicable — period publication,,Chronological issue pass,PreviousPage exposes indexed text for BMX Action Bike — December 1982/January 1983 — Volume 2 Number 5. This record preserves an issue-specific source occurrence and paraphrased factual details. Page-image comparison remains required before exact-layout quotation or visual identity merging.,HIGH,INDEX-ONLY,INCLUDED — indexed issue text; visual comparison pending.,https://previouspage.co.uk/magazines/BMX%20Action%20Bike/issues/58-december%2Fjanuary-eighty-two,,halfords california bmx model range price advertisement december 1982 january 1983,,RETAIN — issue-specific occurrence pending visual comparison,Indexed page 8. Image: do not reproduce scan. Text: paraphrase facts and clearly paired prices only.,2026-07-31,PKR-CAT-002,Advertisements and price lists
EPH-0170,v1.1 chronological census,V11-ABMX-0109,Event prize promotion,Halfords Raleigh Burner and free Haro plate promotion,1982,1983,December 1982/January 1983,Halfords; Raleigh; Haro,Retail promotion pairing Raleigh Burner availability with a free Haro number plate.,United Kingdom,Not applicable — period publication,,Chronological issue pass,PreviousPage exposes indexed text for BMX Action Bike — December 1982/January 1983 — Volume 2 Number 5. This record preserves an issue-specific source occurrence and paraphrased factual details. Page-image comparison remains required before exact-layout quotation or visual identity merging.,HIGH,INDEX-ONLY,INCLUDED — indexed issue text; visual comparison pending.,https://previouspage.co.uk/magazines/BMX%20Action%20Bike/issues/58-december%2Fjanuary-eighty-two,,halfords raleigh burner and free haro plate promotion december 1982 january 1983,,RETAIN — issue-specific occurrence pending visual comparison,Indexed page 8. Image: do not reproduce scan. Text: paraphrase facts and clearly paired prices only.,2026-07-31,PKR-CAT-004,Contests and promotions
EPH-0171,v1.1 chronological census,V11-ABMX-0110,Event notice / contact flyer,British and world BMX wheelie-record attempt notice,1982,1983,December 1982/January 1983,Lee Cooper; BMX Action Bike,Event notice for British and world wheelie-record attempts at Pickett's Lock.,United Kingdom,Not applicable — period publication,,Chronological issue pass,PreviousPage exposes indexed text for BMX Action Bike — December 1982/January 1983 — Volume 2 Number 5. This record preserves an issue-specific source occurrence and paraphrased factual details. Page-image comparison remains required before exact-layout quotation or visual identity merging.,HIGH,INDEX-ONLY,INCLUDED — indexed issue text; visual comparison pending.,https://previouspage.co.uk/magazines/BMX%20Action%20Bike/issues/58-december%2Fjanuary-eighty-two,,british and world bmx wheelie record attempt notice december 1982 january 1983,,RETAIN — issue-specific occurrence pending visual comparison,Indexed page 10. Image: do not reproduce scan. Text: paraphrase facts and clearly paired prices only.,2026-07-31,PKR-CAT-005,"Events, registration, and membership"
EPH-0172,v1.1 chronological census,V11-ABMX-0111,Event notice / contact flyer,British and world bunnyhop-record attempt notice,1982,1983,December 1982/January 1983,Lee Cooper; BMX Action Bike,Event notice for British and world bunnyhop-record attempts.,United Kingdom,Not applicable — period publication,,Chronological issue pass,PreviousPage exposes indexed text for BMX Action Bike — December 1982/January 1983 — Volume 2 Number 5. This record preserves an issue-specific source occurrence and paraphrased factual details. Page-image comparison remains required before exact-layout quotation or visual identity merging.,HIGH,INDEX-ONLY,INCLUDED — indexed issue text; visual comparison pending.,https://previouspage.co.uk/magazines/BMX%20Action%20Bike/issues/58-december%2Fjanuary-eighty-two,,british and world bunnyhop record attempt notice december 1982 january 1983,,RETAIN — issue-specific occurrence pending visual comparison,Indexed page 10. Image: do not reproduce scan. Text: paraphrase facts and clearly paired prices only.,2026-07-31,PKR-CAT-005,"Events, registration, and membership"
EPH-0173,v1.1 chronological census,V11-ABMX-0112,Event flyer / trade-exhibition notice,Lee Cooper BMX coaching clinic,1982,1983,December 1982/January 1983,Lee Cooper; BMX Action Bike,Indoor coaching clinic led by expert riders as part of the Grand Prix program.,United Kingdom,Not applicable — period publication,,Chronological issue pass,PreviousPage exposes indexed text for BMX Action Bike — December 1982/January 1983 — Volume 2 Number 5. This record preserves an issue-specific source occurrence and paraphrased factual details. Page-image comparison remains required before exact-layout quotation or visual identity merging.,HIGH,INDEX-ONLY,INCLUDED — indexed issue text; visual comparison pending.,https://previouspage.co.uk/magazines/BMX%20Action%20Bike/issues/58-december%2Fjanuary-eighty-two,,lee cooper bmx coaching clinic december 1982 january 1983,,RETAIN — issue-specific occurrence pending visual comparison,Indexed section located; exact page number remains pending page-image review. Indexed event details. Image: do not reproduce scan. Text: paraphrase facts and clearly paired prices only.,2026-07-31,PKR-CAT-005,"Events, registration, and membership"
EPH-0174,v1.1 chronological census,V11-ABMX-0113,Event entry / pre-registration advertisement,Lee Cooper freestyle stunt competition,1982,1983,December 1982/January 1983,Lee Cooper; BMX Action Bike,Indoor freestyle competition with registration and prize details.,United Kingdom,Not applicable — period publication,,Chronological issue pass,PreviousPage exposes indexed text for BMX Action Bike — December 1982/January 1983 — Volume 2 Number 5. This record preserves an issue-specific source occurrence and paraphrased factual details. Page-image comparison remains required before exact-layout quotation or visual identity merging.,HIGH,INDEX-ONLY,INCLUDED — indexed issue text; visual comparison pending.,https://previouspage.co.uk/magazines/BMX%20Action%20Bike/issues/58-december%2Fjanuary-eighty-two,,lee cooper freestyle stunt competition december 1982 january 1983,,RETAIN — issue-specific occurrence pending visual comparison,Indexed section located; exact page number remains pending page-image review. Indexed event details. Image: do not reproduce scan. Text: paraphrase facts and clearly paired prices only.,2026-07-31,PKR-CAT-005,"Events, registration, and membership"
EPH-0175,v1.1 chronological census,V11-ABMX-0114,Factory-team history,Diamond Back Teamfinder race series launch,1982,1983,December 1982/January 1983,Diamond Back; Lee Cooper,Recruitment race series seeking new riders for Diamond Back's national team.,United Kingdom,Not applicable — period publication,,Chronological issue pass,PreviousPage exposes indexed text for BMX Action Bike — December 1982/January 1983 — Volume 2 Number 5. This record preserves an issue-specific source occurrence and paraphrased factual details. Page-image comparison remains required before exact-layout quotation or visual identity merging.,HIGH,INDEX-ONLY,INCLUDED — indexed issue text; visual comparison pending.,https://previouspage.co.uk/magazines/BMX%20Action%20Bike/issues/58-december%2Fjanuary-eighty-two,,diamond back teamfinder race series launch december 1982 january 1983,,RETAIN — issue-specific occurrence pending visual comparison,Indexed section located; exact page number remains pending page-image review. Indexed event details. Image: do not reproduce scan. Text: paraphrase facts and clearly paired prices only.,2026-07-31,PKR-CAT-006,"Teams, riders, and brand campaigns"
EPH-0176,v1.1 chronological census,V11-ABMX-0115,Contest entry form,First National BMX Poll ballot,1982,1983,December 1982/January 1983,BMX Action Bike,"Reader ballot for best rider, team, track, and other national BMX categories.",United Kingdom,Not applicable — period publication,,Chronological issue pass,PreviousPage exposes indexed text for BMX Action Bike — December 1982/January 1983 — Volume 2 Number 5. This record preserves an issue-specific source occurrence and paraphrased factual details. Page-image comparison remains required before exact-layout quotation or visual identity merging.,HIGH,INDEX-ONLY,INCLUDED — indexed issue text; visual comparison pending.,https://previouspage.co.uk/magazines/BMX%20Action%20Bike/issues/58-december%2Fjanuary-eighty-two,,first national bmx poll ballot december 1982 january 1983,,RETAIN — issue-specific occurrence pending visual comparison,Indexed pages 24–25. Image: do not reproduce scan. Text: paraphrase facts and clearly paired prices only.,2026-07-31,PKR-CAT-004,Contests and promotions
EPH-0177,v1.1 chronological census,V11-ABMX-0116,Event prize promotion,Diamond Back Turbo national-poll prize,1982,1983,December 1982/January 1983,Diamond Back; Harry Leary,Grand-prize record for a Diamond Back Turbo associated with Harry Leary.,United Kingdom,Not applicable — period publication,,Chronological issue pass,PreviousPage exposes indexed text for BMX Action Bike — December 1982/January 1983 — Volume 2 Number 5. This record preserves an issue-specific source occurrence and paraphrased factual details. Page-image comparison remains required before exact-layout quotation or visual identity merging.,HIGH,INDEX-ONLY,INCLUDED — indexed issue text; visual comparison pending.,https://previouspage.co.uk/magazines/BMX%20Action%20Bike/issues/58-december%2Fjanuary-eighty-two,,diamond back turbo national poll prize december 1982 january 1983,,RETAIN — issue-specific occurrence pending visual comparison,Indexed section located; exact page number remains pending page-image review. Indexed poll pages. Image: do not reproduce scan. Text: paraphrase facts and clearly paired prices only.,2026-07-31,PKR-CAT-004,Contests and promotions
EPH-0178,v1.1 chronological census,V11-ABMX-0117,Event prize promotion,Skyway Tuff II national-poll prize,1982,1983,December 1982/January 1983,Skyway,Second-prize record for lightweight Skyway Tuff II wheels.,United Kingdom,Not applicable — period publication,,Chronological issue pass,PreviousPage exposes indexed text for BMX Action Bike — December 1982/January 1983 — Volume 2 Number 5. This record preserves an issue-specific source occurrence and paraphrased factual details. Page-image comparison remains required before exact-layout quotation or visual identity merging.,HIGH,INDEX-ONLY,INCLUDED — indexed issue text; visual comparison pending.,https://previouspage.co.uk/magazines/BMX%20Action%20Bike/issues/58-december%2Fjanuary-eighty-two,,skyway tuff ii national poll prize december 1982 january 1983,,RETAIN — issue-specific occurrence pending visual comparison,Indexed section located; exact page number remains pending page-image review. Indexed poll pages. Image: do not reproduce scan. Text: paraphrase facts and clearly paired prices only.,2026-07-31,PKR-CAT-004,Contests and promotions
EPH-0179,v1.1 chronological census,V11-ABMX-0118,Event prize promotion,Bell lightweight helmet national-poll prize,1982,1983,December 1982/January 1983,Bell,Third-prize record for a lightweight Bell helmet not yet released in Britain.,United Kingdom,Not applicable — period publication,,Chronological issue pass,PreviousPage exposes indexed text for BMX Action Bike — December 1982/January 1983 — Volume 2 Number 5. This record preserves an issue-specific source occurrence and paraphrased factual details. Page-image comparison remains required before exact-layout quotation or visual identity merging.,HIGH,INDEX-ONLY,INCLUDED — indexed issue text; visual comparison pending.,https://previouspage.co.uk/magazines/BMX%20Action%20Bike/issues/58-december%2Fjanuary-eighty-two,,bell lightweight helmet national poll prize december 1982 january 1983,,RETAIN — issue-specific occurrence pending visual comparison,Indexed section located; exact page number remains pending page-image review. Indexed poll pages. Image: do not reproduce scan. Text: paraphrase facts and clearly paired prices only.,2026-07-31,PKR-CAT-004,Contests and promotions
EPH-0180,v1.1 chronological census,V11-ABMX-0119,Product literature,Asahi Action Spokes product advertisement,1982,1983,December 1982/January 1983,Asahi; Ron Kitching,Product advertisement for BMX-specific 14-gauge spokes in multiple finishes.,United Kingdom,Not applicable — period publication,,Chronological issue pass,PreviousPage exposes indexed text for BMX Action Bike — December 1982/January 1983 — Volume 2 Number 5. This record preserves an issue-specific source occurrence and paraphrased factual details. Page-image comparison remains required before exact-layout quotation or visual identity merging.,HIGH,INDEX-ONLY,INCLUDED — indexed issue text; visual comparison pending.,https://previouspage.co.uk/magazines/BMX%20Action%20Bike/issues/58-december%2Fjanuary-eighty-two,,asahi action spokes product advertisement december 1982 january 1983,,RETAIN — issue-specific occurrence pending visual comparison,Indexed page 20. Image: do not reproduce scan. Text: paraphrase facts and clearly paired prices only.,2026-07-31,PKR-CAT-001,Catalogs and product literature
EPH-0181,v1.1 chronological census,V11-ABMX-0120,Information-pack mailer,King Sticker five-sticker and jumbo-pack offer,1982,1983,December 1982/January 1983,King Sticker,Mail-order sticker packet offer with standard and jumbo options.,United Kingdom,Not applicable — period publication,,Chronological issue pass,PreviousPage exposes indexed text for BMX Action Bike — December 1982/January 1983 — Volume 2 Number 5. This record preserves an issue-specific source occurrence and paraphrased factual details. Page-image comparison remains required before exact-layout quotation or visual identity merging. Potential recurring-campaign relationship with EPH-0238 (King Sticker five-pack / jumbo-pack campaign); do not merge without page-image comparison.,HIGH,INDEX-ONLY,INCLUDED — indexed issue text; visual comparison pending.,https://previouspage.co.uk/magazines/BMX%20Action%20Bike/issues/58-december%2Fjanuary-eighty-two,,king sticker five sticker and jumbo pack offer december 1982 january 1983,,REVIEW — recurring campaign/feature candidate; retain separately pending page-image comparison,Indexed page 20. Image: do not reproduce scan. Text: paraphrase facts and clearly paired prices only.,2026-07-31,PKR-CAT-003,"Mailers, stickers, and information packs"
EPH-0182,v1.1 chronological census,V11-ABMX-0121,Retailer advertisement / price list,Raleigh Pro Burner Christmas price promotion,1982,1983,December 1982/January 1983,Raleigh; Cycle Warehouse,Seasonal price promotion for the Raleigh Pro Burner.,United Kingdom,Not applicable — period publication,,Chronological issue pass,PreviousPage exposes indexed text for BMX Action Bike — December 1982/January 1983 — Volume 2 Number 5. This record preserves an issue-specific source occurrence and paraphrased factual details. Page-image comparison remains required before exact-layout quotation or visual identity merging.,HIGH,INDEX-ONLY,INCLUDED — indexed issue text; visual comparison pending.,https://previouspage.co.uk/magazines/BMX%20Action%20Bike/issues/58-december%2Fjanuary-eighty-two,,raleigh pro burner christmas price promotion december 1982 january 1983,,RETAIN — issue-specific occurrence pending visual comparison,Indexed page 20. Image: do not reproduce scan. Text: paraphrase facts and clearly paired prices only.,2026-07-31,PKR-CAT-002,Advertisements and price lists
EPH-0183,v1.1 chronological census,V11-ABMX-0122,Product announcement / kit,Diatron Wildcat convertible helmet launch,1982,1983,December 1982/January 1983,Diatron,Launch advertisement for a lightweight helmet with detachable face mask and peak.,United Kingdom,Not applicable — period publication,,Chronological issue pass,PreviousPage exposes indexed text for BMX Action Bike — December 1982/January 1983 — Volume 2 Number 5. This record preserves an issue-specific source occurrence and paraphrased factual details. Page-image comparison remains required before exact-layout quotation or visual identity merging.,HIGH,INDEX-ONLY,INCLUDED — indexed issue text; visual comparison pending.,https://previouspage.co.uk/magazines/BMX%20Action%20Bike/issues/58-december%2Fjanuary-eighty-two,,diatron wildcat convertible helmet launch december 1982 january 1983,,RETAIN — issue-specific occurrence pending visual comparison,Indexed page 22. Image: do not reproduce scan. Text: paraphrase facts and clearly paired prices only.,2026-07-31,PKR-CAT-008,Product announcements and technical material
EPH-0184,v1.1 chronological census,V11-ABMX-0123,Product announcement / kit,Piranha cast-wheel bicycle launch advertisement,1982,1983,December 1982/January 1983,Piranha,"British-bike launch featuring cast wheels, sealed bearings, alloy brakes, and coordinated equipment.",United Kingdom,Not applicable — period publication,,Chronological issue pass,PreviousPage exposes indexed text for BMX Action Bike — December 1982/January 1983 — Volume 2 Number 5. This record preserves an issue-specific source occurrence and paraphrased factual details. Page-image comparison remains required before exact-layout quotation or visual identity merging.,HIGH,INDEX-ONLY,INCLUDED — indexed issue text; visual comparison pending.,https://previouspage.co.uk/magazines/BMX%20Action%20Bike/issues/58-december%2Fjanuary-eighty-two,,piranha cast wheel bicycle launch advertisement december 1982 january 1983,,RETAIN — issue-specific occurrence pending visual comparison,Indexed page 22. Image: do not reproduce scan. Text: paraphrase facts and clearly paired prices only.,2026-07-31,PKR-CAT-008,Product announcements and technical material
EPH-0185,v1.1 chronological census,V11-ABMX-0124,Dealer/shop advertisement,Hot Wheels BMX Centre imported-product advertisement,1982,1983,December 1982/January 1983,Hot Wheels BMX Centre,"Dealer advertisement listing CW Racing, VDC, Aber, Mushroom, and other imported products.",United Kingdom,Not applicable — period publication,,Chronological issue pass,PreviousPage exposes indexed text for BMX Action Bike — December 1982/January 1983 — Volume 2 Number 5. This record preserves an issue-specific source occurrence and paraphrased factual details. Page-image comparison remains required before exact-layout quotation or visual identity merging. Potential recurring-campaign relationship with EPH-0139 (Hot Wheels Centre retailer campaign); do not merge without page-image comparison.,MEDIUM-HIGH,INDEX-ONLY,INCLUDED — indexed issue text; visual comparison pending.,https://previouspage.co.uk/magazines/BMX%20Action%20Bike/issues/58-december%2Fjanuary-eighty-two,,hot wheels bmx centre imported product advertisement december 1982 january 1983,,REVIEW — recurring campaign/feature candidate; retain separately pending page-image comparison,Indexed page 36. Image: do not reproduce scan. Text: paraphrase facts and clearly paired prices only.,2026-07-31,PKR-CAT-007,Dealers and distributors
EPH-0186,v1.1 chronological census,V11-ABMX-0125,Retailer advertisement / price list,Original and replica Kuwahara E.T. price advertisement,1982,1983,December 1982/January 1983,Kuwahara; Isaac Henderson BMX,Retail advertisement distinguishing original and replica E.T. bicycles and prices.,United Kingdom,Not applicable — period publication,,Chronological issue pass,PreviousPage exposes indexed text for BMX Action Bike — December 1982/January 1983 — Volume 2 Number 5. This record preserves an issue-specific source occurrence and paraphrased factual details. Page-image comparison remains required before exact-layout quotation or visual identity merging.,HIGH,INDEX-ONLY,INCLUDED — indexed issue text; visual comparison pending.,https://previouspage.co.uk/magazines/BMX%20Action%20Bike/issues/58-december%2Fjanuary-eighty-two,,original and replica kuwahara e t price advertisement december 1982 january 1983,,RETAIN — issue-specific occurrence pending visual comparison,Indexed page 36. Image: do not reproduce scan. Text: paraphrase facts and clearly paired prices only.,2026-07-31,PKR-CAT-002,Advertisements and price lists
EPH-0187,v1.1 chronological census,V11-ABMX-0126,Product-history object,Nine-bike shootout overview,1982,1983,December 1982/January 1983,BMX Action Bike,Comparative editorial test of nine reasonably priced BMX bicycles.,United Kingdom,Not applicable — period publication,,Chronological issue pass,PreviousPage exposes indexed text for BMX Action Bike — December 1982/January 1983 — Volume 2 Number 5. This record preserves an issue-specific source occurrence and paraphrased factual details. Page-image comparison remains required before exact-layout quotation or visual identity merging.,HIGH,INDEX-ONLY,INCLUDED — indexed issue text; visual comparison pending.,https://previouspage.co.uk/magazines/BMX%20Action%20Bike/issues/58-december%2Fjanuary-eighty-two,,nine bike shootout overview december 1982 january 1983,,RETAIN — issue-specific occurrence pending visual comparison,Indexed pages 42–45. Image: do not reproduce scan. Text: paraphrase facts and clearly paired prices only.,2026-07-31,PKR-CAT-009,Editorial tests and historical documentation
EPH-0188,v1.1 chronological census,V11-ABMX-0127,Product-history object,Huffy Pro 2 shootout test,1982,1983,December 1982/January 1983,Huffy,"Shootout record covering equipment, geometry, handling, stunting, and value.",United Kingdom,Not applicable — period publication,,Chronological issue pass,PreviousPage exposes indexed text for BMX Action Bike — December 1982/January 1983 — Volume 2 Number 5. This record preserves an issue-specific source occurrence and paraphrased factual details. Page-image comparison remains required before exact-layout quotation or visual identity merging.,HIGH,INDEX-ONLY,INCLUDED — indexed issue text; visual comparison pending.,https://previouspage.co.uk/magazines/BMX%20Action%20Bike/issues/58-december%2Fjanuary-eighty-two,,huffy pro 2 shootout test december 1982 january 1983,,RETAIN — issue-specific occurrence pending visual comparison,Indexed page 44. Image: do not reproduce scan. Text: paraphrase facts and clearly paired prices only.,2026-07-31,PKR-CAT-009,Editorial tests and historical documentation
EPH-0189,v1.1 chronological census,V11-ABMX-0128,Product-history object,Cycle Pro Macho shootout test,1982,1983,December 1982/January 1983,Cycle Pro,Shootout record covering specifications and comparative handling results.,United Kingdom,Not applicable — period publication,,Chronological issue pass,PreviousPage exposes indexed text for BMX Action Bike — December 1982/January 1983 — Volume 2 Number 5. This record preserves an issue-specific source occurrence and paraphrased factual details. Page-image comparison remains required before exact-layout quotation or visual identity merging.,MEDIUM-HIGH,INDEX-ONLY,INCLUDED — indexed issue text; visual comparison pending.,https://previouspage.co.uk/magazines/BMX%20Action%20Bike/issues/58-december%2Fjanuary-eighty-two,,cycle pro macho shootout test december 1982 january 1983,,RETAIN — issue-specific occurrence pending visual comparison,Indexed page 44. Image: do not reproduce scan. Text: paraphrase facts and clearly paired prices only.,2026-07-31,PKR-CAT-009,Editorial tests and historical documentation
EPH-0190,v1.1 chronological census,V11-ABMX-0129,Product-history object,Falcon BMX shootout test,1982,1983,December 1982/January 1983,Falcon,"Shootout record covering handling, bars, wheels, brakes, and value observations.",United Kingdom,Not applicable — period publication,,Chronological issue pass,PreviousPage exposes indexed text for BMX Action Bike — December 1982/January 1983 — Volume 2 Number 5. This record preserves an issue-specific source occurrence and paraphrased factual details. Page-image comparison remains required before exact-layout quotation or visual identity merging.,MEDIUM-HIGH,INDEX-ONLY,INCLUDED — indexed issue text; visual comparison pending.,https://previouspage.co.uk/magazines/BMX%20Action%20Bike/issues/58-december%2Fjanuary-eighty-two,,falcon bmx shootout test december 1982 january 1983,,RETAIN — issue-specific occurrence pending visual comparison,Indexed pages 44–45. Image: do not reproduce scan. Text: paraphrase facts and clearly paired prices only.,2026-07-31,PKR-CAT-009,Editorial tests and historical documentation
EPH-0191,v1.1 chronological census,V11-ABMX-0130,Product-history object,California Star and Trax Pro comparison,1982,1983,December 1982/January 1983,California; Halfords,Comparative shootout note contrasting spoked and mag-wheel models.,United Kingdom,Not applicable — period publication,,Chronological issue pass,PreviousPage exposes indexed text for BMX Action Bike — December 1982/January 1983 — Volume 2 Number 5. This record preserves an issue-specific source occurrence and paraphrased factual details. Page-image comparison remains required before exact-layout quotation or visual identity merging.,MEDIUM-HIGH,INDEX-ONLY,INCLUDED — indexed issue text; visual comparison pending.,https://previouspage.co.uk/magazines/BMX%20Action%20Bike/issues/58-december%2Fjanuary-eighty-two,,california star and trax pro comparison december 1982 january 1983,,RETAIN — issue-specific occurrence pending visual comparison,Indexed page 45. Image: do not reproduce scan. Text: paraphrase facts and clearly paired prices only.,2026-07-31,PKR-CAT-009,Editorial tests and historical documentation
EPH-0192,v1.1 chronological census,V11-ABMX-0131,Information-pack mailer,ABMX repeat light-and-reflector offer,1982,1983,December 1982/January 1983,BMX Action Bike,Repeated reader offer for detachable front/rear lights and reflective cycle clips.,United Kingdom,Not applicable — period publication,,Chronological issue pass,PreviousPage exposes indexed text for BMX Action Bike — December 1982/January 1983 — Volume 2 Number 5. This record preserves an issue-specific source occurrence and paraphrased factual details. Page-image comparison remains required before exact-layout quotation or visual identity merging.,HIGH,INDEX-ONLY,INCLUDED — indexed issue text; visual comparison pending.,https://previouspage.co.uk/magazines/BMX%20Action%20Bike/issues/58-december%2Fjanuary-eighty-two,,abmx repeat light and reflector offer december 1982 january 1983,,RETAIN — issue-specific occurrence pending visual comparison,Indexed page 55. Image: do not reproduce scan. Text: paraphrase facts and clearly paired prices only.,2026-07-31,PKR-CAT-003,"Mailers, stickers, and information packs"
EPH-0193,v1.1 chronological census,V11-ABMX-0132,Catalog mailer,Robinson Racing sticker-and-catalogue mailer,1982,1983,December 1982/January 1983,Robinson Racing Products,Mail-order offer for a Robinson catalogue and sticker.,United Kingdom,Not applicable — period publication,,Chronological issue pass,PreviousPage exposes indexed text for BMX Action Bike — December 1982/January 1983 — Volume 2 Number 5. This record preserves an issue-specific source occurrence and paraphrased factual details. Page-image comparison remains required before exact-layout quotation or visual identity merging.,HIGH,INDEX-ONLY,INCLUDED — indexed issue text; visual comparison pending.,https://previouspage.co.uk/magazines/BMX%20Action%20Bike/issues/58-december%2Fjanuary-eighty-two,,robinson racing sticker and catalogue mailer december 1982 january 1983,,RETAIN — issue-specific occurrence pending visual comparison,Indexed page 59. Image: do not reproduce scan. Text: paraphrase facts and clearly paired prices only.,2026-07-31,PKR-CAT-003,"Mailers, stickers, and information packs"
EPH-0194,v1.1 chronological census,V11-ABMX-0133,Product announcement / kit,UNI eight-ounce BMX seat launch,1983,1983,February/March 1983,UNI; Hotshot BMX,Product launch for a sub-half-pound BMX seat with multiple color options.,United Kingdom,Not applicable — period publication,,Chronological issue pass,PreviousPage exposes indexed text for BMX Action Bike — February/March 1983 — Volume 2 Number 6. This record preserves an issue-specific source occurrence and paraphrased factual details. Page-image comparison remains required before exact-layout quotation or visual identity merging.,HIGH,INDEX-ONLY,INCLUDED — indexed issue text; visual comparison pending.,https://previouspage.co.uk/magazines/BMX%20Action%20Bike/issues/59-february%2Fmarch-eighty-three,,uni eight ounce bmx seat launch february march 1983,,RETAIN — issue-specific occurrence pending visual comparison,Indexed page 2. Image: do not reproduce scan. Text: paraphrase facts and clearly paired prices only.,2026-07-31,PKR-CAT-008,Product announcements and technical material
EPH-0195,v1.1 chronological census,V11-ABMX-0134,Dealer advertisement / price-list lead,SR Cycles bicycle-reservation and free-delivery offer,1983,1983,February/March 1983,SR Cycles,Dealer offer allowing a money-order deposit to hold a bicycle and free Bristol delivery.,United Kingdom,Not applicable — period publication,,Chronological issue pass,PreviousPage exposes indexed text for BMX Action Bike — February/March 1983 — Volume 2 Number 6. This record preserves an issue-specific source occurrence and paraphrased factual details. Page-image comparison remains required before exact-layout quotation or visual identity merging.,HIGH,INDEX-ONLY,INCLUDED — indexed issue text; visual comparison pending.,https://previouspage.co.uk/magazines/BMX%20Action%20Bike/issues/59-february%2Fmarch-eighty-three,,sr cycles bicycle reservation and free delivery offer february march 1983,,RETAIN — issue-specific occurrence pending visual comparison,Indexed page 2. Image: do not reproduce scan. Text: paraphrase facts and clearly paired prices only.,2026-07-31,PKR-CAT-007,Dealers and distributors
EPH-0196,v1.1 chronological census,V11-ABMX-0135,Dealer/shop advertisement,Holdsworth BMX Centres multi-location advertisement,1983,1983,February/March 1983,Holdsworth BMX Centres,"Dealer advertisement covering bicycles, components, apparel, mail order, and card payment.",United Kingdom,Not applicable — period publication,,Chronological issue pass,PreviousPage exposes indexed text for BMX Action Bike — February/March 1983 — Volume 2 Number 6. This record preserves an issue-specific source occurrence and paraphrased factual details. Page-image comparison remains required before exact-layout quotation or visual identity merging. Potential recurring-campaign relationship with EPH-0161 (Holdsworth multi-brand retailer campaign); do not merge without page-image comparison.,MEDIUM-HIGH,INDEX-ONLY,INCLUDED — indexed issue text; visual comparison pending.,https://previouspage.co.uk/magazines/BMX%20Action%20Bike/issues/59-february%2Fmarch-eighty-three,,holdsworth bmx centres multi location advertisement february march 1983,,REVIEW — recurring campaign/feature candidate; retain separately pending page-image comparison,Indexed pages 2–3. Image: do not reproduce scan. Text: paraphrase facts and clearly paired prices only.,2026-07-31,PKR-CAT-007,Dealers and distributors
EPH-0197,v1.1 chronological census,V11-ABMX-0136,Information-pack mailer,ABMX light set and reflective-clip offer,1983,1983,February/March 1983,BMX Action Bike,"Reader offer for front/rear lights, brackets, and reflective cycle clips.",United Kingdom,Not applicable — period publication,,Chronological issue pass,PreviousPage exposes indexed text for BMX Action Bike — February/March 1983 — Volume 2 Number 6. This record preserves an issue-specific source occurrence and paraphrased factual details. Page-image comparison remains required before exact-layout quotation or visual identity merging.,HIGH,INDEX-ONLY,INCLUDED — indexed issue text; visual comparison pending.,https://previouspage.co.uk/magazines/BMX%20Action%20Bike/issues/59-february%2Fmarch-eighty-three,,abmx light set and reflective clip offer february march 1983,,RETAIN — issue-specific occurrence pending visual comparison,Indexed page 11. Image: do not reproduce scan. Text: paraphrase facts and clearly paired prices only.,2026-07-31,PKR-CAT-003,"Mailers, stickers, and information packs"
EPH-0198,v1.1 chronological census,V11-ABMX-0137,Catalog mailer,ABMX blue-and-gold binder offer,1983,1983,February/March 1983,BMX Action Bike,Mail-order binder designed to hold twelve issues.,United Kingdom,Not applicable — period publication,,Chronological issue pass,PreviousPage exposes indexed text for BMX Action Bike — February/March 1983 — Volume 2 Number 6. This record preserves an issue-specific source occurrence and paraphrased factual details. Page-image comparison remains required before exact-layout quotation or visual identity merging.,HIGH,INDEX-ONLY,INCLUDED — indexed issue text; visual comparison pending.,https://previouspage.co.uk/magazines/BMX%20Action%20Bike/issues/59-february%2Fmarch-eighty-three,,abmx blue and gold binder offer february march 1983,,RETAIN — issue-specific occurrence pending visual comparison,Indexed page 11. Image: do not reproduce scan. Text: paraphrase facts and clearly paired prices only.,2026-07-31,PKR-CAT-003,"Mailers, stickers, and information packs"
EPH-0199,v1.1 chronological census,V11-ABMX-0138,Information-pack mailer,ABMX blue-and-yellow race-shirt offer,1983,1983,February/March 1983,BMX Action Bike,Mail-order cotton race shirt in American long-sleeve styling.,United Kingdom,Not applicable — period publication,,Chronological issue pass,PreviousPage exposes indexed text for BMX Action Bike — February/March 1983 — Volume 2 Number 6. This record preserves an issue-specific source occurrence and paraphrased factual details. Page-image comparison remains required before exact-layout quotation or visual identity merging.,HIGH,INDEX-ONLY,INCLUDED — indexed issue text; visual comparison pending.,https://previouspage.co.uk/magazines/BMX%20Action%20Bike/issues/59-february%2Fmarch-eighty-three,,abmx blue and yellow race shirt offer february march 1983,,RETAIN — issue-specific occurrence pending visual comparison,Indexed page 11. Image: do not reproduce scan. Text: paraphrase facts and clearly paired prices only.,2026-07-31,PKR-CAT-003,"Mailers, stickers, and information packs"
EPH-0200,v1.1 chronological census,V11-ABMX-0139,Product literature,Araya ADX-7W aero-rim product notice,1983,1983,February/March 1983,Araya,New-product notice for an arched-section BMX rim in multiple finishes.,United Kingdom,Not applicable — period publication,,Chronological issue pass,PreviousPage exposes indexed text for BMX Action Bike — February/March 1983 — Volume 2 Number 6. This record preserves an issue-specific source occurrence and paraphrased factual details. Page-image comparison remains required before exact-layout quotation or visual identity merging.,HIGH,INDEX-ONLY,INCLUDED — indexed issue text; visual comparison pending.,https://previouspage.co.uk/magazines/BMX%20Action%20Bike/issues/59-february%2Fmarch-eighty-three,,araya adx 7w aero rim product notice february march 1983,,RETAIN — issue-specific occurrence pending visual comparison,Indexed page 12. Image: do not reproduce scan. Text: paraphrase facts and clearly paired prices only.,2026-07-31,PKR-CAT-001,Catalogs and product literature
EPH-0201,v1.1 chronological census,V11-ABMX-0140,Product literature,Naga chromoly and fluted-alloy seatpost range,1983,1983,February/March 1983,Naga,Product notice for chromoly and two-tone fluted alloy seatposts.,United Kingdom,Not applicable — period publication,,Chronological issue pass,PreviousPage exposes indexed text for BMX Action Bike — February/March 1983 — Volume 2 Number 6. This record preserves an issue-specific source occurrence and paraphrased factual details. Page-image comparison remains required before exact-layout quotation or visual identity merging.,MEDIUM-HIGH,INDEX-ONLY,INCLUDED — indexed issue text; visual comparison pending.,https://previouspage.co.uk/magazines/BMX%20Action%20Bike/issues/59-february%2Fmarch-eighty-three,,naga chromoly and fluted alloy seatpost range february march 1983,,RETAIN — issue-specific occurrence pending visual comparison,Indexed page 12. Image: do not reproduce scan. Text: paraphrase facts and clearly paired prices only.,2026-07-31,PKR-CAT-001,Catalogs and product literature
EPH-0202,v1.1 chronological census,V11-ABMX-0141,Product literature,MKS BM-10 and Grafight-X pedal range,1983,1983,February/March 1983,MKS,Product notice for two high-end BMX pedal models.,United Kingdom,Not applicable — period publication,,Chronological issue pass,PreviousPage exposes indexed text for BMX Action Bike — February/March 1983 — Volume 2 Number 6. This record preserves an issue-specific source occurrence and paraphrased factual details. Page-image comparison remains required before exact-layout quotation or visual identity merging.,HIGH,INDEX-ONLY,INCLUDED — indexed issue text; visual comparison pending.,https://previouspage.co.uk/magazines/BMX%20Action%20Bike/issues/59-february%2Fmarch-eighty-three,,mks bm 10 and grafight x pedal range february march 1983,,RETAIN — issue-specific occurrence pending visual comparison,Indexed page 12. Image: do not reproduce scan. Text: paraphrase facts and clearly paired prices only.,2026-07-31,PKR-CAT-001,Catalogs and product literature
EPH-0203,v1.1 chronological census,V11-ABMX-0142,Retailer advertisement / price list,Raleigh Burner five-model retail price list,1983,1983,February/March 1983,Raleigh; Cycle Warehouse,"Retail list for Burner, Super Burner, Tuff Burner, Ultra Burner, and Pro Burner models.",United Kingdom,Not applicable — period publication,,Chronological issue pass,PreviousPage exposes indexed text for BMX Action Bike — February/March 1983 — Volume 2 Number 6. This record preserves an issue-specific source occurrence and paraphrased factual details. Page-image comparison remains required before exact-layout quotation or visual identity merging. Potential recurring-campaign relationship with EPH-0112 (Raleigh Burner range / price-list campaign); do not merge without page-image comparison.,HIGH,INDEX-ONLY,INCLUDED — indexed issue text; visual comparison pending.,https://previouspage.co.uk/magazines/BMX%20Action%20Bike/issues/59-february%2Fmarch-eighty-three,,raleigh burner five model retail price list february march 1983,,REVIEW — recurring campaign/feature candidate; retain separately pending page-image comparison,Indexed page 12. Image: do not reproduce scan. Text: paraphrase facts and clearly paired prices only.,2026-07-31,PKR-CAT-002,Advertisements and price lists
EPH-0204,v1.1 chronological census,V11-ABMX-0143,Retailer advertisement / price list,"Max checker hats, jerseys, and race-pants advertisement",1983,1983,February/March 1983,Max; Alans BMX,"Apparel advertisement listing hats, jerseys, and race pants in multiple sizes and colors.",United Kingdom,Not applicable — period publication,,Chronological issue pass,PreviousPage exposes indexed text for BMX Action Bike — February/March 1983 — Volume 2 Number 6. This record preserves an issue-specific source occurrence and paraphrased factual details. Page-image comparison remains required before exact-layout quotation or visual identity merging.,HIGH,INDEX-ONLY,INCLUDED — indexed issue text; visual comparison pending.,https://previouspage.co.uk/magazines/BMX%20Action%20Bike/issues/59-february%2Fmarch-eighty-three,,max checker hats jerseys and race pants advertisement february march 1983,,RETAIN — issue-specific occurrence pending visual comparison,Indexed page 18. Image: do not reproduce scan. Text: paraphrase facts and clearly paired prices only.,2026-07-31,PKR-CAT-002,Advertisements and price lists
EPH-0205,v1.1 chronological census,V11-ABMX-0144,Event registration coupon,Halfords BMX Nations Cup pre-registration form,1983,1983,February/March 1983,Halfords; BMX Action Bike,Pre-registration-only form for the indoor Nations Cup and freestyle events.,United Kingdom,Not applicable — period publication,,Chronological issue pass,PreviousPage exposes indexed text for BMX Action Bike — February/March 1983 — Volume 2 Number 6. This record preserves an issue-specific source occurrence and paraphrased factual details. Page-image comparison remains required before exact-layout quotation or visual identity merging.,HIGH,INDEX-ONLY,INCLUDED — indexed issue text; visual comparison pending.,https://previouspage.co.uk/magazines/BMX%20Action%20Bike/issues/59-february%2Fmarch-eighty-three,,halfords bmx nations cup pre registration form february march 1983,,RETAIN — issue-specific occurrence pending visual comparison,Indexed page 19. Image: do not reproduce scan. Text: paraphrase facts and clearly paired prices only.,2026-07-31,PKR-CAT-005,"Events, registration, and membership"
EPH-0206,v1.1 chronological census,V11-ABMX-0145,Contest entry form / promotion,Great Meeting survey and Firebird frame-set competition,1983,1983,February/March 1983,BMX Action Bike; Firebird; DP Racing,Reader survey about event qualities tied to a Firebird frame-and-fork prize.,United Kingdom,Not applicable — period publication,,Chronological issue pass,PreviousPage exposes indexed text for BMX Action Bike — February/March 1983 — Volume 2 Number 6. This record preserves an issue-specific source occurrence and paraphrased factual details. Page-image comparison remains required before exact-layout quotation or visual identity merging.,HIGH,INDEX-ONLY,INCLUDED — indexed issue text; visual comparison pending.,https://previouspage.co.uk/magazines/BMX%20Action%20Bike/issues/59-february%2Fmarch-eighty-three,,great meeting survey and firebird frame set competition february march 1983,,RETAIN — issue-specific occurrence pending visual comparison,Indexed page 20. Image: do not reproduce scan. Text: paraphrase facts and clearly paired prices only.,2026-07-31,PKR-CAT-004,Contests and promotions
EPH-0207,v1.1 chronological census,V11-ABMX-0146,Product literature,Cycle Trader BMX retail survey issue advertisement,1983,1983,February/March 1983,Cycle Trader,Trade-publication advertisement for a comprehensive BMX retail survey.,United Kingdom,Not applicable — period publication,,Chronological issue pass,PreviousPage exposes indexed text for BMX Action Bike — February/March 1983 — Volume 2 Number 6. This record preserves an issue-specific source occurrence and paraphrased factual details. Page-image comparison remains required before exact-layout quotation or visual identity merging.,MEDIUM-HIGH,INDEX-ONLY,INCLUDED — indexed issue text; visual comparison pending.,https://previouspage.co.uk/magazines/BMX%20Action%20Bike/issues/59-february%2Fmarch-eighty-three,,cycle trader bmx retail survey issue advertisement february march 1983,,RETAIN — issue-specific occurrence pending visual comparison,Indexed page 20. Image: do not reproduce scan. Text: paraphrase facts and clearly paired prices only.,2026-07-31,PKR-CAT-001,Catalogs and product literature
EPH-0208,v1.1 chronological census,V11-ABMX-0147,Contest entry form,YES Products word-building competition,1983,1983,February/March 1983,YES Products; BMX Action Bike,Word-building reader contest with protective-equipment prizes.,United Kingdom,Not applicable — period publication,,Chronological issue pass,PreviousPage exposes indexed text for BMX Action Bike — February/March 1983 — Volume 2 Number 6. This record preserves an issue-specific source occurrence and paraphrased factual details. Page-image comparison remains required before exact-layout quotation or visual identity merging.,HIGH,INDEX-ONLY,INCLUDED — indexed issue text; visual comparison pending.,https://previouspage.co.uk/magazines/BMX%20Action%20Bike/issues/59-february%2Fmarch-eighty-three,,yes products word building competition february march 1983,,RETAIN — issue-specific occurrence pending visual comparison,Indexed section located; exact page number remains pending page-image review. Indexed competition pages. Image: do not reproduce scan. Text: paraphrase facts and clearly paired prices only.,2026-07-31,PKR-CAT-004,Contests and promotions
EPH-0209,v1.1 chronological census,V11-ABMX-0148,Product-history object,Firebird British chromoly frame-set feature,1983,1983,February/March 1983,Firebird; DP Racing,Editorial product description of a British TIG-welded chromoly frame-and-fork package.,United Kingdom,Not applicable — period publication,,Chronological issue pass,PreviousPage exposes indexed text for BMX Action Bike — February/March 1983 — Volume 2 Number 6. This record preserves an issue-specific source occurrence and paraphrased factual details. Page-image comparison remains required before exact-layout quotation or visual identity merging.,HIGH,INDEX-ONLY,INCLUDED — indexed issue text; visual comparison pending.,https://previouspage.co.uk/magazines/BMX%20Action%20Bike/issues/59-february%2Fmarch-eighty-three,,firebird british chromoly frame set feature february march 1983,,RETAIN — issue-specific occurrence pending visual comparison,Indexed page 20. Image: do not reproduce scan. Text: paraphrase facts and clearly paired prices only.,2026-07-31,PKR-CAT-009,Editorial tests and historical documentation
EPH-0210,v1.1 chronological census,V11-ABMX-0149,Product-history object,Mongoose Pro Class complete-bike test,1983,1983,February/March 1983,Mongoose,Editorial test of the Pro Class complete bicycle and its race components.,United Kingdom,Not applicable — period publication,,Chronological issue pass,PreviousPage exposes indexed text for BMX Action Bike — February/March 1983 — Volume 2 Number 6. This record preserves an issue-specific source occurrence and paraphrased factual details. Page-image comparison remains required before exact-layout quotation or visual identity merging.,HIGH,INDEX-ONLY,INCLUDED — indexed issue text; visual comparison pending.,https://previouspage.co.uk/magazines/BMX%20Action%20Bike/issues/59-february%2Fmarch-eighty-three,,mongoose pro class complete bike test february march 1983,,RETAIN — issue-specific occurrence pending visual comparison,Indexed pages 24 onward. Image: do not reproduce scan. Text: paraphrase facts and clearly paired prices only.,2026-07-31,PKR-CAT-009,Editorial tests and historical documentation
EPH-0211,v1.1 chronological census,V11-ABMX-0150,Product literature,Mongoose Pro Class lightweight wheel system,1983,1983,February/March 1983,Mongoose,Technical discussion of Pro Class wheels and rotating-weight claims.,United Kingdom,Not applicable — period publication,,Chronological issue pass,PreviousPage exposes indexed text for BMX Action Bike — February/March 1983 — Volume 2 Number 6. This record preserves an issue-specific source occurrence and paraphrased factual details. Page-image comparison remains required before exact-layout quotation or visual identity merging.,MEDIUM-HIGH,INDEX-ONLY,INCLUDED — indexed issue text; visual comparison pending.,https://previouspage.co.uk/magazines/BMX%20Action%20Bike/issues/59-february%2Fmarch-eighty-three,,mongoose pro class lightweight wheel system february march 1983,,RETAIN — issue-specific occurrence pending visual comparison,Indexed pages 23–24. Indexed test pages. Image: do not reproduce scan. Text: paraphrase facts and clearly paired prices only.,2026-07-31,PKR-CAT-001,Catalogs and product literature
EPH-0212,v1.1 chronological census,V11-ABMX-0151,Archive collection,Bournemouth BMX track-focus report,1983,1983,February/March 1983,Bournemouth BMX,"Track-focus feature documenting layout, surface, berm strategy, and racing lines.",United Kingdom,Not applicable — period publication,,Chronological issue pass,PreviousPage exposes indexed text for BMX Action Bike — February/March 1983 — Volume 2 Number 6. This record preserves an issue-specific source occurrence and paraphrased factual details. Page-image comparison remains required before exact-layout quotation or visual identity merging.,HIGH,INDEX-ONLY,INCLUDED — indexed issue text; visual comparison pending.,https://previouspage.co.uk/magazines/BMX%20Action%20Bike/issues/59-february%2Fmarch-eighty-three,,bournemouth bmx track focus report february march 1983,,RETAIN — issue-specific occurrence pending visual comparison,Indexed pages 34–37. Image: do not reproduce scan. Text: paraphrase facts and clearly paired prices only.,2026-07-31,PKR-CAT-009,Editorial tests and historical documentation
EPH-0213,v1.1 chronological census,V11-ABMX-0152,Retailer advertisement / price list,Diatron Wildcat helmet and race-pants advertisement,1983,1983,February/March 1983,Diatron,Retail advertisement for the Wildcat lightweight helmet and protective race pants.,United Kingdom,Not applicable — period publication,,Chronological issue pass,PreviousPage exposes indexed text for BMX Action Bike — February/March 1983 — Volume 2 Number 6. This record preserves an issue-specific source occurrence and paraphrased factual details. Page-image comparison remains required before exact-layout quotation or visual identity merging.,HIGH,INDEX-ONLY,INCLUDED — indexed issue text; visual comparison pending.,https://previouspage.co.uk/magazines/BMX%20Action%20Bike/issues/59-february%2Fmarch-eighty-three,,diatron wildcat helmet and race pants advertisement february march 1983,,RETAIN — issue-specific occurrence pending visual comparison,Indexed page 35. Image: do not reproduce scan. Text: paraphrase facts and clearly paired prices only.,2026-07-31,PKR-CAT-002,Advertisements and price lists
EPH-0214,v1.1 chronological census,V11-ABMX-0153,Retailer advertisement / price list,Surrey BMX Kuwahara complete-bike price list,1983,1983,February/March 1983,Surrey BMX; Kuwahara,Retail price list for KZ1 and KZ2 complete bicycles in chrome and painted finishes.,United Kingdom,Not applicable — period publication,,Chronological issue pass,PreviousPage exposes indexed text for BMX Action Bike — February/March 1983 — Volume 2 Number 6. This record preserves an issue-specific source occurrence and paraphrased factual details. Page-image comparison remains required before exact-layout quotation or visual identity merging.,HIGH,INDEX-ONLY,INCLUDED — indexed issue text; visual comparison pending.,https://previouspage.co.uk/magazines/BMX%20Action%20Bike/issues/59-february%2Fmarch-eighty-three,,surrey bmx kuwahara complete bike price list february march 1983,,RETAIN — issue-specific occurrence pending visual comparison,Indexed page 43. Image: do not reproduce scan. Text: paraphrase facts and clearly paired prices only.,2026-07-31,PKR-CAT-002,Advertisements and price lists
EPH-0215,v1.1 chronological census,V11-ABMX-0154,Retailer advertisement / price list,Surrey BMX frame-and-fork price list,1983,1983,February/March 1983,Surrey BMX; Race Inc; GT; MCS; PK Ripper; Torker; JMC,Retail price list for premium frame-and-fork packages.,United Kingdom,Not applicable — period publication,,Chronological issue pass,PreviousPage exposes indexed text for BMX Action Bike — February/March 1983 — Volume 2 Number 6. This record preserves an issue-specific source occurrence and paraphrased factual details. Page-image comparison remains required before exact-layout quotation or visual identity merging.,HIGH,INDEX-ONLY,INCLUDED — indexed issue text; visual comparison pending.,https://previouspage.co.uk/magazines/BMX%20Action%20Bike/issues/59-february%2Fmarch-eighty-three,,surrey bmx frame and fork price list february march 1983,,RETAIN — issue-specific occurrence pending visual comparison,Indexed page 43. Image: do not reproduce scan. Text: paraphrase facts and clearly paired prices only.,2026-07-31,PKR-CAT-002,Advertisements and price lists
EPH-0216,v1.1 chronological census,V11-ABMX-0155,Retailer advertisement / price list,Surrey BMX wheel-system price list,1983,1983,February/March 1983,Surrey BMX; Skyway; ACS; Ukai; SunTour,"Retail price list for Tuff II, Z-Rim, and Ukai/SunTour wheel systems.",United Kingdom,Not applicable — period publication,,Chronological issue pass,PreviousPage exposes indexed text for BMX Action Bike — February/March 1983 — Volume 2 Number 6. This record preserves an issue-specific source occurrence and paraphrased factual details. Page-image comparison remains required before exact-layout quotation or visual identity merging.,HIGH,INDEX-ONLY,INCLUDED — indexed issue text; visual comparison pending.,https://previouspage.co.uk/magazines/BMX%20Action%20Bike/issues/59-february%2Fmarch-eighty-three,,surrey bmx wheel system price list february march 1983,,RETAIN — issue-specific occurrence pending visual comparison,Indexed page 43. Image: do not reproduce scan. Text: paraphrase facts and clearly paired prices only.,2026-07-31,PKR-CAT-002,Advertisements and price lists
EPH-0217,v1.1 chronological census,V11-ABMX-0156,Product literature,Hadley precision bottom-bracket listing,1983,1983,February/March 1983,Hadley,Retail product listing for precision bottom brackets in multiple sizes and colors.,United Kingdom,Not applicable — period publication,,Chronological issue pass,PreviousPage exposes indexed text for BMX Action Bike — February/March 1983 — Volume 2 Number 6. This record preserves an issue-specific source occurrence and paraphrased factual details. Page-image comparison remains required before exact-layout quotation or visual identity merging.,HIGH,INDEX-ONLY,INCLUDED — indexed issue text; visual comparison pending.,https://previouspage.co.uk/magazines/BMX%20Action%20Bike/issues/59-february%2Fmarch-eighty-three,,hadley precision bottom bracket listing february march 1983,,RETAIN — issue-specific occurrence pending visual comparison,Indexed page 43. Image: do not reproduce scan. Text: paraphrase facts and clearly paired prices only.,2026-07-31,PKR-CAT-001,Catalogs and product literature
EPH-0218,v1.1 chronological census,V11-ABMX-0157,Catalog mailer,Haro Freestyle Moves book offer,1983,1983,February/March 1983,Haro,Retail listing for the 130-page Freestyle Moves instructional book.,United Kingdom,Not applicable — period publication,,Chronological issue pass,PreviousPage exposes indexed text for BMX Action Bike — February/March 1983 — Volume 2 Number 6. This record preserves an issue-specific source occurrence and paraphrased factual details. Page-image comparison remains required before exact-layout quotation or visual identity merging.,HIGH,INDEX-ONLY,INCLUDED — indexed issue text; visual comparison pending.,https://previouspage.co.uk/magazines/BMX%20Action%20Bike/issues/59-february%2Fmarch-eighty-three,,haro freestyle moves book offer february march 1983,,RETAIN — issue-specific occurrence pending visual comparison,Indexed page 43. Image: do not reproduce scan. Text: paraphrase facts and clearly paired prices only.,2026-07-31,PKR-CAT-003,"Mailers, stickers, and information packs"
EPH-0219,v1.1 chronological census,V11-ABMX-0158,Product literature,Redline Flight Cranks 401 Series listing,1983,1983,February/March 1983,Redline,Retail product listing for 175 mm and 180 mm Flight Cranks.,United Kingdom,Not applicable — period publication,,Chronological issue pass,PreviousPage exposes indexed text for BMX Action Bike — February/March 1983 — Volume 2 Number 6. This record preserves an issue-specific source occurrence and paraphrased factual details. Page-image comparison remains required before exact-layout quotation or visual identity merging.,HIGH,INDEX-ONLY,INCLUDED — indexed issue text; visual comparison pending.,https://previouspage.co.uk/magazines/BMX%20Action%20Bike/issues/59-february%2Fmarch-eighty-three,,redline flight cranks 401 series listing february march 1983,,RETAIN — issue-specific occurrence pending visual comparison,Indexed page 43. Image: do not reproduce scan. Text: paraphrase facts and clearly paired prices only.,2026-07-31,PKR-CAT-001,Catalogs and product literature
EPH-0220,v1.1 chronological census,V11-ABMX-0159,Product literature,Vans Style 95 BMX shoe listing,1983,1983,February/March 1983,Vans,Retail listing for Style 95 shoes in American sizing.,United Kingdom,Not applicable — period publication,,Chronological issue pass,PreviousPage exposes indexed text for BMX Action Bike — February/March 1983 — Volume 2 Number 6. This record preserves an issue-specific source occurrence and paraphrased factual details. Page-image comparison remains required before exact-layout quotation or visual identity merging.,HIGH,INDEX-ONLY,INCLUDED — indexed issue text; visual comparison pending.,https://previouspage.co.uk/magazines/BMX%20Action%20Bike/issues/59-february%2Fmarch-eighty-three,,vans style 95 bmx shoe listing february march 1983,,RETAIN — issue-specific occurrence pending visual comparison,Indexed page 43. Image: do not reproduce scan. Text: paraphrase facts and clearly paired prices only.,2026-07-31,PKR-CAT-001,Catalogs and product literature
EPH-0221,v1.1 chronological census,V11-ABMX-0160,Archive collection,ABMX national track-list publication,1983,1983,February/March 1983,BMX Action Bike,Publication feature presenting a nationwide BMX track list.,United Kingdom,Not applicable — period publication,,Chronological issue pass,PreviousPage exposes indexed text for BMX Action Bike — February/March 1983 — Volume 2 Number 6. This record preserves an issue-specific source occurrence and paraphrased factual details. Page-image comparison remains required before exact-layout quotation or visual identity merging.,HIGH,INDEX-ONLY,INCLUDED — indexed issue text; visual comparison pending.,https://previouspage.co.uk/magazines/BMX%20Action%20Bike/issues/59-february%2Fmarch-eighty-three,,abmx national track list publication february march 1983,,RETAIN — issue-specific occurrence pending visual comparison,Indexed section located; exact page number remains pending page-image review. Issue cover and track-list section. Image: do not reproduce scan. Text: paraphrase facts and clearly paired prices only.,2026-07-31,PKR-CAT-009,Editorial tests and historical documentation
EPH-0222,v1.1 chronological census,V11-ABMX-0161,Product literature,California Lite pad-system advertisement,1983,1983,April/May 1983,California Lite; Johar,Protective-pad advertisement featuring major sponsored riders and multiple colors.,United Kingdom,Not applicable — period publication,,Chronological issue pass,PreviousPage exposes indexed text for BMX Action Bike — April/May 1983 — Volume 2 Number 7. This record preserves an issue-specific source occurrence and paraphrased factual details. Page-image comparison remains required before exact-layout quotation or visual identity merging.,HIGH,INDEX-ONLY,INCLUDED — indexed issue text; visual comparison pending.,https://previouspage.co.uk/magazines/BMX%20Action%20Bike/issues/60-april%2Fmay-eighty-three,,california lite pad system advertisement april may 1983,,REVIEW — recurring campaign/feature candidate; retain separately pending page-image comparison,Indexed page 2. Image: do not reproduce scan. Text: paraphrase facts and clearly paired prices only.,2026-07-31,PKR-CAT-001,Catalogs and product literature
EPH-0223,v1.1 chronological census,V11-ABMX-0162,Product literature,Strongs headset-bearing protector offer,1983,1983,April/May 1983,Strongs Bicycles,Mail-order bearing protector designed to reduce headset contamination.,United Kingdom,Not applicable — period publication,,Chronological issue pass,PreviousPage exposes indexed text for BMX Action Bike — April/May 1983 — Volume 2 Number 7. This record preserves an issue-specific source occurrence and paraphrased factual details. Page-image comparison remains required before exact-layout quotation or visual identity merging.,HIGH,INDEX-ONLY,INCLUDED — indexed issue text; visual comparison pending.,https://previouspage.co.uk/magazines/BMX%20Action%20Bike/issues/60-april%2Fmay-eighty-three,,strongs headset bearing protector offer april may 1983,,RETAIN — issue-specific occurrence pending visual comparison,Indexed page 4. Image: do not reproduce scan. Text: paraphrase facts and clearly paired prices only.,2026-07-31,PKR-CAT-001,Catalogs and product literature
EPH-0224,v1.1 chronological census,V11-ABMX-0163,Retailer advertisement / price list,Strongs BMX race-shirt offer,1983,1983,April/May 1983,Strongs Bicycles,Retail offer for red/black or blue BMX race shirts in multiple sizes.,United Kingdom,Not applicable — period publication,,Chronological issue pass,PreviousPage exposes indexed text for BMX Action Bike — April/May 1983 — Volume 2 Number 7. This record preserves an issue-specific source occurrence and paraphrased factual details. Page-image comparison remains required before exact-layout quotation or visual identity merging.,HIGH,INDEX-ONLY,INCLUDED — indexed issue text; visual comparison pending.,https://previouspage.co.uk/magazines/BMX%20Action%20Bike/issues/60-april%2Fmay-eighty-three,,strongs bmx race shirt offer april may 1983,,RETAIN — issue-specific occurrence pending visual comparison,Indexed page 4. Image: do not reproduce scan. Text: paraphrase facts and clearly paired prices only.,2026-07-31,PKR-CAT-002,Advertisements and price lists
EPH-0225,v1.1 chronological census,V11-ABMX-0164,Information-pack mailer,Strongs free sticker-brochure mailer,1983,1983,April/May 1983,Strongs Bicycles,Free sticker brochure offer requiring a stamped addressed envelope.,United Kingdom,Not applicable — period publication,,Chronological issue pass,PreviousPage exposes indexed text for BMX Action Bike — April/May 1983 — Volume 2 Number 7. This record preserves an issue-specific source occurrence and paraphrased factual details. Page-image comparison remains required before exact-layout quotation or visual identity merging.,HIGH,INDEX-ONLY,INCLUDED — indexed issue text; visual comparison pending.,https://previouspage.co.uk/magazines/BMX%20Action%20Bike/issues/60-april%2Fmay-eighty-three,,strongs free sticker brochure mailer april may 1983,,REVIEW — recurring campaign/feature candidate; retain separately pending page-image comparison,Indexed page 4. Image: do not reproduce scan. Text: paraphrase facts and clearly paired prices only.,2026-07-31,PKR-CAT-003,"Mailers, stickers, and information packs"
EPH-0226,v1.1 chronological census,V11-ABMX-0165,Archive collection,Best of 1982 national reader-poll results,1983,1983,April/May 1983,BMX Action Bike,"Published results for rider, female rider, team, and meeting of the year.",United Kingdom,Not applicable — period publication,,Chronological issue pass,PreviousPage exposes indexed text for BMX Action Bike — April/May 1983 — Volume 2 Number 7. This record preserves an issue-specific source occurrence and paraphrased factual details. Page-image comparison remains required before exact-layout quotation or visual identity merging.,HIGH,INDEX-ONLY,INCLUDED — indexed issue text; visual comparison pending.,https://previouspage.co.uk/magazines/BMX%20Action%20Bike/issues/60-april%2Fmay-eighty-three,,best of 1982 national reader poll results april may 1983,,RETAIN — issue-specific occurrence pending visual comparison,Indexed pages 10–11. Image: do not reproduce scan. Text: paraphrase facts and clearly paired prices only.,2026-07-31,PKR-CAT-009,Editorial tests and historical documentation
EPH-0227,v1.1 chronological census,V11-ABMX-0166,Factory-team history,Scottish BMX Association formation notice,1983,1983,April/May 1983,Scottish BMX Association,News notice documenting the formation of a Scottish BMX governing organization.,United Kingdom,Not applicable — period publication,,Chronological issue pass,PreviousPage exposes indexed text for BMX Action Bike — April/May 1983 — Volume 2 Number 7. This record preserves an issue-specific source occurrence and paraphrased factual details. Page-image comparison remains required before exact-layout quotation or visual identity merging.,MEDIUM-HIGH,INDEX-ONLY,INCLUDED — indexed issue text; visual comparison pending.,https://previouspage.co.uk/magazines/BMX%20Action%20Bike/issues/60-april%2Fmay-eighty-three,,scottish bmx association formation notice april may 1983,,RETAIN — issue-specific occurrence pending visual comparison,Indexed section located; exact page number remains pending page-image review. Indexed editorial pages. Image: do not reproduce scan. Text: paraphrase facts and clearly paired prices only.,2026-07-31,PKR-CAT-006,"Teams, riders, and brand campaigns"
EPH-0228,v1.1 chronological census,V11-ABMX-0167,Event notice / contact flyer,Northern Leisure open-meeting series notice,1983,1983,April/May 1983,Northern Leisure BMX,Open-meeting schedule with registration windows and recurring dates.,United Kingdom,Not applicable — period publication,,Chronological issue pass,PreviousPage exposes indexed text for BMX Action Bike — April/May 1983 — Volume 2 Number 7. This record preserves an issue-specific source occurrence and paraphrased factual details. Page-image comparison remains required before exact-layout quotation or visual identity merging.,HIGH,INDEX-ONLY,INCLUDED — indexed issue text; visual comparison pending.,https://previouspage.co.uk/magazines/BMX%20Action%20Bike/issues/60-april%2Fmay-eighty-three,,northern leisure open meeting series notice april may 1983,,RETAIN — issue-specific occurrence pending visual comparison,Indexed page 11. Image: do not reproduce scan. Text: paraphrase facts and clearly paired prices only.,2026-07-31,PKR-CAT-005,"Events, registration, and membership"
EPH-0229,v1.1 chronological census,V11-ABMX-0168,Contest entry form / promotion,Silverfox complete-bike reader giveaway,1983,1983,April/May 1983,Silverfox; BMX Action Bike,Reader postcard competition awarding a chrome Silverfox bicycle.,United Kingdom,Not applicable — period publication,,Chronological issue pass,PreviousPage exposes indexed text for BMX Action Bike — April/May 1983 — Volume 2 Number 7. This record preserves an issue-specific source occurrence and paraphrased factual details. Page-image comparison remains required before exact-layout quotation or visual identity merging.,HIGH,INDEX-ONLY,INCLUDED — indexed issue text; visual comparison pending.,https://previouspage.co.uk/magazines/BMX%20Action%20Bike/issues/60-april%2Fmay-eighty-three,,silverfox complete bike reader giveaway april may 1983,,RETAIN — issue-specific occurrence pending visual comparison,Indexed pages 12–13. Image: do not reproduce scan. Text: paraphrase facts and clearly paired prices only.,2026-07-31,PKR-CAT-004,Contests and promotions
EPH-0230,v1.1 chronological census,V11-ABMX-0169,Product literature,Harry Leary and Andy Patterson starting guide,1983,1983,April/May 1983,Harry Leary; Andy Patterson; BMX Action Bike,Instructional racing-start feature drawing on two leading riders.,United Kingdom,Not applicable — period publication,,Chronological issue pass,PreviousPage exposes indexed text for BMX Action Bike — April/May 1983 — Volume 2 Number 7. This record preserves an issue-specific source occurrence and paraphrased factual details. Page-image comparison remains required before exact-layout quotation or visual identity merging.,HIGH,INDEX-ONLY,INCLUDED — indexed issue text; visual comparison pending.,https://previouspage.co.uk/magazines/BMX%20Action%20Bike/issues/60-april%2Fmay-eighty-three,,harry leary and andy patterson starting guide april may 1983,,RETAIN — issue-specific occurrence pending visual comparison,Indexed section located; exact page number remains pending page-image review. Indexed contents and feature pages. Image: do not reproduce scan. Text: paraphrase facts and clearly paired prices only.,2026-07-31,PKR-CAT-001,Catalogs and product literature
EPH-0231,v1.1 chronological census,V11-ABMX-0170,Product literature,Haro Freestyle Moves equipment chapter,1983,1983,April/May 1983,Haro; Bob Haro,"Instructional extract covering protective equipment, frames, wheels, tyres, and setup.",United Kingdom,Not applicable — period publication,,Chronological issue pass,PreviousPage exposes indexed text for BMX Action Bike — April/May 1983 — Volume 2 Number 7. This record preserves an issue-specific source occurrence and paraphrased factual details. Page-image comparison remains required before exact-layout quotation or visual identity merging.,HIGH,INDEX-ONLY,INCLUDED — indexed issue text; visual comparison pending.,https://previouspage.co.uk/magazines/BMX%20Action%20Bike/issues/60-april%2Fmay-eighty-three,,haro freestyle moves equipment chapter april may 1983,,RETAIN — issue-specific occurrence pending visual comparison,Indexed pages 19 onward. Image: do not reproduce scan. Text: paraphrase facts and clearly paired prices only.,2026-07-31,PKR-CAT-001,Catalogs and product literature
EPH-0232,v1.1 chronological census,V11-ABMX-0171,Dealer advertisement / price-list lead,ABMX free private Sales and Swaps service,1983,1983,April/May 1983,BMX Action Bike,Free classified-sales service for private buyers and sellers using the official form.,United Kingdom,Not applicable — period publication,,Chronological issue pass,PreviousPage exposes indexed text for BMX Action Bike — April/May 1983 — Volume 2 Number 7. This record preserves an issue-specific source occurrence and paraphrased factual details. Page-image comparison remains required before exact-layout quotation or visual identity merging.,HIGH,INDEX-ONLY,INCLUDED — indexed issue text; visual comparison pending.,https://previouspage.co.uk/magazines/BMX%20Action%20Bike/issues/60-april%2Fmay-eighty-three,,abmx free private sales and swaps service april may 1983,,RETAIN — issue-specific occurrence pending visual comparison,Indexed page 23. Image: do not reproduce scan. Text: paraphrase facts and clearly paired prices only.,2026-07-31,PKR-CAT-007,Dealers and distributors
EPH-0233,v1.1 chronological census,V11-ABMX-0172,Retailer advertisement / price list,City BMX race-pants mail-order offer,1983,1983,April/May 1983,City BMX,"Mail-order race pants with padding, sizing, colors, and postage.",United Kingdom,Not applicable — period publication,,Chronological issue pass,PreviousPage exposes indexed text for BMX Action Bike — April/May 1983 — Volume 2 Number 7. This record preserves an issue-specific source occurrence and paraphrased factual details. Page-image comparison remains required before exact-layout quotation or visual identity merging.,HIGH,INDEX-ONLY,INCLUDED — indexed issue text; visual comparison pending.,https://previouspage.co.uk/magazines/BMX%20Action%20Bike/issues/60-april%2Fmay-eighty-three,,city bmx race pants mail order offer april may 1983,,RETAIN — issue-specific occurrence pending visual comparison,Indexed page 18. Image: do not reproduce scan. Text: paraphrase facts and clearly paired prices only.,2026-07-31,PKR-CAT-002,Advertisements and price lists
EPH-0234,v1.1 chronological census,V11-ABMX-0173,Retailer advertisement / price list,City BMX lightweight race-helmet offer,1983,1983,April/May 1983,City BMX,Mail-order race helmet with detachable features and stated postage.,United Kingdom,Not applicable — period publication,,Chronological issue pass,PreviousPage exposes indexed text for BMX Action Bike — April/May 1983 — Volume 2 Number 7. This record preserves an issue-specific source occurrence and paraphrased factual details. Page-image comparison remains required before exact-layout quotation or visual identity merging.,MEDIUM-HIGH,INDEX-ONLY,INCLUDED — indexed issue text; visual comparison pending.,https://previouspage.co.uk/magazines/BMX%20Action%20Bike/issues/60-april%2Fmay-eighty-three,,city bmx lightweight race helmet offer april may 1983,,RETAIN — issue-specific occurrence pending visual comparison,Indexed page 18. Image: do not reproduce scan. Text: paraphrase facts and clearly paired prices only.,2026-07-31,PKR-CAT-002,Advertisements and price lists
EPH-0235,v1.1 chronological census,V11-ABMX-0174,Retailer advertisement / price list,City BMX shoulder-protector offer,1983,1983,April/May 1983,City BMX,Mail-order shoulder protection with one-size fitting and postage.,United Kingdom,Not applicable — period publication,,Chronological issue pass,PreviousPage exposes indexed text for BMX Action Bike — April/May 1983 — Volume 2 Number 7. This record preserves an issue-specific source occurrence and paraphrased factual details. Page-image comparison remains required before exact-layout quotation or visual identity merging.,HIGH,INDEX-ONLY,INCLUDED — indexed issue text; visual comparison pending.,https://previouspage.co.uk/magazines/BMX%20Action%20Bike/issues/60-april%2Fmay-eighty-three,,city bmx shoulder protector offer april may 1983,,RETAIN — issue-specific occurrence pending visual comparison,Indexed page 18. Image: do not reproduce scan. Text: paraphrase facts and clearly paired prices only.,2026-07-31,PKR-CAT-002,Advertisements and price lists
EPH-0236,v1.1 chronological census,V11-ABMX-0175,Retailer advertisement / price list,Hot Wheels BMX Centre opening offers,1983,1983,April/May 1983,Hot Wheels BMX Centre,"Store-opening advertisement listing wheel, footwear, frame, fork, and hub offers.",United Kingdom,Not applicable — period publication,,Chronological issue pass,PreviousPage exposes indexed text for BMX Action Bike — April/May 1983 — Volume 2 Number 7. This record preserves an issue-specific source occurrence and paraphrased factual details. Page-image comparison remains required before exact-layout quotation or visual identity merging.,MEDIUM-HIGH,INDEX-ONLY,INCLUDED — indexed issue text; visual comparison pending.,https://previouspage.co.uk/magazines/BMX%20Action%20Bike/issues/60-april%2Fmay-eighty-three,,hot wheels bmx centre opening offers april may 1983,,RETAIN — issue-specific occurrence pending visual comparison,Indexed page 30. Image: do not reproduce scan. Text: paraphrase facts and clearly paired prices only.,2026-07-31,PKR-CAT-002,Advertisements and price lists
EPH-0237,v1.1 chronological census,V11-ABMX-0176,Dealer advertisement / price-list lead,"Haro Freestyler, Kuwahara Oval, CW, and SE Floval stock notice",1983,1983,April/May 1983,Hot Wheels BMX Centre; Haro; Kuwahara; CW; SE Racing,New-stock notice for freestyle and race frame-and-fork products.,United Kingdom,Not applicable — period publication,,Chronological issue pass,PreviousPage exposes indexed text for BMX Action Bike — April/May 1983 — Volume 2 Number 7. This record preserves an issue-specific source occurrence and paraphrased factual details. Page-image comparison remains required before exact-layout quotation or visual identity merging.,HIGH,INDEX-ONLY,INCLUDED — indexed issue text; visual comparison pending.,https://previouspage.co.uk/magazines/BMX%20Action%20Bike/issues/60-april%2Fmay-eighty-three,,haro freestyler kuwahara oval cw and se floval stock notice april may 1983,,RETAIN — issue-specific occurrence pending visual comparison,Indexed page 30. Image: do not reproduce scan. Text: paraphrase facts and clearly paired prices only.,2026-07-31,PKR-CAT-007,Dealers and distributors
EPH-0238,v1.1 chronological census,V11-ABMX-0177,Information-pack mailer,King Sticker five-pack and jumbo-pack offer,1983,1983,April/May 1983,King Sticker,Mail-order sticker and rub-on packages at two price levels.,United Kingdom,Not applicable — period publication,,Chronological issue pass,PreviousPage exposes indexed text for BMX Action Bike — April/May 1983 — Volume 2 Number 7. This record preserves an issue-specific source occurrence and paraphrased factual details. Page-image comparison remains required before exact-layout quotation or visual identity merging. Potential recurring-campaign relationship with EPH-0181 (King Sticker five-pack / jumbo-pack campaign); do not merge without page-image comparison.,HIGH,INDEX-ONLY,INCLUDED — indexed issue text; visual comparison pending.,https://previouspage.co.uk/magazines/BMX%20Action%20Bike/issues/60-april%2Fmay-eighty-three,,king sticker five pack and jumbo pack offer april may 1983,,REVIEW — recurring campaign/feature candidate; retain separately pending page-image comparison,Indexed page 34. Image: do not reproduce scan. Text: paraphrase facts and clearly paired prices only.,2026-07-31,PKR-CAT-003,"Mailers, stickers, and information packs"
EPH-0239,v1.1 chronological census,V11-ABMX-0178,Event registration coupon,NBMXA race-licence and rule-book offer,1983,1983,April/May 1983,NBMXA,Association licence notice stating that a rule book accompanies each licence.,United Kingdom,Not applicable — period publication,,Chronological issue pass,PreviousPage exposes indexed text for BMX Action Bike — April/May 1983 — Volume 2 Number 7. This record preserves an issue-specific source occurrence and paraphrased factual details. Page-image comparison remains required before exact-layout quotation or visual identity merging.,HIGH,INDEX-ONLY,INCLUDED — indexed issue text; visual comparison pending.,https://previouspage.co.uk/magazines/BMX%20Action%20Bike/issues/60-april%2Fmay-eighty-three,,nbmxa race licence and rule book offer april may 1983,,RETAIN — issue-specific occurrence pending visual comparison,Indexed page 34. Image: do not reproduce scan. Text: paraphrase facts and clearly paired prices only.,2026-07-31,PKR-CAT-005,"Events, registration, and membership"
EPH-0240,v1.1 chronological census,V11-ABMX-0179,Dealer price-list / sticker offer,Hotshot price-list and free-sticker mailer,1983,1983,April/May 1983,Hotshot BMX Racing,Mail-in price-list offer with a free sticker and broad premium-brand inventory.,United Kingdom,Not applicable — period publication,,Chronological issue pass,PreviousPage exposes indexed text for BMX Action Bike — April/May 1983 — Volume 2 Number 7. This record preserves an issue-specific source occurrence and paraphrased factual details. Page-image comparison remains required before exact-layout quotation or visual identity merging. Potential recurring-campaign relationship with EPH-0086 (Hotshot price-list / free-sticker campaign); do not merge without page-image comparison.,HIGH,INDEX-ONLY,INCLUDED — indexed issue text; visual comparison pending.,https://previouspage.co.uk/magazines/BMX%20Action%20Bike/issues/60-april%2Fmay-eighty-three,,hotshot price list and free sticker mailer april may 1983,,REVIEW — recurring campaign/feature candidate; retain separately pending page-image comparison,Indexed page 43. Image: do not reproduce scan. Text: paraphrase facts and clearly paired prices only.,2026-07-31,PKR-CAT-003,"Mailers, stickers, and information packs"
EPH-0241,v1.1 chronological census,V11-ABMX-0180,Product-history object,Huffy Pro Lightning complete-bike test,1983,1983,April/May 1983,Huffy,Editorial test of the Pro Lightning chromoly race bicycle.,United Kingdom,Not applicable — period publication,,Chronological issue pass,PreviousPage exposes indexed text for BMX Action Bike — April/May 1983 — Volume 2 Number 7. This record preserves an issue-specific source occurrence and paraphrased factual details. Page-image comparison remains required before exact-layout quotation or visual identity merging.,HIGH,INDEX-ONLY,INCLUDED — indexed issue text; visual comparison pending.,https://previouspage.co.uk/magazines/BMX%20Action%20Bike/issues/60-april%2Fmay-eighty-three,,huffy pro lightning complete bike test april may 1983,,RETAIN — issue-specific occurrence pending visual comparison,Indexed pages 49–51. Image: do not reproduce scan. Text: paraphrase facts and clearly paired prices only.,2026-07-31,PKR-CAT-009,Editorial tests and historical documentation
EPH-0242,v1.1 chronological census,V11-ABMX-0181,Retailer advertisement / price list,Halfords BMX accessories range advertisement,1983,1983,April/May 1983,Halfords,"Retail advertisement for saddles, helmets, pedals, levers, grips, tyres, and BMX bicycles.",United Kingdom,Not applicable — period publication,,Chronological issue pass,PreviousPage exposes indexed text for BMX Action Bike — April/May 1983 — Volume 2 Number 7. This record preserves an issue-specific source occurrence and paraphrased factual details. Page-image comparison remains required before exact-layout quotation or visual identity merging.,HIGH,INDEX-ONLY,INCLUDED — indexed issue text; visual comparison pending.,https://previouspage.co.uk/magazines/BMX%20Action%20Bike/issues/60-april%2Fmay-eighty-three,,halfords bmx accessories range advertisement april may 1983,,RETAIN — issue-specific occurrence pending visual comparison,Indexed page 48. Image: do not reproduce scan. Text: paraphrase facts and clearly paired prices only.,2026-07-31,PKR-CAT-002,Advertisements and price lists
EPH-0243,v1.1 chronological census,V11-ABMX-0182,Product literature,Huffy Pro Lightning specification and retail-price record,1983,1983,April/May 1983,Huffy,Specification and approximate price record associated with the editorial test.,United Kingdom,Not applicable — period publication,,Chronological issue pass,PreviousPage exposes indexed text for BMX Action Bike — April/May 1983 — Volume 2 Number 7. This record preserves an issue-specific source occurrence and paraphrased factual details. Page-image comparison remains required before exact-layout quotation or visual identity merging.,HIGH,INDEX-ONLY,INCLUDED — indexed issue text; visual comparison pending.,https://previouspage.co.uk/magazines/BMX%20Action%20Bike/issues/60-april%2Fmay-eighty-three,,huffy pro lightning specification and retail price record april may 1983,,RETAIN — issue-specific occurrence pending visual comparison,Indexed pages 50–51. Image: do not reproduce scan. Text: paraphrase facts and clearly paired prices only.,2026-07-31,PKR-CAT-001,Catalogs and product literature
EPH-0244,v1.1 chronological census,V11-ABMX-0183,Product announcement / kit,Ride-On sealed-bearing mag-wheel hub kit,1983,1983,April/May 1983,Ride-On MX Products,Retrofit sealed-bearing kit for nylon mag wheels with mail-order form.,United Kingdom,Not applicable — period publication,,Chronological issue pass,PreviousPage exposes indexed text for BMX Action Bike — April/May 1983 — Volume 2 Number 7. This record preserves an issue-specific source occurrence and paraphrased factual details. Page-image comparison remains required before exact-layout quotation or visual identity merging.,HIGH,INDEX-ONLY,INCLUDED — indexed issue text; visual comparison pending.,https://previouspage.co.uk/magazines/BMX%20Action%20Bike/issues/60-april%2Fmay-eighty-three,,ride on sealed bearing mag wheel hub kit april may 1983,,RETAIN — issue-specific occurrence pending visual comparison,Indexed page 51. Image: do not reproduce scan. Text: paraphrase facts and clearly paired prices only.,2026-07-31,PKR-CAT-008,Product announcements and technical material
EPH-0245,v1.1 chronological census,V11-ABMX-0184,Product announcement / kit,Sharp Racing Products bottom-bracket boot,1983,1983,April/May 1983,Sharp Racing Products,Bearing-protection product designed to reduce bottom-bracket wear.,United Kingdom,Not applicable — period publication,,Chronological issue pass,PreviousPage exposes indexed text for BMX Action Bike — April/May 1983 — Volume 2 Number 7. This record preserves an issue-specific source occurrence and paraphrased factual details. Page-image comparison remains required before exact-layout quotation or visual identity merging.,HIGH,INDEX-ONLY,INCLUDED — indexed issue text; visual comparison pending.,https://previouspage.co.uk/magazines/BMX%20Action%20Bike/issues/60-april%2Fmay-eighty-three,,sharp racing products bottom bracket boot april may 1983,,REVIEW — recurring campaign/feature candidate; retain separately pending page-image comparison,Indexed page 52. Image: do not reproduce scan. Text: paraphrase facts and clearly paired prices only.,2026-07-31,PKR-CAT-008,Product announcements and technical material
EPH-0246,v1.1 chronological census,V11-ABMX-0185,Product literature,Lee Cooper Ready to Go BMX video,1983,1983,April/May 1983,Lee Cooper; Reflex Publications,Mail-order video with commentary by Tim March and Andy Ruffell.,United Kingdom,Not applicable — period publication,,Chronological issue pass,PreviousPage exposes indexed text for BMX Action Bike — April/May 1983 — Volume 2 Number 7. This record preserves an issue-specific source occurrence and paraphrased factual details. Page-image comparison remains required before exact-layout quotation or visual identity merging.,HIGH,INDEX-ONLY,INCLUDED — indexed issue text; visual comparison pending.,https://previouspage.co.uk/magazines/BMX%20Action%20Bike/issues/60-april%2Fmay-eighty-three,,lee cooper ready to go bmx video april may 1983,,RETAIN — issue-specific occurrence pending visual comparison,Indexed page 61. Image: do not reproduce scan. Text: paraphrase facts and clearly paired prices only.,2026-07-31,PKR-CAT-001,Catalogs and product literature
EPH-0247,v1.1 chronological census,V11-ABMX-0186,Product literature,USA professional BMX action video,1983,1983,April/May 1983,BMX Video,Mail-order VHS or Betamax video featuring Harry Leary and other professionals.,United Kingdom,Not applicable — period publication,,Chronological issue pass,PreviousPage exposes indexed text for BMX Action Bike — April/May 1983 — Volume 2 Number 7. This record preserves an issue-specific source occurrence and paraphrased factual details. Page-image comparison remains required before exact-layout quotation or visual identity merging.,HIGH,INDEX-ONLY,INCLUDED — indexed issue text; visual comparison pending.,https://previouspage.co.uk/magazines/BMX%20Action%20Bike/issues/60-april%2Fmay-eighty-three,,usa professional bmx action video april may 1983,,REVIEW — recurring campaign/feature candidate; retain separately pending page-image comparison,Indexed page 61. Image: do not reproduce scan. Text: paraphrase facts and clearly paired prices only.,2026-07-31,PKR-CAT-001,Catalogs and product literature
EPH-0248,v1.1 chronological census,V11-ABMX-0187,Catalog mailer,BMX Action Bike six-issue subscription offer,1983,1983,April/May 1983,BMX Action Bike,Direct subscription offer for the next six issues.,United Kingdom,Not applicable — period publication,,Chronological issue pass,PreviousPage exposes indexed text for BMX Action Bike — April/May 1983 — Volume 2 Number 7. This record preserves an issue-specific source occurrence and paraphrased factual details. Page-image comparison remains required before exact-layout quotation or visual identity merging.,HIGH,INDEX-ONLY,INCLUDED — indexed issue text; visual comparison pending.,https://previouspage.co.uk/magazines/BMX%20Action%20Bike/issues/60-april%2Fmay-eighty-three,,bmx action bike six issue subscription offer april may 1983,,RETAIN — issue-specific occurrence pending visual comparison,Indexed page 61. Image: do not reproduce scan. Text: paraphrase facts and clearly paired prices only.,2026-07-31,PKR-CAT-003,"Mailers, stickers, and information packs"
EPH-0249,v1.1 chronological census,V11-ABMX-0188,Contest entry form / promotion,Yamaha professional racing-outfit competition,1983,1983,April/May 1983,Yamaha; BMX Action Bike,Reader knowledge competition awarding a full racing outfit and matching pit suits.,United Kingdom,Not applicable — period publication,,Chronological issue pass,PreviousPage exposes indexed text for BMX Action Bike — April/May 1983 — Volume 2 Number 7. This record preserves an issue-specific source occurrence and paraphrased factual details. Page-image comparison remains required before exact-layout quotation or visual identity merging.,HIGH,INDEX-ONLY,INCLUDED — indexed issue text; visual comparison pending.,https://previouspage.co.uk/magazines/BMX%20Action%20Bike/issues/60-april%2Fmay-eighty-three,,yamaha professional racing outfit competition april may 1983,,RETAIN — issue-specific occurrence pending visual comparison,Indexed section located; exact page number remains pending page-image review. Indexed competition pages. Image: do not reproduce scan. Text: paraphrase facts and clearly paired prices only.,2026-07-31,PKR-CAT-004,Contests and promotions
EPH-0250,v1.1 chronological census,V11-ABMX-0189,Retailer advertisement / price list,Gainsborough Firebird frame-and-fork retail offer,1983,1983,April/May 1983,Gainsborough Cycle Centre; Firebird,Retail advertisement for a Firebird chromoly frame-and-fork set with headset.,United Kingdom,Not applicable — period publication,,Chronological issue pass,PreviousPage exposes indexed text for BMX Action Bike — April/May 1983 — Volume 2 Number 7. This record preserves an issue-specific source occurrence and paraphrased factual details. Page-image comparison remains required before exact-layout quotation or visual identity merging.,HIGH,INDEX-ONLY,INCLUDED — indexed issue text; visual comparison pending.,https://previouspage.co.uk/magazines/BMX%20Action%20Bike/issues/60-april%2Fmay-eighty-three,,gainsborough firebird frame and fork retail offer april may 1983,,RETAIN — issue-specific occurrence pending visual comparison,Indexed page 61. Image: do not reproduce scan. Text: paraphrase facts and clearly paired prices only.,2026-07-31,PKR-CAT-002,Advertisements and price lists
EPH-0251,v1.2 chronological census,V12-ABMX-0190,Information-pack mailer,Haro Software brochure and decals offer,1983,1983,June 1983,Haro Designs; Gecko Leisure Products; Shiner,"Mail-in offer for Haro Software apparel literature and decals, with UK distributor information.",United Kingdom,Not applicable — period publication,,Chronological issue pass,PreviousPage exposes indexed text for BMX Action Bike — June 1983 — Volume 2 Number 8. This record preserves an issue-specific source occurrence and paraphrased factual details. Page-image comparison remains required before exact-layout quotation or visual identity merging.,HIGH,INDEX-ONLY,INCLUDED — indexed issue text; visual comparison pending.,https://previouspage.co.uk/magazines/BMX%20Action%20Bike/issues/61-june-nineteen-eighty-three,,haro software brochure and decals offer june 1983,,REVIEW — recurring campaign/feature candidate; retain separately pending page-image comparison,Indexed page 2. Image: do not reproduce scan. Text: paraphrase facts and clearly paired prices only.,2026-08-01,PKR-CAT-003,"Mailers, stickers, and information packs"
EPH-0252,v1.2 chronological census,V12-ABMX-0191,Dealer price-list / sticker offer,Strongs Bicycles mail-order component list and free sticker-brochure offer,1983,1983,June 1983,Strongs Bicycles; Oakley; Shimano; Araya; Haro; Suntour,Dense component and apparel price list paired with a stamped-envelope free sticker and brochure offer.,United Kingdom,Not applicable — period publication,,Chronological issue pass,PreviousPage exposes indexed text for BMX Action Bike — June 1983 — Volume 2 Number 8. This record preserves an issue-specific source occurrence and paraphrased factual details. Page-image comparison remains required before exact-layout quotation or visual identity merging.,HIGH,INDEX-ONLY,INCLUDED — indexed issue text; visual comparison pending.,https://previouspage.co.uk/magazines/BMX%20Action%20Bike/issues/61-june-nineteen-eighty-three,,strongs bicycles mail order component list and free sticker brochure offer june 1983,,REVIEW — recurring campaign/feature candidate; retain separately pending page-image comparison,Indexed page 4. Image: do not reproduce scan. Text: paraphrase facts and clearly paired prices only.,2026-08-01,PKR-CAT-003,"Mailers, stickers, and information packs"
EPH-0253,v1.2 chronological census,V12-ABMX-0192,Dealer/shop advertisement,"SR Cycles bike-stock, deposit, and free-delivery advertisement",1983,1983,June 1983,SR Cycles; SR Jets; Kuwahara; Mongoose; Redline; GT,"Dealer advertisement listing major BMX brands, a money-order holding deposit, credit, and local free delivery.",United Kingdom,Not applicable — period publication,,Chronological issue pass,PreviousPage exposes indexed text for BMX Action Bike — June 1983 — Volume 2 Number 8. This record preserves an issue-specific source occurrence and paraphrased factual details. Page-image comparison remains required before exact-layout quotation or visual identity merging.,HIGH,INDEX-ONLY,INCLUDED — indexed issue text; visual comparison pending.,https://previouspage.co.uk/magazines/BMX%20Action%20Bike/issues/61-june-nineteen-eighty-three,,sr cycles bike stock deposit and free delivery advertisement june 1983,,RETAIN — issue-specific occurrence pending visual comparison,Indexed page 4. Image: do not reproduce scan. Text: paraphrase facts and clearly paired prices only.,2026-08-01,PKR-CAT-007,Dealers and distributors
EPH-0254,v1.2 chronological census,V12-ABMX-0193,Retailer advertisement / price list,Spokes Tange FMX 200 complete-bike advertisement,1983,1983,June 1983,Spokes; Tange; Shimano; Kenda; Takagi,Complete-bike specification and cash-and-carry price advertisement for the Tange FMX 200.,United Kingdom,Not applicable — period publication,,Chronological issue pass,PreviousPage exposes indexed text for BMX Action Bike — June 1983 — Volume 2 Number 8. This record preserves an issue-specific source occurrence and paraphrased factual details. Page-image comparison remains required before exact-layout quotation or visual identity merging.,HIGH,INDEX-ONLY,INCLUDED — indexed issue text; visual comparison pending.,https://previouspage.co.uk/magazines/BMX%20Action%20Bike/issues/61-june-nineteen-eighty-three,,spokes tange fmx 200 complete bike advertisement june 1983,,RETAIN — issue-specific occurrence pending visual comparison,Indexed page 5. Image: do not reproduce scan. Text: paraphrase facts and clearly paired prices only.,2026-08-01,PKR-CAT-002,Advertisements and price lists
EPH-0255,v1.2 chronological census,V12-ABMX-0194,Information-pack mailer,King Sticker thirty-sticker and rub-on mailer,1983,1983,June 1983,King Sticker,Mail-order sticker and rub-on assortment promoted through the period publication.,United Kingdom,Not applicable — period publication,,Chronological issue pass,PreviousPage exposes indexed text for BMX Action Bike — June 1983 — Volume 2 Number 8. This record preserves an issue-specific source occurrence and paraphrased factual details. Page-image comparison remains required before exact-layout quotation or visual identity merging.,HIGH,INDEX-ONLY,INCLUDED — indexed issue text; visual comparison pending.,https://previouspage.co.uk/magazines/BMX%20Action%20Bike/issues/61-june-nineteen-eighty-three,,king sticker thirty sticker and rub on mailer june 1983,,REVIEW — recurring campaign/feature candidate; retain separately pending page-image comparison,Indexed page 6. Image: do not reproduce scan. Text: paraphrase facts and clearly paired prices only.,2026-08-01,PKR-CAT-003,"Mailers, stickers, and information packs"
EPH-0256,v1.2 chronological census,V12-ABMX-0195,Promotional announcement / naming contest,BMX election candidate pledge form,1983,1983,June 1983,BMX Action Bike,Reader-facing novelty pledge form asking political candidates to support local BMX track development.,United Kingdom,Not applicable — period publication,,Chronological issue pass,PreviousPage exposes indexed text for BMX Action Bike — June 1983 — Volume 2 Number 8. This record preserves an issue-specific source occurrence and paraphrased factual details. Page-image comparison remains required before exact-layout quotation or visual identity merging.,HIGH,INDEX-ONLY,INCLUDED — indexed issue text; visual comparison pending.,https://previouspage.co.uk/magazines/BMX%20Action%20Bike/issues/61-june-nineteen-eighty-three,,bmx election candidate pledge form june 1983,,RETAIN — issue-specific occurrence pending visual comparison,Indexed page 6. Image: do not reproduce scan. Text: paraphrase facts and clearly paired prices only.,2026-08-01,PKR-CAT-004,Contests and promotions
EPH-0257,v1.2 chronological census,V12-ABMX-0196,Team/product advertisement,Diamond Back Traffic Jammin’ 1983 product and factory-team campaign,1983,1983,June 1983,Diamond Back; Harry Leary; Aero; Haro; Oakley,"Two-page brand campaign promoting the Silver Streak, Harry Leary Turbo, Viper, Ridge Runner, and 1983 UK factory team.",United Kingdom,Not applicable — period publication,,Chronological issue pass,PreviousPage exposes indexed text for BMX Action Bike — June 1983 — Volume 2 Number 8. This record preserves an issue-specific source occurrence and paraphrased factual details. Page-image comparison remains required before exact-layout quotation or visual identity merging.,HIGH,INDEX-ONLY,INCLUDED — indexed issue text; visual comparison pending.,https://previouspage.co.uk/magazines/BMX%20Action%20Bike/issues/61-june-nineteen-eighty-three,,diamond back traffic jammin 1983 product and factory team campaign june 1983,,RETAIN — issue-specific occurrence pending visual comparison,Indexed pages 8–9. Image: do not reproduce scan. Text: paraphrase facts and clearly paired prices only.,2026-08-01,PKR-CAT-006,"Teams, riders, and brand campaigns"
EPH-0258,v1.2 chronological census,V12-ABMX-0197,Product literature,Rapido BMX frame and component advertisement,1983,1983,June 1983,Rapido,Product advertisement emphasizing frame and component construction and race-oriented design.,United Kingdom,Not applicable — period publication,,Chronological issue pass,PreviousPage exposes indexed text for BMX Action Bike — June 1983 — Volume 2 Number 8. This record preserves an issue-specific source occurrence and paraphrased factual details. Page-image comparison remains required before exact-layout quotation or visual identity merging.,HIGH,INDEX-ONLY,INCLUDED — indexed issue text; visual comparison pending.,https://previouspage.co.uk/magazines/BMX%20Action%20Bike/issues/61-june-nineteen-eighty-three,,rapido bmx frame and component advertisement june 1983,,RETAIN — issue-specific occurrence pending visual comparison,Indexed page 10. Image: do not reproduce scan. Text: paraphrase facts and clearly paired prices only.,2026-08-01,PKR-CAT-001,Catalogs and product literature
EPH-0259,v1.2 chronological census,V12-ABMX-0198,Catalog mailer,BMX Action Bike back-copy mailer,1983,1983,June 1983,BMX Action Bike; UKBMX Publications,Mail-order offer for available OBMX and ABMX back issues at a stated per-copy price.,United Kingdom,Not applicable — period publication,,Chronological issue pass,PreviousPage exposes indexed text for BMX Action Bike — June 1983 — Volume 2 Number 8. This record preserves an issue-specific source occurrence and paraphrased factual details. Page-image comparison remains required before exact-layout quotation or visual identity merging.,HIGH,INDEX-ONLY,INCLUDED — indexed issue text; visual comparison pending.,https://previouspage.co.uk/magazines/BMX%20Action%20Bike/issues/61-june-nineteen-eighty-three,,bmx action bike back copy mailer june 1983,,REVIEW — recurring campaign/feature candidate; retain separately pending page-image comparison,Indexed page 12. Image: do not reproduce scan. Text: paraphrase facts and clearly paired prices only.,2026-08-01,PKR-CAT-003,"Mailers, stickers, and information packs"
EPH-0260,v1.2 chronological census,V12-ABMX-0199,Retailer advertisement / price list,DP Racing Firebird frame-and-fork order form,1983,1983,June 1983,DP Racing; Firebird,Direct order form for the Firebird chromoly frame-and-fork set with included Tange headset.,United Kingdom,Not applicable — period publication,,Chronological issue pass,PreviousPage exposes indexed text for BMX Action Bike — June 1983 — Volume 2 Number 8. This record preserves an issue-specific source occurrence and paraphrased factual details. Page-image comparison remains required before exact-layout quotation or visual identity merging.,HIGH,INDEX-ONLY,INCLUDED — indexed issue text; visual comparison pending.,https://previouspage.co.uk/magazines/BMX%20Action%20Bike/issues/61-june-nineteen-eighty-three,,dp racing firebird frame and fork order form june 1983,,RETAIN — issue-specific occurrence pending visual comparison,Indexed page 12. Image: do not reproduce scan. Text: paraphrase facts and clearly paired prices only.,2026-08-01,PKR-CAT-002,Advertisements and price lists
EPH-0261,v1.2 chronological census,V12-ABMX-0200,Catalog mailer,BMX Action Bike blue-and-gold binder offer,1983,1983,June 1983,BMX Action Bike; UKBMX Publications,Mail-order binder designed to hold twelve magazine issues.,United Kingdom,Not applicable — period publication,,Chronological issue pass,PreviousPage exposes indexed text for BMX Action Bike — June 1983 — Volume 2 Number 8. This record preserves an issue-specific source occurrence and paraphrased factual details. Page-image comparison remains required before exact-layout quotation or visual identity merging.,HIGH,INDEX-ONLY,INCLUDED — indexed issue text; visual comparison pending.,https://previouspage.co.uk/magazines/BMX%20Action%20Bike/issues/61-june-nineteen-eighty-three,,bmx action bike blue and gold binder offer june 1983,,REVIEW — recurring campaign/feature candidate; retain separately pending page-image comparison,Indexed page 12. Image: do not reproduce scan. Text: paraphrase facts and clearly paired prices only.,2026-08-01,PKR-CAT-003,"Mailers, stickers, and information packs"
EPH-0262,v1.2 chronological census,V12-ABMX-0201,Information-pack mailer,BMX Action Bike blue-and-yellow race-shirt offer,1983,1983,June 1983,BMX Action Bike; UKBMX Publications,Mail-order cotton race shirt in blue and yellow American long-sleeve styling.,United Kingdom,Not applicable — period publication,,Chronological issue pass,PreviousPage exposes indexed text for BMX Action Bike — June 1983 — Volume 2 Number 8. This record preserves an issue-specific source occurrence and paraphrased factual details. Page-image comparison remains required before exact-layout quotation or visual identity merging.,HIGH,INDEX-ONLY,INCLUDED — indexed issue text; visual comparison pending.,https://previouspage.co.uk/magazines/BMX%20Action%20Bike/issues/61-june-nineteen-eighty-three,,bmx action bike blue and yellow race shirt offer june 1983,,REVIEW — recurring campaign/feature candidate; retain separately pending page-image comparison,Indexed page 12. Image: do not reproduce scan. Text: paraphrase facts and clearly paired prices only.,2026-08-01,PKR-CAT-003,"Mailers, stickers, and information packs"
EPH-0263,v1.2 chronological census,V12-ABMX-0202,Retailer advertisement / price list,"Torker 260, 280X, and 340 complete-bike price advertisement",1983,1983,June 1983,Torker; UK distributor unresolved from indexed alignment,Advertisement listing complete-bike prices and specifications for three Torker models.,United Kingdom,Not applicable — period publication,,Chronological issue pass,PreviousPage exposes indexed text for BMX Action Bike — June 1983 — Volume 2 Number 8. This record preserves an issue-specific source occurrence and paraphrased factual details. Page-image comparison remains required before exact-layout quotation or visual identity merging.,MEDIUM-HIGH,INDEX-ONLY,INCLUDED — indexed issue text; visual comparison pending.,https://previouspage.co.uk/magazines/BMX%20Action%20Bike/issues/61-june-nineteen-eighty-three,,torker 260 280x and 340 complete bike price advertisement june 1983,,RETAIN — issue-specific occurrence pending visual comparison,Indexed page 14. Image: do not reproduce scan. Text: paraphrase facts and clearly paired prices only.,2026-08-01,PKR-CAT-002,Advertisements and price lists
EPH-0264,v1.2 chronological census,V12-ABMX-0203,Retailer advertisement / price list,"Big W BMX frame, wheel, fork, crank, helmet, and book specials",1983,1983,June 1983,Big W; ACS; Skyway; Araya; Tange; Haro; DP Racing,"Multi-product retailer advertisement with mail-order prices for frames, wheels, forks, cranks, protective gear, and literature.",United Kingdom,Not applicable — period publication,,Chronological issue pass,PreviousPage exposes indexed text for BMX Action Bike — June 1983 — Volume 2 Number 8. This record preserves an issue-specific source occurrence and paraphrased factual details. Page-image comparison remains required before exact-layout quotation or visual identity merging.,HIGH,INDEX-ONLY,INCLUDED — indexed issue text; visual comparison pending.,https://previouspage.co.uk/magazines/BMX%20Action%20Bike/issues/61-june-nineteen-eighty-three,,big w bmx frame wheel fork crank helmet and book specials june 1983,,RETAIN — issue-specific occurrence pending visual comparison,Indexed page 14. Image: do not reproduce scan. Text: paraphrase facts and clearly paired prices only.,2026-08-01,PKR-CAT-002,Advertisements and price lists
EPH-0265,v1.2 chronological census,V12-ABMX-0204,Product-history object,DP Firebird complete-bike editorial test,1983,1983,June 1983,DP Racing; BMX Action Bike,"Editorial test documenting the Firebird frame, geometry, ride impressions, specifications, and period price context.",United Kingdom,Not applicable — period publication,,Chronological issue pass,PreviousPage exposes indexed text for BMX Action Bike — June 1983 — Volume 2 Number 8. This record preserves an issue-specific source occurrence and paraphrased factual details. Page-image comparison remains required before exact-layout quotation or visual identity merging.,HIGH,INDEX-ONLY,INCLUDED — indexed issue text; visual comparison pending.,https://previouspage.co.uk/magazines/BMX%20Action%20Bike/issues/61-june-nineteen-eighty-three,,dp firebird complete bike editorial test june 1983,,RETAIN — issue-specific occurrence pending visual comparison,Indexed pages 15–17. Image: do not reproduce scan. Text: paraphrase facts and clearly paired prices only.,2026-08-01,PKR-CAT-009,Editorial tests and historical documentation
EPH-0266,v1.2 chronological census,V12-ABMX-0205,Product announcement / kit,Firebird Delta II frame announcement,1983,1983,June 1983,DP Racing; Firebird; Reynolds,Product announcement for the Delta II tri-twin frame design using 4130 chromoly and Reynolds 501 tubing.,United Kingdom,Not applicable — period publication,,Chronological issue pass,PreviousPage exposes indexed text for BMX Action Bike — June 1983 — Volume 2 Number 8. This record preserves an issue-specific source occurrence and paraphrased factual details. Page-image comparison remains required before exact-layout quotation or visual identity merging.,HIGH,INDEX-ONLY,INCLUDED — indexed issue text; visual comparison pending.,https://previouspage.co.uk/magazines/BMX%20Action%20Bike/issues/61-june-nineteen-eighty-three,,firebird delta ii frame announcement june 1983,,RETAIN — issue-specific occurrence pending visual comparison,Indexed pages 18–19. Image: do not reproduce scan. Text: paraphrase facts and clearly paired prices only.,2026-08-01,PKR-CAT-008,Product announcements and technical material
EPH-0267,v1.2 chronological census,V12-ABMX-0206,Archive collection,Best of 1982 prize-winner follow-up,1983,1983,June 1983,BMX Action Bike; Bell; Skyway; Diamond Back,Follow-up publishing prize winners and additional results from the magazine's Best of 1982 reader poll.,United Kingdom,Not applicable — period publication,,Chronological issue pass,PreviousPage exposes indexed text for BMX Action Bike — June 1983 — Volume 2 Number 8. This record preserves an issue-specific source occurrence and paraphrased factual details. Page-image comparison remains required before exact-layout quotation or visual identity merging.,HIGH,INDEX-ONLY,INCLUDED — indexed issue text; visual comparison pending.,https://previouspage.co.uk/magazines/BMX%20Action%20Bike/issues/61-june-nineteen-eighty-three,,best of 1982 prize winner follow up june 1983,,RETAIN — issue-specific occurrence pending visual comparison,Indexed page 19. Image: do not reproduce scan. Text: paraphrase facts and clearly paired prices only.,2026-08-01,PKR-CAT-009,Editorial tests and historical documentation
EPH-0268,v1.2 chronological census,V12-ABMX-0207,Contest entry form / promotion,Moto-X Fox reader-photo competition,1983,1983,June 1983,BMX Action Bike; Moto-X Fox,Reader photography competition offering a Moto-X Fox racing outfit and possible publication.,United Kingdom,Not applicable — period publication,,Chronological issue pass,PreviousPage exposes indexed text for BMX Action Bike — June 1983 — Volume 2 Number 8. This record preserves an issue-specific source occurrence and paraphrased factual details. Page-image comparison remains required before exact-layout quotation or visual identity merging.,HIGH,INDEX-ONLY,INCLUDED — indexed issue text; visual comparison pending.,https://previouspage.co.uk/magazines/BMX%20Action%20Bike/issues/61-june-nineteen-eighty-three,,moto x fox reader photo competition june 1983,,RETAIN — issue-specific occurrence pending visual comparison,Indexed page 19. Image: do not reproduce scan. Text: paraphrase facts and clearly paired prices only.,2026-08-01,PKR-CAT-004,Contests and promotions
EPH-0269,v1.2 chronological census,V12-ABMX-0208,Event notice / contact flyer,June 1983 BMX race calendar,1983,1983,June 1983,BMX Action Bike; UKBMX; NBMXA; regional organizers,"Publication calendar listing national, regional, club, open, and international BMX meetings.",United Kingdom,Not applicable — period publication,,Chronological issue pass,PreviousPage exposes indexed text for BMX Action Bike — June 1983 — Volume 2 Number 8. This record preserves an issue-specific source occurrence and paraphrased factual details. Page-image comparison remains required before exact-layout quotation or visual identity merging.,HIGH,INDEX-ONLY,INCLUDED — indexed issue text; visual comparison pending.,https://previouspage.co.uk/magazines/BMX%20Action%20Bike/issues/61-june-nineteen-eighty-three,,june 1983 bmx race calendar june 1983,,RETAIN — issue-specific occurrence pending visual comparison,Indexed page 22. Image: do not reproduce scan. Text: paraphrase facts and clearly paired prices only.,2026-08-01,PKR-CAT-005,"Events, registration, and membership"
EPH-0270,v1.2 chronological census,V12-ABMX-0209,Archive collection,Isle of Wight inaugural BMX meeting report,1983,1983,June 1983,Isle of Wight BMX organizers; BMX Action Bike,"Historical event report documenting early island racing, visiting riders, local participation, and plans for continued meetings.",United Kingdom,Not applicable — period publication,,Chronological issue pass,PreviousPage exposes indexed text for BMX Action Bike — June 1983 — Volume 2 Number 8. This record preserves an issue-specific source occurrence and paraphrased factual details. Page-image comparison remains required before exact-layout quotation or visual identity merging.,HIGH,INDEX-ONLY,INCLUDED — indexed issue text; visual comparison pending.,https://previouspage.co.uk/magazines/BMX%20Action%20Bike/issues/61-june-nineteen-eighty-three,,isle of wight inaugural bmx meeting report june 1983,,RETAIN — issue-specific occurrence pending visual comparison,Indexed pages 26–27. Image: do not reproduce scan. Text: paraphrase facts and clearly paired prices only.,2026-08-01,PKR-CAT-009,Editorial tests and historical documentation
EPH-0271,v1.2 chronological census,V12-ABMX-0210,Retailer advertisement / price list,BMX Superstore Kuwahara E.T. Replica special,1983,1983,June 1983,BMX Superstore; Kuwahara,Mail-order special for remaining Kuwahara E.T. Replica bicycles with recommended-price comparison.,United Kingdom,Not applicable — period publication,,Chronological issue pass,PreviousPage exposes indexed text for BMX Action Bike — June 1983 — Volume 2 Number 8. This record preserves an issue-specific source occurrence and paraphrased factual details. Page-image comparison remains required before exact-layout quotation or visual identity merging.,HIGH,INDEX-ONLY,INCLUDED — indexed issue text; visual comparison pending.,https://previouspage.co.uk/magazines/BMX%20Action%20Bike/issues/61-june-nineteen-eighty-three,,bmx superstore kuwahara e t replica special june 1983,,REVIEW — recurring campaign/feature candidate; retain separately pending page-image comparison,Indexed page 28. Image: do not reproduce scan. Text: paraphrase facts and clearly paired prices only.,2026-08-01,PKR-CAT-002,Advertisements and price lists
EPH-0272,v1.2 chronological census,V12-ABMX-0211,Dealer price-list / sticker offer,Team Henderson mail-order parts and free-sticker offer,1983,1983,June 1983,Team Henderson BMX Mail Order Centre; Haro; California Lite; CW; Renthal,Mail-order component list offering a price list by SAE and a free sticker with orders.,United Kingdom,Not applicable — period publication,,Chronological issue pass,PreviousPage exposes indexed text for BMX Action Bike — June 1983 — Volume 2 Number 8. This record preserves an issue-specific source occurrence and paraphrased factual details. Page-image comparison remains required before exact-layout quotation or visual identity merging.,HIGH,INDEX-ONLY,INCLUDED — indexed issue text; visual comparison pending.,https://previouspage.co.uk/magazines/BMX%20Action%20Bike/issues/61-june-nineteen-eighty-three,,team henderson mail order parts and free sticker offer june 1983,,RETAIN — issue-specific occurrence pending visual comparison,Indexed page 28. Image: do not reproduce scan. Text: paraphrase facts and clearly paired prices only.,2026-08-01,PKR-CAT-003,"Mailers, stickers, and information packs"
EPH-0273,v1.2 chronological census,V12-ABMX-0212,Retailer advertisement / price list,Langsett Cycles BMX parts price advertisement,1983,1983,June 1983,Langsett Cycles; MX 100; Sharp; Elina; Suntour; Haro,"Retailer advertisement for brakes, skirts, bottom-bracket protection, saddles, headsets, and seat pillars.",United Kingdom,Not applicable — period publication,,Chronological issue pass,PreviousPage exposes indexed text for BMX Action Bike — June 1983 — Volume 2 Number 8. This record preserves an issue-specific source occurrence and paraphrased factual details. Page-image comparison remains required before exact-layout quotation or visual identity merging.,HIGH,INDEX-ONLY,INCLUDED — indexed issue text; visual comparison pending.,https://previouspage.co.uk/magazines/BMX%20Action%20Bike/issues/61-june-nineteen-eighty-three,,langsett cycles bmx parts price advertisement june 1983,,RETAIN — issue-specific occurrence pending visual comparison,Indexed page 28. Image: do not reproduce scan. Text: paraphrase facts and clearly paired prices only.,2026-08-01,PKR-CAT-002,Advertisements and price lists
EPH-0274,v1.2 chronological census,V12-ABMX-0213,Dealer/shop advertisement,BMX Centre Mousehole stock and mail-order advertisement,1983,1983,June 1983,BMX Centre Mousehole; Mongoose; Kuwahara; Torker; GT; Robinson,"Dealer advertisement listing complete bikes, frames, forks, components, clothing, and protective equipment.",United Kingdom,Not applicable — period publication,,Chronological issue pass,PreviousPage exposes indexed text for BMX Action Bike — June 1983 — Volume 2 Number 8. This record preserves an issue-specific source occurrence and paraphrased factual details. Page-image comparison remains required before exact-layout quotation or visual identity merging.,HIGH,INDEX-ONLY,INCLUDED — indexed issue text; visual comparison pending.,https://previouspage.co.uk/magazines/BMX%20Action%20Bike/issues/61-june-nineteen-eighty-three,,bmx centre mousehole stock and mail order advertisement june 1983,,RETAIN — issue-specific occurrence pending visual comparison,Indexed page 28. Image: do not reproduce scan. Text: paraphrase facts and clearly paired prices only.,2026-08-01,PKR-CAT-007,Dealers and distributors
EPH-0275,v1.2 chronological census,V12-ABMX-0214,Catalog mailer,BMX Action Bike monthly subscription promotion,1983,1983,June 1983,BMX Action Bike; UKBMX Publications,Reader subscription and newsagent-order promotion built around the magazine's move to monthly publication.,United Kingdom,Not applicable — period publication,,Chronological issue pass,PreviousPage exposes indexed text for BMX Action Bike — June 1983 — Volume 2 Number 8. This record preserves an issue-specific source occurrence and paraphrased factual details. Page-image comparison remains required before exact-layout quotation or visual identity merging.,HIGH,INDEX-ONLY,INCLUDED — indexed issue text; visual comparison pending.,https://previouspage.co.uk/magazines/BMX%20Action%20Bike/issues/61-june-nineteen-eighty-three,,bmx action bike monthly subscription promotion june 1983,,REVIEW — recurring campaign/feature candidate; retain separately pending page-image comparison,Indexed page 29. Image: do not reproduce scan. Text: paraphrase facts and clearly paired prices only.,2026-08-01,PKR-CAT-003,"Mailers, stickers, and information packs"
EPH-0276,v1.2 chronological census,V12-ABMX-0215,Dealer advertisement / price-list lead,ABMX free Sales and Swaps coupon,1983,1983,June 1983,BMX Action Bike; UKBMX Publications,Free private classified-sales service with submission rules and a printed coupon.,United Kingdom,Not applicable — period publication,,Chronological issue pass,PreviousPage exposes indexed text for BMX Action Bike — June 1983 — Volume 2 Number 8. This record preserves an issue-specific source occurrence and paraphrased factual details. Page-image comparison remains required before exact-layout quotation or visual identity merging.,HIGH,INDEX-ONLY,INCLUDED — indexed issue text; visual comparison pending.,https://previouspage.co.uk/magazines/BMX%20Action%20Bike/issues/61-june-nineteen-eighty-three,,abmx free sales and swaps coupon june 1983,,REVIEW — recurring campaign/feature candidate; retain separately pending page-image comparison,Indexed page 29. Image: do not reproduce scan. Text: paraphrase facts and clearly paired prices only.,2026-08-01,PKR-CAT-007,Dealers and distributors
EPH-0277,v1.2 chronological census,V12-ABMX-0216,Contest entry form / promotion,Ammaco Team Pro prize-bike competition,1983,1983,June 1983,BMX Action Bike; Ammaco,Reader competition awarding a top-of-the-range Ammaco Team Pro after a twenty-five-word problem-solving entry.,United Kingdom,Not applicable — period publication,,Chronological issue pass,PreviousPage exposes indexed text for BMX Action Bike — June 1983 — Volume 2 Number 8. This record preserves an issue-specific source occurrence and paraphrased factual details. Page-image comparison remains required before exact-layout quotation or visual identity merging.,HIGH,INDEX-ONLY,INCLUDED — indexed issue text; visual comparison pending.,https://previouspage.co.uk/magazines/BMX%20Action%20Bike/issues/61-june-nineteen-eighty-three,,ammaco team pro prize bike competition june 1983,,RETAIN — issue-specific occurrence pending visual comparison,Indexed pages 30–31. Image: do not reproduce scan. Text: paraphrase facts and clearly paired prices only.,2026-08-01,PKR-CAT-004,Contests and promotions
EPH-0278,v1.2 chronological census,V12-ABMX-0217,Retailer advertisement / price list,Rivat BMX shoe advertisement,1983,1983,June 1983,Rivat; March Racing Developments,Product advertisement for purpose-designed BMX shoes with a rider endorsement and stated retail price.,United Kingdom,Not applicable — period publication,,Chronological issue pass,PreviousPage exposes indexed text for BMX Action Bike — June 1983 — Volume 2 Number 8. This record preserves an issue-specific source occurrence and paraphrased factual details. Page-image comparison remains required before exact-layout quotation or visual identity merging.,HIGH,INDEX-ONLY,INCLUDED — indexed issue text; visual comparison pending.,https://previouspage.co.uk/magazines/BMX%20Action%20Bike/issues/61-june-nineteen-eighty-three,,rivat bmx shoe advertisement june 1983,,RETAIN — issue-specific occurrence pending visual comparison,Indexed page 30. Image: do not reproduce scan. Text: paraphrase facts and clearly paired prices only.,2026-08-01,PKR-CAT-002,Advertisements and price lists
EPH-0279,v1.2 chronological census,V12-ABMX-0218,Archive collection,Halfords NEC indoor championship report,1983,1983,June 1983,Halfords; BMX Action Bike; Bob Haro,"Historical event report covering the indoor track, transfer system, racing, freestyle, high jump, and crowd response.",United Kingdom,Not applicable — period publication,,Chronological issue pass,PreviousPage exposes indexed text for BMX Action Bike — June 1983 — Volume 2 Number 8. This record preserves an issue-specific source occurrence and paraphrased factual details. Page-image comparison remains required before exact-layout quotation or visual identity merging.,HIGH,INDEX-ONLY,INCLUDED — indexed issue text; visual comparison pending.,https://previouspage.co.uk/magazines/BMX%20Action%20Bike/issues/61-june-nineteen-eighty-three,,halfords nec indoor championship report june 1983,,RETAIN — issue-specific occurrence pending visual comparison,Indexed pages 32–39. Image: do not reproduce scan. Text: paraphrase facts and clearly paired prices only.,2026-08-01,PKR-CAT-009,Editorial tests and historical documentation
EPH-0280,v1.2 chronological census,V12-ABMX-0219,Archive collection,Grasby track-focus course guide,1983,1983,June 1983,Grasby BMX; BMX Action Bike,"Track guide describing the start, berms, tabletop, camel obstacle, passing lines, and race strategy.",United Kingdom,Not applicable — period publication,,Chronological issue pass,PreviousPage exposes indexed text for BMX Action Bike — June 1983 — Volume 2 Number 8. This record preserves an issue-specific source occurrence and paraphrased factual details. Page-image comparison remains required before exact-layout quotation or visual identity merging.,HIGH,INDEX-ONLY,INCLUDED — indexed issue text; visual comparison pending.,https://previouspage.co.uk/magazines/BMX%20Action%20Bike/issues/61-june-nineteen-eighty-three,,grasby track focus course guide june 1983,,RETAIN — issue-specific occurrence pending visual comparison,Indexed pages 41–45. Image: do not reproduce scan. Text: paraphrase facts and clearly paired prices only.,2026-08-01,PKR-CAT-009,Editorial tests and historical documentation
EPH-0281,v1.2 chronological census,V12-ABMX-0220,Product literature,ACS Z Rims guarantee advertisement,1983,1983,June 1983,ACS; Gecko Leisure Products,"Product advertisement explaining Zytel construction, wheel sizes, colors, and the no-quibble rim-breakage guarantee.",United Kingdom,Not applicable — period publication,,Chronological issue pass,PreviousPage exposes indexed text for BMX Action Bike — June 1983 — Volume 2 Number 8. This record preserves an issue-specific source occurrence and paraphrased factual details. Page-image comparison remains required before exact-layout quotation or visual identity merging.,HIGH,INDEX-ONLY,INCLUDED — indexed issue text; visual comparison pending.,https://previouspage.co.uk/magazines/BMX%20Action%20Bike/issues/61-june-nineteen-eighty-three,,acs z rims guarantee advertisement june 1983,,RETAIN — issue-specific occurrence pending visual comparison,Indexed page 46. Image: do not reproduce scan. Text: paraphrase facts and clearly paired prices only.,2026-08-01,PKR-CAT-001,Catalogs and product literature
EPH-0282,v1.2 chronological census,V12-ABMX-0221,Product literature,Grease Monkey tyre-selection guide,1983,1983,June 1983,BMX Action Bike; IRC; National; Mitsuboshi,"Editorial technical guide comparing BMX tyre construction, tread patterns, soil conditions, and cornering behavior.",United Kingdom,Not applicable — period publication,,Chronological issue pass,PreviousPage exposes indexed text for BMX Action Bike — June 1983 — Volume 2 Number 8. This record preserves an issue-specific source occurrence and paraphrased factual details. Page-image comparison remains required before exact-layout quotation or visual identity merging.,HIGH,INDEX-ONLY,INCLUDED — indexed issue text; visual comparison pending.,https://previouspage.co.uk/magazines/BMX%20Action%20Bike/issues/61-june-nineteen-eighty-three,,grease monkey tyre selection guide june 1983,,RETAIN — issue-specific occurrence pending visual comparison,Indexed pages 47–48. Image: do not reproduce scan. Text: paraphrase facts and clearly paired prices only.,2026-08-01,PKR-CAT-001,Catalogs and product literature
EPH-0283,v1.2 chronological census,V12-ABMX-0222,Retailer advertisement / price list,Supertune BMX comprehensive mail-order price list,1983,1983,June 1983,Supertune BMX Racing; GT; Diamond Back; Robinson; Suntour; Oakley,"Large mail-order price list covering frames, forks, headsets, grips, brakes, cranks, chains, pads, wheels, tyres, seats, plates, and clothing.",United Kingdom,Not applicable — period publication,,Chronological issue pass,PreviousPage exposes indexed text for BMX Action Bike — June 1983 — Volume 2 Number 8. This record preserves an issue-specific source occurrence and paraphrased factual details. Page-image comparison remains required before exact-layout quotation or visual identity merging.,HIGH,INDEX-ONLY,INCLUDED — indexed issue text; visual comparison pending.,https://previouspage.co.uk/magazines/BMX%20Action%20Bike/issues/61-june-nineteen-eighty-three,,supertune bmx comprehensive mail order price list june 1983,,REVIEW — recurring campaign/feature candidate; retain separately pending page-image comparison,Indexed page 49. Image: do not reproduce scan. Text: paraphrase facts and clearly paired prices only.,2026-08-01,PKR-CAT-002,Advertisements and price lists
EPH-0284,v1.2 chronological census,V12-ABMX-0223,Dealer/shop advertisement,Yes Products dealer trade-promotion quiz,1983,1983,June 1983,Yes Products,"Dealer-facing trade promotion using a product quiz to advertise helmets, padsets, and trade margins.",United Kingdom,Not applicable — period publication,,Chronological issue pass,PreviousPage exposes indexed text for BMX Action Bike — June 1983 — Volume 2 Number 8. This record preserves an issue-specific source occurrence and paraphrased factual details. Page-image comparison remains required before exact-layout quotation or visual identity merging.,HIGH,INDEX-ONLY,INCLUDED — indexed issue text; visual comparison pending.,https://previouspage.co.uk/magazines/BMX%20Action%20Bike/issues/61-june-nineteen-eighty-three,,yes products dealer trade promotion quiz june 1983,,RETAIN — issue-specific occurrence pending visual comparison,Indexed page 49. Image: do not reproduce scan. Text: paraphrase facts and clearly paired prices only.,2026-08-01,PKR-CAT-007,Dealers and distributors
EPH-0285,v1.2 chronological census,V12-ABMX-0224,Product literature,California Lite pad-system pro endorsement advertisement,1983,1983,June 1983,California Lite; Johar of California; Harry Leary; Perry Kramer; Clint Miller; Toby Henderson,Product advertisement using professional rider endorsements to promote lightweight BMX padsets.,United Kingdom,Not applicable — period publication,,Chronological issue pass,PreviousPage exposes indexed text for BMX Action Bike — June 1983 — Volume 2 Number 8. This record preserves an issue-specific source occurrence and paraphrased factual details. Page-image comparison remains required before exact-layout quotation or visual identity merging.,HIGH,INDEX-ONLY,INCLUDED — indexed issue text; visual comparison pending.,https://previouspage.co.uk/magazines/BMX%20Action%20Bike/issues/61-june-nineteen-eighty-three,,california lite pad system pro endorsement advertisement june 1983,,REVIEW — recurring campaign/feature candidate; retain separately pending page-image comparison,Indexed page 51. Image: do not reproduce scan. Text: paraphrase facts and clearly paired prices only.,2026-08-01,PKR-CAT-001,Catalogs and product literature
EPH-0286,v1.2 chronological census,V12-ABMX-0225,Archive collection,Sidehack racing feature,1983,1983,June 1983,BMX Action Bike; UKBMX; NBMXA; Ammaco-Mongoose,"Historical feature explaining sidehack roles, racing dynamics, teams, championship activity, and spectator appeal.",United Kingdom,Not applicable — period publication,,Chronological issue pass,PreviousPage exposes indexed text for BMX Action Bike — June 1983 — Volume 2 Number 8. This record preserves an issue-specific source occurrence and paraphrased factual details. Page-image comparison remains required before exact-layout quotation or visual identity merging.,HIGH,INDEX-ONLY,INCLUDED — indexed issue text; visual comparison pending.,https://previouspage.co.uk/magazines/BMX%20Action%20Bike/issues/61-june-nineteen-eighty-three,,sidehack racing feature june 1983,,RETAIN — issue-specific occurrence pending visual comparison,Indexed page 55. Image: do not reproduce scan. Text: paraphrase facts and clearly paired prices only.,2026-08-01,PKR-CAT-009,Editorial tests and historical documentation
EPH-0287,v1.2 chronological census,V12-ABMX-0226,Retailer advertisement / price list,Diatron Wildcat helmet and racewear advertisement,1983,1983,June 1983,Diatron; Wildcat,"Retail advertisement for a lightweight helmet, race jacket, body warmer, race pants, and race shirt.",United Kingdom,Not applicable — period publication,,Chronological issue pass,PreviousPage exposes indexed text for BMX Action Bike — June 1983 — Volume 2 Number 8. This record preserves an issue-specific source occurrence and paraphrased factual details. Page-image comparison remains required before exact-layout quotation or visual identity merging.,HIGH,INDEX-ONLY,INCLUDED — indexed issue text; visual comparison pending.,https://previouspage.co.uk/magazines/BMX%20Action%20Bike/issues/61-june-nineteen-eighty-three,,diatron wildcat helmet and racewear advertisement june 1983,,RETAIN — issue-specific occurrence pending visual comparison,Indexed page 59. Image: do not reproduce scan. Text: paraphrase facts and clearly paired prices only.,2026-08-01,PKR-CAT-002,Advertisements and price lists
EPH-0288,v1.2 chronological census,V12-ABMX-0227,Product literature,Haro Freestyle Moves aerial instructional extract,1983,1983,June 1983,Bob Haro; Haro; BMX Action Bike,"Authorized instructional extract explaining aerial technique, safety equipment, ramp use, and style.",United Kingdom,Not applicable — period publication,,Chronological issue pass,PreviousPage exposes indexed text for BMX Action Bike — June 1983 — Volume 2 Number 8. This record preserves an issue-specific source occurrence and paraphrased factual details. Page-image comparison remains required before exact-layout quotation or visual identity merging.,HIGH,INDEX-ONLY,INCLUDED — indexed issue text; visual comparison pending.,https://previouspage.co.uk/magazines/BMX%20Action%20Bike/issues/61-june-nineteen-eighty-three,,haro freestyle moves aerial instructional extract june 1983,,RETAIN — issue-specific occurrence pending visual comparison,Indexed pages 60–63. Image: do not reproduce scan. Text: paraphrase facts and clearly paired prices only.,2026-08-01,PKR-CAT-001,Catalogs and product literature
EPH-0289,v1.2 chronological census,V12-ABMX-0228,Event registration coupon,NBMXA rulebook and membership offer,1983,1983,June 1983,NBMXA,Association mailer offering Britain's first BMX rulebook and linking the publication to club membership.,United Kingdom,Not applicable — period publication,,Chronological issue pass,PreviousPage exposes indexed text for BMX Action Bike — June 1983 — Volume 2 Number 8. This record preserves an issue-specific source occurrence and paraphrased factual details. Page-image comparison remains required before exact-layout quotation or visual identity merging.,HIGH,INDEX-ONLY,INCLUDED — indexed issue text; visual comparison pending.,https://previouspage.co.uk/magazines/BMX%20Action%20Bike/issues/61-june-nineteen-eighty-three,,nbmxa rulebook and membership offer june 1983,,REVIEW — recurring campaign/feature candidate; retain separately pending page-image comparison,Indexed page 64. Image: do not reproduce scan. Text: paraphrase facts and clearly paired prices only.,2026-08-01,PKR-CAT-005,"Events, registration, and membership"
EPH-0290,v1.2 chronological census,V12-ABMX-0229,Team advertisement,Ammaco Team Mongoose championship advertisement,1983,1983,June 1983,Ammaco; Mongoose; Wayne Llewellyn,Factory-team advertisement presenting Mongoose as national champion team and reader-poll Team of the Year.,United Kingdom,Not applicable — period publication,,Chronological issue pass,PreviousPage exposes indexed text for BMX Action Bike — June 1983 — Volume 2 Number 8. This record preserves an issue-specific source occurrence and paraphrased factual details. Page-image comparison remains required before exact-layout quotation or visual identity merging.,HIGH,INDEX-ONLY,INCLUDED — indexed issue text; visual comparison pending.,https://previouspage.co.uk/magazines/BMX%20Action%20Bike/issues/61-june-nineteen-eighty-three,,ammaco team mongoose championship advertisement june 1983,,RETAIN — issue-specific occurrence pending visual comparison,Indexed page 67. Image: do not reproduce scan. Text: paraphrase facts and clearly paired prices only.,2026-08-01,PKR-CAT-006,"Teams, riders, and brand campaigns"
EPH-0291,v1.2 chronological census,V12-ABMX-0230,Archive collection,Desert Rats Sahara cruiser expedition,1983,1983,June 1983,Desert Rats; Ritchey; BMX Action Bike,Historical adventure feature documenting a Sahara crossing attempt using specially prepared 26-inch cruisers.,United Kingdom,Not applicable — period publication,,Chronological issue pass,PreviousPage exposes indexed text for BMX Action Bike — June 1983 — Volume 2 Number 8. This record preserves an issue-specific source occurrence and paraphrased factual details. Page-image comparison remains required before exact-layout quotation or visual identity merging.,HIGH,INDEX-ONLY,INCLUDED — indexed issue text; visual comparison pending.,https://previouspage.co.uk/magazines/BMX%20Action%20Bike/issues/61-june-nineteen-eighty-three,,desert rats sahara cruiser expedition june 1983,,RETAIN — issue-specific occurrence pending visual comparison,Indexed pages 69–71. Image: do not reproduce scan. Text: paraphrase facts and clearly paired prices only.,2026-08-01,PKR-CAT-009,Editorial tests and historical documentation
EPH-0292,v1.2 chronological census,V12-ABMX-0231,Retailer advertisement / price list,Superbike BMX Centre frame and component advertisement,1983,1983,June 1983,Superbike BMX Centre; SB Racing; Oakley; Vector; JMC; CW; Patterson,"Retail advertisement for alloy wheels, number plates, SB Racing frames and bars, grips, and imported race components.",United Kingdom,Not applicable — period publication,,Chronological issue pass,PreviousPage exposes indexed text for BMX Action Bike — June 1983 — Volume 2 Number 8. This record preserves an issue-specific source occurrence and paraphrased factual details. Page-image comparison remains required before exact-layout quotation or visual identity merging.,HIGH,INDEX-ONLY,INCLUDED — indexed issue text; visual comparison pending.,https://previouspage.co.uk/magazines/BMX%20Action%20Bike/issues/61-june-nineteen-eighty-three,,superbike bmx centre frame and component advertisement june 1983,,RETAIN — issue-specific occurrence pending visual comparison,Indexed page 71. Image: do not reproduce scan. Text: paraphrase facts and clearly paired prices only.,2026-08-01,PKR-CAT-002,Advertisements and price lists
EPH-0293,v1.2 chronological census,V12-ABMX-0232,Retailer advertisement / price list,Faze7 one-and-three-eighth-inch wheel and tyre price advertisement,1983,1983,June 1983,Faze7; Araya; Ukai; Suzue; ACS; Skyway; Panaracer,"Mail-order advertisement specializing in one-and-three-eighth-inch wheels and tyres, with race-meeting delivery.",United Kingdom,Not applicable — period publication,,Chronological issue pass,PreviousPage exposes indexed text for BMX Action Bike — June 1983 — Volume 2 Number 8. This record preserves an issue-specific source occurrence and paraphrased factual details. Page-image comparison remains required before exact-layout quotation or visual identity merging.,HIGH,INDEX-ONLY,INCLUDED — indexed issue text; visual comparison pending.,https://previouspage.co.uk/magazines/BMX%20Action%20Bike/issues/61-june-nineteen-eighty-three,,faze7 one and three eighth inch wheel and tyre price advertisement june 1983,,RETAIN — issue-specific occurrence pending visual comparison,Indexed page 71. Image: do not reproduce scan. Text: paraphrase facts and clearly paired prices only.,2026-08-01,PKR-CAT-002,Advertisements and price lists
EPH-0294,v1.2 chronological census,V12-ABMX-0233,Tour promotion / route notice,UKBMX Europeans and Worlds coach-tour offer,1983,1983,June 1983,UKBMX; Gary Smith,Projected nine-day coach package linking the French European Championship round with the World Championships in Holland.,United Kingdom,Not applicable — period publication,,Chronological issue pass,PreviousPage exposes indexed text for BMX Action Bike — June 1983 — Volume 2 Number 8. This record preserves an issue-specific source occurrence and paraphrased factual details. Page-image comparison remains required before exact-layout quotation or visual identity merging.,HIGH,INDEX-ONLY,INCLUDED — indexed issue text; visual comparison pending.,https://previouspage.co.uk/magazines/BMX%20Action%20Bike/issues/61-june-nineteen-eighty-three,,ukbmx europeans and worlds coach tour offer june 1983,,RETAIN — issue-specific occurrence pending visual comparison,Indexed page 72. Image: do not reproduce scan. Text: paraphrase facts and clearly paired prices only.,2026-08-01,PKR-CAT-005,"Events, registration, and membership"
EPH-0295,v1.2 chronological census,V12-ABMX-0234,Event registration coupon,UKBMX points calendar and membership application,1983,1983,June 1983,UKBMX,Association noticeboard combining confirmed national and international dates with membership and insurance-extension options.,United Kingdom,Not applicable — period publication,,Chronological issue pass,PreviousPage exposes indexed text for BMX Action Bike — June 1983 — Volume 2 Number 8. This record preserves an issue-specific source occurrence and paraphrased factual details. Page-image comparison remains required before exact-layout quotation or visual identity merging.,HIGH,INDEX-ONLY,INCLUDED — indexed issue text; visual comparison pending.,https://previouspage.co.uk/magazines/BMX%20Action%20Bike/issues/61-june-nineteen-eighty-three,,ukbmx points calendar and membership application june 1983,,REVIEW — recurring campaign/feature candidate; retain separately pending page-image comparison,Indexed page 72. Image: do not reproduce scan. Text: paraphrase facts and clearly paired prices only.,2026-08-01,PKR-CAT-005,"Events, registration, and membership"
EPH-0296,v1.2 chronological census,V12-ABMX-0235,Product literature,ACS Z Rims guarantee campaign,1983,1983,July 1983,ACS; Gecko Leisure Products,Product advertisement emphasizing Zytel construction and the manufacturer's rim-breakage guarantee.,United Kingdom,Not applicable — period publication,,Chronological issue pass,PreviousPage exposes indexed text for BMX Action Bike — July 1983 — Volume 2 Number 9. This record preserves an issue-specific source occurrence and paraphrased factual details. Page-image comparison remains required before exact-layout quotation or visual identity merging.,HIGH,INDEX-ONLY,INCLUDED — indexed issue text; visual comparison pending.,https://previouspage.co.uk/magazines/BMX%20Action%20Bike/issues/62-july-nineteen-eighty-three,,acs z rims guarantee campaign july 1983,,REVIEW — recurring campaign/feature candidate; retain separately pending page-image comparison,Indexed page 2. Image: do not reproduce scan. Text: paraphrase facts and clearly paired prices only.,2026-08-01,PKR-CAT-001,Catalogs and product literature
EPH-0297,v1.2 chronological census,V12-ABMX-0236,Retailer advertisement / price list,Just BMX opening offer and complete stock advertisement,1983,1983,July 1983,Just BMX; Tange; Pro-Star; Skyway; Haro; Raleigh,"Dealer opening promotion combining a free stereo incentive with complete-bike, frame, fork, and wheel prices.",United Kingdom,Not applicable — period publication,,Chronological issue pass,PreviousPage exposes indexed text for BMX Action Bike — July 1983 — Volume 2 Number 9. This record preserves an issue-specific source occurrence and paraphrased factual details. Page-image comparison remains required before exact-layout quotation or visual identity merging.,HIGH,INDEX-ONLY,INCLUDED — indexed issue text; visual comparison pending.,https://previouspage.co.uk/magazines/BMX%20Action%20Bike/issues/62-july-nineteen-eighty-three,,just bmx opening offer and complete stock advertisement july 1983,,RETAIN — issue-specific occurrence pending visual comparison,Indexed page 4. Image: do not reproduce scan. Text: paraphrase facts and clearly paired prices only.,2026-08-01,PKR-CAT-002,Advertisements and price lists
EPH-0298,v1.2 chronological census,V12-ABMX-0237,Product literature,Reynolds 531 and 501 BMX frame-tubing advertisement,1983,1983,July 1983,Reynolds,Technical product advertisement comparing 531 manganese-molybdenum and 501 chromalloy BMX tubing systems.,United Kingdom,Not applicable — period publication,,Chronological issue pass,PreviousPage exposes indexed text for BMX Action Bike — July 1983 — Volume 2 Number 9. This record preserves an issue-specific source occurrence and paraphrased factual details. Page-image comparison remains required before exact-layout quotation or visual identity merging.,HIGH,INDEX-ONLY,INCLUDED — indexed issue text; visual comparison pending.,https://previouspage.co.uk/magazines/BMX%20Action%20Bike/issues/62-july-nineteen-eighty-three,,reynolds 531 and 501 bmx frame tubing advertisement july 1983,,RETAIN — issue-specific occurrence pending visual comparison,Indexed page 5. Image: do not reproduce scan. Text: paraphrase facts and clearly paired prices only.,2026-08-01,PKR-CAT-001,Catalogs and product literature
EPH-0299,v1.2 chronological census,V12-ABMX-0238,Archive collection,Yes Products Words contest results and BMX Record newsletter notice,1983,1983,July 1983,BMX Action Bike; Yes Products; BMX Record,Contest-results and community-publication notice documenting reader participation and a regional BMX newsletter.,United Kingdom,Not applicable — period publication,,Chronological issue pass,PreviousPage exposes indexed text for BMX Action Bike — July 1983 — Volume 2 Number 9. This record preserves an issue-specific source occurrence and paraphrased factual details. Page-image comparison remains required before exact-layout quotation or visual identity merging.,HIGH,INDEX-ONLY,INCLUDED — indexed issue text; visual comparison pending.,https://previouspage.co.uk/magazines/BMX%20Action%20Bike/issues/62-july-nineteen-eighty-three,,yes products words contest results and bmx record newsletter notice july 1983,,RETAIN — issue-specific occurrence pending visual comparison,Indexed page 6. Image: do not reproduce scan. Text: paraphrase facts and clearly paired prices only.,2026-08-01,PKR-CAT-009,Editorial tests and historical documentation
EPH-0300,v1.2 chronological census,V12-ABMX-0239,Retailer advertisement / price list,"SR Cycles Diamond Back, Mongoose, and wheel price advertisement",1983,1983,July 1983,SR Cycles; Diamond Back; Mongoose; Skyway; ACS; Araya,Dealer price advertisement for complete bicycles and wheel products with postage amounts.,United Kingdom,Not applicable — period publication,,Chronological issue pass,PreviousPage exposes indexed text for BMX Action Bike — July 1983 — Volume 2 Number 9. This record preserves an issue-specific source occurrence and paraphrased factual details. Page-image comparison remains required before exact-layout quotation or visual identity merging.,HIGH,INDEX-ONLY,INCLUDED — indexed issue text; visual comparison pending.,https://previouspage.co.uk/magazines/BMX%20Action%20Bike/issues/62-july-nineteen-eighty-three,,sr cycles diamond back mongoose and wheel price advertisement july 1983,,RETAIN — issue-specific occurrence pending visual comparison,Indexed page 6. Image: do not reproduce scan. Text: paraphrase facts and clearly paired prices only.,2026-08-01,PKR-CAT-002,Advertisements and price lists
EPH-0301,v1.2 chronological census,V12-ABMX-0240,Product announcement / kit,Firebird Delta II frame advertisement,1983,1983,July 1983,DP Racing; Firebird; Reynolds,"Full-page Delta II product campaign describing tri-twin design, tubing, manufacturing, and price.",United Kingdom,Not applicable — period publication,,Chronological issue pass,PreviousPage exposes indexed text for BMX Action Bike — July 1983 — Volume 2 Number 9. This record preserves an issue-specific source occurrence and paraphrased factual details. Page-image comparison remains required before exact-layout quotation or visual identity merging.,HIGH,INDEX-ONLY,INCLUDED — indexed issue text; visual comparison pending.,https://previouspage.co.uk/magazines/BMX%20Action%20Bike/issues/62-july-nineteen-eighty-three,,firebird delta ii frame advertisement july 1983,,REVIEW — recurring campaign/feature candidate; retain separately pending page-image comparison,Indexed page 7. Image: do not reproduce scan. Text: paraphrase facts and clearly paired prices only.,2026-08-01,PKR-CAT-008,Product announcements and technical material
EPH-0302,v1.2 chronological census,V12-ABMX-0241,Contest entry form / promotion,Halfords Turbo 20X colouring competition and T-shirt promotion,1983,1983,July 1983,Halfords,"In-store colouring competition awarding Turbo bicycles and jerseys, paired with a free T-shirt sales promotion.",United Kingdom,Not applicable — period publication,,Chronological issue pass,PreviousPage exposes indexed text for BMX Action Bike — July 1983 — Volume 2 Number 9. This record preserves an issue-specific source occurrence and paraphrased factual details. Page-image comparison remains required before exact-layout quotation or visual identity merging.,HIGH,INDEX-ONLY,INCLUDED — indexed issue text; visual comparison pending.,https://previouspage.co.uk/magazines/BMX%20Action%20Bike/issues/62-july-nineteen-eighty-three,,halfords turbo 20x colouring competition and t shirt promotion july 1983,,RETAIN — issue-specific occurrence pending visual comparison,Indexed page 12. Image: do not reproduce scan. Text: paraphrase facts and clearly paired prices only.,2026-08-01,PKR-CAT-004,Contests and promotions
EPH-0303,v1.2 chronological census,V12-ABMX-0242,Archive collection,Wimborne BMX track-focus guide,1983,1983,July 1983,Wimborne BMX; BMX Action Bike,"Detailed track guide covering the start, obstacle sequence, berm lines, tabletop, bombhole, doubles, and race strategy.",United Kingdom,Not applicable — period publication,,Chronological issue pass,PreviousPage exposes indexed text for BMX Action Bike — July 1983 — Volume 2 Number 9. This record preserves an issue-specific source occurrence and paraphrased factual details. Page-image comparison remains required before exact-layout quotation or visual identity merging.,HIGH,INDEX-ONLY,INCLUDED — indexed issue text; visual comparison pending.,https://previouspage.co.uk/magazines/BMX%20Action%20Bike/issues/62-july-nineteen-eighty-three,,wimborne bmx track focus guide july 1983,,RETAIN — issue-specific occurrence pending visual comparison,Indexed pages 14–17. Image: do not reproduce scan. Text: paraphrase facts and clearly paired prices only.,2026-08-01,PKR-CAT-009,Editorial tests and historical documentation
EPH-0304,v1.2 chronological census,V12-ABMX-0243,Magazine advertisement,Huffy Pro Lightning brand advertisement,1983,1983,July 1983,Huffy; C. W. Toys,Period brand advertisement for the Huffy Pro Lightning and its UK cycle-trade distribution.,United Kingdom,Not applicable — period publication,,Chronological issue pass,PreviousPage exposes indexed text for BMX Action Bike — July 1983 — Volume 2 Number 9. This record preserves an issue-specific source occurrence and paraphrased factual details. Page-image comparison remains required before exact-layout quotation or visual identity merging.,HIGH,INDEX-ONLY,INCLUDED — indexed issue text; visual comparison pending.,https://previouspage.co.uk/magazines/BMX%20Action%20Bike/issues/62-july-nineteen-eighty-three,,huffy pro lightning brand advertisement july 1983,,RETAIN — issue-specific occurrence pending visual comparison,Indexed page 18. Image: do not reproduce scan. Text: paraphrase facts and clearly paired prices only.,2026-08-01,PKR-CAT-002,Advertisements and price lists
EPH-0305,v1.2 chronological census,V12-ABMX-0244,Event notice / contact flyer,July 1983 BMX race and exhibition calendar,1983,1983,July 1983,BMX Action Bike; UKBMX; NBMXA; regional organizers,"Month-ahead calendar documenting national, regional, club, open, evening, freestyle, and exhibition events.",United Kingdom,Not applicable — period publication,,Chronological issue pass,PreviousPage exposes indexed text for BMX Action Bike — July 1983 — Volume 2 Number 9. This record preserves an issue-specific source occurrence and paraphrased factual details. Page-image comparison remains required before exact-layout quotation or visual identity merging.,HIGH,INDEX-ONLY,INCLUDED — indexed issue text; visual comparison pending.,https://previouspage.co.uk/magazines/BMX%20Action%20Bike/issues/62-july-nineteen-eighty-three,,july 1983 bmx race and exhibition calendar july 1983,,RETAIN — issue-specific occurrence pending visual comparison,Indexed pages 19–21. Image: do not reproduce scan. Text: paraphrase facts and clearly paired prices only.,2026-08-01,PKR-CAT-005,"Events, registration, and membership"
EPH-0306,v1.2 chronological census,V12-ABMX-0245,Dealer/shop advertisement,Bunney’s Bikes Nottingham stock and finance advertisement,1983,1983,July 1983,Bunney’s Bikes; GT; Redline; Kuwahara; Diamond Back; Raleigh,"Dealer advertisement for complete bikes, frames, parts, clothing, finance, and a sponsored open meeting.",United Kingdom,Not applicable — period publication,,Chronological issue pass,PreviousPage exposes indexed text for BMX Action Bike — July 1983 — Volume 2 Number 9. This record preserves an issue-specific source occurrence and paraphrased factual details. Page-image comparison remains required before exact-layout quotation or visual identity merging.,HIGH,INDEX-ONLY,INCLUDED — indexed issue text; visual comparison pending.,https://previouspage.co.uk/magazines/BMX%20Action%20Bike/issues/62-july-nineteen-eighty-three,,bunney s bikes nottingham stock and finance advertisement july 1983,,RETAIN — issue-specific occurrence pending visual comparison,Indexed pages 19–21. Image: do not reproduce scan. Text: paraphrase facts and clearly paired prices only.,2026-08-01,PKR-CAT-007,Dealers and distributors
EPH-0307,v1.2 chronological census,V12-ABMX-0246,Product literature,Kryptonite Megalock BMX security advertisement,1983,1983,July 1983,Kryptonite; Ron Kitching,Product advertisement for a BMX-specific lock with vinyl coating and a limited theft guarantee.,United Kingdom,Not applicable — period publication,,Chronological issue pass,PreviousPage exposes indexed text for BMX Action Bike — July 1983 — Volume 2 Number 9. This record preserves an issue-specific source occurrence and paraphrased factual details. Page-image comparison remains required before exact-layout quotation or visual identity merging.,HIGH,INDEX-ONLY,INCLUDED — indexed issue text; visual comparison pending.,https://previouspage.co.uk/magazines/BMX%20Action%20Bike/issues/62-july-nineteen-eighty-three,,kryptonite megalock bmx security advertisement july 1983,,RETAIN — issue-specific occurrence pending visual comparison,Indexed page 22. Image: do not reproduce scan. Text: paraphrase facts and clearly paired prices only.,2026-08-01,PKR-CAT-001,Catalogs and product literature
EPH-0308,v1.2 chronological census,V12-ABMX-0247,Catalog mailer,Robinson 1983 frameset catalog and sticker offer,1983,1983,July 1983,Robinson; Alans BMX Distributors,"Catalog-and-sticker mailer supporting Pro, Expert, Mini, and 24-inch Robinson framesets.",United Kingdom,Not applicable — period publication,,Chronological issue pass,PreviousPage exposes indexed text for BMX Action Bike — July 1983 — Volume 2 Number 9. This record preserves an issue-specific source occurrence and paraphrased factual details. Page-image comparison remains required before exact-layout quotation or visual identity merging.,HIGH,INDEX-ONLY,INCLUDED — indexed issue text; visual comparison pending.,https://previouspage.co.uk/magazines/BMX%20Action%20Bike/issues/62-july-nineteen-eighty-three,,robinson 1983 frameset catalog and sticker offer july 1983,,RETAIN — issue-specific occurrence pending visual comparison,Indexed page 22. Image: do not reproduce scan. Text: paraphrase facts and clearly paired prices only.,2026-08-01,PKR-CAT-003,"Mailers, stickers, and information packs"
EPH-0309,v1.2 chronological census,V12-ABMX-0248,Product literature,Clark’s Power-Glide BMX brake-cable advertisement,1983,1983,July 1983,S. J. Clark Cables,Technical product advertisement for Teflon-coated inner wire and nylon-lined BMX brake cable.,United Kingdom,Not applicable — period publication,,Chronological issue pass,PreviousPage exposes indexed text for BMX Action Bike — July 1983 — Volume 2 Number 9. This record preserves an issue-specific source occurrence and paraphrased factual details. Page-image comparison remains required before exact-layout quotation or visual identity merging.,HIGH,INDEX-ONLY,INCLUDED — indexed issue text; visual comparison pending.,https://previouspage.co.uk/magazines/BMX%20Action%20Bike/issues/62-july-nineteen-eighty-three,,clark s power glide bmx brake cable advertisement july 1983,,RETAIN — issue-specific occurrence pending visual comparison,Indexed page 22. Image: do not reproduce scan. Text: paraphrase facts and clearly paired prices only.,2026-08-01,PKR-CAT-001,Catalogs and product literature
EPH-0310,v1.2 chronological census,V12-ABMX-0249,Archive collection,NBMXA Derby stadium national race report,1983,1983,July 1983,NBMXA; Derby BMX; BMX Action Bike,"Historical race report covering the new sanction, 420-rider turnout, factory participation, track, and competition.",United Kingdom,Not applicable — period publication,,Chronological issue pass,PreviousPage exposes indexed text for BMX Action Bike — July 1983 — Volume 2 Number 9. This record preserves an issue-specific source occurrence and paraphrased factual details. Page-image comparison remains required before exact-layout quotation or visual identity merging.,HIGH,INDEX-ONLY,INCLUDED — indexed issue text; visual comparison pending.,https://previouspage.co.uk/magazines/BMX%20Action%20Bike/issues/62-july-nineteen-eighty-three,,nbmxa derby stadium national race report july 1983,,RETAIN — issue-specific occurrence pending visual comparison,Indexed pages 23–26. Image: do not reproduce scan. Text: paraphrase facts and clearly paired prices only.,2026-08-01,PKR-CAT-009,Editorial tests and historical documentation
EPH-0311,v1.2 chronological census,V12-ABMX-0250,Dealer advertisement / price-list lead,ABMX Sales and Swaps coupon,1983,1983,July 1983,BMX Action Bike; UKBMX Publications,Free private classified-sales service with submission rules and a printed coupon.,United Kingdom,Not applicable — period publication,,Chronological issue pass,PreviousPage exposes indexed text for BMX Action Bike — July 1983 — Volume 2 Number 9. This record preserves an issue-specific source occurrence and paraphrased factual details. Page-image comparison remains required before exact-layout quotation or visual identity merging.,HIGH,INDEX-ONLY,INCLUDED — indexed issue text; visual comparison pending.,https://previouspage.co.uk/magazines/BMX%20Action%20Bike/issues/62-july-nineteen-eighty-three,,abmx sales and swaps coupon july 1983,,REVIEW — recurring campaign/feature candidate; retain separately pending page-image comparison,Indexed page 27. Image: do not reproduce scan. Text: paraphrase facts and clearly paired prices only.,2026-08-01,PKR-CAT-007,Dealers and distributors
EPH-0312,v1.2 chronological census,V12-ABMX-0251,Contest entry form / promotion,Bob Haro gear caption competition,1983,1983,July 1983,BMX Action Bike; Bob Haro; Haro Designs,Reader caption competition awarding a current Haro racewear set.,United Kingdom,Not applicable — period publication,,Chronological issue pass,PreviousPage exposes indexed text for BMX Action Bike — July 1983 — Volume 2 Number 9. This record preserves an issue-specific source occurrence and paraphrased factual details. Page-image comparison remains required before exact-layout quotation or visual identity merging.,HIGH,INDEX-ONLY,INCLUDED — indexed issue text; visual comparison pending.,https://previouspage.co.uk/magazines/BMX%20Action%20Bike/issues/62-july-nineteen-eighty-three,,bob haro gear caption competition july 1983,,RETAIN — issue-specific occurrence pending visual comparison,Indexed page 28. Image: do not reproduce scan. Text: paraphrase facts and clearly paired prices only.,2026-08-01,PKR-CAT-004,Contests and promotions
EPH-0313,v1.2 chronological census,V12-ABMX-0252,Product announcement / kit,Sharp Racing Products bottom-bracket boot advertisement,1983,1983,July 1983,Sharp Racing Products,Product advertisement for a color-matched bearing protector intended to reduce bottom-bracket wear.,United Kingdom,Not applicable — period publication,,Chronological issue pass,PreviousPage exposes indexed text for BMX Action Bike — July 1983 — Volume 2 Number 9. This record preserves an issue-specific source occurrence and paraphrased factual details. Page-image comparison remains required before exact-layout quotation or visual identity merging.,HIGH,INDEX-ONLY,INCLUDED — indexed issue text; visual comparison pending.,https://previouspage.co.uk/magazines/BMX%20Action%20Bike/issues/62-july-nineteen-eighty-three,,sharp racing products bottom bracket boot advertisement july 1983,,REVIEW — recurring campaign/feature candidate; retain separately pending page-image comparison,Indexed page 28. Image: do not reproduce scan. Text: paraphrase facts and clearly paired prices only.,2026-08-01,PKR-CAT-008,Product announcements and technical material
EPH-0314,v1.2 chronological census,V12-ABMX-0253,Retailer advertisement / price list,Supertune BMX comprehensive July mail-order price list,1983,1983,July 1983,Supertune BMX Racing; GT; Diamond Back; Robinson; Suntour; Oakley,"Large mail-order list covering frames, forks, controls, cranks, wheels, tyres, seats, plates, clothing, and protection.",United Kingdom,Not applicable — period publication,,Chronological issue pass,PreviousPage exposes indexed text for BMX Action Bike — July 1983 — Volume 2 Number 9. This record preserves an issue-specific source occurrence and paraphrased factual details. Page-image comparison remains required before exact-layout quotation or visual identity merging.,HIGH,INDEX-ONLY,INCLUDED — indexed issue text; visual comparison pending.,https://previouspage.co.uk/magazines/BMX%20Action%20Bike/issues/62-july-nineteen-eighty-three,,supertune bmx comprehensive july mail order price list july 1983,,REVIEW — recurring campaign/feature candidate; retain separately pending page-image comparison,Indexed page 29. Image: do not reproduce scan. Text: paraphrase facts and clearly paired prices only.,2026-08-01,PKR-CAT-002,Advertisements and price lists
EPH-0315,v1.2 chronological census,V12-ABMX-0254,Information-pack mailer,"GT Greg Hill poster, stickers, and price-list mailer",1983,1983,July 1983,GT; Greg Hill; GB GT,"Mail-in promotional offer for a Greg Hill color poster, stickers, and GT price list.",United Kingdom,Not applicable — period publication,,Chronological issue pass,PreviousPage exposes indexed text for BMX Action Bike — July 1983 — Volume 2 Number 9. This record preserves an issue-specific source occurrence and paraphrased factual details. Page-image comparison remains required before exact-layout quotation or visual identity merging.,HIGH,INDEX-ONLY,INCLUDED — indexed issue text; visual comparison pending.,https://previouspage.co.uk/magazines/BMX%20Action%20Bike/issues/62-july-nineteen-eighty-three,,gt greg hill poster stickers and price list mailer july 1983,,REVIEW — recurring campaign/feature candidate; retain separately pending page-image comparison,Indexed page 29. Image: do not reproduce scan. Text: paraphrase facts and clearly paired prices only.,2026-08-01,PKR-CAT-003,"Mailers, stickers, and information packs"
EPH-0316,v1.2 chronological census,V12-ABMX-0255,Information-pack mailer,Yamaha Racers free colour-brochure offer,1983,1983,July 1983,Yamaha; Amoco Leisure,Stamped-envelope offer for a free Yamaha BMX racing brochure.,United Kingdom,Not applicable — period publication,,Chronological issue pass,PreviousPage exposes indexed text for BMX Action Bike — July 1983 — Volume 2 Number 9. This record preserves an issue-specific source occurrence and paraphrased factual details. Page-image comparison remains required before exact-layout quotation or visual identity merging.,HIGH,INDEX-ONLY,INCLUDED — indexed issue text; visual comparison pending.,https://previouspage.co.uk/magazines/BMX%20Action%20Bike/issues/62-july-nineteen-eighty-three,,yamaha racers free colour brochure offer july 1983,,REVIEW — recurring campaign/feature candidate; retain separately pending page-image comparison,Indexed page 30. Image: do not reproduce scan. Text: paraphrase facts and clearly paired prices only.,2026-08-01,PKR-CAT-003,"Mailers, stickers, and information packs"
EPH-0317,v1.2 chronological census,V12-ABMX-0256,Product-history object,Raleigh Aero Pro Burner editorial test,1983,1983,July 1983,Raleigh; Tange; BMX Action Bike,"Editorial test documenting the Aero Pro Burner frame, components, geometry, ride behavior, and model context.",United Kingdom,Not applicable — period publication,,Chronological issue pass,PreviousPage exposes indexed text for BMX Action Bike — July 1983 — Volume 2 Number 9. This record preserves an issue-specific source occurrence and paraphrased factual details. Page-image comparison remains required before exact-layout quotation or visual identity merging.,HIGH,INDEX-ONLY,INCLUDED — indexed issue text; visual comparison pending.,https://previouspage.co.uk/magazines/BMX%20Action%20Bike/issues/62-july-nineteen-eighty-three,,raleigh aero pro burner editorial test july 1983,,RETAIN — issue-specific occurrence pending visual comparison,Indexed pages 31–35. Image: do not reproduce scan. Text: paraphrase facts and clearly paired prices only.,2026-08-01,PKR-CAT-009,Editorial tests and historical documentation
EPH-0318,v1.2 chronological census,V12-ABMX-0257,Product literature,Grease Monkey wheel-maintenance guide,1983,1983,July 1983,BMX Action Bike; Geoff Barraclough,"Technical guide covering punctures, tyre seating, hub adjustment, bearings, spokes, and wheel truing.",United Kingdom,Not applicable — period publication,,Chronological issue pass,PreviousPage exposes indexed text for BMX Action Bike — July 1983 — Volume 2 Number 9. This record preserves an issue-specific source occurrence and paraphrased factual details. Page-image comparison remains required before exact-layout quotation or visual identity merging.,HIGH,INDEX-ONLY,INCLUDED — indexed issue text; visual comparison pending.,https://previouspage.co.uk/magazines/BMX%20Action%20Bike/issues/62-july-nineteen-eighty-three,,grease monkey wheel maintenance guide july 1983,,RETAIN — issue-specific occurrence pending visual comparison,Indexed pages 36–37. Image: do not reproduce scan. Text: paraphrase facts and clearly paired prices only.,2026-08-01,PKR-CAT-001,Catalogs and product literature
EPH-0319,v1.2 chronological census,V12-ABMX-0258,Archive collection,NBMXA affiliated-club directory,1983,1983,July 1983,NBMXA,Association directory listing affiliated clubs and explaining how additional clubs could join.,United Kingdom,Not applicable — period publication,,Chronological issue pass,PreviousPage exposes indexed text for BMX Action Bike — July 1983 — Volume 2 Number 9. This record preserves an issue-specific source occurrence and paraphrased factual details. Page-image comparison remains required before exact-layout quotation or visual identity merging.,HIGH,INDEX-ONLY,INCLUDED — indexed issue text; visual comparison pending.,https://previouspage.co.uk/magazines/BMX%20Action%20Bike/issues/62-july-nineteen-eighty-three,,nbmxa affiliated club directory july 1983,,RETAIN — issue-specific occurrence pending visual comparison,Indexed pages 43–44. Image: do not reproduce scan. Text: paraphrase facts and clearly paired prices only.,2026-08-01,PKR-CAT-009,Editorial tests and historical documentation
EPH-0320,v1.2 chronological census,V12-ABMX-0259,Catalog mailer,NBMXA rulebook and membership offer,1983,1983,July 1983,NBMXA,"Mail-order rulebook offer describing race procedures, track dimensions, scrutineering, and club information.",United Kingdom,Not applicable — period publication,,Chronological issue pass,PreviousPage exposes indexed text for BMX Action Bike — July 1983 — Volume 2 Number 9. This record preserves an issue-specific source occurrence and paraphrased factual details. Page-image comparison remains required before exact-layout quotation or visual identity merging.,HIGH,INDEX-ONLY,INCLUDED — indexed issue text; visual comparison pending.,https://previouspage.co.uk/magazines/BMX%20Action%20Bike/issues/62-july-nineteen-eighty-three,,nbmxa rulebook and membership offer july 1983,,REVIEW — recurring campaign/feature candidate; retain separately pending page-image comparison,Indexed page 44. Image: do not reproduce scan. Text: paraphrase facts and clearly paired prices only.,2026-08-01,PKR-CAT-003,"Mailers, stickers, and information packs"
EPH-0321,v1.2 chronological census,V12-ABMX-0260,Retailer advertisement / price list,"Surrey BMX complete-bike, frameset, wheel, and apparel price list",1983,1983,July 1983,Surrey BMX; Kuwahara; GT; Redline; Haro; Skyway; Hutch,"Dealer price list covering complete bikes, frame-and-fork sets, wheels, components, Vans, and apparel.",United Kingdom,Not applicable — period publication,,Chronological issue pass,PreviousPage exposes indexed text for BMX Action Bike — July 1983 — Volume 2 Number 9. This record preserves an issue-specific source occurrence and paraphrased factual details. Page-image comparison remains required before exact-layout quotation or visual identity merging.,HIGH,INDEX-ONLY,INCLUDED — indexed issue text; visual comparison pending.,https://previouspage.co.uk/magazines/BMX%20Action%20Bike/issues/62-july-nineteen-eighty-three,,surrey bmx complete bike frameset wheel and apparel price list july 1983,,RETAIN — issue-specific occurrence pending visual comparison,Indexed page 44. Image: do not reproduce scan. Text: paraphrase facts and clearly paired prices only.,2026-08-01,PKR-CAT-002,Advertisements and price lists
EPH-0322,v1.2 chronological census,V12-ABMX-0261,Archive collection,Pete Middleton Weekend Warrior rider profile,1983,1983,July 1983,Pete Middleton; Mongoose; BMX Action Bike,"Career and training profile covering Ace, Mongoose, work constraints, rivalry, team responsibility, and racing philosophy.",United Kingdom,Not applicable — period publication,,Chronological issue pass,PreviousPage exposes indexed text for BMX Action Bike — July 1983 — Volume 2 Number 9. This record preserves an issue-specific source occurrence and paraphrased factual details. Page-image comparison remains required before exact-layout quotation or visual identity merging.,HIGH,INDEX-ONLY,INCLUDED — indexed issue text; visual comparison pending.,https://previouspage.co.uk/magazines/BMX%20Action%20Bike/issues/62-july-nineteen-eighty-three,,pete middleton weekend warrior rider profile july 1983,,RETAIN — issue-specific occurrence pending visual comparison,Indexed pages 45–49. Image: do not reproduce scan. Text: paraphrase facts and clearly paired prices only.,2026-08-01,PKR-CAT-009,Editorial tests and historical documentation
EPH-0323,v1.2 chronological census,V12-ABMX-0262,Product literature,"Rapido Gold Duster, Black Shadow, and Gladiator advertisement",1983,1983,July 1983,Rapido; Clarkmoor,Brand advertisement promoting three Rapido frame and product models through futuristic construction language.,United Kingdom,Not applicable — period publication,,Chronological issue pass,PreviousPage exposes indexed text for BMX Action Bike — July 1983 — Volume 2 Number 9. This record preserves an issue-specific source occurrence and paraphrased factual details. Page-image comparison remains required before exact-layout quotation or visual identity merging.,HIGH,INDEX-ONLY,INCLUDED — indexed issue text; visual comparison pending.,https://previouspage.co.uk/magazines/BMX%20Action%20Bike/issues/62-july-nineteen-eighty-three,,rapido gold duster black shadow and gladiator advertisement july 1983,,REVIEW — recurring campaign/feature candidate; retain separately pending page-image comparison,Indexed page 50. Image: do not reproduce scan. Text: paraphrase facts and clearly paired prices only.,2026-08-01,PKR-CAT-001,Catalogs and product literature
EPH-0324,v1.2 chronological census,V12-ABMX-0263,Product literature,Haro and Ron Wilton front-wheel-hop instructional feature,1983,1983,July 1983,Bob Haro; Ron Wilton; BMX Action Bike,"Freestyle lesson explaining approach, endo position, lift, repeated hops, landing, and rider context.",United Kingdom,Not applicable — period publication,,Chronological issue pass,PreviousPage exposes indexed text for BMX Action Bike — July 1983 — Volume 2 Number 9. This record preserves an issue-specific source occurrence and paraphrased factual details. Page-image comparison remains required before exact-layout quotation or visual identity merging.,HIGH,INDEX-ONLY,INCLUDED — indexed issue text; visual comparison pending.,https://previouspage.co.uk/magazines/BMX%20Action%20Bike/issues/62-july-nineteen-eighty-three,,haro and ron wilton front wheel hop instructional feature july 1983,,RETAIN — issue-specific occurrence pending visual comparison,Indexed pages 51–53. Image: do not reproduce scan. Text: paraphrase facts and clearly paired prices only.,2026-08-01,PKR-CAT-001,Catalogs and product literature
EPH-0325,v1.2 chronological census,V12-ABMX-0264,Product announcement / kit,"Hotshot new-products panel: Mushroom grips, Eliminator II helmet, and Johar lever cover",1983,1983,July 1983,Hotshot BMX Racing; Mushroom; Pro-Tec; Johar,"New-products panel introducing grips, a full-face helmet, and a protective brake-lever cover.",United Kingdom,Not applicable — period publication,,Chronological issue pass,PreviousPage exposes indexed text for BMX Action Bike — July 1983 — Volume 2 Number 9. This record preserves an issue-specific source occurrence and paraphrased factual details. Page-image comparison remains required before exact-layout quotation or visual identity merging.,HIGH,INDEX-ONLY,INCLUDED — indexed issue text; visual comparison pending.,https://previouspage.co.uk/magazines/BMX%20Action%20Bike/issues/62-july-nineteen-eighty-three,,hotshot new products panel mushroom grips eliminator ii helmet and johar lever cover july 1983,,RETAIN — issue-specific occurrence pending visual comparison,Indexed page 51. Image: do not reproduce scan. Text: paraphrase facts and clearly paired prices only.,2026-08-01,PKR-CAT-008,Product announcements and technical material
EPH-0326,v1.2 chronological census,V12-ABMX-0265,Information-pack mailer,Shiner trade decal and sales-sheet offer,1983,1983,July 1983,Shiner; SE Racing; Panda,Trade-only distributor advertisement with stamped-envelope offer for a decal and sales sheet.,United Kingdom,Not applicable — period publication,,Chronological issue pass,PreviousPage exposes indexed text for BMX Action Bike — July 1983 — Volume 2 Number 9. This record preserves an issue-specific source occurrence and paraphrased factual details. Page-image comparison remains required before exact-layout quotation or visual identity merging.,HIGH,INDEX-ONLY,INCLUDED — indexed issue text; visual comparison pending.,https://previouspage.co.uk/magazines/BMX%20Action%20Bike/issues/62-july-nineteen-eighty-three,,shiner trade decal and sales sheet offer july 1983,,REVIEW — recurring campaign/feature candidate; retain separately pending page-image comparison,Indexed page 52. Image: do not reproduce scan. Text: paraphrase facts and clearly paired prices only.,2026-08-01,PKR-CAT-003,"Mailers, stickers, and information packs"
EPH-0327,v1.2 chronological census,V12-ABMX-0266,Retailer advertisement / price list,Sales Cycles Warehouse complete-bike and frameset price advertisement,1983,1983,July 1983,Sales Cycles Warehouse; Kuwahara; Yamaha; Silverfox; Raleigh; Diamond Back,"Multi-brand mail-order advertisement for complete bikes, framesets, wheels, brakes, and components.",United Kingdom,Not applicable — period publication,,Chronological issue pass,PreviousPage exposes indexed text for BMX Action Bike — July 1983 — Volume 2 Number 9. This record preserves an issue-specific source occurrence and paraphrased factual details. Page-image comparison remains required before exact-layout quotation or visual identity merging.,HIGH,INDEX-ONLY,INCLUDED — indexed issue text; visual comparison pending.,https://previouspage.co.uk/magazines/BMX%20Action%20Bike/issues/62-july-nineteen-eighty-three,,sales cycles warehouse complete bike and frameset price advertisement july 1983,,REVIEW — recurring campaign/feature candidate; retain separately pending page-image comparison,Indexed page 53. Image: do not reproduce scan. Text: paraphrase facts and clearly paired prices only.,2026-08-01,PKR-CAT-002,Advertisements and price lists
EPH-0328,v1.2 chronological census,V12-ABMX-0267,Contest entry form / promotion,Huffy Pro-Lightning power-crazy reader giveaway,1983,1983,July 1983,BMX Action Bike; Huffy,Reader competition awarding the previously tested Huffy Pro-Lightning.,United Kingdom,Not applicable — period publication,,Chronological issue pass,PreviousPage exposes indexed text for BMX Action Bike — July 1983 — Volume 2 Number 9. This record preserves an issue-specific source occurrence and paraphrased factual details. Page-image comparison remains required before exact-layout quotation or visual identity merging.,HIGH,INDEX-ONLY,INCLUDED — indexed issue text; visual comparison pending.,https://previouspage.co.uk/magazines/BMX%20Action%20Bike/issues/62-july-nineteen-eighty-three,,huffy pro lightning power crazy reader giveaway july 1983,,RETAIN — issue-specific occurrence pending visual comparison,Indexed pages 54–55. Image: do not reproduce scan. Text: paraphrase facts and clearly paired prices only.,2026-08-01,PKR-CAT-004,Contests and promotions
EPH-0329,v1.2 chronological census,V12-ABMX-0268,Retailer advertisement / price list,Team Henderson July mail-order price list,1983,1983,July 1983,Team Henderson; Tange; Suntour; CW; Oakley; MKS,"Mail-order list for forks, stems, headsets, bars, grips, pedals, chains, seats, plates, books, and protective gear.",United Kingdom,Not applicable — period publication,,Chronological issue pass,PreviousPage exposes indexed text for BMX Action Bike — July 1983 — Volume 2 Number 9. This record preserves an issue-specific source occurrence and paraphrased factual details. Page-image comparison remains required before exact-layout quotation or visual identity merging.,HIGH,INDEX-ONLY,INCLUDED — indexed issue text; visual comparison pending.,https://previouspage.co.uk/magazines/BMX%20Action%20Bike/issues/62-july-nineteen-eighty-three,,team henderson july mail order price list july 1983,,REVIEW — recurring campaign/feature candidate; retain separately pending page-image comparison,Indexed page 54. Image: do not reproduce scan. Text: paraphrase facts and clearly paired prices only.,2026-08-01,PKR-CAT-002,Advertisements and price lists
EPH-0330,v1.2 chronological census,V12-ABMX-0269,Product literature,Hwa Fong BMX tyre-range advertisement,1983,1983,July 1983,Hwa Fong; Landar Components,Product advertisement for colored 1.75- and 2.125-inch BMX tyres with dirt-oriented tread positioning.,United Kingdom,Not applicable — period publication,,Chronological issue pass,PreviousPage exposes indexed text for BMX Action Bike — July 1983 — Volume 2 Number 9. This record preserves an issue-specific source occurrence and paraphrased factual details. Page-image comparison remains required before exact-layout quotation or visual identity merging.,HIGH,INDEX-ONLY,INCLUDED — indexed issue text; visual comparison pending.,https://previouspage.co.uk/magazines/BMX%20Action%20Bike/issues/62-july-nineteen-eighty-three,,hwa fong bmx tyre range advertisement july 1983,,RETAIN — issue-specific occurrence pending visual comparison,Indexed page 55. Image: do not reproduce scan. Text: paraphrase facts and clearly paired prices only.,2026-08-01,PKR-CAT-001,Catalogs and product literature
EPH-0331,v1.2 chronological census,V12-ABMX-0270,Product literature,Shimano DX platform-pedal technical advertisement,1983,1983,July 1983,Shimano; Middlemores,"Technical advertisement explaining the DX pedal’s stud pattern, concave platform, and parallelogram profile.",United Kingdom,Not applicable — period publication,,Chronological issue pass,PreviousPage exposes indexed text for BMX Action Bike — July 1983 — Volume 2 Number 9. This record preserves an issue-specific source occurrence and paraphrased factual details. Page-image comparison remains required before exact-layout quotation or visual identity merging.,HIGH,INDEX-ONLY,INCLUDED — indexed issue text; visual comparison pending.,https://previouspage.co.uk/magazines/BMX%20Action%20Bike/issues/62-july-nineteen-eighty-three,,shimano dx platform pedal technical advertisement july 1983,,RETAIN — issue-specific occurrence pending visual comparison,Indexed page 57. Image: do not reproduce scan. Text: paraphrase facts and clearly paired prices only.,2026-08-01,PKR-CAT-001,Catalogs and product literature
EPH-0332,v1.2 chronological census,V12-ABMX-0271,Magazine advertisement,Ammaco Mongoose Supergoose III advertisement,1983,1983,July 1983,Ammaco; Mongoose,Period complete-bike brand advertisement for the Supergoose III.,United Kingdom,Not applicable — period publication,,Chronological issue pass,PreviousPage exposes indexed text for BMX Action Bike — July 1983 — Volume 2 Number 9. This record preserves an issue-specific source occurrence and paraphrased factual details. Page-image comparison remains required before exact-layout quotation or visual identity merging.,HIGH,INDEX-ONLY,INCLUDED — indexed issue text; visual comparison pending.,https://previouspage.co.uk/magazines/BMX%20Action%20Bike/issues/62-july-nineteen-eighty-three,,ammaco mongoose supergoose iii advertisement july 1983,,RETAIN — issue-specific occurrence pending visual comparison,Indexed page 58. Image: do not reproduce scan. Text: paraphrase facts and clearly paired prices only.,2026-08-01,PKR-CAT-002,Advertisements and price lists
EPH-0333,v1.2 chronological census,V12-ABMX-0272,Product announcement / kit,Trick Stuff July product announcements,1983,1983,July 1983,Johar; Lee Cooper; Tim March; Clark’s; Superline; Kuwahara,"Editorial product roundup covering chrome pads, denim pads, a stadium number plate, Power-Glide cables, foam grips, and a mountain bike.",United Kingdom,Not applicable — period publication,,Chronological issue pass,PreviousPage exposes indexed text for BMX Action Bike — July 1983 — Volume 2 Number 9. This record preserves an issue-specific source occurrence and paraphrased factual details. Page-image comparison remains required before exact-layout quotation or visual identity merging.,HIGH,INDEX-ONLY,INCLUDED — indexed issue text; visual comparison pending.,https://previouspage.co.uk/magazines/BMX%20Action%20Bike/issues/62-july-nineteen-eighty-three,,trick stuff july product announcements july 1983,,RETAIN — issue-specific occurrence pending visual comparison,Indexed page 59. Image: do not reproduce scan. Text: paraphrase facts and clearly paired prices only.,2026-08-01,PKR-CAT-008,Product announcements and technical material
EPH-0334,v1.2 chronological census,V12-ABMX-0273,Retailer advertisement / price list,City BMX racewear and protective-equipment price advertisement,1983,1983,July 1983,City BMX,"Retail advertisement for race pants, body warmers, gloves, helmets, and chest protectors.",United Kingdom,Not applicable — period publication,,Chronological issue pass,PreviousPage exposes indexed text for BMX Action Bike — July 1983 — Volume 2 Number 9. This record preserves an issue-specific source occurrence and paraphrased factual details. Page-image comparison remains required before exact-layout quotation or visual identity merging.,HIGH,INDEX-ONLY,INCLUDED — indexed issue text; visual comparison pending.,https://previouspage.co.uk/magazines/BMX%20Action%20Bike/issues/62-july-nineteen-eighty-three,,city bmx racewear and protective equipment price advertisement july 1983,,REVIEW — recurring campaign/feature candidate; retain separately pending page-image comparison,Indexed page 60. Image: do not reproduce scan. Text: paraphrase facts and clearly paired prices only.,2026-08-01,PKR-CAT-002,Advertisements and price lists
EPH-0335,v1.2 chronological census,V12-ABMX-0274,Dealer/shop advertisement,Bates Cycles and regional dealer stock advertisement,1983,1983,July 1983,Bates Cycles; Dave Kane Cycles; Conway; Haro; Silverfox; Superfox,"Regional dealer advertisement for bikes, frame-and-fork sets, wheels, parts, mail order, and sponsored riders.",United Kingdom,Not applicable — period publication,,Chronological issue pass,PreviousPage exposes indexed text for BMX Action Bike — July 1983 — Volume 2 Number 9. This record preserves an issue-specific source occurrence and paraphrased factual details. Page-image comparison remains required before exact-layout quotation or visual identity merging.,HIGH,INDEX-ONLY,INCLUDED — indexed issue text; visual comparison pending.,https://previouspage.co.uk/magazines/BMX%20Action%20Bike/issues/62-july-nineteen-eighty-three,,bates cycles and regional dealer stock advertisement july 1983,,REVIEW — recurring campaign/feature candidate; retain separately pending page-image comparison,Indexed page 60. Image: do not reproduce scan. Text: paraphrase facts and clearly paired prices only.,2026-08-01,PKR-CAT-007,Dealers and distributors
EPH-0336,v1.2 chronological census,V12-ABMX-0275,Product literature,SportsPlus BMX track-design and landscaping service,1983,1983,July 1983,SportsPlus,Professional service advertisement for BMX track design and landscaping by the NEC track team.,United Kingdom,Not applicable — period publication,,Chronological issue pass,PreviousPage exposes indexed text for BMX Action Bike — July 1983 — Volume 2 Number 9. This record preserves an issue-specific source occurrence and paraphrased factual details. Page-image comparison remains required before exact-layout quotation or visual identity merging.,HIGH,INDEX-ONLY,INCLUDED — indexed issue text; visual comparison pending.,https://previouspage.co.uk/magazines/BMX%20Action%20Bike/issues/62-july-nineteen-eighty-three,,sportsplus bmx track design and landscaping service july 1983,,RETAIN — issue-specific occurrence pending visual comparison,Indexed page 61. Image: do not reproduce scan. Text: paraphrase facts and clearly paired prices only.,2026-08-01,PKR-CAT-001,Catalogs and product literature
EPH-0337,v1.2 chronological census,V12-ABMX-0276,Product literature,BMX Video USA professional-action mailer,1983,1983,July 1983,BMX Video; BMX Action Bike,Mail-order VHS or Betamax program featuring professional BMX action from the United States.,United Kingdom,Not applicable — period publication,,Chronological issue pass,PreviousPage exposes indexed text for BMX Action Bike — July 1983 — Volume 2 Number 9. This record preserves an issue-specific source occurrence and paraphrased factual details. Page-image comparison remains required before exact-layout quotation or visual identity merging.,HIGH,INDEX-ONLY,INCLUDED — indexed issue text; visual comparison pending.,https://previouspage.co.uk/magazines/BMX%20Action%20Bike/issues/62-july-nineteen-eighty-three,,bmx video usa professional action mailer july 1983,,REVIEW — recurring campaign/feature candidate; retain separately pending page-image comparison,Indexed page 61. Image: do not reproduce scan. Text: paraphrase facts and clearly paired prices only.,2026-08-01,PKR-CAT-001,Catalogs and product literature
EPH-0338,v1.2 chronological census,V12-ABMX-0277,Catalog mailer,BMX Action Bike ten-issue subscription offer,1983,1983,July 1983,BMX Action Bike; UKBMX Publications,Subscription rate card for United Kingdom and international readers.,United Kingdom,Not applicable — period publication,,Chronological issue pass,PreviousPage exposes indexed text for BMX Action Bike — July 1983 — Volume 2 Number 9. This record preserves an issue-specific source occurrence and paraphrased factual details. Page-image comparison remains required before exact-layout quotation or visual identity merging.,HIGH,INDEX-ONLY,INCLUDED — indexed issue text; visual comparison pending.,https://previouspage.co.uk/magazines/BMX%20Action%20Bike/issues/62-july-nineteen-eighty-three,,bmx action bike ten issue subscription offer july 1983,,REVIEW — recurring campaign/feature candidate; retain separately pending page-image comparison,Indexed page 61. Image: do not reproduce scan. Text: paraphrase facts and clearly paired prices only.,2026-08-01,PKR-CAT-003,"Mailers, stickers, and information packs"
EPH-0339,v1.2 chronological census,V12-ABMX-0278,Retailer advertisement / price list,"Doug Wickens Cycles bike, helmet, and Firebird price advertisement",1983,1983,July 1983,Doug Wickens Cycles; Kuwahara; Silverfox; Diatron; Firebird,"Retail advertisement for complete bikes, helmets, and a chromoly frame-and-fork set.",United Kingdom,Not applicable — period publication,,Chronological issue pass,PreviousPage exposes indexed text for BMX Action Bike — July 1983 — Volume 2 Number 9. This record preserves an issue-specific source occurrence and paraphrased factual details. Page-image comparison remains required before exact-layout quotation or visual identity merging.,HIGH,INDEX-ONLY,INCLUDED — indexed issue text; visual comparison pending.,https://previouspage.co.uk/magazines/BMX%20Action%20Bike/issues/62-july-nineteen-eighty-three,,doug wickens cycles bike helmet and firebird price advertisement july 1983,,RETAIN — issue-specific occurrence pending visual comparison,Indexed page 61. Image: do not reproduce scan. Text: paraphrase facts and clearly paired prices only.,2026-08-01,PKR-CAT-002,Advertisements and price lists
EPH-0340,v1.2 chronological census,V12-ABMX-0279,Retailer advertisement / price list,Len’s BMX Centre bikes and parts price advertisement,1983,1983,July 1983,Len’s BMX Centre,"Retail advertisement for alloy and fibre wheels, saddles, bars, chains, frames, and grips.",United Kingdom,Not applicable — period publication,,Chronological issue pass,PreviousPage exposes indexed text for BMX Action Bike — July 1983 — Volume 2 Number 9. This record preserves an issue-specific source occurrence and paraphrased factual details. Page-image comparison remains required before exact-layout quotation or visual identity merging.,HIGH,INDEX-ONLY,INCLUDED — indexed issue text; visual comparison pending.,https://previouspage.co.uk/magazines/BMX%20Action%20Bike/issues/62-july-nineteen-eighty-three,,len s bmx centre bikes and parts price advertisement july 1983,,RETAIN — issue-specific occurrence pending visual comparison,Indexed page 61. Image: do not reproduce scan. Text: paraphrase facts and clearly paired prices only.,2026-08-01,PKR-CAT-002,Advertisements and price lists
EPH-0341,v1.2 chronological census,V12-ABMX-0280,Archive collection,Darren Stock Me & My Bikes profile,1983,1983,July 1983,Darren Stock; Halfords; Suntour; Steve Wilson; Diamond Back,"Rider-and-equipment profile documenting race and training practices, bike specifications, earlier machines, and sanction choices.",United Kingdom,Not applicable — period publication,,Chronological issue pass,PreviousPage exposes indexed text for BMX Action Bike — July 1983 — Volume 2 Number 9. This record preserves an issue-specific source occurrence and paraphrased factual details. Page-image comparison remains required before exact-layout quotation or visual identity merging.,HIGH,INDEX-ONLY,INCLUDED — indexed issue text; visual comparison pending.,https://previouspage.co.uk/magazines/BMX%20Action%20Bike/issues/62-july-nineteen-eighty-three,,darren stock me my bikes profile july 1983,,RETAIN — issue-specific occurrence pending visual comparison,Indexed pages 62–63. Image: do not reproduce scan. Text: paraphrase facts and clearly paired prices only.,2026-08-01,PKR-CAT-009,Editorial tests and historical documentation
EPH-0342,v1.2 chronological census,V12-ABMX-0281,Product announcement / kit,OT Cycles custom-colour BMX wheel service,1983,1983,July 1983,OT Cycles; ACS; Firebird,"Customization service allowing riders to specify mixed colors across rims, spokes, hubs, and tyres.",United Kingdom,Not applicable — period publication,,Chronological issue pass,PreviousPage exposes indexed text for BMX Action Bike — July 1983 — Volume 2 Number 9. This record preserves an issue-specific source occurrence and paraphrased factual details. Page-image comparison remains required before exact-layout quotation or visual identity merging.,HIGH,INDEX-ONLY,INCLUDED — indexed issue text; visual comparison pending.,https://previouspage.co.uk/magazines/BMX%20Action%20Bike/issues/62-july-nineteen-eighty-three,,ot cycles custom colour bmx wheel service july 1983,,RETAIN — issue-specific occurrence pending visual comparison,Indexed page 62. Image: do not reproduce scan. Text: paraphrase facts and clearly paired prices only.,2026-08-01,PKR-CAT-008,Product announcements and technical material
EPH-0343,v1.2 chronological census,V12-ABMX-0282,Product announcement / kit,"Skyway Tuff Wheel II, mini wheel, pedals, and pad updates",1983,1983,July 1983,Skyway; Freewheeler Leisure Products,"Product announcement covering alloy-hub Tuff Wheel II, sixteen-inch Tuff Wheels, polished pedal cages, and Pro Model pads.",United Kingdom,Not applicable — period publication,,Chronological issue pass,PreviousPage exposes indexed text for BMX Action Bike — July 1983 — Volume 2 Number 9. This record preserves an issue-specific source occurrence and paraphrased factual details. Page-image comparison remains required before exact-layout quotation or visual identity merging.,HIGH,INDEX-ONLY,INCLUDED — indexed issue text; visual comparison pending.,https://previouspage.co.uk/magazines/BMX%20Action%20Bike/issues/62-july-nineteen-eighty-three,,skyway tuff wheel ii mini wheel pedals and pad updates july 1983,,RETAIN — issue-specific occurrence pending visual comparison,Indexed page 64. Image: do not reproduce scan. Text: paraphrase facts and clearly paired prices only.,2026-08-01,PKR-CAT-008,Product announcements and technical material
EPH-0344,v1.2 chronological census,V12-ABMX-0283,Information-pack mailer,Aero sticker-pack mailer,1983,1983,August 1983,Aero,Mail-in promotional sticker-pack offer associated with Aero BMX products.,United Kingdom,Not applicable — period publication,,Chronological issue pass,PreviousPage exposes indexed text for BMX Action Bike — August 1983 — Volume 2 Number 10. This record preserves an issue-specific source occurrence and paraphrased factual details. Page-image comparison remains required before exact-layout quotation or visual identity merging.,HIGH,INDEX-ONLY,INCLUDED — indexed issue text; visual comparison pending.,https://previouspage.co.uk/magazines/BMX%20Action%20Bike/issues/63-august-nineteen-eighty-three,,aero sticker pack mailer august 1983,,RETAIN — issue-specific occurrence pending visual comparison,Indexed page 2. Image: do not reproduce scan. Text: paraphrase facts and clearly paired prices only.,2026-08-01,PKR-CAT-003,"Mailers, stickers, and information packs"
EPH-0345,v1.2 chronological census,V12-ABMX-0284,Information-pack mailer,Yamaha Racers free colour-brochure offer,1983,1983,August 1983,Yamaha; Amoco Leisure,Stamped-envelope offer for a free Yamaha BMX racing brochure.,United Kingdom,Not applicable — period publication,,Chronological issue pass,PreviousPage exposes indexed text for BMX Action Bike — August 1983 — Volume 2 Number 10. This record preserves an issue-specific source occurrence and paraphrased factual details. Page-image comparison remains required before exact-layout quotation or visual identity merging.,HIGH,INDEX-ONLY,INCLUDED — indexed issue text; visual comparison pending.,https://previouspage.co.uk/magazines/BMX%20Action%20Bike/issues/63-august-nineteen-eighty-three,,yamaha racers free colour brochure offer august 1983,,REVIEW — recurring campaign/feature candidate; retain separately pending page-image comparison,Indexed page 5. Image: do not reproduce scan. Text: paraphrase facts and clearly paired prices only.,2026-08-01,PKR-CAT-003,"Mailers, stickers, and information packs"
EPH-0346,v1.2 chronological census,V12-ABMX-0285,Archive collection,Andy Sammars memorial notice,1983,1983,August 1983,Andy Sammars; NBMXA; Bournemouth BMX,"Community notice documenting the death of a leading cruiser rider, track builder, and rider representative.",United Kingdom,Not applicable — period publication,,Chronological issue pass,PreviousPage exposes indexed text for BMX Action Bike — August 1983 — Volume 2 Number 10. This record preserves an issue-specific source occurrence and paraphrased factual details. Page-image comparison remains required before exact-layout quotation or visual identity merging.,HIGH,INDEX-ONLY,INCLUDED — indexed issue text; visual comparison pending.,https://previouspage.co.uk/magazines/BMX%20Action%20Bike/issues/63-august-nineteen-eighty-three,,andy sammars memorial notice august 1983,,RETAIN — issue-specific occurrence pending visual comparison,Indexed page 4. Image: do not reproduce scan. Text: paraphrase facts and clearly paired prices only.,2026-08-01,PKR-CAT-009,Editorial tests and historical documentation
EPH-0347,v1.2 chronological census,V12-ABMX-0286,Archive collection,Andy Ruffell injury and number-one-plate report,1983,1983,August 1983,Andy Ruffell; Mongoose; BMX Action Bike,"Season update covering injury, points standings, treatment, recovery, and preparation for the World Championships.",United Kingdom,Not applicable — period publication,,Chronological issue pass,PreviousPage exposes indexed text for BMX Action Bike — August 1983 — Volume 2 Number 10. This record preserves an issue-specific source occurrence and paraphrased factual details. Page-image comparison remains required before exact-layout quotation or visual identity merging.,HIGH,INDEX-ONLY,INCLUDED — indexed issue text; visual comparison pending.,https://previouspage.co.uk/magazines/BMX%20Action%20Bike/issues/63-august-nineteen-eighty-three,,andy ruffell injury and number one plate report august 1983,,RETAIN — issue-specific occurrence pending visual comparison,Indexed pages 6–7. Image: do not reproduce scan. Text: paraphrase facts and clearly paired prices only.,2026-08-01,PKR-CAT-009,Editorial tests and historical documentation
EPH-0348,v1.2 chronological census,V12-ABMX-0287,Dealer advertisement / price-list lead,ABMX August Sales and Swaps marketplace,1983,1983,August 1983,BMX Action Bike; UKBMX Publications,"Free private classified marketplace preserving period asking prices, swaps, wanted notices, and equipment descriptions.",United Kingdom,Not applicable — period publication,,Chronological issue pass,PreviousPage exposes indexed text for BMX Action Bike — August 1983 — Volume 2 Number 10. This record preserves an issue-specific source occurrence and paraphrased factual details. Page-image comparison remains required before exact-layout quotation or visual identity merging.,HIGH,INDEX-ONLY,INCLUDED — indexed issue text; visual comparison pending.,https://previouspage.co.uk/magazines/BMX%20Action%20Bike/issues/63-august-nineteen-eighty-three,,abmx august sales and swaps marketplace august 1983,,REVIEW — recurring campaign/feature candidate; retain separately pending page-image comparison,Indexed pages 12–13 and 74. Image: do not reproduce scan. Text: paraphrase facts and clearly paired prices only.,2026-08-01,PKR-CAT-007,Dealers and distributors
EPH-0349,v1.2 chronological census,V12-ABMX-0288,Archive collection,Meanwhile Madness freestyle photo feature,1983,1983,August 1983,BMX Action Bike,Freestyle and aerial photo feature documenting contemporary ramp and concrete-riding activity.,United Kingdom,Not applicable — period publication,,Chronological issue pass,PreviousPage exposes indexed text for BMX Action Bike — August 1983 — Volume 2 Number 10. This record preserves an issue-specific source occurrence and paraphrased factual details. Page-image comparison remains required before exact-layout quotation or visual identity merging.,HIGH,INDEX-ONLY,INCLUDED — indexed issue text; visual comparison pending.,https://previouspage.co.uk/magazines/BMX%20Action%20Bike/issues/63-august-nineteen-eighty-three,,meanwhile madness freestyle photo feature august 1983,,RETAIN — issue-specific occurrence pending visual comparison,Indexed pages 14–15. Image: do not reproduce scan. Text: paraphrase facts and clearly paired prices only.,2026-08-01,PKR-CAT-009,Editorial tests and historical documentation
EPH-0350,v1.2 chronological census,V12-ABMX-0289,Event notice / contact flyer,August 1983 BMX race calendar,1983,1983,August 1983,BMX Action Bike; UKBMX; NBMXA; regional organizers,"Month-ahead calendar for national, regional, club, open, evening, and international BMX events.",United Kingdom,Not applicable — period publication,,Chronological issue pass,PreviousPage exposes indexed text for BMX Action Bike — August 1983 — Volume 2 Number 10. This record preserves an issue-specific source occurrence and paraphrased factual details. Page-image comparison remains required before exact-layout quotation or visual identity merging.,HIGH,INDEX-ONLY,INCLUDED — indexed issue text; visual comparison pending.,https://previouspage.co.uk/magazines/BMX%20Action%20Bike/issues/63-august-nineteen-eighty-three,,august 1983 bmx race calendar august 1983,,RETAIN — issue-specific occurrence pending visual comparison,Indexed pages 17–22. Image: do not reproduce scan. Text: paraphrase facts and clearly paired prices only.,2026-08-01,PKR-CAT-005,"Events, registration, and membership"
EPH-0351,v1.2 chronological census,V12-ABMX-0290,Event prize promotion,Earls Court fastest-lap Supergoose III competition,1983,1983,August 1983,Ammaco; Mongoose; Earls Court,Pre-registration event promotion awarding a Supergoose III for the fastest lap of the wooden course.,United Kingdom,Not applicable — period publication,,Chronological issue pass,PreviousPage exposes indexed text for BMX Action Bike — August 1983 — Volume 2 Number 10. This record preserves an issue-specific source occurrence and paraphrased factual details. Page-image comparison remains required before exact-layout quotation or visual identity merging.,HIGH,INDEX-ONLY,INCLUDED — indexed issue text; visual comparison pending.,https://previouspage.co.uk/magazines/BMX%20Action%20Bike/issues/63-august-nineteen-eighty-three,,earls court fastest lap supergoose iii competition august 1983,,RETAIN — issue-specific occurrence pending visual comparison,Indexed event-calendar section. Image: do not reproduce scan. Text: paraphrase facts and clearly paired prices only.,2026-08-01,PKR-CAT-004,Contests and promotions
EPH-0352,v1.2 chronological census,V12-ABMX-0291,Information-pack mailer,Halfords BMX product information offer,1983,1983,August 1983,Halfords; Suntour; Raleigh,"Stamped-envelope information offer covering Halfords BMX products, Suntour components, Turbo models, and Raleigh Burners.",United Kingdom,Not applicable — period publication,,Chronological issue pass,PreviousPage exposes indexed text for BMX Action Bike — August 1983 — Volume 2 Number 10. This record preserves an issue-specific source occurrence and paraphrased factual details. Page-image comparison remains required before exact-layout quotation or visual identity merging.,HIGH,INDEX-ONLY,INCLUDED — indexed issue text; visual comparison pending.,https://previouspage.co.uk/magazines/BMX%20Action%20Bike/issues/63-august-nineteen-eighty-three,,halfords bmx product information offer august 1983,,RETAIN — issue-specific occurrence pending visual comparison,Indexed page 13. Image: do not reproduce scan. Text: paraphrase facts and clearly paired prices only.,2026-08-01,PKR-CAT-003,"Mailers, stickers, and information packs"
EPH-0353,v1.2 chronological census,V12-ABMX-0292,Magazine advertisement,Kuwahara Nova race-ready complete-bike campaign,1983,1983,August 1983,Kuwahara; Gecko Leisure Products,Factory advertisement positioning the Nova as a value-oriented race-ready bicycle using KZ geometry.,United Kingdom,Not applicable — period publication,,Chronological issue pass,PreviousPage exposes indexed text for BMX Action Bike — August 1983 — Volume 2 Number 10. This record preserves an issue-specific source occurrence and paraphrased factual details. Page-image comparison remains required before exact-layout quotation or visual identity merging.,HIGH,INDEX-ONLY,INCLUDED — indexed issue text; visual comparison pending.,https://previouspage.co.uk/magazines/BMX%20Action%20Bike/issues/63-august-nineteen-eighty-three,,kuwahara nova race ready complete bike campaign august 1983,,RETAIN — issue-specific occurrence pending visual comparison,Indexed page 22. Image: do not reproduce scan. Text: paraphrase facts and clearly paired prices only.,2026-08-01,PKR-CAT-002,Advertisements and price lists
EPH-0354,v1.2 chronological census,V12-ABMX-0293,Product literature,Wheels photofinish and electronic race-information systems,1983,1983,August 1983,Wheels BMX facility,"Event-technology documentation covering photofinish, electronic timing, and digital moto call-up systems.",United Kingdom,Not applicable — period publication,,Chronological issue pass,PreviousPage exposes indexed text for BMX Action Bike — August 1983 — Volume 2 Number 10. This record preserves an issue-specific source occurrence and paraphrased factual details. Page-image comparison remains required before exact-layout quotation or visual identity merging.,HIGH,INDEX-ONLY,INCLUDED — indexed issue text; visual comparison pending.,https://previouspage.co.uk/magazines/BMX%20Action%20Bike/issues/63-august-nineteen-eighty-three,,wheels photofinish and electronic race information systems august 1983,,RETAIN — issue-specific occurrence pending visual comparison,Indexed page 24. Image: do not reproduce scan. Text: paraphrase facts and clearly paired prices only.,2026-08-01,PKR-CAT-001,Catalogs and product literature
EPH-0355,v1.2 chronological census,V12-ABMX-0294,Archive collection,1983 European Championships first-round report,1983,1983,August 1983,BMX Action Bike; Wheels; Andy Patterson; Tim March,International race report documenting the Patterson–March superclass duel and the Birmingham championship course.,United Kingdom,Not applicable — period publication,,Chronological issue pass,PreviousPage exposes indexed text for BMX Action Bike — August 1983 — Volume 2 Number 10. This record preserves an issue-specific source occurrence and paraphrased factual details. Page-image comparison remains required before exact-layout quotation or visual identity merging.,HIGH,INDEX-ONLY,INCLUDED — indexed issue text; visual comparison pending.,https://previouspage.co.uk/magazines/BMX%20Action%20Bike/issues/63-august-nineteen-eighty-three,,1983 european championships first round report august 1983,,RETAIN — issue-specific occurrence pending visual comparison,Indexed pages 23–31. Image: do not reproduce scan. Text: paraphrase facts and clearly paired prices only.,2026-08-01,PKR-CAT-009,Editorial tests and historical documentation
EPH-0356,v1.2 chronological census,V12-ABMX-0295,Product literature,Wonder rear cycle-light relaunch advertisement,1983,1983,August 1983,Wonder UK Portable Power,Product relaunch advertisement for removable battery-powered front and rear cycle lights.,United Kingdom,Not applicable — period publication,,Chronological issue pass,PreviousPage exposes indexed text for BMX Action Bike — August 1983 — Volume 2 Number 10. This record preserves an issue-specific source occurrence and paraphrased factual details. Page-image comparison remains required before exact-layout quotation or visual identity merging.,HIGH,INDEX-ONLY,INCLUDED — indexed issue text; visual comparison pending.,https://previouspage.co.uk/magazines/BMX%20Action%20Bike/issues/63-august-nineteen-eighty-three,,wonder rear cycle light relaunch advertisement august 1983,,RETAIN — issue-specific occurrence pending visual comparison,Indexed page 29. Image: do not reproduce scan. Text: paraphrase facts and clearly paired prices only.,2026-08-01,PKR-CAT-001,Catalogs and product literature
EPH-0357,v1.2 chronological census,V12-ABMX-0296,Product announcement / kit,Hotshot Uni seat-cover and Turbo-Mag product panel,1983,1983,August 1983,Hotshot BMX Racing; Uni; Turbo Mag,Dealer product panel introducing novelty seat covers and reinforced Turbo-Mag wheels.,United Kingdom,Not applicable — period publication,,Chronological issue pass,PreviousPage exposes indexed text for BMX Action Bike — August 1983 — Volume 2 Number 10. This record preserves an issue-specific source occurrence and paraphrased factual details. Page-image comparison remains required before exact-layout quotation or visual identity merging.,HIGH,INDEX-ONLY,INCLUDED — indexed issue text; visual comparison pending.,https://previouspage.co.uk/magazines/BMX%20Action%20Bike/issues/63-august-nineteen-eighty-three,,hotshot uni seat cover and turbo mag product panel august 1983,,RETAIN — issue-specific occurrence pending visual comparison,Indexed page 28. Image: do not reproduce scan. Text: paraphrase facts and clearly paired prices only.,2026-08-01,PKR-CAT-008,Product announcements and technical material
EPH-0358,v1.2 chronological census,V12-ABMX-0297,Information-pack mailer,King Sticker five-sticker packet offer,1983,1983,August 1983,King Sticker,Mail-order offer for a selected packet of five BMX stickers.,United Kingdom,Not applicable — period publication,,Chronological issue pass,PreviousPage exposes indexed text for BMX Action Bike — August 1983 — Volume 2 Number 10. This record preserves an issue-specific source occurrence and paraphrased factual details. Page-image comparison remains required before exact-layout quotation or visual identity merging.,HIGH,INDEX-ONLY,INCLUDED — indexed issue text; visual comparison pending.,https://previouspage.co.uk/magazines/BMX%20Action%20Bike/issues/63-august-nineteen-eighty-three,,king sticker five sticker packet offer august 1983,,REVIEW — recurring campaign/feature candidate; retain separately pending page-image comparison,Indexed page 38. Image: do not reproduce scan. Text: paraphrase facts and clearly paired prices only.,2026-08-01,PKR-CAT-003,"Mailers, stickers, and information packs"
EPH-0359,v1.2 chronological census,V12-ABMX-0298,Retailer advertisement / price list,"Suntal Cycles Burners, complete bikes, and wheel price advertisement",1983,1983,August 1983,Suntal Cycles; Raleigh; Falcon; Yamaha; Diamond Back; Kuwahara,"Retail price advertisement for complete bicycles, frame-and-fork sets, wheels, and protective equipment.",United Kingdom,Not applicable — period publication,,Chronological issue pass,PreviousPage exposes indexed text for BMX Action Bike — August 1983 — Volume 2 Number 10. This record preserves an issue-specific source occurrence and paraphrased factual details. Page-image comparison remains required before exact-layout quotation or visual identity merging.,HIGH,INDEX-ONLY,INCLUDED — indexed issue text; visual comparison pending.,https://previouspage.co.uk/magazines/BMX%20Action%20Bike/issues/63-august-nineteen-eighty-three,,suntal cycles burners complete bikes and wheel price advertisement august 1983,,RETAIN — issue-specific occurrence pending visual comparison,Indexed page 38. Image: do not reproduce scan. Text: paraphrase facts and clearly paired prices only.,2026-08-01,PKR-CAT-002,Advertisements and price lists
EPH-0360,v1.2 chronological census,V12-ABMX-0299,Team advertisement,GT world-champion brand advertisement,1983,1983,August 1983,GT; Greg Hill; GB GT,Brand campaign connecting GT equipment to Greg Hill and international championship performance.,United Kingdom,Not applicable — period publication,,Chronological issue pass,PreviousPage exposes indexed text for BMX Action Bike — August 1983 — Volume 2 Number 10. This record preserves an issue-specific source occurrence and paraphrased factual details. Page-image comparison remains required before exact-layout quotation or visual identity merging.,HIGH,INDEX-ONLY,INCLUDED — indexed issue text; visual comparison pending.,https://previouspage.co.uk/magazines/BMX%20Action%20Bike/issues/63-august-nineteen-eighty-three,,gt world champion brand advertisement august 1983,,RETAIN — issue-specific occurrence pending visual comparison,Indexed pages 37–38. Image: do not reproduce scan. Text: paraphrase facts and clearly paired prices only.,2026-08-01,PKR-CAT-006,"Teams, riders, and brand campaigns"
EPH-0361,v1.2 chronological census,V12-ABMX-0300,Archive collection,Greg Hill World Champion profile,1983,1983,August 1983,Greg Hill; GT; BMX Action Bike,"Profile documenting championship psychology, training, professional representation, and competitive identity.",United Kingdom,Not applicable — period publication,,Chronological issue pass,PreviousPage exposes indexed text for BMX Action Bike — August 1983 — Volume 2 Number 10. This record preserves an issue-specific source occurrence and paraphrased factual details. Page-image comparison remains required before exact-layout quotation or visual identity merging.,HIGH,INDEX-ONLY,INCLUDED — indexed issue text; visual comparison pending.,https://previouspage.co.uk/magazines/BMX%20Action%20Bike/issues/63-august-nineteen-eighty-three,,greg hill world champion profile august 1983,,RETAIN — issue-specific occurrence pending visual comparison,Indexed pages 38–43. Image: do not reproduce scan. Text: paraphrase facts and clearly paired prices only.,2026-08-01,PKR-CAT-009,Editorial tests and historical documentation
EPH-0362,v1.2 chronological census,V12-ABMX-0301,Contest entry form / promotion,Reporter-for-a-day Aero racewear competition,1983,1983,August 1983,BMX Action Bike; Aero,Reader writing competition offering publication and a complete Aero racewear set.,United Kingdom,Not applicable — period publication,,Chronological issue pass,PreviousPage exposes indexed text for BMX Action Bike — August 1983 — Volume 2 Number 10. This record preserves an issue-specific source occurrence and paraphrased factual details. Page-image comparison remains required before exact-layout quotation or visual identity merging.,HIGH,INDEX-ONLY,INCLUDED — indexed issue text; visual comparison pending.,https://previouspage.co.uk/magazines/BMX%20Action%20Bike/issues/63-august-nineteen-eighty-three,,reporter for a day aero racewear competition august 1983,,RETAIN — issue-specific occurrence pending visual comparison,Indexed page 36. Image: do not reproduce scan. Text: paraphrase facts and clearly paired prices only.,2026-08-01,PKR-CAT-004,Contests and promotions
EPH-0363,v1.2 chronological census,V12-ABMX-0302,Product literature,Bearing-protection maintenance guide,1983,1983,August 1983,BMX Action Bike; Sharp Racing Products,Technical guide showing bottom-bracket and headset bearing protection using boots and inner-tube material.,United Kingdom,Not applicable — period publication,,Chronological issue pass,PreviousPage exposes indexed text for BMX Action Bike — August 1983 — Volume 2 Number 10. This record preserves an issue-specific source occurrence and paraphrased factual details. Page-image comparison remains required before exact-layout quotation or visual identity merging.,HIGH,INDEX-ONLY,INCLUDED — indexed issue text; visual comparison pending.,https://previouspage.co.uk/magazines/BMX%20Action%20Bike/issues/63-august-nineteen-eighty-three,,bearing protection maintenance guide august 1983,,RETAIN — issue-specific occurrence pending visual comparison,Indexed pages 37–38. Image: do not reproduce scan. Text: paraphrase facts and clearly paired prices only.,2026-08-01,PKR-CAT-001,Catalogs and product literature
EPH-0364,v1.2 chronological census,V12-ABMX-0303,Information-pack mailer,Shiner free decal and sales-sheet trade offer,1983,1983,August 1983,Shiner; SE Racing; Panda,Trade-only stamped-envelope offer for a decal and sales sheet.,United Kingdom,Not applicable — period publication,,Chronological issue pass,PreviousPage exposes indexed text for BMX Action Bike — August 1983 — Volume 2 Number 10. This record preserves an issue-specific source occurrence and paraphrased factual details. Page-image comparison remains required before exact-layout quotation or visual identity merging.,HIGH,INDEX-ONLY,INCLUDED — indexed issue text; visual comparison pending.,https://previouspage.co.uk/magazines/BMX%20Action%20Bike/issues/63-august-nineteen-eighty-three,,shiner free decal and sales sheet trade offer august 1983,,REVIEW — recurring campaign/feature candidate; retain separately pending page-image comparison,Indexed page 28. Image: do not reproduce scan. Text: paraphrase facts and clearly paired prices only.,2026-08-01,PKR-CAT-003,"Mailers, stickers, and information packs"
EPH-0365,v1.2 chronological census,V12-ABMX-0304,Retailer advertisement / price list,Supertune BMX August mail-order price list,1983,1983,August 1983,Supertune BMX Racing; GT; Suntour; Oakley; Araya,"Large mail-order price list covering frames, forks, controls, cranks, wheels, tyres, seats, plates, and racewear.",United Kingdom,Not applicable — period publication,,Chronological issue pass,PreviousPage exposes indexed text for BMX Action Bike — August 1983 — Volume 2 Number 10. This record preserves an issue-specific source occurrence and paraphrased factual details. Page-image comparison remains required before exact-layout quotation or visual identity merging.,HIGH,INDEX-ONLY,INCLUDED — indexed issue text; visual comparison pending.,https://previouspage.co.uk/magazines/BMX%20Action%20Bike/issues/63-august-nineteen-eighty-three,,supertune bmx august mail order price list august 1983,,REVIEW — recurring campaign/feature candidate; retain separately pending page-image comparison,Indexed pages 10–11. Image: do not reproduce scan. Text: paraphrase facts and clearly paired prices only.,2026-08-01,PKR-CAT-002,Advertisements and price lists
EPH-0366,v1.2 chronological census,V12-ABMX-0305,Retailer advertisement / price list,Stechford Cycles component and racewear price advertisement,1983,1983,August 1983,Stechford Cycles; Tange; ACS; CW; Oakley; Shimano,"Retail price advertisement for forks, rims, bars, pads, grips, guards, pedals, and Haro products.",United Kingdom,Not applicable — period publication,,Chronological issue pass,PreviousPage exposes indexed text for BMX Action Bike — August 1983 — Volume 2 Number 10. This record preserves an issue-specific source occurrence and paraphrased factual details. Page-image comparison remains required before exact-layout quotation or visual identity merging.,HIGH,INDEX-ONLY,INCLUDED — indexed issue text; visual comparison pending.,https://previouspage.co.uk/magazines/BMX%20Action%20Bike/issues/63-august-nineteen-eighty-three,,stechford cycles component and racewear price advertisement august 1983,,RETAIN — issue-specific occurrence pending visual comparison,Indexed page 22. Image: do not reproduce scan. Text: paraphrase facts and clearly paired prices only.,2026-08-01,PKR-CAT-002,Advertisements and price lists
EPH-0367,v1.2 chronological census,V12-ABMX-0306,Dealer/shop advertisement,Just BMX Bournemouth stock advertisement,1983,1983,August 1983,Just BMX; Skyway; Haro; Raleigh,"Dealer advertisement for premium frames, complete bikes, wheels, and custom-built products.",United Kingdom,Not applicable — period publication,,Chronological issue pass,PreviousPage exposes indexed text for BMX Action Bike — August 1983 — Volume 2 Number 10. This record preserves an issue-specific source occurrence and paraphrased factual details. Page-image comparison remains required before exact-layout quotation or visual identity merging.,HIGH,INDEX-ONLY,INCLUDED — indexed issue text; visual comparison pending.,https://previouspage.co.uk/magazines/BMX%20Action%20Bike/issues/63-august-nineteen-eighty-three,,just bmx bournemouth stock advertisement august 1983,,REVIEW — recurring campaign/feature candidate; retain separately pending page-image comparison,Indexed page 22. Image: do not reproduce scan. Text: paraphrase facts and clearly paired prices only.,2026-08-01,PKR-CAT-007,Dealers and distributors
EPH-0368,v1.2 chronological census,V12-ABMX-0307,Dealer/shop advertisement,Super Discount Nottingham BMX warehouse advertisement,1983,1983,August 1983,Super Discount; Mongoose; PK Ripper; Haro; Firebird,Dealer warehouse advertisement emphasizing broad stock and discount quoting.,United Kingdom,Not applicable — period publication,,Chronological issue pass,PreviousPage exposes indexed text for BMX Action Bike — August 1983 — Volume 2 Number 10. This record preserves an issue-specific source occurrence and paraphrased factual details. Page-image comparison remains required before exact-layout quotation or visual identity merging.,HIGH,INDEX-ONLY,INCLUDED — indexed issue text; visual comparison pending.,https://previouspage.co.uk/magazines/BMX%20Action%20Bike/issues/63-august-nineteen-eighty-three,,super discount nottingham bmx warehouse advertisement august 1983,,RETAIN — issue-specific occurrence pending visual comparison,Indexed page 45. Image: do not reproduce scan. Text: paraphrase facts and clearly paired prices only.,2026-08-01,PKR-CAT-007,Dealers and distributors
EPH-0369,v1.2 chronological census,V12-ABMX-0308,Product literature,Suntour three-piece crank technical advertisement,1983,1983,August 1983,Suntour,"Product advertisement explaining weight savings, alloy construction, lengths, ring sizes, and compatible bottom brackets.",United Kingdom,Not applicable — period publication,,Chronological issue pass,PreviousPage exposes indexed text for BMX Action Bike — August 1983 — Volume 2 Number 10. This record preserves an issue-specific source occurrence and paraphrased factual details. Page-image comparison remains required before exact-layout quotation or visual identity merging.,HIGH,INDEX-ONLY,INCLUDED — indexed issue text; visual comparison pending.,https://previouspage.co.uk/magazines/BMX%20Action%20Bike/issues/63-august-nineteen-eighty-three,,suntour three piece crank technical advertisement august 1983,,RETAIN — issue-specific occurrence pending visual comparison,Indexed page 44. Image: do not reproduce scan. Text: paraphrase facts and clearly paired prices only.,2026-08-01,PKR-CAT-001,Catalogs and product literature
EPH-0370,v1.2 chronological census,V12-ABMX-0309,Product-history object,Superfox complete-bike editorial test,1983,1983,August 1983,Superfox; BMX Action Bike,"Editorial test of the mid-range Superfox, including geometry, alloy component package, weight, and rider feedback.",United Kingdom,Not applicable — period publication,,Chronological issue pass,PreviousPage exposes indexed text for BMX Action Bike — August 1983 — Volume 2 Number 10. This record preserves an issue-specific source occurrence and paraphrased factual details. Page-image comparison remains required before exact-layout quotation or visual identity merging.,HIGH,INDEX-ONLY,INCLUDED — indexed issue text; visual comparison pending.,https://previouspage.co.uk/magazines/BMX%20Action%20Bike/issues/63-august-nineteen-eighty-three,,superfox complete bike editorial test august 1983,,RETAIN — issue-specific occurrence pending visual comparison,Indexed pages 46–49. Image: do not reproduce scan. Text: paraphrase facts and clearly paired prices only.,2026-08-01,PKR-CAT-009,Editorial tests and historical documentation
EPH-0371,v1.2 chronological census,V12-ABMX-0310,Product-history object,BMX security-lock comparison test,1983,1983,August 1983,BMX Action Bike; No Crak; Citadel; Squire,"Comparative equipment test evaluating high-security chains, D-locks, cables, guarantees, prices, weight, and use cases.",United Kingdom,Not applicable — period publication,,Chronological issue pass,PreviousPage exposes indexed text for BMX Action Bike — August 1983 — Volume 2 Number 10. This record preserves an issue-specific source occurrence and paraphrased factual details. Page-image comparison remains required before exact-layout quotation or visual identity merging.,HIGH,INDEX-ONLY,INCLUDED — indexed issue text; visual comparison pending.,https://previouspage.co.uk/magazines/BMX%20Action%20Bike/issues/63-august-nineteen-eighty-three,,bmx security lock comparison test august 1983,,RETAIN — issue-specific occurrence pending visual comparison,Indexed pages 50–53. Image: do not reproduce scan. Text: paraphrase facts and clearly paired prices only.,2026-08-01,PKR-CAT-009,Editorial tests and historical documentation
EPH-0372,v1.2 chronological census,V12-ABMX-0311,Contest entry form / promotion,Aero Pro Burner starter-signal competition,1983,1983,August 1983,BMX Action Bike; Raleigh,Caption-style reader competition awarding the Aero Pro Burner tested in the July issue.,United Kingdom,Not applicable — period publication,,Chronological issue pass,PreviousPage exposes indexed text for BMX Action Bike — August 1983 — Volume 2 Number 10. This record preserves an issue-specific source occurrence and paraphrased factual details. Page-image comparison remains required before exact-layout quotation or visual identity merging.,HIGH,INDEX-ONLY,INCLUDED — indexed issue text; visual comparison pending.,https://previouspage.co.uk/magazines/BMX%20Action%20Bike/issues/63-august-nineteen-eighty-three,,aero pro burner starter signal competition august 1983,,RETAIN — issue-specific occurrence pending visual comparison,Indexed pages 54–55. Image: do not reproduce scan. Text: paraphrase facts and clearly paired prices only.,2026-08-01,PKR-CAT-004,Contests and promotions
EPH-0373,v1.2 chronological census,V12-ABMX-0312,Retailer advertisement / price list,Sales Cycles Warehouse August complete-bike and parts advertisement,1983,1983,August 1983,Sales Cycles Warehouse; Yamaha; Silverfox; Raleigh; Diamond Back; Shimano,"Multi-brand mail-order advertisement for bikes, wheels, frames, brakes, cranks, and components.",United Kingdom,Not applicable — period publication,,Chronological issue pass,PreviousPage exposes indexed text for BMX Action Bike — August 1983 — Volume 2 Number 10. This record preserves an issue-specific source occurrence and paraphrased factual details. Page-image comparison remains required before exact-layout quotation or visual identity merging.,HIGH,INDEX-ONLY,INCLUDED — indexed issue text; visual comparison pending.,https://previouspage.co.uk/magazines/BMX%20Action%20Bike/issues/63-august-nineteen-eighty-three,,sales cycles warehouse august complete bike and parts advertisement august 1983,,REVIEW — recurring campaign/feature candidate; retain separately pending page-image comparison,Indexed page 54. Image: do not reproduce scan. Text: paraphrase facts and clearly paired prices only.,2026-08-01,PKR-CAT-002,Advertisements and price lists
EPH-0374,v1.2 chronological census,V12-ABMX-0313,Magazine advertisement,Leechi BMX grips and accessories advertisement,1983,1983,August 1983,Leechi; Landar Components,Period product advertisement for assorted grip styles and BMX accessories.,United Kingdom,Not applicable — period publication,,Chronological issue pass,PreviousPage exposes indexed text for BMX Action Bike — August 1983 — Volume 2 Number 10. This record preserves an issue-specific source occurrence and paraphrased factual details. Page-image comparison remains required before exact-layout quotation or visual identity merging.,HIGH,INDEX-ONLY,INCLUDED — indexed issue text; visual comparison pending.,https://previouspage.co.uk/magazines/BMX%20Action%20Bike/issues/63-august-nineteen-eighty-three,,leechi bmx grips and accessories advertisement august 1983,,RETAIN — issue-specific occurrence pending visual comparison,Indexed page 55. Image: do not reproduce scan. Text: paraphrase facts and clearly paired prices only.,2026-08-01,PKR-CAT-002,Advertisements and price lists
EPH-0375,v1.2 chronological census,V12-ABMX-0314,Product literature,Haro Freestyle Moves August instructional extract,1983,1983,August 1983,Bob Haro; BMX Action Bike,Authorized freestyle instruction continuing the magazine's serialized Haro technique material.,United Kingdom,Not applicable — period publication,,Chronological issue pass,PreviousPage exposes indexed text for BMX Action Bike — August 1983 — Volume 2 Number 10. This record preserves an issue-specific source occurrence and paraphrased factual details. Page-image comparison remains required before exact-layout quotation or visual identity merging.,HIGH,INDEX-ONLY,INCLUDED — indexed issue text; visual comparison pending.,https://previouspage.co.uk/magazines/BMX%20Action%20Bike/issues/63-august-nineteen-eighty-three,,haro freestyle moves august instructional extract august 1983,,RETAIN — issue-specific occurrence pending visual comparison,Indexed feature section. Image: do not reproduce scan. Text: paraphrase facts and clearly paired prices only.,2026-08-01,PKR-CAT-001,Catalogs and product literature
EPH-0376,v1.2 chronological census,V12-ABMX-0315,Product literature,"Rapido Gold Duster, Black Shadow, and Gladiator campaign",1983,1983,August 1983,Rapido; Clarkmoor,Recurring product campaign for three Rapido models and their construction claims.,United Kingdom,Not applicable — period publication,,Chronological issue pass,PreviousPage exposes indexed text for BMX Action Bike — August 1983 — Volume 2 Number 10. This record preserves an issue-specific source occurrence and paraphrased factual details. Page-image comparison remains required before exact-layout quotation or visual identity merging.,HIGH,INDEX-ONLY,INCLUDED — indexed issue text; visual comparison pending.,https://previouspage.co.uk/magazines/BMX%20Action%20Bike/issues/63-august-nineteen-eighty-three,,rapido gold duster black shadow and gladiator campaign august 1983,,REVIEW — recurring campaign/feature candidate; retain separately pending page-image comparison,Indexed page 54. Image: do not reproduce scan. Text: paraphrase facts and clearly paired prices only.,2026-08-01,PKR-CAT-001,Catalogs and product literature
EPH-0377,v1.2 chronological census,V12-ABMX-0316,Product literature,No Crak high-security chain-lock advertisement,1983,1983,August 1983,No Crak; SL Chainsport Distributors,Product advertisement for chromoly chain locks with protective covers and insurance positioning.,United Kingdom,Not applicable — period publication,,Chronological issue pass,PreviousPage exposes indexed text for BMX Action Bike — August 1983 — Volume 2 Number 10. This record preserves an issue-specific source occurrence and paraphrased factual details. Page-image comparison remains required before exact-layout quotation or visual identity merging.,HIGH,INDEX-ONLY,INCLUDED — indexed issue text; visual comparison pending.,https://previouspage.co.uk/magazines/BMX%20Action%20Bike/issues/63-august-nineteen-eighty-three,,no crak high security chain lock advertisement august 1983,,RETAIN — issue-specific occurrence pending visual comparison,Indexed page 50. Image: do not reproduce scan. Text: paraphrase facts and clearly paired prices only.,2026-08-01,PKR-CAT-001,Catalogs and product literature
EPH-0378,v1.2 chronological census,V12-ABMX-0317,Retailer advertisement / price list,Langsett Cycles August parts advertisement,1983,1983,August 1983,Langsett Cycles; Araya; Shimano; Takagi,"Retail price advertisement for rims, pedals, chainring hardware, and BMX components.",United Kingdom,Not applicable — period publication,,Chronological issue pass,PreviousPage exposes indexed text for BMX Action Bike — August 1983 — Volume 2 Number 10. This record preserves an issue-specific source occurrence and paraphrased factual details. Page-image comparison remains required before exact-layout quotation or visual identity merging.,HIGH,INDEX-ONLY,INCLUDED — indexed issue text; visual comparison pending.,https://previouspage.co.uk/magazines/BMX%20Action%20Bike/issues/63-august-nineteen-eighty-three,,langsett cycles august parts advertisement august 1983,,RETAIN — issue-specific occurrence pending visual comparison,Indexed page 50. Image: do not reproduce scan. Text: paraphrase facts and clearly paired prices only.,2026-08-01,PKR-CAT-002,Advertisements and price lists
EPH-0379,v1.2 chronological census,V12-ABMX-0318,Dealer/shop advertisement,Darwen race-shop and indoor-track promotion,1983,1983,August 1983,Darwen BMX retailer; Diamond Back; Mongoose; Kuwahara,Dealer advertisement combining equipment stock with a recurring indoor BMX race program.,United Kingdom,Not applicable — period publication,,Chronological issue pass,PreviousPage exposes indexed text for BMX Action Bike — August 1983 — Volume 2 Number 10. This record preserves an issue-specific source occurrence and paraphrased factual details. Page-image comparison remains required before exact-layout quotation or visual identity merging.,HIGH,INDEX-ONLY,INCLUDED — indexed issue text; visual comparison pending.,https://previouspage.co.uk/magazines/BMX%20Action%20Bike/issues/63-august-nineteen-eighty-three,,darwen race shop and indoor track promotion august 1983,,RETAIN — issue-specific occurrence pending visual comparison,Indexed page 50. Image: do not reproduce scan. Text: paraphrase facts and clearly paired prices only.,2026-08-01,PKR-CAT-007,Dealers and distributors
EPH-0380,v1.2 chronological census,V12-ABMX-0319,Catalog mailer,BMX Action Bike back-copy mailer,1983,1983,August 1983,BMX Action Bike; UKBMX Publications,Mail-order offer for available OBMX and ABMX back issues.,United Kingdom,Not applicable — period publication,,Chronological issue pass,PreviousPage exposes indexed text for BMX Action Bike — August 1983 — Volume 2 Number 10. This record preserves an issue-specific source occurrence and paraphrased factual details. Page-image comparison remains required before exact-layout quotation or visual identity merging.,HIGH,INDEX-ONLY,INCLUDED — indexed issue text; visual comparison pending.,https://previouspage.co.uk/magazines/BMX%20Action%20Bike/issues/63-august-nineteen-eighty-three,,bmx action bike back copy mailer august 1983,,REVIEW — recurring campaign/feature candidate; retain separately pending page-image comparison,Indexed page 58. Image: do not reproduce scan. Text: paraphrase facts and clearly paired prices only.,2026-08-01,PKR-CAT-003,"Mailers, stickers, and information packs"
EPH-0381,v1.2 chronological census,V12-ABMX-0320,Catalog mailer,BMX Action Bike blue-and-gold binder offer,1983,1983,August 1983,BMX Action Bike; UKBMX Publications,Mail-order binder designed to preserve twelve issues.,United Kingdom,Not applicable — period publication,,Chronological issue pass,PreviousPage exposes indexed text for BMX Action Bike — August 1983 — Volume 2 Number 10. This record preserves an issue-specific source occurrence and paraphrased factual details. Page-image comparison remains required before exact-layout quotation or visual identity merging.,HIGH,INDEX-ONLY,INCLUDED — indexed issue text; visual comparison pending.,https://previouspage.co.uk/magazines/BMX%20Action%20Bike/issues/63-august-nineteen-eighty-three,,bmx action bike blue and gold binder offer august 1983,,REVIEW — recurring campaign/feature candidate; retain separately pending page-image comparison,Indexed page 58. Image: do not reproduce scan. Text: paraphrase facts and clearly paired prices only.,2026-08-01,PKR-CAT-003,"Mailers, stickers, and information packs"
EPH-0382,v1.2 chronological census,V12-ABMX-0321,Catalog mailer,BMX Action Bike ten-issue subscription rate card,1983,1983,August 1983,BMX Action Bike; UKBMX Publications,Subscription offer documenting United Kingdom and international rates.,United Kingdom,Not applicable — period publication,,Chronological issue pass,PreviousPage exposes indexed text for BMX Action Bike — August 1983 — Volume 2 Number 10. This record preserves an issue-specific source occurrence and paraphrased factual details. Page-image comparison remains required before exact-layout quotation or visual identity merging.,HIGH,INDEX-ONLY,INCLUDED — indexed issue text; visual comparison pending.,https://previouspage.co.uk/magazines/BMX%20Action%20Bike/issues/63-august-nineteen-eighty-three,,bmx action bike ten issue subscription rate card august 1983,,REVIEW — recurring campaign/feature candidate; retain separately pending page-image comparison,Indexed page 58. Image: do not reproduce scan. Text: paraphrase facts and clearly paired prices only.,2026-08-01,PKR-CAT-003,"Mailers, stickers, and information packs"
EPH-0383,v1.2 chronological census,V12-ABMX-0322,Dealer/shop advertisement,BMX Centre Mousehole August stock and Viper announcement,1983,1983,August 1983,BMX Centre Mousehole; Diamond Back; Haro; Fox,"Dealer advertisement for frame sets, components, and the new Diamond Back Viper.",United Kingdom,Not applicable — period publication,,Chronological issue pass,PreviousPage exposes indexed text for BMX Action Bike — August 1983 — Volume 2 Number 10. This record preserves an issue-specific source occurrence and paraphrased factual details. Page-image comparison remains required before exact-layout quotation or visual identity merging.,HIGH,INDEX-ONLY,INCLUDED — indexed issue text; visual comparison pending.,https://previouspage.co.uk/magazines/BMX%20Action%20Bike/issues/63-august-nineteen-eighty-three,,bmx centre mousehole august stock and viper announcement august 1983,,RETAIN — issue-specific occurrence pending visual comparison,Indexed page 59. Image: do not reproduce scan. Text: paraphrase facts and clearly paired prices only.,2026-08-01,PKR-CAT-007,Dealers and distributors
EPH-0384,v1.2 chronological census,V12-ABMX-0323,Retailer advertisement / price list,Schofields Haro and Skyway frame discount advertisement,1983,1983,August 1983,Schofields; Haro; Skyway,Retail price promotion for discounted Haro Freestyler and Skyway TA frame-and-fork sets.,United Kingdom,Not applicable — period publication,,Chronological issue pass,PreviousPage exposes indexed text for BMX Action Bike — August 1983 — Volume 2 Number 10. This record preserves an issue-specific source occurrence and paraphrased factual details. Page-image comparison remains required before exact-layout quotation or visual identity merging.,HIGH,INDEX-ONLY,INCLUDED — indexed issue text; visual comparison pending.,https://previouspage.co.uk/magazines/BMX%20Action%20Bike/issues/63-august-nineteen-eighty-three,,schofields haro and skyway frame discount advertisement august 1983,,RETAIN — issue-specific occurrence pending visual comparison,Indexed page 59. Image: do not reproduce scan. Text: paraphrase facts and clearly paired prices only.,2026-08-01,PKR-CAT-002,Advertisements and price lists
EPH-0385,v1.2 chronological census,V12-ABMX-0324,Product literature,SportsPlus BMX track-design service advertisement,1983,1983,August 1983,SportsPlus,Professional track-design and landscaping service by the team associated with the NEC track.,United Kingdom,Not applicable — period publication,,Chronological issue pass,PreviousPage exposes indexed text for BMX Action Bike — August 1983 — Volume 2 Number 10. This record preserves an issue-specific source occurrence and paraphrased factual details. Page-image comparison remains required before exact-layout quotation or visual identity merging.,HIGH,INDEX-ONLY,INCLUDED — indexed issue text; visual comparison pending.,https://previouspage.co.uk/magazines/BMX%20Action%20Bike/issues/63-august-nineteen-eighty-three,,sportsplus bmx track design service advertisement august 1983,,REVIEW — recurring campaign/feature candidate; retain separately pending page-image comparison,Indexed page 59. Image: do not reproduce scan. Text: paraphrase facts and clearly paired prices only.,2026-08-01,PKR-CAT-001,Catalogs and product literature
EPH-0386,v1.2 chronological census,V12-ABMX-0325,Product announcement / kit,OT Cycles custom-built dream-machine service,1983,1983,August 1983,OT Cycles,Service announcement for no-charge assembly of fully customized BMX bicycles from in-stock components.,United Kingdom,Not applicable — period publication,,Chronological issue pass,PreviousPage exposes indexed text for BMX Action Bike — August 1983 — Volume 2 Number 10. This record preserves an issue-specific source occurrence and paraphrased factual details. Page-image comparison remains required before exact-layout quotation or visual identity merging.,HIGH,INDEX-ONLY,INCLUDED — indexed issue text; visual comparison pending.,https://previouspage.co.uk/magazines/BMX%20Action%20Bike/issues/63-august-nineteen-eighty-three,,ot cycles custom built dream machine service august 1983,,REVIEW — recurring campaign/feature candidate; retain separately pending page-image comparison,Indexed pages 60–62. Image: do not reproduce scan. Text: paraphrase facts and clearly paired prices only.,2026-08-01,PKR-CAT-008,Product announcements and technical material
EPH-0387,v1.2 chronological census,V12-ABMX-0326,Archive collection,Stu Diggens Me & My Bike profile,1983,1983,August 1983,Stu Diggens; Kuwahara; Redline; BMX Action Bike,"Rider profile documenting early racing, team changes, the Laserlite, training, maintenance, and competitive goals.",United Kingdom,Not applicable — period publication,,Chronological issue pass,PreviousPage exposes indexed text for BMX Action Bike — August 1983 — Volume 2 Number 10. This record preserves an issue-specific source occurrence and paraphrased factual details. Page-image comparison remains required before exact-layout quotation or visual identity merging.,HIGH,INDEX-ONLY,INCLUDED — indexed issue text; visual comparison pending.,https://previouspage.co.uk/magazines/BMX%20Action%20Bike/issues/63-august-nineteen-eighty-three,,stu diggens me my bike profile august 1983,,RETAIN — issue-specific occurrence pending visual comparison,Indexed pages 60–63. Image: do not reproduce scan. Text: paraphrase facts and clearly paired prices only.,2026-08-01,PKR-CAT-009,Editorial tests and historical documentation
EPH-0388,v1.2 chronological census,V12-ABMX-0327,Team advertisement,Skyway factory-team Horizons advertisement,1983,1983,August 1983,Skyway; Steve Shobert; Andy Patterson,"Factory-team advertisement connecting Skyway wheels, pedals, and pads to international competition.",United Kingdom,Not applicable — period publication,,Chronological issue pass,PreviousPage exposes indexed text for BMX Action Bike — August 1983 — Volume 2 Number 10. This record preserves an issue-specific source occurrence and paraphrased factual details. Page-image comparison remains required before exact-layout quotation or visual identity merging.,HIGH,INDEX-ONLY,INCLUDED — indexed issue text; visual comparison pending.,https://previouspage.co.uk/magazines/BMX%20Action%20Bike/issues/63-august-nineteen-eighty-three,,skyway factory team horizons advertisement august 1983,,RETAIN — issue-specific occurrence pending visual comparison,Indexed page 62. Image: do not reproduce scan. Text: paraphrase facts and clearly paired prices only.,2026-08-01,PKR-CAT-006,"Teams, riders, and brand campaigns"
EPH-0389,v1.2 chronological census,V12-ABMX-0328,Retailer advertisement / price list,Allen’s BMX Centre August parts price advertisement,1983,1983,August 1983,Allen’s BMX Centre,"Retail price advertisement for wheels, saddles, bars, chains, frames, and grips.",United Kingdom,Not applicable — period publication,,Chronological issue pass,PreviousPage exposes indexed text for BMX Action Bike — August 1983 — Volume 2 Number 10. This record preserves an issue-specific source occurrence and paraphrased factual details. Page-image comparison remains required before exact-layout quotation or visual identity merging.,HIGH,INDEX-ONLY,INCLUDED — indexed issue text; visual comparison pending.,https://previouspage.co.uk/magazines/BMX%20Action%20Bike/issues/63-august-nineteen-eighty-three,,allen s bmx centre august parts price advertisement august 1983,,RETAIN — issue-specific occurrence pending visual comparison,Indexed page 58. Image: do not reproduce scan. Text: paraphrase facts and clearly paired prices only.,2026-08-01,PKR-CAT-002,Advertisements and price lists
EPH-0390,v1.2 chronological census,V12-ABMX-0329,Dealer/shop advertisement,Dave Kane Cycles Ireland BMX shop advertisement,1983,1983,August 1983,Dave Kane Cycles; Diamond Back; Mongoose; Kuwahara,"Regional dealer advertisement for complete bikes, parts, accessories, and mail order.",United Kingdom,Not applicable — period publication,,Chronological issue pass,PreviousPage exposes indexed text for BMX Action Bike — August 1983 — Volume 2 Number 10. This record preserves an issue-specific source occurrence and paraphrased factual details. Page-image comparison remains required before exact-layout quotation or visual identity merging.,HIGH,INDEX-ONLY,INCLUDED — indexed issue text; visual comparison pending.,https://previouspage.co.uk/magazines/BMX%20Action%20Bike/issues/63-august-nineteen-eighty-three,,dave kane cycles ireland bmx shop advertisement august 1983,,RETAIN — issue-specific occurrence pending visual comparison,Indexed page 58. Image: do not reproduce scan. Text: paraphrase facts and clearly paired prices only.,2026-08-01,PKR-CAT-007,Dealers and distributors
EPH-0391,v1.2 chronological census,V12-ABMX-0330,Dealer/shop advertisement,Bates Cycles regional stock and mail-order advertisement,1983,1983,August 1983,Bates Cycles; Haro; Silverfox; Superfox,"Regional dealer advertisement for frame sets, complete bikes, wheels, accessories, and mail order.",United Kingdom,Not applicable — period publication,,Chronological issue pass,PreviousPage exposes indexed text for BMX Action Bike — August 1983 — Volume 2 Number 10. This record preserves an issue-specific source occurrence and paraphrased factual details. Page-image comparison remains required before exact-layout quotation or visual identity merging.,HIGH,INDEX-ONLY,INCLUDED — indexed issue text; visual comparison pending.,https://previouspage.co.uk/magazines/BMX%20Action%20Bike/issues/63-august-nineteen-eighty-three,,bates cycles regional stock and mail order advertisement august 1983,,REVIEW — recurring campaign/feature candidate; retain separately pending page-image comparison,Indexed page 58. Image: do not reproduce scan. Text: paraphrase facts and clearly paired prices only.,2026-08-01,PKR-CAT-007,Dealers and distributors
EPH-0392,v1.2 chronological census,V12-ABMX-0331,Dealer/shop advertisement,Madigan Cycles Carrickfergus BMX and club advertisement,1983,1983,August 1983,Madigan Cycles,"Dealer advertisement combining major-brand stock, accessories, finance, and an early Northern Ireland BMX club.",United Kingdom,Not applicable — period publication,,Chronological issue pass,PreviousPage exposes indexed text for BMX Action Bike — August 1983 — Volume 2 Number 10. This record preserves an issue-specific source occurrence and paraphrased factual details. Page-image comparison remains required before exact-layout quotation or visual identity merging.,HIGH,INDEX-ONLY,INCLUDED — indexed issue text; visual comparison pending.,https://previouspage.co.uk/magazines/BMX%20Action%20Bike/issues/63-august-nineteen-eighty-three,,madigan cycles carrickfergus bmx and club advertisement august 1983,,RETAIN — issue-specific occurrence pending visual comparison,Indexed page 58. Image: do not reproduce scan. Text: paraphrase facts and clearly paired prices only.,2026-08-01,PKR-CAT-007,Dealers and distributors
EPH-0393,v1.2 chronological census,V12-ABMX-0332,Dealer/shop advertisement,Conway Tyneside BMX specialist advertisement,1983,1983,August 1983,Conway; Kuwahara; Puch,"Regional dealer advertisement for equipment, mail order, and sponsored riders.",United Kingdom,Not applicable — period publication,,Chronological issue pass,PreviousPage exposes indexed text for BMX Action Bike — August 1983 — Volume 2 Number 10. This record preserves an issue-specific source occurrence and paraphrased factual details. Page-image comparison remains required before exact-layout quotation or visual identity merging.,HIGH,INDEX-ONLY,INCLUDED — indexed issue text; visual comparison pending.,https://previouspage.co.uk/magazines/BMX%20Action%20Bike/issues/63-august-nineteen-eighty-three,,conway tyneside bmx specialist advertisement august 1983,,REVIEW — recurring campaign/feature candidate; retain separately pending page-image comparison,Indexed page 58. Image: do not reproduce scan. Text: paraphrase facts and clearly paired prices only.,2026-08-01,PKR-CAT-007,Dealers and distributors
EPH-0394,v1.2 chronological census,V12-ABMX-0333,Dealer/shop advertisement,Bolton BMX Centre brand-stock advertisement,1983,1983,August 1983,Bolton BMX Centre; Mongoose; Diamond Back; GT; Firebird,"Regional dealer advertisement for race-ready bikes, frames, clothing, and helmets.",United Kingdom,Not applicable — period publication,,Chronological issue pass,PreviousPage exposes indexed text for BMX Action Bike — August 1983 — Volume 2 Number 10. This record preserves an issue-specific source occurrence and paraphrased factual details. Page-image comparison remains required before exact-layout quotation or visual identity merging.,HIGH,INDEX-ONLY,INCLUDED — indexed issue text; visual comparison pending.,https://previouspage.co.uk/magazines/BMX%20Action%20Bike/issues/63-august-nineteen-eighty-three,,bolton bmx centre brand stock advertisement august 1983,,RETAIN — issue-specific occurrence pending visual comparison,Indexed page 59. Image: do not reproduce scan. Text: paraphrase facts and clearly paired prices only.,2026-08-01,PKR-CAT-007,Dealers and distributors
EPH-0395,v1.2 chronological census,V12-ABMX-0334,Dealer/shop advertisement,Purley Cycle Sport and Pedalers brand-stock advertisement,1983,1983,August 1983,Purley Cycle Sport; Pedalers,Dealer advertisement listing major American and Japanese BMX brands and components.,United Kingdom,Not applicable — period publication,,Chronological issue pass,PreviousPage exposes indexed text for BMX Action Bike — August 1983 — Volume 2 Number 10. This record preserves an issue-specific source occurrence and paraphrased factual details. Page-image comparison remains required before exact-layout quotation or visual identity merging.,HIGH,INDEX-ONLY,INCLUDED — indexed issue text; visual comparison pending.,https://previouspage.co.uk/magazines/BMX%20Action%20Bike/issues/63-august-nineteen-eighty-three,,purley cycle sport and pedalers brand stock advertisement august 1983,,RETAIN — issue-specific occurrence pending visual comparison,Indexed page 59. Image: do not reproduce scan. Text: paraphrase facts and clearly paired prices only.,2026-08-01,PKR-CAT-007,Dealers and distributors
EPH-0396,v1.2 chronological census,V12-ABMX-0335,Product literature,Ukai narrow-rim and Panaracer tyre trend report,1983,1983,August 1983,Ukai; Panaracer; Gecko,"Editorial product note documenting 1 3/8-inch wheel adoption, size, weight, legality questions, and prices.",United Kingdom,Not applicable — period publication,,Chronological issue pass,PreviousPage exposes indexed text for BMX Action Bike — August 1983 — Volume 2 Number 10. This record preserves an issue-specific source occurrence and paraphrased factual details. Page-image comparison remains required before exact-layout quotation or visual identity merging.,HIGH,INDEX-ONLY,INCLUDED — indexed issue text; visual comparison pending.,https://previouspage.co.uk/magazines/BMX%20Action%20Bike/issues/63-august-nineteen-eighty-three,,ukai narrow rim and panaracer tyre trend report august 1983,,RETAIN — issue-specific occurrence pending visual comparison,Indexed page 59. Image: do not reproduce scan. Text: paraphrase facts and clearly paired prices only.,2026-08-01,PKR-CAT-001,Catalogs and product literature
EPH-0397,v1.2 chronological census,V12-ABMX-0336,Product literature,ACS Z-Rims no-quibble guarantee campaign,1983,1983,September 1983,ACS; Gecko Leisure Products,"Product campaign documenting Zytel construction, sizes, colors, complete-wheel availability, and breakage guarantee.",United Kingdom,Not applicable — period publication,,Chronological issue pass,PreviousPage exposes indexed text for BMX Action Bike — September 1983 — Volume 2 Number 11. This record preserves an issue-specific source occurrence and paraphrased factual details. Page-image comparison remains required before exact-layout quotation or visual identity merging.,HIGH,INDEX-ONLY,INCLUDED — indexed issue text; visual comparison pending.,https://previouspage.co.uk/magazines/BMX%20Action%20Bike/issues/64-september-nineteen-eighty-three,,acs z rims no quibble guarantee campaign september 1983,,REVIEW — recurring campaign/feature candidate; retain separately pending page-image comparison,Indexed page 2. Image: do not reproduce scan. Text: paraphrase facts and clearly paired prices only.,2026-08-01,PKR-CAT-001,Catalogs and product literature
EPH-0398,v1.2 chronological census,V12-ABMX-0337,Information-pack mailer,Strongs Bicycles free sticker-brochure mailer,1983,1983,September 1983,Strongs Bicycles,Stamped-envelope mailer for a free BMX sticker brochure.,United Kingdom,Not applicable — period publication,,Chronological issue pass,PreviousPage exposes indexed text for BMX Action Bike — September 1983 — Volume 2 Number 11. This record preserves an issue-specific source occurrence and paraphrased factual details. Page-image comparison remains required before exact-layout quotation or visual identity merging.,HIGH,INDEX-ONLY,INCLUDED — indexed issue text; visual comparison pending.,https://previouspage.co.uk/magazines/BMX%20Action%20Bike/issues/64-september-nineteen-eighty-three,,strongs bicycles free sticker brochure mailer september 1983,,REVIEW — recurring campaign/feature candidate; retain separately pending page-image comparison,Indexed page 4. Image: do not reproduce scan. Text: paraphrase facts and clearly paired prices only.,2026-08-01,PKR-CAT-003,"Mailers, stickers, and information packs"
EPH-0399,v1.2 chronological census,V12-ABMX-0338,Dealer/shop advertisement,G-Wheels custom-built BMX shop advertisement,1983,1983,September 1983,G-Wheels,Dealer advertisement offering custom bicycle assembly across a broad component and brand range.,United Kingdom,Not applicable — period publication,,Chronological issue pass,PreviousPage exposes indexed text for BMX Action Bike — September 1983 — Volume 2 Number 11. This record preserves an issue-specific source occurrence and paraphrased factual details. Page-image comparison remains required before exact-layout quotation or visual identity merging.,HIGH,INDEX-ONLY,INCLUDED — indexed issue text; visual comparison pending.,https://previouspage.co.uk/magazines/BMX%20Action%20Bike/issues/64-september-nineteen-eighty-three,,g wheels custom built bmx shop advertisement september 1983,,RETAIN — issue-specific occurrence pending visual comparison,Indexed page 4. Image: do not reproduce scan. Text: paraphrase facts and clearly paired prices only.,2026-08-01,PKR-CAT-007,Dealers and distributors
EPH-0400,v1.2 chronological census,V12-ABMX-0339,Dealer/shop advertisement,Lewisham and Greenwich BMX Centres stock advertisement,1983,1983,September 1983,BMX Centres Lewisham and Greenwich,"Two-location specialist dealer advertisement listing major BMX brands, parts, helmets, and racewear.",United Kingdom,Not applicable — period publication,,Chronological issue pass,PreviousPage exposes indexed text for BMX Action Bike — September 1983 — Volume 2 Number 11. This record preserves an issue-specific source occurrence and paraphrased factual details. Page-image comparison remains required before exact-layout quotation or visual identity merging.,HIGH,INDEX-ONLY,INCLUDED — indexed issue text; visual comparison pending.,https://previouspage.co.uk/magazines/BMX%20Action%20Bike/issues/64-september-nineteen-eighty-three,,lewisham and greenwich bmx centres stock advertisement september 1983,,RETAIN — issue-specific occurrence pending visual comparison,Indexed page 4. Image: do not reproduce scan. Text: paraphrase facts and clearly paired prices only.,2026-08-01,PKR-CAT-007,Dealers and distributors
EPH-0401,v1.2 chronological census,V12-ABMX-0340,Product literature,Patterson Pro 4130 frame advertisement,1983,1983,September 1983,Patterson; Hotshot BMX Racing,"Product advertisement for the Patterson Pro frame, emphasizing 4130 chromoly construction and TIG welding.",United Kingdom,Not applicable — period publication,,Chronological issue pass,PreviousPage exposes indexed text for BMX Action Bike — September 1983 — Volume 2 Number 11. This record preserves an issue-specific source occurrence and paraphrased factual details. Page-image comparison remains required before exact-layout quotation or visual identity merging.,HIGH,INDEX-ONLY,INCLUDED — indexed issue text; visual comparison pending.,https://previouspage.co.uk/magazines/BMX%20Action%20Bike/issues/64-september-nineteen-eighty-three,,patterson pro 4130 frame advertisement september 1983,,RETAIN — issue-specific occurrence pending visual comparison,Indexed page 5. Image: do not reproduce scan. Text: paraphrase facts and clearly paired prices only.,2026-08-01,PKR-CAT-001,Catalogs and product literature
EPH-0402,v1.2 chronological census,V12-ABMX-0341,Manufacturer/distributor catalog page,Hotshot imported-product line card,1983,1983,September 1983,Hotshot BMX Racing,"Importer line card listing Tioga, Uni, Patterson, Premier, Redline, Turbo Mag, Pro Gard, and period publications.",United Kingdom,Not applicable — period publication,,Chronological issue pass,PreviousPage exposes indexed text for BMX Action Bike — September 1983 — Volume 2 Number 11. This record preserves an issue-specific source occurrence and paraphrased factual details. Page-image comparison remains required before exact-layout quotation or visual identity merging.,HIGH,INDEX-ONLY,INCLUDED — indexed issue text; visual comparison pending.,https://previouspage.co.uk/magazines/BMX%20Action%20Bike/issues/64-september-nineteen-eighty-three,,hotshot imported product line card september 1983,,RETAIN — issue-specific occurrence pending visual comparison,Indexed page 5. Image: do not reproduce scan. Text: paraphrase facts and clearly paired prices only.,2026-08-01,PKR-CAT-001,Catalogs and product literature
EPH-0403,v1.2 chronological census,V12-ABMX-0342,Archive collection,1983 IBMXF World Championship results report,1983,1983,September 1983,IBMXF; Clint Miller; Louis Mears; BMX Action Bike,"Results and news record documenting Clint Miller's professional title, Louis Mears's British title, and international participation.",United Kingdom,Not applicable — period publication,,Chronological issue pass,PreviousPage exposes indexed text for BMX Action Bike — September 1983 — Volume 2 Number 11. This record preserves an issue-specific source occurrence and paraphrased factual details. Page-image comparison remains required before exact-layout quotation or visual identity merging.,HIGH,INDEX-ONLY,INCLUDED — indexed issue text; visual comparison pending.,https://previouspage.co.uk/magazines/BMX%20Action%20Bike/issues/64-september-nineteen-eighty-three,,1983 ibmxf world championship results report september 1983,,RETAIN — issue-specific occurrence pending visual comparison,Indexed pages 6–7. Image: do not reproduce scan. Text: paraphrase facts and clearly paired prices only.,2026-08-01,PKR-CAT-009,Editorial tests and historical documentation
EPH-0404,v1.2 chronological census,V12-ABMX-0343,Retailer advertisement / price list,Waldens BMX Headquarters September specials,1983,1983,September 1983,Waldens BMX Headquarters,"Retail advertisement for bikes, parts, and protective equipment tied to World Championship coverage.",United Kingdom,Not applicable — period publication,,Chronological issue pass,PreviousPage exposes indexed text for BMX Action Bike — September 1983 — Volume 2 Number 11. This record preserves an issue-specific source occurrence and paraphrased factual details. Page-image comparison remains required before exact-layout quotation or visual identity merging.,HIGH,INDEX-ONLY,INCLUDED — indexed issue text; visual comparison pending.,https://previouspage.co.uk/magazines/BMX%20Action%20Bike/issues/64-september-nineteen-eighty-three,,waldens bmx headquarters september specials september 1983,,RETAIN — issue-specific occurrence pending visual comparison,Indexed page 6. Image: do not reproduce scan. Text: paraphrase facts and clearly paired prices only.,2026-08-01,PKR-CAT-002,Advertisements and price lists
EPH-0405,v1.2 chronological census,V12-ABMX-0344,Dealer/shop advertisement,Dales Cycles Glasgow BMX headquarters advertisement,1983,1983,September 1983,Dales Cycles,"Dealer advertisement for a complete range of bikes, gear, and spares.",United Kingdom,Not applicable — period publication,,Chronological issue pass,PreviousPage exposes indexed text for BMX Action Bike — September 1983 — Volume 2 Number 11. This record preserves an issue-specific source occurrence and paraphrased factual details. Page-image comparison remains required before exact-layout quotation or visual identity merging.,HIGH,INDEX-ONLY,INCLUDED — indexed issue text; visual comparison pending.,https://previouspage.co.uk/magazines/BMX%20Action%20Bike/issues/64-september-nineteen-eighty-three,,dales cycles glasgow bmx headquarters advertisement september 1983,,RETAIN — issue-specific occurrence pending visual comparison,Indexed page 6. Image: do not reproduce scan. Text: paraphrase facts and clearly paired prices only.,2026-08-01,PKR-CAT-007,Dealers and distributors
EPH-0406,v1.2 chronological census,V12-ABMX-0345,Retailer advertisement / price list,Bunney’s GT Yes helmet introduction offer,1983,1983,September 1983,Bunney’s Bikes; Yes,Retail offer introducing Yes Fibrelite and Scorpion helmets.,United Kingdom,Not applicable — period publication,,Chronological issue pass,PreviousPage exposes indexed text for BMX Action Bike — September 1983 — Volume 2 Number 11. This record preserves an issue-specific source occurrence and paraphrased factual details. Page-image comparison remains required before exact-layout quotation or visual identity merging.,HIGH,INDEX-ONLY,INCLUDED — indexed issue text; visual comparison pending.,https://previouspage.co.uk/magazines/BMX%20Action%20Bike/issues/64-september-nineteen-eighty-three,,bunney s gt yes helmet introduction offer september 1983,,RETAIN — issue-specific occurrence pending visual comparison,Indexed page 6. Image: do not reproduce scan. Text: paraphrase facts and clearly paired prices only.,2026-08-01,PKR-CAT-002,Advertisements and price lists
EPH-0407,v1.2 chronological census,V12-ABMX-0346,Retailer advertisement / price list,Halfords BMX accessories price campaign,1983,1983,September 1983,Halfords; Suntour; Trax Pro; Cobra,"Large retailer campaign for saddles, helmets, gloves, wheel hardware, brake controls, grips, and complete bicycles.",United Kingdom,Not applicable — period publication,,Chronological issue pass,PreviousPage exposes indexed text for BMX Action Bike — September 1983 — Volume 2 Number 11. This record preserves an issue-specific source occurrence and paraphrased factual details. Page-image comparison remains required before exact-layout quotation or visual identity merging.,HIGH,INDEX-ONLY,INCLUDED — indexed issue text; visual comparison pending.,https://previouspage.co.uk/magazines/BMX%20Action%20Bike/issues/64-september-nineteen-eighty-three,,halfords bmx accessories price campaign september 1983,,RETAIN — issue-specific occurrence pending visual comparison,Indexed page 8. Image: do not reproduce scan. Text: paraphrase facts and clearly paired prices only.,2026-08-01,PKR-CAT-002,Advertisements and price lists
EPH-0408,v1.2 chronological census,V12-ABMX-0347,Product announcement / kit,"Harrogate product roundup: Rivat, Minoura, MKS, and brake controls",1983,1983,September 1983,Ron Kitching; Rivat; Minoura; MKS,"Product roundup introducing competition shoes, a folding workstand, Grafight-X pedals, and brake controls.",United Kingdom,Not applicable — period publication,,Chronological issue pass,PreviousPage exposes indexed text for BMX Action Bike — September 1983 — Volume 2 Number 11. This record preserves an issue-specific source occurrence and paraphrased factual details. Page-image comparison remains required before exact-layout quotation or visual identity merging.,HIGH,INDEX-ONLY,INCLUDED — indexed issue text; visual comparison pending.,https://previouspage.co.uk/magazines/BMX%20Action%20Bike/issues/64-september-nineteen-eighty-three,,harrogate product roundup rivat minoura mks and brake controls september 1983,,RETAIN — issue-specific occurrence pending visual comparison,Indexed page 10. Image: do not reproduce scan. Text: paraphrase facts and clearly paired prices only.,2026-08-01,PKR-CAT-008,Product announcements and technical material
EPH-0409,v1.2 chronological census,V12-ABMX-0348,Retailer advertisement / price list,Surrey BMX September comprehensive price list,1983,1983,September 1983,Surrey BMX; Kuwahara; GT; Torker; Haro; Hutch; Skyway,"Multi-page mail-order list for complete bikes, framesets, handlebars, wheels, forks, pads, plates, pedals, and brakes.",United Kingdom,Not applicable — period publication,,Chronological issue pass,PreviousPage exposes indexed text for BMX Action Bike — September 1983 — Volume 2 Number 11. This record preserves an issue-specific source occurrence and paraphrased factual details. Page-image comparison remains required before exact-layout quotation or visual identity merging.,HIGH,INDEX-ONLY,INCLUDED — indexed issue text; visual comparison pending.,https://previouspage.co.uk/magazines/BMX%20Action%20Bike/issues/64-september-nineteen-eighty-three,,surrey bmx september comprehensive price list september 1983,,RETAIN — issue-specific occurrence pending visual comparison,Indexed pages 10–12. Image: do not reproduce scan. Text: paraphrase facts and clearly paired prices only.,2026-08-01,PKR-CAT-002,Advertisements and price lists
EPH-0410,v1.2 chronological census,V12-ABMX-0349,Archive collection,1983 European Championships Dijon deciding-round report,1983,1983,September 1983,European BMX Championship; Tim March; Andy Patterson; BMX Action Bike,"International race report documenting the deciding French round, heat, tactics, results, and championship titles.",United Kingdom,Not applicable — period publication,,Chronological issue pass,PreviousPage exposes indexed text for BMX Action Bike — September 1983 — Volume 2 Number 11. This record preserves an issue-specific source occurrence and paraphrased factual details. Page-image comparison remains required before exact-layout quotation or visual identity merging.,HIGH,INDEX-ONLY,INCLUDED — indexed issue text; visual comparison pending.,https://previouspage.co.uk/magazines/BMX%20Action%20Bike/issues/64-september-nineteen-eighty-three,,1983 european championships dijon deciding round report september 1983,,RETAIN — issue-specific occurrence pending visual comparison,Indexed pages 13–19. Image: do not reproduce scan. Text: paraphrase facts and clearly paired prices only.,2026-08-01,PKR-CAT-009,Editorial tests and historical documentation
EPH-0411,v1.2 chronological census,V12-ABMX-0350,Team advertisement,Raleigh Champions of Europe Burner campaign,1983,1983,September 1983,Raleigh; Danny Stabielli; Craig Schofield,Factory-team brand advertisement connecting Raleigh Burner riders to European championship results.,United Kingdom,Not applicable — period publication,,Chronological issue pass,PreviousPage exposes indexed text for BMX Action Bike — September 1983 — Volume 2 Number 11. This record preserves an issue-specific source occurrence and paraphrased factual details. Page-image comparison remains required before exact-layout quotation or visual identity merging.,HIGH,INDEX-ONLY,INCLUDED — indexed issue text; visual comparison pending.,https://previouspage.co.uk/magazines/BMX%20Action%20Bike/issues/64-september-nineteen-eighty-three,,raleigh champions of europe burner campaign september 1983,,RETAIN — issue-specific occurrence pending visual comparison,Indexed page 12. Image: do not reproduce scan. Text: paraphrase facts and clearly paired prices only.,2026-08-01,PKR-CAT-006,"Teams, riders, and brand campaigns"
EPH-0412,v1.2 chronological census,V12-ABMX-0351,Event notice / contact flyer,September 1983 BMX race calendar,1983,1983,September 1983,BMX Action Bike; UKBMX; NBMXA; regional organizers,"Month-ahead calendar covering national, regional, club, open, and international events.",United Kingdom,Not applicable — period publication,,Chronological issue pass,PreviousPage exposes indexed text for BMX Action Bike — September 1983 — Volume 2 Number 11. This record preserves an issue-specific source occurrence and paraphrased factual details. Page-image comparison remains required before exact-layout quotation or visual identity merging.,HIGH,INDEX-ONLY,INCLUDED — indexed issue text; visual comparison pending.,https://previouspage.co.uk/magazines/BMX%20Action%20Bike/issues/64-september-nineteen-eighty-three,,september 1983 bmx race calendar september 1983,,RETAIN — issue-specific occurrence pending visual comparison,Indexed calendar section. Image: do not reproduce scan. Text: paraphrase facts and clearly paired prices only.,2026-08-01,PKR-CAT-005,"Events, registration, and membership"
EPH-0413,v1.2 chronological census,V12-ABMX-0352,Product literature,Bob Medrano mid-air moves instructional feature,1983,1983,September 1983,Bob Medrano; BMX Action Bike,Freestyle instruction documenting aerial body movement and style.,United Kingdom,Not applicable — period publication,,Chronological issue pass,PreviousPage exposes indexed text for BMX Action Bike — September 1983 — Volume 2 Number 11. This record preserves an issue-specific source occurrence and paraphrased factual details. Page-image comparison remains required before exact-layout quotation or visual identity merging.,HIGH,INDEX-ONLY,INCLUDED — indexed issue text; visual comparison pending.,https://previouspage.co.uk/magazines/BMX%20Action%20Bike/issues/64-september-nineteen-eighty-three,,bob medrano mid air moves instructional feature september 1983,,RETAIN — issue-specific occurrence pending visual comparison,Indexed pages 25–26. Image: do not reproduce scan. Text: paraphrase facts and clearly paired prices only.,2026-08-01,PKR-CAT-001,Catalogs and product literature
EPH-0414,v1.2 chronological census,V12-ABMX-0353,Contest entry form / promotion,Skyway TA frame-and-fork giveaway,1983,1983,September 1983,BMX Action Bike; Skyway,Reader matching competition awarding a Skyway TA frame-and-fork set.,United Kingdom,Not applicable — period publication,,Chronological issue pass,PreviousPage exposes indexed text for BMX Action Bike — September 1983 — Volume 2 Number 11. This record preserves an issue-specific source occurrence and paraphrased factual details. Page-image comparison remains required before exact-layout quotation or visual identity merging.,HIGH,INDEX-ONLY,INCLUDED — indexed issue text; visual comparison pending.,https://previouspage.co.uk/magazines/BMX%20Action%20Bike/issues/64-september-nineteen-eighty-three,,skyway ta frame and fork giveaway september 1983,,RETAIN — issue-specific occurrence pending visual comparison,Indexed pages 25–26. Image: do not reproduce scan. Text: paraphrase facts and clearly paired prices only.,2026-08-01,PKR-CAT-004,Contests and promotions
EPH-0415,v1.2 chronological census,V12-ABMX-0354,Dealer/shop advertisement,KD Racing BMX brands and indoor-track advertisement,1983,1983,September 1983,KD Racing; Diamond Back; Mongoose; Kuwahara,"Dealer advertisement for bikes, spares, clothing, and recurring indoor racing.",United Kingdom,Not applicable — period publication,,Chronological issue pass,PreviousPage exposes indexed text for BMX Action Bike — September 1983 — Volume 2 Number 11. This record preserves an issue-specific source occurrence and paraphrased factual details. Page-image comparison remains required before exact-layout quotation or visual identity merging.,HIGH,INDEX-ONLY,INCLUDED — indexed issue text; visual comparison pending.,https://previouspage.co.uk/magazines/BMX%20Action%20Bike/issues/64-september-nineteen-eighty-three,,kd racing bmx brands and indoor track advertisement september 1983,,RETAIN — issue-specific occurrence pending visual comparison,Indexed page 27. Image: do not reproduce scan. Text: paraphrase facts and clearly paired prices only.,2026-08-01,PKR-CAT-007,Dealers and distributors
EPH-0416,v1.2 chronological census,V12-ABMX-0355,Retailer advertisement / price list,Bristol custom-built BMX price advertisement,1983,1983,September 1983,Bristol BMX retailer; Diamond Back; Mongoose; PK Ripper,"Retail advertisement for custom bicycles, complete bikes, components, and instant credit.",United Kingdom,Not applicable — period publication,,Chronological issue pass,PreviousPage exposes indexed text for BMX Action Bike — September 1983 — Volume 2 Number 11. This record preserves an issue-specific source occurrence and paraphrased factual details. Page-image comparison remains required before exact-layout quotation or visual identity merging.,HIGH,INDEX-ONLY,INCLUDED — indexed issue text; visual comparison pending.,https://previouspage.co.uk/magazines/BMX%20Action%20Bike/issues/64-september-nineteen-eighty-three,,bristol custom built bmx price advertisement september 1983,,RETAIN — issue-specific occurrence pending visual comparison,Indexed page 27. Image: do not reproduce scan. Text: paraphrase facts and clearly paired prices only.,2026-08-01,PKR-CAT-002,Advertisements and price lists
EPH-0417,v1.2 chronological census,V12-ABMX-0356,Product literature,CW racer handlebar range advertisement,1983,1983,September 1983,CW; Hotwheels,"Product advertisement comparing mini, standard, and professional chromoly handlebar sizes.",United Kingdom,Not applicable — period publication,,Chronological issue pass,PreviousPage exposes indexed text for BMX Action Bike — September 1983 — Volume 2 Number 11. This record preserves an issue-specific source occurrence and paraphrased factual details. Page-image comparison remains required before exact-layout quotation or visual identity merging.,HIGH,INDEX-ONLY,INCLUDED — indexed issue text; visual comparison pending.,https://previouspage.co.uk/magazines/BMX%20Action%20Bike/issues/64-september-nineteen-eighty-three,,cw racer handlebar range advertisement september 1983,,RETAIN — issue-specific occurrence pending visual comparison,Indexed page 27. Image: do not reproduce scan. Text: paraphrase facts and clearly paired prices only.,2026-08-01,PKR-CAT-001,Catalogs and product literature
EPH-0418,v1.2 chronological census,V12-ABMX-0357,Product announcement / kit,Boss Reynolds 501 handbuilt BMX launch,1983,1983,September 1983,Boss,Launch announcement for individually handbuilt race bicycles using Reynolds 501 tubing and adjustable specifications.,United Kingdom,Not applicable — period publication,,Chronological issue pass,PreviousPage exposes indexed text for BMX Action Bike — September 1983 — Volume 2 Number 11. This record preserves an issue-specific source occurrence and paraphrased factual details. Page-image comparison remains required before exact-layout quotation or visual identity merging.,HIGH,INDEX-ONLY,INCLUDED — indexed issue text; visual comparison pending.,https://previouspage.co.uk/magazines/BMX%20Action%20Bike/issues/64-september-nineteen-eighty-three,,boss reynolds 501 handbuilt bmx launch september 1983,,RETAIN — issue-specific occurrence pending visual comparison,Indexed page 28. Image: do not reproduce scan. Text: paraphrase facts and clearly paired prices only.,2026-08-01,PKR-CAT-008,Product announcements and technical material
EPH-0419,v1.2 chronological census,V12-ABMX-0358,Product literature,Neil Stevens bar-hop instructional feature,1983,1983,September 1983,Neil Stevens; BMX Action Bike,"Step-by-step freestyle guide covering approach, body position, bar clearance, and dismount.",United Kingdom,Not applicable — period publication,,Chronological issue pass,PreviousPage exposes indexed text for BMX Action Bike — September 1983 — Volume 2 Number 11. This record preserves an issue-specific source occurrence and paraphrased factual details. Page-image comparison remains required before exact-layout quotation or visual identity merging.,HIGH,INDEX-ONLY,INCLUDED — indexed issue text; visual comparison pending.,https://previouspage.co.uk/magazines/BMX%20Action%20Bike/issues/64-september-nineteen-eighty-three,,neil stevens bar hop instructional feature september 1983,,RETAIN — issue-specific occurrence pending visual comparison,Indexed pages 28–29. Image: do not reproduce scan. Text: paraphrase facts and clearly paired prices only.,2026-08-01,PKR-CAT-001,Catalogs and product literature
EPH-0420,v1.2 chronological census,V12-ABMX-0359,Information-pack mailer,"GT Greg Hill poster, stickers, and price-list mailer",1983,1983,September 1983,GT; Greg Hill; GB GT,"Mail-in offer for a Greg Hill color poster, stickers, and price list.",United Kingdom,Not applicable — period publication,,Chronological issue pass,PreviousPage exposes indexed text for BMX Action Bike — September 1983 — Volume 2 Number 11. This record preserves an issue-specific source occurrence and paraphrased factual details. Page-image comparison remains required before exact-layout quotation or visual identity merging.,HIGH,INDEX-ONLY,INCLUDED — indexed issue text; visual comparison pending.,https://previouspage.co.uk/magazines/BMX%20Action%20Bike/issues/64-september-nineteen-eighty-three,,gt greg hill poster stickers and price list mailer september 1983,,REVIEW — recurring campaign/feature candidate; retain separately pending page-image comparison,Indexed page 30. Image: do not reproduce scan. Text: paraphrase facts and clearly paired prices only.,2026-08-01,PKR-CAT-003,"Mailers, stickers, and information packs"
EPH-0421,v1.2 chronological census,V12-ABMX-0360,Manufacturer/distributor catalog page,September next-generation BMX dealer network campaign,1983,1983,September 1983,UK BMX dealer network; Diamond Back; Mongoose; Firebird; Hutch,"Multi-brand dealer-network promotion for complete bikes, framesets, and future stock.",United Kingdom,Not applicable — period publication,,Chronological issue pass,PreviousPage exposes indexed text for BMX Action Bike — September 1983 — Volume 2 Number 11. This record preserves an issue-specific source occurrence and paraphrased factual details. Page-image comparison remains required before exact-layout quotation or visual identity merging.,HIGH,INDEX-ONLY,INCLUDED — indexed issue text; visual comparison pending.,https://previouspage.co.uk/magazines/BMX%20Action%20Bike/issues/64-september-nineteen-eighty-three,,september next generation bmx dealer network campaign september 1983,,RETAIN — issue-specific occurrence pending visual comparison,Indexed page 30. Image: do not reproduce scan. Text: paraphrase facts and clearly paired prices only.,2026-08-01,PKR-CAT-001,Catalogs and product literature
EPH-0422,v1.2 chronological census,V12-ABMX-0361,Dealer/shop advertisement,MK Cycles Haro bargain and custom-wheel advertisement,1983,1983,September 1983,MK Cycles; Haro,Dealer advertisement for a discounted chromoly Haro bicycle and handbuilt wheel options.,United Kingdom,Not applicable — period publication,,Chronological issue pass,PreviousPage exposes indexed text for BMX Action Bike — September 1983 — Volume 2 Number 11. This record preserves an issue-specific source occurrence and paraphrased factual details. Page-image comparison remains required before exact-layout quotation or visual identity merging.,HIGH,INDEX-ONLY,INCLUDED — indexed issue text; visual comparison pending.,https://previouspage.co.uk/magazines/BMX%20Action%20Bike/issues/64-september-nineteen-eighty-three,,mk cycles haro bargain and custom wheel advertisement september 1983,,RETAIN — issue-specific occurrence pending visual comparison,Indexed page 30. Image: do not reproduce scan. Text: paraphrase facts and clearly paired prices only.,2026-08-01,PKR-CAT-007,Dealers and distributors
EPH-0423,v1.2 chronological census,V12-ABMX-0362,Product literature,Grease Monkey freewheel service guide,1983,1983,September 1983,BMX Action Bike; Geoff Barraclough; Ian Buckden,"Technical maintenance guide covering freewheel inspection, removal, disassembly, cleaning, and reassembly.",United Kingdom,Not applicable — period publication,,Chronological issue pass,PreviousPage exposes indexed text for BMX Action Bike — September 1983 — Volume 2 Number 11. This record preserves an issue-specific source occurrence and paraphrased factual details. Page-image comparison remains required before exact-layout quotation or visual identity merging.,HIGH,INDEX-ONLY,INCLUDED — indexed issue text; visual comparison pending.,https://previouspage.co.uk/magazines/BMX%20Action%20Bike/issues/64-september-nineteen-eighty-three,,grease monkey freewheel service guide september 1983,,RETAIN — issue-specific occurrence pending visual comparison,Indexed pages 35–36. Image: do not reproduce scan. Text: paraphrase facts and clearly paired prices only.,2026-08-01,PKR-CAT-001,Catalogs and product literature
EPH-0424,v1.2 chronological census,V12-ABMX-0363,Product-history object,JMC Mini editorial test,1983,1983,September 1983,JMC; BMX Action Bike,Editorial test of a lightweight mini racing frame intended for smaller expert riders.,United Kingdom,Not applicable — period publication,,Chronological issue pass,PreviousPage exposes indexed text for BMX Action Bike — September 1983 — Volume 2 Number 11. This record preserves an issue-specific source occurrence and paraphrased factual details. Page-image comparison remains required before exact-layout quotation or visual identity merging.,HIGH,INDEX-ONLY,INCLUDED — indexed issue text; visual comparison pending.,https://previouspage.co.uk/magazines/BMX%20Action%20Bike/issues/64-september-nineteen-eighty-three,,jmc mini editorial test september 1983,,RETAIN — issue-specific occurrence pending visual comparison,Indexed pages 39–40. Image: do not reproduce scan. Text: paraphrase facts and clearly paired prices only.,2026-08-01,PKR-CAT-009,Editorial tests and historical documentation
EPH-0425,v1.2 chronological census,V12-ABMX-0364,Archive collection,ABMX Scrapbook cruiser-racing feature,1983,1983,September 1983,BMX Action Bike; Tim March; Jamie Vince,Photo and text record documenting the growing 24-inch cruiser class and leading riders and frames.,United Kingdom,Not applicable — period publication,,Chronological issue pass,PreviousPage exposes indexed text for BMX Action Bike — September 1983 — Volume 2 Number 11. This record preserves an issue-specific source occurrence and paraphrased factual details. Page-image comparison remains required before exact-layout quotation or visual identity merging.,HIGH,INDEX-ONLY,INCLUDED — indexed issue text; visual comparison pending.,https://previouspage.co.uk/magazines/BMX%20Action%20Bike/issues/64-september-nineteen-eighty-three,,abmx scrapbook cruiser racing feature september 1983,,RETAIN — issue-specific occurrence pending visual comparison,Indexed pages 40–48. Image: do not reproduce scan. Text: paraphrase facts and clearly paired prices only.,2026-08-01,PKR-CAT-009,Editorial tests and historical documentation
EPH-0426,v1.2 chronological census,V12-ABMX-0365,Archive collection,UKBMX national rankings noticeboard,1983,1983,September 1983,UKBMX,Association noticeboard publishing rankings through nine national meetings.,United Kingdom,Not applicable — period publication,,Chronological issue pass,PreviousPage exposes indexed text for BMX Action Bike — September 1983 — Volume 2 Number 11. This record preserves an issue-specific source occurrence and paraphrased factual details. Page-image comparison remains required before exact-layout quotation or visual identity merging.,HIGH,INDEX-ONLY,INCLUDED — indexed issue text; visual comparison pending.,https://previouspage.co.uk/magazines/BMX%20Action%20Bike/issues/64-september-nineteen-eighty-three,,ukbmx national rankings noticeboard september 1983,,RETAIN — issue-specific occurrence pending visual comparison,Indexed pages 46–47. Image: do not reproduce scan. Text: paraphrase facts and clearly paired prices only.,2026-08-01,PKR-CAT-009,Editorial tests and historical documentation
EPH-0427,v1.2 chronological census,V12-ABMX-0366,Retailer advertisement / price list,"Faze 7 frames, wheels, apparel, and complete-bike price list",1983,1983,September 1983,Faze 7; Haro; Hutch; GT; Skyway,"Association-adjacent retailer price list for framesets, wheels, tyres, apparel, plates, and complete bikes.",United Kingdom,Not applicable — period publication,,Chronological issue pass,PreviousPage exposes indexed text for BMX Action Bike — September 1983 — Volume 2 Number 11. This record preserves an issue-specific source occurrence and paraphrased factual details. Page-image comparison remains required before exact-layout quotation or visual identity merging.,HIGH,INDEX-ONLY,INCLUDED — indexed issue text; visual comparison pending.,https://previouspage.co.uk/magazines/BMX%20Action%20Bike/issues/64-september-nineteen-eighty-three,,faze 7 frames wheels apparel and complete bike price list september 1983,,RETAIN — issue-specific occurrence pending visual comparison,Indexed pages 46–47. Image: do not reproduce scan. Text: paraphrase facts and clearly paired prices only.,2026-08-01,PKR-CAT-002,Advertisements and price lists
EPH-0428,v1.2 chronological census,V12-ABMX-0367,Retailer advertisement / price list,Suntal Cycles September complete-bike and component prices,1983,1983,September 1983,Suntal Cycles; Diamond Back; Kuwahara; Yamaha,"Retail advertisement for complete bicycles, framesets, wheels, helmets, and components.",United Kingdom,Not applicable — period publication,,Chronological issue pass,PreviousPage exposes indexed text for BMX Action Bike — September 1983 — Volume 2 Number 11. This record preserves an issue-specific source occurrence and paraphrased factual details. Page-image comparison remains required before exact-layout quotation or visual identity merging.,HIGH,INDEX-ONLY,INCLUDED — indexed issue text; visual comparison pending.,https://previouspage.co.uk/magazines/BMX%20Action%20Bike/issues/64-september-nineteen-eighty-three,,suntal cycles september complete bike and component prices september 1983,,RETAIN — issue-specific occurrence pending visual comparison,Indexed page 46. Image: do not reproduce scan. Text: paraphrase facts and clearly paired prices only.,2026-08-01,PKR-CAT-002,Advertisements and price lists
EPH-0429,v1.2 chronological census,V12-ABMX-0368,Event registration coupon,UKBMX membership and insurance-extension application,1983,1983,September 1983,UKBMX,Membership application documenting UK competition membership and European and worldwide insurance extensions.,United Kingdom,Not applicable — period publication,,Chronological issue pass,PreviousPage exposes indexed text for BMX Action Bike — September 1983 — Volume 2 Number 11. This record preserves an issue-specific source occurrence and paraphrased factual details. Page-image comparison remains required before exact-layout quotation or visual identity merging.,HIGH,INDEX-ONLY,INCLUDED — indexed issue text; visual comparison pending.,https://previouspage.co.uk/magazines/BMX%20Action%20Bike/issues/64-september-nineteen-eighty-three,,ukbmx membership and insurance extension application september 1983,,RETAIN — issue-specific occurrence pending visual comparison,Indexed page 46. Image: do not reproduce scan. Text: paraphrase facts and clearly paired prices only.,2026-08-01,PKR-CAT-005,"Events, registration, and membership"
EPH-0430,v1.2 chronological census,V12-ABMX-0369,Product literature,Shimano DX chromoly freewheel technical advertisement,1983,1983,September 1983,Shimano; Middlemores,Technical advertisement for a chain-compatible chromoly freewheel with forged alloy construction and dust sealing.,United Kingdom,Not applicable — period publication,,Chronological issue pass,PreviousPage exposes indexed text for BMX Action Bike — September 1983 — Volume 2 Number 11. This record preserves an issue-specific source occurrence and paraphrased factual details. Page-image comparison remains required before exact-layout quotation or visual identity merging.,HIGH,INDEX-ONLY,INCLUDED — indexed issue text; visual comparison pending.,https://previouspage.co.uk/magazines/BMX%20Action%20Bike/issues/64-september-nineteen-eighty-three,,shimano dx chromoly freewheel technical advertisement september 1983,,RETAIN — issue-specific occurrence pending visual comparison,Indexed page 50. Image: do not reproduce scan. Text: paraphrase facts and clearly paired prices only.,2026-08-01,PKR-CAT-001,Catalogs and product literature
EPH-0431,v1.2 chronological census,V12-ABMX-0370,Retailer advertisement / price list,Cycling 2000 September mail-order price list,1983,1983,September 1983,Cycling 2000; Hutch; Shimano; Skyway; ACS,"Mail-order price list for seat clamps, levers, wheels, grips, framesets, forks, and bars.",United Kingdom,Not applicable — period publication,,Chronological issue pass,PreviousPage exposes indexed text for BMX Action Bike — September 1983 — Volume 2 Number 11. This record preserves an issue-specific source occurrence and paraphrased factual details. Page-image comparison remains required before exact-layout quotation or visual identity merging.,HIGH,INDEX-ONLY,INCLUDED — indexed issue text; visual comparison pending.,https://previouspage.co.uk/magazines/BMX%20Action%20Bike/issues/64-september-nineteen-eighty-three,,cycling 2000 september mail order price list september 1983,,RETAIN — issue-specific occurrence pending visual comparison,Indexed pages 57–58. Image: do not reproduce scan. Text: paraphrase facts and clearly paired prices only.,2026-08-01,PKR-CAT-002,Advertisements and price lists
EPH-0432,v1.2 chronological census,V12-ABMX-0371,Retailer advertisement / price list,Edinburgh BMX shop September clearout and component prices,1983,1983,September 1983,Edinburgh BMX retailer; Kuwahara; Diamond Back; Mongoose,"Scottish dealer price advertisement for premium bikes, framesets, bars, and clearout items.",United Kingdom,Not applicable — period publication,,Chronological issue pass,PreviousPage exposes indexed text for BMX Action Bike — September 1983 — Volume 2 Number 11. This record preserves an issue-specific source occurrence and paraphrased factual details. Page-image comparison remains required before exact-layout quotation or visual identity merging.,HIGH,INDEX-ONLY,INCLUDED — indexed issue text; visual comparison pending.,https://previouspage.co.uk/magazines/BMX%20Action%20Bike/issues/64-september-nineteen-eighty-three,,edinburgh bmx shop september clearout and component prices september 1983,,RETAIN — issue-specific occurrence pending visual comparison,Indexed pages 57–58. Image: do not reproduce scan. Text: paraphrase facts and clearly paired prices only.,2026-08-01,PKR-CAT-002,Advertisements and price lists
EPH-0433,v1.2 chronological census,V12-ABMX-0372,Dealer advertisement / price-list lead,ABMX September Sales and Swaps marketplace,1983,1983,September 1983,BMX Action Bike; UKBMX Publications,"Private classified marketplace preserving period asking prices, wanted notices, and swap terms.",United Kingdom,Not applicable — period publication,,Chronological issue pass,PreviousPage exposes indexed text for BMX Action Bike — September 1983 — Volume 2 Number 11. This record preserves an issue-specific source occurrence and paraphrased factual details. Page-image comparison remains required before exact-layout quotation or visual identity merging.,HIGH,INDEX-ONLY,INCLUDED — indexed issue text; visual comparison pending.,https://previouspage.co.uk/magazines/BMX%20Action%20Bike/issues/64-september-nineteen-eighty-three,,abmx september sales and swaps marketplace september 1983,,REVIEW — recurring campaign/feature candidate; retain separately pending page-image comparison,Indexed pages 53 onward. Image: do not reproduce scan. Text: paraphrase facts and clearly paired prices only.,2026-08-01,PKR-CAT-007,Dealers and distributors
EPH-0434,v1.2 chronological census,V12-ABMX-0373,Product-history object,Kuwahara Nova editorial test,1983,1983,September 1983,Kuwahara; BMX Action Bike,"Editorial test documenting Nova geometry, chromoly and trimoly construction, specification, handling, and value.",United Kingdom,Not applicable — period publication,,Chronological issue pass,PreviousPage exposes indexed text for BMX Action Bike — September 1983 — Volume 2 Number 11. This record preserves an issue-specific source occurrence and paraphrased factual details. Page-image comparison remains required before exact-layout quotation or visual identity merging.,HIGH,INDEX-ONLY,INCLUDED — indexed issue text; visual comparison pending.,https://previouspage.co.uk/magazines/BMX%20Action%20Bike/issues/64-september-nineteen-eighty-three,,kuwahara nova editorial test september 1983,,RETAIN — issue-specific occurrence pending visual comparison,Indexed pages 56–58. Image: do not reproduce scan. Text: paraphrase facts and clearly paired prices only.,2026-08-01,PKR-CAT-009,Editorial tests and historical documentation
EPH-0435,v1.2 chronological census,V12-ABMX-0374,Archive collection,Tracy McKinney Me & My Bike profile,1983,1983,September 1983,Tracy McKinney; BMX Action Bike,"Rider-and-equipment profile documenting racing background, bicycle setup, and competitive experience.",United Kingdom,Not applicable — period publication,,Chronological issue pass,PreviousPage exposes indexed text for BMX Action Bike — September 1983 — Volume 2 Number 11. This record preserves an issue-specific source occurrence and paraphrased factual details. Page-image comparison remains required before exact-layout quotation or visual identity merging.,HIGH,INDEX-ONLY,INCLUDED — indexed issue text; visual comparison pending.,https://previouspage.co.uk/magazines/BMX%20Action%20Bike/issues/64-september-nineteen-eighty-three,,tracy mckinney me my bike profile september 1983,,RETAIN — issue-specific occurrence pending visual comparison,Indexed pages 62 onward. Image: do not reproduce scan. Text: paraphrase facts and clearly paired prices only.,2026-08-01,PKR-CAT-009,Editorial tests and historical documentation
EPH-0436,v1.2 chronological census,V12-ABMX-0375,Product announcement / kit,September Trick Stuff product roundup,1983,1983,September 1983,BMX Action Bike; period manufacturers,Editorial product roundup recording newly introduced BMX components and accessories.,United Kingdom,Not applicable — period publication,,Chronological issue pass,PreviousPage exposes indexed text for BMX Action Bike — September 1983 — Volume 2 Number 11. This record preserves an issue-specific source occurrence and paraphrased factual details. Page-image comparison remains required before exact-layout quotation or visual identity merging.,HIGH,INDEX-ONLY,INCLUDED — indexed issue text; visual comparison pending.,https://previouspage.co.uk/magazines/BMX%20Action%20Bike/issues/64-september-nineteen-eighty-three,,september trick stuff product roundup september 1983,,RETAIN — issue-specific occurrence pending visual comparison,Indexed page 54. Image: do not reproduce scan. Text: paraphrase facts and clearly paired prices only.,2026-08-01,PKR-CAT-008,Product announcements and technical material
EPH-0437,v1.2 chronological census,V12-ABMX-0376,Catalog mailer,BMX Action Bike September back-copy mailer,1983,1983,September 1983,BMX Action Bike; UKBMX Publications,Mail-order offer for available prior issues.,United Kingdom,Not applicable — period publication,,Chronological issue pass,PreviousPage exposes indexed text for BMX Action Bike — September 1983 — Volume 2 Number 11. This record preserves an issue-specific source occurrence and paraphrased factual details. Page-image comparison remains required before exact-layout quotation or visual identity merging.,HIGH,INDEX-ONLY,INCLUDED — indexed issue text; visual comparison pending.,https://previouspage.co.uk/magazines/BMX%20Action%20Bike/issues/64-september-nineteen-eighty-three,,bmx action bike september back copy mailer september 1983,,REVIEW — recurring campaign/feature candidate; retain separately pending page-image comparison,Indexed mail-order section. Image: do not reproduce scan. Text: paraphrase facts and clearly paired prices only.,2026-08-01,PKR-CAT-003,"Mailers, stickers, and information packs"
EPH-0438,v1.2 chronological census,V12-ABMX-0377,Catalog mailer,BMX Action Bike September binder offer,1983,1983,September 1983,BMX Action Bike; UKBMX Publications,Mail-order binder for preserving twelve issues.,United Kingdom,Not applicable — period publication,,Chronological issue pass,PreviousPage exposes indexed text for BMX Action Bike — September 1983 — Volume 2 Number 11. This record preserves an issue-specific source occurrence and paraphrased factual details. Page-image comparison remains required before exact-layout quotation or visual identity merging.,HIGH,INDEX-ONLY,INCLUDED — indexed issue text; visual comparison pending.,https://previouspage.co.uk/magazines/BMX%20Action%20Bike/issues/64-september-nineteen-eighty-three,,bmx action bike september binder offer september 1983,,REVIEW — recurring campaign/feature candidate; retain separately pending page-image comparison,Indexed mail-order section. Image: do not reproduce scan. Text: paraphrase facts and clearly paired prices only.,2026-08-01,PKR-CAT-003,"Mailers, stickers, and information packs"
EPH-0439,v1.2 chronological census,V12-ABMX-0378,Catalog mailer,BMX Action Bike September subscription offer,1983,1983,September 1983,BMX Action Bike; UKBMX Publications,Subscription rate card for United Kingdom and international readers.,United Kingdom,Not applicable — period publication,,Chronological issue pass,PreviousPage exposes indexed text for BMX Action Bike — September 1983 — Volume 2 Number 11. This record preserves an issue-specific source occurrence and paraphrased factual details. Page-image comparison remains required before exact-layout quotation or visual identity merging.,HIGH,INDEX-ONLY,INCLUDED — indexed issue text; visual comparison pending.,https://previouspage.co.uk/magazines/BMX%20Action%20Bike/issues/64-september-nineteen-eighty-three,,bmx action bike september subscription offer september 1983,,REVIEW — recurring campaign/feature candidate; retain separately pending page-image comparison,Indexed mail-order section. Image: do not reproduce scan. Text: paraphrase facts and clearly paired prices only.,2026-08-01,PKR-CAT-003,"Mailers, stickers, and information packs"
EPH-0440,v1.2 chronological census,V12-ABMX-0379,Information-pack mailer,King Sticker September packet offer,1983,1983,September 1983,King Sticker,Mail-order sticker packet promotion.,United Kingdom,Not applicable — period publication,,Chronological issue pass,PreviousPage exposes indexed text for BMX Action Bike — September 1983 — Volume 2 Number 11. This record preserves an issue-specific source occurrence and paraphrased factual details. Page-image comparison remains required before exact-layout quotation or visual identity merging.,HIGH,INDEX-ONLY,INCLUDED — indexed issue text; visual comparison pending.,https://previouspage.co.uk/magazines/BMX%20Action%20Bike/issues/64-september-nineteen-eighty-three,,king sticker september packet offer september 1983,,REVIEW — recurring campaign/feature candidate; retain separately pending page-image comparison,Indexed advertisement section. Image: do not reproduce scan. Text: paraphrase facts and clearly paired prices only.,2026-08-01,PKR-CAT-003,"Mailers, stickers, and information packs"
EPH-0441,v1.2 chronological census,V12-ABMX-0380,Product literature,SportsPlus BMX track-design service campaign,1983,1983,September 1983,SportsPlus,Professional track-design and landscaping service advertisement.,United Kingdom,Not applicable — period publication,,Chronological issue pass,PreviousPage exposes indexed text for BMX Action Bike — September 1983 — Volume 2 Number 11. This record preserves an issue-specific source occurrence and paraphrased factual details. Page-image comparison remains required before exact-layout quotation or visual identity merging.,HIGH,INDEX-ONLY,INCLUDED — indexed issue text; visual comparison pending.,https://previouspage.co.uk/magazines/BMX%20Action%20Bike/issues/64-september-nineteen-eighty-three,,sportsplus bmx track design service campaign september 1983,,RETAIN — issue-specific occurrence pending visual comparison,Indexed advertisement section. Image: do not reproduce scan. Text: paraphrase facts and clearly paired prices only.,2026-08-01,PKR-CAT-001,Catalogs and product literature
EPH-0442,v1.2 chronological census,V12-ABMX-0381,Product announcement / kit,Skyway coaster conversion-kit announcement,1983,1983,September 1983,Skyway,Industry news item announcing a coaster conversion kit for freestyle riders.,United Kingdom,Not applicable — period publication,,Chronological issue pass,PreviousPage exposes indexed text for BMX Action Bike — September 1983 — Volume 2 Number 11. This record preserves an issue-specific source occurrence and paraphrased factual details. Page-image comparison remains required before exact-layout quotation or visual identity merging.,HIGH,INDEX-ONLY,INCLUDED — indexed issue text; visual comparison pending.,https://previouspage.co.uk/magazines/BMX%20Action%20Bike/issues/64-september-nineteen-eighty-three,,skyway coaster conversion kit announcement september 1983,,RETAIN — issue-specific occurrence pending visual comparison,Indexed Hotlines section. Image: do not reproduce scan. Text: paraphrase facts and clearly paired prices only.,2026-08-01,PKR-CAT-008,Product announcements and technical material
EPH-0443,v1.2 chronological census,V12-ABMX-0382,Product announcement / kit,Yes motorized-visor helmet announcement,1983,1983,September 1983,Yes,Industry news item announcing a powered helmet visor and proposed remote handlebar control.,United Kingdom,Not applicable — period publication,,Chronological issue pass,PreviousPage exposes indexed text for BMX Action Bike — September 1983 — Volume 2 Number 11. This record preserves an issue-specific source occurrence and paraphrased factual details. Page-image comparison remains required before exact-layout quotation or visual identity merging.,HIGH,INDEX-ONLY,INCLUDED — indexed issue text; visual comparison pending.,https://previouspage.co.uk/magazines/BMX%20Action%20Bike/issues/64-september-nineteen-eighty-three,,yes motorized visor helmet announcement september 1983,,RETAIN — issue-specific occurrence pending visual comparison,Indexed Hotlines section. Image: do not reproduce scan. Text: paraphrase facts and clearly paired prices only.,2026-08-01,PKR-CAT-008,Product announcements and technical material
EPH-0444,v1.2 chronological census,V12-ABMX-0383,Factory-team history,Hutch United Kingdom factory-team formation notice,1983,1983,September 1983,Hutch; Damion Myles,Factory-team news announcing a new UK squad and its first named rider.,United Kingdom,Not applicable — period publication,,Chronological issue pass,PreviousPage exposes indexed text for BMX Action Bike — September 1983 — Volume 2 Number 11. This record preserves an issue-specific source occurrence and paraphrased factual details. Page-image comparison remains required before exact-layout quotation or visual identity merging.,HIGH,INDEX-ONLY,INCLUDED — indexed issue text; visual comparison pending.,https://previouspage.co.uk/magazines/BMX%20Action%20Bike/issues/64-september-nineteen-eighty-three,,hutch united kingdom factory team formation notice september 1983,,RETAIN — issue-specific occurrence pending visual comparison,Indexed Hotlines section. Image: do not reproduce scan. Text: paraphrase facts and clearly paired prices only.,2026-08-01,PKR-CAT-006,"Teams, riders, and brand campaigns"
EPH-0445,v1.2 chronological census,V12-ABMX-0384,Product announcement / kit,TI Reynolds experimental aero-tubing notice,1983,1983,September 1983,TI Reynolds; Raleigh,Industry news documenting experimental aero BMX tubing development.,United Kingdom,Not applicable — period publication,,Chronological issue pass,PreviousPage exposes indexed text for BMX Action Bike — September 1983 — Volume 2 Number 11. This record preserves an issue-specific source occurrence and paraphrased factual details. Page-image comparison remains required before exact-layout quotation or visual identity merging.,HIGH,INDEX-ONLY,INCLUDED — indexed issue text; visual comparison pending.,https://previouspage.co.uk/magazines/BMX%20Action%20Bike/issues/64-september-nineteen-eighty-three,,ti reynolds experimental aero tubing notice september 1983,,RETAIN — issue-specific occurrence pending visual comparison,Indexed Hotlines section. Image: do not reproduce scan. Text: paraphrase facts and clearly paired prices only.,2026-08-01,PKR-CAT-008,Product announcements and technical material
EPH-0446,v1.2 chronological census,V12-ABMX-0385,Archive collection,September United Kingdom BMX track-development roundup,1983,1983,September 1983,BMX Action Bike; local authorities and clubs,"Track-development news covering planned and active facilities across Bristol, Birmingham, Glasgow, London, and other communities.",United Kingdom,Not applicable — period publication,,Chronological issue pass,PreviousPage exposes indexed text for BMX Action Bike — September 1983 — Volume 2 Number 11. This record preserves an issue-specific source occurrence and paraphrased factual details. Page-image comparison remains required before exact-layout quotation or visual identity merging.,HIGH,INDEX-ONLY,INCLUDED — indexed issue text; visual comparison pending.,https://previouspage.co.uk/magazines/BMX%20Action%20Bike/issues/64-september-nineteen-eighty-three,,september united kingdom bmx track development roundup september 1983,,RETAIN — issue-specific occurrence pending visual comparison,Indexed Hotlines section. Image: do not reproduce scan. Text: paraphrase facts and clearly paired prices only.,2026-08-01,PKR-CAT-009,Editorial tests and historical documentation
EPH-0447,v1.2 chronological census,V12-ABMX-0386,Product literature,Stunting over-the-bars instructional feature,1983,1983,September 1983,BMX Action Bike,Technique feature documenting controlled over-the-bars stunt execution.,United Kingdom,Not applicable — period publication,,Chronological issue pass,PreviousPage exposes indexed text for BMX Action Bike — September 1983 — Volume 2 Number 11. This record preserves an issue-specific source occurrence and paraphrased factual details. Page-image comparison remains required before exact-layout quotation or visual identity merging.,HIGH,INDEX-ONLY,INCLUDED — indexed issue text; visual comparison pending.,https://previouspage.co.uk/magazines/BMX%20Action%20Bike/issues/64-september-nineteen-eighty-three,,stunting over the bars instructional feature september 1983,,RETAIN — issue-specific occurrence pending visual comparison,Indexed page 28 feature listing. Image: do not reproduce scan. Text: paraphrase facts and clearly paired prices only.,2026-08-01,PKR-CAT-001,Catalogs and product literature
EPH-0448,v1.2 chronological census,V12-ABMX-0387,Archive collection,Sid’s Amazing Leap stunt documentation,1983,1983,September 1983,Sid; BMX Action Bike,Period stunt feature preserving a notable jump and its publication context.,United Kingdom,Not applicable — period publication,,Chronological issue pass,PreviousPage exposes indexed text for BMX Action Bike — September 1983 — Volume 2 Number 11. This record preserves an issue-specific source occurrence and paraphrased factual details. Page-image comparison remains required before exact-layout quotation or visual identity merging.,HIGH,INDEX-ONLY,INCLUDED — indexed issue text; visual comparison pending.,https://previouspage.co.uk/magazines/BMX%20Action%20Bike/issues/64-september-nineteen-eighty-three,,sid s amazing leap stunt documentation september 1983,,RETAIN — issue-specific occurrence pending visual comparison,Indexed page 31 feature listing. Image: do not reproduce scan. Text: paraphrase facts and clearly paired prices only.,2026-08-01,PKR-CAT-009,Editorial tests and historical documentation
EPH-0449,v1.2 chronological census,V12-ABMX-0388,Product literature,ACS Z-Wheels Mike Buff technology campaign,1983,1983,October 1983,ACS; Mike Buff,"Product campaign linking ACS Z-Wheels, Z-Hubs, and stunt performance to Mike Buff.",United Kingdom,Not applicable — period publication,,Chronological issue pass,PreviousPage exposes indexed text for BMX Action Bike — October 1983 — Volume 2 Number 12. This record preserves an issue-specific source occurrence and paraphrased factual details. Page-image comparison remains required before exact-layout quotation or visual identity merging.,HIGH,INDEX-ONLY,INCLUDED — indexed issue text; visual comparison pending.,https://previouspage.co.uk/issues/85-october-nineteen-eighty-three,,acs z wheels mike buff technology campaign october 1983,,RETAIN — issue-specific occurrence pending visual comparison,Indexed page 2. Image: do not reproduce scan. Text: paraphrase facts and clearly paired prices only.,2026-08-01,PKR-CAT-001,Catalogs and product literature
EPH-0450,v1.2 chronological census,V12-ABMX-0389,Retailer advertisement / price list,"Torker 260, 280X, and 340 October price advertisement",1983,1983,October 1983,Torker; UK distributor,Complete-bike and cruiser advertisement with model specifications and retail prices.,United Kingdom,Not applicable — period publication,,Chronological issue pass,PreviousPage exposes indexed text for BMX Action Bike — October 1983 — Volume 2 Number 12. This record preserves an issue-specific source occurrence and paraphrased factual details. Page-image comparison remains required before exact-layout quotation or visual identity merging.,HIGH,INDEX-ONLY,INCLUDED — indexed issue text; visual comparison pending.,https://previouspage.co.uk/issues/85-october-nineteen-eighty-three,,torker 260 280x and 340 october price advertisement october 1983,,RETAIN — issue-specific occurrence pending visual comparison,Indexed pages 4–5. Image: do not reproduce scan. Text: paraphrase facts and clearly paired prices only.,2026-08-01,PKR-CAT-002,Advertisements and price lists
EPH-0451,v1.2 chronological census,V12-ABMX-0390,Retailer advertisement / price list,Big W October BMX specials,1983,1983,October 1983,Big W,"Retail campaign for handlebars, seatposts, Firebird framesets, repair kits, and major complete-bike brands.",United Kingdom,Not applicable — period publication,,Chronological issue pass,PreviousPage exposes indexed text for BMX Action Bike — October 1983 — Volume 2 Number 12. This record preserves an issue-specific source occurrence and paraphrased factual details. Page-image comparison remains required before exact-layout quotation or visual identity merging.,HIGH,INDEX-ONLY,INCLUDED — indexed issue text; visual comparison pending.,https://previouspage.co.uk/issues/85-october-nineteen-eighty-three,,big w october bmx specials october 1983,,RETAIN — issue-specific occurrence pending visual comparison,Indexed pages 4–5. Image: do not reproduce scan. Text: paraphrase facts and clearly paired prices only.,2026-08-01,PKR-CAT-002,Advertisements and price lists
EPH-0452,v1.2 chronological census,V12-ABMX-0391,Event notice / contact flyer,October 1983 BMX race calendar,1983,1983,October 1983,BMX Action Bike; UKBMX; NBMXA; regional organizers,"Month-ahead calendar for national, regional, club, open, and international events.",United Kingdom,Not applicable — period publication,,Chronological issue pass,PreviousPage exposes indexed text for BMX Action Bike — October 1983 — Volume 2 Number 12. This record preserves an issue-specific source occurrence and paraphrased factual details. Page-image comparison remains required before exact-layout quotation or visual identity merging.,HIGH,INDEX-ONLY,INCLUDED — indexed issue text; visual comparison pending.,https://previouspage.co.uk/issues/85-october-nineteen-eighty-three,,october 1983 bmx race calendar october 1983,,RETAIN — issue-specific occurrence pending visual comparison,Indexed race-calendar section. Image: do not reproduce scan. Text: paraphrase facts and clearly paired prices only.,2026-08-01,PKR-CAT-005,"Events, registration, and membership"
EPH-0453,v1.2 chronological census,V12-ABMX-0392,Contest entry form / promotion,Marlboro Zapper bicycle recognition giveaway,1983,1983,October 1983,BMX Action Bike; Marlboro,Reader bicycle-recognition contest awarding a Zapper BMX bicycle.,United Kingdom,Not applicable — period publication,,Chronological issue pass,PreviousPage exposes indexed text for BMX Action Bike — October 1983 — Volume 2 Number 12. This record preserves an issue-specific source occurrence and paraphrased factual details. Page-image comparison remains required before exact-layout quotation or visual identity merging.,HIGH,INDEX-ONLY,INCLUDED — indexed issue text; visual comparison pending.,https://previouspage.co.uk/issues/85-october-nineteen-eighty-three,,marlboro zapper bicycle recognition giveaway october 1983,,RETAIN — issue-specific occurrence pending visual comparison,Indexed pages 13–14. Image: do not reproduce scan. Text: paraphrase facts and clearly paired prices only.,2026-08-01,PKR-CAT-004,Contests and promotions
EPH-0454,v1.2 chronological census,V12-ABMX-0393,Product literature,Backyard quarter-pipe construction and riding feature,1983,1983,October 1983,BMX Action Bike; home builders,Do-it-yourself feature documenting backyard quarter-pipe construction and riding.,United Kingdom,Not applicable — period publication,,Chronological issue pass,PreviousPage exposes indexed text for BMX Action Bike — October 1983 — Volume 2 Number 12. This record preserves an issue-specific source occurrence and paraphrased factual details. Page-image comparison remains required before exact-layout quotation or visual identity merging.,HIGH,INDEX-ONLY,INCLUDED — indexed issue text; visual comparison pending.,https://previouspage.co.uk/issues/85-october-nineteen-eighty-three,,backyard quarter pipe construction and riding feature october 1983,,RETAIN — issue-specific occurrence pending visual comparison,Indexed pages 14–18. Image: do not reproduce scan. Text: paraphrase facts and clearly paired prices only.,2026-08-01,PKR-CAT-001,Catalogs and product literature
EPH-0455,v1.2 chronological census,V12-ABMX-0394,Archive collection,1983 IBMXF World Championships Slagharen report,1983,1983,October 1983,IBMXF; Clint Miller; Greg Hill; international teams,"International championship report documenting seventeen nations, professional racing, results, and BMX's global growth.",United Kingdom,Not applicable — period publication,,Chronological issue pass,PreviousPage exposes indexed text for BMX Action Bike — October 1983 — Volume 2 Number 12. This record preserves an issue-specific source occurrence and paraphrased factual details. Page-image comparison remains required before exact-layout quotation or visual identity merging.,HIGH,INDEX-ONLY,INCLUDED — indexed issue text; visual comparison pending.,https://previouspage.co.uk/issues/85-october-nineteen-eighty-three,,1983 ibmxf world championships slagharen report october 1983,,RETAIN — issue-specific occurrence pending visual comparison,Indexed pages 22–35. Image: do not reproduce scan. Text: paraphrase facts and clearly paired prices only.,2026-08-01,PKR-CAT-009,Editorial tests and historical documentation
EPH-0456,v1.2 chronological census,V12-ABMX-0395,Product literature,Grease Monkey chain and transmission maintenance guide,1983,1983,October 1983,BMX Action Bike; Geoff Barraclough; Ian Buckden,"Technical guide covering chain inspection, cleaning, tension, wear, and transmission maintenance.",United Kingdom,Not applicable — period publication,,Chronological issue pass,PreviousPage exposes indexed text for BMX Action Bike — October 1983 — Volume 2 Number 12. This record preserves an issue-specific source occurrence and paraphrased factual details. Page-image comparison remains required before exact-layout quotation or visual identity merging.,HIGH,INDEX-ONLY,INCLUDED — indexed issue text; visual comparison pending.,https://previouspage.co.uk/issues/85-october-nineteen-eighty-three,,grease monkey chain and transmission maintenance guide october 1983,,RETAIN — issue-specific occurrence pending visual comparison,Indexed pages 35–37. Image: do not reproduce scan. Text: paraphrase facts and clearly paired prices only.,2026-08-01,PKR-CAT-001,Catalogs and product literature
EPH-0457,v1.2 chronological census,V12-ABMX-0396,Product-history object,Patterson Pro frame-and-fork editorial test,1983,1983,October 1983,Patterson; BMX Action Bike,"Editorial test of the Patterson Pro frameset, construction, geometry, finish, and race performance.",United Kingdom,Not applicable — period publication,,Chronological issue pass,PreviousPage exposes indexed text for BMX Action Bike — October 1983 — Volume 2 Number 12. This record preserves an issue-specific source occurrence and paraphrased factual details. Page-image comparison remains required before exact-layout quotation or visual identity merging.,HIGH,INDEX-ONLY,INCLUDED — indexed issue text; visual comparison pending.,https://previouspage.co.uk/issues/85-october-nineteen-eighty-three,,patterson pro frame and fork editorial test october 1983,,RETAIN — issue-specific occurrence pending visual comparison,Indexed pages 37–44. Image: do not reproduce scan. Text: paraphrase facts and clearly paired prices only.,2026-08-01,PKR-CAT-009,Editorial tests and historical documentation
EPH-0458,v1.2 chronological census,V12-ABMX-0397,Archive collection,Clint Miller Making of a World Champion profile,1983,1983,October 1983,Clint Miller; Kuwahara; Craig Kundig,"Career profile documenting Miller's move from Torker, team management, machine development, training, and world title.",United Kingdom,Not applicable — period publication,,Chronological issue pass,PreviousPage exposes indexed text for BMX Action Bike — October 1983 — Volume 2 Number 12. This record preserves an issue-specific source occurrence and paraphrased factual details. Page-image comparison remains required before exact-layout quotation or visual identity merging.,HIGH,INDEX-ONLY,INCLUDED — indexed issue text; visual comparison pending.,https://previouspage.co.uk/issues/85-october-nineteen-eighty-three,,clint miller making of a world champion profile october 1983,,RETAIN — issue-specific occurrence pending visual comparison,Indexed pages 47–51. Image: do not reproduce scan. Text: paraphrase facts and clearly paired prices only.,2026-08-01,PKR-CAT-009,Editorial tests and historical documentation
EPH-0459,v1.2 chronological census,V12-ABMX-0398,Archive collection,NBMXA affiliated-club and rulebook noticeboard,1983,1983,October 1983,NBMXA,Association notice documenting newly affiliated clubs and the British BMX rulebook offer.,United Kingdom,Not applicable — period publication,,Chronological issue pass,PreviousPage exposes indexed text for BMX Action Bike — October 1983 — Volume 2 Number 12. This record preserves an issue-specific source occurrence and paraphrased factual details. Page-image comparison remains required before exact-layout quotation or visual identity merging.,HIGH,INDEX-ONLY,INCLUDED — indexed issue text; visual comparison pending.,https://previouspage.co.uk/issues/85-october-nineteen-eighty-three,,nbmxa affiliated club and rulebook noticeboard october 1983,,RETAIN — issue-specific occurrence pending visual comparison,Indexed page 52. Image: do not reproduce scan. Text: paraphrase facts and clearly paired prices only.,2026-08-01,PKR-CAT-009,Editorial tests and historical documentation
EPH-0460,v1.2 chronological census,V12-ABMX-0399,Event registration coupon,UKBMX October membership and insurance application,1983,1983,October 1983,UKBMX,Membership application documenting UK competition membership and optional European and worldwide extensions.,United Kingdom,Not applicable — period publication,,Chronological issue pass,PreviousPage exposes indexed text for BMX Action Bike — October 1983 — Volume 2 Number 12. This record preserves an issue-specific source occurrence and paraphrased factual details. Page-image comparison remains required before exact-layout quotation or visual identity merging.,HIGH,INDEX-ONLY,INCLUDED — indexed issue text; visual comparison pending.,https://previouspage.co.uk/issues/85-october-nineteen-eighty-three,,ukbmx october membership and insurance application october 1983,,RETAIN — issue-specific occurrence pending visual comparison,Indexed page 52. Image: do not reproduce scan. Text: paraphrase facts and clearly paired prices only.,2026-08-01,PKR-CAT-005,"Events, registration, and membership"
EPH-0461,v1.2 chronological census,V12-ABMX-0400,Dealer advertisement / price-list lead,ABMX October Sales and Swaps marketplace,1983,1983,October 1983,BMX Action Bike; UKBMX Publications,"Private classified marketplace preserving period asking prices, wanted notices, and swaps.",United Kingdom,Not applicable — period publication,,Chronological issue pass,PreviousPage exposes indexed text for BMX Action Bike — October 1983 — Volume 2 Number 12. This record preserves an issue-specific source occurrence and paraphrased factual details. Page-image comparison remains required before exact-layout quotation or visual identity merging.,HIGH,INDEX-ONLY,INCLUDED — indexed issue text; visual comparison pending.,https://previouspage.co.uk/issues/85-october-nineteen-eighty-three,,abmx october sales and swaps marketplace october 1983,,REVIEW — recurring campaign/feature candidate; retain separately pending page-image comparison,Indexed pages 50–52. Image: do not reproduce scan. Text: paraphrase facts and clearly paired prices only.,2026-08-01,PKR-CAT-007,Dealers and distributors
EPH-0462,v1.2 chronological census,V12-ABMX-0401,Product-history object,Diamond Back Viper thrash test,1983,1983,October 1983,Diamond Back; BMX Action Bike,"Editorial test of the Viper complete bicycle, rider sizing, handling, components, and approximate retail context.",United Kingdom,Not applicable — period publication,,Chronological issue pass,PreviousPage exposes indexed text for BMX Action Bike — October 1983 — Volume 2 Number 12. This record preserves an issue-specific source occurrence and paraphrased factual details. Page-image comparison remains required before exact-layout quotation or visual identity merging.,HIGH,INDEX-ONLY,INCLUDED — indexed issue text; visual comparison pending.,https://previouspage.co.uk/issues/85-october-nineteen-eighty-three,,diamond back viper thrash test october 1983,,RETAIN — issue-specific occurrence pending visual comparison,Indexed pages 55–57. Image: do not reproduce scan. Text: paraphrase facts and clearly paired prices only.,2026-08-01,PKR-CAT-009,Editorial tests and historical documentation
EPH-0463,v1.2 chronological census,V12-ABMX-0402,Product literature,Neil Stevens freestyle hop-back guide,1983,1983,October 1983,Neil Stevens; BMX Action Bike,Step-by-step freestyle instruction for reversing through repeated hop-back movements.,United Kingdom,Not applicable — period publication,,Chronological issue pass,PreviousPage exposes indexed text for BMX Action Bike — October 1983 — Volume 2 Number 12. This record preserves an issue-specific source occurrence and paraphrased factual details. Page-image comparison remains required before exact-layout quotation or visual identity merging.,HIGH,INDEX-ONLY,INCLUDED — indexed issue text; visual comparison pending.,https://previouspage.co.uk/issues/85-october-nineteen-eighty-three,,neil stevens freestyle hop back guide october 1983,,RETAIN — issue-specific occurrence pending visual comparison,Indexed pages 58–59. Image: do not reproduce scan. Text: paraphrase facts and clearly paired prices only.,2026-08-01,PKR-CAT-001,Catalogs and product literature
EPH-0464,v1.2 chronological census,V12-ABMX-0403,Archive collection,Craig Strong Me & My Bike profile,1983,1983,October 1983,Craig Strong; BMX Action Bike,"Rider-and-equipment profile documenting wheelie performance, bicycle history, and setup.",United Kingdom,Not applicable — period publication,,Chronological issue pass,PreviousPage exposes indexed text for BMX Action Bike — October 1983 — Volume 2 Number 12. This record preserves an issue-specific source occurrence and paraphrased factual details. Page-image comparison remains required before exact-layout quotation or visual identity merging.,HIGH,INDEX-ONLY,INCLUDED — indexed issue text; visual comparison pending.,https://previouspage.co.uk/issues/85-october-nineteen-eighty-three,,craig strong me my bike profile october 1983,,RETAIN — issue-specific occurrence pending visual comparison,Indexed feature pages 58–62. Image: do not reproduce scan. Text: paraphrase facts and clearly paired prices only.,2026-08-01,PKR-CAT-009,Editorial tests and historical documentation
EPH-0465,v1.2 chronological census,V12-ABMX-0404,Retailer advertisement / price list,Pedal Pushers October mail-order price list,1983,1983,October 1983,Pedal Pushers; Kuwahara; GT; Diamond Back,"Mail-order list for complete bikes, framesets, wheels, components, and custom builds.",United Kingdom,Not applicable — period publication,,Chronological issue pass,PreviousPage exposes indexed text for BMX Action Bike — October 1983 — Volume 2 Number 12. This record preserves an issue-specific source occurrence and paraphrased factual details. Page-image comparison remains required before exact-layout quotation or visual identity merging.,HIGH,INDEX-ONLY,INCLUDED — indexed issue text; visual comparison pending.,https://previouspage.co.uk/issues/85-october-nineteen-eighty-three,,pedal pushers october mail order price list october 1983,,RETAIN — issue-specific occurrence pending visual comparison,Indexed pages 10–12. Image: do not reproduce scan. Text: paraphrase facts and clearly paired prices only.,2026-08-01,PKR-CAT-002,Advertisements and price lists
EPH-0466,v1.2 chronological census,V12-ABMX-0405,Retailer advertisement / price list,Stechford Cycles October component price list,1983,1983,October 1983,Stechford Cycles; Tange; ACS; Yes; CW; Haro,"Retail list for forks, rims, shoes, grips, bars, protective equipment, and number plates.",United Kingdom,Not applicable — period publication,,Chronological issue pass,PreviousPage exposes indexed text for BMX Action Bike — October 1983 — Volume 2 Number 12. This record preserves an issue-specific source occurrence and paraphrased factual details. Page-image comparison remains required before exact-layout quotation or visual identity merging.,HIGH,INDEX-ONLY,INCLUDED — indexed issue text; visual comparison pending.,https://previouspage.co.uk/issues/85-october-nineteen-eighty-three,,stechford cycles october component price list october 1983,,RETAIN — issue-specific occurrence pending visual comparison,Indexed pages 10–12. Image: do not reproduce scan. Text: paraphrase facts and clearly paired prices only.,2026-08-01,PKR-CAT-002,Advertisements and price lists
EPH-0467,v1.2 chronological census,V12-ABMX-0406,Product announcement / kit,Oakley sliders and legaiters protective-apparel announcement,1983,1983,October 1983,Oakley,Product announcement for protective sliders and legaiters in multiple sizes.,United Kingdom,Not applicable — period publication,,Chronological issue pass,PreviousPage exposes indexed text for BMX Action Bike — October 1983 — Volume 2 Number 12. This record preserves an issue-specific source occurrence and paraphrased factual details. Page-image comparison remains required before exact-layout quotation or visual identity merging.,HIGH,INDEX-ONLY,INCLUDED — indexed issue text; visual comparison pending.,https://previouspage.co.uk/issues/85-october-nineteen-eighty-three,,oakley sliders and legaiters protective apparel announcement october 1983,,RETAIN — issue-specific occurrence pending visual comparison,Indexed pages 9–10. Image: do not reproduce scan. Text: paraphrase facts and clearly paired prices only.,2026-08-01,PKR-CAT-008,Product announcements and technical material
EPH-0468,v1.2 chronological census,V12-ABMX-0407,Retailer advertisement / price list,"Faze 7 October wheel, component, and complete-bike price list",1983,1983,October 1983,Faze 7; Skyway; ACS; Redline; Shimano,"Retail and mail-order list for wheels, tyres, cranks, pads, apparel, and complete bikes.",United Kingdom,Not applicable — period publication,,Chronological issue pass,PreviousPage exposes indexed text for BMX Action Bike — October 1983 — Volume 2 Number 12. This record preserves an issue-specific source occurrence and paraphrased factual details. Page-image comparison remains required before exact-layout quotation or visual identity merging.,HIGH,INDEX-ONLY,INCLUDED — indexed issue text; visual comparison pending.,https://previouspage.co.uk/issues/85-october-nineteen-eighty-three,,faze 7 october wheel component and complete bike price list october 1983,,RETAIN — issue-specific occurrence pending visual comparison,Indexed pages 21–22. Image: do not reproduce scan. Text: paraphrase facts and clearly paired prices only.,2026-08-01,PKR-CAT-002,Advertisements and price lists
EPH-0469,v1.2 chronological census,V12-ABMX-0408,Product literature,Firebird Delta II October engineering campaign,1983,1983,October 1983,DP Racing; Firebird; Reynolds,"Product campaign describing tri-twin design, 4130 chromoly, Reynolds 501 tubing, and price.",United Kingdom,Not applicable — period publication,,Chronological issue pass,PreviousPage exposes indexed text for BMX Action Bike — October 1983 — Volume 2 Number 12. This record preserves an issue-specific source occurrence and paraphrased factual details. Page-image comparison remains required before exact-layout quotation or visual identity merging.,HIGH,INDEX-ONLY,INCLUDED — indexed issue text; visual comparison pending.,https://previouspage.co.uk/issues/85-october-nineteen-eighty-three,,firebird delta ii october engineering campaign october 1983,,RETAIN — issue-specific occurrence pending visual comparison,Indexed page 21. Image: do not reproduce scan. Text: paraphrase facts and clearly paired prices only.,2026-08-01,PKR-CAT-001,Catalogs and product literature
EPH-0470,v1.2 chronological census,V12-ABMX-0409,Retailer advertisement / price list,Supertune BMX October mail-order catalogue,1983,1983,October 1983,Supertune BMX Racing; GT; Diamond Back; Shimano; Oakley,"Large mail-order list for bars, grips, pedals, framesets, cranks, wheels, seats, clothing, helmets, and plates.",United Kingdom,Not applicable — period publication,,Chronological issue pass,PreviousPage exposes indexed text for BMX Action Bike — October 1983 — Volume 2 Number 12. This record preserves an issue-specific source occurrence and paraphrased factual details. Page-image comparison remains required before exact-layout quotation or visual identity merging.,HIGH,INDEX-ONLY,INCLUDED — indexed issue text; visual comparison pending.,https://previouspage.co.uk/issues/85-october-nineteen-eighty-three,,supertune bmx october mail order catalogue october 1983,,RETAIN — issue-specific occurrence pending visual comparison,Indexed pages 34–37. Image: do not reproduce scan. Text: paraphrase facts and clearly paired prices only.,2026-08-01,PKR-CAT-002,Advertisements and price lists
EPH-0471,v1.2 chronological census,V12-ABMX-0410,Product literature,CW winning-racer handlebar campaign,1983,1983,October 1983,CW; Hotwheels,"Product advertisement comparing mini, standard, and professional handlebar configurations.",United Kingdom,Not applicable — period publication,,Chronological issue pass,PreviousPage exposes indexed text for BMX Action Bike — October 1983 — Volume 2 Number 12. This record preserves an issue-specific source occurrence and paraphrased factual details. Page-image comparison remains required before exact-layout quotation or visual identity merging.,HIGH,INDEX-ONLY,INCLUDED — indexed issue text; visual comparison pending.,https://previouspage.co.uk/issues/85-october-nineteen-eighty-three,,cw winning racer handlebar campaign october 1983,,RETAIN — issue-specific occurrence pending visual comparison,Indexed page 36. Image: do not reproduce scan. Text: paraphrase facts and clearly paired prices only.,2026-08-01,PKR-CAT-001,Catalogs and product literature
EPH-0472,v1.2 chronological census,V12-ABMX-0411,Information-pack mailer,Haro Tech numberplate brochure offer,1983,1983,October 1983,Haro Designs; Shiner; Gecko,Product literature for the Tech numberplate plus a mail-in brochure offer.,United Kingdom,Not applicable — period publication,,Chronological issue pass,PreviousPage exposes indexed text for BMX Action Bike — October 1983 — Volume 2 Number 12. This record preserves an issue-specific source occurrence and paraphrased factual details. Page-image comparison remains required before exact-layout quotation or visual identity merging.,HIGH,INDEX-ONLY,INCLUDED — indexed issue text; visual comparison pending.,https://previouspage.co.uk/issues/85-october-nineteen-eighty-three,,haro tech numberplate brochure offer october 1983,,RETAIN — issue-specific occurrence pending visual comparison,Indexed pages 48–49. Image: do not reproduce scan. Text: paraphrase facts and clearly paired prices only.,2026-08-01,PKR-CAT-003,"Mailers, stickers, and information packs"
EPH-0473,v1.2 chronological census,V12-ABMX-0412,Retailer advertisement / price list,Schofield Cycles frameset price list,1983,1983,October 1983,Schofield Cycles; Skyway; Robinson; PK Ripper,Retail price list for premium frame-and-fork sets and BMX components.,United Kingdom,Not applicable — period publication,,Chronological issue pass,PreviousPage exposes indexed text for BMX Action Bike — October 1983 — Volume 2 Number 12. This record preserves an issue-specific source occurrence and paraphrased factual details. Page-image comparison remains required before exact-layout quotation or visual identity merging.,HIGH,INDEX-ONLY,INCLUDED — indexed issue text; visual comparison pending.,https://previouspage.co.uk/issues/85-october-nineteen-eighty-three,,schofield cycles frameset price list october 1983,,RETAIN — issue-specific occurrence pending visual comparison,Indexed pages 43–45. Image: do not reproduce scan. Text: paraphrase facts and clearly paired prices only.,2026-08-01,PKR-CAT-002,Advertisements and price lists
EPH-0474,v1.2 chronological census,V12-ABMX-0413,Dealer/shop advertisement,KD Racing October brand-stock and indoor-track advertisement,1983,1983,October 1983,KD Racing; Diamond Back; Mongoose; Kuwahara,"Dealer advertisement for bikes, spares, clothing, and recurring indoor racing.",United Kingdom,Not applicable — period publication,,Chronological issue pass,PreviousPage exposes indexed text for BMX Action Bike — October 1983 — Volume 2 Number 12. This record preserves an issue-specific source occurrence and paraphrased factual details. Page-image comparison remains required before exact-layout quotation or visual identity merging.,HIGH,INDEX-ONLY,INCLUDED — indexed issue text; visual comparison pending.,https://previouspage.co.uk/issues/85-october-nineteen-eighty-three,,kd racing october brand stock and indoor track advertisement october 1983,,RETAIN — issue-specific occurrence pending visual comparison,Indexed pages 43–45. Image: do not reproduce scan. Text: paraphrase facts and clearly paired prices only.,2026-08-01,PKR-CAT-007,Dealers and distributors
EPH-0475,v1.2 chronological census,V12-ABMX-0414,Retailer advertisement / price list,Just BMX October special-offer price list,1983,1983,October 1983,Just BMX; Skyway; Diamond Back; Takagi,"Dealer price promotion for framesets, complete bikes, cranks, wheels, and components.",United Kingdom,Not applicable — period publication,,Chronological issue pass,PreviousPage exposes indexed text for BMX Action Bike — October 1983 — Volume 2 Number 12. This record preserves an issue-specific source occurrence and paraphrased factual details. Page-image comparison remains required before exact-layout quotation or visual identity merging.,HIGH,INDEX-ONLY,INCLUDED — indexed issue text; visual comparison pending.,https://previouspage.co.uk/issues/85-october-nineteen-eighty-three,,just bmx october special offer price list october 1983,,REVIEW — recurring campaign/feature candidate; retain separately pending page-image comparison,Indexed pages 44–45. Image: do not reproduce scan. Text: paraphrase facts and clearly paired prices only.,2026-08-01,PKR-CAT-002,Advertisements and price lists
EPH-0476,v1.2 chronological census,V12-ABMX-0415,Product announcement / kit,Retro British component line advertisement,1983,1983,October 1983,Retro Products,"British component advertisement for fluted and layback seatposts, handlebars, and sealed-bearing Skyway hubs.",United Kingdom,Not applicable — period publication,,Chronological issue pass,PreviousPage exposes indexed text for BMX Action Bike — October 1983 — Volume 2 Number 12. This record preserves an issue-specific source occurrence and paraphrased factual details. Page-image comparison remains required before exact-layout quotation or visual identity merging.,HIGH,INDEX-ONLY,INCLUDED — indexed issue text; visual comparison pending.,https://previouspage.co.uk/issues/85-october-nineteen-eighty-three,,retro british component line advertisement october 1983,,RETAIN — issue-specific occurrence pending visual comparison,Indexed pages 44–45. Image: do not reproduce scan. Text: paraphrase facts and clearly paired prices only.,2026-08-01,PKR-CAT-008,Product announcements and technical material
EPH-0477,v1.2 chronological census,V12-ABMX-0416,Manufacturer/distributor catalog page,Avon and national BMX dealer directory,1983,1983,October 1983,UK BMX dealers,Large geographic dealer directory documenting the national retail network.,United Kingdom,Not applicable — period publication,,Chronological issue pass,PreviousPage exposes indexed text for BMX Action Bike — October 1983 — Volume 2 Number 12. This record preserves an issue-specific source occurrence and paraphrased factual details. Page-image comparison remains required before exact-layout quotation or visual identity merging.,HIGH,INDEX-ONLY,INCLUDED — indexed issue text; visual comparison pending.,https://previouspage.co.uk/issues/85-october-nineteen-eighty-three,,avon and national bmx dealer directory october 1983,,RETAIN — issue-specific occurrence pending visual comparison,Indexed pages 45–47. Image: do not reproduce scan. Text: paraphrase facts and clearly paired prices only.,2026-08-01,PKR-CAT-001,Catalogs and product literature
EPH-0478,v1.2 chronological census,V12-ABMX-0417,Magazine advertisement,Marlboro Zapper force bicycle campaign,1983,1983,October 1983,Marlboro; Zapper,Period complete-bike advertisement connected to the issue's giveaway.,United Kingdom,Not applicable — period publication,,Chronological issue pass,PreviousPage exposes indexed text for BMX Action Bike — October 1983 — Volume 2 Number 12. This record preserves an issue-specific source occurrence and paraphrased factual details. Page-image comparison remains required before exact-layout quotation or visual identity merging.,HIGH,INDEX-ONLY,INCLUDED — indexed issue text; visual comparison pending.,https://previouspage.co.uk/issues/85-october-nineteen-eighty-three,,marlboro zapper force bicycle campaign october 1983,,RETAIN — issue-specific occurrence pending visual comparison,Indexed pages 45–46. Image: do not reproduce scan. Text: paraphrase facts and clearly paired prices only.,2026-08-01,PKR-CAT-002,Advertisements and price lists
EPH-0479,v1.2 chronological census,V12-ABMX-0418,Archive collection,IBMXF 1984 World Championship rule-change notice,1983,1983,October 1983,IBMXF,"Governance notice covering semi-professional racing, rider quotas, age rules, and the Japan championship.",United Kingdom,Not applicable — period publication,,Chronological issue pass,PreviousPage exposes indexed text for BMX Action Bike — October 1983 — Volume 2 Number 12. This record preserves an issue-specific source occurrence and paraphrased factual details. Page-image comparison remains required before exact-layout quotation or visual identity merging.,HIGH,INDEX-ONLY,INCLUDED — indexed issue text; visual comparison pending.,https://previouspage.co.uk/issues/85-october-nineteen-eighty-three,,ibmxf 1984 world championship rule change notice october 1983,,RETAIN — issue-specific occurrence pending visual comparison,Indexed page 35. Image: do not reproduce scan. Text: paraphrase facts and clearly paired prices only.,2026-08-01,PKR-CAT-009,Editorial tests and historical documentation
EPH-0480,v1.2 chronological census,V12-ABMX-0419,Archive collection,1983 Worlds Best of British results,1983,1983,October 1983,IBMXF; British riders,Results record identifying the highest-placed British riders at the World Championships.,United Kingdom,Not applicable — period publication,,Chronological issue pass,PreviousPage exposes indexed text for BMX Action Bike — October 1983 — Volume 2 Number 12. This record preserves an issue-specific source occurrence and paraphrased factual details. Page-image comparison remains required before exact-layout quotation or visual identity merging.,HIGH,INDEX-ONLY,INCLUDED — indexed issue text; visual comparison pending.,https://previouspage.co.uk/issues/85-october-nineteen-eighty-three,,1983 worlds best of british results october 1983,,RETAIN — issue-specific occurrence pending visual comparison,Indexed page 35. Image: do not reproduce scan. Text: paraphrase facts and clearly paired prices only.,2026-08-01,PKR-CAT-009,Editorial tests and historical documentation
EPH-0481,v1.2 chronological census,V12-ABMX-0420,Product literature,Leechi BMX brake-component advertisement,1983,1983,October 1983,Leechi; Landar Components,Product advertisement for BMX brake components and UK distribution.,United Kingdom,Not applicable — period publication,,Chronological issue pass,PreviousPage exposes indexed text for BMX Action Bike — October 1983 — Volume 2 Number 12. This record preserves an issue-specific source occurrence and paraphrased factual details. Page-image comparison remains required before exact-layout quotation or visual identity merging.,HIGH,INDEX-ONLY,INCLUDED — indexed issue text; visual comparison pending.,https://previouspage.co.uk/issues/85-october-nineteen-eighty-three,,leechi bmx brake component advertisement october 1983,,RETAIN — issue-specific occurrence pending visual comparison,Indexed page 34. Image: do not reproduce scan. Text: paraphrase facts and clearly paired prices only.,2026-08-01,PKR-CAT-001,Catalogs and product literature
EPH-0482,v1.2 chronological census,V12-ABMX-0421,Retailer advertisement / price list,Halfords October BMX accessories campaign,1983,1983,October 1983,Halfords; Kashimax; Trax Pro; Dia-Compe,"Retail campaign for saddles, helmets, gloves, wheels, brakes, cables, tyres, grips, and complete bikes.",United Kingdom,Not applicable — period publication,,Chronological issue pass,PreviousPage exposes indexed text for BMX Action Bike — October 1983 — Volume 2 Number 12. This record preserves an issue-specific source occurrence and paraphrased factual details. Page-image comparison remains required before exact-layout quotation or visual identity merging.,HIGH,INDEX-ONLY,INCLUDED — indexed issue text; visual comparison pending.,https://previouspage.co.uk/issues/85-october-nineteen-eighty-three,,halfords october bmx accessories campaign october 1983,,RETAIN — issue-specific occurrence pending visual comparison,Indexed pages 54–55. Image: do not reproduce scan. Text: paraphrase facts and clearly paired prices only.,2026-08-01,PKR-CAT-002,Advertisements and price lists
EPH-0483,v1.2 chronological census,V12-ABMX-0422,Retailer advertisement / price list,Edwardes BMX Centre October new-product list,1983,1983,October 1983,Edwardes BMX Centre; Mongoose; JAG; Suzue,"Dealer listing for new complete bikes, framesets, hubs, helmets, footwear, cranks, and wheels.",United Kingdom,Not applicable — period publication,,Chronological issue pass,PreviousPage exposes indexed text for BMX Action Bike — October 1983 — Volume 2 Number 12. This record preserves an issue-specific source occurrence and paraphrased factual details. Page-image comparison remains required before exact-layout quotation or visual identity merging.,HIGH,INDEX-ONLY,INCLUDED — indexed issue text; visual comparison pending.,https://previouspage.co.uk/issues/85-october-nineteen-eighty-three,,edwardes bmx centre october new product list october 1983,,RETAIN — issue-specific occurrence pending visual comparison,Indexed page 54. Image: do not reproduce scan. Text: paraphrase facts and clearly paired prices only.,2026-08-01,PKR-CAT-002,Advertisements and price lists
EPH-0484,v1.2 chronological census,V12-ABMX-0423,Magazine advertisement,MT Racing Fox Factor bicycle campaign,1983,1983,October 1983,MT Racing; SmartFox; SilverFox; SuperFox,"Brand campaign positioning the Fox range by specification, track certification, finish, and value.",United Kingdom,Not applicable — period publication,,Chronological issue pass,PreviousPage exposes indexed text for BMX Action Bike — October 1983 — Volume 2 Number 12. This record preserves an issue-specific source occurrence and paraphrased factual details. Page-image comparison remains required before exact-layout quotation or visual identity merging.,HIGH,INDEX-ONLY,INCLUDED — indexed issue text; visual comparison pending.,https://previouspage.co.uk/issues/85-october-nineteen-eighty-three,,mt racing fox factor bicycle campaign october 1983,,RETAIN — issue-specific occurrence pending visual comparison,Indexed pages 53–54. Image: do not reproduce scan. Text: paraphrase facts and clearly paired prices only.,2026-08-01,PKR-CAT-002,Advertisements and price lists
EPH-0485,v1.2 chronological census,V12-ABMX-0424,Dealer/shop advertisement,Ian Johnson Bikesport Belfast BMX advertisement,1983,1983,October 1983,Ian Johnson Bikesport; Diamond Back,"Regional dealer advertisement for complete bikes, Firebird stock, and accessories.",United Kingdom,Not applicable — period publication,,Chronological issue pass,PreviousPage exposes indexed text for BMX Action Bike — October 1983 — Volume 2 Number 12. This record preserves an issue-specific source occurrence and paraphrased factual details. Page-image comparison remains required before exact-layout quotation or visual identity merging.,HIGH,INDEX-ONLY,INCLUDED — indexed issue text; visual comparison pending.,https://previouspage.co.uk/issues/85-october-nineteen-eighty-three,,ian johnson bikesport belfast bmx advertisement october 1983,,RETAIN — issue-specific occurrence pending visual comparison,Indexed pages 58–59. Image: do not reproduce scan. Text: paraphrase facts and clearly paired prices only.,2026-08-01,PKR-CAT-007,Dealers and distributors
EPH-0486,v1.2 chronological census,V12-ABMX-0425,Dealer/shop advertisement,Purley Cycle Sport brand-stock advertisement,1983,1983,October 1983,Purley Cycle Sport,"Dealer advertisement for major BMX brands, spares, clothing, and stickers.",United Kingdom,Not applicable — period publication,,Chronological issue pass,PreviousPage exposes indexed text for BMX Action Bike — October 1983 — Volume 2 Number 12. This record preserves an issue-specific source occurrence and paraphrased factual details. Page-image comparison remains required before exact-layout quotation or visual identity merging.,HIGH,INDEX-ONLY,INCLUDED — indexed issue text; visual comparison pending.,https://previouspage.co.uk/issues/85-october-nineteen-eighty-three,,purley cycle sport brand stock advertisement october 1983,,RETAIN — issue-specific occurrence pending visual comparison,Indexed pages 58–59. Image: do not reproduce scan. Text: paraphrase facts and clearly paired prices only.,2026-08-01,PKR-CAT-007,Dealers and distributors
EPH-0487,v1.2 chronological census,V12-ABMX-0426,Retailer advertisement / price list,Pedal Power York flight-crank offer,1983,1983,October 1983,Pedal Power York; Sugino,Dealer promotion centered on a sealed-bottom-bracket flight crankset.,United Kingdom,Not applicable — period publication,,Chronological issue pass,PreviousPage exposes indexed text for BMX Action Bike — October 1983 — Volume 2 Number 12. This record preserves an issue-specific source occurrence and paraphrased factual details. Page-image comparison remains required before exact-layout quotation or visual identity merging.,HIGH,INDEX-ONLY,INCLUDED — indexed issue text; visual comparison pending.,https://previouspage.co.uk/issues/85-october-nineteen-eighty-three,,pedal power york flight crank offer october 1983,,RETAIN — issue-specific occurrence pending visual comparison,Indexed pages 58–59. Image: do not reproduce scan. Text: paraphrase facts and clearly paired prices only.,2026-08-01,PKR-CAT-002,Advertisements and price lists
EPH-0488,v1.2 chronological census,V12-ABMX-0427,Dealer/shop advertisement,Bishop’s Burner Club and BMX dealer promotion,1983,1983,October 1983,S. M. Bishop,"Dealer and loyalty-club advertisement for Burners, brands, finance, and customer savings.",United Kingdom,Not applicable — period publication,,Chronological issue pass,PreviousPage exposes indexed text for BMX Action Bike — October 1983 — Volume 2 Number 12. This record preserves an issue-specific source occurrence and paraphrased factual details. Page-image comparison remains required before exact-layout quotation or visual identity merging.,HIGH,INDEX-ONLY,INCLUDED — indexed issue text; visual comparison pending.,https://previouspage.co.uk/issues/85-october-nineteen-eighty-three,,bishop s burner club and bmx dealer promotion october 1983,,RETAIN — issue-specific occurrence pending visual comparison,Indexed pages 58–59. Image: do not reproduce scan. Text: paraphrase facts and clearly paired prices only.,2026-08-01,PKR-CAT-007,Dealers and distributors
EPH-0489,v1.2 chronological census,V12-ABMX-0428,Retailer advertisement / price list,Fosters BMX Centre October Raleigh offer,1983,1983,October 1983,Fosters BMX Centre; Raleigh,Retail promotion for Raleigh Aero Pro Burners with finance terms.,United Kingdom,Not applicable — period publication,,Chronological issue pass,PreviousPage exposes indexed text for BMX Action Bike — October 1983 — Volume 2 Number 12. This record preserves an issue-specific source occurrence and paraphrased factual details. Page-image comparison remains required before exact-layout quotation or visual identity merging.,HIGH,INDEX-ONLY,INCLUDED — indexed issue text; visual comparison pending.,https://previouspage.co.uk/issues/85-october-nineteen-eighty-three,,fosters bmx centre october raleigh offer october 1983,,RETAIN — issue-specific occurrence pending visual comparison,Indexed pages 58–59. Image: do not reproduce scan. Text: paraphrase facts and clearly paired prices only.,2026-08-01,PKR-CAT-002,Advertisements and price lists
EPH-0490,v1.2 chronological census,V12-ABMX-0429,Dealer/shop advertisement,BMX Cheltenham stock and credit advertisement,1983,1983,October 1983,BMX Cheltenham,"Dealer advertisement for complete bikes, accessories, and instant credit.",United Kingdom,Not applicable — period publication,,Chronological issue pass,PreviousPage exposes indexed text for BMX Action Bike — October 1983 — Volume 2 Number 12. This record preserves an issue-specific source occurrence and paraphrased factual details. Page-image comparison remains required before exact-layout quotation or visual identity merging.,HIGH,INDEX-ONLY,INCLUDED — indexed issue text; visual comparison pending.,https://previouspage.co.uk/issues/85-october-nineteen-eighty-three,,bmx cheltenham stock and credit advertisement october 1983,,RETAIN — issue-specific occurrence pending visual comparison,Indexed pages 58–59. Image: do not reproduce scan. Text: paraphrase facts and clearly paired prices only.,2026-08-01,PKR-CAT-007,Dealers and distributors
EPH-0491,v1.2 chronological census,V12-ABMX-0430,Dealer/shop advertisement,Radcity race-frame and wheel service advertisement,1983,1983,October 1983,Radcity; Skyway; Redline,"Specialist dealer advertisement for race frames, wheels, clothing, parts, and repair services.",United Kingdom,Not applicable — period publication,,Chronological issue pass,PreviousPage exposes indexed text for BMX Action Bike — October 1983 — Volume 2 Number 12. This record preserves an issue-specific source occurrence and paraphrased factual details. Page-image comparison remains required before exact-layout quotation or visual identity merging.,HIGH,INDEX-ONLY,INCLUDED — indexed issue text; visual comparison pending.,https://previouspage.co.uk/issues/85-october-nineteen-eighty-three,,radcity race frame and wheel service advertisement october 1983,,RETAIN — issue-specific occurrence pending visual comparison,Indexed page 59. Image: do not reproduce scan. Text: paraphrase facts and clearly paired prices only.,2026-08-01,PKR-CAT-007,Dealers and distributors
EPH-0492,v1.2 chronological census,V12-ABMX-0431,Catalog mailer,Yeovil BMX Shop free mail-order list,1983,1983,October 1983,Yeovil BMX Shop,"Stamped-envelope mail-order list offer for spares, clothing, and discounted Burners.",United Kingdom,Not applicable — period publication,,Chronological issue pass,PreviousPage exposes indexed text for BMX Action Bike — October 1983 — Volume 2 Number 12. This record preserves an issue-specific source occurrence and paraphrased factual details. Page-image comparison remains required before exact-layout quotation or visual identity merging.,HIGH,INDEX-ONLY,INCLUDED — indexed issue text; visual comparison pending.,https://previouspage.co.uk/issues/85-october-nineteen-eighty-three,,yeovil bmx shop free mail order list october 1983,,RETAIN — issue-specific occurrence pending visual comparison,Indexed page 59. Image: do not reproduce scan. Text: paraphrase facts and clearly paired prices only.,2026-08-01,PKR-CAT-003,"Mailers, stickers, and information packs"
EPH-0493,v1.2 chronological census,V12-ABMX-0432,Dealer/shop advertisement,BMX Centre Mousehole October stock advertisement,1983,1983,October 1983,BMX Centre Mousehole,"West Country dealer advertisement for major brands, framesets, clothing, and custom builds.",United Kingdom,Not applicable — period publication,,Chronological issue pass,PreviousPage exposes indexed text for BMX Action Bike — October 1983 — Volume 2 Number 12. This record preserves an issue-specific source occurrence and paraphrased factual details. Page-image comparison remains required before exact-layout quotation or visual identity merging.,HIGH,INDEX-ONLY,INCLUDED — indexed issue text; visual comparison pending.,https://previouspage.co.uk/issues/85-october-nineteen-eighty-three,,bmx centre mousehole october stock advertisement october 1983,,RETAIN — issue-specific occurrence pending visual comparison,Indexed page 59. Image: do not reproduce scan. Text: paraphrase facts and clearly paired prices only.,2026-08-01,PKR-CAT-007,Dealers and distributors
EPH-0494,v1.2 chronological census,V12-ABMX-0433,Dealer/shop advertisement,Pedalers custom-build and part-exchange advertisement,1983,1983,October 1983,Pedalers,"Dealer advertisement for bikes built to order, framesets, accessories, and part exchange.",United Kingdom,Not applicable — period publication,,Chronological issue pass,PreviousPage exposes indexed text for BMX Action Bike — October 1983 — Volume 2 Number 12. This record preserves an issue-specific source occurrence and paraphrased factual details. Page-image comparison remains required before exact-layout quotation or visual identity merging.,HIGH,INDEX-ONLY,INCLUDED — indexed issue text; visual comparison pending.,https://previouspage.co.uk/issues/85-october-nineteen-eighty-three,,pedalers custom build and part exchange advertisement october 1983,,RETAIN — issue-specific occurrence pending visual comparison,Indexed page 59. Image: do not reproduce scan. Text: paraphrase facts and clearly paired prices only.,2026-08-01,PKR-CAT-007,Dealers and distributors
EPH-0495,v1.2 chronological census,V12-ABMX-0434,Retailer advertisement / price list,Doug Cycles October complete-bike advertisement,1983,1983,October 1983,Doug Cycles; Huffy; Firebird; Redline,"Retail advertisement for complete bikes, frames, and spares.",United Kingdom,Not applicable — period publication,,Chronological issue pass,PreviousPage exposes indexed text for BMX Action Bike — October 1983 — Volume 2 Number 12. This record preserves an issue-specific source occurrence and paraphrased factual details. Page-image comparison remains required before exact-layout quotation or visual identity merging.,HIGH,INDEX-ONLY,INCLUDED — indexed issue text; visual comparison pending.,https://previouspage.co.uk/issues/85-october-nineteen-eighty-three,,doug cycles october complete bike advertisement october 1983,,RETAIN — issue-specific occurrence pending visual comparison,Indexed page 59. Image: do not reproduce scan. Text: paraphrase facts and clearly paired prices only.,2026-08-01,PKR-CAT-002,Advertisements and price lists
EPH-0496,v1.2 chronological census,V12-ABMX-0435,Dealer/shop advertisement,Cranks Cycle Centre West London advertisement,1983,1983,October 1983,Cranks Cycle Centre,"Dealer advertisement for complete bikes, frames, and a broad accessory selection.",United Kingdom,Not applicable — period publication,,Chronological issue pass,PreviousPage exposes indexed text for BMX Action Bike — October 1983 — Volume 2 Number 12. This record preserves an issue-specific source occurrence and paraphrased factual details. Page-image comparison remains required before exact-layout quotation or visual identity merging.,HIGH,INDEX-ONLY,INCLUDED — indexed issue text; visual comparison pending.,https://previouspage.co.uk/issues/85-october-nineteen-eighty-three,,cranks cycle centre west london advertisement october 1983,,RETAIN — issue-specific occurrence pending visual comparison,Indexed page 59. Image: do not reproduce scan. Text: paraphrase facts and clearly paired prices only.,2026-08-01,PKR-CAT-007,Dealers and distributors
EPH-0497,v1.2 chronological census,V12-ABMX-0436,Retailer advertisement / price list,Queensmead and Surrey Cycles Skyway promotion,1983,1983,October 1983,Queensmead Cycles; Surrey Cycles; Skyway,Regional retailer advertisement featuring Skyway Tuff II wheels and BMX brands.,United Kingdom,Not applicable — period publication,,Chronological issue pass,PreviousPage exposes indexed text for BMX Action Bike — October 1983 — Volume 2 Number 12. This record preserves an issue-specific source occurrence and paraphrased factual details. Page-image comparison remains required before exact-layout quotation or visual identity merging.,HIGH,INDEX-ONLY,INCLUDED — indexed issue text; visual comparison pending.,https://previouspage.co.uk/issues/85-october-nineteen-eighty-three,,queensmead and surrey cycles skyway promotion october 1983,,RETAIN — issue-specific occurrence pending visual comparison,Indexed pages 59–60. Image: do not reproduce scan. Text: paraphrase facts and clearly paired prices only.,2026-08-01,PKR-CAT-002,Advertisements and price lists
EPH-0498,v1.2 chronological census,V12-ABMX-0437,Retailer advertisement / price list,Allen’s Barnsley October component price list,1983,1983,October 1983,Allen’s Barnsley,"Retail list for tyres, fibre and alloy wheels, frames, saddles, plates, pads, and seatposts.",United Kingdom,Not applicable — period publication,,Chronological issue pass,PreviousPage exposes indexed text for BMX Action Bike — October 1983 — Volume 2 Number 12. This record preserves an issue-specific source occurrence and paraphrased factual details. Page-image comparison remains required before exact-layout quotation or visual identity merging.,HIGH,INDEX-ONLY,INCLUDED — indexed issue text; visual comparison pending.,https://previouspage.co.uk/issues/85-october-nineteen-eighty-three,,allen s barnsley october component price list october 1983,,RETAIN — issue-specific occurrence pending visual comparison,Indexed page 60. Image: do not reproduce scan. Text: paraphrase facts and clearly paired prices only.,2026-08-01,PKR-CAT-002,Advertisements and price lists
EPH-0499,v1.2 chronological census,V12-ABMX-0438,Event notice / contact flyer,Raleigh Raceline weekend event-information service,1983,1983,October 1983,Raleigh; BMX Action Bike,Telephone information service for riders and track operators to publicize upcoming meetings.,United Kingdom,Not applicable — period publication,,Chronological issue pass,PreviousPage exposes indexed text for BMX Action Bike — October 1983 — Volume 2 Number 12. This record preserves an issue-specific source occurrence and paraphrased factual details. Page-image comparison remains required before exact-layout quotation or visual identity merging.,HIGH,INDEX-ONLY,INCLUDED — indexed issue text; visual comparison pending.,https://previouspage.co.uk/issues/85-october-nineteen-eighty-three,,raleigh raceline weekend event information service october 1983,,RETAIN — issue-specific occurrence pending visual comparison,Indexed page 59. Image: do not reproduce scan. Text: paraphrase facts and clearly paired prices only.,2026-08-01,PKR-CAT-005,"Events, registration, and membership"
EPH-0500,v1.2 chronological census,V12-ABMX-0439,Catalog mailer,BMX Action Bike October ten-issue subscription offer,1983,1983,October 1983,BMX Action Bike; UKBMX Publications,Subscription rate card for United Kingdom and international readers.,United Kingdom,Not applicable — period publication,,Chronological issue pass,PreviousPage exposes indexed text for BMX Action Bike — October 1983 — Volume 2 Number 12. This record preserves an issue-specific source occurrence and paraphrased factual details. Page-image comparison remains required before exact-layout quotation or visual identity merging.,HIGH,INDEX-ONLY,INCLUDED — indexed issue text; visual comparison pending.,https://previouspage.co.uk/issues/85-october-nineteen-eighty-three,,bmx action bike october ten issue subscription offer october 1983,,REVIEW — recurring campaign/feature candidate; retain separately pending page-image comparison,Indexed page 59. Image: do not reproduce scan. Text: paraphrase facts and clearly paired prices only.,2026-08-01,PKR-CAT-003,"Mailers, stickers, and information packs"
