Price Observation ID,Source Object ID,Brand,Product / Model,Product Type,Issue / Date,Price Numeric,Currency,Displayed Price,Price Basis,Geography / Context,Source Type,Directness / Evidence,Confidence,Source URL,Rights Code,Observation Key,Duplicate Decision,Normalization Note,Accessed
BM-PRICE-0001,BM-AD-0011,JMC Racing,JMC BMX product range,Unresolved / varies,Undated,,UNCONFIRMED,Not exposed in public index,Price list; dealer vs retail basis unresolved,Unresolved,JMC Racing Fliers and Price List,INDEXED-TITLE + EXTERNAL-CORROBORATION,MEDIUM,https://www.pinterest.com/pin/jmc-bmx-fliers-and-price-list--442478732119429034/,INDEX-ONLY,jmc racing|jmc bmx product range|undated||UNCONFIRMED|https www pinterest com pin jmc bmx fliers and price list 442478732119429034,RETAIN — source-specific observation,"Confirmed set title — locate exact reference ID, pages, date and price columns. Do not infer line-item prices from thumbnails or incomplete snippets.",2026-07-30
BM-PRICE-0002,BM-AD-0002,GT; Dyno,Interceptor,Unresolved / varies,1992,259,UNCONFIRMED,$259,Printed catalog price; exact basis unresolved,Unresolved,1992 GT/Dyno Product Catalog,SEARCH-INDEXED-PAGE,MEDIUM,https://www.pinterest.com/pin/430304939389697452/,INDEX-ONLY,gt dyno|interceptor|1992|259.0|UNCONFIRMED|https www pinterest com pin 430304939389697452,DUP-PRICE-1992-259 — merge numeric observation; retain source row,"Observed in public index — verify exact page, configuration, currency and price basis. Do not label as MSRP, dealer cost or sale price until the page heading/legend is inspected.",2026-07-30
BM-PRICE-0003,BM-AD-0002,GT; Dyno,Blue bicycle; exact model unresolved,Unresolved / varies,1992,319,UNCONFIRMED,$319,Printed catalog price; exact basis unresolved,Unresolved,1992 GT/Dyno Product Catalog,SEARCH-INDEXED-PAGE,LOW-MEDIUM,https://mx.pinterest.com/pin/430304939389697467/,INDEX-ONLY,gt dyno|blue bicycle exact model unresolved|1992|319.0|UNCONFIRMED|https mx pinterest com pin 430304939389697467,DUP-PRICE-1992-319 — merge numeric observation; retain source row,Retain model as unresolved until the page and adjacent catalog context are inspected. Price observation is preserved separately from model identification.,2026-07-30
BM-PRICE-0004,BM-AD-0012,JMC Racing,JMC Racing equipment,Unresolved / varies,Undated vintage document; public post 2026,,UNCONFIRMED,Not exposed in public index,Dealer price list per public description,Unresolved,Vintage JMC Racing Equipment dealer's price list from Azusa collection,EXTERNAL-PUBLIC-LEAD,LOW-MEDIUM,https://www.facebook.com/groups/553888658024748/posts/27080185384968381/,INDEX-ONLY,jmc racing|jmc racing equipment|undated vintage document public post 2026||UNCONFIRMED|https www facebook com groups 553888658024748 posts 27080185384968381,RETAIN — source-specific observation,Corroboration only — compare against BM-PRICE-0001 before merging records. The collection/post context is not automatically the original document issuer or dealer.,2026-07-30
GTD-PR-0001,BM-AD-0002,GT,Interceptor,Complete bicycle,1992,259,UNCONFIRMED,$259,Printed catalog price; exact basis unresolved,Market unresolved,Indexed catalog page,Indexed observation,MEDIUM,https://www.pinterest.com/pin/430304939389697452/,INDEX-ONLY,gt|interceptor|1992|259|UNCONFIRMED|https www pinterest com pin 430304939389697452,DUP-PRICE-1992-259 — merge numeric observation; retain source row,Numeric value normalized; currency intentionally not assumed.,2026-07-30
GTD-PR-0002,BM-AD-0002,GT/Dyno,Blue bicycle; model unresolved,Complete bicycle,1992,319,UNCONFIRMED,$319,Printed catalog price; exact basis unresolved,Market unresolved,Indexed catalog page,Indexed observation,LOW-MEDIUM,https://mx.pinterest.com/pin/430304939389697467/,INDEX-ONLY,gt dyno|blue bicycle model unresolved|1992|319|UNCONFIRMED|https mx pinterest com pin 430304939389697467,DUP-PRICE-1992-319 — merge numeric observation; retain source row,Model and currency remain unresolved.,2026-07-30
GTD-PR-0003,GTD-OBJ-0004,Dyno,Dinky Dyno 16-inch,Complete bicycle,Aug 1987,119,USD,$119,Advertised retailer/mail-order price,United States publication context,Period retailer advertisement,Direct text/OCR; clear pair,MEDIUM-HIGH,https://previouspage.co.uk/issues/245-august-nineteen-eighty-seven,INDEX-ONLY,dyno|dinky dyno 16 inch|aug 1987|119|USD|https previouspage co uk issues 245 august nineteen eighty seven,RETAIN — source-specific observation,Not manufacturer MSRP.,2026-07-30
GTD-PR-0004,GTD-OBJ-0004,Dyno,Compe,Complete bicycle,Aug 1987,149,USD,$149,Advertised retailer/mail-order price,United States publication context,Period retailer advertisement,Direct text/OCR; clear pair,MEDIUM-HIGH,https://previouspage.co.uk/issues/245-august-nineteen-eighty-seven,INDEX-ONLY,dyno|compe|aug 1987|149|USD|https previouspage co uk issues 245 august nineteen eighty seven,RETAIN — source-specific observation,Not manufacturer MSRP.,2026-07-30
GTD-PR-0005,GTD-OBJ-0004,Dyno,D-Tour,Complete bicycle,Aug 1987,189,USD,$189,Advertised retailer/mail-order price,United States publication context,Period retailer advertisement,Direct text/OCR; clear pair,MEDIUM-HIGH,https://previouspage.co.uk/issues/245-august-nineteen-eighty-seven,INDEX-ONLY,dyno|d tour|aug 1987|189|USD|https previouspage co uk issues 245 august nineteen eighty seven,RETAIN — source-specific observation,Not manufacturer MSRP.,2026-07-30
GTD-PR-0006,GTD-OBJ-0004,Dyno,Pro Compe,Complete bicycle,Aug 1987,279,USD,$279,Advertised retailer/mail-order price,United States publication context,Period retailer advertisement,Direct text/OCR; clear pair,MEDIUM-HIGH,https://previouspage.co.uk/issues/245-august-nineteen-eighty-seven,INDEX-ONLY,dyno|pro compe|aug 1987|279|USD|https previouspage co uk issues 245 august nineteen eighty seven,RETAIN — source-specific observation,Not manufacturer MSRP.,2026-07-30
GTD-PR-0007,GTD-OBJ-0004,Dyno,Pro Compe Team,Complete bicycle,Aug 1987,419,USD,$419,Advertised retailer/mail-order price,United States publication context,Period retailer advertisement,Direct text/OCR; clear pair,MEDIUM-HIGH,https://previouspage.co.uk/issues/245-august-nineteen-eighty-seven,INDEX-ONLY,dyno|pro compe team|aug 1987|419|USD|https previouspage co uk issues 245 august nineteen eighty seven,RETAIN — source-specific observation,Not manufacturer MSRP.,2026-07-30
GTD-PR-0008,GTD-OBJ-0004,Dyno,VFR BMX,Complete bicycle,Aug 1987,129,USD,$129,Advertised retailer/mail-order price,United States publication context,Period retailer advertisement,Direct text/OCR; clear pair,MEDIUM-HIGH,https://previouspage.co.uk/issues/245-august-nineteen-eighty-seven,INDEX-ONLY,dyno|vfr bmx|aug 1987|129|USD|https previouspage co uk issues 245 august nineteen eighty seven,RETAIN — source-specific observation,Not manufacturer MSRP.,2026-07-30
GTD-PR-0009,GTD-OBJ-0004,GT,Jr. Performer,Complete bicycle,Aug 1987,119,USD,$119,Advertised retailer/mail-order price,United States publication context,Period retailer advertisement,Direct text/OCR; clear pair,MEDIUM-HIGH,https://previouspage.co.uk/issues/245-august-nineteen-eighty-seven,INDEX-ONLY,gt|jr performer|aug 1987|119|USD|https previouspage co uk issues 245 august nineteen eighty seven,RETAIN — source-specific observation,Not manufacturer MSRP.,2026-07-30
GTD-PR-0010,GTD-OBJ-0004,GT,Vertigo,Complete bicycle,Aug 1987,164,USD,$164,Advertised retailer/mail-order price,United States publication context,Period retailer advertisement,Direct text/OCR; clear pair,MEDIUM-HIGH,https://previouspage.co.uk/issues/245-august-nineteen-eighty-seven,INDEX-ONLY,gt|vertigo|aug 1987|164|USD|https previouspage co uk issues 245 august nineteen eighty seven,RETAIN — source-specific observation,Not manufacturer MSRP.,2026-07-30
GTD-PR-0011,GTD-OBJ-0004,GT,Performer,Complete bicycle,Aug 1987,199,USD,$199,Advertised retailer/mail-order price,United States publication context,Period retailer advertisement,Direct text/OCR; clear pair,MEDIUM-HIGH,https://previouspage.co.uk/issues/245-august-nineteen-eighty-seven,INDEX-ONLY,gt|performer|aug 1987|199|USD|https previouspage co uk issues 245 august nineteen eighty seven,RETAIN — source-specific observation,Not manufacturer MSRP.,2026-07-30
GTD-PR-0012,GTD-OBJ-0004,GT,Pro Freestyle Tour,Complete bicycle,Aug 1987,299,USD,$299,Advertised retailer/mail-order price,United States publication context,Period retailer advertisement,Direct text/OCR; clear pair,MEDIUM-HIGH,https://previouspage.co.uk/issues/245-august-nineteen-eighty-seven,INDEX-ONLY,gt|pro freestyle tour|aug 1987|299|USD|https previouspage co uk issues 245 august nineteen eighty seven,RETAIN — source-specific observation,Source abbreviates model as Pro F/S Tour.,2026-07-30
GTD-PR-0013,GTD-OBJ-0004,GT,Pro Freestyle Team,Complete bicycle,Aug 1987,429,USD,$429,Advertised retailer/mail-order price,United States publication context,Period retailer advertisement,Direct text/OCR; clear pair,MEDIUM-HIGH,https://previouspage.co.uk/issues/245-august-nineteen-eighty-seven,INDEX-ONLY,gt|pro freestyle team|aug 1987|429|USD|https previouspage co uk issues 245 august nineteen eighty seven,RETAIN — source-specific observation,Source abbreviates model as Pro F/S Team.,2026-07-30
GTD-PR-0014,GTD-OBJ-0004,GT,Interceptor,Complete bicycle,Aug 1987,169,USD,$169,Advertised retailer/mail-order price,United States publication context,Period retailer advertisement,Direct text/OCR; clear pair,MEDIUM-HIGH,https://previouspage.co.uk/issues/245-august-nineteen-eighty-seven,INDEX-ONLY,gt|interceptor|aug 1987|169|USD|https previouspage co uk issues 245 august nineteen eighty seven,RETAIN — source-specific observation,Do not compare directly with the unresolved 1992 $259 configuration.,2026-07-30
GTD-PR-0015,GTD-OBJ-0004,GT,Mach 1,Complete bicycle,Aug 1987,209,USD,$209,Advertised retailer/mail-order price,United States publication context,Period retailer advertisement,Direct text/OCR; clear pair,MEDIUM-HIGH,https://previouspage.co.uk/issues/245-august-nineteen-eighty-seven,INDEX-ONLY,gt|mach 1|aug 1987|209|USD|https previouspage co uk issues 245 august nineteen eighty seven,RETAIN — source-specific observation,Not manufacturer MSRP.,2026-07-30
GTD-PR-0016,GTD-OBJ-0004,GT,Pro Series,Complete bicycle,Aug 1987,329,USD,$329,Advertised retailer/mail-order price,United States publication context,Period retailer advertisement,Direct text/OCR; clear pair,MEDIUM-HIGH,https://previouspage.co.uk/issues/245-august-nineteen-eighty-seven,INDEX-ONLY,gt|pro series|aug 1987|329|USD|https previouspage co uk issues 245 august nineteen eighty seven,RETAIN — source-specific observation,Not manufacturer MSRP.,2026-07-30
GTD-PR-0017,GTD-OBJ-0004,GT,Pro Series Team,Complete bicycle,Aug 1987,449,USD,$449,Advertised retailer/mail-order price,United States publication context,Period retailer advertisement,Direct text/OCR; clear pair,MEDIUM-HIGH,https://previouspage.co.uk/issues/245-august-nineteen-eighty-seven,INDEX-ONLY,gt|pro series team|aug 1987|449|USD|https previouspage co uk issues 245 august nineteen eighty seven,RETAIN — source-specific observation,Not manufacturer MSRP.,2026-07-30
GTD-PR-0018,GTD-OBJ-0005,GT,Performer,Complete bicycle,Jul 1987,199.95,USD,$199.95,Advertised retailer/mail-order price,United States publication context,Period retailer advertisement,Direct text/OCR; clear pair,MEDIUM-HIGH,https://previouspage.co.uk/magazines/BMX%20Plus/issues/244-july-nineteen-eighty-seven,INDEX-ONLY,gt|performer|jul 1987|199.95|USD|https previouspage co uk magazines bmx 20plus issues 244 july nineteen eighty seven,RETAIN — source-specific observation,Separate seller/issue observation; do not deduplicate against August.,2026-07-30
GTD-PR-0019,GTD-OBJ-0005,GT,Pro Performer,Complete bicycle,Jul 1987,289.95,USD,$289.95,Advertised retailer/mail-order price,United States publication context,Period retailer advertisement,Direct text/OCR; clear pair,MEDIUM-HIGH,https://previouspage.co.uk/magazines/BMX%20Plus/issues/244-july-nineteen-eighty-seven,INDEX-ONLY,gt|pro performer|jul 1987|289.95|USD|https previouspage co uk magazines bmx 20plus issues 244 july nineteen eighty seven,RETAIN — source-specific observation,Not manufacturer MSRP.,2026-07-30
GTD-PR-0020,GTD-OBJ-0005,GT,Pro World Tour,Complete bicycle,Jul 1987,344.95,USD,$344.95,Advertised retailer/mail-order price,United States publication context,Period retailer advertisement,Direct text/OCR; clear pair,MEDIUM-HIGH,https://previouspage.co.uk/magazines/BMX%20Plus/issues/244-july-nineteen-eighty-seven,INDEX-ONLY,gt|pro world tour|jul 1987|344.95|USD|https previouspage co uk magazines bmx 20plus issues 244 july nineteen eighty seven,RETAIN — source-specific observation,Not manufacturer MSRP.,2026-07-30
GTD-PR-0021,GTD-OBJ-0005,GT,Mach 1,Complete bicycle,Jul 1987,214.95,USD,$214.95,Advertised retailer/mail-order price,United States publication context,Period retailer advertisement,Direct text/OCR; clear pair,MEDIUM-HIGH,https://previouspage.co.uk/magazines/BMX%20Plus/issues/244-july-nineteen-eighty-seven,INDEX-ONLY,gt|mach 1|jul 1987|214.95|USD|https previouspage co uk magazines bmx 20plus issues 244 july nineteen eighty seven,RETAIN — source-specific observation,Separate seller/issue observation.,2026-07-30
HAR-PR-0001,GTD-OBJ-0004,Haro,Shredder,Complete bicycle,Aug 1987,169,USD,$169,Advertised retailer/mail-order price,United States publication context,Period retailer advertisement,Direct text/OCR; clear pair,MEDIUM-HIGH,https://previouspage.co.uk/issues/245-august-nineteen-eighty-seven,INDEX-ONLY,haro|shredder|aug 1987|169|USD|https previouspage co uk issues 245 august nineteen eighty seven,RETAIN — source-specific observation,Pre-1990 benchmark; not catalog MSRP.,2026-07-30
HAR-PR-0002,GTD-OBJ-0004,Haro,Invert,Complete bicycle,Aug 1987,219,USD,$219,Advertised retailer/mail-order price,United States publication context,Period retailer advertisement,Direct text/OCR; clear pair,MEDIUM-HIGH,https://previouspage.co.uk/issues/245-august-nineteen-eighty-seven,INDEX-ONLY,haro|invert|aug 1987|219|USD|https previouspage co uk issues 245 august nineteen eighty seven,RETAIN — source-specific observation,Pre-1990 benchmark; not catalog MSRP.,2026-07-30
HAR-PR-0003,GTD-OBJ-0004,Haro,Master,Complete bicycle,Aug 1987,309,USD,$309,Advertised retailer/mail-order price,United States publication context,Period retailer advertisement,Direct text/OCR; clear pair,MEDIUM-HIGH,https://previouspage.co.uk/issues/245-august-nineteen-eighty-seven,INDEX-ONLY,haro|master|aug 1987|309|USD|https previouspage co uk issues 245 august nineteen eighty seven,RETAIN — source-specific observation,Pre-1990 benchmark; not catalog MSRP.,2026-07-30
HAR-PR-0004,GTD-OBJ-0004,Haro,Team Master,Complete bicycle,Aug 1987,529,USD,$529,Advertised retailer/mail-order price,United States publication context,Period retailer advertisement,Direct text/OCR; clear pair,MEDIUM-HIGH,https://previouspage.co.uk/issues/245-august-nineteen-eighty-seven,INDEX-ONLY,haro|team master|aug 1987|529|USD|https previouspage co uk issues 245 august nineteen eighty seven,RETAIN — source-specific observation,Pre-1990 benchmark; not catalog MSRP.,2026-07-30
HAR-PR-0005,HAR-OBJ-0008,Haro/Fusion,1991 catalog mailer,Catalog / information pack,Nov 1991,2,USD,$2,Catalog request fee,United States,Period catalog mailer,Direct indexed text,HIGH,https://www.previouspage.co.uk/issues/131-november-nineteen-ninety-one,INDEX-ONLY,haro fusion|1991 catalog mailer|nov 1991|2|USD|https www previouspage co uk issues 131 november nineteen ninety one,RETAIN — source-specific observation,"Catalog fee, not product price.",2026-07-30
MB-PR-0001,MB-OBJ-0007,Mongoose,Californian full chromoly frame,Frame,1985,76.5,AUD-LIKELY,$76.50,Distributor price-list figure,Australia / Repco context,Collector summary of period distributor list,Transcribed public summary,MEDIUM,https://www.bloggingadeadhorse.com/hotfoot2.php,INDEX-ONLY,mongoose|californian full chromoly frame|1985|76.5|AUD-LIKELY|https www bloggingadeadhorse com hotfoot2 php,RETAIN — source-specific observation,Currency likely AUD; verify scan legend.,2026-07-30
MB-PR-0002,MB-OBJ-0007,Mongoose,Pro Class rims,Rims,1985,15.5,AUD-LIKELY,$15.50,Distributor price-list figure,Australia / Repco context,Collector summary of period distributor list,Transcribed public summary,MEDIUM,https://www.bloggingadeadhorse.com/hotfoot2.php,INDEX-ONLY,mongoose|pro class rims|1985|15.5|AUD-LIKELY|https www bloggingadeadhorse com hotfoot2 php,RETAIN — source-specific observation,Currency likely AUD; unit/pair basis requires scan.,2026-07-30
MB-PR-0003,MB-OBJ-0007,Mongoose,Pad set,Pad set,1985,5.65,AUD-LIKELY,$5.65,Distributor price-list figure,Australia / Repco context,Collector summary of period distributor list,Transcribed public summary,MEDIUM,https://www.bloggingadeadhorse.com/hotfoot2.php,INDEX-ONLY,mongoose|pad set|1985|5.65|AUD-LIKELY|https www bloggingadeadhorse com hotfoot2 php,RETAIN — source-specific observation,Currency likely AUD; exact set contents unresolved.,2026-07-30
MB-PR-0004,MB-OBJ-0010,Diamond Back,Silver Streak,Complete bicycle,Sep 1982,119.37,GBP,£119.37,Advertised retailer price,United Kingdom,Period retailer advertisement,Indexed text/OCR,MEDIUM,https://previouspage.co.uk/magazines/BMX%20Weekly/issues/213-september-nineteen-eighty-two,INDEX-ONLY,diamond back|silver streak|sep 1982|119.37|GBP|https previouspage co uk magazines bmx 20weekly issues 213 september nineteen eighty two,RETAIN — source-specific observation,OCR alignment should be visually checked before elevation.,2026-07-30
MB-PR-0005,MB-OBJ-0010,Diamond Back,Silver Streak,Complete bicycle,Jul 1983,195,GBP,£195,Advertised retailer price,United Kingdom,Period retailer advertisement,Direct indexed text,MEDIUM-HIGH,https://previouspage.co.uk/magazines/BMX%20Action%20Bike/issues/62-july-nineteen-eighty-three,INDEX-ONLY,diamond back|silver streak|jul 1983|195|GBP|https previouspage co uk magazines bmx 20action 20bike issues 62 july nineteen eighty three,RETAIN — source-specific observation,Separate seller/issue observation.,2026-07-30
MB-PR-0006,MB-OBJ-0010,Diamond Back,Silver Streak,Complete bicycle,Sep 1983,195,GBP,£195,Advertised retailer price,United Kingdom,Period retailer advertisement,Direct indexed text,MEDIUM-HIGH,https://previouspage.co.uk/magazines/BMX%20Action%20Bike/issues/64-september-nineteen-eighty-three,INDEX-ONLY,diamond back|silver streak|sep 1983|195|GBP|https previouspage co uk magazines bmx 20action 20bike issues 64 september nineteen eighty three,RETAIN — source-specific observation,Separate seller/issue observation.,2026-07-30
MB-PR-0007,MB-OBJ-0010,Diamond Back,Silver Streak,Complete bicycle,Oct 1983,199,GBP,£199,Advertised retailer price plus postage,United Kingdom,Period retailer advertisement,Direct indexed text,MEDIUM-HIGH,https://previouspage.co.uk/magazines/BMX%20Action%20Bike/issues/85-october-nineteen-eighty-three,INDEX-ONLY,diamond back|silver streak|oct 1983|199|GBP|https previouspage co uk magazines bmx 20action 20bike issues 85 october nineteen eighty three,RETAIN — source-specific observation,Postage excluded from numeric price.,2026-07-30
MB-PR-0008,MB-OBJ-0010,Diamond Back,Harry Leary Turbo,Complete bicycle,Oct 1983,299,GBP,£299,Advertised retailer price,United Kingdom,Period retailer advertisement,Direct indexed text,MEDIUM-HIGH,https://previouspage.co.uk/magazines/BMX%20Action%20Bike/issues/85-october-nineteen-eighty-three,INDEX-ONLY,diamond back|harry leary turbo|oct 1983|299|GBP|https previouspage co uk magazines bmx 20action 20bike issues 85 october nineteen eighty three,RETAIN — source-specific observation,Useful Lititz BMX crosswalk; not MSRP.,2026-07-30
ABMX-PR-0001,V11-ABMX-0001,Suntour,"Chain wheel, 40–45T, assorted colors",Drivetrain component,April/May 1982,7.3,GBP,£7.30,Advertised mail-order price,United Kingdom,Period retailer advertisement,Direct indexed text; clear price pairing,MEDIUM-HIGH,https://previouspage.co.uk/magazines/BMX%20Action%20Bike/issues/13-april%2Fmay-eighty-two,INDEX-ONLY,suntour chain wheel 40 45t assorted colors april may 1982 7 3 gbp https previouspage co uk magazines bmx 20action 20bike issues 13 april 2fmay eighty two,RETAIN — source-specific observation,Not manufacturer MSRP.,2026-07-31
ABMX-PR-0002,V11-ABMX-0001,Suntour,"Rear sprocket, 15–17T",Drivetrain component,April/May 1982,4.25,GBP,£4.25,Advertised mail-order price,United Kingdom,Period retailer advertisement,Direct indexed text; clear price pairing,MEDIUM-HIGH,https://previouspage.co.uk/magazines/BMX%20Action%20Bike/issues/13-april%2Fmay-eighty-two,INDEX-ONLY,suntour rear sprocket 15 17t april may 1982 4 25 gbp https previouspage co uk magazines bmx 20action 20bike issues 13 april 2fmay eighty two,RETAIN — source-specific observation,Not manufacturer MSRP.,2026-07-31
ABMX-PR-0003,V11-ABMX-0001,Araya / Suzue,Front wheel with Suzue hub,Wheel,April/May 1982,18.95,GBP,£18.95,Advertised mail-order price,United Kingdom,Period retailer advertisement,Direct indexed text; clear front-wheel pairing,MEDIUM-HIGH,https://previouspage.co.uk/magazines/BMX%20Action%20Bike/issues/13-april%2Fmay-eighty-two,INDEX-ONLY,araya suzue front wheel with suzue hub april may 1982 18 95 gbp https previouspage co uk magazines bmx 20action 20bike issues 13 april 2fmay eighty two,RETAIN — source-specific observation,Not manufacturer MSRP.,2026-07-31
ABMX-PR-0004,V11-ABMX-0001,Araya / Suzue,Rear wheel with Suzue hub,Wheel,April/May 1982,19.95,GBP,£19.95,Advertised mail-order price,United Kingdom,Period retailer advertisement,Direct indexed text; clear rear-wheel pairing,MEDIUM-HIGH,https://previouspage.co.uk/magazines/BMX%20Action%20Bike/issues/13-april%2Fmay-eighty-two,INDEX-ONLY,araya suzue rear wheel with suzue hub april may 1982 19 95 gbp https previouspage co uk magazines bmx 20action 20bike issues 13 april 2fmay eighty two,RETAIN — source-specific observation,Not manufacturer MSRP.,2026-07-31
ABMX-PR-0005,V11-ABMX-0003,Kuwahara,Kuwahara frame set,Frame and fork set,April/May 1982,109.95,GBP,£109.95,Advertised mail-order price,United Kingdom,Period retailer advertisement,Direct indexed text; clear price pairing,MEDIUM-HIGH,https://previouspage.co.uk/magazines/BMX%20Action%20Bike/issues/13-april%2Fmay-eighty-two,INDEX-ONLY,kuwahara kuwahara frame set april may 1982 109 95 gbp https previouspage co uk magazines bmx 20action 20bike issues 13 april 2fmay eighty two,RETAIN — source-specific observation,Postage and exact model specification should be checked against the page image.,2026-07-31
ABMX-PR-0006,V11-ABMX-0005,Hotshot BMX,Hotshot BMX complete race bike,Complete bicycle,April/May 1982,169.95,GBP,£169.95,Advertised special price,United Kingdom,Period retailer advertisement,Direct indexed text; clear complete-bike price,HIGH,https://previouspage.co.uk/magazines/BMX%20Action%20Bike/issues/13-april%2Fmay-eighty-two,INDEX-ONLY,hotshot bmx hotshot bmx complete race bike april may 1982 169 95 gbp https previouspage co uk magazines bmx 20action 20bike issues 13 april 2fmay eighty two,RETAIN — source-specific observation,"Retailer special, not manufacturer MSRP.",2026-07-31
ABMX-PR-0007,V11-ABMX-0010,SJK Products,SJK Hurricane complete bike,Complete bicycle,April/May 1982,272.84,GBP,£272.84,Advertised retail price,United Kingdom,Period product advertisement,Direct indexed text; clear price pairing,MEDIUM-HIGH,https://previouspage.co.uk/magazines/BMX%20Action%20Bike/issues/13-april%2Fmay-eighty-two,INDEX-ONLY,sjk products sjk hurricane complete bike april may 1982 272 84 gbp https previouspage co uk magazines bmx 20action 20bike issues 13 april 2fmay eighty two,RETAIN — source-specific observation,Frame-kit price was stated as price on application and is not inferred.,2026-07-31
ABMX-PR-0008,V11-ABMX-0011,CAMM,Power Stem,Stem,April/May 1982,10.07,GBP,£10.07,Recommended retail price,United Kingdom,Period dealer advertisement,Direct indexed text; stated RRP,MEDIUM-HIGH,https://previouspage.co.uk/magazines/BMX%20Action%20Bike/issues/13-april%2Fmay-eighty-two,INDEX-ONLY,camm power stem april may 1982 10 07 gbp https previouspage co uk magazines bmx 20action 20bike issues 13 april 2fmay eighty two,RETAIN — source-specific observation,RRP transcription should be visually checked before exact quotation.,2026-07-31
ABMX-PR-0009,V11-ABMX-0012,Diamond Back,Silver Streak,Complete bicycle,April/May 1982,195,GBP,Around £195,Projected retail price,United Kingdom,Period editorial test report,Direct indexed text; approximate launch-price statement,HIGH,https://previouspage.co.uk/magazines/BMX%20Action%20Bike/issues/13-april%2Fmay-eighty-two,INDEX-ONLY,diamond back silver streak april may 1982 195 0 gbp https previouspage co uk magazines bmx 20action 20bike issues 13 april 2fmay eighty two,RETAIN — source-specific observation,"Approximate projected shop price, not a confirmed transaction or formal MSRP.",2026-07-31
ABMX-PR-0010,V11-ABMX-0013,UKBMX,Temporary competition membership,Membership / insurance,April/May 1982,1,GBP,£1,Temporary membership fee,United Kingdom,Period membership application,Direct indexed text; clear fee,HIGH,https://previouspage.co.uk/magazines/BMX%20Action%20Bike/issues/13-april%2Fmay-eighty-two,INDEX-ONLY,ukbmx temporary competition membership april may 1982 1 0 gbp https previouspage co uk magazines bmx 20action 20bike issues 13 april 2fmay eighty two,RETAIN — source-specific observation,"Day-specific temporary membership, not annual subscription.",2026-07-31
ABMX-PR-0011,V11-ABMX-0013,UKBMX,"Competition membership, one year",Membership / insurance,April/May 1982,7,GBP,£7,Annual membership subscription,United Kingdom,Period membership application,Direct indexed text; clear fee,HIGH,https://previouspage.co.uk/magazines/BMX%20Action%20Bike/issues/13-april%2Fmay-eighty-two,INDEX-ONLY,ukbmx competition membership one year april may 1982 7 0 gbp https previouspage co uk magazines bmx 20action 20bike issues 13 april 2fmay eighty two,RETAIN — source-specific observation,Annual competition membership.,2026-07-31
ABMX-PR-0012,V11-ABMX-0013,UKBMX,European insurance extension,Membership / insurance,April/May 1982,2.75,GBP,£2.75,Insurance extension fee,United Kingdom,Period membership application,Direct indexed text; clear fee,HIGH,https://previouspage.co.uk/magazines/BMX%20Action%20Bike/issues/13-april%2Fmay-eighty-two,INDEX-ONLY,ukbmx european insurance extension april may 1982 2 75 gbp https previouspage co uk magazines bmx 20action 20bike issues 13 april 2fmay eighty two,RETAIN — source-specific observation,Extension applies for the duration of the UK licence.,2026-07-31
ABMX-PR-0013,V11-ABMX-0013,UKBMX,Regional event racing fee,Event entry,April/May 1982,1.25,GBP,£1.25,Regional event fee,United Kingdom,Period membership application,Direct indexed text; clear fee,HIGH,https://previouspage.co.uk/magazines/BMX%20Action%20Bike/issues/13-april%2Fmay-eighty-two,INDEX-ONLY,ukbmx regional event racing fee april may 1982 1 25 gbp https previouspage co uk magazines bmx 20action 20bike issues 13 april 2fmay eighty two,RETAIN — source-specific observation,Indoor events could differ with prior consultation.,2026-07-31
ABMX-PR-0014,V11-ABMX-0013,UKBMX,National event racing fee,Event entry,April/May 1982,1.5,GBP,£1.50,National event fee,United Kingdom,Period membership application,Direct indexed text; clear fee,HIGH,https://previouspage.co.uk/magazines/BMX%20Action%20Bike/issues/13-april%2Fmay-eighty-two,INDEX-ONLY,ukbmx national event racing fee april may 1982 1 5 gbp https previouspage co uk magazines bmx 20action 20bike issues 13 april 2fmay eighty two,RETAIN — source-specific observation,Indoor events could differ with prior consultation.,2026-07-31
ABMX-PR-0015,V11-ABMX-0014,BMX Action Bike,Selected Official BMX back issue,Magazine back issue,April/May 1982,0.7,GBP,70p per copy,Back-issue mail-order price,United Kingdom,Period publication mailer,Direct indexed text; clear per-copy price,HIGH,https://previouspage.co.uk/magazines/BMX%20Action%20Bike/issues/13-april%2Fmay-eighty-two,INDEX-ONLY,bmx action bike selected official bmx back issue april may 1982 0 7 gbp https previouspage co uk magazines bmx 20action 20bike issues 13 april 2fmay eighty two,RETAIN — source-specific observation,Only the listed available issues are covered.,2026-07-31
ABMX-PR-0016,V11-ABMX-0015,Stronglite,Prototype chromoly frame and forks,Frame and fork set,April/May 1982,100,GBP,Around £100,Projected retail price,United Kingdom,Period product announcement,Direct indexed text; approximate projected price,MEDIUM,https://previouspage.co.uk/magazines/BMX%20Action%20Bike/issues/13-april%2Fmay-eighty-two,INDEX-ONLY,stronglite prototype chromoly frame and forks april may 1982 100 0 gbp https previouspage co uk magazines bmx 20action 20bike issues 13 april 2fmay eighty two,RETAIN — source-specific observation,"Prototype-stage estimate, not confirmed production price.",2026-07-31
ABMX-PR-0017,V11-ABMX-0016,Prolite,Fiberglass racing helmet,Protective equipment,April/May 1982,29,GBP,£29,Advertised retailer price,United Kingdom,Period retailer offer,Direct indexed text; clear price pairing,MEDIUM-HIGH,https://previouspage.co.uk/magazines/BMX%20Action%20Bike/issues/13-april%2Fmay-eighty-two,INDEX-ONLY,prolite fiberglass racing helmet april may 1982 29 0 gbp https previouspage co uk magazines bmx 20action 20bike issues 13 april 2fmay eighty two,RETAIN — source-specific observation,"Retailer offer, not manufacturer MSRP.",2026-07-31
ABMX-PR-0018,V11-ABMX-0017,Pacer,Padded leather racing gloves,Protective apparel,April/May 1982,9.95,GBP,£9.95,Advertised retailer price,United Kingdom,Period retailer offer,Direct indexed text; clear price pairing,HIGH,https://previouspage.co.uk/magazines/BMX%20Action%20Bike/issues/13-april%2Fmay-eighty-two,INDEX-ONLY,pacer padded leather racing gloves april may 1982 9 95 gbp https previouspage co uk magazines bmx 20action 20bike issues 13 april 2fmay eighty two,RETAIN — source-specific observation,Retailer offer.,2026-07-31
ABMX-PR-0019,V11-ABMX-0018,BMX Action Bike,Packet of seven assorted BMX stickers,Sticker packet,April/May 1982,0.95,GBP,95p,Mail-order price,United Kingdom,Period publication mailer,Direct indexed text; clear price pairing,HIGH,https://previouspage.co.uk/magazines/BMX%20Action%20Bike/issues/13-april%2Fmay-eighty-two,INDEX-ONLY,bmx action bike packet of seven assorted bmx stickers april may 1982 0 95 gbp https previouspage co uk magazines bmx 20action 20bike issues 13 april 2fmay eighty two,RETAIN — source-specific observation,Stamped addressed envelope also required.,2026-07-31
ABMX-PR-0020,V11-ABMX-0019,MX 1000,Front-and-rear brake pair,Brake set,April/May 1982,14.5,GBP,£14.50 per pair,Advertised post-paid price,United Kingdom,Period dealer advertisement,Direct indexed text; clear pair price,MEDIUM-HIGH,https://previouspage.co.uk/magazines/BMX%20Action%20Bike/issues/13-april%2Fmay-eighty-two,INDEX-ONLY,mx 1000 front and rear brake pair april may 1982 14 5 gbp https previouspage co uk magazines bmx 20action 20bike issues 13 april 2fmay eighty two,RETAIN — source-specific observation,Front-and-rear pair; exact retailer identity should be checked against page image.,2026-07-31
ABMX-PR-0021,V11-ABMX-0019,Retailer unresolved,BMX catalogue request,Catalogue,April/May 1982,0.2,GBP,20p stamp,Catalogue request cost,United Kingdom,Period dealer advertisement,Direct indexed text; clear request cost,MEDIUM-HIGH,https://previouspage.co.uk/magazines/BMX%20Action%20Bike/issues/13-april%2Fmay-eighty-two,INDEX-ONLY,retailer unresolved bmx catalogue request april may 1982 0 2 gbp https previouspage co uk magazines bmx 20action 20bike issues 13 april 2fmay eighty two,RETAIN — source-specific observation,"Cost is a postage/stamp requirement, not a product price.",2026-07-31
ABMX-PR-0022,V11-ABMX-0023,Halfords,Entry-level BMX range,Complete bicycle,June/July 1982,69.95,GBP,From £69.95,Advertised starting price,United Kingdom,Period publication,Direct indexed text; clearly paired amount and item.,HIGH,https://previouspage.co.uk/magazines/BMX%20Action%20Bike/issues/14-june%2Fjuly-eighty-two,INDEX-ONLY,halfords entry level bmx range june july 1982 69 95 gbp https previouspage co uk magazines bmx 20action 20bike issues 14 june 2fjuly eighty two,RETAIN — source-specific observation,Starting price for the advertised bicycle range.,2026-07-31
ABMX-PR-0023,V11-ABMX-0024,Hotshot BMX Racing,Complete BMX bicycle special,Complete bicycle,June/July 1982,169.95,GBP,£169.95,Advertised special price,United Kingdom,Period publication,Direct indexed text; clearly paired amount and item.,HIGH,https://previouspage.co.uk/magazines/BMX%20Action%20Bike/issues/14-june%2Fjuly-eighty-two,INDEX-ONLY,hotshot bmx racing complete bmx bicycle special june july 1982 169 95 gbp https previouspage co uk magazines bmx 20action 20bike issues 14 june 2fjuly eighty two,RETAIN — source-specific observation,Retailer special; petrol and delivery terms were separate benefits.,2026-07-31
ABMX-PR-0024,V11-ABMX-0029,GT,Pro 4,Complete bicycle,June/July 1982,275,GBP,Approximately £275,Approximate retail price,United Kingdom,Period publication,Direct indexed text; clearly paired amount and item.,HIGH,https://previouspage.co.uk/magazines/BMX%20Action%20Bike/issues/14-june%2Fjuly-eighty-two,INDEX-ONLY,gt pro 4 june july 1982 275 0 gbp https previouspage co uk magazines bmx 20action 20bike issues 14 june 2fjuly eighty two,RETAIN — source-specific observation,"Editorial specification-sheet estimate, not a documented transaction.",2026-07-31
ABMX-PR-0025,V11-ABMX-0039,Oakley,O/20 goggle,Protective equipment,June/July 1982,13,GBP,£13,Advertised retail price,United Kingdom,Period publication,Direct indexed text; clearly paired amount and item.,HIGH,https://previouspage.co.uk/magazines/BMX%20Action%20Bike/issues/14-june%2Fjuly-eighty-two,INDEX-ONLY,oakley o 20 goggle june july 1982 13 0 gbp https previouspage co uk magazines bmx 20action 20bike issues 14 june 2fjuly eighty two,RETAIN — source-specific observation,Retail availability via Gecko.,2026-07-31
ABMX-PR-0026,V11-ABMX-0041,Renthal,Wide-rise BMX handlebars,Handlebar,June/July 1982,12.94,GBP,From £12.94,Advertised starting price,United Kingdom,Period publication,Direct indexed text; clearly paired amount and item.,HIGH,https://previouspage.co.uk/magazines/BMX%20Action%20Bike/issues/14-june%2Fjuly-eighty-two,INDEX-ONLY,renthal wide rise bmx handlebars june july 1982 12 94 gbp https previouspage co uk magazines bmx 20action 20bike issues 14 june 2fjuly eighty two,RETAIN — source-specific observation,Starting price across multiple rise and finish options.,2026-07-31
ABMX-PR-0027,V11-ABMX-0042,BMX Action Bike,Wonder Light front/rear set,Lighting,June/July 1982,5.95,GBP,£5.95,Reader-offer price,United Kingdom,Period publication,Direct indexed text; clearly paired amount and item.,HIGH,https://previouspage.co.uk/magazines/BMX%20Action%20Bike/issues/14-june%2Fjuly-eighty-two,INDEX-ONLY,bmx action bike wonder light front rear set june july 1982 5 95 gbp https previouspage co uk magazines bmx 20action 20bike issues 14 june 2fjuly eighty two,RETAIN — source-specific observation,Included brackets and reflective cycle clips; batteries excluded.,2026-07-31
ABMX-PR-0028,V11-ABMX-0052,Paul Connors,Home-built Diamond Back II-inspired bicycle,Complete bicycle,August/September 1982,20,GBP,About £20,Reported build cost,United Kingdom,Period publication,Direct indexed text; clearly paired amount and item.,MEDIUM-HIGH,https://previouspage.co.uk/magazines/BMX%20Action%20Bike/issues/57-august%2Fseptember-eighty-two,INDEX-ONLY,paul connors home built diamond back ii inspired bicycle august september 1982 20 0 gbp https previouspage co uk magazines bmx 20action 20bike issues 57 august 2fseptember eighty two,RETAIN — source-specific observation,Reader-reported total using reused and purchased parts.,2026-07-31
ABMX-PR-0029,V11-ABMX-0062,March Racing Developments,Handmade BMX number plate,Number plate,August/September 1982,6,GBP,£6,Retail shop price,United Kingdom,Period publication,Direct indexed text; clearly paired amount and item.,HIGH,https://previouspage.co.uk/magazines/BMX%20Action%20Bike/issues/57-august%2Fseptember-eighty-two,INDEX-ONLY,march racing developments handmade bmx number plate august september 1982 6 0 gbp https previouspage co uk magazines bmx 20action 20bike issues 57 august 2fseptember eighty two,RETAIN — source-specific observation,Interview states the plates were sold through shops rather than direct.,2026-07-31
ABMX-PR-0030,V11-ABMX-0067,Cooper,Convertible BMX helmet,Protective equipment,August/September 1982,8.95,GBP,£8.95,Direct-mail price,United Kingdom,Period publication,Direct indexed text; clearly paired amount and item.,HIGH,https://previouspage.co.uk/magazines/BMX%20Action%20Bike/issues/57-august%2Fseptember-eighty-two,INDEX-ONLY,cooper convertible bmx helmet august september 1982 8 95 gbp https previouspage co uk magazines bmx 20action 20bike issues 57 august 2fseptember eighty two,RETAIN — source-specific observation,Postage and packing were additional.,2026-07-31
ABMX-PR-0031,V11-ABMX-0072,KHS,Duster 100,Complete bicycle,August/September 1982,94.95,GBP,£94.95,Recommended retail price,United Kingdom,Period publication,Direct indexed text; clearly paired amount and item.,HIGH,https://previouspage.co.uk/magazines/BMX%20Action%20Bike/issues/57-august%2Fseptember-eighty-two,INDEX-ONLY,khs duster 100 august september 1982 94 95 gbp https previouspage co uk magazines bmx 20action 20bike issues 57 august 2fseptember eighty two,RETAIN — source-specific observation,Distributor-listed RRP.,2026-07-31
ABMX-PR-0032,V11-ABMX-0072,KHS,Duster 200,Complete bicycle,August/September 1982,109.95,GBP,£109.95,Recommended retail price,United Kingdom,Period publication,Direct indexed text; clearly paired amount and item.,HIGH,https://previouspage.co.uk/magazines/BMX%20Action%20Bike/issues/57-august%2Fseptember-eighty-two,INDEX-ONLY,khs duster 200 august september 1982 109 95 gbp https previouspage co uk magazines bmx 20action 20bike issues 57 august 2fseptember eighty two,RETAIN — source-specific observation,Distributor-listed RRP.,2026-07-31
ABMX-PR-0033,V11-ABMX-0072,KHS,Duster 300,Complete bicycle,August/September 1982,129.95,GBP,£129.95,Recommended retail price,United Kingdom,Period publication,Direct indexed text; clearly paired amount and item.,HIGH,https://previouspage.co.uk/magazines/BMX%20Action%20Bike/issues/57-august%2Fseptember-eighty-two,INDEX-ONLY,khs duster 300 august september 1982 129 95 gbp https previouspage co uk magazines bmx 20action 20bike issues 57 august 2fseptember eighty two,RETAIN — source-specific observation,Distributor-listed RRP.,2026-07-31
ABMX-PR-0034,V11-ABMX-0072,KHS,Duster 506,Complete bicycle,August/September 1982,179.95,GBP,£179.95,Recommended retail price,United Kingdom,Period publication,Direct indexed text; clearly paired amount and item.,HIGH,https://previouspage.co.uk/magazines/BMX%20Action%20Bike/issues/57-august%2Fseptember-eighty-two,INDEX-ONLY,khs duster 506 august september 1982 179 95 gbp https previouspage co uk magazines bmx 20action 20bike issues 57 august 2fseptember eighty two,RETAIN — source-specific observation,Distributor-listed RRP.,2026-07-31
ABMX-PR-0035,V11-ABMX-0078,Shimano,DX pedals,Pedals,October/November 1982,14.95,GBP,Special offer £14.95,Advertised special price,United Kingdom,Period publication,Direct indexed text; clearly paired amount and item.,HIGH,https://previouspage.co.uk/magazines/BMX%20Action%20Bike/issues/25-october%2Fnovember-eighty-two,INDEX-ONLY,shimano dx pedals october november 1982 14 95 gbp https previouspage co uk magazines bmx 20action 20bike issues 25 october 2fnovember eighty two,RETAIN — source-specific observation,Reduced from the listed regular price.,2026-07-31
ABMX-PR-0036,V11-ABMX-0078,Shimano,DX seat pillar,Seatpost,October/November 1982,9.95,GBP,Special offer £9.95,Advertised special price,United Kingdom,Period publication,Direct indexed text; clearly paired amount and item.,HIGH,https://previouspage.co.uk/magazines/BMX%20Action%20Bike/issues/25-october%2Fnovember-eighty-two,INDEX-ONLY,shimano dx seat pillar october november 1982 9 95 gbp https previouspage co uk magazines bmx 20action 20bike issues 25 october 2fnovember eighty two,RETAIN — source-specific observation,Reduced from the listed regular price.,2026-07-31
ABMX-PR-0037,V11-ABMX-0087,BMX Action Bike,Blue-and-yellow race shirt,Apparel,October/November 1982,6.95,GBP,£6.95,Mail-order price,United Kingdom,Period publication,Direct indexed text; clearly paired amount and item.,HIGH,https://previouspage.co.uk/magazines/BMX%20Action%20Bike/issues/25-october%2Fnovember-eighty-two,INDEX-ONLY,bmx action bike blue and yellow race shirt october november 1982 6 95 gbp https previouspage co uk magazines bmx 20action 20bike issues 25 october 2fnovember eighty two,RETAIN — source-specific observation,Price included post and packing.,2026-07-31
ABMX-PR-0038,V11-ABMX-0095,Tuff Neck,Stem,Stem,October/November 1982,19.95,GBP,£19.95,Advertised special price,United Kingdom,Period publication,Direct indexed text; clearly paired amount and item.,HIGH,https://previouspage.co.uk/magazines/BMX%20Action%20Bike/issues/25-october%2Fnovember-eighty-two,INDEX-ONLY,tuff neck stem october november 1982 19 95 gbp https previouspage co uk magazines bmx 20action 20bike issues 25 october 2fnovember eighty two,RETAIN — source-specific observation,Monthly dealer special.,2026-07-31
ABMX-PR-0039,V11-ABMX-0095,Shimano,Custom DX pedals,Pedals,October/November 1982,10.95,GBP,£10.95,Advertised special price,United Kingdom,Period publication,Direct indexed text; clearly paired amount and item.,HIGH,https://previouspage.co.uk/magazines/BMX%20Action%20Bike/issues/25-october%2Fnovember-eighty-two,INDEX-ONLY,shimano custom dx pedals october november 1982 10 95 gbp https previouspage co uk magazines bmx 20action 20bike issues 25 october 2fnovember eighty two,RETAIN — source-specific observation,Monthly dealer special.,2026-07-31
ABMX-PR-0040,V11-ABMX-0095,Kenda,Whitewall tyre,Tyre,October/November 1982,3.95,GBP,£3.95,Advertised special price,United Kingdom,Period publication,Direct indexed text; clearly paired amount and item.,HIGH,https://previouspage.co.uk/magazines/BMX%20Action%20Bike/issues/25-october%2Fnovember-eighty-two,INDEX-ONLY,kenda whitewall tyre october november 1982 3 95 gbp https previouspage co uk magazines bmx 20action 20bike issues 25 october 2fnovember eighty two,RETAIN — source-specific observation,Monthly dealer special.,2026-07-31
ABMX-PR-0041,V11-ABMX-0095,Invader,PRO 531 complete bicycle,Complete bicycle,October/November 1982,189.95,GBP,£189.95,Advertised retail price,United Kingdom,Period publication,Direct indexed text; clearly paired amount and item.,HIGH,https://previouspage.co.uk/magazines/BMX%20Action%20Bike/issues/25-october%2Fnovember-eighty-two,INDEX-ONLY,invader pro 531 complete bicycle october november 1982 189 95 gbp https previouspage co uk magazines bmx 20action 20bike issues 25 october 2fnovember eighty two,RETAIN — source-specific observation,Chrome and black complete bicycle.,2026-07-31
ABMX-PR-0042,V11-ABMX-0108,Halfords California,California,Complete bicycle,December 1982/January 1983,69.95,GBP,£69.95,Advertised retail price,United Kingdom,Period publication,Direct indexed text; clearly paired amount and item.,HIGH,https://previouspage.co.uk/magazines/BMX%20Action%20Bike/issues/58-december%2Fjanuary-eighty-two,INDEX-ONLY,halfords california california december 1982 january 1983 69 95 gbp https previouspage co uk magazines bmx 20action 20bike issues 58 december 2fjanuary eighty two,RETAIN — source-specific observation,Period retail price.,2026-07-31
ABMX-PR-0043,V11-ABMX-0108,Halfords California,California Star,Complete bicycle,December 1982/January 1983,79.95,GBP,£79.95,Advertised retail price,United Kingdom,Period publication,Direct indexed text; clearly paired amount and item.,HIGH,https://previouspage.co.uk/magazines/BMX%20Action%20Bike/issues/58-december%2Fjanuary-eighty-two,INDEX-ONLY,halfords california california star december 1982 january 1983 79 95 gbp https previouspage co uk magazines bmx 20action 20bike issues 58 december 2fjanuary eighty two,RETAIN — source-specific observation,Period retail price.,2026-07-31
ABMX-PR-0044,V11-ABMX-0108,Halfords California,California Trax Pro,Complete bicycle,December 1982/January 1983,99.95,GBP,£99.95,Advertised retail price,United Kingdom,Period publication,Direct indexed text; clearly paired amount and item.,HIGH,https://previouspage.co.uk/magazines/BMX%20Action%20Bike/issues/58-december%2Fjanuary-eighty-two,INDEX-ONLY,halfords california california trax pro december 1982 january 1983 99 95 gbp https previouspage co uk magazines bmx 20action 20bike issues 58 december 2fjanuary eighty two,RETAIN — source-specific observation,Period retail price.,2026-07-31
ABMX-PR-0045,V11-ABMX-0108,Halfords,Turbo 20X,Complete bicycle,December 1982/January 1983,99.95,GBP,£99.95,Advertised retail price,United Kingdom,Period publication,Direct indexed text; clearly paired amount and item.,HIGH,https://previouspage.co.uk/magazines/BMX%20Action%20Bike/issues/58-december%2Fjanuary-eighty-two,INDEX-ONLY,halfords turbo 20x december 1982 january 1983 99 95 gbp https previouspage co uk magazines bmx 20action 20bike issues 58 december 2fjanuary eighty two,RETAIN — source-specific observation,Period retail price.,2026-07-31
ABMX-PR-0046,V11-ABMX-0121,Raleigh,Pro Burner,Complete bicycle,December 1982/January 1983,195,GBP,Now only £195,Advertised promotional price,United Kingdom,Period publication,Direct indexed text; clearly paired amount and item.,HIGH,https://previouspage.co.uk/magazines/BMX%20Action%20Bike/issues/58-december%2Fjanuary-eighty-two,INDEX-ONLY,raleigh pro burner december 1982 january 1983 195 0 gbp https previouspage co uk magazines bmx 20action 20bike issues 58 december 2fjanuary eighty two,RETAIN — source-specific observation,Advertisement stated a higher previous price.,2026-07-31
ABMX-PR-0047,V11-ABMX-0125,Kuwahara,Original E.T.,Complete bicycle,December 1982/January 1983,185,GBP,£185,Advertised retail price,United Kingdom,Period publication,Direct indexed text; clearly paired amount and item.,HIGH,https://previouspage.co.uk/magazines/BMX%20Action%20Bike/issues/58-december%2Fjanuary-eighty-two,INDEX-ONLY,kuwahara original e t december 1982 january 1983 185 0 gbp https previouspage co uk magazines bmx 20action 20bike issues 58 december 2fjanuary eighty two,RETAIN — source-specific observation,Original E.T. model.,2026-07-31
ABMX-PR-0048,V11-ABMX-0125,Kuwahara,Replica E.T.,Complete bicycle,December 1982/January 1983,151.5,GBP,£151.50,Advertised retail price,United Kingdom,Period publication,Direct indexed text; clearly paired amount and item.,HIGH,https://previouspage.co.uk/magazines/BMX%20Action%20Bike/issues/58-december%2Fjanuary-eighty-two,INDEX-ONLY,kuwahara replica e t december 1982 january 1983 151 50 gbp https previouspage co uk magazines bmx 20action 20bike issues 58 december 2fjanuary eighty two,RETAIN — source-specific observation,Replica E.T. model; indexed source amount corrected to £151.50 during release audit.,2026-07-31
ABMX-PR-0049,V11-ABMX-0132,Robinson Racing Products,Sticker and catalogue request,Catalogue,December 1982/January 1983,1,GBP,£1,Catalogue/sticker request price,United Kingdom,Period publication,Direct indexed text; clearly paired amount and item.,HIGH,https://previouspage.co.uk/magazines/BMX%20Action%20Bike/issues/58-december%2Fjanuary-eighty-two,INDEX-ONLY,robinson racing products sticker and catalogue request december 1982 january 1983 1 0 gbp https previouspage co uk magazines bmx 20action 20bike issues 58 december 2fjanuary eighty two,RETAIN — source-specific observation,Advertisement wording pairs the payment with a sticker and catalogue.,2026-07-31
ABMX-PR-0050,V11-ABMX-0133,UNI,UNI Seat,Saddle,February/March 1983,17.99,GBP,£17.99 or less,Suggested retail ceiling,United Kingdom,Period publication,Direct indexed text; clearly paired amount and item.,HIGH,https://previouspage.co.uk/magazines/BMX%20Action%20Bike/issues/59-february%2Fmarch-eighty-three,INDEX-ONLY,uni uni seat february march 1983 17 99 gbp https previouspage co uk magazines bmx 20action 20bike issues 59 february 2fmarch eighty three,RETAIN — source-specific observation,Advertisement stated retail at this amount or less.,2026-07-31
ABMX-PR-0051,V11-ABMX-0137,BMX Action Bike,Twelve-issue binder,Binder,February/March 1983,3.95,GBP,£3.95,Mail-order price,United Kingdom,Period publication,Direct indexed text; clearly paired amount and item.,HIGH,https://previouspage.co.uk/magazines/BMX%20Action%20Bike/issues/59-february%2Fmarch-eighty-three,INDEX-ONLY,bmx action bike twelve issue binder february march 1983 3 95 gbp https previouspage co uk magazines bmx 20action 20bike issues 59 february 2fmarch eighty three,RETAIN — source-specific observation,Included post and packing.,2026-07-31
ABMX-PR-0052,V11-ABMX-0138,BMX Action Bike,Blue-and-yellow race shirt,Apparel,February/March 1983,6.95,GBP,£6.95,Mail-order price,United Kingdom,Period publication,Direct indexed text; clearly paired amount and item.,HIGH,https://previouspage.co.uk/magazines/BMX%20Action%20Bike/issues/59-february%2Fmarch-eighty-three,INDEX-ONLY,bmx action bike blue and yellow race shirt february march 1983 6 95 gbp https previouspage co uk magazines bmx 20action 20bike issues 59 february 2fmarch eighty three,RETAIN — source-specific observation,Included post and packing.,2026-07-31
ABMX-PR-0053,V11-ABMX-0139,Araya,ADX-7W rim,Rim,February/March 1983,14,GBP,Around £14 each,Approximate retail price,United Kingdom,Period publication,Direct indexed text; clearly paired amount and item.,HIGH,https://previouspage.co.uk/magazines/BMX%20Action%20Bike/issues/59-february%2Fmarch-eighty-three,INDEX-ONLY,araya adx 7w rim february march 1983 14 0 gbp https previouspage co uk magazines bmx 20action 20bike issues 59 february 2fmarch eighty three,RETAIN — source-specific observation,Approximate per-rim price.,2026-07-31
ABMX-PR-0054,V11-ABMX-0142,Raleigh,Pro Burner,Complete bicycle,February/March 1983,195,GBP,£195,Advertised retail price,United Kingdom,Period publication,Direct indexed text; clearly paired amount and item.,HIGH,https://previouspage.co.uk/magazines/BMX%20Action%20Bike/issues/59-february%2Fmarch-eighty-three,INDEX-ONLY,raleigh pro burner february march 1983 195 0 gbp https previouspage co uk magazines bmx 20action 20bike issues 59 february 2fmarch eighty three,RETAIN — source-specific observation,Retail list price.,2026-07-31
ABMX-PR-0055,V11-ABMX-0163,Strongs Bicycles,BMX race shirt,Apparel,April/May 1983,6.95,GBP,£6.95,Mail-order price,United Kingdom,Period publication,Direct indexed text; clearly paired amount and item.,HIGH,https://previouspage.co.uk/magazines/BMX%20Action%20Bike/issues/60-april%2Fmay-eighty-three,INDEX-ONLY,strongs bicycles bmx race shirt april may 1983 6 95 gbp https previouspage co uk magazines bmx 20action 20bike issues 60 april 2fmay eighty three,RETAIN — source-specific observation,Postage was additional.,2026-07-31
ABMX-PR-0056,V11-ABMX-0172,City BMX,Race pants,Protective apparel,April/May 1983,15.2,GBP,£15.20,Mail-order price,United Kingdom,Period publication,Direct indexed text; clearly paired amount and item.,HIGH,https://previouspage.co.uk/magazines/BMX%20Action%20Bike/issues/60-april%2Fmay-eighty-three,INDEX-ONLY,city bmx race pants april may 1983 15 2 gbp https previouspage co uk magazines bmx 20action 20bike issues 60 april 2fmay eighty three,RETAIN — source-specific observation,Postage was additional.,2026-07-31
ABMX-PR-0057,V11-ABMX-0173,City BMX,Lightweight race helmet,Protective equipment,April/May 1983,26.45,GBP,£26.45,Mail-order price,United Kingdom,Period publication,Direct indexed text; clearly paired amount and item.,MEDIUM-HIGH,https://previouspage.co.uk/magazines/BMX%20Action%20Bike/issues/60-april%2Fmay-eighty-three,INDEX-ONLY,city bmx lightweight race helmet april may 1983 26 45 gbp https previouspage co uk magazines bmx 20action 20bike issues 60 april 2fmay eighty three,RETAIN — source-specific observation,Postage was additional.,2026-07-31
ABMX-PR-0058,V11-ABMX-0174,City BMX,Shoulder protectors,Protective equipment,April/May 1983,18.95,GBP,£18.95,Mail-order price,United Kingdom,Period publication,Direct indexed text; clearly paired amount and item.,HIGH,https://previouspage.co.uk/magazines/BMX%20Action%20Bike/issues/60-april%2Fmay-eighty-three,INDEX-ONLY,city bmx shoulder protectors april may 1983 18 95 gbp https previouspage co uk magazines bmx 20action 20bike issues 60 april 2fmay eighty three,RETAIN — source-specific observation,Postage was additional.,2026-07-31
ABMX-PR-0059,V11-ABMX-0182,Huffy,Pro Lightning,Complete bicycle,April/May 1983,249,GBP,Approximately £249,Approximate retail price,United Kingdom,Period publication,Direct indexed text; clearly paired amount and item.,HIGH,https://previouspage.co.uk/magazines/BMX%20Action%20Bike/issues/60-april%2Fmay-eighty-three,INDEX-ONLY,huffy pro lightning april may 1983 249 0 gbp https previouspage co uk magazines bmx 20action 20bike issues 60 april 2fmay eighty three,RETAIN — source-specific observation,"Editorial test price; text contains OCR inconsistency elsewhere, so retained as approximate.",2026-07-31
ABMX-PR-0060,V11-ABMX-0183,Ride-On MX Products,Retrofit sealed-bearing hub pair,Hub conversion kit,April/May 1983,19.99,GBP,£19.99 a pair,Mail-order price,United Kingdom,Period publication,Direct indexed text; clearly paired amount and item.,HIGH,https://previouspage.co.uk/magazines/BMX%20Action%20Bike/issues/60-april%2Fmay-eighty-three,INDEX-ONLY,ride on mx products retrofit sealed bearing hub pair april may 1983 19 99 gbp https previouspage co uk magazines bmx 20action 20bike issues 60 april 2fmay eighty three,RETAIN — source-specific observation,Price included VAT and postage/packing.,2026-07-31
ABMX-PR-0061,V11-ABMX-0185,Lee Cooper; Reflex Publications,Ready to Go BMX video,Video,April/May 1983,29,GBP,£29,Mail-order price,United Kingdom,Period publication,Direct indexed text; clearly paired amount and item.,HIGH,https://previouspage.co.uk/magazines/BMX%20Action%20Bike/issues/60-april%2Fmay-eighty-three,INDEX-ONLY,lee cooper reflex publications ready to go bmx video april may 1983 29 0 gbp https previouspage co uk magazines bmx 20action 20bike issues 60 april 2fmay eighty three,RETAIN — source-specific observation,Price included VAT.,2026-07-31
ABMX-PR-0062,V11-ABMX-0186,BMX Video,USA professional BMX action video,Video,April/May 1983,19.5,GBP,£19.50,Mail-order price,United Kingdom,Period publication,Direct indexed text; clearly paired amount and item.,HIGH,https://previouspage.co.uk/magazines/BMX%20Action%20Bike/issues/60-april%2Fmay-eighty-three,INDEX-ONLY,bmx video usa professional bmx action video april may 1983 19 5 gbp https previouspage co uk magazines bmx 20action 20bike issues 60 april 2fmay eighty three,RETAIN — source-specific observation,Price included postage and packing.,2026-07-31
ABMX-PR-0063,V11-ABMX-0187,BMX Action Bike,Six-issue subscription,Subscription,April/May 1983,5,GBP,£5,Subscription price,United Kingdom,Period publication,Direct indexed text; clearly paired amount and item.,HIGH,https://previouspage.co.uk/magazines/BMX%20Action%20Bike/issues/60-april%2Fmay-eighty-three,INDEX-ONLY,bmx action bike six issue subscription april may 1983 5 0 gbp https previouspage co uk magazines bmx 20action 20bike issues 60 april 2fmay eighty three,RETAIN — source-specific observation,Offer covered the next six issues.,2026-07-31
ABMX-PR-0064,V12-ABMX-0190,Haro Designs,Brochure and decals,Information pack,June 1983,1,USD,$1,Mail-order fee,United States mail-order offer published in UK issue,Period publication,Indexed issue text; the amount/item pairing is retained pending page-image comparison.,MEDIUM-HIGH,https://previouspage.co.uk/magazines/BMX%20Action%20Bike/issues/61-june-nineteen-eighty-three,INDEX-ONLY,haro designs brochure and decals june 1983 1 0 usd https previouspage co uk magazines bmx 20action 20bike issues 61 june nineteen eighty three,RETAIN — source-specific observation,Source-specific advertised amount; no inflation adjustment or averaging. Page-image comparison remains pending; no inflation adjustment or averaging is applied.,2026-08-01
ABMX-PR-0065,V12-ABMX-0191,Action Bike,BMX pad set,Pad set,June 1983,8.95,GBP,£8.95,Advertised mail-order price,United Kingdom,Period publication,Indexed issue text; the amount/item pairing is retained pending page-image comparison.,MEDIUM-HIGH,https://previouspage.co.uk/magazines/BMX%20Action%20Bike/issues/61-june-nineteen-eighty-three,INDEX-ONLY,action bike bmx pad set june 1983 8 95 gbp https previouspage co uk magazines bmx 20action 20bike issues 61 june nineteen eighty three,RETAIN — source-specific observation,Source-specific advertised amount; no inflation adjustment or averaging. Page-image comparison remains pending; no inflation adjustment or averaging is applied.,2026-08-01
ABMX-PR-0066,V12-ABMX-0191,Oakley,Point Five grips,Grips,June 1983,3.49,GBP,£3.49,Advertised mail-order price,United Kingdom,Period publication,Indexed issue text; the amount/item pairing is retained pending page-image comparison.,MEDIUM-HIGH,https://previouspage.co.uk/magazines/BMX%20Action%20Bike/issues/61-june-nineteen-eighty-three,INDEX-ONLY,oakley point five grips june 1983 3 49 gbp https previouspage co uk magazines bmx 20action 20bike issues 61 june nineteen eighty three,RETAIN — source-specific observation,Source-specific advertised amount; no inflation adjustment or averaging. Page-image comparison remains pending; no inflation adjustment or averaging is applied.,2026-08-01
ABMX-PR-0067,V12-ABMX-0191,Oakley,F-1 grips,Grips,June 1983,6.5,GBP,£6.50,Advertised mail-order price,United Kingdom,Period publication,Indexed issue text; the amount/item pairing is retained pending page-image comparison.,MEDIUM-HIGH,https://previouspage.co.uk/magazines/BMX%20Action%20Bike/issues/61-june-nineteen-eighty-three,INDEX-ONLY,oakley f 1 grips june 1983 6 5 gbp https previouspage co uk magazines bmx 20action 20bike issues 61 june nineteen eighty three,RETAIN — source-specific observation,Source-specific advertised amount; no inflation adjustment or averaging. Page-image comparison remains pending; no inflation adjustment or averaging is applied.,2026-08-01
ABMX-PR-0068,V12-ABMX-0191,Oakley,B-1B grips,Grips,June 1983,7.95,GBP,£7.95,Advertised mail-order price,United Kingdom,Period publication,Indexed issue text; the amount/item pairing is retained pending page-image comparison.,MEDIUM-HIGH,https://previouspage.co.uk/magazines/BMX%20Action%20Bike/issues/61-june-nineteen-eighty-three,INDEX-ONLY,oakley b 1b grips june 1983 7 95 gbp https previouspage co uk magazines bmx 20action 20bike issues 61 june nineteen eighty three,RETAIN — source-specific observation,Source-specific advertised amount; no inflation adjustment or averaging. Page-image comparison remains pending; no inflation adjustment or averaging is applied.,2026-08-01
ABMX-PR-0069,V12-ABMX-0193,Tange / Spokes,FMX 200 complete bicycle,Complete bicycle,June 1983,109.95,GBP,£109.95,Cash-and-carry price,United Kingdom,Period publication,Indexed issue text; the amount/item pairing is retained pending page-image comparison.,MEDIUM-HIGH,https://previouspage.co.uk/magazines/BMX%20Action%20Bike/issues/61-june-nineteen-eighty-three,INDEX-ONLY,tange spokes fmx 200 complete bicycle june 1983 109 95 gbp https previouspage co uk magazines bmx 20action 20bike issues 61 june nineteen eighty three,RETAIN — source-specific observation,Source-specific advertised amount; no inflation adjustment or averaging. Page-image comparison remains pending; no inflation adjustment or averaging is applied.,2026-08-01
ABMX-PR-0070,V12-ABMX-0199,DP Racing,Firebird frame and fork set,Frame and fork set,June 1983,64.95,GBP,£64.95,Mail-order price,United Kingdom,Period publication,Indexed issue text; the amount/item pairing is retained pending page-image comparison.,MEDIUM-HIGH,https://previouspage.co.uk/magazines/BMX%20Action%20Bike/issues/61-june-nineteen-eighty-three,INDEX-ONLY,dp racing firebird frame and fork set june 1983 64 95 gbp https previouspage co uk magazines bmx 20action 20bike issues 61 june nineteen eighty three,RETAIN — source-specific observation,Source-specific advertised amount; no inflation adjustment or averaging. Page-image comparison remains pending; no inflation adjustment or averaging is applied.,2026-08-01
ABMX-PR-0071,V12-ABMX-0198,BMX Action Bike,Available back issue,Magazine back issue,June 1983,0.7,GBP,70p per copy,Back-issue mail-order price,United Kingdom,Period publication,Indexed issue text; the amount/item pairing is retained pending page-image comparison.,MEDIUM-HIGH,https://previouspage.co.uk/magazines/BMX%20Action%20Bike/issues/61-june-nineteen-eighty-three,INDEX-ONLY,bmx action bike available back issue june 1983 0 7 gbp https previouspage co uk magazines bmx 20action 20bike issues 61 june nineteen eighty three,RETAIN — source-specific observation,Source-specific advertised amount; no inflation adjustment or averaging. Page-image comparison remains pending; no inflation adjustment or averaging is applied.,2026-08-01
ABMX-PR-0072,V12-ABMX-0200,BMX Action Bike,Twelve-issue binder,Binder,June 1983,3.95,GBP,£3.95,Mail-order price,United Kingdom,Period publication,Indexed issue text; the amount/item pairing is retained pending page-image comparison.,MEDIUM-HIGH,https://previouspage.co.uk/magazines/BMX%20Action%20Bike/issues/61-june-nineteen-eighty-three,INDEX-ONLY,bmx action bike twelve issue binder june 1983 3 95 gbp https previouspage co uk magazines bmx 20action 20bike issues 61 june nineteen eighty three,RETAIN — source-specific observation,Source-specific advertised amount; no inflation adjustment or averaging. Page-image comparison remains pending; no inflation adjustment or averaging is applied.,2026-08-01
ABMX-PR-0073,V12-ABMX-0201,BMX Action Bike,Blue-and-yellow race shirt,Apparel,June 1983,6.95,GBP,£6.95,Mail-order price,United Kingdom,Period publication,Indexed issue text; the amount/item pairing is retained pending page-image comparison.,MEDIUM-HIGH,https://previouspage.co.uk/magazines/BMX%20Action%20Bike/issues/61-june-nineteen-eighty-three,INDEX-ONLY,bmx action bike blue and yellow race shirt june 1983 6 95 gbp https previouspage co uk magazines bmx 20action 20bike issues 61 june nineteen eighty three,RETAIN — source-specific observation,Source-specific advertised amount; no inflation adjustment or averaging. Page-image comparison remains pending; no inflation adjustment or averaging is applied.,2026-08-01
ABMX-PR-0074,V12-ABMX-0202,Torker,260 complete bicycle,Complete bicycle,June 1983,225,GBP,£225.00,Advertised retail price,United Kingdom,Period publication,Indexed issue text; the amount/item pairing is retained pending page-image comparison.,MEDIUM-HIGH,https://previouspage.co.uk/magazines/BMX%20Action%20Bike/issues/61-june-nineteen-eighty-three,INDEX-ONLY,torker 260 complete bicycle june 1983 225 0 gbp https previouspage co uk magazines bmx 20action 20bike issues 61 june nineteen eighty three,RETAIN — source-specific observation,Source-specific advertised amount; no inflation adjustment or averaging. Page-image comparison remains pending; no inflation adjustment or averaging is applied.,2026-08-01
ABMX-PR-0075,V12-ABMX-0202,Torker,280X complete bicycle,Complete bicycle,June 1983,228,GBP,£228.00,Advertised retail price,United Kingdom,Period publication,Indexed issue text; the amount/item pairing is retained pending page-image comparison.,MEDIUM-HIGH,https://previouspage.co.uk/magazines/BMX%20Action%20Bike/issues/61-june-nineteen-eighty-three,INDEX-ONLY,torker 280x complete bicycle june 1983 228 0 gbp https previouspage co uk magazines bmx 20action 20bike issues 61 june nineteen eighty three,RETAIN — source-specific observation,Source-specific advertised amount; no inflation adjustment or averaging. Page-image comparison remains pending; no inflation adjustment or averaging is applied.,2026-08-01
ABMX-PR-0076,V12-ABMX-0202,Torker,340 24-inch cruiser,Complete bicycle,June 1983,275,GBP,£275.00,Advertised retail price,United Kingdom,Period publication,Indexed issue text; the amount/item pairing is retained pending page-image comparison.,MEDIUM-HIGH,https://previouspage.co.uk/magazines/BMX%20Action%20Bike/issues/61-june-nineteen-eighty-three,INDEX-ONLY,torker 340 24 inch cruiser june 1983 275 0 gbp https previouspage co uk magazines bmx 20action 20bike issues 61 june nineteen eighty three,RETAIN — source-specific observation,Source-specific advertised amount; no inflation adjustment or averaging. Page-image comparison remains pending; no inflation adjustment or averaging is applied.,2026-08-01
ABMX-PR-0077,V12-ABMX-0205,DP Racing,Firebird Delta II frame,Frame,June 1983,89.95,GBP,£89.95,Advertised retail price,United Kingdom,Period publication,Indexed issue text; the amount/item pairing is retained pending page-image comparison.,MEDIUM-HIGH,https://previouspage.co.uk/magazines/BMX%20Action%20Bike/issues/61-june-nineteen-eighty-three,INDEX-ONLY,dp racing firebird delta ii frame june 1983 89 95 gbp https previouspage co uk magazines bmx 20action 20bike issues 61 june nineteen eighty three,RETAIN — source-specific observation,Source-specific advertised amount; no inflation adjustment or averaging. Page-image comparison remains pending; no inflation adjustment or averaging is applied.,2026-08-01
ABMX-PR-0078,V12-ABMX-0217,Rivat,BMX shoes,Footwear,June 1983,25.28,GBP,£25.28,Advertised retail price,United Kingdom,Period publication,Indexed issue text; the amount/item pairing is retained pending page-image comparison.,MEDIUM-HIGH,https://previouspage.co.uk/magazines/BMX%20Action%20Bike/issues/61-june-nineteen-eighty-three,INDEX-ONLY,rivat bmx shoes june 1983 25 28 gbp https previouspage co uk magazines bmx 20action 20bike issues 61 june nineteen eighty three,RETAIN — source-specific observation,Source-specific advertised amount; no inflation adjustment or averaging. Page-image comparison remains pending; no inflation adjustment or averaging is applied.,2026-08-01
ABMX-PR-0079,V12-ABMX-0210,Kuwahara,E.T. Replica complete bicycle,Complete bicycle,June 1983,151,GBP,£151.00,Advertised special price,United Kingdom,Period publication,Indexed issue text; the amount/item pairing is retained pending page-image comparison.,MEDIUM-HIGH,https://previouspage.co.uk/magazines/BMX%20Action%20Bike/issues/61-june-nineteen-eighty-three,INDEX-ONLY,kuwahara e t replica complete bicycle june 1983 151 0 gbp https previouspage co uk magazines bmx 20action 20bike issues 61 june nineteen eighty three,RETAIN — source-specific observation,Source-specific advertised amount; no inflation adjustment or averaging. Page-image comparison remains pending; no inflation adjustment or averaging is applied.,2026-08-01
ABMX-PR-0080,V12-ABMX-0211,Haro,Freestyle Moves book,Book,June 1983,4.99,GBP,£4.99,Advertised mail-order price,United Kingdom,Period publication,Indexed issue text; the amount/item pairing is retained pending page-image comparison.,MEDIUM-HIGH,https://previouspage.co.uk/magazines/BMX%20Action%20Bike/issues/61-june-nineteen-eighty-three,INDEX-ONLY,haro freestyle moves book june 1983 4 99 gbp https previouspage co uk magazines bmx 20action 20bike issues 61 june nineteen eighty three,RETAIN — source-specific observation,Source-specific advertised amount; no inflation adjustment or averaging. Page-image comparison remains pending; no inflation adjustment or averaging is applied.,2026-08-01
ABMX-PR-0081,V12-ABMX-0211,California Lite,Litesliders elbow guards,Protective equipment,June 1983,9.99,GBP,£9.99,Advertised mail-order price,United Kingdom,Period publication,Indexed issue text; the amount/item pairing is retained pending page-image comparison.,MEDIUM-HIGH,https://previouspage.co.uk/magazines/BMX%20Action%20Bike/issues/61-june-nineteen-eighty-three,INDEX-ONLY,california lite litesliders elbow guards june 1983 9 99 gbp https previouspage co uk magazines bmx 20action 20bike issues 61 june nineteen eighty three,RETAIN — source-specific observation,Source-specific advertised amount; no inflation adjustment or averaging. Page-image comparison remains pending; no inflation adjustment or averaging is applied.,2026-08-01
ABMX-PR-0082,V12-ABMX-0211,CW,29-inch Pro chromoly handlebar,Handlebar,June 1983,17.99,GBP,£17.99,Advertised mail-order price,United Kingdom,Period publication,Indexed issue text; the amount/item pairing is retained pending page-image comparison.,MEDIUM-HIGH,https://previouspage.co.uk/magazines/BMX%20Action%20Bike/issues/61-june-nineteen-eighty-three,INDEX-ONLY,cw 29 inch pro chromoly handlebar june 1983 17 99 gbp https previouspage co uk magazines bmx 20action 20bike issues 61 june nineteen eighty three,RETAIN — source-specific observation,Source-specific advertised amount; no inflation adjustment or averaging. Page-image comparison remains pending; no inflation adjustment or averaging is applied.,2026-08-01
ABMX-PR-0083,V12-ABMX-0211,Haro,Series 1 number plate,Number plate,June 1983,7.99,GBP,£7.99,Advertised mail-order price,United Kingdom,Period publication,Indexed issue text; the amount/item pairing is retained pending page-image comparison.,MEDIUM-HIGH,https://previouspage.co.uk/magazines/BMX%20Action%20Bike/issues/61-june-nineteen-eighty-three,INDEX-ONLY,haro series 1 number plate june 1983 7 99 gbp https previouspage co uk magazines bmx 20action 20bike issues 61 june nineteen eighty three,RETAIN — source-specific observation,Source-specific advertised amount; no inflation adjustment or averaging. Page-image comparison remains pending; no inflation adjustment or averaging is applied.,2026-08-01
ABMX-PR-0084,V12-ABMX-0211,Renthal,18-inch layback seatpost,Seatpost,June 1983,6.75,GBP,£6.75,Advertised mail-order price,United Kingdom,Period publication,Indexed issue text; the amount/item pairing is retained pending page-image comparison.,MEDIUM-HIGH,https://previouspage.co.uk/magazines/BMX%20Action%20Bike/issues/61-june-nineteen-eighty-three,INDEX-ONLY,renthal 18 inch layback seatpost june 1983 6 75 gbp https previouspage co uk magazines bmx 20action 20bike issues 61 june nineteen eighty three,RETAIN — source-specific observation,Source-specific advertised amount; no inflation adjustment or averaging. Page-image comparison remains pending; no inflation adjustment or averaging is applied.,2026-08-01
ABMX-PR-0085,V12-ABMX-0212,MX 100,Rear brake with cable and lever,Brake set,June 1983,7.5,GBP,£7.50,Advertised retail price,United Kingdom,Period publication,Indexed issue text; the amount/item pairing is retained pending page-image comparison.,MEDIUM-HIGH,https://previouspage.co.uk/magazines/BMX%20Action%20Bike/issues/61-june-nineteen-eighty-three,INDEX-ONLY,mx 100 rear brake with cable and lever june 1983 7 5 gbp https previouspage co uk magazines bmx 20action 20bike issues 61 june nineteen eighty three,RETAIN — source-specific observation,Source-specific advertised amount; no inflation adjustment or averaging. Page-image comparison remains pending; no inflation adjustment or averaging is applied.,2026-08-01
ABMX-PR-0086,V12-ABMX-0212,Sharp,Bottom-bracket boot,Bottom-bracket protector,June 1983,1,GBP,£1.00,Advertised retail price,United Kingdom,Period publication,Indexed issue text; the amount/item pairing is retained pending page-image comparison.,MEDIUM-HIGH,https://previouspage.co.uk/magazines/BMX%20Action%20Bike/issues/61-june-nineteen-eighty-three,INDEX-ONLY,sharp bottom bracket boot june 1983 1 0 gbp https previouspage co uk magazines bmx 20action 20bike issues 61 june nineteen eighty three,RETAIN — source-specific observation,Source-specific advertised amount; no inflation adjustment or averaging. Page-image comparison remains pending; no inflation adjustment or averaging is applied.,2026-08-01
ABMX-PR-0087,V12-ABMX-0213,Cyclo,247 trials chainwheel for one-piece crank,Chainwheel,June 1983,6.25,GBP,£6.25 inc. p&p,Advertised mail-order price,United Kingdom,Period publication,Indexed issue text; the amount/item pairing is retained pending page-image comparison.,MEDIUM-HIGH,https://previouspage.co.uk/magazines/BMX%20Action%20Bike/issues/61-june-nineteen-eighty-three,INDEX-ONLY,cyclo 247 trials chainwheel for one piece crank june 1983 6 25 gbp https previouspage co uk magazines bmx 20action 20bike issues 61 june nineteen eighty three,RETAIN — source-specific observation,Source-specific advertised amount; no inflation adjustment or averaging. Page-image comparison remains pending; no inflation adjustment or averaging is applied.,2026-08-01
ABMX-PR-0088,V12-ABMX-0222,Tioga,Sealed headset,Headset,June 1983,9.95,GBP,£9.95,Advertised mail-order price,United Kingdom,Period publication,Indexed issue text; the amount/item pairing is retained pending page-image comparison.,MEDIUM-HIGH,https://previouspage.co.uk/magazines/BMX%20Action%20Bike/issues/61-june-nineteen-eighty-three,INDEX-ONLY,tioga sealed headset june 1983 9 95 gbp https previouspage co uk magazines bmx 20action 20bike issues 61 june nineteen eighty three,RETAIN — source-specific observation,Source-specific advertised amount; no inflation adjustment or averaging. Page-image comparison remains pending; no inflation adjustment or averaging is applied.,2026-08-01
ABMX-PR-0089,V12-ABMX-0222,Oakley,B-1B grips,Grips,June 1983,8.99,GBP,£8.99,Advertised mail-order price,United Kingdom,Period publication,Indexed issue text; the amount/item pairing is retained pending page-image comparison.,MEDIUM-HIGH,https://previouspage.co.uk/magazines/BMX%20Action%20Bike/issues/61-june-nineteen-eighty-three,INDEX-ONLY,oakley b 1b grips june 1983 8 99 gbp https previouspage co uk magazines bmx 20action 20bike issues 61 june nineteen eighty three,RETAIN — source-specific observation,Source-specific advertised amount; no inflation adjustment or averaging. Page-image comparison remains pending; no inflation adjustment or averaging is applied.,2026-08-01
ABMX-PR-0090,V12-ABMX-0222,Suntour,VX crankset,Crankset,June 1983,17.35,GBP,£17.35,Advertised mail-order price,United Kingdom,Period publication,Indexed issue text; the amount/item pairing is retained pending page-image comparison.,MEDIUM-HIGH,https://previouspage.co.uk/magazines/BMX%20Action%20Bike/issues/61-june-nineteen-eighty-three,INDEX-ONLY,suntour vx crankset june 1983 17 35 gbp https previouspage co uk magazines bmx 20action 20bike issues 61 june nineteen eighty three,RETAIN — source-specific observation,Source-specific advertised amount; no inflation adjustment or averaging. Page-image comparison remains pending; no inflation adjustment or averaging is applied.,2026-08-01
ABMX-PR-0091,V12-ABMX-0222,Takagi,Chromoly one-piece crank,Crank,June 1983,9.95,GBP,£9.95,Advertised mail-order price,United Kingdom,Period publication,Indexed issue text; the amount/item pairing is retained pending page-image comparison.,MEDIUM-HIGH,https://previouspage.co.uk/magazines/BMX%20Action%20Bike/issues/61-june-nineteen-eighty-three,INDEX-ONLY,takagi chromoly one piece crank june 1983 9 95 gbp https previouspage co uk magazines bmx 20action 20bike issues 61 june nineteen eighty three,RETAIN — source-specific observation,Source-specific advertised amount; no inflation adjustment or averaging. Page-image comparison remains pending; no inflation adjustment or averaging is applied.,2026-08-01
ABMX-PR-0092,V12-ABMX-0222,Comp III,20 x 1.75 black tyre,Tyre,June 1983,5.99,GBP,£5.99,Advertised mail-order price,United Kingdom,Period publication,Indexed issue text; the amount/item pairing is retained pending page-image comparison.,MEDIUM-HIGH,https://previouspage.co.uk/magazines/BMX%20Action%20Bike/issues/61-june-nineteen-eighty-three,INDEX-ONLY,comp iii 20 x 1 75 black tyre june 1983 5 99 gbp https previouspage co uk magazines bmx 20action 20bike issues 61 june nineteen eighty three,RETAIN — source-specific observation,Source-specific advertised amount; no inflation adjustment or averaging. Page-image comparison remains pending; no inflation adjustment or averaging is applied.,2026-08-01
ABMX-PR-0093,V12-ABMX-0226,Diatron / Wildcat,Lightweight BMX helmet,Protective equipment,June 1983,14.95,GBP,£14.95,Advertised retail price,United Kingdom,Period publication,Indexed issue text; the amount/item pairing is retained pending page-image comparison.,MEDIUM-HIGH,https://previouspage.co.uk/magazines/BMX%20Action%20Bike/issues/61-june-nineteen-eighty-three,INDEX-ONLY,diatron wildcat lightweight bmx helmet june 1983 14 95 gbp https previouspage co uk magazines bmx 20action 20bike issues 61 june nineteen eighty three,RETAIN — source-specific observation,Source-specific advertised amount; no inflation adjustment or averaging. Page-image comparison remains pending; no inflation adjustment or averaging is applied.,2026-08-01
ABMX-PR-0094,V12-ABMX-0228,NBMXA,BMX rulebook,Rulebook,June 1983,1,GBP,£1 inc. p&p,Mail-order price,United Kingdom,Period publication,Indexed issue text; the amount/item pairing is retained pending page-image comparison.,MEDIUM-HIGH,https://previouspage.co.uk/magazines/BMX%20Action%20Bike/issues/61-june-nineteen-eighty-three,INDEX-ONLY,nbmxa bmx rulebook june 1983 1 0 gbp https previouspage co uk magazines bmx 20action 20bike issues 61 june nineteen eighty three,RETAIN — source-specific observation,Source-specific advertised amount; no inflation adjustment or averaging. Page-image comparison remains pending; no inflation adjustment or averaging is applied.,2026-08-01
ABMX-PR-0095,V12-ABMX-0228,NBMXA,Club membership,Membership,June 1983,4,GBP,£4,Membership fee,United Kingdom,Period publication,Indexed issue text; the amount/item pairing is retained pending page-image comparison.,MEDIUM-HIGH,https://previouspage.co.uk/magazines/BMX%20Action%20Bike/issues/61-june-nineteen-eighty-three,INDEX-ONLY,nbmxa club membership june 1983 4 0 gbp https previouspage co uk magazines bmx 20action 20bike issues 61 june nineteen eighty three,RETAIN — source-specific observation,Source-specific advertised amount; no inflation adjustment or averaging. Page-image comparison remains pending; no inflation adjustment or averaging is applied.,2026-08-01
ABMX-PR-0096,V12-ABMX-0232,Araya / Suzue,1 3/8-inch wheel pair,Wheelset,June 1983,39.95,GBP,£39.95 per pair,Advertised retail price,United Kingdom,Period publication,Indexed issue text; the amount/item pairing is retained pending page-image comparison.,MEDIUM-HIGH,https://previouspage.co.uk/magazines/BMX%20Action%20Bike/issues/61-june-nineteen-eighty-three,INDEX-ONLY,araya suzue 1 3 8 inch wheel pair june 1983 39 95 gbp https previouspage co uk magazines bmx 20action 20bike issues 61 june nineteen eighty three,RETAIN — source-specific observation,Source-specific advertised amount; no inflation adjustment or averaging. Page-image comparison remains pending; no inflation adjustment or averaging is applied.,2026-08-01
ABMX-PR-0097,V12-ABMX-0232,Skyway,Tuff III wheel pair,Wheelset,June 1983,59.95,GBP,£59.95 per pair,Advertised special price,United Kingdom,Period publication,Indexed issue text; the amount/item pairing is retained pending page-image comparison.,MEDIUM-HIGH,https://previouspage.co.uk/magazines/BMX%20Action%20Bike/issues/61-june-nineteen-eighty-three,INDEX-ONLY,skyway tuff iii wheel pair june 1983 59 95 gbp https previouspage co uk magazines bmx 20action 20bike issues 61 june nineteen eighty three,RETAIN — source-specific observation,Source-specific advertised amount; no inflation adjustment or averaging. Page-image comparison remains pending; no inflation adjustment or averaging is applied.,2026-08-01
ABMX-PR-0098,V12-ABMX-0233,UKBMX,Nine-day European and World Championship coach tour,Travel package,June 1983,150,GBP,Projected £150,Projected package price,United Kingdom,Period publication,Indexed issue text; the amount/item pairing is retained pending page-image comparison.,MEDIUM-HIGH,https://previouspage.co.uk/magazines/BMX%20Action%20Bike/issues/61-june-nineteen-eighty-three,INDEX-ONLY,ukbmx nine day european and world championship coach tour june 1983 150 0 gbp https previouspage co uk magazines bmx 20action 20bike issues 61 june nineteen eighty three,RETAIN — source-specific observation,Source-specific advertised amount; no inflation adjustment or averaging. Page-image comparison remains pending; no inflation adjustment or averaging is applied.,2026-08-01
ABMX-PR-0099,V12-ABMX-0234,UKBMX,Full UK competition membership,Membership / insurance,June 1983,7,GBP,£7.00,Membership fee,United Kingdom,Period publication,Indexed issue text; the amount/item pairing is retained pending page-image comparison.,MEDIUM-HIGH,https://previouspage.co.uk/magazines/BMX%20Action%20Bike/issues/61-june-nineteen-eighty-three,INDEX-ONLY,ukbmx full uk competition membership june 1983 7 0 gbp https previouspage co uk magazines bmx 20action 20bike issues 61 june nineteen eighty three,RETAIN — source-specific observation,Source-specific advertised amount; no inflation adjustment or averaging. Page-image comparison remains pending; no inflation adjustment or averaging is applied.,2026-08-01
ABMX-PR-0100,V12-ABMX-0234,UKBMX,European insurance extension,Membership / insurance,June 1983,3,GBP,£3.00 extra,Insurance extension fee,United Kingdom,Period publication,Indexed issue text; the amount/item pairing is retained pending page-image comparison.,MEDIUM-HIGH,https://previouspage.co.uk/magazines/BMX%20Action%20Bike/issues/61-june-nineteen-eighty-three,INDEX-ONLY,ukbmx european insurance extension june 1983 3 0 gbp https previouspage co uk magazines bmx 20action 20bike issues 61 june nineteen eighty three,RETAIN — source-specific observation,Source-specific advertised amount; no inflation adjustment or averaging. Page-image comparison remains pending; no inflation adjustment or averaging is applied.,2026-08-01
ABMX-PR-0101,V12-ABMX-0234,UKBMX,Worldwide insurance extension,Membership / insurance,June 1983,8,GBP,£8.00 extra,Insurance extension fee,United Kingdom,Period publication,Indexed issue text; the amount/item pairing is retained pending page-image comparison.,MEDIUM-HIGH,https://previouspage.co.uk/magazines/BMX%20Action%20Bike/issues/61-june-nineteen-eighty-three,INDEX-ONLY,ukbmx worldwide insurance extension june 1983 8 0 gbp https previouspage co uk magazines bmx 20action 20bike issues 61 june nineteen eighty three,RETAIN — source-specific observation,Source-specific advertised amount; no inflation adjustment or averaging. Page-image comparison remains pending; no inflation adjustment or averaging is applied.,2026-08-01
ABMX-PR-0102,V12-ABMX-0236,Tange,Aero chromoly frame and ARX forks,Frame and fork set,July 1983,99.95,GBP,£99.95,Advertised retail price,United Kingdom,Period publication,Indexed issue text; the amount/item pairing is retained pending page-image comparison.,MEDIUM-HIGH,https://previouspage.co.uk/magazines/BMX%20Action%20Bike/issues/62-july-nineteen-eighty-three,INDEX-ONLY,tange aero chromoly frame and arx forks july 1983 99 95 gbp https previouspage co uk magazines bmx 20action 20bike issues 62 july nineteen eighty three,RETAIN — source-specific observation,Source-specific advertised amount; no inflation adjustment or averaging. Page-image comparison remains pending; no inflation adjustment or averaging is applied.,2026-08-01
ABMX-PR-0103,V12-ABMX-0236,Pro-Star,Chromoly frame and forks,Frame and fork set,July 1983,89.95,GBP,£89.95,Advertised retail price,United Kingdom,Period publication,Indexed issue text; the amount/item pairing is retained pending page-image comparison.,MEDIUM-HIGH,https://previouspage.co.uk/magazines/BMX%20Action%20Bike/issues/62-july-nineteen-eighty-three,INDEX-ONLY,pro star chromoly frame and forks july 1983 89 95 gbp https previouspage co uk magazines bmx 20action 20bike issues 62 july nineteen eighty three,RETAIN — source-specific observation,Source-specific advertised amount; no inflation adjustment or averaging. Page-image comparison remains pending; no inflation adjustment or averaging is applied.,2026-08-01
ABMX-PR-0104,V12-ABMX-0236,Skyway,TA chromoly frame and forks,Frame and fork set,July 1983,165,GBP,£165,Advertised retail price,United Kingdom,Period publication,Indexed issue text; the amount/item pairing is retained pending page-image comparison.,MEDIUM-HIGH,https://previouspage.co.uk/magazines/BMX%20Action%20Bike/issues/62-july-nineteen-eighty-three,INDEX-ONLY,skyway ta chromoly frame and forks july 1983 165 0 gbp https previouspage co uk magazines bmx 20action 20bike issues 62 july nineteen eighty three,RETAIN — source-specific observation,Source-specific advertised amount; no inflation adjustment or averaging. Page-image comparison remains pending; no inflation adjustment or averaging is applied.,2026-08-01
ABMX-PR-0105,V12-ABMX-0236,Haro,Freestyle frame and forks,Frame and fork set,July 1983,165,GBP,£165,Advertised retail price,United Kingdom,Period publication,Indexed issue text; the amount/item pairing is retained pending page-image comparison.,MEDIUM-HIGH,https://previouspage.co.uk/magazines/BMX%20Action%20Bike/issues/62-july-nineteen-eighty-three,INDEX-ONLY,haro freestyle frame and forks july 1983 165 0 gbp https previouspage co uk magazines bmx 20action 20bike issues 62 july nineteen eighty three,RETAIN — source-specific observation,Source-specific advertised amount; no inflation adjustment or averaging. Page-image comparison remains pending; no inflation adjustment or averaging is applied.,2026-08-01
ABMX-PR-0106,V12-ABMX-0236,Raleigh,Extra Burner complete bicycle,Complete bicycle,July 1983,89.95,GBP,£89.95,Advertised retail price,United Kingdom,Period publication,Indexed issue text; the amount/item pairing is retained pending page-image comparison.,MEDIUM-HIGH,https://previouspage.co.uk/magazines/BMX%20Action%20Bike/issues/62-july-nineteen-eighty-three,INDEX-ONLY,raleigh extra burner complete bicycle july 1983 89 95 gbp https previouspage co uk magazines bmx 20action 20bike issues 62 july nineteen eighty three,RETAIN — source-specific observation,Source-specific advertised amount; no inflation adjustment or averaging. Page-image comparison remains pending; no inflation adjustment or averaging is applied.,2026-08-01
ABMX-PR-0107,V12-ABMX-0236,Skyway,Tuff wheel pair,Wheelset,July 1983,57.5,GBP,£57.50,Advertised retail price,United Kingdom,Period publication,Indexed issue text; the amount/item pairing is retained pending page-image comparison.,MEDIUM-HIGH,https://previouspage.co.uk/magazines/BMX%20Action%20Bike/issues/62-july-nineteen-eighty-three,INDEX-ONLY,skyway tuff wheel pair july 1983 57 5 gbp https previouspage co uk magazines bmx 20action 20bike issues 62 july nineteen eighty three,RETAIN — source-specific observation,Source-specific advertised amount; no inflation adjustment or averaging. Page-image comparison remains pending; no inflation adjustment or averaging is applied.,2026-08-01
ABMX-PR-0108,V12-ABMX-0239,Diamond Back,Silver Streak,Complete bicycle,July 1983,220,GBP,£220,Advertised retail price,United Kingdom,Period publication,Indexed issue text; the amount/item pairing is retained pending page-image comparison.,MEDIUM-HIGH,https://previouspage.co.uk/magazines/BMX%20Action%20Bike/issues/62-july-nineteen-eighty-three,INDEX-ONLY,diamond back silver streak july 1983 220 0 gbp https previouspage co uk magazines bmx 20action 20bike issues 62 july nineteen eighty three,RETAIN — source-specific observation,Source-specific advertised amount; no inflation adjustment or averaging. Page-image comparison remains pending; no inflation adjustment or averaging is applied.,2026-08-01
ABMX-PR-0109,V12-ABMX-0239,Diamond Back,Harry Leary Turbo,Complete bicycle,July 1983,339,GBP,£339,Advertised retail price,United Kingdom,Period publication,Indexed issue text; the amount/item pairing is retained pending page-image comparison.,MEDIUM-HIGH,https://previouspage.co.uk/magazines/BMX%20Action%20Bike/issues/62-july-nineteen-eighty-three,INDEX-ONLY,diamond back harry leary turbo july 1983 339 0 gbp https previouspage co uk magazines bmx 20action 20bike issues 62 july nineteen eighty three,RETAIN — source-specific observation,Source-specific advertised amount; no inflation adjustment or averaging. Page-image comparison remains pending; no inflation adjustment or averaging is applied.,2026-08-01
ABMX-PR-0110,V12-ABMX-0239,Mongoose,Chrome-plated complete bicycle,Complete bicycle,July 1983,159,GBP,£159,Advertised retail price,United Kingdom,Period publication,Indexed issue text; the amount/item pairing is retained pending page-image comparison.,MEDIUM-HIGH,https://previouspage.co.uk/magazines/BMX%20Action%20Bike/issues/62-july-nineteen-eighty-three,INDEX-ONLY,mongoose chrome plated complete bicycle july 1983 159 0 gbp https previouspage co uk magazines bmx 20action 20bike issues 62 july nineteen eighty three,RETAIN — source-specific observation,Source-specific advertised amount; no inflation adjustment or averaging. Page-image comparison remains pending; no inflation adjustment or averaging is applied.,2026-08-01
ABMX-PR-0111,V12-ABMX-0239,Skyway,Tuff II wheel pair,Wheelset,July 1983,59,GBP,£59 plus postage,Advertised retail price,United Kingdom,Period publication,Indexed issue text; the amount/item pairing is retained pending page-image comparison.,MEDIUM-HIGH,https://previouspage.co.uk/magazines/BMX%20Action%20Bike/issues/62-july-nineteen-eighty-three,INDEX-ONLY,skyway tuff ii wheel pair july 1983 59 0 gbp https previouspage co uk magazines bmx 20action 20bike issues 62 july nineteen eighty three,RETAIN — source-specific observation,Source-specific advertised amount; no inflation adjustment or averaging. Page-image comparison remains pending; no inflation adjustment or averaging is applied.,2026-08-01
ABMX-PR-0112,V12-ABMX-0240,DP Racing,Firebird Delta II frame,Frame,July 1983,89.95,GBP,£89.95,Advertised retail price,United Kingdom,Period publication,Indexed issue text; the amount/item pairing is retained pending page-image comparison.,MEDIUM-HIGH,https://previouspage.co.uk/magazines/BMX%20Action%20Bike/issues/62-july-nineteen-eighty-three,INDEX-ONLY,dp racing firebird delta ii frame july 1983 89 95 gbp https previouspage co uk magazines bmx 20action 20bike issues 62 july nineteen eighty three,RETAIN — source-specific observation,Source-specific advertised amount; no inflation adjustment or averaging. Page-image comparison remains pending; no inflation adjustment or averaging is applied.,2026-08-01
ABMX-PR-0113,V12-ABMX-0241,Halfords,Turbo 20 complete bicycle,Complete bicycle,July 1983,89.95,GBP,£89.95,Advertised retail price,United Kingdom,Period publication,Indexed issue text; the amount/item pairing is retained pending page-image comparison.,MEDIUM-HIGH,https://previouspage.co.uk/magazines/BMX%20Action%20Bike/issues/62-july-nineteen-eighty-three,INDEX-ONLY,halfords turbo 20 complete bicycle july 1983 89 95 gbp https previouspage co uk magazines bmx 20action 20bike issues 62 july nineteen eighty three,RETAIN — source-specific observation,Source-specific advertised amount; no inflation adjustment or averaging. Page-image comparison remains pending; no inflation adjustment or averaging is applied.,2026-08-01
ABMX-PR-0114,V12-ABMX-0241,Halfords,Turbo 20X complete bicycle,Complete bicycle,July 1983,99.95,GBP,£99.95,Advertised retail price,United Kingdom,Period publication,Indexed issue text; the amount/item pairing is retained pending page-image comparison.,MEDIUM-HIGH,https://previouspage.co.uk/magazines/BMX%20Action%20Bike/issues/62-july-nineteen-eighty-three,INDEX-ONLY,halfords turbo 20x complete bicycle july 1983 99 95 gbp https previouspage co uk magazines bmx 20action 20bike issues 62 july nineteen eighty three,RETAIN — source-specific observation,Source-specific advertised amount; no inflation adjustment or averaging. Page-image comparison remains pending; no inflation adjustment or averaging is applied.,2026-08-01
ABMX-PR-0115,V12-ABMX-0246,Kryptonite,Megalock BMX,Bicycle lock,July 1983,19.5,GBP,Around £19.50,Approximate retail price,United Kingdom,Period publication,Indexed issue text; the amount/item pairing is retained pending page-image comparison.,MEDIUM-HIGH,https://previouspage.co.uk/magazines/BMX%20Action%20Bike/issues/62-july-nineteen-eighty-three,INDEX-ONLY,kryptonite megalock bmx july 1983 19 5 gbp https previouspage co uk magazines bmx 20action 20bike issues 62 july nineteen eighty three,RETAIN — source-specific observation,Source-specific advertised amount; no inflation adjustment or averaging. Page-image comparison remains pending; no inflation adjustment or averaging is applied.,2026-08-01
ABMX-PR-0116,V12-ABMX-0247,Robinson / Alans BMX,Stickers and catalogue,Catalog and stickers,July 1983,1,GBP,£1.00,Mail-order fee,United Kingdom,Period publication,Indexed issue text; the amount/item pairing is retained pending page-image comparison.,MEDIUM-HIGH,https://previouspage.co.uk/magazines/BMX%20Action%20Bike/issues/62-july-nineteen-eighty-three,INDEX-ONLY,robinson alans bmx stickers and catalogue july 1983 1 0 gbp https previouspage co uk magazines bmx 20action 20bike issues 62 july nineteen eighty three,RETAIN — source-specific observation,Source-specific advertised amount; no inflation adjustment or averaging. Page-image comparison remains pending; no inflation adjustment or averaging is applied.,2026-08-01
ABMX-PR-0117,V12-ABMX-0252,Sharp Racing Products,Bottom-bracket boot,Bottom-bracket protector,July 1983,0.99,GBP,99p,Advertised dealer price,United Kingdom,Period publication,Indexed issue text; the amount/item pairing is retained pending page-image comparison.,MEDIUM-HIGH,https://previouspage.co.uk/magazines/BMX%20Action%20Bike/issues/62-july-nineteen-eighty-three,INDEX-ONLY,sharp racing products bottom bracket boot july 1983 0 99 gbp https previouspage co uk magazines bmx 20action 20bike issues 62 july nineteen eighty three,RETAIN — source-specific observation,Source-specific advertised amount; no inflation adjustment or averaging. Page-image comparison remains pending; no inflation adjustment or averaging is applied.,2026-08-01
ABMX-PR-0118,V12-ABMX-0254,GT / GB GT,"Greg Hill poster, stickers, and price list",Promotional information pack,July 1983,1,GBP,£1,Mail-order fee,United Kingdom,Period publication,Indexed issue text; the amount/item pairing is retained pending page-image comparison.,MEDIUM-HIGH,https://previouspage.co.uk/magazines/BMX%20Action%20Bike/issues/62-july-nineteen-eighty-three,INDEX-ONLY,gt gb gt greg hill poster stickers and price list july 1983 1 0 gbp https previouspage co uk magazines bmx 20action 20bike issues 62 july nineteen eighty three,RETAIN — source-specific observation,Source-specific advertised amount; no inflation adjustment or averaging. Page-image comparison remains pending; no inflation adjustment or averaging is applied.,2026-08-01
ABMX-PR-0119,V12-ABMX-0253,Tioga,Sealed headset,Headset,July 1983,9.95,GBP,£9.95,Advertised mail-order price,United Kingdom,Period publication,Indexed issue text; the amount/item pairing is retained pending page-image comparison.,MEDIUM-HIGH,https://previouspage.co.uk/magazines/BMX%20Action%20Bike/issues/62-july-nineteen-eighty-three,INDEX-ONLY,tioga sealed headset july 1983 9 95 gbp https previouspage co uk magazines bmx 20action 20bike issues 62 july nineteen eighty three,RETAIN — source-specific observation,Source-specific advertised amount; no inflation adjustment or averaging. Page-image comparison remains pending; no inflation adjustment or averaging is applied.,2026-08-01
ABMX-PR-0120,V12-ABMX-0253,Suntour,VX crankset,Crankset,July 1983,17.35,GBP,£17.35,Advertised mail-order price,United Kingdom,Period publication,Indexed issue text; the amount/item pairing is retained pending page-image comparison.,MEDIUM-HIGH,https://previouspage.co.uk/magazines/BMX%20Action%20Bike/issues/62-july-nineteen-eighty-three,INDEX-ONLY,suntour vx crankset july 1983 17 35 gbp https previouspage co uk magazines bmx 20action 20bike issues 62 july nineteen eighty three,RETAIN — source-specific observation,Source-specific advertised amount; no inflation adjustment or averaging. Page-image comparison remains pending; no inflation adjustment or averaging is applied.,2026-08-01
ABMX-PR-0121,V12-ABMX-0253,Comp III,20 x 1 3/8 black tyre,Tyre,July 1983,5.25,GBP,£5.25,Advertised mail-order price,United Kingdom,Period publication,Indexed issue text; the amount/item pairing is retained pending page-image comparison.,MEDIUM-HIGH,https://previouspage.co.uk/magazines/BMX%20Action%20Bike/issues/62-july-nineteen-eighty-three,INDEX-ONLY,comp iii 20 x 1 3 8 black tyre july 1983 5 25 gbp https previouspage co uk magazines bmx 20action 20bike issues 62 july nineteen eighty three,RETAIN — source-specific observation,Source-specific advertised amount; no inflation adjustment or averaging. Page-image comparison remains pending; no inflation adjustment or averaging is applied.,2026-08-01
ABMX-PR-0122,V12-ABMX-0260,Kuwahara,Lazer Lite complete bicycle,Complete bicycle,July 1983,359.95,GBP,£359.95 plus carriage,Advertised retail price,United Kingdom,Period publication,Indexed issue text; the amount/item pairing is retained pending page-image comparison.,MEDIUM-HIGH,https://previouspage.co.uk/magazines/BMX%20Action%20Bike/issues/62-july-nineteen-eighty-three,INDEX-ONLY,kuwahara lazer lite complete bicycle july 1983 359 95 gbp https previouspage co uk magazines bmx 20action 20bike issues 62 july nineteen eighty three,RETAIN — source-specific observation,Source-specific advertised amount; no inflation adjustment or averaging. Page-image comparison remains pending; no inflation adjustment or averaging is applied.,2026-08-01
ABMX-PR-0123,V12-ABMX-0260,GT,Pro or Standard complete bicycle,Complete bicycle,July 1983,239.95,GBP,£239.95 plus carriage,Advertised retail price,United Kingdom,Period publication,Indexed issue text; the amount/item pairing is retained pending page-image comparison.,MEDIUM-HIGH,https://previouspage.co.uk/magazines/BMX%20Action%20Bike/issues/62-july-nineteen-eighty-three,INDEX-ONLY,gt pro or standard complete bicycle july 1983 239 95 gbp https previouspage co uk magazines bmx 20action 20bike issues 62 july nineteen eighty three,RETAIN — source-specific observation,Source-specific advertised amount; no inflation adjustment or averaging. Page-image comparison remains pending; no inflation adjustment or averaging is applied.,2026-08-01
ABMX-PR-0124,V12-ABMX-0260,Redline,MX II complete bicycle,Complete bicycle,July 1983,219.95,GBP,£219.95 plus carriage,Advertised retail price,United Kingdom,Period publication,Indexed issue text; the amount/item pairing is retained pending page-image comparison.,MEDIUM-HIGH,https://previouspage.co.uk/magazines/BMX%20Action%20Bike/issues/62-july-nineteen-eighty-three,INDEX-ONLY,redline mx ii complete bicycle july 1983 219 95 gbp https previouspage co uk magazines bmx 20action 20bike issues 62 july nineteen eighty three,RETAIN — source-specific observation,Source-specific advertised amount; no inflation adjustment or averaging. Page-image comparison remains pending; no inflation adjustment or averaging is applied.,2026-08-01
ABMX-PR-0125,V12-ABMX-0260,Haro,Freestyler frame and forks,Frame and fork set,July 1983,166.95,GBP,£166.95 plus postage,Advertised retail price,United Kingdom,Period publication,Indexed issue text; the amount/item pairing is retained pending page-image comparison.,MEDIUM-HIGH,https://previouspage.co.uk/magazines/BMX%20Action%20Bike/issues/62-july-nineteen-eighty-three,INDEX-ONLY,haro freestyler frame and forks july 1983 166 95 gbp https previouspage co uk magazines bmx 20action 20bike issues 62 july nineteen eighty three,RETAIN — source-specific observation,Source-specific advertised amount; no inflation adjustment or averaging. Page-image comparison remains pending; no inflation adjustment or averaging is applied.,2026-08-01
ABMX-PR-0126,V12-ABMX-0260,Skyway,Totally Aerodynamic frame and forks,Frame and fork set,July 1983,166.95,GBP,£166.95 plus postage,Advertised retail price,United Kingdom,Period publication,Indexed issue text; the amount/item pairing is retained pending page-image comparison.,MEDIUM-HIGH,https://previouspage.co.uk/magazines/BMX%20Action%20Bike/issues/62-july-nineteen-eighty-three,INDEX-ONLY,skyway totally aerodynamic frame and forks july 1983 166 95 gbp https previouspage co uk magazines bmx 20action 20bike issues 62 july nineteen eighty three,RETAIN — source-specific observation,Source-specific advertised amount; no inflation adjustment or averaging. Page-image comparison remains pending; no inflation adjustment or averaging is applied.,2026-08-01
ABMX-PR-0127,V12-ABMX-0260,Araya / Suzue,7X wheel pair,Wheelset,July 1983,39.95,GBP,£39.95 plus postage,Advertised retail price,United Kingdom,Period publication,Indexed issue text; the amount/item pairing is retained pending page-image comparison.,MEDIUM-HIGH,https://previouspage.co.uk/magazines/BMX%20Action%20Bike/issues/62-july-nineteen-eighty-three,INDEX-ONLY,araya suzue 7x wheel pair july 1983 39 95 gbp https previouspage co uk magazines bmx 20action 20bike issues 62 july nineteen eighty three,RETAIN — source-specific observation,Source-specific advertised amount; no inflation adjustment or averaging. Page-image comparison remains pending; no inflation adjustment or averaging is applied.,2026-08-01
ABMX-PR-0128,V12-ABMX-0259,NBMXA,British BMX rulebook,Rulebook,July 1983,1,GBP,£1 including postage,Mail-order price,United Kingdom,Period publication,Indexed issue text; the amount/item pairing is retained pending page-image comparison.,MEDIUM-HIGH,https://previouspage.co.uk/magazines/BMX%20Action%20Bike/issues/62-july-nineteen-eighty-three,INDEX-ONLY,nbmxa british bmx rulebook july 1983 1 0 gbp https previouspage co uk magazines bmx 20action 20bike issues 62 july nineteen eighty three,RETAIN — source-specific observation,Source-specific advertised amount; no inflation adjustment or averaging. Page-image comparison remains pending; no inflation adjustment or averaging is applied.,2026-08-01
ABMX-PR-0129,V12-ABMX-0259,NBMXA,Club membership,Membership,July 1983,4,GBP,£4,Membership fee,United Kingdom,Period publication,Indexed issue text; the amount/item pairing is retained pending page-image comparison.,MEDIUM-HIGH,https://previouspage.co.uk/magazines/BMX%20Action%20Bike/issues/62-july-nineteen-eighty-three,INDEX-ONLY,nbmxa club membership july 1983 4 0 gbp https previouspage co uk magazines bmx 20action 20bike issues 62 july nineteen eighty three,RETAIN — source-specific observation,Source-specific advertised amount; no inflation adjustment or averaging. Page-image comparison remains pending; no inflation adjustment or averaging is applied.,2026-08-01
ABMX-PR-0130,V12-ABMX-0266,Kuwahara,E.T. Replica complete bicycle,Complete bicycle,July 1983,149,GBP,£149.00,Advertised retail price,United Kingdom,Period publication,Indexed issue text; the amount/item pairing is retained pending page-image comparison.,MEDIUM-HIGH,https://previouspage.co.uk/magazines/BMX%20Action%20Bike/issues/62-july-nineteen-eighty-three,INDEX-ONLY,kuwahara e t replica complete bicycle july 1983 149 0 gbp https previouspage co uk magazines bmx 20action 20bike issues 62 july nineteen eighty three,RETAIN — source-specific observation,Source-specific advertised amount; no inflation adjustment or averaging. Page-image comparison remains pending; no inflation adjustment or averaging is applied.,2026-08-01
ABMX-PR-0131,V12-ABMX-0266,Kuwahara,E.T. Special complete bicycle,Complete bicycle,July 1983,129,GBP,£129.00,Advertised retail price,United Kingdom,Period publication,Indexed issue text; the amount/item pairing is retained pending page-image comparison.,MEDIUM-HIGH,https://previouspage.co.uk/magazines/BMX%20Action%20Bike/issues/62-july-nineteen-eighty-three,INDEX-ONLY,kuwahara e t special complete bicycle july 1983 129 0 gbp https previouspage co uk magazines bmx 20action 20bike issues 62 july nineteen eighty three,RETAIN — source-specific observation,Source-specific advertised amount; no inflation adjustment or averaging. Page-image comparison remains pending; no inflation adjustment or averaging is applied.,2026-08-01
ABMX-PR-0132,V12-ABMX-0266,Silverfox,Complete bicycle,Complete bicycle,July 1983,125,GBP,£125.00,Advertised retail price,United Kingdom,Period publication,Indexed issue text; the amount/item pairing is retained pending page-image comparison.,MEDIUM-HIGH,https://previouspage.co.uk/magazines/BMX%20Action%20Bike/issues/62-july-nineteen-eighty-three,INDEX-ONLY,silverfox complete bicycle july 1983 125 0 gbp https previouspage co uk magazines bmx 20action 20bike issues 62 july nineteen eighty three,RETAIN — source-specific observation,Source-specific advertised amount; no inflation adjustment or averaging. Page-image comparison remains pending; no inflation adjustment or averaging is applied.,2026-08-01
ABMX-PR-0133,V12-ABMX-0266,Diamond Back,Harry Leary Turbo complete bicycle,Complete bicycle,July 1983,335,GBP,£335.00,Advertised retail price,United Kingdom,Period publication,Indexed issue text; the amount/item pairing is retained pending page-image comparison.,MEDIUM-HIGH,https://previouspage.co.uk/magazines/BMX%20Action%20Bike/issues/62-july-nineteen-eighty-three,INDEX-ONLY,diamond back harry leary turbo complete bicycle july 1983 335 0 gbp https previouspage co uk magazines bmx 20action 20bike issues 62 july nineteen eighty three,RETAIN — source-specific observation,Source-specific advertised amount; no inflation adjustment or averaging. Page-image comparison remains pending; no inflation adjustment or averaging is applied.,2026-08-01
ABMX-PR-0134,V12-ABMX-0268,Tange,TX 1200 chrome forks,Fork,July 1983,15.32,GBP,£15.32,Advertised mail-order price,United Kingdom,Period publication,Indexed issue text; the amount/item pairing is retained pending page-image comparison.,MEDIUM-HIGH,https://previouspage.co.uk/magazines/BMX%20Action%20Bike/issues/62-july-nineteen-eighty-three,INDEX-ONLY,tange tx 1200 chrome forks july 1983 15 32 gbp https previouspage co uk magazines bmx 20action 20bike issues 62 july nineteen eighty three,RETAIN — source-specific observation,Source-specific advertised amount; no inflation adjustment or averaging. Page-image comparison remains pending; no inflation adjustment or averaging is applied.,2026-08-01
ABMX-PR-0135,V12-ABMX-0268,Suntour,Power Stem,Stem,July 1983,15.19,GBP,£15.19,Advertised mail-order price,United Kingdom,Period publication,Indexed issue text; the amount/item pairing is retained pending page-image comparison.,MEDIUM-HIGH,https://previouspage.co.uk/magazines/BMX%20Action%20Bike/issues/62-july-nineteen-eighty-three,INDEX-ONLY,suntour power stem july 1983 15 19 gbp https previouspage co uk magazines bmx 20action 20bike issues 62 july nineteen eighty three,RETAIN — source-specific observation,Source-specific advertised amount; no inflation adjustment or averaging. Page-image comparison remains pending; no inflation adjustment or averaging is applied.,2026-08-01
ABMX-PR-0136,V12-ABMX-0268,CW,29-inch Pro bars,Handlebar,July 1983,21.59,GBP,£21.59,Advertised mail-order price,United Kingdom,Period publication,Indexed issue text; the amount/item pairing is retained pending page-image comparison.,MEDIUM-HIGH,https://previouspage.co.uk/magazines/BMX%20Action%20Bike/issues/62-july-nineteen-eighty-three,INDEX-ONLY,cw 29 inch pro bars july 1983 21 59 gbp https previouspage co uk magazines bmx 20action 20bike issues 62 july nineteen eighty three,RETAIN — source-specific observation,Source-specific advertised amount; no inflation adjustment or averaging. Page-image comparison remains pending; no inflation adjustment or averaging is applied.,2026-08-01
ABMX-PR-0137,V12-ABMX-0268,Oakley,F-1 grips,Grips,July 1983,7.96,GBP,£7.96,Advertised mail-order price,United Kingdom,Period publication,Indexed issue text; the amount/item pairing is retained pending page-image comparison.,MEDIUM-HIGH,https://previouspage.co.uk/magazines/BMX%20Action%20Bike/issues/62-july-nineteen-eighty-three,INDEX-ONLY,oakley f 1 grips july 1983 7 96 gbp https previouspage co uk magazines bmx 20action 20bike issues 62 july nineteen eighty three,RETAIN — source-specific observation,Source-specific advertised amount; no inflation adjustment or averaging. Page-image comparison remains pending; no inflation adjustment or averaging is applied.,2026-08-01
ABMX-PR-0138,V12-ABMX-0268,Skyway,Tuff II wheel pair,Wheelset,July 1983,64,GBP,£64.00,Advertised mail-order price,United Kingdom,Period publication,Indexed issue text; the amount/item pairing is retained pending page-image comparison.,MEDIUM-HIGH,https://previouspage.co.uk/magazines/BMX%20Action%20Bike/issues/62-july-nineteen-eighty-three,INDEX-ONLY,skyway tuff ii wheel pair july 1983 64 0 gbp https previouspage co uk magazines bmx 20action 20bike issues 62 july nineteen eighty three,RETAIN — source-specific observation,Source-specific advertised amount; no inflation adjustment or averaging. Page-image comparison remains pending; no inflation adjustment or averaging is applied.,2026-08-01
ABMX-PR-0139,V12-ABMX-0272,Johar,Chrome BMX pad set,Pad set,July 1983,7,GBP,Around £7,Approximate retail price,United Kingdom,Period publication,Indexed issue text; the amount/item pairing is retained pending page-image comparison.,MEDIUM-HIGH,https://previouspage.co.uk/magazines/BMX%20Action%20Bike/issues/62-july-nineteen-eighty-three,INDEX-ONLY,johar chrome bmx pad set july 1983 7 0 gbp https previouspage co uk magazines bmx 20action 20bike issues 62 july nineteen eighty three,RETAIN — source-specific observation,Source-specific advertised amount; no inflation adjustment or averaging. Page-image comparison remains pending; no inflation adjustment or averaging is applied.,2026-08-01
ABMX-PR-0140,V12-ABMX-0272,Lee Cooper,Denim BMX pad set,Pad set,July 1983,6,GBP,Around £6,Approximate retail price,United Kingdom,Period publication,Indexed issue text; the amount/item pairing is retained pending page-image comparison.,MEDIUM-HIGH,https://previouspage.co.uk/magazines/BMX%20Action%20Bike/issues/62-july-nineteen-eighty-three,INDEX-ONLY,lee cooper denim bmx pad set july 1983 6 0 gbp https previouspage co uk magazines bmx 20action 20bike issues 62 july nineteen eighty three,RETAIN — source-specific observation,Source-specific advertised amount; no inflation adjustment or averaging. Page-image comparison remains pending; no inflation adjustment or averaging is applied.,2026-08-01
ABMX-PR-0141,V12-ABMX-0272,Superline,Foam grips,Grips,July 1983,3.95,GBP,£3.95,Advertised retail price,United Kingdom,Period publication,Indexed issue text; the amount/item pairing is retained pending page-image comparison.,MEDIUM-HIGH,https://previouspage.co.uk/magazines/BMX%20Action%20Bike/issues/62-july-nineteen-eighty-three,INDEX-ONLY,superline foam grips july 1983 3 95 gbp https previouspage co uk magazines bmx 20action 20bike issues 62 july nineteen eighty three,RETAIN — source-specific observation,Source-specific advertised amount; no inflation adjustment or averaging. Page-image comparison remains pending; no inflation adjustment or averaging is applied.,2026-08-01
ABMX-PR-0142,V12-ABMX-0272,Kuwahara,Chromoly 12-speed mountain bike,Complete bicycle,July 1983,600,GBP,£600,Advertised retail price,United Kingdom,Period publication,Indexed issue text; the amount/item pairing is retained pending page-image comparison.,MEDIUM-HIGH,https://previouspage.co.uk/magazines/BMX%20Action%20Bike/issues/62-july-nineteen-eighty-three,INDEX-ONLY,kuwahara chromoly 12 speed mountain bike july 1983 600 0 gbp https previouspage co uk magazines bmx 20action 20bike issues 62 july nineteen eighty three,RETAIN — source-specific observation,Source-specific advertised amount; no inflation adjustment or averaging. Page-image comparison remains pending; no inflation adjustment or averaging is applied.,2026-08-01
ABMX-PR-0143,V12-ABMX-0273,City BMX,"Pro race pants, small sizes",Protective apparel,July 1983,15.95,GBP,£15.95 plus postage,Advertised retail price,United Kingdom,Period publication,Indexed issue text; the amount/item pairing is retained pending page-image comparison.,MEDIUM-HIGH,https://previouspage.co.uk/magazines/BMX%20Action%20Bike/issues/62-july-nineteen-eighty-three,INDEX-ONLY,city bmx pro race pants small sizes july 1983 15 95 gbp https previouspage co uk magazines bmx 20action 20bike issues 62 july nineteen eighty three,RETAIN — source-specific observation,Source-specific advertised amount; no inflation adjustment or averaging. Page-image comparison remains pending; no inflation adjustment or averaging is applied.,2026-08-01
ABMX-PR-0144,V12-ABMX-0273,City BMX,Fibre-Lite helmet,Protective equipment,July 1983,7.95,GBP,£7.95 plus postage,Advertised retail price,United Kingdom,Period publication,Indexed issue text; the amount/item pairing is retained pending page-image comparison.,MEDIUM-HIGH,https://previouspage.co.uk/magazines/BMX%20Action%20Bike/issues/62-july-nineteen-eighty-three,INDEX-ONLY,city bmx fibre lite helmet july 1983 7 95 gbp https previouspage co uk magazines bmx 20action 20bike issues 62 july nineteen eighty three,RETAIN — source-specific observation,Source-specific advertised amount; no inflation adjustment or averaging. Page-image comparison remains pending; no inflation adjustment or averaging is applied.,2026-08-01
ABMX-PR-0145,V12-ABMX-0277,BMX Action Bike,Ten-issue UK subscription,Subscription,July 1983,8.6,GBP,£8.60,Subscription price,United Kingdom,Period publication,Indexed issue text; the amount/item pairing is retained pending page-image comparison.,MEDIUM-HIGH,https://previouspage.co.uk/magazines/BMX%20Action%20Bike/issues/62-july-nineteen-eighty-three,INDEX-ONLY,bmx action bike ten issue uk subscription july 1983 8 6 gbp https previouspage co uk magazines bmx 20action 20bike issues 62 july nineteen eighty three,RETAIN — source-specific observation,Source-specific advertised amount; no inflation adjustment or averaging. Page-image comparison remains pending; no inflation adjustment or averaging is applied.,2026-08-01
ABMX-PR-0146,V12-ABMX-0278,Kuwahara,E.T. Replica complete bicycle,Complete bicycle,July 1983,139.5,GBP,£139.50 plus postage,Advertised retail price,United Kingdom,Period publication,Indexed issue text; the amount/item pairing is retained pending page-image comparison.,MEDIUM-HIGH,https://previouspage.co.uk/magazines/BMX%20Action%20Bike/issues/62-july-nineteen-eighty-three,INDEX-ONLY,kuwahara e t replica complete bicycle july 1983 139 5 gbp https previouspage co uk magazines bmx 20action 20bike issues 62 july nineteen eighty three,RETAIN — source-specific observation,Source-specific advertised amount; no inflation adjustment or averaging. Page-image comparison remains pending; no inflation adjustment or averaging is applied.,2026-08-01
ABMX-PR-0147,V12-ABMX-0279,Len’s BMX Centre,Alloy racing wheel pair,Wheelset,July 1983,25,GBP,£25.00 per pair,Advertised retail price,United Kingdom,Period publication,Indexed issue text; the amount/item pairing is retained pending page-image comparison.,MEDIUM-HIGH,https://previouspage.co.uk/magazines/BMX%20Action%20Bike/issues/62-july-nineteen-eighty-three,INDEX-ONLY,len s bmx centre alloy racing wheel pair july 1983 25 0 gbp https previouspage co uk magazines bmx 20action 20bike issues 62 july nineteen eighty three,RETAIN — source-specific observation,Source-specific advertised amount; no inflation adjustment or averaging. Page-image comparison remains pending; no inflation adjustment or averaging is applied.,2026-08-01
ABMX-PR-0148,V12-ABMX-0298,Raleigh,Burner complete bicycle,Complete bicycle,August 1983,89.95,GBP,From £89.95,Advertised starting price,United Kingdom,Period publication,Indexed issue text; the amount/item pairing is retained pending page-image comparison.,MEDIUM-HIGH,https://previouspage.co.uk/magazines/BMX%20Action%20Bike/issues/63-august-nineteen-eighty-three,INDEX-ONLY,raleigh burner complete bicycle august 1983 89 95 gbp https previouspage co uk magazines bmx 20action 20bike issues 63 august nineteen eighty three,RETAIN — source-specific observation,Source-specific advertised amount; no inflation adjustment or averaging. Page-image comparison remains pending; no inflation adjustment or averaging is applied.,2026-08-01
ABMX-PR-0149,V12-ABMX-0298,Yamaha,Complete bicycle,Complete bicycle,August 1983,99.95,GBP,From £99.95,Advertised starting price,United Kingdom,Period publication,Indexed issue text; the amount/item pairing is retained pending page-image comparison.,MEDIUM-HIGH,https://previouspage.co.uk/magazines/BMX%20Action%20Bike/issues/63-august-nineteen-eighty-three,INDEX-ONLY,yamaha complete bicycle august 1983 99 95 gbp https previouspage co uk magazines bmx 20action 20bike issues 63 august nineteen eighty three,RETAIN — source-specific observation,Source-specific advertised amount; no inflation adjustment or averaging. Page-image comparison remains pending; no inflation adjustment or averaging is applied.,2026-08-01
ABMX-PR-0150,V12-ABMX-0298,Diamond Back,Silver Streak,Complete bicycle,August 1983,195,GBP,£195,Advertised retail price,United Kingdom,Period publication,Indexed issue text; the amount/item pairing is retained pending page-image comparison.,MEDIUM-HIGH,https://previouspage.co.uk/magazines/BMX%20Action%20Bike/issues/63-august-nineteen-eighty-three,INDEX-ONLY,diamond back silver streak august 1983 195 0 gbp https previouspage co uk magazines bmx 20action 20bike issues 63 august nineteen eighty three,RETAIN — source-specific observation,Source-specific advertised amount; no inflation adjustment or averaging. Page-image comparison remains pending; no inflation adjustment or averaging is applied.,2026-08-01
ABMX-PR-0151,V12-ABMX-0298,Kuwahara,KZ 83 Aero frame and forks,Frame and fork set,August 1983,145,GBP,£145,Advertised retail price,United Kingdom,Period publication,Indexed issue text; the amount/item pairing is retained pending page-image comparison.,MEDIUM-HIGH,https://previouspage.co.uk/magazines/BMX%20Action%20Bike/issues/63-august-nineteen-eighty-three,INDEX-ONLY,kuwahara kz 83 aero frame and forks august 1983 145 0 gbp https previouspage co uk magazines bmx 20action 20bike issues 63 august nineteen eighty three,RETAIN — source-specific observation,Source-specific advertised amount; no inflation adjustment or averaging. Page-image comparison remains pending; no inflation adjustment or averaging is applied.,2026-08-01
ABMX-PR-0152,V12-ABMX-0298,Skyway,Tuff wheel pair,Wheelset,August 1983,59.95,GBP,£59.95,Advertised retail price,United Kingdom,Period publication,Indexed issue text; the amount/item pairing is retained pending page-image comparison.,MEDIUM-HIGH,https://previouspage.co.uk/magazines/BMX%20Action%20Bike/issues/63-august-nineteen-eighty-three,INDEX-ONLY,skyway tuff wheel pair august 1983 59 95 gbp https previouspage co uk magazines bmx 20action 20bike issues 63 august nineteen eighty three,RETAIN — source-specific observation,Source-specific advertised amount; no inflation adjustment or averaging. Page-image comparison remains pending; no inflation adjustment or averaging is applied.,2026-08-01
ABMX-PR-0153,V12-ABMX-0298,ACS,Z wheel pair,Wheelset,August 1983,45,GBP,£45,Advertised retail price,United Kingdom,Period publication,Indexed issue text; the amount/item pairing is retained pending page-image comparison.,MEDIUM-HIGH,https://previouspage.co.uk/magazines/BMX%20Action%20Bike/issues/63-august-nineteen-eighty-three,INDEX-ONLY,acs z wheel pair august 1983 45 0 gbp https previouspage co uk magazines bmx 20action 20bike issues 63 august nineteen eighty three,RETAIN — source-specific observation,Source-specific advertised amount; no inflation adjustment or averaging. Page-image comparison remains pending; no inflation adjustment or averaging is applied.,2026-08-01
ABMX-PR-0154,V12-ABMX-0298,Wildcat,Full-face helmet,Protective equipment,August 1983,12.95,GBP,£12.95,Advertised retail price,United Kingdom,Period publication,Indexed issue text; the amount/item pairing is retained pending page-image comparison.,MEDIUM-HIGH,https://previouspage.co.uk/magazines/BMX%20Action%20Bike/issues/63-august-nineteen-eighty-three,INDEX-ONLY,wildcat full face helmet august 1983 12 95 gbp https previouspage co uk magazines bmx 20action 20bike issues 63 august nineteen eighty three,RETAIN — source-specific observation,Source-specific advertised amount; no inflation adjustment or averaging. Page-image comparison remains pending; no inflation adjustment or averaging is applied.,2026-08-01
ABMX-PR-0155,V12-ABMX-0298,Araya,Alloy wheel pair,Wheelset,August 1983,35,GBP,£35,Advertised retail price,United Kingdom,Period publication,Indexed issue text; the amount/item pairing is retained pending page-image comparison.,MEDIUM-HIGH,https://previouspage.co.uk/magazines/BMX%20Action%20Bike/issues/63-august-nineteen-eighty-three,INDEX-ONLY,araya alloy wheel pair august 1983 35 0 gbp https previouspage co uk magazines bmx 20action 20bike issues 63 august nineteen eighty three,RETAIN — source-specific observation,Source-specific advertised amount; no inflation adjustment or averaging. Page-image comparison remains pending; no inflation adjustment or averaging is applied.,2026-08-01
ABMX-PR-0156,V12-ABMX-0298,Generic alloy,Alloy wheel pair,Wheelset,August 1983,21,GBP,£21,Advertised retail price,United Kingdom,Period publication,Indexed issue text; the amount/item pairing is retained pending page-image comparison.,MEDIUM-HIGH,https://previouspage.co.uk/magazines/BMX%20Action%20Bike/issues/63-august-nineteen-eighty-three,INDEX-ONLY,generic alloy alloy wheel pair august 1983 21 0 gbp https previouspage co uk magazines bmx 20action 20bike issues 63 august nineteen eighty three,RETAIN — source-specific observation,Source-specific advertised amount; no inflation adjustment or averaging. Page-image comparison remains pending; no inflation adjustment or averaging is applied.,2026-08-01
ABMX-PR-0157,V12-ABMX-0298,Firebird,Frame and fork set,Frame and fork set,August 1983,59.95,GBP,£59.95,Advertised retail price,United Kingdom,Period publication,Indexed issue text; the amount/item pairing is retained pending page-image comparison.,MEDIUM-HIGH,https://previouspage.co.uk/magazines/BMX%20Action%20Bike/issues/63-august-nineteen-eighty-three,INDEX-ONLY,firebird frame and fork set august 1983 59 95 gbp https previouspage co uk magazines bmx 20action 20bike issues 63 august nineteen eighty three,RETAIN — source-specific observation,Source-specific advertised amount; no inflation adjustment or averaging. Page-image comparison remains pending; no inflation adjustment or averaging is applied.,2026-08-01
ABMX-PR-0158,V12-ABMX-0305,Tange,TRX/ARX forks,Fork,August 1983,19.95,GBP,£19.95 plus postage,Advertised retail price,United Kingdom,Period publication,Indexed issue text; the amount/item pairing is retained pending page-image comparison.,MEDIUM-HIGH,https://previouspage.co.uk/magazines/BMX%20Action%20Bike/issues/63-august-nineteen-eighty-three,INDEX-ONLY,tange trx arx forks august 1983 19 95 gbp https previouspage co uk magazines bmx 20action 20bike issues 63 august nineteen eighty three,RETAIN — source-specific observation,Source-specific advertised amount; no inflation adjustment or averaging. Page-image comparison remains pending; no inflation adjustment or averaging is applied.,2026-08-01
ABMX-PR-0159,V12-ABMX-0305,ACS,Z rim pair,Rim pair,August 1983,45,GBP,£45.00 plus postage,Advertised retail price,United Kingdom,Period publication,Indexed issue text; the amount/item pairing is retained pending page-image comparison.,MEDIUM-HIGH,https://previouspage.co.uk/magazines/BMX%20Action%20Bike/issues/63-august-nineteen-eighty-three,INDEX-ONLY,acs z rim pair august 1983 45 0 gbp https previouspage co uk magazines bmx 20action 20bike issues 63 august nineteen eighty three,RETAIN — source-specific observation,Source-specific advertised amount; no inflation adjustment or averaging. Page-image comparison remains pending; no inflation adjustment or averaging is applied.,2026-08-01
ABMX-PR-0160,V12-ABMX-0305,CW,Pro/Expert bars,Handlebar,August 1983,19.95,GBP,£19.95 plus postage,Advertised retail price,United Kingdom,Period publication,Indexed issue text; the amount/item pairing is retained pending page-image comparison.,MEDIUM-HIGH,https://previouspage.co.uk/magazines/BMX%20Action%20Bike/issues/63-august-nineteen-eighty-three,INDEX-ONLY,cw pro expert bars august 1983 19 95 gbp https previouspage co uk magazines bmx 20action 20bike issues 63 august nineteen eighty three,RETAIN — source-specific observation,Source-specific advertised amount; no inflation adjustment or averaging. Page-image comparison remains pending; no inflation adjustment or averaging is applied.,2026-08-01
ABMX-PR-0161,V12-ABMX-0305,Shimano,DX pedal pair,Pedals,August 1983,14.95,GBP,£14.95 plus postage,Advertised retail price,United Kingdom,Period publication,Indexed issue text; the amount/item pairing is retained pending page-image comparison.,MEDIUM-HIGH,https://previouspage.co.uk/magazines/BMX%20Action%20Bike/issues/63-august-nineteen-eighty-three,INDEX-ONLY,shimano dx pedal pair august 1983 14 95 gbp https previouspage co uk magazines bmx 20action 20bike issues 63 august nineteen eighty three,RETAIN — source-specific observation,Source-specific advertised amount; no inflation adjustment or averaging. Page-image comparison remains pending; no inflation adjustment or averaging is applied.,2026-08-01
ABMX-PR-0162,V12-ABMX-0305,California Lite,Chequered pad set,Pad set,August 1983,7.62,GBP,£7.62,Advertised retail price,United Kingdom,Period publication,Indexed issue text; the amount/item pairing is retained pending page-image comparison.,MEDIUM-HIGH,https://previouspage.co.uk/magazines/BMX%20Action%20Bike/issues/63-august-nineteen-eighty-three,INDEX-ONLY,california lite chequered pad set august 1983 7 62 gbp https previouspage co uk magazines bmx 20action 20bike issues 63 august nineteen eighty three,RETAIN — source-specific observation,Source-specific advertised amount; no inflation adjustment or averaging. Page-image comparison remains pending; no inflation adjustment or averaging is applied.,2026-08-01
ABMX-PR-0163,V12-ABMX-0305,Haro,Techplate,Number plate,August 1983,10.31,GBP,£10.31,Advertised retail price,United Kingdom,Period publication,Indexed issue text; the amount/item pairing is retained pending page-image comparison.,MEDIUM-HIGH,https://previouspage.co.uk/magazines/BMX%20Action%20Bike/issues/63-august-nineteen-eighty-three,INDEX-ONLY,haro techplate august 1983 10 31 gbp https previouspage co uk magazines bmx 20action 20bike issues 63 august nineteen eighty three,RETAIN — source-specific observation,Source-specific advertised amount; no inflation adjustment or averaging. Page-image comparison remains pending; no inflation adjustment or averaging is applied.,2026-08-01
ABMX-PR-0164,V12-ABMX-0305,MKS,Grafight pedals,Pedals,August 1983,11.9,GBP,£11.90,Advertised retail price,United Kingdom,Period publication,Indexed issue text; the amount/item pairing is retained pending page-image comparison.,MEDIUM-HIGH,https://previouspage.co.uk/magazines/BMX%20Action%20Bike/issues/63-august-nineteen-eighty-three,INDEX-ONLY,mks grafight pedals august 1983 11 9 gbp https previouspage co uk magazines bmx 20action 20bike issues 63 august nineteen eighty three,RETAIN — source-specific observation,Source-specific advertised amount; no inflation adjustment or averaging. Page-image comparison remains pending; no inflation adjustment or averaging is applied.,2026-08-01
ABMX-PR-0165,V12-ABMX-0304,GT,Pad set,Pad set,August 1983,7.94,GBP,£7.94,Advertised mail-order price,United Kingdom,Period publication,Indexed issue text; the amount/item pairing is retained pending page-image comparison.,MEDIUM-HIGH,https://previouspage.co.uk/magazines/BMX%20Action%20Bike/issues/63-august-nineteen-eighty-three,INDEX-ONLY,gt pad set august 1983 7 94 gbp https previouspage co uk magazines bmx 20action 20bike issues 63 august nineteen eighty three,RETAIN — source-specific observation,Source-specific advertised amount; no inflation adjustment or averaging. Page-image comparison remains pending; no inflation adjustment or averaging is applied.,2026-08-01
ABMX-PR-0166,V12-ABMX-0304,Torker,Pad set,Pad set,August 1983,10.37,GBP,£10.37,Advertised mail-order price,United Kingdom,Period publication,Indexed issue text; the amount/item pairing is retained pending page-image comparison.,MEDIUM-HIGH,https://previouspage.co.uk/magazines/BMX%20Action%20Bike/issues/63-august-nineteen-eighty-three,INDEX-ONLY,torker pad set august 1983 10 37 gbp https previouspage co uk magazines bmx 20action 20bike issues 63 august nineteen eighty three,RETAIN — source-specific observation,Source-specific advertised amount; no inflation adjustment or averaging. Page-image comparison remains pending; no inflation adjustment or averaging is applied.,2026-08-01
ABMX-PR-0167,V12-ABMX-0308,Suntour,Three-piece crankset,Crankset,August 1983,23,GBP,Around £23,Approximate retail price,United Kingdom,Period publication,Indexed issue text; the amount/item pairing is retained pending page-image comparison.,MEDIUM-HIGH,https://previouspage.co.uk/magazines/BMX%20Action%20Bike/issues/63-august-nineteen-eighty-three,INDEX-ONLY,suntour three piece crankset august 1983 23 0 gbp https previouspage co uk magazines bmx 20action 20bike issues 63 august nineteen eighty three,RETAIN — source-specific observation,Source-specific advertised amount; no inflation adjustment or averaging. Page-image comparison remains pending; no inflation adjustment or averaging is applied.,2026-08-01
ABMX-PR-0168,V12-ABMX-0308,Suntour,Chainring,Chainring,August 1983,9,GBP,Around £9,Approximate retail price,United Kingdom,Period publication,Indexed issue text; the amount/item pairing is retained pending page-image comparison.,MEDIUM-HIGH,https://previouspage.co.uk/magazines/BMX%20Action%20Bike/issues/63-august-nineteen-eighty-three,INDEX-ONLY,suntour chainring august 1983 9 0 gbp https previouspage co uk magazines bmx 20action 20bike issues 63 august nineteen eighty three,RETAIN — source-specific observation,Source-specific advertised amount; no inflation adjustment or averaging. Page-image comparison remains pending; no inflation adjustment or averaging is applied.,2026-08-01
ABMX-PR-0169,V12-ABMX-0308,Suntour,Bottom bracket,Bottom bracket,August 1983,8,GBP,Around £8,Approximate retail price,United Kingdom,Period publication,Indexed issue text; the amount/item pairing is retained pending page-image comparison.,MEDIUM-HIGH,https://previouspage.co.uk/magazines/BMX%20Action%20Bike/issues/63-august-nineteen-eighty-three,INDEX-ONLY,suntour bottom bracket august 1983 8 0 gbp https previouspage co uk magazines bmx 20action 20bike issues 63 august nineteen eighty three,RETAIN — source-specific observation,Source-specific advertised amount; no inflation adjustment or averaging. Page-image comparison remains pending; no inflation adjustment or averaging is applied.,2026-08-01
ABMX-PR-0170,V12-ABMX-0310,No Crak,Heavy-duty chain lock,Bicycle lock,August 1983,39.5,GBP,£39.50,Editorial test price,United Kingdom,Period publication,Indexed issue text; the amount/item pairing is retained pending page-image comparison.,MEDIUM-HIGH,https://previouspage.co.uk/magazines/BMX%20Action%20Bike/issues/63-august-nineteen-eighty-three,INDEX-ONLY,no crak heavy duty chain lock august 1983 39 5 gbp https previouspage co uk magazines bmx 20action 20bike issues 63 august nineteen eighty three,RETAIN — source-specific observation,Source-specific advertised amount; no inflation adjustment or averaging. Page-image comparison remains pending; no inflation adjustment or averaging is applied.,2026-08-01
ABMX-PR-0171,V12-ABMX-0310,No Crak,Two-ended chain lock,Bicycle lock,August 1983,20,GBP,Around £20,Approximate editorial price,United Kingdom,Period publication,Indexed issue text; the amount/item pairing is retained pending page-image comparison.,MEDIUM-HIGH,https://previouspage.co.uk/magazines/BMX%20Action%20Bike/issues/63-august-nineteen-eighty-three,INDEX-ONLY,no crak two ended chain lock august 1983 20 0 gbp https previouspage co uk magazines bmx 20action 20bike issues 63 august nineteen eighty three,RETAIN — source-specific observation,Source-specific advertised amount; no inflation adjustment or averaging. Page-image comparison remains pending; no inflation adjustment or averaging is applied.,2026-08-01
ABMX-PR-0172,V12-ABMX-0310,Citadel,D-lock,Bicycle lock,August 1983,5,GBP,Under £5,Approximate editorial price,United Kingdom,Period publication,Indexed issue text; the amount/item pairing is retained pending page-image comparison.,MEDIUM-HIGH,https://previouspage.co.uk/magazines/BMX%20Action%20Bike/issues/63-august-nineteen-eighty-three,INDEX-ONLY,citadel d lock august 1983 5 0 gbp https previouspage co uk magazines bmx 20action 20bike issues 63 august nineteen eighty three,RETAIN — source-specific observation,Source-specific advertised amount; no inflation adjustment or averaging. Page-image comparison remains pending; no inflation adjustment or averaging is applied.,2026-08-01
ABMX-PR-0173,V12-ABMX-0310,Squire,Six-foot cable lock,Bicycle lock,August 1983,3.65,GBP,£3.65,Editorial test price,United Kingdom,Period publication,Indexed issue text; the amount/item pairing is retained pending page-image comparison.,MEDIUM-HIGH,https://previouspage.co.uk/magazines/BMX%20Action%20Bike/issues/63-august-nineteen-eighty-three,INDEX-ONLY,squire six foot cable lock august 1983 3 65 gbp https previouspage co uk magazines bmx 20action 20bike issues 63 august nineteen eighty three,RETAIN — source-specific observation,Source-specific advertised amount; no inflation adjustment or averaging. Page-image comparison remains pending; no inflation adjustment or averaging is applied.,2026-08-01
ABMX-PR-0174,V12-ABMX-0310,Squire,Eighteen-inch Ring of Steel,Bicycle lock,August 1983,1.99,GBP,£1.99,Editorial test price,United Kingdom,Period publication,Indexed issue text; the amount/item pairing is retained pending page-image comparison.,MEDIUM-HIGH,https://previouspage.co.uk/magazines/BMX%20Action%20Bike/issues/63-august-nineteen-eighty-three,INDEX-ONLY,squire eighteen inch ring of steel august 1983 1 99 gbp https previouspage co uk magazines bmx 20action 20bike issues 63 august nineteen eighty three,RETAIN — source-specific observation,Source-specific advertised amount; no inflation adjustment or averaging. Page-image comparison remains pending; no inflation adjustment or averaging is applied.,2026-08-01
ABMX-PR-0175,V12-ABMX-0312,Raleigh,Pro Burner,Complete bicycle,August 1983,195,GBP,£195.00,Advertised retail price,United Kingdom,Period publication,Indexed issue text; the amount/item pairing is retained pending page-image comparison.,MEDIUM-HIGH,https://previouspage.co.uk/magazines/BMX%20Action%20Bike/issues/63-august-nineteen-eighty-three,INDEX-ONLY,raleigh pro burner august 1983 195 0 gbp https previouspage co uk magazines bmx 20action 20bike issues 63 august nineteen eighty three,RETAIN — source-specific observation,Source-specific advertised amount; no inflation adjustment or averaging. Page-image comparison remains pending; no inflation adjustment or averaging is applied.,2026-08-01
ABMX-PR-0176,V12-ABMX-0312,Raleigh,Ultra Burner,Complete bicycle,August 1983,115,GBP,£115.00,Advertised retail price,United Kingdom,Period publication,Indexed issue text; the amount/item pairing is retained pending page-image comparison.,MEDIUM-HIGH,https://previouspage.co.uk/magazines/BMX%20Action%20Bike/issues/63-august-nineteen-eighty-three,INDEX-ONLY,raleigh ultra burner august 1983 115 0 gbp https previouspage co uk magazines bmx 20action 20bike issues 63 august nineteen eighty three,RETAIN — source-specific observation,Source-specific advertised amount; no inflation adjustment or averaging. Page-image comparison remains pending; no inflation adjustment or averaging is applied.,2026-08-01
ABMX-PR-0177,V12-ABMX-0312,Raleigh,Extra Burner,Complete bicycle,August 1983,89.95,GBP,£89.95,Advertised retail price,United Kingdom,Period publication,Indexed issue text; the amount/item pairing is retained pending page-image comparison.,MEDIUM-HIGH,https://previouspage.co.uk/magazines/BMX%20Action%20Bike/issues/63-august-nineteen-eighty-three,INDEX-ONLY,raleigh extra burner august 1983 89 95 gbp https previouspage co uk magazines bmx 20action 20bike issues 63 august nineteen eighty three,RETAIN — source-specific observation,Source-specific advertised amount; no inflation adjustment or averaging. Page-image comparison remains pending; no inflation adjustment or averaging is applied.,2026-08-01
ABMX-PR-0178,V12-ABMX-0312,Skyway,Tuff II wheel pair,Wheelset,August 1983,55,GBP,£55.00 including postage,Advertised retail price,United Kingdom,Period publication,Indexed issue text; the amount/item pairing is retained pending page-image comparison.,MEDIUM-HIGH,https://previouspage.co.uk/magazines/BMX%20Action%20Bike/issues/63-august-nineteen-eighty-three,INDEX-ONLY,skyway tuff ii wheel pair august 1983 55 0 gbp https previouspage co uk magazines bmx 20action 20bike issues 63 august nineteen eighty three,RETAIN — source-specific observation,Source-specific advertised amount; no inflation adjustment or averaging. Page-image comparison remains pending; no inflation adjustment or averaging is applied.,2026-08-01
ABMX-PR-0179,V12-ABMX-0312,Araya,7X wheel pair,Wheelset,August 1983,39.95,GBP,£39.95 including postage,Advertised retail price,United Kingdom,Period publication,Indexed issue text; the amount/item pairing is retained pending page-image comparison.,MEDIUM-HIGH,https://previouspage.co.uk/magazines/BMX%20Action%20Bike/issues/63-august-nineteen-eighty-three,INDEX-ONLY,araya 7x wheel pair august 1983 39 95 gbp https previouspage co uk magazines bmx 20action 20bike issues 63 august nineteen eighty three,RETAIN — source-specific observation,Source-specific advertised amount; no inflation adjustment or averaging. Page-image comparison remains pending; no inflation adjustment or averaging is applied.,2026-08-01
ABMX-PR-0180,V12-ABMX-0317,Araya / Suzue,ADX wheel pair,Wheelset,August 1983,39.95,GBP,£39.95 plus postage,Advertised retail price,United Kingdom,Period publication,Indexed issue text; the amount/item pairing is retained pending page-image comparison.,MEDIUM-HIGH,https://previouspage.co.uk/magazines/BMX%20Action%20Bike/issues/63-august-nineteen-eighty-three,INDEX-ONLY,araya suzue adx wheel pair august 1983 39 95 gbp https previouspage co uk magazines bmx 20action 20bike issues 63 august nineteen eighty three,RETAIN — source-specific observation,Source-specific advertised amount; no inflation adjustment or averaging. Page-image comparison remains pending; no inflation adjustment or averaging is applied.,2026-08-01
ABMX-PR-0181,V12-ABMX-0317,Shimano,DX pedal pair,Pedals,August 1983,12.95,GBP,£12.95 plus postage,Advertised retail price,United Kingdom,Period publication,Indexed issue text; the amount/item pairing is retained pending page-image comparison.,MEDIUM-HIGH,https://previouspage.co.uk/magazines/BMX%20Action%20Bike/issues/63-august-nineteen-eighty-three,INDEX-ONLY,shimano dx pedal pair august 1983 12 95 gbp https previouspage co uk magazines bmx 20action 20bike issues 63 august nineteen eighty three,RETAIN — source-specific observation,Source-specific advertised amount; no inflation adjustment or averaging. Page-image comparison remains pending; no inflation adjustment or averaging is applied.,2026-08-01
ABMX-PR-0182,V12-ABMX-0328,Allen’s BMX Centre,Alloy racing wheel pair,Wheelset,August 1983,25,GBP,£25.00 per pair,Advertised retail price,United Kingdom,Period publication,Indexed issue text; the amount/item pairing is retained pending page-image comparison.,MEDIUM-HIGH,https://previouspage.co.uk/magazines/BMX%20Action%20Bike/issues/63-august-nineteen-eighty-three,INDEX-ONLY,allen s bmx centre alloy racing wheel pair august 1983 25 0 gbp https previouspage co uk magazines bmx 20action 20bike issues 63 august nineteen eighty three,RETAIN — source-specific observation,Source-specific advertised amount; no inflation adjustment or averaging. Page-image comparison remains pending; no inflation adjustment or averaging is applied.,2026-08-01
ABMX-PR-0183,V12-ABMX-0328,Allen’s BMX Centre,Fibre wheel pair,Wheelset,August 1983,19.95,GBP,£19.95 per pair,Advertised retail price,United Kingdom,Period publication,Indexed issue text; the amount/item pairing is retained pending page-image comparison.,MEDIUM-HIGH,https://previouspage.co.uk/magazines/BMX%20Action%20Bike/issues/63-august-nineteen-eighty-three,INDEX-ONLY,allen s bmx centre fibre wheel pair august 1983 19 95 gbp https previouspage co uk magazines bmx 20action 20bike issues 63 august nineteen eighty three,RETAIN — source-specific observation,Source-specific advertised amount; no inflation adjustment or averaging. Page-image comparison remains pending; no inflation adjustment or averaging is applied.,2026-08-01
ABMX-PR-0184,V12-ABMX-0328,Allen’s BMX Centre,Alloy V bars,Handlebar,August 1983,7.95,GBP,£7.95,Advertised retail price,United Kingdom,Period publication,Indexed issue text; the amount/item pairing is retained pending page-image comparison.,MEDIUM-HIGH,https://previouspage.co.uk/magazines/BMX%20Action%20Bike/issues/63-august-nineteen-eighty-three,INDEX-ONLY,allen s bmx centre alloy v bars august 1983 7 95 gbp https previouspage co uk magazines bmx 20action 20bike issues 63 august nineteen eighty three,RETAIN — source-specific observation,Source-specific advertised amount; no inflation adjustment or averaging. Page-image comparison remains pending; no inflation adjustment or averaging is applied.,2026-08-01
ABMX-PR-0185,V12-ABMX-0323,Haro,Freestyler frame and forks,Frame and fork set,August 1983,149,GBP,£149,Discount retail price,United Kingdom,Period publication,Indexed issue text; the amount/item pairing is retained pending page-image comparison.,MEDIUM-HIGH,https://previouspage.co.uk/magazines/BMX%20Action%20Bike/issues/63-august-nineteen-eighty-three,INDEX-ONLY,haro freestyler frame and forks august 1983 149 0 gbp https previouspage co uk magazines bmx 20action 20bike issues 63 august nineteen eighty three,RETAIN — source-specific observation,Source-specific advertised amount; no inflation adjustment or averaging. Page-image comparison remains pending; no inflation adjustment or averaging is applied.,2026-08-01
ABMX-PR-0186,V12-ABMX-0323,Skyway,TA frame and forks,Frame and fork set,August 1983,159,GBP,£159,Discount retail price,United Kingdom,Period publication,Indexed issue text; the amount/item pairing is retained pending page-image comparison.,MEDIUM-HIGH,https://previouspage.co.uk/magazines/BMX%20Action%20Bike/issues/63-august-nineteen-eighty-three,INDEX-ONLY,skyway ta frame and forks august 1983 159 0 gbp https previouspage co uk magazines bmx 20action 20bike issues 63 august nineteen eighty three,RETAIN — source-specific observation,Source-specific advertised amount; no inflation adjustment or averaging. Page-image comparison remains pending; no inflation adjustment or averaging is applied.,2026-08-01
ABMX-PR-0187,V12-ABMX-0335,Ukai,1 3/8-inch rim,Rim,August 1983,12,GBP,From £12,Editorial price reference,United Kingdom,Period publication,Indexed issue text; the amount/item pairing is retained pending page-image comparison.,MEDIUM-HIGH,https://previouspage.co.uk/magazines/BMX%20Action%20Bike/issues/63-august-nineteen-eighty-three,INDEX-ONLY,ukai 1 3 8 inch rim august 1983 12 0 gbp https previouspage co uk magazines bmx 20action 20bike issues 63 august nineteen eighty three,RETAIN — source-specific observation,Source-specific advertised amount; no inflation adjustment or averaging. Page-image comparison remains pending; no inflation adjustment or averaging is applied.,2026-08-01
ABMX-PR-0188,V12-ABMX-0335,Panaracer,1 3/8-inch tyre,Tyre,August 1983,6.25,GBP,From £6.25,Editorial price reference,United Kingdom,Period publication,Indexed issue text; the amount/item pairing is retained pending page-image comparison.,MEDIUM-HIGH,https://previouspage.co.uk/magazines/BMX%20Action%20Bike/issues/63-august-nineteen-eighty-three,INDEX-ONLY,panaracer 1 3 8 inch tyre august 1983 6 25 gbp https previouspage co uk magazines bmx 20action 20bike issues 63 august nineteen eighty three,RETAIN — source-specific observation,Source-specific advertised amount; no inflation adjustment or averaging. Page-image comparison remains pending; no inflation adjustment or averaging is applied.,2026-08-01
ABMX-PR-0189,V12-ABMX-0306,Skyway,Tuff wheel pair,Wheelset,August 1983,57.5,GBP,£57.50,Advertised retail price,United Kingdom,Period publication,Indexed issue text; the amount/item pairing is retained pending page-image comparison.,MEDIUM-HIGH,https://previouspage.co.uk/magazines/BMX%20Action%20Bike/issues/63-august-nineteen-eighty-three,INDEX-ONLY,skyway tuff wheel pair august 1983 57 5 gbp https previouspage co uk magazines bmx 20action 20bike issues 63 august nineteen eighty three,RETAIN — source-specific observation,Source-specific advertised amount; no inflation adjustment or averaging. Page-image comparison remains pending; no inflation adjustment or averaging is applied.,2026-08-01
ABMX-PR-0190,V12-ABMX-0306,Custom,Z rim wheel pair,Wheelset,August 1983,39,GBP,£39.00,Advertised retail price,United Kingdom,Period publication,Indexed issue text; the amount/item pairing is retained pending page-image comparison.,MEDIUM-HIGH,https://previouspage.co.uk/magazines/BMX%20Action%20Bike/issues/63-august-nineteen-eighty-three,INDEX-ONLY,custom z rim wheel pair august 1983 39 0 gbp https previouspage co uk magazines bmx 20action 20bike issues 63 august nineteen eighty three,RETAIN — source-specific observation,Source-specific advertised amount; no inflation adjustment or averaging. Page-image comparison remains pending; no inflation adjustment or averaging is applied.,2026-08-01
ABMX-PR-0191,V12-ABMX-0319,BMX Action Bike,Available back issue,Magazine back issue,August 1983,0.7,GBP,70p per copy,Back-issue mail-order price,United Kingdom,Period publication,Indexed issue text; the amount/item pairing is retained pending page-image comparison.,MEDIUM-HIGH,https://previouspage.co.uk/magazines/BMX%20Action%20Bike/issues/63-august-nineteen-eighty-three,INDEX-ONLY,bmx action bike available back issue august 1983 0 7 gbp https previouspage co uk magazines bmx 20action 20bike issues 63 august nineteen eighty three,RETAIN — source-specific observation,Source-specific advertised amount; no inflation adjustment or averaging. Page-image comparison remains pending; no inflation adjustment or averaging is applied.,2026-08-01
ABMX-PR-0192,V12-ABMX-0320,BMX Action Bike,Twelve-issue binder,Binder,August 1983,3.95,GBP,£3.95,Mail-order price,United Kingdom,Period publication,Indexed issue text; the amount/item pairing is retained pending page-image comparison.,MEDIUM-HIGH,https://previouspage.co.uk/magazines/BMX%20Action%20Bike/issues/63-august-nineteen-eighty-three,INDEX-ONLY,bmx action bike twelve issue binder august 1983 3 95 gbp https previouspage co uk magazines bmx 20action 20bike issues 63 august nineteen eighty three,RETAIN — source-specific observation,Source-specific advertised amount; no inflation adjustment or averaging. Page-image comparison remains pending; no inflation adjustment or averaging is applied.,2026-08-01
ABMX-PR-0193,V12-ABMX-0321,BMX Action Bike,Ten-issue UK subscription,Subscription,August 1983,8.6,GBP,£8.60,Subscription price,United Kingdom,Period publication,Indexed issue text; the amount/item pairing is retained pending page-image comparison.,MEDIUM-HIGH,https://previouspage.co.uk/magazines/BMX%20Action%20Bike/issues/63-august-nineteen-eighty-three,INDEX-ONLY,bmx action bike ten issue uk subscription august 1983 8 6 gbp https previouspage co uk magazines bmx 20action 20bike issues 63 august nineteen eighty three,RETAIN — source-specific observation,Source-specific advertised amount; no inflation adjustment or averaging. Page-image comparison remains pending; no inflation adjustment or averaging is applied.,2026-08-01
ABMX-PR-0194,V12-ABMX-0297,King Sticker,Five-sticker packet,Sticker packet,August 1983,1,GBP,£1,Mail-order price,United Kingdom,Period publication,Indexed issue text; the amount/item pairing is retained pending page-image comparison.,MEDIUM-HIGH,https://previouspage.co.uk/magazines/BMX%20Action%20Bike/issues/63-august-nineteen-eighty-three,INDEX-ONLY,king sticker five sticker packet august 1983 1 0 gbp https previouspage co uk magazines bmx 20action 20bike issues 63 august nineteen eighty three,RETAIN — source-specific observation,Source-specific advertised amount; no inflation adjustment or averaging. Page-image comparison remains pending; no inflation adjustment or averaging is applied.,2026-08-01
ABMX-PR-0195,V12-ABMX-0309,Superfox,Superfox complete bicycle,Complete bicycle,August 1983,175,GBP,£175,Editorial price context,United Kingdom,Period publication,Indexed issue text; the amount/item pairing is retained pending page-image comparison.,MEDIUM-HIGH,https://previouspage.co.uk/magazines/BMX%20Action%20Bike/issues/63-august-nineteen-eighty-three,INDEX-ONLY,superfox superfox complete bicycle august 1983 175 0 gbp https previouspage co uk magazines bmx 20action 20bike issues 63 august nineteen eighty three,RETAIN — source-specific observation,Source-specific advertised amount; no inflation adjustment or averaging. Page-image comparison remains pending; no inflation adjustment or averaging is applied.,2026-08-01
ABMX-PR-0196,V12-ABMX-0322,BMX Centre Mousehole,Chromoly frame-and-fork set,Frame and fork set,August 1983,63.95,GBP,£63.95,Advertised retail price,United Kingdom,Period publication,Indexed issue text; the amount/item pairing is retained pending page-image comparison.,MEDIUM-HIGH,https://previouspage.co.uk/magazines/BMX%20Action%20Bike/issues/63-august-nineteen-eighty-three,INDEX-ONLY,bmx centre mousehole chromoly frame and fork set august 1983 63 95 gbp https previouspage co uk magazines bmx 20action 20bike issues 63 august nineteen eighty three,RETAIN — source-specific observation,Source-specific advertised amount; no inflation adjustment or averaging. Page-image comparison remains pending; no inflation adjustment or averaging is applied.,2026-08-01
ABMX-PR-0197,V12-ABMX-0318,Firebird,Frame and fork set,Frame and fork set,August 1983,64.95,GBP,£64.95 plus postage,Advertised retail price,United Kingdom,Period publication,Indexed issue text; the amount/item pairing is retained pending page-image comparison.,MEDIUM-HIGH,https://previouspage.co.uk/magazines/BMX%20Action%20Bike/issues/63-august-nineteen-eighty-three,INDEX-ONLY,firebird frame and fork set august 1983 64 95 gbp https previouspage co uk magazines bmx 20action 20bike issues 63 august nineteen eighty three,RETAIN — source-specific observation,Source-specific advertised amount; no inflation adjustment or averaging. Page-image comparison remains pending; no inflation adjustment or averaging is applied.,2026-08-01
ABMX-PR-0198,V12-ABMX-0345,Yes,Fibrelite helmet,Protective equipment,September 1983,32,GBP,£32.00,Advertised or editorial period price,United Kingdom,Period publication,Indexed issue text; the amount/item pairing is retained pending page-image comparison.,MEDIUM-HIGH,https://previouspage.co.uk/magazines/BMX%20Action%20Bike/issues/64-september-nineteen-eighty-three,INDEX-ONLY,yes fibrelite helmet september 1983 32 0 gbp https previouspage co uk magazines bmx 20action 20bike issues 64 september nineteen eighty three,RETAIN — source-specific observation,Source-specific period amount; no inflation adjustment or averaging. Page-image comparison remains pending; no inflation adjustment or averaging is applied.,2026-08-01
ABMX-PR-0199,V12-ABMX-0345,Yes,Scorpion helmet,Protective equipment,September 1983,18.95,GBP,£18.95,Advertised or editorial period price,United Kingdom,Period publication,Indexed issue text; the amount/item pairing is retained pending page-image comparison.,MEDIUM-HIGH,https://previouspage.co.uk/magazines/BMX%20Action%20Bike/issues/64-september-nineteen-eighty-three,INDEX-ONLY,yes scorpion helmet september 1983 18 95 gbp https previouspage co uk magazines bmx 20action 20bike issues 64 september nineteen eighty three,RETAIN — source-specific observation,Source-specific period amount; no inflation adjustment or averaging. Page-image comparison remains pending; no inflation adjustment or averaging is applied.,2026-08-01
ABMX-PR-0200,V12-ABMX-0346,Kashimax,Aero saddle,Saddle,September 1983,14.95,GBP,£14.95,Advertised or editorial period price,United Kingdom,Period publication,Indexed issue text; the amount/item pairing is retained pending page-image comparison.,MEDIUM-HIGH,https://previouspage.co.uk/magazines/BMX%20Action%20Bike/issues/64-september-nineteen-eighty-three,INDEX-ONLY,kashimax aero saddle september 1983 14 95 gbp https previouspage co uk magazines bmx 20action 20bike issues 64 september nineteen eighty three,RETAIN — source-specific observation,Source-specific period amount; no inflation adjustment or averaging. Page-image comparison remains pending; no inflation adjustment or averaging is applied.,2026-08-01
ABMX-PR-0201,V12-ABMX-0346,Trax Pro,Full-face helmet,Protective equipment,September 1983,12.95,GBP,£12.95,Advertised or editorial period price,United Kingdom,Period publication,Indexed issue text; the amount/item pairing is retained pending page-image comparison.,MEDIUM-HIGH,https://previouspage.co.uk/magazines/BMX%20Action%20Bike/issues/64-september-nineteen-eighty-three,INDEX-ONLY,trax pro full face helmet september 1983 12 95 gbp https previouspage co uk magazines bmx 20action 20bike issues 64 september nineteen eighty three,RETAIN — source-specific observation,Source-specific period amount; no inflation adjustment or averaging. Page-image comparison remains pending; no inflation adjustment or averaging is applied.,2026-08-01
ABMX-PR-0202,V12-ABMX-0346,Trax Pro,Open-face helmet,Protective equipment,September 1983,8.95,GBP,£8.95,Advertised or editorial period price,United Kingdom,Period publication,Indexed issue text; the amount/item pairing is retained pending page-image comparison.,MEDIUM-HIGH,https://previouspage.co.uk/magazines/BMX%20Action%20Bike/issues/64-september-nineteen-eighty-three,INDEX-ONLY,trax pro open face helmet september 1983 8 95 gbp https previouspage co uk magazines bmx 20action 20bike issues 64 september nineteen eighty three,RETAIN — source-specific observation,Source-specific period amount; no inflation adjustment or averaging. Page-image comparison remains pending; no inflation adjustment or averaging is applied.,2026-08-01
ABMX-PR-0203,V12-ABMX-0346,Trax Pro,Goggles or face mask,Protective equipment,September 1983,4.95,GBP,From £4.95,Advertised or editorial period price,United Kingdom,Period publication,Indexed issue text; the amount/item pairing is retained pending page-image comparison.,MEDIUM-HIGH,https://previouspage.co.uk/magazines/BMX%20Action%20Bike/issues/64-september-nineteen-eighty-three,INDEX-ONLY,trax pro goggles or face mask september 1983 4 95 gbp https previouspage co uk magazines bmx 20action 20bike issues 64 september nineteen eighty three,RETAIN — source-specific observation,Source-specific period amount; no inflation adjustment or averaging. Page-image comparison remains pending; no inflation adjustment or averaging is applied.,2026-08-01
ABMX-PR-0204,V12-ABMX-0346,MX,120 brake lever,Brake lever,September 1983,3.35,GBP,£3.35,Advertised or editorial period price,United Kingdom,Period publication,Indexed issue text; the amount/item pairing is retained pending page-image comparison.,MEDIUM-HIGH,https://previouspage.co.uk/magazines/BMX%20Action%20Bike/issues/64-september-nineteen-eighty-three,INDEX-ONLY,mx 120 brake lever september 1983 3 35 gbp https previouspage co uk magazines bmx 20action 20bike issues 64 september nineteen eighty three,RETAIN — source-specific observation,Source-specific period amount; no inflation adjustment or averaging. Page-image comparison remains pending; no inflation adjustment or averaging is applied.,2026-08-01
ABMX-PR-0205,V12-ABMX-0346,Cobra,Aero grips,Grips,September 1983,1.45,GBP,£1.45,Advertised or editorial period price,United Kingdom,Period publication,Indexed issue text; the amount/item pairing is retained pending page-image comparison.,MEDIUM-HIGH,https://previouspage.co.uk/magazines/BMX%20Action%20Bike/issues/64-september-nineteen-eighty-three,INDEX-ONLY,cobra aero grips september 1983 1 45 gbp https previouspage co uk magazines bmx 20action 20bike issues 64 september nineteen eighty three,RETAIN — source-specific observation,Source-specific period amount; no inflation adjustment or averaging. Page-image comparison remains pending; no inflation adjustment or averaging is applied.,2026-08-01
ABMX-PR-0206,V12-ABMX-0347,Rivat,Competition BMX shoes,Footwear,September 1983,39,GBP,Around £39,Advertised or editorial period price,United Kingdom,Period publication,Indexed issue text; the amount/item pairing is retained pending page-image comparison.,MEDIUM-HIGH,https://previouspage.co.uk/magazines/BMX%20Action%20Bike/issues/64-september-nineteen-eighty-three,INDEX-ONLY,rivat competition bmx shoes september 1983 39 0 gbp https previouspage co uk magazines bmx 20action 20bike issues 64 september nineteen eighty three,RETAIN — source-specific observation,Source-specific period amount; no inflation adjustment or averaging. Page-image comparison remains pending; no inflation adjustment or averaging is applied.,2026-08-01
ABMX-PR-0207,V12-ABMX-0347,Minoura,W-10 workstand,Workshop equipment,September 1983,29,GBP,Around £29,Advertised or editorial period price,United Kingdom,Period publication,Indexed issue text; the amount/item pairing is retained pending page-image comparison.,MEDIUM-HIGH,https://previouspage.co.uk/magazines/BMX%20Action%20Bike/issues/64-september-nineteen-eighty-three,INDEX-ONLY,minoura w 10 workstand september 1983 29 0 gbp https previouspage co uk magazines bmx 20action 20bike issues 64 september nineteen eighty three,RETAIN — source-specific observation,Source-specific period amount; no inflation adjustment or averaging. Page-image comparison remains pending; no inflation adjustment or averaging is applied.,2026-08-01
ABMX-PR-0208,V12-ABMX-0347,MKS,Grafight-X pedals,Pedals,September 1983,19,GBP,Around £19,Advertised or editorial period price,United Kingdom,Period publication,Indexed issue text; the amount/item pairing is retained pending page-image comparison.,MEDIUM-HIGH,https://previouspage.co.uk/magazines/BMX%20Action%20Bike/issues/64-september-nineteen-eighty-three,INDEX-ONLY,mks grafight x pedals september 1983 19 0 gbp https previouspage co uk magazines bmx 20action 20bike issues 64 september nineteen eighty three,RETAIN — source-specific observation,Source-specific period amount; no inflation adjustment or averaging. Page-image comparison remains pending; no inflation adjustment or averaging is applied.,2026-08-01
ABMX-PR-0209,V12-ABMX-0347,MX,Quick-release brake control,Brake control,September 1983,12.5,GBP,Around £12.50,Advertised or editorial period price,United Kingdom,Period publication,Indexed issue text; the amount/item pairing is retained pending page-image comparison.,MEDIUM-HIGH,https://previouspage.co.uk/magazines/BMX%20Action%20Bike/issues/64-september-nineteen-eighty-three,INDEX-ONLY,mx quick release brake control september 1983 12 5 gbp https previouspage co uk magazines bmx 20action 20bike issues 64 september nineteen eighty three,RETAIN — source-specific observation,Source-specific period amount; no inflation adjustment or averaging. Page-image comparison remains pending; no inflation adjustment or averaging is applied.,2026-08-01
ABMX-PR-0210,V12-ABMX-0348,Kuwahara,Lazer Lite complete bicycle,Complete bicycle,September 1983,349.95,GBP,£349.95,Advertised or editorial period price,United Kingdom,Period publication,Indexed issue text; the amount/item pairing is retained pending page-image comparison.,MEDIUM-HIGH,https://previouspage.co.uk/magazines/BMX%20Action%20Bike/issues/64-september-nineteen-eighty-three,INDEX-ONLY,kuwahara lazer lite complete bicycle september 1983 349 95 gbp https previouspage co uk magazines bmx 20action 20bike issues 64 september nineteen eighty three,RETAIN — source-specific observation,Source-specific period amount; no inflation adjustment or averaging. Page-image comparison remains pending; no inflation adjustment or averaging is applied.,2026-08-01
ABMX-PR-0211,V12-ABMX-0348,Kuwahara,KE 2.5 complete bicycle,Complete bicycle,September 1983,262.95,GBP,£262.95,Advertised or editorial period price,United Kingdom,Period publication,Indexed issue text; the amount/item pairing is retained pending page-image comparison.,MEDIUM-HIGH,https://previouspage.co.uk/magazines/BMX%20Action%20Bike/issues/64-september-nineteen-eighty-three,INDEX-ONLY,kuwahara ke 2 5 complete bicycle september 1983 262 95 gbp https previouspage co uk magazines bmx 20action 20bike issues 64 september nineteen eighty three,RETAIN — source-specific observation,Source-specific period amount; no inflation adjustment or averaging. Page-image comparison remains pending; no inflation adjustment or averaging is applied.,2026-08-01
ABMX-PR-0212,V12-ABMX-0348,GT,Pro or Standard complete bicycle,Complete bicycle,September 1983,239.95,GBP,£239.95,Advertised or editorial period price,United Kingdom,Period publication,Indexed issue text; the amount/item pairing is retained pending page-image comparison.,MEDIUM-HIGH,https://previouspage.co.uk/magazines/BMX%20Action%20Bike/issues/64-september-nineteen-eighty-three,INDEX-ONLY,gt pro or standard complete bicycle september 1983 239 95 gbp https previouspage co uk magazines bmx 20action 20bike issues 64 september nineteen eighty three,RETAIN — source-specific observation,Source-specific period amount; no inflation adjustment or averaging. Page-image comparison remains pending; no inflation adjustment or averaging is applied.,2026-08-01
ABMX-PR-0213,V12-ABMX-0348,Torker,280X complete bicycle,Complete bicycle,September 1983,224.95,GBP,£224.95,Advertised or editorial period price,United Kingdom,Period publication,Indexed issue text; the amount/item pairing is retained pending page-image comparison.,MEDIUM-HIGH,https://previouspage.co.uk/magazines/BMX%20Action%20Bike/issues/64-september-nineteen-eighty-three,INDEX-ONLY,torker 280x complete bicycle september 1983 224 95 gbp https previouspage co uk magazines bmx 20action 20bike issues 64 september nineteen eighty three,RETAIN — source-specific observation,Source-specific period amount; no inflation adjustment or averaging. Page-image comparison remains pending; no inflation adjustment or averaging is applied.,2026-08-01
ABMX-PR-0214,V12-ABMX-0348,Diamond Back,Silver Streak complete bicycle,Complete bicycle,September 1983,197.5,GBP,£197.50,Advertised or editorial period price,United Kingdom,Period publication,Indexed issue text; the amount/item pairing is retained pending page-image comparison.,MEDIUM-HIGH,https://previouspage.co.uk/magazines/BMX%20Action%20Bike/issues/64-september-nineteen-eighty-three,INDEX-ONLY,diamond back silver streak complete bicycle september 1983 197 5 gbp https previouspage co uk magazines bmx 20action 20bike issues 64 september nineteen eighty three,RETAIN — source-specific observation,Source-specific period amount; no inflation adjustment or averaging. Page-image comparison remains pending; no inflation adjustment or averaging is applied.,2026-08-01
ABMX-PR-0215,V12-ABMX-0348,Haro,Freestyler frame and forks,Frame and fork set,September 1983,166.95,GBP,£166.95,Advertised or editorial period price,United Kingdom,Period publication,Indexed issue text; the amount/item pairing is retained pending page-image comparison.,MEDIUM-HIGH,https://previouspage.co.uk/magazines/BMX%20Action%20Bike/issues/64-september-nineteen-eighty-three,INDEX-ONLY,haro freestyler frame and forks september 1983 166 95 gbp https previouspage co uk magazines bmx 20action 20bike issues 64 september nineteen eighty three,RETAIN — source-specific observation,Source-specific period amount; no inflation adjustment or averaging. Page-image comparison remains pending; no inflation adjustment or averaging is applied.,2026-08-01
ABMX-PR-0216,V12-ABMX-0348,PK Ripper,Frame and fork set,Frame and fork set,September 1983,152.95,GBP,£152.95,Advertised or editorial period price,United Kingdom,Period publication,Indexed issue text; the amount/item pairing is retained pending page-image comparison.,MEDIUM-HIGH,https://previouspage.co.uk/magazines/BMX%20Action%20Bike/issues/64-september-nineteen-eighty-three,INDEX-ONLY,pk ripper frame and fork set september 1983 152 95 gbp https previouspage co uk magazines bmx 20action 20bike issues 64 september nineteen eighty three,RETAIN — source-specific observation,Source-specific period amount; no inflation adjustment or averaging. Page-image comparison remains pending; no inflation adjustment or averaging is applied.,2026-08-01
ABMX-PR-0217,V12-ABMX-0348,Hutch,Pro frame and forks,Frame and fork set,September 1983,139.95,GBP,£139.95,Advertised or editorial period price,United Kingdom,Period publication,Indexed issue text; the amount/item pairing is retained pending page-image comparison.,MEDIUM-HIGH,https://previouspage.co.uk/magazines/BMX%20Action%20Bike/issues/64-september-nineteen-eighty-three,INDEX-ONLY,hutch pro frame and forks september 1983 139 95 gbp https previouspage co uk magazines bmx 20action 20bike issues 64 september nineteen eighty three,RETAIN — source-specific observation,Source-specific period amount; no inflation adjustment or averaging. Page-image comparison remains pending; no inflation adjustment or averaging is applied.,2026-08-01
ABMX-PR-0218,V12-ABMX-0348,GT,Pro or Standard frame and forks,Frame and fork set,September 1983,119.95,GBP,£119.95,Advertised or editorial period price,United Kingdom,Period publication,Indexed issue text; the amount/item pairing is retained pending page-image comparison.,MEDIUM-HIGH,https://previouspage.co.uk/magazines/BMX%20Action%20Bike/issues/64-september-nineteen-eighty-three,INDEX-ONLY,gt pro or standard frame and forks september 1983 119 95 gbp https previouspage co uk magazines bmx 20action 20bike issues 64 september nineteen eighty three,RETAIN — source-specific observation,Source-specific period amount; no inflation adjustment or averaging. Page-image comparison remains pending; no inflation adjustment or averaging is applied.,2026-08-01
ABMX-PR-0219,V12-ABMX-0348,Araya / Suzue,7X wheel pair,Wheelset,September 1983,45.95,GBP,£45.95,Advertised or editorial period price,United Kingdom,Period publication,Indexed issue text; the amount/item pairing is retained pending page-image comparison.,MEDIUM-HIGH,https://previouspage.co.uk/magazines/BMX%20Action%20Bike/issues/64-september-nineteen-eighty-three,INDEX-ONLY,araya suzue 7x wheel pair september 1983 45 95 gbp https previouspage co uk magazines bmx 20action 20bike issues 64 september nineteen eighty three,RETAIN — source-specific observation,Source-specific period amount; no inflation adjustment or averaging. Page-image comparison remains pending; no inflation adjustment or averaging is applied.,2026-08-01
ABMX-PR-0220,V12-ABMX-0348,Araya / Suzue,ADX wheel pair,Wheelset,September 1983,49.95,GBP,£49.95,Advertised or editorial period price,United Kingdom,Period publication,Indexed issue text; the amount/item pairing is retained pending page-image comparison.,MEDIUM-HIGH,https://previouspage.co.uk/magazines/BMX%20Action%20Bike/issues/64-september-nineteen-eighty-three,INDEX-ONLY,araya suzue adx wheel pair september 1983 49 95 gbp https previouspage co uk magazines bmx 20action 20bike issues 64 september nineteen eighty three,RETAIN — source-specific observation,Source-specific period amount; no inflation adjustment or averaging. Page-image comparison remains pending; no inflation adjustment or averaging is applied.,2026-08-01
ABMX-PR-0221,V12-ABMX-0348,Landing Gear,20-inch forks,Fork,September 1983,39.95,GBP,£39.95,Advertised or editorial period price,United Kingdom,Period publication,Indexed issue text; the amount/item pairing is retained pending page-image comparison.,MEDIUM-HIGH,https://previouspage.co.uk/magazines/BMX%20Action%20Bike/issues/64-september-nineteen-eighty-three,INDEX-ONLY,landing gear 20 inch forks september 1983 39 95 gbp https previouspage co uk magazines bmx 20action 20bike issues 64 september nineteen eighty three,RETAIN — source-specific observation,Source-specific period amount; no inflation adjustment or averaging. Page-image comparison remains pending; no inflation adjustment or averaging is applied.,2026-08-01
ABMX-PR-0222,V12-ABMX-0348,Haro,Freestyle Moves book,Book,September 1983,4.5,GBP,£4.50,Advertised or editorial period price,United Kingdom,Period publication,Indexed issue text; the amount/item pairing is retained pending page-image comparison.,MEDIUM-HIGH,https://previouspage.co.uk/magazines/BMX%20Action%20Bike/issues/64-september-nineteen-eighty-three,INDEX-ONLY,haro freestyle moves book september 1983 4 5 gbp https previouspage co uk magazines bmx 20action 20bike issues 64 september nineteen eighty three,RETAIN — source-specific observation,Source-specific period amount; no inflation adjustment or averaging. Page-image comparison remains pending; no inflation adjustment or averaging is applied.,2026-08-01
ABMX-PR-0223,V12-ABMX-0348,Suntour,Beartrap pedals,Pedals,September 1983,16.95,GBP,£16.95,Advertised or editorial period price,United Kingdom,Period publication,Indexed issue text; the amount/item pairing is retained pending page-image comparison.,MEDIUM-HIGH,https://previouspage.co.uk/magazines/BMX%20Action%20Bike/issues/64-september-nineteen-eighty-three,INDEX-ONLY,suntour beartrap pedals september 1983 16 95 gbp https previouspage co uk magazines bmx 20action 20bike issues 64 september nineteen eighty three,RETAIN — source-specific observation,Source-specific period amount; no inflation adjustment or averaging. Page-image comparison remains pending; no inflation adjustment or averaging is applied.,2026-08-01
ABMX-PR-0224,V12-ABMX-0348,Haro,Tech number plate,Number plate,September 1983,9.99,GBP,£9.99,Advertised or editorial period price,United Kingdom,Period publication,Indexed issue text; the amount/item pairing is retained pending page-image comparison.,MEDIUM-HIGH,https://previouspage.co.uk/magazines/BMX%20Action%20Bike/issues/64-september-nineteen-eighty-three,INDEX-ONLY,haro tech number plate september 1983 9 99 gbp https previouspage co uk magazines bmx 20action 20bike issues 64 september nineteen eighty three,RETAIN — source-specific observation,Source-specific period amount; no inflation adjustment or averaging. Page-image comparison remains pending; no inflation adjustment or averaging is applied.,2026-08-01
ABMX-PR-0225,V12-ABMX-0348,MKS,Grafight pedals,Pedals,September 1983,10.99,GBP,£10.99,Advertised or editorial period price,United Kingdom,Period publication,Indexed issue text; the amount/item pairing is retained pending page-image comparison.,MEDIUM-HIGH,https://previouspage.co.uk/magazines/BMX%20Action%20Bike/issues/64-september-nineteen-eighty-three,INDEX-ONLY,mks grafight pedals september 1983 10 99 gbp https previouspage co uk magazines bmx 20action 20bike issues 64 september nineteen eighty three,RETAIN — source-specific observation,Source-specific period amount; no inflation adjustment or averaging. Page-image comparison remains pending; no inflation adjustment or averaging is applied.,2026-08-01
ABMX-PR-0226,V12-ABMX-0354,Diamond Back,Viper complete bicycle,Complete bicycle,September 1983,149,GBP,£149,Advertised or editorial period price,United Kingdom,Period publication,Indexed issue text; the amount/item pairing is retained pending page-image comparison.,MEDIUM-HIGH,https://previouspage.co.uk/magazines/BMX%20Action%20Bike/issues/64-september-nineteen-eighty-three,INDEX-ONLY,diamond back viper complete bicycle september 1983 149 0 gbp https previouspage co uk magazines bmx 20action 20bike issues 64 september nineteen eighty three,RETAIN — source-specific observation,Source-specific period amount; no inflation adjustment or averaging. Page-image comparison remains pending; no inflation adjustment or averaging is applied.,2026-08-01
ABMX-PR-0227,V12-ABMX-0354,Diamond Back,Harry Leary Turbo,Complete bicycle,September 1983,309.95,GBP,£309.95,Advertised or editorial period price,United Kingdom,Period publication,Indexed issue text; the amount/item pairing is retained pending page-image comparison.,MEDIUM-HIGH,https://previouspage.co.uk/magazines/BMX%20Action%20Bike/issues/64-september-nineteen-eighty-three,INDEX-ONLY,diamond back harry leary turbo september 1983 309 95 gbp https previouspage co uk magazines bmx 20action 20bike issues 64 september nineteen eighty three,RETAIN — source-specific observation,Source-specific period amount; no inflation adjustment or averaging. Page-image comparison remains pending; no inflation adjustment or averaging is applied.,2026-08-01
ABMX-PR-0228,V12-ABMX-0355,Mongoose,Pro-Class complete bicycle,Complete bicycle,September 1983,346,GBP,£346,Advertised or editorial period price,United Kingdom,Period publication,Indexed issue text; the amount/item pairing is retained pending page-image comparison.,MEDIUM-HIGH,https://previouspage.co.uk/magazines/BMX%20Action%20Bike/issues/64-september-nineteen-eighty-three,INDEX-ONLY,mongoose pro class complete bicycle september 1983 346 0 gbp https previouspage co uk magazines bmx 20action 20bike issues 64 september nineteen eighty three,RETAIN — source-specific observation,Source-specific period amount; no inflation adjustment or averaging. Page-image comparison remains pending; no inflation adjustment or averaging is applied.,2026-08-01
ABMX-PR-0229,V12-ABMX-0355,PK Ripper,Complete bicycle with Pro-Class wheels,Complete bicycle,September 1983,339,GBP,£339,Advertised or editorial period price,United Kingdom,Period publication,Indexed issue text; the amount/item pairing is retained pending page-image comparison.,MEDIUM-HIGH,https://previouspage.co.uk/magazines/BMX%20Action%20Bike/issues/64-september-nineteen-eighty-three,INDEX-ONLY,pk ripper complete bicycle with pro class wheels september 1983 339 0 gbp https previouspage co uk magazines bmx 20action 20bike issues 64 september nineteen eighty three,RETAIN — source-specific observation,Source-specific period amount; no inflation adjustment or averaging. Page-image comparison remains pending; no inflation adjustment or averaging is applied.,2026-08-01
ABMX-PR-0230,V12-ABMX-0361,Haro,Chromoly complete bicycle,Complete bicycle,September 1983,120,GBP,£120,Advertised or editorial period price,United Kingdom,Period publication,Indexed issue text; the amount/item pairing is retained pending page-image comparison.,MEDIUM-HIGH,https://previouspage.co.uk/magazines/BMX%20Action%20Bike/issues/64-september-nineteen-eighty-three,INDEX-ONLY,haro chromoly complete bicycle september 1983 120 0 gbp https previouspage co uk magazines bmx 20action 20bike issues 64 september nineteen eighty three,RETAIN — source-specific observation,Source-specific period amount; no inflation adjustment or averaging. Page-image comparison remains pending; no inflation adjustment or averaging is applied.,2026-08-01
ABMX-PR-0231,V12-ABMX-0359,GT,"Greg Hill poster, stickers, and price list",Promotional information pack,September 1983,1,GBP,£1,Advertised or editorial period price,United Kingdom,Period publication,Indexed issue text; the amount/item pairing is retained pending page-image comparison.,MEDIUM-HIGH,https://previouspage.co.uk/magazines/BMX%20Action%20Bike/issues/64-september-nineteen-eighty-three,INDEX-ONLY,gt greg hill poster stickers and price list september 1983 1 0 gbp https previouspage co uk magazines bmx 20action 20bike issues 64 september nineteen eighty three,RETAIN — source-specific observation,Source-specific period amount; no inflation adjustment or averaging. Page-image comparison remains pending; no inflation adjustment or averaging is applied.,2026-08-01
ABMX-PR-0232,V12-ABMX-0366,Robinson,Pro or Expert frame and forks,Frame and fork set,September 1983,139.95,GBP,£139.95,Advertised or editorial period price,United Kingdom,Period publication,Indexed issue text; the amount/item pairing is retained pending page-image comparison.,MEDIUM-HIGH,https://previouspage.co.uk/magazines/BMX%20Action%20Bike/issues/64-september-nineteen-eighty-three,INDEX-ONLY,robinson pro or expert frame and forks september 1983 139 95 gbp https previouspage co uk magazines bmx 20action 20bike issues 64 september nineteen eighty three,RETAIN — source-specific observation,Source-specific period amount; no inflation adjustment or averaging. Page-image comparison remains pending; no inflation adjustment or averaging is applied.,2026-08-01
ABMX-PR-0233,V12-ABMX-0366,Skyway,Tuff III wheel pair,Wheelset,September 1983,58.95,GBP,£58.95,Advertised or editorial period price,United Kingdom,Period publication,Indexed issue text; the amount/item pairing is retained pending page-image comparison.,MEDIUM-HIGH,https://previouspage.co.uk/magazines/BMX%20Action%20Bike/issues/64-september-nineteen-eighty-three,INDEX-ONLY,skyway tuff iii wheel pair september 1983 58 95 gbp https previouspage co uk magazines bmx 20action 20bike issues 64 september nineteen eighty three,RETAIN — source-specific observation,Source-specific period amount; no inflation adjustment or averaging. Page-image comparison remains pending; no inflation adjustment or averaging is applied.,2026-08-01
ABMX-PR-0234,V12-ABMX-0366,Comp III,20 x 1 3/8 tyre pair,Tyres,September 1983,9.95,GBP,£9.95 pair,Advertised or editorial period price,United Kingdom,Period publication,Indexed issue text; the amount/item pairing is retained pending page-image comparison.,MEDIUM-HIGH,https://previouspage.co.uk/magazines/BMX%20Action%20Bike/issues/64-september-nineteen-eighty-three,INDEX-ONLY,comp iii 20 x 1 3 8 tyre pair september 1983 9 95 gbp https previouspage co uk magazines bmx 20action 20bike issues 64 september nineteen eighty three,RETAIN — source-specific observation,Source-specific period amount; no inflation adjustment or averaging. Page-image comparison remains pending; no inflation adjustment or averaging is applied.,2026-08-01
ABMX-PR-0235,V12-ABMX-0366,Aero,Pro vent plate,Number plate,September 1983,7.95,GBP,£7.95,Advertised or editorial period price,United Kingdom,Period publication,Indexed issue text; the amount/item pairing is retained pending page-image comparison.,MEDIUM-HIGH,https://previouspage.co.uk/magazines/BMX%20Action%20Bike/issues/64-september-nineteen-eighty-three,INDEX-ONLY,aero pro vent plate september 1983 7 95 gbp https previouspage co uk magazines bmx 20action 20bike issues 64 september nineteen eighty three,RETAIN — source-specific observation,Source-specific period amount; no inflation adjustment or averaging. Page-image comparison remains pending; no inflation adjustment or averaging is applied.,2026-08-01
ABMX-PR-0236,V12-ABMX-0366,Haro,Deluxe trousers,Racewear,September 1983,39.95,GBP,£39.95,Advertised or editorial period price,United Kingdom,Period publication,Indexed issue text; the amount/item pairing is retained pending page-image comparison.,MEDIUM-HIGH,https://previouspage.co.uk/magazines/BMX%20Action%20Bike/issues/64-september-nineteen-eighty-three,INDEX-ONLY,haro deluxe trousers september 1983 39 95 gbp https previouspage co uk magazines bmx 20action 20bike issues 64 september nineteen eighty three,RETAIN — source-specific observation,Source-specific period amount; no inflation adjustment or averaging. Page-image comparison remains pending; no inflation adjustment or averaging is applied.,2026-08-01
ABMX-PR-0237,V12-ABMX-0367,Diamond Back,Viper complete bicycle,Complete bicycle,September 1983,136,GBP,£136,Advertised or editorial period price,United Kingdom,Period publication,Indexed issue text; the amount/item pairing is retained pending page-image comparison.,MEDIUM-HIGH,https://previouspage.co.uk/magazines/BMX%20Action%20Bike/issues/64-september-nineteen-eighty-three,INDEX-ONLY,diamond back viper complete bicycle september 1983 136 0 gbp https previouspage co uk magazines bmx 20action 20bike issues 64 september nineteen eighty three,RETAIN — source-specific observation,Source-specific period amount; no inflation adjustment or averaging. Page-image comparison remains pending; no inflation adjustment or averaging is applied.,2026-08-01
ABMX-PR-0238,V12-ABMX-0367,Diamond Back,Silver Streak,Complete bicycle,September 1983,195,GBP,£195,Advertised or editorial period price,United Kingdom,Period publication,Indexed issue text; the amount/item pairing is retained pending page-image comparison.,MEDIUM-HIGH,https://previouspage.co.uk/magazines/BMX%20Action%20Bike/issues/64-september-nineteen-eighty-three,INDEX-ONLY,diamond back silver streak september 1983 195 0 gbp https previouspage co uk magazines bmx 20action 20bike issues 64 september nineteen eighty three,RETAIN — source-specific observation,Source-specific period amount; no inflation adjustment or averaging. Page-image comparison remains pending; no inflation adjustment or averaging is applied.,2026-08-01
ABMX-PR-0239,V12-ABMX-0367,Kuwahara,KZ 83 Aero frame and forks,Frame and fork set,September 1983,145,GBP,£145,Advertised or editorial period price,United Kingdom,Period publication,Indexed issue text; the amount/item pairing is retained pending page-image comparison.,MEDIUM-HIGH,https://previouspage.co.uk/magazines/BMX%20Action%20Bike/issues/64-september-nineteen-eighty-three,INDEX-ONLY,kuwahara kz 83 aero frame and forks september 1983 145 0 gbp https previouspage co uk magazines bmx 20action 20bike issues 64 september nineteen eighty three,RETAIN — source-specific observation,Source-specific period amount; no inflation adjustment or averaging. Page-image comparison remains pending; no inflation adjustment or averaging is applied.,2026-08-01
ABMX-PR-0240,V12-ABMX-0367,Skyway,TA frame and forks,Frame and fork set,September 1983,169,GBP,£169,Advertised or editorial period price,United Kingdom,Period publication,Indexed issue text; the amount/item pairing is retained pending page-image comparison.,MEDIUM-HIGH,https://previouspage.co.uk/magazines/BMX%20Action%20Bike/issues/64-september-nineteen-eighty-three,INDEX-ONLY,skyway ta frame and forks september 1983 169 0 gbp https previouspage co uk magazines bmx 20action 20bike issues 64 september nineteen eighty three,RETAIN — source-specific observation,Source-specific period amount; no inflation adjustment or averaging. Page-image comparison remains pending; no inflation adjustment or averaging is applied.,2026-08-01
ABMX-PR-0241,V12-ABMX-0367,Araya,Wheel pair,Wheelset,September 1983,35,GBP,£35,Advertised or editorial period price,United Kingdom,Period publication,Indexed issue text; the amount/item pairing is retained pending page-image comparison.,MEDIUM-HIGH,https://previouspage.co.uk/magazines/BMX%20Action%20Bike/issues/64-september-nineteen-eighty-three,INDEX-ONLY,araya wheel pair september 1983 35 0 gbp https previouspage co uk magazines bmx 20action 20bike issues 64 september nineteen eighty three,RETAIN — source-specific observation,Source-specific period amount; no inflation adjustment or averaging. Page-image comparison remains pending; no inflation adjustment or averaging is applied.,2026-08-01
ABMX-PR-0242,V12-ABMX-0367,Wildcat,Helmet,Protective equipment,September 1983,12.95,GBP,£12.95,Advertised or editorial period price,United Kingdom,Period publication,Indexed issue text; the amount/item pairing is retained pending page-image comparison.,MEDIUM-HIGH,https://previouspage.co.uk/magazines/BMX%20Action%20Bike/issues/64-september-nineteen-eighty-three,INDEX-ONLY,wildcat helmet september 1983 12 95 gbp https previouspage co uk magazines bmx 20action 20bike issues 64 september nineteen eighty three,RETAIN — source-specific observation,Source-specific period amount; no inflation adjustment or averaging. Page-image comparison remains pending; no inflation adjustment or averaging is applied.,2026-08-01
ABMX-PR-0243,V12-ABMX-0370,Hutch,Seat clamp,Seat clamp,September 1983,8.95,GBP,£8.95,Advertised or editorial period price,United Kingdom,Period publication,Indexed issue text; the amount/item pairing is retained pending page-image comparison.,MEDIUM-HIGH,https://previouspage.co.uk/magazines/BMX%20Action%20Bike/issues/64-september-nineteen-eighty-three,INDEX-ONLY,hutch seat clamp september 1983 8 95 gbp https previouspage co uk magazines bmx 20action 20bike issues 64 september nineteen eighty three,RETAIN — source-specific observation,Source-specific period amount; no inflation adjustment or averaging. Page-image comparison remains pending; no inflation adjustment or averaging is applied.,2026-08-01
ABMX-PR-0244,V12-ABMX-0370,Shimano,DX lever,Brake lever,September 1983,3.95,GBP,£3.95,Advertised or editorial period price,United Kingdom,Period publication,Indexed issue text; the amount/item pairing is retained pending page-image comparison.,MEDIUM-HIGH,https://previouspage.co.uk/magazines/BMX%20Action%20Bike/issues/64-september-nineteen-eighty-three,INDEX-ONLY,shimano dx lever september 1983 3 95 gbp https previouspage co uk magazines bmx 20action 20bike issues 64 september nineteen eighty three,RETAIN — source-specific observation,Source-specific period amount; no inflation adjustment or averaging. Page-image comparison remains pending; no inflation adjustment or averaging is applied.,2026-08-01
ABMX-PR-0245,V12-ABMX-0370,Skyway,Tuff wheel pair,Wheelset,September 1983,59.95,GBP,£59.95,Advertised or editorial period price,United Kingdom,Period publication,Indexed issue text; the amount/item pairing is retained pending page-image comparison.,MEDIUM-HIGH,https://previouspage.co.uk/magazines/BMX%20Action%20Bike/issues/64-september-nineteen-eighty-three,INDEX-ONLY,skyway tuff wheel pair september 1983 59 95 gbp https previouspage co uk magazines bmx 20action 20bike issues 64 september nineteen eighty three,RETAIN — source-specific observation,Source-specific period amount; no inflation adjustment or averaging. Page-image comparison remains pending; no inflation adjustment or averaging is applied.,2026-08-01
ABMX-PR-0246,V12-ABMX-0370,ACS,Z rim pair,Rim pair,September 1983,42.95,GBP,£42.95,Advertised or editorial period price,United Kingdom,Period publication,Indexed issue text; the amount/item pairing is retained pending page-image comparison.,MEDIUM-HIGH,https://previouspage.co.uk/magazines/BMX%20Action%20Bike/issues/64-september-nineteen-eighty-three,INDEX-ONLY,acs z rim pair september 1983 42 95 gbp https previouspage co uk magazines bmx 20action 20bike issues 64 september nineteen eighty three,RETAIN — source-specific observation,Source-specific period amount; no inflation adjustment or averaging. Page-image comparison remains pending; no inflation adjustment or averaging is applied.,2026-08-01
ABMX-PR-0247,V12-ABMX-0370,Hutch,Pro frame and forks,Frame and fork set,September 1983,145,GBP,£145.00,Advertised or editorial period price,United Kingdom,Period publication,Indexed issue text; the amount/item pairing is retained pending page-image comparison.,MEDIUM-HIGH,https://previouspage.co.uk/magazines/BMX%20Action%20Bike/issues/64-september-nineteen-eighty-three,INDEX-ONLY,hutch pro frame and forks september 1983 145 0 gbp https previouspage co uk magazines bmx 20action 20bike issues 64 september nineteen eighty three,RETAIN — source-specific observation,Source-specific period amount; no inflation adjustment or averaging. Page-image comparison remains pending; no inflation adjustment or averaging is applied.,2026-08-01
ABMX-PR-0248,V12-ABMX-0389,Torker,260 complete bicycle,Complete bicycle,October 1983,225,GBP,£225.00,Advertised or editorial period price,United Kingdom,Period publication,Indexed issue text; the amount/item pairing is retained pending page-image comparison.,MEDIUM-HIGH,https://previouspage.co.uk/issues/85-october-nineteen-eighty-three,INDEX-ONLY,torker 260 complete bicycle october 1983 225 0 gbp https previouspage co uk issues 85 october nineteen eighty three,RETAIN — source-specific observation,Source-specific period amount; no inflation adjustment or averaging. Page-image comparison remains pending; no inflation adjustment or averaging is applied.,2026-08-01
ABMX-PR-0249,V12-ABMX-0389,Torker,280X complete bicycle,Complete bicycle,October 1983,228,GBP,£228.00,Advertised or editorial period price,United Kingdom,Period publication,Indexed issue text; the amount/item pairing is retained pending page-image comparison.,MEDIUM-HIGH,https://previouspage.co.uk/issues/85-october-nineteen-eighty-three,INDEX-ONLY,torker 280x complete bicycle october 1983 228 0 gbp https previouspage co uk issues 85 october nineteen eighty three,RETAIN — source-specific observation,Source-specific period amount; no inflation adjustment or averaging. Page-image comparison remains pending; no inflation adjustment or averaging is applied.,2026-08-01
ABMX-PR-0250,V12-ABMX-0389,Torker,340 cruiser,Complete bicycle,October 1983,275,GBP,£275.00,Advertised or editorial period price,United Kingdom,Period publication,Indexed issue text; the amount/item pairing is retained pending page-image comparison.,MEDIUM-HIGH,https://previouspage.co.uk/issues/85-october-nineteen-eighty-three,INDEX-ONLY,torker 340 cruiser october 1983 275 0 gbp https previouspage co uk issues 85 october nineteen eighty three,RETAIN — source-specific observation,Source-specific period amount; no inflation adjustment or averaging. Page-image comparison remains pending; no inflation adjustment or averaging is applied.,2026-08-01
ABMX-PR-0251,V12-ABMX-0390,Big W,Chromoly handlebars,Handlebar,October 1983,7.95,GBP,From £7.95,Advertised or editorial period price,United Kingdom,Period publication,Indexed issue text; the amount/item pairing is retained pending page-image comparison.,MEDIUM-HIGH,https://previouspage.co.uk/issues/85-october-nineteen-eighty-three,INDEX-ONLY,big w chromoly handlebars october 1983 7 95 gbp https previouspage co uk issues 85 october nineteen eighty three,RETAIN — source-specific observation,Source-specific period amount; no inflation adjustment or averaging. Page-image comparison remains pending; no inflation adjustment or averaging is applied.,2026-08-01
ABMX-PR-0252,V12-ABMX-0390,Big W,Chromoly or alloy seatpost,Seatpost,October 1983,2.99,GBP,From £2.99,Advertised or editorial period price,United Kingdom,Period publication,Indexed issue text; the amount/item pairing is retained pending page-image comparison.,MEDIUM-HIGH,https://previouspage.co.uk/issues/85-october-nineteen-eighty-three,INDEX-ONLY,big w chromoly or alloy seatpost october 1983 2 99 gbp https previouspage co uk issues 85 october nineteen eighty three,RETAIN — source-specific observation,Source-specific period amount; no inflation adjustment or averaging. Page-image comparison remains pending; no inflation adjustment or averaging is applied.,2026-08-01
ABMX-PR-0253,V12-ABMX-0390,Firebird,Frame and fork set,Frame and fork set,October 1983,64.95,GBP,£64.95,Advertised or editorial period price,United Kingdom,Period publication,Indexed issue text; the amount/item pairing is retained pending page-image comparison.,MEDIUM-HIGH,https://previouspage.co.uk/issues/85-october-nineteen-eighty-three,INDEX-ONLY,firebird frame and fork set october 1983 64 95 gbp https previouspage co uk issues 85 october nineteen eighty three,RETAIN — source-specific observation,Source-specific period amount; no inflation adjustment or averaging. Page-image comparison remains pending; no inflation adjustment or averaging is applied.,2026-08-01
ABMX-PR-0254,V12-ABMX-0404,Kuwahara,Nova complete bicycle,Complete bicycle,October 1983,215,GBP,£215 plus postage,Advertised or editorial period price,United Kingdom,Period publication,Indexed issue text; the amount/item pairing is retained pending page-image comparison.,MEDIUM-HIGH,https://previouspage.co.uk/issues/85-october-nineteen-eighty-three,INDEX-ONLY,kuwahara nova complete bicycle october 1983 215 0 gbp https previouspage co uk issues 85 october nineteen eighty three,RETAIN — source-specific observation,Source-specific period amount; no inflation adjustment or averaging. Page-image comparison remains pending; no inflation adjustment or averaging is applied.,2026-08-01
ABMX-PR-0255,V12-ABMX-0404,Curtis,Frame and forks,Frame and fork set,October 1983,99,GBP,£99 plus postage,Advertised or editorial period price,United Kingdom,Period publication,Indexed issue text; the amount/item pairing is retained pending page-image comparison.,MEDIUM-HIGH,https://previouspage.co.uk/issues/85-october-nineteen-eighty-three,INDEX-ONLY,curtis frame and forks october 1983 99 0 gbp https previouspage co uk issues 85 october nineteen eighty three,RETAIN — source-specific observation,Source-specific period amount; no inflation adjustment or averaging. Page-image comparison remains pending; no inflation adjustment or averaging is applied.,2026-08-01
ABMX-PR-0256,V12-ABMX-0404,Diamond Back,Viper complete bicycle,Complete bicycle,October 1983,147,GBP,£147 plus postage,Advertised or editorial period price,United Kingdom,Period publication,Indexed issue text; the amount/item pairing is retained pending page-image comparison.,MEDIUM-HIGH,https://previouspage.co.uk/issues/85-october-nineteen-eighty-three,INDEX-ONLY,diamond back viper complete bicycle october 1983 147 0 gbp https previouspage co uk issues 85 october nineteen eighty three,RETAIN — source-specific observation,Source-specific period amount; no inflation adjustment or averaging. Page-image comparison remains pending; no inflation adjustment or averaging is applied.,2026-08-01
ABMX-PR-0257,V12-ABMX-0404,GT,Team complete bicycle,Complete bicycle,October 1983,259,GBP,£259 plus postage,Advertised or editorial period price,United Kingdom,Period publication,Indexed issue text; the amount/item pairing is retained pending page-image comparison.,MEDIUM-HIGH,https://previouspage.co.uk/issues/85-october-nineteen-eighty-three,INDEX-ONLY,gt team complete bicycle october 1983 259 0 gbp https previouspage co uk issues 85 october nineteen eighty three,RETAIN — source-specific observation,Source-specific period amount; no inflation adjustment or averaging. Page-image comparison remains pending; no inflation adjustment or averaging is applied.,2026-08-01
ABMX-PR-0258,V12-ABMX-0404,Mongoose,Californian complete bicycle,Complete bicycle,October 1983,199,GBP,£199 plus postage,Advertised or editorial period price,United Kingdom,Period publication,Indexed issue text; the amount/item pairing is retained pending page-image comparison.,MEDIUM-HIGH,https://previouspage.co.uk/issues/85-october-nineteen-eighty-three,INDEX-ONLY,mongoose californian complete bicycle october 1983 199 0 gbp https previouspage co uk issues 85 october nineteen eighty three,RETAIN — source-specific observation,Source-specific period amount; no inflation adjustment or averaging. Page-image comparison remains pending; no inflation adjustment or averaging is applied.,2026-08-01
ABMX-PR-0259,V12-ABMX-0404,ACS,Z wheel pair,Wheelset,October 1983,44,GBP,£44 plus postage,Advertised or editorial period price,United Kingdom,Period publication,Indexed issue text; the amount/item pairing is retained pending page-image comparison.,MEDIUM-HIGH,https://previouspage.co.uk/issues/85-october-nineteen-eighty-three,INDEX-ONLY,acs z wheel pair october 1983 44 0 gbp https previouspage co uk issues 85 october nineteen eighty three,RETAIN — source-specific observation,Source-specific period amount; no inflation adjustment or averaging. Page-image comparison remains pending; no inflation adjustment or averaging is applied.,2026-08-01
ABMX-PR-0260,V12-ABMX-0404,Skyway,Tuff wheel pair,Wheelset,October 1983,59,GBP,£59 plus postage,Advertised or editorial period price,United Kingdom,Period publication,Indexed issue text; the amount/item pairing is retained pending page-image comparison.,MEDIUM-HIGH,https://previouspage.co.uk/issues/85-october-nineteen-eighty-three,INDEX-ONLY,skyway tuff wheel pair october 1983 59 0 gbp https previouspage co uk issues 85 october nineteen eighty three,RETAIN — source-specific observation,Source-specific period amount; no inflation adjustment or averaging. Page-image comparison remains pending; no inflation adjustment or averaging is applied.,2026-08-01
ABMX-PR-0261,V12-ABMX-0404,Araya,7X wheel pair,Wheelset,October 1983,41,GBP,£41 plus postage,Advertised or editorial period price,United Kingdom,Period publication,Indexed issue text; the amount/item pairing is retained pending page-image comparison.,MEDIUM-HIGH,https://previouspage.co.uk/issues/85-october-nineteen-eighty-three,INDEX-ONLY,araya 7x wheel pair october 1983 41 0 gbp https previouspage co uk issues 85 october nineteen eighty three,RETAIN — source-specific observation,Source-specific period amount; no inflation adjustment or averaging. Page-image comparison remains pending; no inflation adjustment or averaging is applied.,2026-08-01
ABMX-PR-0262,V12-ABMX-0404,Mongoose,Pro-Class wheel pair,Wheelset,October 1983,59,GBP,£59 plus postage,Advertised or editorial period price,United Kingdom,Period publication,Indexed issue text; the amount/item pairing is retained pending page-image comparison.,MEDIUM-HIGH,https://previouspage.co.uk/issues/85-october-nineteen-eighty-three,INDEX-ONLY,mongoose pro class wheel pair october 1983 59 0 gbp https previouspage co uk issues 85 october nineteen eighty three,RETAIN — source-specific observation,Source-specific period amount; no inflation adjustment or averaging. Page-image comparison remains pending; no inflation adjustment or averaging is applied.,2026-08-01
ABMX-PR-0263,V12-ABMX-0404,PK Ripper,Frame and forks,Frame and fork set,October 1983,162.95,GBP,£162.95 plus postage,Advertised or editorial period price,United Kingdom,Period publication,Indexed issue text; the amount/item pairing is retained pending page-image comparison.,MEDIUM-HIGH,https://previouspage.co.uk/issues/85-october-nineteen-eighty-three,INDEX-ONLY,pk ripper frame and forks october 1983 162 95 gbp https previouspage co uk issues 85 october nineteen eighty three,RETAIN — source-specific observation,Source-specific period amount; no inflation adjustment or averaging. Page-image comparison remains pending; no inflation adjustment or averaging is applied.,2026-08-01
ABMX-PR-0264,V12-ABMX-0404,Shimano,DX pedals,Pedals,October 1983,13.95,GBP,£13.95 plus postage,Advertised or editorial period price,United Kingdom,Period publication,Indexed issue text; the amount/item pairing is retained pending page-image comparison.,MEDIUM-HIGH,https://previouspage.co.uk/issues/85-october-nineteen-eighty-three,INDEX-ONLY,shimano dx pedals october 1983 13 95 gbp https previouspage co uk issues 85 october nineteen eighty three,RETAIN — source-specific observation,Source-specific period amount; no inflation adjustment or averaging. Page-image comparison remains pending; no inflation adjustment or averaging is applied.,2026-08-01
ABMX-PR-0265,V12-ABMX-0404,CW,Bars,Handlebar,October 1983,20.38,GBP,£20.38 plus postage,Advertised or editorial period price,United Kingdom,Period publication,Indexed issue text; the amount/item pairing is retained pending page-image comparison.,MEDIUM-HIGH,https://previouspage.co.uk/issues/85-october-nineteen-eighty-three,INDEX-ONLY,cw bars october 1983 20 38 gbp https previouspage co uk issues 85 october nineteen eighty three,RETAIN — source-specific observation,Source-specific period amount; no inflation adjustment or averaging. Page-image comparison remains pending; no inflation adjustment or averaging is applied.,2026-08-01
ABMX-PR-0266,V12-ABMX-0405,Tange,TX1200 forks,Fork,October 1983,8.63,GBP,£8.63,Advertised or editorial period price,United Kingdom,Period publication,Indexed issue text; the amount/item pairing is retained pending page-image comparison.,MEDIUM-HIGH,https://previouspage.co.uk/issues/85-october-nineteen-eighty-three,INDEX-ONLY,tange tx1200 forks october 1983 8 63 gbp https previouspage co uk issues 85 october nineteen eighty three,RETAIN — source-specific observation,Source-specific period amount; no inflation adjustment or averaging. Page-image comparison remains pending; no inflation adjustment or averaging is applied.,2026-08-01
ABMX-PR-0267,V12-ABMX-0405,Zeronine,Number plate,Number plate,October 1983,8.95,GBP,£8.95,Advertised or editorial period price,United Kingdom,Period publication,Indexed issue text; the amount/item pairing is retained pending page-image comparison.,MEDIUM-HIGH,https://previouspage.co.uk/issues/85-october-nineteen-eighty-three,INDEX-ONLY,zeronine number plate october 1983 8 95 gbp https previouspage co uk issues 85 october nineteen eighty three,RETAIN — source-specific observation,Source-specific period amount; no inflation adjustment or averaging. Page-image comparison remains pending; no inflation adjustment or averaging is applied.,2026-08-01
ABMX-PR-0268,V12-ABMX-0405,ACS,Z rim pair,Rim pair,October 1983,45,GBP,£45.00,Advertised or editorial period price,United Kingdom,Period publication,Indexed issue text; the amount/item pairing is retained pending page-image comparison.,MEDIUM-HIGH,https://previouspage.co.uk/issues/85-october-nineteen-eighty-three,INDEX-ONLY,acs z rim pair october 1983 45 0 gbp https previouspage co uk issues 85 october nineteen eighty three,RETAIN — source-specific observation,Source-specific period amount; no inflation adjustment or averaging. Page-image comparison remains pending; no inflation adjustment or averaging is applied.,2026-08-01
ABMX-PR-0269,V12-ABMX-0405,Yes,Shoes,Footwear,October 1983,14.5,GBP,£14.50,Advertised or editorial period price,United Kingdom,Period publication,Indexed issue text; the amount/item pairing is retained pending page-image comparison.,MEDIUM-HIGH,https://previouspage.co.uk/issues/85-october-nineteen-eighty-three,INDEX-ONLY,yes shoes october 1983 14 5 gbp https previouspage co uk issues 85 october nineteen eighty three,RETAIN — source-specific observation,Source-specific period amount; no inflation adjustment or averaging. Page-image comparison remains pending; no inflation adjustment or averaging is applied.,2026-08-01
ABMX-PR-0270,V12-ABMX-0405,Mushroom,Original grips,Grips,October 1983,4.47,GBP,£4.47,Advertised or editorial period price,United Kingdom,Period publication,Indexed issue text; the amount/item pairing is retained pending page-image comparison.,MEDIUM-HIGH,https://previouspage.co.uk/issues/85-october-nineteen-eighty-three,INDEX-ONLY,mushroom original grips october 1983 4 47 gbp https previouspage co uk issues 85 october nineteen eighty three,RETAIN — source-specific observation,Source-specific period amount; no inflation adjustment or averaging. Page-image comparison remains pending; no inflation adjustment or averaging is applied.,2026-08-01
ABMX-PR-0271,V12-ABMX-0405,CW,Pro or Expert bars,Handlebar,October 1983,19.95,GBP,£19.95,Advertised or editorial period price,United Kingdom,Period publication,Indexed issue text; the amount/item pairing is retained pending page-image comparison.,MEDIUM-HIGH,https://previouspage.co.uk/issues/85-october-nineteen-eighty-three,INDEX-ONLY,cw pro or expert bars october 1983 19 95 gbp https previouspage co uk issues 85 october nineteen eighty three,RETAIN — source-specific observation,Source-specific period amount; no inflation adjustment or averaging. Page-image comparison remains pending; no inflation adjustment or averaging is applied.,2026-08-01
ABMX-PR-0272,V12-ABMX-0405,Oakley,Sliders,Protective equipment,October 1983,9.23,GBP,£9.23,Advertised or editorial period price,United Kingdom,Period publication,Indexed issue text; the amount/item pairing is retained pending page-image comparison.,MEDIUM-HIGH,https://previouspage.co.uk/issues/85-october-nineteen-eighty-three,INDEX-ONLY,oakley sliders october 1983 9 23 gbp https previouspage co uk issues 85 october nineteen eighty three,RETAIN — source-specific observation,Source-specific period amount; no inflation adjustment or averaging. Page-image comparison remains pending; no inflation adjustment or averaging is applied.,2026-08-01
ABMX-PR-0273,V12-ABMX-0405,GT,Bars,Handlebar,October 1983,18.95,GBP,£18.95,Advertised or editorial period price,United Kingdom,Period publication,Indexed issue text; the amount/item pairing is retained pending page-image comparison.,MEDIUM-HIGH,https://previouspage.co.uk/issues/85-october-nineteen-eighty-three,INDEX-ONLY,gt bars october 1983 18 95 gbp https previouspage co uk issues 85 october nineteen eighty three,RETAIN — source-specific observation,Source-specific period amount; no inflation adjustment or averaging. Page-image comparison remains pending; no inflation adjustment or averaging is applied.,2026-08-01
ABMX-PR-0274,V12-ABMX-0405,Haro,Techplate,Number plate,October 1983,9.66,GBP,£9.66,Advertised or editorial period price,United Kingdom,Period publication,Indexed issue text; the amount/item pairing is retained pending page-image comparison.,MEDIUM-HIGH,https://previouspage.co.uk/issues/85-october-nineteen-eighty-three,INDEX-ONLY,haro techplate october 1983 9 66 gbp https previouspage co uk issues 85 october nineteen eighty three,RETAIN — source-specific observation,Source-specific period amount; no inflation adjustment or averaging. Page-image comparison remains pending; no inflation adjustment or averaging is applied.,2026-08-01
ABMX-PR-0275,V12-ABMX-0407,Skyway,Tuff III wheel pair,Wheelset,October 1983,59.95,GBP,£59.95,Advertised or editorial period price,United Kingdom,Period publication,Indexed issue text; the amount/item pairing is retained pending page-image comparison.,MEDIUM-HIGH,https://previouspage.co.uk/issues/85-october-nineteen-eighty-three,INDEX-ONLY,skyway tuff iii wheel pair october 1983 59 95 gbp https previouspage co uk issues 85 october nineteen eighty three,RETAIN — source-specific observation,Source-specific period amount; no inflation adjustment or averaging. Page-image comparison remains pending; no inflation adjustment or averaging is applied.,2026-08-01
ABMX-PR-0276,V12-ABMX-0407,Aero,Zytec mag wheel pair,Wheelset,October 1983,45,GBP,£45.00,Advertised or editorial period price,United Kingdom,Period publication,Indexed issue text; the amount/item pairing is retained pending page-image comparison.,MEDIUM-HIGH,https://previouspage.co.uk/issues/85-october-nineteen-eighty-three,INDEX-ONLY,aero zytec mag wheel pair october 1983 45 0 gbp https previouspage co uk issues 85 october nineteen eighty three,RETAIN — source-specific observation,Source-specific period amount; no inflation adjustment or averaging. Page-image comparison remains pending; no inflation adjustment or averaging is applied.,2026-08-01
ABMX-PR-0277,V12-ABMX-0407,Comp III,20 x 1 3/8 tyre pair,Tyres,October 1983,9.95,GBP,£9.95 pair,Advertised or editorial period price,United Kingdom,Period publication,Indexed issue text; the amount/item pairing is retained pending page-image comparison.,MEDIUM-HIGH,https://previouspage.co.uk/issues/85-october-nineteen-eighty-three,INDEX-ONLY,comp iii 20 x 1 3 8 tyre pair october 1983 9 95 gbp https previouspage co uk issues 85 october nineteen eighty three,RETAIN — source-specific observation,Source-specific period amount; no inflation adjustment or averaging. Page-image comparison remains pending; no inflation adjustment or averaging is applied.,2026-08-01
ABMX-PR-0278,V12-ABMX-0407,Redline / Sugino,Flight crankset with sealed bottom bracket,Crankset,October 1983,99,GBP,£99,Advertised or editorial period price,United Kingdom,Period publication,Indexed issue text; the amount/item pairing is retained pending page-image comparison.,MEDIUM-HIGH,https://previouspage.co.uk/issues/85-october-nineteen-eighty-three,INDEX-ONLY,redline sugino flight crankset with sealed bottom bracket october 1983 99 0 gbp https previouspage co uk issues 85 october nineteen eighty three,RETAIN — source-specific observation,Source-specific period amount; no inflation adjustment or averaging. Page-image comparison remains pending; no inflation adjustment or averaging is applied.,2026-08-01
ABMX-PR-0279,V12-ABMX-0407,Aero,Arm sliders,Protective equipment,October 1983,4.99,GBP,£4.99 pair,Advertised or editorial period price,United Kingdom,Period publication,Indexed issue text; the amount/item pairing is retained pending page-image comparison.,MEDIUM-HIGH,https://previouspage.co.uk/issues/85-october-nineteen-eighty-three,INDEX-ONLY,aero arm sliders october 1983 4 99 gbp https previouspage co uk issues 85 october nineteen eighty three,RETAIN — source-specific observation,Source-specific period amount; no inflation adjustment or averaging. Page-image comparison remains pending; no inflation adjustment or averaging is applied.,2026-08-01
ABMX-PR-0280,V12-ABMX-0407,Uni,Turbo seat,Saddle,October 1983,16.99,GBP,£16.99,Advertised or editorial period price,United Kingdom,Period publication,Indexed issue text; the amount/item pairing is retained pending page-image comparison.,MEDIUM-HIGH,https://previouspage.co.uk/issues/85-october-nineteen-eighty-three,INDEX-ONLY,uni turbo seat october 1983 16 99 gbp https previouspage co uk issues 85 october nineteen eighty three,RETAIN — source-specific observation,Source-specific period amount; no inflation adjustment or averaging. Page-image comparison remains pending; no inflation adjustment or averaging is applied.,2026-08-01
ABMX-PR-0281,V12-ABMX-0407,Diamond Back,Complete bicycle,Complete bicycle,October 1983,145,GBP,£145,Advertised or editorial period price,United Kingdom,Period publication,Indexed issue text; the amount/item pairing is retained pending page-image comparison.,MEDIUM-HIGH,https://previouspage.co.uk/issues/85-october-nineteen-eighty-three,INDEX-ONLY,diamond back complete bicycle october 1983 145 0 gbp https previouspage co uk issues 85 october nineteen eighty three,RETAIN — source-specific observation,Source-specific period amount; no inflation adjustment or averaging. Page-image comparison remains pending; no inflation adjustment or averaging is applied.,2026-08-01
ABMX-PR-0282,V12-ABMX-0408,Firebird,Delta II frame,Frame,October 1983,89.95,GBP,£89.95,Advertised or editorial period price,United Kingdom,Period publication,Indexed issue text; the amount/item pairing is retained pending page-image comparison.,MEDIUM-HIGH,https://previouspage.co.uk/issues/85-october-nineteen-eighty-three,INDEX-ONLY,firebird delta ii frame october 1983 89 95 gbp https previouspage co uk issues 85 october nineteen eighty three,RETAIN — source-specific observation,Source-specific period amount; no inflation adjustment or averaging. Page-image comparison remains pending; no inflation adjustment or averaging is applied.,2026-08-01
ABMX-PR-0283,V12-ABMX-0409,CW,Pro standard bars,Handlebar,October 1983,21.5,GBP,£21.50,Advertised or editorial period price,United Kingdom,Period publication,Indexed issue text; the amount/item pairing is retained pending page-image comparison.,MEDIUM-HIGH,https://previouspage.co.uk/issues/85-october-nineteen-eighty-three,INDEX-ONLY,cw pro standard bars october 1983 21 5 gbp https previouspage co uk issues 85 october nineteen eighty three,RETAIN — source-specific observation,Source-specific period amount; no inflation adjustment or averaging. Page-image comparison remains pending; no inflation adjustment or averaging is applied.,2026-08-01
ABMX-PR-0284,V12-ABMX-0409,Oakley,O.5 grips,Grips,October 1983,3.35,GBP,£3.35,Advertised or editorial period price,United Kingdom,Period publication,Indexed issue text; the amount/item pairing is retained pending page-image comparison.,MEDIUM-HIGH,https://previouspage.co.uk/issues/85-october-nineteen-eighty-three,INDEX-ONLY,oakley o 5 grips october 1983 3 35 gbp https previouspage co uk issues 85 october nineteen eighty three,RETAIN — source-specific observation,Source-specific period amount; no inflation adjustment or averaging. Page-image comparison remains pending; no inflation adjustment or averaging is applied.,2026-08-01
ABMX-PR-0285,V12-ABMX-0409,Shimano,DX pedals,Pedals,October 1983,13.95,GBP,£13.95,Advertised or editorial period price,United Kingdom,Period publication,Indexed issue text; the amount/item pairing is retained pending page-image comparison.,MEDIUM-HIGH,https://previouspage.co.uk/issues/85-october-nineteen-eighty-three,INDEX-ONLY,shimano dx pedals october 1983 13 95 gbp https previouspage co uk issues 85 october nineteen eighty three,RETAIN — source-specific observation,Source-specific period amount; no inflation adjustment or averaging. Page-image comparison remains pending; no inflation adjustment or averaging is applied.,2026-08-01
ABMX-PR-0286,V12-ABMX-0409,GT,Mini frame and forks,Frame and fork set,October 1983,140,GBP,£140.00,Advertised or editorial period price,United Kingdom,Period publication,Indexed issue text; the amount/item pairing is retained pending page-image comparison.,MEDIUM-HIGH,https://previouspage.co.uk/issues/85-october-nineteen-eighty-three,INDEX-ONLY,gt mini frame and forks october 1983 140 0 gbp https previouspage co uk issues 85 october nineteen eighty three,RETAIN — source-specific observation,Source-specific period amount; no inflation adjustment or averaging. Page-image comparison remains pending; no inflation adjustment or averaging is applied.,2026-08-01
ABMX-PR-0287,V12-ABMX-0409,GT,Pro or Medium frame and forks,Frame and fork set,October 1983,135,GBP,£135.00,Advertised or editorial period price,United Kingdom,Period publication,Indexed issue text; the amount/item pairing is retained pending page-image comparison.,MEDIUM-HIGH,https://previouspage.co.uk/issues/85-october-nineteen-eighty-three,INDEX-ONLY,gt pro or medium frame and forks october 1983 135 0 gbp https previouspage co uk issues 85 october nineteen eighty three,RETAIN — source-specific observation,Source-specific period amount; no inflation adjustment or averaging. Page-image comparison remains pending; no inflation adjustment or averaging is applied.,2026-08-01
ABMX-PR-0288,V12-ABMX-0409,Diamond Back,Silver Streak frame and forks,Frame and fork set,October 1983,102.95,GBP,£102.95,Advertised or editorial period price,United Kingdom,Period publication,Indexed issue text; the amount/item pairing is retained pending page-image comparison.,MEDIUM-HIGH,https://previouspage.co.uk/issues/85-october-nineteen-eighty-three,INDEX-ONLY,diamond back silver streak frame and forks october 1983 102 95 gbp https previouspage co uk issues 85 october nineteen eighty three,RETAIN — source-specific observation,Source-specific period amount; no inflation adjustment or averaging. Page-image comparison remains pending; no inflation adjustment or averaging is applied.,2026-08-01
ABMX-PR-0289,V12-ABMX-0409,Takagi,Chromoly one-piece crank,Crank,October 1983,9.95,GBP,£9.95,Advertised or editorial period price,United Kingdom,Period publication,Indexed issue text; the amount/item pairing is retained pending page-image comparison.,MEDIUM-HIGH,https://previouspage.co.uk/issues/85-october-nineteen-eighty-three,INDEX-ONLY,takagi chromoly one piece crank october 1983 9 95 gbp https previouspage co uk issues 85 october nineteen eighty three,RETAIN — source-specific observation,Source-specific period amount; no inflation adjustment or averaging. Page-image comparison remains pending; no inflation adjustment or averaging is applied.,2026-08-01
ABMX-PR-0290,V12-ABMX-0409,Tioga,Sealed headset,Headset,October 1983,9.95,GBP,£9.95,Advertised or editorial period price,United Kingdom,Period publication,Indexed issue text; the amount/item pairing is retained pending page-image comparison.,MEDIUM-HIGH,https://previouspage.co.uk/issues/85-october-nineteen-eighty-three,INDEX-ONLY,tioga sealed headset october 1983 9 95 gbp https previouspage co uk issues 85 october nineteen eighty three,RETAIN — source-specific observation,Source-specific period amount; no inflation adjustment or averaging. Page-image comparison remains pending; no inflation adjustment or averaging is applied.,2026-08-01
ABMX-PR-0291,V12-ABMX-0409,Yes,Full-face helmet,Protective equipment,October 1983,32,GBP,£32.00,Advertised or editorial period price,United Kingdom,Period publication,Indexed issue text; the amount/item pairing is retained pending page-image comparison.,MEDIUM-HIGH,https://previouspage.co.uk/issues/85-october-nineteen-eighty-three,INDEX-ONLY,yes full face helmet october 1983 32 0 gbp https previouspage co uk issues 85 october nineteen eighty three,RETAIN — source-specific observation,Source-specific period amount; no inflation adjustment or averaging. Page-image comparison remains pending; no inflation adjustment or averaging is applied.,2026-08-01
ABMX-PR-0292,V12-ABMX-0414,Skyway,TA frame and forks,Frame and fork set,October 1983,165,GBP,£165.00,Advertised or editorial period price,United Kingdom,Period publication,Indexed issue text; the amount/item pairing is retained pending page-image comparison.,MEDIUM-HIGH,https://previouspage.co.uk/issues/85-october-nineteen-eighty-three,INDEX-ONLY,skyway ta frame and forks october 1983 165 0 gbp https previouspage co uk issues 85 october nineteen eighty three,RETAIN — source-specific observation,Source-specific period amount; no inflation adjustment or averaging. Page-image comparison remains pending; no inflation adjustment or averaging is applied.,2026-08-01
ABMX-PR-0293,V12-ABMX-0414,Diamond Back,Viper complete bicycle,Complete bicycle,October 1983,145,GBP,£145.00,Advertised or editorial period price,United Kingdom,Period publication,Indexed issue text; the amount/item pairing is retained pending page-image comparison.,MEDIUM-HIGH,https://previouspage.co.uk/issues/85-october-nineteen-eighty-three,INDEX-ONLY,diamond back viper complete bicycle october 1983 145 0 gbp https previouspage co uk issues 85 october nineteen eighty three,RETAIN — source-specific observation,Source-specific period amount; no inflation adjustment or averaging. Page-image comparison remains pending; no inflation adjustment or averaging is applied.,2026-08-01
ABMX-PR-0294,V12-ABMX-0414,Takagi,Three-piece crankset,Crankset,October 1983,19.95,GBP,£19.95,Advertised or editorial period price,United Kingdom,Period publication,Indexed issue text; the amount/item pairing is retained pending page-image comparison.,MEDIUM-HIGH,https://previouspage.co.uk/issues/85-october-nineteen-eighty-three,INDEX-ONLY,takagi three piece crankset october 1983 19 95 gbp https previouspage co uk issues 85 october nineteen eighty three,RETAIN — source-specific observation,Source-specific period amount; no inflation adjustment or averaging. Page-image comparison remains pending; no inflation adjustment or averaging is applied.,2026-08-01
ABMX-PR-0295,V12-ABMX-0415,Retro,Fluted alloy seatpost,Seatpost,October 1983,5,GBP,£5.00,Advertised or editorial period price,United Kingdom,Period publication,Indexed issue text; the amount/item pairing is retained pending page-image comparison.,MEDIUM-HIGH,https://previouspage.co.uk/issues/85-october-nineteen-eighty-three,INDEX-ONLY,retro fluted alloy seatpost october 1983 5 0 gbp https previouspage co uk issues 85 october nineteen eighty three,RETAIN — source-specific observation,Source-specific period amount; no inflation adjustment or averaging. Page-image comparison remains pending; no inflation adjustment or averaging is applied.,2026-08-01
ABMX-PR-0296,V12-ABMX-0415,Retro,Flat Top chromoly handlebars,Handlebar,October 1983,14.95,GBP,£14.95,Advertised or editorial period price,United Kingdom,Period publication,Indexed issue text; the amount/item pairing is retained pending page-image comparison.,MEDIUM-HIGH,https://previouspage.co.uk/issues/85-october-nineteen-eighty-three,INDEX-ONLY,retro flat top chromoly handlebars october 1983 14 95 gbp https previouspage co uk issues 85 october nineteen eighty three,RETAIN — source-specific observation,Source-specific period amount; no inflation adjustment or averaging. Page-image comparison remains pending; no inflation adjustment or averaging is applied.,2026-08-01
ABMX-PR-0297,V12-ABMX-0415,Retro,Sealed-bearing hub pair for Skyways,Hub set,October 1983,27.5,GBP,£27.50 pair,Advertised or editorial period price,United Kingdom,Period publication,Indexed issue text; the amount/item pairing is retained pending page-image comparison.,MEDIUM-HIGH,https://previouspage.co.uk/issues/85-october-nineteen-eighty-three,INDEX-ONLY,retro sealed bearing hub pair for skyways october 1983 27 5 gbp https previouspage co uk issues 85 october nineteen eighty three,RETAIN — source-specific observation,Source-specific period amount; no inflation adjustment or averaging. Page-image comparison remains pending; no inflation adjustment or averaging is applied.,2026-08-01
