Master ID,Routing Status,Start Page,End Page,Button Label,Button Title,Location Note
EPH-0020,UNRESOLVED,,,Open issue — exact page unresolved,Opens the complete source issue because the exact page remains unresolved,Indexed source location: Exact page unresolved. The source button opens the complete issue.
EPH-0021,UNRESOLVED,,,Open issue — exact page unresolved,Opens the complete source issue because the exact page remains unresolved,Indexed source location: Exact page unresolved. The source button opens the complete issue.
EPH-0022,UNRESOLVED,,,Open issue — exact page unresolved,Opens the complete source issue because the exact page remains unresolved,Indexed source location: Exact page unresolved. The source button opens the complete issue.
EPH-0030,UNRESOLVED,,,Open issue — exact page unresolved,Opens the complete source issue because the exact page remains unresolved,Indexed source location: Exact page unresolved. The source button opens the complete issue.
EPH-0045,UNRESOLVED,,,Open issue — exact page unresolved,Opens the complete source issue because the exact page remains unresolved,Indexed source location: Exact page unresolved. The source button opens the complete issue.
EPH-0046,UNRESOLVED,,,Open issue — exact page unresolved,Opens the complete source issue because the exact page remains unresolved,Indexed source location: Exact page unresolved. The source button opens the complete issue.
EPH-0050,UNRESOLVED,,,Open issue — exact page unresolved,Opens the complete source issue because the exact page remains unresolved,Indexed source location: Exact page unresolved. The source button opens the complete issue.
EPH-0051,UNRESOLVED,,,Open issue — exact page unresolved,Opens the complete source issue because the exact page remains unresolved,Indexed source location: Exact page unresolved. The source button opens the complete issue.
EPH-0052,UNRESOLVED,,,Open issue — exact page unresolved,Opens the complete source issue because the exact page remains unresolved,Indexed source location: Exact page unresolved. The source button opens the complete issue.
EPH-0053,UNRESOLVED,,,Open issue — exact page unresolved,Opens the complete source issue because the exact page remains unresolved,Indexed source location: Exact page unresolved. The source button opens the complete issue.
EPH-0054,UNRESOLVED,,,Open issue — exact page unresolved,Opens the complete source issue because the exact page remains unresolved,Indexed source location: Exact page unresolved. The source button opens the complete issue.
EPH-0055,UNRESOLVED,,,Open issue — exact page unresolved,Opens the complete source issue because the exact page remains unresolved,Indexed source location: Exact page unresolved. The source button opens the complete issue.
EPH-0056,UNRESOLVED,,,Open issue — exact page unresolved,Opens the complete source issue because the exact page remains unresolved,Indexed source location: Exact page unresolved. The source button opens the complete issue.
EPH-0057,UNRESOLVED,,,Open issue — exact page unresolved,Opens the complete source issue because the exact page remains unresolved,Indexed source location: Exact page unresolved. The source button opens the complete issue.
EPH-0058,UNRESOLVED,,,Open issue — exact page unresolved,Opens the complete source issue because the exact page remains unresolved,Indexed source location: Exact page unresolved. The source button opens the complete issue.
EPH-0059,UNRESOLVED,,,Open issue — exact page unresolved,Opens the complete source issue because the exact page remains unresolved,Indexed source location: Exact page unresolved. The source button opens the complete issue.
EPH-0060,UNRESOLVED,,,Open issue — exact page unresolved,Opens the complete source issue because the exact page remains unresolved,Indexed source location: Exact page unresolved. The source button opens the complete issue.
EPH-0061,UNRESOLVED,,,Open issue — exact page unresolved,Opens the complete source issue because the exact page remains unresolved,Indexed source location: Exact page unresolved. The source button opens the complete issue.
EPH-0062,KNOWN,2,2,Open source at page 2,Opens the source issue at indexed page 2,Indexed source location: Page 2. The source button opens directly at that page.
EPH-0063,KNOWN,3,3,Open source at page 3,Opens the source issue at indexed page 3,Indexed source location: Page 3. The source button opens directly at that page.
EPH-0064,KNOWN,5,5,Open source at page 5,Opens the source issue at indexed page 5,Indexed source location: Page 5. The source button opens directly at that page.
EPH-0065,KNOWN,6,7,Open source at pages 6–7,"Opens at page 6, the first indexed page; record location: pages 6–7",Indexed source location: Pages 6–7. The source button opens at the first indexed page.
EPH-0066,KNOWN,8,8,Open source at page 8,Opens the source issue at indexed page 8,Indexed source location: Page 8. The source button opens directly at that page.
EPH-0067,KNOWN,13,13,Open source at page 13,Opens the source issue at indexed page 13,Indexed source location: Page 13. The source button opens directly at that page.
EPH-0068,KNOWN,14,15,Open source at pages 14–15,"Opens at page 14, the first indexed page; record location: pages 14–15",Indexed source location: Pages 14–15. The source button opens at the first indexed page.
EPH-0069,KNOWN,15,15,Open source at page 15,Opens the source issue at indexed page 15,Indexed source location: Page 15. The source button opens directly at that page.
EPH-0070,KNOWN,16,16,Open source at page 16,Opens the source issue at indexed page 16,Indexed source location: Page 16. The source button opens directly at that page.
EPH-0071,KNOWN,39,39,Open source at page 39,Opens the source issue at indexed page 39,Indexed source location: Page 39. The source button opens directly at that page.
EPH-0072,KNOWN,40,40,Open source at page 40,Opens the source issue at indexed page 40,Indexed source location: Page 40. The source button opens directly at that page.
EPH-0073,KNOWN,44,45,Open source at pages 44–45,"Opens at page 44, the first indexed page; record location: pages 44–45",Indexed source location: Pages 44–45. The source button opens at the first indexed page.
EPH-0074,KNOWN,46,46,Open source at page 46,Opens the source issue at indexed page 46,Indexed source location: Page 46. The source button opens directly at that page.
EPH-0075,KNOWN,46,46,Open source at page 46,Opens the source issue at indexed page 46,Indexed source location: Page 46. The source button opens directly at that page.
EPH-0076,KNOWN,49,49,Open source at page 49,Opens the source issue at indexed page 49,Indexed source location: Page 49. The source button opens directly at that page.
EPH-0077,KNOWN,49,49,Open source at page 49,Opens the source issue at indexed page 49,Indexed source location: Page 49. The source button opens directly at that page.
EPH-0078,KNOWN,49,49,Open source at page 49,Opens the source issue at indexed page 49,Indexed source location: Page 49. The source button opens directly at that page.
EPH-0079,KNOWN,51,51,Open source at page 51,Opens the source issue at indexed page 51,Indexed source location: Page 51. The source button opens directly at that page.
EPH-0080,KNOWN,51,51,Open source at page 51,Opens the source issue at indexed page 51,Indexed source location: Page 51. The source button opens directly at that page.
EPH-0081,KNOWN,4,5,Open source at pages 4–5,"Opens at page 4, the first indexed page; record location: pages 4–5",Indexed source location: Pages 4–5. The source button opens at the first indexed page.
EPH-0082,KNOWN,8,8,Open source at page 8,Opens the source issue at indexed page 8,Indexed source location: Page 8. The source button opens directly at that page.
EPH-0083,KNOWN,15,15,Open source at page 15,Opens the source issue at indexed page 15,Indexed source location: Page 15. The source button opens directly at that page.
EPH-0084,KNOWN,21,21,Open source at page 21,Opens the source issue at indexed page 21,Indexed source location: Page 21. The source button opens directly at that page.
EPH-0085,KNOWN,22,22,Open source at page 22,Opens the source issue at indexed page 22,Indexed source location: Page 22. The source button opens directly at that page.
EPH-0086,KNOWN,22,22,Open source at page 22,Opens the source issue at indexed page 22,Indexed source location: Page 22. The source button opens directly at that page.
EPH-0087,KNOWN,17,24,Open source at pages 17–24,"Opens at page 17, the first indexed page; record location: pages 17–24",Indexed source location: Pages 17–24. The source button opens at the first indexed page.
EPH-0088,UNRESOLVED,,,Open issue — exact page unresolved,Opens the complete source issue because the exact page remains unresolved,Indexed source location: Exact page unresolved. The source button opens the complete issue.
EPH-0089,KNOWN,25,29,Open source at pages 25–29,"Opens at page 25, the first indexed page; record location: pages 25–29",Indexed source location: Pages 25–29. The source button opens at the first indexed page.
EPH-0090,KNOWN,29,29,Open source at page 29,Opens the source issue at indexed page 29,Indexed source location: Page 29. The source button opens directly at that page.
EPH-0091,KNOWN,30,33,Open source at pages 30–33,"Opens at page 30, the first indexed page; record location: pages 30–33",Indexed source location: Pages 30–33. The source button opens at the first indexed page.
EPH-0092,KNOWN,34,34,Open source at page 34,Opens the source issue at indexed page 34,Indexed source location: Page 34. The source button opens directly at that page.
EPH-0093,KNOWN,36,37,Open source at pages 36–37,"Opens at page 36, the first indexed page; record location: pages 36–37",Indexed source location: Pages 36–37. The source button opens at the first indexed page.
EPH-0094,KNOWN,38,38,Open source at page 38,Opens the source issue at indexed page 38,Indexed source location: Page 38. The source button opens directly at that page.
EPH-0095,KNOWN,39,39,Open source at page 39,Opens the source issue at indexed page 39,Indexed source location: Page 39. The source button opens directly at that page.
EPH-0096,KNOWN,39,39,Open source at page 39,Opens the source issue at indexed page 39,Indexed source location: Page 39. The source button opens directly at that page.
EPH-0097,KNOWN,39,39,Open source at page 39,Opens the source issue at indexed page 39,Indexed source location: Page 39. The source button opens directly at that page.
EPH-0098,KNOWN,40,40,Open source at page 40,Opens the source issue at indexed page 40,Indexed source location: Page 40. The source button opens directly at that page.
EPH-0099,KNOWN,40,40,Open source at page 40,Opens the source issue at indexed page 40,Indexed source location: Page 40. The source button opens directly at that page.
EPH-0100,KNOWN,40,40,Open source at page 40,Opens the source issue at indexed page 40,Indexed source location: Page 40. The source button opens directly at that page.
EPH-0101,KNOWN,40,40,Open source at page 40,Opens the source issue at indexed page 40,Indexed source location: Page 40. The source button opens directly at that page.
EPH-0102,KNOWN,40,40,Open source at page 40,Opens the source issue at indexed page 40,Indexed source location: Page 40. The source button opens directly at that page.
EPH-0103,KNOWN,41,42,Open source at pages 41–42,"Opens at page 41, the first indexed page; record location: pages 41–42",Indexed source location: Pages 41–42. The source button opens at the first indexed page.
EPH-0104,KNOWN,42,42,Open source at page 42,Opens the source issue at indexed page 42,Indexed source location: Page 42. The source button opens directly at that page.
EPH-0105,KNOWN,44,45,Open source at pages 44–45,"Opens at page 44, the first indexed page; record location: pages 44–45",Indexed source location: Pages 44–45. The source button opens at the first indexed page.
EPH-0106,KNOWN,45,45,Open source at page 45,Opens the source issue at indexed page 45,Indexed source location: Page 45. The source button opens directly at that page.
EPH-0107,KNOWN,13,13,Open source at page 13,Opens the source issue at indexed page 13,Indexed source location: Page 13. The source button opens directly at that page.
EPH-0108,UNRESOLVED,,,Open issue — exact page unresolved,Opens the complete source issue because the exact page remains unresolved,Indexed source location: Exact page unresolved. The source button opens the complete issue.
EPH-0109,KNOWN,2,3,Open source at pages 2–3,"Opens at page 2, the first indexed page; record location: pages 2–3",Indexed source location: Pages 2–3. The source button opens at the first indexed page.
EPH-0110,KNOWN,4,4,Open source at page 4,Opens the source issue at indexed page 4,Indexed source location: Page 4. The source button opens directly at that page.
EPH-0111,KNOWN,8,9,Open source at pages 8–9,"Opens at page 8, the first indexed page; record location: pages 8–9",Indexed source location: Pages 8–9. The source button opens at the first indexed page.
EPH-0112,KNOWN,10,12,Open source at pages 10–12,"Opens at page 10, the first indexed page; record location: pages 10–12",Indexed source location: Pages 10–12. The source button opens at the first indexed page.
EPH-0113,KNOWN,13,13,Open source at page 13,Opens the source issue at indexed page 13,Indexed source location: Page 13. The source button opens directly at that page.
EPH-0114,KNOWN,13,13,Open source at page 13,Opens the source issue at indexed page 13,Indexed source location: Page 13. The source button opens directly at that page.
EPH-0115,UNRESOLVED,,,Open issue — exact page unresolved,Opens the complete source issue because the exact page remains unresolved,Indexed source location: Exact page unresolved. The source button opens the complete issue.
EPH-0116,KNOWN,14,15,Open source at pages 14–15,"Opens at page 14, the first indexed page; record location: pages 14–15",Indexed source location: Pages 14–15. The source button opens at the first indexed page.
EPH-0117,KNOWN,14,15,Open source at pages 14–15,"Opens at page 14, the first indexed page; record location: pages 14–15",Indexed source location: Pages 14–15. The source button opens at the first indexed page.
EPH-0118,KNOWN,14,15,Open source at pages 14–15,"Opens at page 14, the first indexed page; record location: pages 14–15",Indexed source location: Pages 14–15. The source button opens at the first indexed page.
EPH-0119,KNOWN,14,15,Open source at pages 14–15,"Opens at page 14, the first indexed page; record location: pages 14–15",Indexed source location: Pages 14–15. The source button opens at the first indexed page.
EPH-0120,KNOWN,34,37,Open source at pages 34–37,"Opens at page 34, the first indexed page; record location: pages 34–37",Indexed source location: Pages 34–37. The source button opens at the first indexed page.
EPH-0121,KNOWN,38,40,Open source at pages 38–40,"Opens at page 38, the first indexed page; record location: pages 38–40",Indexed source location: Pages 38–40. The source button opens at the first indexed page.
EPH-0122,KNOWN,28,31,Open source at pages 28–31,"Opens at page 28, the first indexed page; record location: pages 28–31",Indexed source location: Pages 28–31. The source button opens at the first indexed page.
EPH-0123,KNOWN,29,29,Open source at page 29,Opens the source issue at indexed page 29,Indexed source location: Page 29. The source button opens directly at that page.
EPH-0124,KNOWN,28,28,Open source at page 28,Opens the source issue at indexed page 28,Indexed source location: Page 28. The source button opens directly at that page.
EPH-0125,KNOWN,40,40,Open source at page 40,Opens the source issue at indexed page 40,Indexed source location: Page 40. The source button opens directly at that page.
EPH-0126,KNOWN,40,40,Open source at page 40,Opens the source issue at indexed page 40,Indexed source location: Page 40. The source button opens directly at that page.
EPH-0127,KNOWN,43,44,Open source at pages 43–44,"Opens at page 43, the first indexed page; record location: pages 43–44",Indexed source location: Pages 43–44. The source button opens at the first indexed page.
EPH-0128,KNOWN,44,44,Open source at page 44,Opens the source issue at indexed page 44,Indexed source location: Page 44. The source button opens directly at that page.
EPH-0129,KNOWN,45,45,Open source at page 45,Opens the source issue at indexed page 45,Indexed source location: Page 45. The source button opens directly at that page.
EPH-0130,KNOWN,45,45,Open source at page 45,Opens the source issue at indexed page 45,Indexed source location: Page 45. The source button opens directly at that page.
EPH-0131,KNOWN,45,45,Open source at page 45,Opens the source issue at indexed page 45,Indexed source location: Page 45. The source button opens directly at that page.
EPH-0132,KNOWN,51,51,Open source at page 51,Opens the source issue at indexed page 51,Indexed source location: Page 51. The source button opens directly at that page.
EPH-0133,KNOWN,51,51,Open source at page 51,Opens the source issue at indexed page 51,Indexed source location: Page 51. The source button opens directly at that page.
EPH-0134,KNOWN,51,51,Open source at page 51,Opens the source issue at indexed page 51,Indexed source location: Page 51. The source button opens directly at that page.
EPH-0135,KNOWN,51,51,Open source at page 51,Opens the source issue at indexed page 51,Indexed source location: Page 51. The source button opens directly at that page.
EPH-0136,KNOWN,51,51,Open source at page 51,Opens the source issue at indexed page 51,Indexed source location: Page 51. The source button opens directly at that page.
EPH-0137,KNOWN,2,2,Open source at page 2,Opens the source issue at indexed page 2,Indexed source location: Page 2. The source button opens directly at that page.
EPH-0138,KNOWN,4,4,Open source at page 4,Opens the source issue at indexed page 4,Indexed source location: Page 4. The source button opens directly at that page.
EPH-0139,KNOWN,5,5,Open source at page 5,Opens the source issue at indexed page 5,Indexed source location: Page 5. The source button opens directly at that page.
EPH-0140,KNOWN,6,6,Open source at page 6,Opens the source issue at indexed page 6,Indexed source location: Page 6. The source button opens directly at that page.
EPH-0141,KNOWN,6,7,Open source at pages 6–7,"Opens at page 6, the first indexed page; record location: pages 6–7",Indexed source location: Pages 6–7. The source button opens at the first indexed page.
EPH-0142,KNOWN,6,6,Open source at page 6,Opens the source issue at indexed page 6,Indexed source location: Page 6. The source button opens directly at that page.
EPH-0143,KNOWN,7,7,Open source at page 7,Opens the source issue at indexed page 7,Indexed source location: Page 7. The source button opens directly at that page.
EPH-0144,KNOWN,8,8,Open source at page 8,Opens the source issue at indexed page 8,Indexed source location: Page 8. The source button opens directly at that page.
EPH-0145,KNOWN,8,8,Open source at page 8,Opens the source issue at indexed page 8,Indexed source location: Page 8. The source button opens directly at that page.
EPH-0146,KNOWN,8,8,Open source at page 8,Opens the source issue at indexed page 8,Indexed source location: Page 8. The source button opens directly at that page.
EPH-0147,KNOWN,8,8,Open source at page 8,Opens the source issue at indexed page 8,Indexed source location: Page 8. The source button opens directly at that page.
EPH-0148,KNOWN,10,10,Open source at page 10,Opens the source issue at indexed page 10,Indexed source location: Page 10. The source button opens directly at that page.
EPH-0149,KNOWN,10,11,Open source at pages 10–11,"Opens at page 10, the first indexed page; record location: pages 10–11",Indexed source location: Pages 10–11. The source button opens at the first indexed page.
EPH-0150,KNOWN,11,11,Open source at page 11,Opens the source issue at indexed page 11,Indexed source location: Page 11. The source button opens directly at that page.
EPH-0151,KNOWN,12,13,Open source at pages 12–13,"Opens at page 12, the first indexed page; record location: pages 12–13",Indexed source location: Pages 12–13. The source button opens at the first indexed page.
EPH-0152,KNOWN,12,12,Open source at page 12,Opens the source issue at indexed page 12,Indexed source location: Page 12. The source button opens directly at that page.
EPH-0153,KNOWN,12,12,Open source at page 12,Opens the source issue at indexed page 12,Indexed source location: Page 12. The source button opens directly at that page.
EPH-0154,KNOWN,12,12,Open source at page 12,Opens the source issue at indexed page 12,Indexed source location: Page 12. The source button opens directly at that page.
EPH-0155,KNOWN,15,15,Open source at page 15,Opens the source issue at indexed page 15,Indexed source location: Page 15. The source button opens directly at that page.
EPH-0156,KNOWN,15,15,Open source at page 15,Opens the source issue at indexed page 15,Indexed source location: Page 15. The source button opens directly at that page.
EPH-0157,KNOWN,17,18,Open source at pages 17–18,"Opens at page 17, the first indexed page; record location: pages 17–18",Indexed source location: Pages 17–18. The source button opens at the first indexed page.
EPH-0158,UNRESOLVED,,,Open issue — exact page unresolved,Opens the complete source issue because the exact page remains unresolved,Indexed source location: Exact page unresolved. The source button opens the complete issue.
EPH-0159,KNOWN,29,29,Open source at page 29,Opens the source issue at indexed page 29,Indexed source location: Page 29. The source button opens directly at that page.
EPH-0160,KNOWN,30,30,Open source at page 30,Opens the source issue at indexed page 30,Indexed source location: Page 30. The source button opens directly at that page.
EPH-0161,KNOWN,30,30,Open source at page 30,Opens the source issue at indexed page 30,Indexed source location: Page 30. The source button opens directly at that page.
EPH-0162,KNOWN,30,30,Open source at page 30,Opens the source issue at indexed page 30,Indexed source location: Page 30. The source button opens directly at that page.
EPH-0163,KNOWN,25,25,Open source at page 25,Opens the source issue at indexed page 25,Indexed source location: Page 25. The source button opens directly at that page.
EPH-0164,KNOWN,38,38,Open source at page 38,Opens the source issue at indexed page 38,Indexed source location: Page 38. The source button opens directly at that page.
EPH-0165,KNOWN,42,42,Open source at page 42,Opens the source issue at indexed page 42,Indexed source location: Page 42. The source button opens directly at that page.
EPH-0166,KNOWN,2,2,Open source at page 2,Opens the source issue at indexed page 2,Indexed source location: Page 2. The source button opens directly at that page.
EPH-0167,KNOWN,2,2,Open source at page 2,Opens the source issue at indexed page 2,Indexed source location: Page 2. The source button opens directly at that page.
EPH-0168,KNOWN,7,7,Open source at page 7,Opens the source issue at indexed page 7,Indexed source location: Page 7. The source button opens directly at that page.
EPH-0169,KNOWN,8,8,Open source at page 8,Opens the source issue at indexed page 8,Indexed source location: Page 8. The source button opens directly at that page.
EPH-0170,KNOWN,8,8,Open source at page 8,Opens the source issue at indexed page 8,Indexed source location: Page 8. The source button opens directly at that page.
EPH-0171,KNOWN,10,10,Open source at page 10,Opens the source issue at indexed page 10,Indexed source location: Page 10. The source button opens directly at that page.
EPH-0172,KNOWN,10,10,Open source at page 10,Opens the source issue at indexed page 10,Indexed source location: Page 10. The source button opens directly at that page.
EPH-0173,UNRESOLVED,,,Open issue — exact page unresolved,Opens the complete source issue because the exact page remains unresolved,Indexed source location: Exact page unresolved. The source button opens the complete issue.
EPH-0174,UNRESOLVED,,,Open issue — exact page unresolved,Opens the complete source issue because the exact page remains unresolved,Indexed source location: Exact page unresolved. The source button opens the complete issue.
EPH-0175,UNRESOLVED,,,Open issue — exact page unresolved,Opens the complete source issue because the exact page remains unresolved,Indexed source location: Exact page unresolved. The source button opens the complete issue.
EPH-0176,KNOWN,24,25,Open source at pages 24–25,"Opens at page 24, the first indexed page; record location: pages 24–25",Indexed source location: Pages 24–25. The source button opens at the first indexed page.
EPH-0177,UNRESOLVED,,,Open issue — exact page unresolved,Opens the complete source issue because the exact page remains unresolved,Indexed source location: Exact page unresolved. The source button opens the complete issue.
EPH-0178,UNRESOLVED,,,Open issue — exact page unresolved,Opens the complete source issue because the exact page remains unresolved,Indexed source location: Exact page unresolved. The source button opens the complete issue.
EPH-0179,UNRESOLVED,,,Open issue — exact page unresolved,Opens the complete source issue because the exact page remains unresolved,Indexed source location: Exact page unresolved. The source button opens the complete issue.
EPH-0180,KNOWN,20,20,Open source at page 20,Opens the source issue at indexed page 20,Indexed source location: Page 20. The source button opens directly at that page.
EPH-0181,KNOWN,20,20,Open source at page 20,Opens the source issue at indexed page 20,Indexed source location: Page 20. The source button opens directly at that page.
EPH-0182,KNOWN,20,20,Open source at page 20,Opens the source issue at indexed page 20,Indexed source location: Page 20. The source button opens directly at that page.
EPH-0183,KNOWN,22,22,Open source at page 22,Opens the source issue at indexed page 22,Indexed source location: Page 22. The source button opens directly at that page.
EPH-0184,KNOWN,22,22,Open source at page 22,Opens the source issue at indexed page 22,Indexed source location: Page 22. The source button opens directly at that page.
EPH-0185,KNOWN,36,36,Open source at page 36,Opens the source issue at indexed page 36,Indexed source location: Page 36. The source button opens directly at that page.
EPH-0186,KNOWN,36,36,Open source at page 36,Opens the source issue at indexed page 36,Indexed source location: Page 36. The source button opens directly at that page.
EPH-0187,KNOWN,42,45,Open source at pages 42–45,"Opens at page 42, the first indexed page; record location: pages 42–45",Indexed source location: Pages 42–45. The source button opens at the first indexed page.
EPH-0188,KNOWN,44,44,Open source at page 44,Opens the source issue at indexed page 44,Indexed source location: Page 44. The source button opens directly at that page.
EPH-0189,KNOWN,44,44,Open source at page 44,Opens the source issue at indexed page 44,Indexed source location: Page 44. The source button opens directly at that page.
EPH-0190,KNOWN,44,45,Open source at pages 44–45,"Opens at page 44, the first indexed page; record location: pages 44–45",Indexed source location: Pages 44–45. The source button opens at the first indexed page.
EPH-0191,KNOWN,45,45,Open source at page 45,Opens the source issue at indexed page 45,Indexed source location: Page 45. The source button opens directly at that page.
EPH-0192,KNOWN,55,55,Open source at page 55,Opens the source issue at indexed page 55,Indexed source location: Page 55. The source button opens directly at that page.
EPH-0193,KNOWN,59,59,Open source at page 59,Opens the source issue at indexed page 59,Indexed source location: Page 59. The source button opens directly at that page.
EPH-0194,KNOWN,2,2,Open source at page 2,Opens the source issue at indexed page 2,Indexed source location: Page 2. The source button opens directly at that page.
EPH-0195,KNOWN,2,2,Open source at page 2,Opens the source issue at indexed page 2,Indexed source location: Page 2. The source button opens directly at that page.
EPH-0196,KNOWN,2,3,Open source at pages 2–3,"Opens at page 2, the first indexed page; record location: pages 2–3",Indexed source location: Pages 2–3. The source button opens at the first indexed page.
EPH-0197,KNOWN,11,11,Open source at page 11,Opens the source issue at indexed page 11,Indexed source location: Page 11. The source button opens directly at that page.
EPH-0198,KNOWN,11,11,Open source at page 11,Opens the source issue at indexed page 11,Indexed source location: Page 11. The source button opens directly at that page.
EPH-0199,KNOWN,11,11,Open source at page 11,Opens the source issue at indexed page 11,Indexed source location: Page 11. The source button opens directly at that page.
EPH-0200,KNOWN,12,12,Open source at page 12,Opens the source issue at indexed page 12,Indexed source location: Page 12. The source button opens directly at that page.
EPH-0201,KNOWN,12,12,Open source at page 12,Opens the source issue at indexed page 12,Indexed source location: Page 12. The source button opens directly at that page.
EPH-0202,KNOWN,12,12,Open source at page 12,Opens the source issue at indexed page 12,Indexed source location: Page 12. The source button opens directly at that page.
EPH-0203,KNOWN,12,12,Open source at page 12,Opens the source issue at indexed page 12,Indexed source location: Page 12. The source button opens directly at that page.
EPH-0204,KNOWN,18,18,Open source at page 18,Opens the source issue at indexed page 18,Indexed source location: Page 18. The source button opens directly at that page.
EPH-0205,KNOWN,19,19,Open source at page 19,Opens the source issue at indexed page 19,Indexed source location: Page 19. The source button opens directly at that page.
EPH-0206,KNOWN,20,20,Open source at page 20,Opens the source issue at indexed page 20,Indexed source location: Page 20. The source button opens directly at that page.
EPH-0207,KNOWN,20,20,Open source at page 20,Opens the source issue at indexed page 20,Indexed source location: Page 20. The source button opens directly at that page.
EPH-0208,UNRESOLVED,,,Open issue — exact page unresolved,Opens the complete source issue because the exact page remains unresolved,Indexed source location: Exact page unresolved. The source button opens the complete issue.
EPH-0209,KNOWN,20,20,Open source at page 20,Opens the source issue at indexed page 20,Indexed source location: Page 20. The source button opens directly at that page.
EPH-0210,KNOWN,24,24,Open source at page 24,Opens the source issue at indexed page 24,Indexed source location: Page 24. The source button opens directly at that page.
EPH-0211,KNOWN,23,24,Open source at pages 23–24,"Opens at page 23, the first indexed page; record location: pages 23–24",Indexed source location: Pages 23–24. The source button opens at the first indexed page.
EPH-0212,KNOWN,34,37,Open source at pages 34–37,"Opens at page 34, the first indexed page; record location: pages 34–37",Indexed source location: Pages 34–37. The source button opens at the first indexed page.
EPH-0213,KNOWN,35,35,Open source at page 35,Opens the source issue at indexed page 35,Indexed source location: Page 35. The source button opens directly at that page.
EPH-0214,KNOWN,43,43,Open source at page 43,Opens the source issue at indexed page 43,Indexed source location: Page 43. The source button opens directly at that page.
EPH-0215,KNOWN,43,43,Open source at page 43,Opens the source issue at indexed page 43,Indexed source location: Page 43. The source button opens directly at that page.
EPH-0216,KNOWN,43,43,Open source at page 43,Opens the source issue at indexed page 43,Indexed source location: Page 43. The source button opens directly at that page.
EPH-0217,KNOWN,43,43,Open source at page 43,Opens the source issue at indexed page 43,Indexed source location: Page 43. The source button opens directly at that page.
EPH-0218,KNOWN,43,43,Open source at page 43,Opens the source issue at indexed page 43,Indexed source location: Page 43. The source button opens directly at that page.
EPH-0219,KNOWN,43,43,Open source at page 43,Opens the source issue at indexed page 43,Indexed source location: Page 43. The source button opens directly at that page.
EPH-0220,KNOWN,43,43,Open source at page 43,Opens the source issue at indexed page 43,Indexed source location: Page 43. The source button opens directly at that page.
EPH-0221,UNRESOLVED,,,Open issue — exact page unresolved,Opens the complete source issue because the exact page remains unresolved,Indexed source location: Exact page unresolved. The source button opens the complete issue.
EPH-0222,KNOWN,2,2,Open source at page 2,Opens the source issue at indexed page 2,Indexed source location: Page 2. The source button opens directly at that page.
EPH-0223,KNOWN,4,4,Open source at page 4,Opens the source issue at indexed page 4,Indexed source location: Page 4. The source button opens directly at that page.
EPH-0224,KNOWN,4,4,Open source at page 4,Opens the source issue at indexed page 4,Indexed source location: Page 4. The source button opens directly at that page.
EPH-0225,KNOWN,4,4,Open source at page 4,Opens the source issue at indexed page 4,Indexed source location: Page 4. The source button opens directly at that page.
EPH-0226,KNOWN,10,11,Open source at pages 10–11,"Opens at page 10, the first indexed page; record location: pages 10–11",Indexed source location: Pages 10–11. The source button opens at the first indexed page.
EPH-0227,UNRESOLVED,,,Open issue — exact page unresolved,Opens the complete source issue because the exact page remains unresolved,Indexed source location: Exact page unresolved. The source button opens the complete issue.
EPH-0228,KNOWN,11,11,Open source at page 11,Opens the source issue at indexed page 11,Indexed source location: Page 11. The source button opens directly at that page.
EPH-0229,KNOWN,12,13,Open source at pages 12–13,"Opens at page 12, the first indexed page; record location: pages 12–13",Indexed source location: Pages 12–13. The source button opens at the first indexed page.
EPH-0230,UNRESOLVED,,,Open issue — exact page unresolved,Opens the complete source issue because the exact page remains unresolved,Indexed source location: Exact page unresolved. The source button opens the complete issue.
EPH-0231,KNOWN,19,19,Open source at page 19,Opens the source issue at indexed page 19,Indexed source location: Page 19. The source button opens directly at that page.
EPH-0232,KNOWN,23,23,Open source at page 23,Opens the source issue at indexed page 23,Indexed source location: Page 23. The source button opens directly at that page.
EPH-0233,KNOWN,18,18,Open source at page 18,Opens the source issue at indexed page 18,Indexed source location: Page 18. The source button opens directly at that page.
EPH-0234,KNOWN,18,18,Open source at page 18,Opens the source issue at indexed page 18,Indexed source location: Page 18. The source button opens directly at that page.
EPH-0235,KNOWN,18,18,Open source at page 18,Opens the source issue at indexed page 18,Indexed source location: Page 18. The source button opens directly at that page.
EPH-0236,KNOWN,30,30,Open source at page 30,Opens the source issue at indexed page 30,Indexed source location: Page 30. The source button opens directly at that page.
EPH-0237,KNOWN,30,30,Open source at page 30,Opens the source issue at indexed page 30,Indexed source location: Page 30. The source button opens directly at that page.
EPH-0238,KNOWN,34,34,Open source at page 34,Opens the source issue at indexed page 34,Indexed source location: Page 34. The source button opens directly at that page.
EPH-0239,KNOWN,34,34,Open source at page 34,Opens the source issue at indexed page 34,Indexed source location: Page 34. The source button opens directly at that page.
EPH-0240,KNOWN,43,43,Open source at page 43,Opens the source issue at indexed page 43,Indexed source location: Page 43. The source button opens directly at that page.
EPH-0241,KNOWN,49,51,Open source at pages 49–51,"Opens at page 49, the first indexed page; record location: pages 49–51",Indexed source location: Pages 49–51. The source button opens at the first indexed page.
EPH-0242,KNOWN,48,48,Open source at page 48,Opens the source issue at indexed page 48,Indexed source location: Page 48. The source button opens directly at that page.
EPH-0243,KNOWN,50,51,Open source at pages 50–51,"Opens at page 50, the first indexed page; record location: pages 50–51",Indexed source location: Pages 50–51. The source button opens at the first indexed page.
EPH-0244,KNOWN,51,51,Open source at page 51,Opens the source issue at indexed page 51,Indexed source location: Page 51. The source button opens directly at that page.
EPH-0245,KNOWN,52,52,Open source at page 52,Opens the source issue at indexed page 52,Indexed source location: Page 52. The source button opens directly at that page.
EPH-0246,KNOWN,61,61,Open source at page 61,Opens the source issue at indexed page 61,Indexed source location: Page 61. The source button opens directly at that page.
EPH-0247,KNOWN,61,61,Open source at page 61,Opens the source issue at indexed page 61,Indexed source location: Page 61. The source button opens directly at that page.
EPH-0248,KNOWN,61,61,Open source at page 61,Opens the source issue at indexed page 61,Indexed source location: Page 61. The source button opens directly at that page.
EPH-0249,UNRESOLVED,,,Open issue — exact page unresolved,Opens the complete source issue because the exact page remains unresolved,Indexed source location: Exact page unresolved. The source button opens the complete issue.
EPH-0250,KNOWN,61,61,Open source at page 61,Opens the source issue at indexed page 61,Indexed source location: Page 61. The source button opens directly at that page.
EPH-0251,KNOWN,2,2,Open source at page 2,Opens the source issue at indexed page 2,Indexed source location: Page 2. The source button opens directly at that page.
EPH-0252,KNOWN,4,4,Open source at page 4,Opens the source issue at indexed page 4,Indexed source location: Page 4. The source button opens directly at that page.
EPH-0253,KNOWN,4,4,Open source at page 4,Opens the source issue at indexed page 4,Indexed source location: Page 4. The source button opens directly at that page.
EPH-0254,KNOWN,5,5,Open source at page 5,Opens the source issue at indexed page 5,Indexed source location: Page 5. The source button opens directly at that page.
EPH-0255,KNOWN,6,6,Open source at page 6,Opens the source issue at indexed page 6,Indexed source location: Page 6. The source button opens directly at that page.
EPH-0256,KNOWN,6,6,Open source at page 6,Opens the source issue at indexed page 6,Indexed source location: Page 6. The source button opens directly at that page.
EPH-0257,KNOWN,8,9,Open source at pages 8–9,"Opens at page 8, the first indexed page; record location: pages 8–9",Indexed source location: Pages 8–9. The source button opens at the first indexed page.
EPH-0258,KNOWN,10,10,Open source at page 10,Opens the source issue at indexed page 10,Indexed source location: Page 10. The source button opens directly at that page.
EPH-0259,KNOWN,12,12,Open source at page 12,Opens the source issue at indexed page 12,Indexed source location: Page 12. The source button opens directly at that page.
EPH-0260,KNOWN,12,12,Open source at page 12,Opens the source issue at indexed page 12,Indexed source location: Page 12. The source button opens directly at that page.
EPH-0261,KNOWN,12,12,Open source at page 12,Opens the source issue at indexed page 12,Indexed source location: Page 12. The source button opens directly at that page.
EPH-0262,KNOWN,12,12,Open source at page 12,Opens the source issue at indexed page 12,Indexed source location: Page 12. The source button opens directly at that page.
EPH-0263,KNOWN,14,14,Open source at page 14,Opens the source issue at indexed page 14,Indexed source location: Page 14. The source button opens directly at that page.
EPH-0264,KNOWN,14,14,Open source at page 14,Opens the source issue at indexed page 14,Indexed source location: Page 14. The source button opens directly at that page.
EPH-0265,KNOWN,15,17,Open source at pages 15–17,"Opens at page 15, the first indexed page; record location: pages 15–17",Indexed source location: Pages 15–17. The source button opens at the first indexed page.
EPH-0266,KNOWN,18,19,Open source at pages 18–19,"Opens at page 18, the first indexed page; record location: pages 18–19",Indexed source location: Pages 18–19. The source button opens at the first indexed page.
EPH-0267,KNOWN,19,19,Open source at page 19,Opens the source issue at indexed page 19,Indexed source location: Page 19. The source button opens directly at that page.
EPH-0268,KNOWN,19,19,Open source at page 19,Opens the source issue at indexed page 19,Indexed source location: Page 19. The source button opens directly at that page.
EPH-0269,KNOWN,22,22,Open source at page 22,Opens the source issue at indexed page 22,Indexed source location: Page 22. The source button opens directly at that page.
EPH-0270,KNOWN,26,27,Open source at pages 26–27,"Opens at page 26, the first indexed page; record location: pages 26–27",Indexed source location: Pages 26–27. The source button opens at the first indexed page.
EPH-0271,KNOWN,28,28,Open source at page 28,Opens the source issue at indexed page 28,Indexed source location: Page 28. The source button opens directly at that page.
EPH-0272,KNOWN,28,28,Open source at page 28,Opens the source issue at indexed page 28,Indexed source location: Page 28. The source button opens directly at that page.
EPH-0273,KNOWN,28,28,Open source at page 28,Opens the source issue at indexed page 28,Indexed source location: Page 28. The source button opens directly at that page.
EPH-0274,KNOWN,28,28,Open source at page 28,Opens the source issue at indexed page 28,Indexed source location: Page 28. The source button opens directly at that page.
EPH-0275,KNOWN,29,29,Open source at page 29,Opens the source issue at indexed page 29,Indexed source location: Page 29. The source button opens directly at that page.
EPH-0276,KNOWN,29,29,Open source at page 29,Opens the source issue at indexed page 29,Indexed source location: Page 29. The source button opens directly at that page.
EPH-0277,KNOWN,30,31,Open source at pages 30–31,"Opens at page 30, the first indexed page; record location: pages 30–31",Indexed source location: Pages 30–31. The source button opens at the first indexed page.
EPH-0278,KNOWN,30,30,Open source at page 30,Opens the source issue at indexed page 30,Indexed source location: Page 30. The source button opens directly at that page.
EPH-0279,KNOWN,32,39,Open source at pages 32–39,"Opens at page 32, the first indexed page; record location: pages 32–39",Indexed source location: Pages 32–39. The source button opens at the first indexed page.
EPH-0280,KNOWN,41,45,Open source at pages 41–45,"Opens at page 41, the first indexed page; record location: pages 41–45",Indexed source location: Pages 41–45. The source button opens at the first indexed page.
EPH-0281,KNOWN,46,46,Open source at page 46,Opens the source issue at indexed page 46,Indexed source location: Page 46. The source button opens directly at that page.
EPH-0282,KNOWN,47,48,Open source at pages 47–48,"Opens at page 47, the first indexed page; record location: pages 47–48",Indexed source location: Pages 47–48. The source button opens at the first indexed page.
EPH-0283,KNOWN,49,49,Open source at page 49,Opens the source issue at indexed page 49,Indexed source location: Page 49. The source button opens directly at that page.
EPH-0284,KNOWN,49,49,Open source at page 49,Opens the source issue at indexed page 49,Indexed source location: Page 49. The source button opens directly at that page.
EPH-0285,KNOWN,51,51,Open source at page 51,Opens the source issue at indexed page 51,Indexed source location: Page 51. The source button opens directly at that page.
EPH-0286,KNOWN,55,55,Open source at page 55,Opens the source issue at indexed page 55,Indexed source location: Page 55. The source button opens directly at that page.
EPH-0287,KNOWN,59,59,Open source at page 59,Opens the source issue at indexed page 59,Indexed source location: Page 59. The source button opens directly at that page.
EPH-0288,KNOWN,60,63,Open source at pages 60–63,"Opens at page 60, the first indexed page; record location: pages 60–63",Indexed source location: Pages 60–63. The source button opens at the first indexed page.
EPH-0289,KNOWN,64,64,Open source at page 64,Opens the source issue at indexed page 64,Indexed source location: Page 64. The source button opens directly at that page.
EPH-0290,KNOWN,67,67,Open source at page 67,Opens the source issue at indexed page 67,Indexed source location: Page 67. The source button opens directly at that page.
EPH-0291,KNOWN,69,71,Open source at pages 69–71,"Opens at page 69, the first indexed page; record location: pages 69–71",Indexed source location: Pages 69–71. The source button opens at the first indexed page.
EPH-0292,KNOWN,71,71,Open source at page 71,Opens the source issue at indexed page 71,Indexed source location: Page 71. The source button opens directly at that page.
EPH-0293,KNOWN,71,71,Open source at page 71,Opens the source issue at indexed page 71,Indexed source location: Page 71. The source button opens directly at that page.
EPH-0294,KNOWN,72,72,Open source at page 72,Opens the source issue at indexed page 72,Indexed source location: Page 72. The source button opens directly at that page.
EPH-0295,KNOWN,72,72,Open source at page 72,Opens the source issue at indexed page 72,Indexed source location: Page 72. The source button opens directly at that page.
EPH-0296,KNOWN,2,2,Open source at page 2,Opens the source issue at indexed page 2,Indexed source location: Page 2. The source button opens directly at that page.
EPH-0297,KNOWN,4,4,Open source at page 4,Opens the source issue at indexed page 4,Indexed source location: Page 4. The source button opens directly at that page.
EPH-0298,KNOWN,5,5,Open source at page 5,Opens the source issue at indexed page 5,Indexed source location: Page 5. The source button opens directly at that page.
EPH-0299,KNOWN,6,6,Open source at page 6,Opens the source issue at indexed page 6,Indexed source location: Page 6. The source button opens directly at that page.
EPH-0300,KNOWN,6,6,Open source at page 6,Opens the source issue at indexed page 6,Indexed source location: Page 6. The source button opens directly at that page.
EPH-0301,KNOWN,7,7,Open source at page 7,Opens the source issue at indexed page 7,Indexed source location: Page 7. The source button opens directly at that page.
EPH-0302,KNOWN,12,12,Open source at page 12,Opens the source issue at indexed page 12,Indexed source location: Page 12. The source button opens directly at that page.
EPH-0303,KNOWN,14,17,Open source at pages 14–17,"Opens at page 14, the first indexed page; record location: pages 14–17",Indexed source location: Pages 14–17. The source button opens at the first indexed page.
EPH-0304,KNOWN,18,18,Open source at page 18,Opens the source issue at indexed page 18,Indexed source location: Page 18. The source button opens directly at that page.
EPH-0305,KNOWN,19,21,Open source at pages 19–21,"Opens at page 19, the first indexed page; record location: pages 19–21",Indexed source location: Pages 19–21. The source button opens at the first indexed page.
EPH-0306,KNOWN,19,21,Open source at pages 19–21,"Opens at page 19, the first indexed page; record location: pages 19–21",Indexed source location: Pages 19–21. The source button opens at the first indexed page.
EPH-0307,KNOWN,22,22,Open source at page 22,Opens the source issue at indexed page 22,Indexed source location: Page 22. The source button opens directly at that page.
EPH-0308,KNOWN,22,22,Open source at page 22,Opens the source issue at indexed page 22,Indexed source location: Page 22. The source button opens directly at that page.
EPH-0309,KNOWN,22,22,Open source at page 22,Opens the source issue at indexed page 22,Indexed source location: Page 22. The source button opens directly at that page.
EPH-0310,KNOWN,23,26,Open source at pages 23–26,"Opens at page 23, the first indexed page; record location: pages 23–26",Indexed source location: Pages 23–26. The source button opens at the first indexed page.
EPH-0311,KNOWN,27,27,Open source at page 27,Opens the source issue at indexed page 27,Indexed source location: Page 27. The source button opens directly at that page.
EPH-0312,KNOWN,28,28,Open source at page 28,Opens the source issue at indexed page 28,Indexed source location: Page 28. The source button opens directly at that page.
EPH-0313,KNOWN,28,28,Open source at page 28,Opens the source issue at indexed page 28,Indexed source location: Page 28. The source button opens directly at that page.
EPH-0314,KNOWN,29,29,Open source at page 29,Opens the source issue at indexed page 29,Indexed source location: Page 29. The source button opens directly at that page.
EPH-0315,KNOWN,29,29,Open source at page 29,Opens the source issue at indexed page 29,Indexed source location: Page 29. The source button opens directly at that page.
EPH-0316,KNOWN,30,30,Open source at page 30,Opens the source issue at indexed page 30,Indexed source location: Page 30. The source button opens directly at that page.
EPH-0317,KNOWN,31,35,Open source at pages 31–35,"Opens at page 31, the first indexed page; record location: pages 31–35",Indexed source location: Pages 31–35. The source button opens at the first indexed page.
EPH-0318,KNOWN,36,37,Open source at pages 36–37,"Opens at page 36, the first indexed page; record location: pages 36–37",Indexed source location: Pages 36–37. The source button opens at the first indexed page.
EPH-0319,KNOWN,43,44,Open source at pages 43–44,"Opens at page 43, the first indexed page; record location: pages 43–44",Indexed source location: Pages 43–44. The source button opens at the first indexed page.
EPH-0320,KNOWN,44,44,Open source at page 44,Opens the source issue at indexed page 44,Indexed source location: Page 44. The source button opens directly at that page.
EPH-0321,KNOWN,44,44,Open source at page 44,Opens the source issue at indexed page 44,Indexed source location: Page 44. The source button opens directly at that page.
EPH-0322,KNOWN,45,49,Open source at pages 45–49,"Opens at page 45, the first indexed page; record location: pages 45–49",Indexed source location: Pages 45–49. The source button opens at the first indexed page.
EPH-0323,KNOWN,50,50,Open source at page 50,Opens the source issue at indexed page 50,Indexed source location: Page 50. The source button opens directly at that page.
EPH-0324,KNOWN,51,53,Open source at pages 51–53,"Opens at page 51, the first indexed page; record location: pages 51–53",Indexed source location: Pages 51–53. The source button opens at the first indexed page.
EPH-0325,KNOWN,51,51,Open source at page 51,Opens the source issue at indexed page 51,Indexed source location: Page 51. The source button opens directly at that page.
EPH-0326,KNOWN,52,52,Open source at page 52,Opens the source issue at indexed page 52,Indexed source location: Page 52. The source button opens directly at that page.
EPH-0327,KNOWN,53,53,Open source at page 53,Opens the source issue at indexed page 53,Indexed source location: Page 53. The source button opens directly at that page.
EPH-0328,KNOWN,54,55,Open source at pages 54–55,"Opens at page 54, the first indexed page; record location: pages 54–55",Indexed source location: Pages 54–55. The source button opens at the first indexed page.
EPH-0329,KNOWN,54,54,Open source at page 54,Opens the source issue at indexed page 54,Indexed source location: Page 54. The source button opens directly at that page.
EPH-0330,KNOWN,55,55,Open source at page 55,Opens the source issue at indexed page 55,Indexed source location: Page 55. The source button opens directly at that page.
EPH-0331,KNOWN,57,57,Open source at page 57,Opens the source issue at indexed page 57,Indexed source location: Page 57. The source button opens directly at that page.
EPH-0332,KNOWN,58,58,Open source at page 58,Opens the source issue at indexed page 58,Indexed source location: Page 58. The source button opens directly at that page.
EPH-0333,KNOWN,59,59,Open source at page 59,Opens the source issue at indexed page 59,Indexed source location: Page 59. The source button opens directly at that page.
EPH-0334,KNOWN,60,60,Open source at page 60,Opens the source issue at indexed page 60,Indexed source location: Page 60. The source button opens directly at that page.
EPH-0335,KNOWN,60,60,Open source at page 60,Opens the source issue at indexed page 60,Indexed source location: Page 60. The source button opens directly at that page.
EPH-0336,KNOWN,61,61,Open source at page 61,Opens the source issue at indexed page 61,Indexed source location: Page 61. The source button opens directly at that page.
EPH-0337,KNOWN,61,61,Open source at page 61,Opens the source issue at indexed page 61,Indexed source location: Page 61. The source button opens directly at that page.
EPH-0338,KNOWN,61,61,Open source at page 61,Opens the source issue at indexed page 61,Indexed source location: Page 61. The source button opens directly at that page.
EPH-0339,KNOWN,61,61,Open source at page 61,Opens the source issue at indexed page 61,Indexed source location: Page 61. The source button opens directly at that page.
EPH-0340,KNOWN,61,61,Open source at page 61,Opens the source issue at indexed page 61,Indexed source location: Page 61. The source button opens directly at that page.
EPH-0341,KNOWN,62,63,Open source at pages 62–63,"Opens at page 62, the first indexed page; record location: pages 62–63",Indexed source location: Pages 62–63. The source button opens at the first indexed page.
EPH-0342,KNOWN,62,62,Open source at page 62,Opens the source issue at indexed page 62,Indexed source location: Page 62. The source button opens directly at that page.
EPH-0343,KNOWN,64,64,Open source at page 64,Opens the source issue at indexed page 64,Indexed source location: Page 64. The source button opens directly at that page.
EPH-0344,KNOWN,2,2,Open source at page 2,Opens the source issue at indexed page 2,Indexed source location: Page 2. The source button opens directly at that page.
EPH-0345,KNOWN,5,5,Open source at page 5,Opens the source issue at indexed page 5,Indexed source location: Page 5. The source button opens directly at that page.
EPH-0346,KNOWN,4,4,Open source at page 4,Opens the source issue at indexed page 4,Indexed source location: Page 4. The source button opens directly at that page.
EPH-0347,KNOWN,6,7,Open source at pages 6–7,"Opens at page 6, the first indexed page; record location: pages 6–7",Indexed source location: Pages 6–7. The source button opens at the first indexed page.
EPH-0348,KNOWN,12,13,Open source at pages 12–13 and 74,"Opens at page 12, the first indexed page; record location: pages 12–13 and 74",Indexed source location: Pages 12–13 and 74. The source button opens at the first indexed page.
EPH-0349,KNOWN,14,15,Open source at pages 14–15,"Opens at page 14, the first indexed page; record location: pages 14–15",Indexed source location: Pages 14–15. The source button opens at the first indexed page.
EPH-0350,KNOWN,17,22,Open source at pages 17–22,"Opens at page 17, the first indexed page; record location: pages 17–22",Indexed source location: Pages 17–22. The source button opens at the first indexed page.
EPH-0351,UNRESOLVED,,,Open issue — exact page unresolved,Opens the complete source issue because the exact page remains unresolved,Indexed source location: Exact page unresolved. The source button opens the complete issue.
EPH-0352,KNOWN,13,13,Open source at page 13,Opens the source issue at indexed page 13,Indexed source location: Page 13. The source button opens directly at that page.
EPH-0353,KNOWN,22,22,Open source at page 22,Opens the source issue at indexed page 22,Indexed source location: Page 22. The source button opens directly at that page.
EPH-0354,KNOWN,24,24,Open source at page 24,Opens the source issue at indexed page 24,Indexed source location: Page 24. The source button opens directly at that page.
EPH-0355,KNOWN,23,31,Open source at pages 23–31,"Opens at page 23, the first indexed page; record location: pages 23–31",Indexed source location: Pages 23–31. The source button opens at the first indexed page.
EPH-0356,KNOWN,29,29,Open source at page 29,Opens the source issue at indexed page 29,Indexed source location: Page 29. The source button opens directly at that page.
EPH-0357,KNOWN,28,28,Open source at page 28,Opens the source issue at indexed page 28,Indexed source location: Page 28. The source button opens directly at that page.
EPH-0358,KNOWN,38,38,Open source at page 38,Opens the source issue at indexed page 38,Indexed source location: Page 38. The source button opens directly at that page.
EPH-0359,KNOWN,38,38,Open source at page 38,Opens the source issue at indexed page 38,Indexed source location: Page 38. The source button opens directly at that page.
EPH-0360,KNOWN,37,38,Open source at pages 37–38,"Opens at page 37, the first indexed page; record location: pages 37–38",Indexed source location: Pages 37–38. The source button opens at the first indexed page.
EPH-0361,KNOWN,38,43,Open source at pages 38–43,"Opens at page 38, the first indexed page; record location: pages 38–43",Indexed source location: Pages 38–43. The source button opens at the first indexed page.
EPH-0362,KNOWN,36,36,Open source at page 36,Opens the source issue at indexed page 36,Indexed source location: Page 36. The source button opens directly at that page.
EPH-0363,KNOWN,37,38,Open source at pages 37–38,"Opens at page 37, the first indexed page; record location: pages 37–38",Indexed source location: Pages 37–38. The source button opens at the first indexed page.
EPH-0364,KNOWN,28,28,Open source at page 28,Opens the source issue at indexed page 28,Indexed source location: Page 28. The source button opens directly at that page.
EPH-0365,KNOWN,10,11,Open source at pages 10–11,"Opens at page 10, the first indexed page; record location: pages 10–11",Indexed source location: Pages 10–11. The source button opens at the first indexed page.
EPH-0366,KNOWN,22,22,Open source at page 22,Opens the source issue at indexed page 22,Indexed source location: Page 22. The source button opens directly at that page.
EPH-0367,KNOWN,22,22,Open source at page 22,Opens the source issue at indexed page 22,Indexed source location: Page 22. The source button opens directly at that page.
EPH-0368,KNOWN,45,45,Open source at page 45,Opens the source issue at indexed page 45,Indexed source location: Page 45. The source button opens directly at that page.
EPH-0369,KNOWN,44,44,Open source at page 44,Opens the source issue at indexed page 44,Indexed source location: Page 44. The source button opens directly at that page.
EPH-0370,KNOWN,46,49,Open source at pages 46–49,"Opens at page 46, the first indexed page; record location: pages 46–49",Indexed source location: Pages 46–49. The source button opens at the first indexed page.
EPH-0371,KNOWN,50,53,Open source at pages 50–53,"Opens at page 50, the first indexed page; record location: pages 50–53",Indexed source location: Pages 50–53. The source button opens at the first indexed page.
EPH-0372,KNOWN,54,55,Open source at pages 54–55,"Opens at page 54, the first indexed page; record location: pages 54–55",Indexed source location: Pages 54–55. The source button opens at the first indexed page.
EPH-0373,KNOWN,54,54,Open source at page 54,Opens the source issue at indexed page 54,Indexed source location: Page 54. The source button opens directly at that page.
EPH-0374,KNOWN,55,55,Open source at page 55,Opens the source issue at indexed page 55,Indexed source location: Page 55. The source button opens directly at that page.
EPH-0375,UNRESOLVED,,,Open issue — exact page unresolved,Opens the complete source issue because the exact page remains unresolved,Indexed source location: Exact page unresolved. The source button opens the complete issue.
EPH-0376,KNOWN,54,54,Open source at page 54,Opens the source issue at indexed page 54,Indexed source location: Page 54. The source button opens directly at that page.
EPH-0377,KNOWN,50,50,Open source at page 50,Opens the source issue at indexed page 50,Indexed source location: Page 50. The source button opens directly at that page.
EPH-0378,KNOWN,50,50,Open source at page 50,Opens the source issue at indexed page 50,Indexed source location: Page 50. The source button opens directly at that page.
EPH-0379,KNOWN,50,50,Open source at page 50,Opens the source issue at indexed page 50,Indexed source location: Page 50. The source button opens directly at that page.
EPH-0380,KNOWN,58,58,Open source at page 58,Opens the source issue at indexed page 58,Indexed source location: Page 58. The source button opens directly at that page.
EPH-0381,KNOWN,58,58,Open source at page 58,Opens the source issue at indexed page 58,Indexed source location: Page 58. The source button opens directly at that page.
EPH-0382,KNOWN,58,58,Open source at page 58,Opens the source issue at indexed page 58,Indexed source location: Page 58. The source button opens directly at that page.
EPH-0383,KNOWN,59,59,Open source at page 59,Opens the source issue at indexed page 59,Indexed source location: Page 59. The source button opens directly at that page.
EPH-0384,KNOWN,59,59,Open source at page 59,Opens the source issue at indexed page 59,Indexed source location: Page 59. The source button opens directly at that page.
EPH-0385,KNOWN,59,59,Open source at page 59,Opens the source issue at indexed page 59,Indexed source location: Page 59. The source button opens directly at that page.
EPH-0386,KNOWN,60,62,Open source at pages 60–62,"Opens at page 60, the first indexed page; record location: pages 60–62",Indexed source location: Pages 60–62. The source button opens at the first indexed page.
EPH-0387,KNOWN,60,63,Open source at pages 60–63,"Opens at page 60, the first indexed page; record location: pages 60–63",Indexed source location: Pages 60–63. The source button opens at the first indexed page.
EPH-0388,KNOWN,62,62,Open source at page 62,Opens the source issue at indexed page 62,Indexed source location: Page 62. The source button opens directly at that page.
EPH-0389,KNOWN,58,58,Open source at page 58,Opens the source issue at indexed page 58,Indexed source location: Page 58. The source button opens directly at that page.
EPH-0390,KNOWN,58,58,Open source at page 58,Opens the source issue at indexed page 58,Indexed source location: Page 58. The source button opens directly at that page.
EPH-0391,KNOWN,58,58,Open source at page 58,Opens the source issue at indexed page 58,Indexed source location: Page 58. The source button opens directly at that page.
EPH-0392,KNOWN,58,58,Open source at page 58,Opens the source issue at indexed page 58,Indexed source location: Page 58. The source button opens directly at that page.
EPH-0393,KNOWN,58,58,Open source at page 58,Opens the source issue at indexed page 58,Indexed source location: Page 58. The source button opens directly at that page.
EPH-0394,KNOWN,59,59,Open source at page 59,Opens the source issue at indexed page 59,Indexed source location: Page 59. The source button opens directly at that page.
EPH-0395,KNOWN,59,59,Open source at page 59,Opens the source issue at indexed page 59,Indexed source location: Page 59. The source button opens directly at that page.
EPH-0396,KNOWN,59,59,Open source at page 59,Opens the source issue at indexed page 59,Indexed source location: Page 59. The source button opens directly at that page.
EPH-0397,KNOWN,2,2,Open source at page 2,Opens the source issue at indexed page 2,Indexed source location: Page 2. The source button opens directly at that page.
EPH-0398,KNOWN,4,4,Open source at page 4,Opens the source issue at indexed page 4,Indexed source location: Page 4. The source button opens directly at that page.
EPH-0399,KNOWN,4,4,Open source at page 4,Opens the source issue at indexed page 4,Indexed source location: Page 4. The source button opens directly at that page.
EPH-0400,KNOWN,4,4,Open source at page 4,Opens the source issue at indexed page 4,Indexed source location: Page 4. The source button opens directly at that page.
EPH-0401,KNOWN,5,5,Open source at page 5,Opens the source issue at indexed page 5,Indexed source location: Page 5. The source button opens directly at that page.
EPH-0402,KNOWN,5,5,Open source at page 5,Opens the source issue at indexed page 5,Indexed source location: Page 5. The source button opens directly at that page.
EPH-0403,KNOWN,6,7,Open source at pages 6–7,"Opens at page 6, the first indexed page; record location: pages 6–7",Indexed source location: Pages 6–7. The source button opens at the first indexed page.
EPH-0404,KNOWN,6,6,Open source at page 6,Opens the source issue at indexed page 6,Indexed source location: Page 6. The source button opens directly at that page.
EPH-0405,KNOWN,6,6,Open source at page 6,Opens the source issue at indexed page 6,Indexed source location: Page 6. The source button opens directly at that page.
EPH-0406,KNOWN,6,6,Open source at page 6,Opens the source issue at indexed page 6,Indexed source location: Page 6. The source button opens directly at that page.
EPH-0407,KNOWN,8,8,Open source at page 8,Opens the source issue at indexed page 8,Indexed source location: Page 8. The source button opens directly at that page.
EPH-0408,KNOWN,10,10,Open source at page 10,Opens the source issue at indexed page 10,Indexed source location: Page 10. The source button opens directly at that page.
EPH-0409,KNOWN,10,12,Open source at pages 10–12,"Opens at page 10, the first indexed page; record location: pages 10–12",Indexed source location: Pages 10–12. The source button opens at the first indexed page.
EPH-0410,KNOWN,13,19,Open source at pages 13–19,"Opens at page 13, the first indexed page; record location: pages 13–19",Indexed source location: Pages 13–19. The source button opens at the first indexed page.
EPH-0411,KNOWN,12,12,Open source at page 12,Opens the source issue at indexed page 12,Indexed source location: Page 12. The source button opens directly at that page.
EPH-0412,UNRESOLVED,,,Open issue — exact page unresolved,Opens the complete source issue because the exact page remains unresolved,Indexed source location: Exact page unresolved. The source button opens the complete issue.
EPH-0413,KNOWN,25,26,Open source at pages 25–26,"Opens at page 25, the first indexed page; record location: pages 25–26",Indexed source location: Pages 25–26. The source button opens at the first indexed page.
EPH-0414,KNOWN,25,26,Open source at pages 25–26,"Opens at page 25, the first indexed page; record location: pages 25–26",Indexed source location: Pages 25–26. The source button opens at the first indexed page.
EPH-0415,KNOWN,27,27,Open source at page 27,Opens the source issue at indexed page 27,Indexed source location: Page 27. The source button opens directly at that page.
EPH-0416,KNOWN,27,27,Open source at page 27,Opens the source issue at indexed page 27,Indexed source location: Page 27. The source button opens directly at that page.
EPH-0417,KNOWN,27,27,Open source at page 27,Opens the source issue at indexed page 27,Indexed source location: Page 27. The source button opens directly at that page.
EPH-0418,KNOWN,28,28,Open source at page 28,Opens the source issue at indexed page 28,Indexed source location: Page 28. The source button opens directly at that page.
EPH-0419,KNOWN,28,29,Open source at pages 28–29,"Opens at page 28, the first indexed page; record location: pages 28–29",Indexed source location: Pages 28–29. The source button opens at the first indexed page.
EPH-0420,KNOWN,30,30,Open source at page 30,Opens the source issue at indexed page 30,Indexed source location: Page 30. The source button opens directly at that page.
EPH-0421,KNOWN,30,30,Open source at page 30,Opens the source issue at indexed page 30,Indexed source location: Page 30. The source button opens directly at that page.
EPH-0422,KNOWN,30,30,Open source at page 30,Opens the source issue at indexed page 30,Indexed source location: Page 30. The source button opens directly at that page.
EPH-0423,KNOWN,35,36,Open source at pages 35–36,"Opens at page 35, the first indexed page; record location: pages 35–36",Indexed source location: Pages 35–36. The source button opens at the first indexed page.
EPH-0424,KNOWN,39,40,Open source at pages 39–40,"Opens at page 39, the first indexed page; record location: pages 39–40",Indexed source location: Pages 39–40. The source button opens at the first indexed page.
EPH-0425,KNOWN,40,48,Open source at pages 40–48,"Opens at page 40, the first indexed page; record location: pages 40–48",Indexed source location: Pages 40–48. The source button opens at the first indexed page.
EPH-0426,KNOWN,46,47,Open source at pages 46–47,"Opens at page 46, the first indexed page; record location: pages 46–47",Indexed source location: Pages 46–47. The source button opens at the first indexed page.
EPH-0427,KNOWN,46,47,Open source at pages 46–47,"Opens at page 46, the first indexed page; record location: pages 46–47",Indexed source location: Pages 46–47. The source button opens at the first indexed page.
EPH-0428,KNOWN,46,46,Open source at page 46,Opens the source issue at indexed page 46,Indexed source location: Page 46. The source button opens directly at that page.
EPH-0429,KNOWN,46,46,Open source at page 46,Opens the source issue at indexed page 46,Indexed source location: Page 46. The source button opens directly at that page.
EPH-0430,KNOWN,50,50,Open source at page 50,Opens the source issue at indexed page 50,Indexed source location: Page 50. The source button opens directly at that page.
EPH-0431,KNOWN,57,58,Open source at pages 57–58,"Opens at page 57, the first indexed page; record location: pages 57–58",Indexed source location: Pages 57–58. The source button opens at the first indexed page.
EPH-0432,KNOWN,57,58,Open source at pages 57–58,"Opens at page 57, the first indexed page; record location: pages 57–58",Indexed source location: Pages 57–58. The source button opens at the first indexed page.
EPH-0433,KNOWN,53,53,Open source at page 53,Opens the source issue at indexed page 53,Indexed source location: Page 53. The source button opens directly at that page.
EPH-0434,KNOWN,56,58,Open source at pages 56–58,"Opens at page 56, the first indexed page; record location: pages 56–58",Indexed source location: Pages 56–58. The source button opens at the first indexed page.
EPH-0435,KNOWN,62,62,Open source at page 62,Opens the source issue at indexed page 62,Indexed source location: Page 62. The source button opens directly at that page.
EPH-0436,KNOWN,54,54,Open source at page 54,Opens the source issue at indexed page 54,Indexed source location: Page 54. The source button opens directly at that page.
EPH-0437,UNRESOLVED,,,Open issue — exact page unresolved,Opens the complete source issue because the exact page remains unresolved,Indexed source location: Exact page unresolved. The source button opens the complete issue.
EPH-0438,UNRESOLVED,,,Open issue — exact page unresolved,Opens the complete source issue because the exact page remains unresolved,Indexed source location: Exact page unresolved. The source button opens the complete issue.
EPH-0439,UNRESOLVED,,,Open issue — exact page unresolved,Opens the complete source issue because the exact page remains unresolved,Indexed source location: Exact page unresolved. The source button opens the complete issue.
EPH-0440,UNRESOLVED,,,Open issue — exact page unresolved,Opens the complete source issue because the exact page remains unresolved,Indexed source location: Exact page unresolved. The source button opens the complete issue.
EPH-0441,UNRESOLVED,,,Open issue — exact page unresolved,Opens the complete source issue because the exact page remains unresolved,Indexed source location: Exact page unresolved. The source button opens the complete issue.
EPH-0442,UNRESOLVED,,,Open issue — exact page unresolved,Opens the complete source issue because the exact page remains unresolved,Indexed source location: Exact page unresolved. The source button opens the complete issue.
EPH-0443,UNRESOLVED,,,Open issue — exact page unresolved,Opens the complete source issue because the exact page remains unresolved,Indexed source location: Exact page unresolved. The source button opens the complete issue.
EPH-0444,UNRESOLVED,,,Open issue — exact page unresolved,Opens the complete source issue because the exact page remains unresolved,Indexed source location: Exact page unresolved. The source button opens the complete issue.
EPH-0445,UNRESOLVED,,,Open issue — exact page unresolved,Opens the complete source issue because the exact page remains unresolved,Indexed source location: Exact page unresolved. The source button opens the complete issue.
EPH-0446,UNRESOLVED,,,Open issue — exact page unresolved,Opens the complete source issue because the exact page remains unresolved,Indexed source location: Exact page unresolved. The source button opens the complete issue.
EPH-0447,KNOWN,28,28,Open source at page 28,Opens the source issue at indexed page 28,Indexed source location: Page 28. The source button opens directly at that page.
EPH-0448,KNOWN,31,31,Open source at page 31,Opens the source issue at indexed page 31,Indexed source location: Page 31. The source button opens directly at that page.
EPH-0449,KNOWN,2,2,Open source at page 2,Opens the source issue at indexed page 2,Indexed source location: Page 2. The source button opens directly at that page.
EPH-0450,KNOWN,4,5,Open source at pages 4–5,"Opens at page 4, the first indexed page; record location: pages 4–5",Indexed source location: Pages 4–5. The source button opens at the first indexed page.
EPH-0451,KNOWN,4,5,Open source at pages 4–5,"Opens at page 4, the first indexed page; record location: pages 4–5",Indexed source location: Pages 4–5. The source button opens at the first indexed page.
EPH-0452,UNRESOLVED,,,Open issue — exact page unresolved,Opens the complete source issue because the exact page remains unresolved,Indexed source location: Exact page unresolved. The source button opens the complete issue.
EPH-0453,KNOWN,13,14,Open source at pages 13–14,"Opens at page 13, the first indexed page; record location: pages 13–14",Indexed source location: Pages 13–14. The source button opens at the first indexed page.
EPH-0454,KNOWN,14,18,Open source at pages 14–18,"Opens at page 14, the first indexed page; record location: pages 14–18",Indexed source location: Pages 14–18. The source button opens at the first indexed page.
EPH-0455,KNOWN,22,35,Open source at pages 22–35,"Opens at page 22, the first indexed page; record location: pages 22–35",Indexed source location: Pages 22–35. The source button opens at the first indexed page.
EPH-0456,KNOWN,35,37,Open source at pages 35–37,"Opens at page 35, the first indexed page; record location: pages 35–37",Indexed source location: Pages 35–37. The source button opens at the first indexed page.
EPH-0457,KNOWN,37,44,Open source at pages 37–44,"Opens at page 37, the first indexed page; record location: pages 37–44",Indexed source location: Pages 37–44. The source button opens at the first indexed page.
EPH-0458,KNOWN,47,51,Open source at pages 47–51,"Opens at page 47, the first indexed page; record location: pages 47–51",Indexed source location: Pages 47–51. The source button opens at the first indexed page.
EPH-0459,KNOWN,52,52,Open source at page 52,Opens the source issue at indexed page 52,Indexed source location: Page 52. The source button opens directly at that page.
EPH-0460,KNOWN,52,52,Open source at page 52,Opens the source issue at indexed page 52,Indexed source location: Page 52. The source button opens directly at that page.
EPH-0461,KNOWN,50,52,Open source at pages 50–52,"Opens at page 50, the first indexed page; record location: pages 50–52",Indexed source location: Pages 50–52. The source button opens at the first indexed page.
EPH-0462,KNOWN,55,57,Open source at pages 55–57,"Opens at page 55, the first indexed page; record location: pages 55–57",Indexed source location: Pages 55–57. The source button opens at the first indexed page.
EPH-0463,KNOWN,58,59,Open source at pages 58–59,"Opens at page 58, the first indexed page; record location: pages 58–59",Indexed source location: Pages 58–59. The source button opens at the first indexed page.
EPH-0464,KNOWN,58,62,Open source at pages 58–62,"Opens at page 58, the first indexed page; record location: pages 58–62",Indexed source location: Pages 58–62. The source button opens at the first indexed page.
EPH-0465,KNOWN,10,12,Open source at pages 10–12,"Opens at page 10, the first indexed page; record location: pages 10–12",Indexed source location: Pages 10–12. The source button opens at the first indexed page.
EPH-0466,KNOWN,10,12,Open source at pages 10–12,"Opens at page 10, the first indexed page; record location: pages 10–12",Indexed source location: Pages 10–12. The source button opens at the first indexed page.
EPH-0467,KNOWN,9,10,Open source at pages 9–10,"Opens at page 9, the first indexed page; record location: pages 9–10",Indexed source location: Pages 9–10. The source button opens at the first indexed page.
EPH-0468,KNOWN,21,22,Open source at pages 21–22,"Opens at page 21, the first indexed page; record location: pages 21–22",Indexed source location: Pages 21–22. The source button opens at the first indexed page.
EPH-0469,KNOWN,21,21,Open source at page 21,Opens the source issue at indexed page 21,Indexed source location: Page 21. The source button opens directly at that page.
EPH-0470,KNOWN,34,37,Open source at pages 34–37,"Opens at page 34, the first indexed page; record location: pages 34–37",Indexed source location: Pages 34–37. The source button opens at the first indexed page.
EPH-0471,KNOWN,36,36,Open source at page 36,Opens the source issue at indexed page 36,Indexed source location: Page 36. The source button opens directly at that page.
EPH-0472,KNOWN,48,49,Open source at pages 48–49,"Opens at page 48, the first indexed page; record location: pages 48–49",Indexed source location: Pages 48–49. The source button opens at the first indexed page.
EPH-0473,KNOWN,43,45,Open source at pages 43–45,"Opens at page 43, the first indexed page; record location: pages 43–45",Indexed source location: Pages 43–45. The source button opens at the first indexed page.
EPH-0474,KNOWN,43,45,Open source at pages 43–45,"Opens at page 43, the first indexed page; record location: pages 43–45",Indexed source location: Pages 43–45. The source button opens at the first indexed page.
EPH-0475,KNOWN,44,45,Open source at pages 44–45,"Opens at page 44, the first indexed page; record location: pages 44–45",Indexed source location: Pages 44–45. The source button opens at the first indexed page.
EPH-0476,KNOWN,44,45,Open source at pages 44–45,"Opens at page 44, the first indexed page; record location: pages 44–45",Indexed source location: Pages 44–45. The source button opens at the first indexed page.
EPH-0477,KNOWN,45,47,Open source at pages 45–47,"Opens at page 45, the first indexed page; record location: pages 45–47",Indexed source location: Pages 45–47. The source button opens at the first indexed page.
EPH-0478,KNOWN,45,46,Open source at pages 45–46,"Opens at page 45, the first indexed page; record location: pages 45–46",Indexed source location: Pages 45–46. The source button opens at the first indexed page.
EPH-0479,KNOWN,35,35,Open source at page 35,Opens the source issue at indexed page 35,Indexed source location: Page 35. The source button opens directly at that page.
EPH-0480,KNOWN,35,35,Open source at page 35,Opens the source issue at indexed page 35,Indexed source location: Page 35. The source button opens directly at that page.
EPH-0481,KNOWN,34,34,Open source at page 34,Opens the source issue at indexed page 34,Indexed source location: Page 34. The source button opens directly at that page.
EPH-0482,KNOWN,54,55,Open source at pages 54–55,"Opens at page 54, the first indexed page; record location: pages 54–55",Indexed source location: Pages 54–55. The source button opens at the first indexed page.
EPH-0483,KNOWN,54,54,Open source at page 54,Opens the source issue at indexed page 54,Indexed source location: Page 54. The source button opens directly at that page.
EPH-0484,KNOWN,53,54,Open source at pages 53–54,"Opens at page 53, the first indexed page; record location: pages 53–54",Indexed source location: Pages 53–54. The source button opens at the first indexed page.
EPH-0485,KNOWN,58,59,Open source at pages 58–59,"Opens at page 58, the first indexed page; record location: pages 58–59",Indexed source location: Pages 58–59. The source button opens at the first indexed page.
EPH-0486,KNOWN,58,59,Open source at pages 58–59,"Opens at page 58, the first indexed page; record location: pages 58–59",Indexed source location: Pages 58–59. The source button opens at the first indexed page.
EPH-0487,KNOWN,58,59,Open source at pages 58–59,"Opens at page 58, the first indexed page; record location: pages 58–59",Indexed source location: Pages 58–59. The source button opens at the first indexed page.
EPH-0488,KNOWN,58,59,Open source at pages 58–59,"Opens at page 58, the first indexed page; record location: pages 58–59",Indexed source location: Pages 58–59. The source button opens at the first indexed page.
EPH-0489,KNOWN,58,59,Open source at pages 58–59,"Opens at page 58, the first indexed page; record location: pages 58–59",Indexed source location: Pages 58–59. The source button opens at the first indexed page.
EPH-0490,KNOWN,58,59,Open source at pages 58–59,"Opens at page 58, the first indexed page; record location: pages 58–59",Indexed source location: Pages 58–59. The source button opens at the first indexed page.
EPH-0491,KNOWN,59,59,Open source at page 59,Opens the source issue at indexed page 59,Indexed source location: Page 59. The source button opens directly at that page.
EPH-0492,KNOWN,59,59,Open source at page 59,Opens the source issue at indexed page 59,Indexed source location: Page 59. The source button opens directly at that page.
EPH-0493,KNOWN,59,59,Open source at page 59,Opens the source issue at indexed page 59,Indexed source location: Page 59. The source button opens directly at that page.
EPH-0494,KNOWN,59,59,Open source at page 59,Opens the source issue at indexed page 59,Indexed source location: Page 59. The source button opens directly at that page.
EPH-0495,KNOWN,59,59,Open source at page 59,Opens the source issue at indexed page 59,Indexed source location: Page 59. The source button opens directly at that page.
EPH-0496,KNOWN,59,59,Open source at page 59,Opens the source issue at indexed page 59,Indexed source location: Page 59. The source button opens directly at that page.
EPH-0497,KNOWN,59,60,Open source at pages 59–60,"Opens at page 59, the first indexed page; record location: pages 59–60",Indexed source location: Pages 59–60. The source button opens at the first indexed page.
EPH-0498,KNOWN,60,60,Open source at page 60,Opens the source issue at indexed page 60,Indexed source location: Page 60. The source button opens directly at that page.
EPH-0499,KNOWN,59,59,Open source at page 59,Opens the source issue at indexed page 59,Indexed source location: Page 59. The source button opens directly at that page.
EPH-0500,KNOWN,59,59,Open source at page 59,Opens the source issue at indexed page 59,Indexed source location: Page 59. The source button opens directly at that page.
EPH-0501,KNOWN,2,2,Open source at page 2,Opens the source issue at indexed page 2,Indexed source location: Page 2. The source button opens directly at that page.
EPH-0502,UNRESOLVED,,,Open issue — exact page unresolved,Opens the complete source issue because the exact page remains unresolved,Indexed source location: Exact page unresolved. The source button opens the complete issue.
EPH-0503,UNRESOLVED,,,Open issue — exact page unresolved,Opens the complete source issue because the exact page remains unresolved,Indexed source location: Exact page unresolved. The source button opens the complete issue.
EPH-0504,KNOWN,15,17,Open source at pages 15–17,"Opens at page 15, the first indexed page; record location: pages 15–17",Indexed source location: Pages 15–17. The source button opens at the first indexed page.
EPH-0505,UNRESOLVED,,,Open issue — exact page unresolved,Opens the complete source issue because the exact page remains unresolved,Indexed source location: Exact page unresolved. The source button opens the complete issue.
EPH-0506,KNOWN,21,21,Open source at page 21,Opens the source issue at indexed page 21,Indexed source location: Page 21. The source button opens directly at that page.
EPH-0507,KNOWN,22,22,Open source at page 22,Opens the source issue at indexed page 22,Indexed source location: Page 22. The source button opens directly at that page.
EPH-0508,KNOWN,22,23,Open source at pages 22–23,"Opens at page 22, the first indexed page; record location: pages 22–23",Indexed source location: Pages 22–23. The source button opens at the first indexed page.
EPH-0509,KNOWN,23,25,Open source at pages 23–25,"Opens at page 23, the first indexed page; record location: pages 23–25",Indexed source location: Pages 23–25. The source button opens at the first indexed page.
EPH-0510,KNOWN,26,26,Open source at page 26,Opens the source issue at indexed page 26,Indexed source location: Page 26. The source button opens directly at that page.
EPH-0511,KNOWN,27,27,Open source at pages 27 and 40,"Opens at page 27, the first indexed page; record location: pages 27 and 40",Indexed source location: Pages 27 and 40. The source button opens at the first indexed page.
EPH-0512,KNOWN,28,31,Open source at pages 28–31,"Opens at page 28, the first indexed page; record location: pages 28–31",Indexed source location: Pages 28–31. The source button opens at the first indexed page.
EPH-0513,UNRESOLVED,,,Open issue — exact page unresolved,Opens the complete source issue because the exact page remains unresolved,Indexed source location: Exact page unresolved. The source button opens the complete issue.
EPH-0514,UNRESOLVED,,,Open issue — exact page unresolved,Opens the complete source issue because the exact page remains unresolved,Indexed source location: Exact page unresolved. The source button opens the complete issue.
EPH-0515,UNRESOLVED,,,Open issue — exact page unresolved,Opens the complete source issue because the exact page remains unresolved,Indexed source location: Exact page unresolved. The source button opens the complete issue.
EPH-0516,UNRESOLVED,,,Open issue — exact page unresolved,Opens the complete source issue because the exact page remains unresolved,Indexed source location: Exact page unresolved. The source button opens the complete issue.
EPH-0517,UNRESOLVED,,,Open issue — exact page unresolved,Opens the complete source issue because the exact page remains unresolved,Indexed source location: Exact page unresolved. The source button opens the complete issue.
EPH-0518,UNRESOLVED,,,Open issue — exact page unresolved,Opens the complete source issue because the exact page remains unresolved,Indexed source location: Exact page unresolved. The source button opens the complete issue.
EPH-0519,UNRESOLVED,,,Open issue — exact page unresolved,Opens the complete source issue because the exact page remains unresolved,Indexed source location: Exact page unresolved. The source button opens the complete issue.
EPH-0520,UNRESOLVED,,,Open issue — exact page unresolved,Opens the complete source issue because the exact page remains unresolved,Indexed source location: Exact page unresolved. The source button opens the complete issue.
EPH-0521,UNRESOLVED,,,Open issue — exact page unresolved,Opens the complete source issue because the exact page remains unresolved,Indexed source location: Exact page unresolved. The source button opens the complete issue.
EPH-0522,UNRESOLVED,,,Open issue — exact page unresolved,Opens the complete source issue because the exact page remains unresolved,Indexed source location: Exact page unresolved. The source button opens the complete issue.
EPH-0523,KNOWN,39,41,Open source at pages 39–41,"Opens at page 39, the first indexed page; record location: pages 39–41",Indexed source location: Pages 39–41. The source button opens at the first indexed page.
EPH-0524,KNOWN,45,45,Open source at page 45,Opens the source issue at indexed page 45,Indexed source location: Page 45. The source button opens directly at that page.
EPH-0525,KNOWN,48,58,Open source at pages 48–58,"Opens at page 48, the first indexed page; record location: pages 48–58",Indexed source location: Pages 48–58. The source button opens at the first indexed page.
EPH-0526,KNOWN,58,60,Open source at pages 58–60,"Opens at page 58, the first indexed page; record location: pages 58–60",Indexed source location: Pages 58–60. The source button opens at the first indexed page.
EPH-0527,KNOWN,55,55,Open source at page 55,Opens the source issue at indexed page 55,Indexed source location: Page 55. The source button opens directly at that page.
EPH-0528,KNOWN,61,61,Open source at page 61,Opens the source issue at indexed page 61,Indexed source location: Page 61. The source button opens directly at that page.
EPH-0529,KNOWN,62,62,Open source at page 62,Opens the source issue at indexed page 62,Indexed source location: Page 62. The source button opens directly at that page.
EPH-0530,KNOWN,55,55,Open source at page 55,Opens the source issue at indexed page 55,Indexed source location: Page 55. The source button opens directly at that page.
EPH-0531,KNOWN,55,55,Open source at page 55,Opens the source issue at indexed page 55,Indexed source location: Page 55. The source button opens directly at that page.
EPH-0532,KNOWN,47,47,Open source at page 47,Opens the source issue at indexed page 47,Indexed source location: Page 47. The source button opens directly at that page.
EPH-0533,KNOWN,46,46,Open source at page 46,Opens the source issue at indexed page 46,Indexed source location: Page 46. The source button opens directly at that page.
EPH-0534,KNOWN,46,46,Open source at page 46,Opens the source issue at indexed page 46,Indexed source location: Page 46. The source button opens directly at that page.
EPH-0535,KNOWN,59,60,Open source at pages 59–60,"Opens at page 59, the first indexed page; record location: pages 59–60",Indexed source location: Pages 59–60. The source button opens at the first indexed page.
EPH-0536,KNOWN,64,64,Open source at page 64,Opens the source issue at indexed page 64,Indexed source location: Page 64. The source button opens directly at that page.
EPH-0537,KNOWN,14,14,Open source at page 14,Opens the source issue at indexed page 14,Indexed source location: Page 14. The source button opens directly at that page.
EPH-0538,KNOWN,54,54,Open source at page 54,Opens the source issue at indexed page 54,Indexed source location: Page 54. The source button opens directly at that page.
EPH-0539,KNOWN,42,42,Open source at page 42,Opens the source issue at indexed page 42,Indexed source location: Page 42. The source button opens directly at that page.
EPH-0540,UNRESOLVED,,,Open issue — exact page unresolved,Opens the complete source issue because the exact page remains unresolved,Indexed source location: Exact page unresolved. The source button opens the complete issue.
EPH-0541,KNOWN,2,2,Open source at page 2,Opens the source issue at indexed page 2,Indexed source location: Page 2. The source button opens directly at that page.
EPH-0542,KNOWN,4,4,Open source at page 4,Opens the source issue at indexed page 4,Indexed source location: Page 4. The source button opens directly at that page.
EPH-0543,KNOWN,4,4,Open source at page 4,Opens the source issue at indexed page 4,Indexed source location: Page 4. The source button opens directly at that page.
EPH-0544,KNOWN,4,4,Open source at page 4,Opens the source issue at indexed page 4,Indexed source location: Page 4. The source button opens directly at that page.
EPH-0545,KNOWN,4,4,Open source at page 4,Opens the source issue at indexed page 4,Indexed source location: Page 4. The source button opens directly at that page.
EPH-0546,KNOWN,6,6,Open source at page 6,Opens the source issue at indexed page 6,Indexed source location: Page 6. The source button opens directly at that page.
EPH-0547,KNOWN,7,7,Open source at page 7,Opens the source issue at indexed page 7,Indexed source location: Page 7. The source button opens directly at that page.
EPH-0548,KNOWN,8,8,Open source at page 8,Opens the source issue at indexed page 8,Indexed source location: Page 8. The source button opens directly at that page.
EPH-0549,KNOWN,10,10,Open source at page 10,Opens the source issue at indexed page 10,Indexed source location: Page 10. The source button opens directly at that page.
EPH-0550,KNOWN,10,10,Open source at page 10,Opens the source issue at indexed page 10,Indexed source location: Page 10. The source button opens directly at that page.
EPH-0551,KNOWN,11,11,Open source at page 11,Opens the source issue at indexed page 11,Indexed source location: Page 11. The source button opens directly at that page.
EPH-0552,KNOWN,11,11,Open source at page 11,Opens the source issue at indexed page 11,Indexed source location: Page 11. The source button opens directly at that page.
EPH-0553,KNOWN,11,11,Open source at page 11,Opens the source issue at indexed page 11,Indexed source location: Page 11. The source button opens directly at that page.
EPH-0554,KNOWN,11,11,Open source at page 11,Opens the source issue at indexed page 11,Indexed source location: Page 11. The source button opens directly at that page.
EPH-0555,KNOWN,11,11,Open source at page 11,Opens the source issue at indexed page 11,Indexed source location: Page 11. The source button opens directly at that page.
EPH-0556,KNOWN,12,12,Open source at page 12,Opens the source issue at indexed page 12,Indexed source location: Page 12. The source button opens directly at that page.
EPH-0557,KNOWN,13,13,Open source at page 13,Opens the source issue at indexed page 13,Indexed source location: Page 13. The source button opens directly at that page.
EPH-0558,KNOWN,13,13,Open source at page 13,Opens the source issue at indexed page 13,Indexed source location: Page 13. The source button opens directly at that page.
EPH-0559,KNOWN,13,13,Open source at page 13,Opens the source issue at indexed page 13,Indexed source location: Page 13. The source button opens directly at that page.
EPH-0560,KNOWN,13,13,Open source at page 13,Opens the source issue at indexed page 13,Indexed source location: Page 13. The source button opens directly at that page.
EPH-0561,KNOWN,13,13,Open source at page 13,Opens the source issue at indexed page 13,Indexed source location: Page 13. The source button opens directly at that page.
EPH-0562,KNOWN,90,90,Open source at page 90,Opens the source issue at indexed page 90,Indexed source location: Page 90. The source button opens directly at that page.
EPH-0563,KNOWN,94,94,Open source at page 94,Opens the source issue at indexed page 94,Indexed source location: Page 94. The source button opens directly at that page.
EPH-0564,KNOWN,95,95,Open source at page 95,Opens the source issue at indexed page 95,Indexed source location: Page 95. The source button opens directly at that page.
EPH-0565,KNOWN,15,15,Open source at page 15,Opens the source issue at indexed page 15,Indexed source location: Page 15. The source button opens directly at that page.
EPH-0566,KNOWN,19,19,Open source at page 19,Opens the source issue at indexed page 19,Indexed source location: Page 19. The source button opens directly at that page.
EPH-0567,KNOWN,20,20,Open source at page 20,Opens the source issue at indexed page 20,Indexed source location: Page 20. The source button opens directly at that page.
EPH-0568,KNOWN,20,20,Open source at page 20,Opens the source issue at indexed page 20,Indexed source location: Page 20. The source button opens directly at that page.
EPH-0569,KNOWN,20,20,Open source at page 20,Opens the source issue at indexed page 20,Indexed source location: Page 20. The source button opens directly at that page.
EPH-0570,KNOWN,20,20,Open source at page 20,Opens the source issue at indexed page 20,Indexed source location: Page 20. The source button opens directly at that page.
EPH-0571,KNOWN,21,21,Open source at page 21,Opens the source issue at indexed page 21,Indexed source location: Page 21. The source button opens directly at that page.
EPH-0572,KNOWN,31,36,Open source at pages 31–36,"Opens at page 31, the first indexed page; record location: pages 31–36",Indexed source location: Pages 31–36. The source button opens at the first indexed page.
EPH-0573,KNOWN,35,35,Open source at page 35,Opens the source issue at indexed page 35,Indexed source location: Page 35. The source button opens directly at that page.
EPH-0574,KNOWN,36,36,Open source at page 36,Opens the source issue at indexed page 36,Indexed source location: Page 36. The source button opens directly at that page.
EPH-0575,KNOWN,38,38,Open source at page 38,Opens the source issue at indexed page 38,Indexed source location: Page 38. The source button opens directly at that page.
EPH-0576,KNOWN,40,43,Open source at pages 40–43,"Opens at page 40, the first indexed page; record location: pages 40–43",Indexed source location: Pages 40–43. The source button opens at the first indexed page.
EPH-0577,KNOWN,45,45,Open source at page 45,Opens the source issue at indexed page 45,Indexed source location: Page 45. The source button opens directly at that page.
EPH-0578,KNOWN,46,46,Open source at page 46,Opens the source issue at indexed page 46,Indexed source location: Page 46. The source button opens directly at that page.
EPH-0579,KNOWN,46,46,Open source at page 46,Opens the source issue at indexed page 46,Indexed source location: Page 46. The source button opens directly at that page.
EPH-0580,KNOWN,47,47,Open source at page 47,Opens the source issue at indexed page 47,Indexed source location: Page 47. The source button opens directly at that page.
EPH-0581,KNOWN,49,55,Open source at pages 49–55,"Opens at page 49, the first indexed page; record location: pages 49–55",Indexed source location: Pages 49–55. The source button opens at the first indexed page.
EPH-0582,KNOWN,51,51,Open source at page 51,Opens the source issue at indexed page 51,Indexed source location: Page 51. The source button opens directly at that page.
EPH-0583,KNOWN,54,54,Open source at page 54,Opens the source issue at indexed page 54,Indexed source location: Page 54. The source button opens directly at that page.
EPH-0584,KNOWN,56,56,Open source at page 56,Opens the source issue at indexed page 56,Indexed source location: Page 56. The source button opens directly at that page.
EPH-0585,KNOWN,58,58,Open source at page 58,Opens the source issue at indexed page 58,Indexed source location: Page 58. The source button opens directly at that page.
EPH-0586,KNOWN,59,59,Open source at page 59,Opens the source issue at indexed page 59,Indexed source location: Page 59. The source button opens directly at that page.
EPH-0587,KNOWN,64,68,Open source at pages 64–68,"Opens at page 64, the first indexed page; record location: pages 64–68",Indexed source location: Pages 64–68. The source button opens at the first indexed page.
EPH-0588,KNOWN,66,66,Open source at page 66,Opens the source issue at indexed page 66,Indexed source location: Page 66. The source button opens directly at that page.
EPH-0589,KNOWN,67,67,Open source at page 67,Opens the source issue at indexed page 67,Indexed source location: Page 67. The source button opens directly at that page.
EPH-0590,KNOWN,68,68,Open source at page 68,Opens the source issue at indexed page 68,Indexed source location: Page 68. The source button opens directly at that page.
EPH-0591,KNOWN,96,96,Open source at page 96,Opens the source issue at indexed page 96,Indexed source location: Page 96. The source button opens directly at that page.
EPH-0592,KNOWN,77,77,Open source at page 77,Opens the source issue at indexed page 77,Indexed source location: Page 77. The source button opens directly at that page.
EPH-0593,KNOWN,79,79,Open source at page 79,Opens the source issue at indexed page 79,Indexed source location: Page 79. The source button opens directly at that page.
EPH-0594,KNOWN,80,80,Open source at page 80,Opens the source issue at indexed page 80,Indexed source location: Page 80. The source button opens directly at that page.
EPH-0595,KNOWN,81,81,Open source at page 81,Opens the source issue at indexed page 81,Indexed source location: Page 81. The source button opens directly at that page.
EPH-0596,KNOWN,82,82,Open source at page 82,Opens the source issue at indexed page 82,Indexed source location: Page 82. The source button opens directly at that page.
EPH-0597,KNOWN,82,82,Open source at page 82,Opens the source issue at indexed page 82,Indexed source location: Page 82. The source button opens directly at that page.
EPH-0598,KNOWN,83,83,Open source at page 83,Opens the source issue at indexed page 83,Indexed source location: Page 83. The source button opens directly at that page.
EPH-0599,KNOWN,86,86,Open source at page 86,Opens the source issue at indexed page 86,Indexed source location: Page 86. The source button opens directly at that page.
EPH-0600,KNOWN,88,92,Open source at pages 88–92,"Opens at page 88, the first indexed page; record location: pages 88–92",Indexed source location: Pages 88–92. The source button opens at the first indexed page.
EPH-0601,KNOWN,24,30,Open source at pages 24–30,"Opens at page 24, the first indexed page; record location: pages 24–30",Indexed source location: Pages 24–30. The source button opens at the first indexed page.
EPH-0602,UNRESOLVED,,,Open issue — exact page unresolved,Opens the complete source issue because the exact page remains unresolved,Indexed source location: Exact page unresolved. The source button opens the complete issue.
EPH-0603,KNOWN,73,74,Open source at pages 73–74,"Opens at page 73, the first indexed page; record location: pages 73–74",Indexed source location: Pages 73–74. The source button opens at the first indexed page.
EPH-0604,KNOWN,77,78,Open source at pages 77–78,"Opens at page 77, the first indexed page; record location: pages 77–78",Indexed source location: Pages 77–78. The source button opens at the first indexed page.
EPH-0605,KNOWN,2,2,Open source at page 2,Opens the source issue at indexed page 2,Indexed source location: Page 2. The source button opens directly at that page.
EPH-0606,KNOWN,4,6,Open source at pages 4–6,"Opens at page 4, the first indexed page; record location: pages 4–6",Indexed source location: Pages 4–6. The source button opens at the first indexed page.
EPH-0607,KNOWN,4,5,Open source at pages 4–5,"Opens at page 4, the first indexed page; record location: pages 4–5",Indexed source location: Pages 4–5. The source button opens at the first indexed page.
EPH-0608,KNOWN,4,4,Open source at page 4,Opens the source issue at indexed page 4,Indexed source location: Page 4. The source button opens directly at that page.
EPH-0609,UNRESOLVED,,,Open issue — exact page unresolved,Opens the complete source issue because the exact page remains unresolved,Indexed source location: Exact page unresolved. The source button opens the complete issue.
EPH-0610,UNRESOLVED,,,Open issue — exact page unresolved,Opens the complete source issue because the exact page remains unresolved,Indexed source location: Exact page unresolved. The source button opens the complete issue.
EPH-0611,UNRESOLVED,,,Open issue — exact page unresolved,Opens the complete source issue because the exact page remains unresolved,Indexed source location: Exact page unresolved. The source button opens the complete issue.
EPH-0612,KNOWN,7,7,Open source at page 7,Opens the source issue at indexed page 7,Indexed source location: Page 7. The source button opens directly at that page.
EPH-0613,KNOWN,8,8,Open source at page 8,Opens the source issue at indexed page 8,Indexed source location: Page 8. The source button opens directly at that page.
EPH-0614,KNOWN,9,9,Open source at page 9,Opens the source issue at indexed page 9,Indexed source location: Page 9. The source button opens directly at that page.
EPH-0615,KNOWN,10,10,Open source at page 10,Opens the source issue at indexed page 10,Indexed source location: Page 10. The source button opens directly at that page.
EPH-0616,KNOWN,11,12,Open source at pages 11–12,"Opens at page 11, the first indexed page; record location: pages 11–12",Indexed source location: Pages 11–12. The source button opens at the first indexed page.
EPH-0617,KNOWN,11,11,Open source at page 11,Opens the source issue at indexed page 11,Indexed source location: Page 11. The source button opens directly at that page.
EPH-0618,KNOWN,12,12,Open source at page 12,Opens the source issue at indexed page 12,Indexed source location: Page 12. The source button opens directly at that page.
EPH-0619,KNOWN,14,14,Open source at page 14,Opens the source issue at indexed page 14,Indexed source location: Page 14. The source button opens directly at that page.
EPH-0620,KNOWN,15,15,Open source at page 15,Opens the source issue at indexed page 15,Indexed source location: Page 15. The source button opens directly at that page.
EPH-0621,KNOWN,16,22,Open source at pages 16–22,"Opens at page 16, the first indexed page; record location: pages 16–22",Indexed source location: Pages 16–22. The source button opens at the first indexed page.
EPH-0622,UNRESOLVED,,,Open issue — exact page unresolved,Opens the complete source issue because the exact page remains unresolved,Indexed source location: Exact page unresolved. The source button opens the complete issue.
EPH-0623,KNOWN,23,23,Open source at page 23,Opens the source issue at indexed page 23,Indexed source location: Page 23. The source button opens directly at that page.
EPH-0624,KNOWN,26,26,Open source at page 26,Opens the source issue at indexed page 26,Indexed source location: Page 26. The source button opens directly at that page.
EPH-0625,KNOWN,27,29,Open source at pages 27–29,"Opens at page 27, the first indexed page; record location: pages 27–29",Indexed source location: Pages 27–29. The source button opens at the first indexed page.
EPH-0626,UNRESOLVED,,,Open issue — exact page unresolved,Opens the complete source issue because the exact page remains unresolved,Indexed source location: Exact page unresolved. The source button opens the complete issue.
EPH-0627,KNOWN,29,29,Open source at page 29,Opens the source issue at indexed page 29,Indexed source location: Page 29. The source button opens directly at that page.
EPH-0628,KNOWN,30,30,Open source at page 30,Opens the source issue at indexed page 30,Indexed source location: Page 30. The source button opens directly at that page.
EPH-0629,KNOWN,31,31,Open source at page 31,Opens the source issue at indexed page 31,Indexed source location: Page 31. The source button opens directly at that page.
EPH-0630,KNOWN,32,37,Open source at pages 32–37,"Opens at page 32, the first indexed page; record location: pages 32–37",Indexed source location: Pages 32–37. The source button opens at the first indexed page.
EPH-0631,KNOWN,37,41,Open source at pages 37–41,"Opens at page 37, the first indexed page; record location: pages 37–41",Indexed source location: Pages 37–41. The source button opens at the first indexed page.
EPH-0632,UNRESOLVED,,,Open issue — exact page unresolved,Opens the complete source issue because the exact page remains unresolved,Indexed source location: Exact page unresolved. The source button opens the complete issue.
EPH-0633,KNOWN,41,41,Open source at page 41,Opens the source issue at indexed page 41,Indexed source location: Page 41. The source button opens directly at that page.
EPH-0634,UNRESOLVED,,,Open issue — exact page unresolved,Opens the complete source issue because the exact page remains unresolved,Indexed source location: Exact page unresolved. The source button opens the complete issue.
EPH-0635,KNOWN,42,46,Open source at pages 42–46,"Opens at page 42, the first indexed page; record location: pages 42–46",Indexed source location: Pages 42–46. The source button opens at the first indexed page.
EPH-0636,KNOWN,43,43,Open source at page 43,Opens the source issue at indexed page 43,Indexed source location: Page 43. The source button opens directly at that page.
EPH-0637,KNOWN,43,43,Open source at page 43,Opens the source issue at indexed page 43,Indexed source location: Page 43. The source button opens directly at that page.
EPH-0638,KNOWN,43,43,Open source at page 43,Opens the source issue at indexed page 43,Indexed source location: Page 43. The source button opens directly at that page.
EPH-0639,UNRESOLVED,,,Open issue — exact page unresolved,Opens the complete source issue because the exact page remains unresolved,Indexed source location: Exact page unresolved. The source button opens the complete issue.
EPH-0640,UNRESOLVED,,,Open issue — exact page unresolved,Opens the complete source issue because the exact page remains unresolved,Indexed source location: Exact page unresolved. The source button opens the complete issue.
EPH-0641,KNOWN,48,50,Open source at pages 48–50,"Opens at page 48, the first indexed page; record location: pages 48–50",Indexed source location: Pages 48–50. The source button opens at the first indexed page.
EPH-0642,KNOWN,49,50,Open source at pages 49–50,"Opens at page 49, the first indexed page; record location: pages 49–50",Indexed source location: Pages 49–50. The source button opens at the first indexed page.
EPH-0643,KNOWN,50,50,Open source at page 50,Opens the source issue at indexed page 50,Indexed source location: Page 50. The source button opens directly at that page.
EPH-0644,KNOWN,53,53,Open source at page 53,Opens the source issue at indexed page 53,Indexed source location: Page 53. The source button opens directly at that page.
EPH-0645,KNOWN,53,53,Open source at page 53,Opens the source issue at indexed page 53,Indexed source location: Page 53. The source button opens directly at that page.
EPH-0646,KNOWN,54,54,Open source at page 54,Opens the source issue at indexed page 54,Indexed source location: Page 54. The source button opens directly at that page.
EPH-0647,KNOWN,55,59,Open source at pages 55–59,"Opens at page 55, the first indexed page; record location: pages 55–59",Indexed source location: Pages 55–59. The source button opens at the first indexed page.
EPH-0648,UNRESOLVED,,,Open issue — exact page unresolved,Opens the complete source issue because the exact page remains unresolved,Indexed source location: Exact page unresolved. The source button opens the complete issue.
EPH-0649,KNOWN,59,60,Open source at pages 59–60,"Opens at page 59, the first indexed page; record location: pages 59–60",Indexed source location: Pages 59–60. The source button opens at the first indexed page.
EPH-0650,KNOWN,60,61,Open source at pages 60–61,"Opens at page 60, the first indexed page; record location: pages 60–61",Indexed source location: Pages 60–61. The source button opens at the first indexed page.
EPH-0651,KNOWN,62,62,Open source at page 62,Opens the source issue at indexed page 62,Indexed source location: Page 62. The source button opens directly at that page.
EPH-0652,KNOWN,63,63,Open source at page 63,Opens the source issue at indexed page 63,Indexed source location: Page 63. The source button opens directly at that page.
EPH-0653,KNOWN,64,67,Open source at pages 64–67,"Opens at page 64, the first indexed page; record location: pages 64–67",Indexed source location: Pages 64–67. The source button opens at the first indexed page.
EPH-0654,UNRESOLVED,,,Open issue — exact page unresolved,Opens the complete source issue because the exact page remains unresolved,Indexed source location: Exact page unresolved. The source button opens the complete issue.
EPH-0655,UNRESOLVED,,,Open issue — exact page unresolved,Opens the complete source issue because the exact page remains unresolved,Indexed source location: Exact page unresolved. The source button opens the complete issue.
EPH-0656,UNRESOLVED,,,Open issue — exact page unresolved,Opens the complete source issue because the exact page remains unresolved,Indexed source location: Exact page unresolved. The source button opens the complete issue.
EPH-0657,KNOWN,68,68,Open source at page 68,Opens the source issue at indexed page 68,Indexed source location: Page 68. The source button opens directly at that page.
EPH-0658,KNOWN,69,70,Open source at pages 69–70,"Opens at page 69, the first indexed page; record location: pages 69–70",Indexed source location: Pages 69–70. The source button opens at the first indexed page.
EPH-0659,KNOWN,70,70,Open source at page 70,Opens the source issue at indexed page 70,Indexed source location: Page 70. The source button opens directly at that page.
EPH-0660,KNOWN,71,71,Open source at page 71,Opens the source issue at indexed page 71,Indexed source location: Page 71. The source button opens directly at that page.
EPH-0661,KNOWN,72,75,Open source at pages 72–75,"Opens at page 72, the first indexed page; record location: pages 72–75",Indexed source location: Pages 72–75. The source button opens at the first indexed page.
EPH-0662,KNOWN,74,74,Open source at page 74,Opens the source issue at indexed page 74,Indexed source location: Page 74. The source button opens directly at that page.
EPH-0663,KNOWN,76,77,Open source at pages 76–77,"Opens at page 76, the first indexed page; record location: pages 76–77",Indexed source location: Pages 76–77. The source button opens at the first indexed page.
EPH-0664,KNOWN,76,76,Open source at page 76,Opens the source issue at indexed page 76,Indexed source location: Page 76. The source button opens directly at that page.
EPH-0665,KNOWN,78,78,Open source at page 78,Opens the source issue at indexed page 78,Indexed source location: Page 78. The source button opens directly at that page.
EPH-0666,KNOWN,78,78,Open source at page 78,Opens the source issue at indexed page 78,Indexed source location: Page 78. The source button opens directly at that page.
EPH-0667,KNOWN,79,80,Open source at pages 79–80,"Opens at page 79, the first indexed page; record location: pages 79–80",Indexed source location: Pages 79–80. The source button opens at the first indexed page.
EPH-0668,UNRESOLVED,,,Open issue — exact page unresolved,Opens the complete source issue because the exact page remains unresolved,Indexed source location: Exact page unresolved. The source button opens the complete issue.
EPH-0669,KNOWN,50,50,Open source at page 50,Opens the source issue at indexed page 50,Indexed source location: Page 50. The source button opens directly at that page.
EPH-0670,UNRESOLVED,,,Open issue — exact page unresolved,Opens the complete source issue because the exact page remains unresolved,Indexed source location: Exact page unresolved. The source button opens the complete issue.
EPH-0671,KNOWN,13,14,Open source at pages 13–14,"Opens at page 13, the first indexed page; record location: pages 13–14",Indexed source location: Pages 13–14. The source button opens at the first indexed page.
EPH-0672,UNRESOLVED,,,Open issue — exact page unresolved,Opens the complete source issue because the exact page remains unresolved,Indexed source location: Exact page unresolved. The source button opens the complete issue.
EPH-0673,KNOWN,1,3,Open source at pages 1–3,"Opens at page 1, the first indexed page; record location: pages 1–3",Indexed source location: Pages 1–3. The source button opens at the first indexed page.
EPH-0674,KNOWN,2,2,Open source at page 2,Opens the source issue at indexed page 2,Indexed source location: Page 2. The source button opens directly at that page.
EPH-0675,KNOWN,4,4,Open source at page 4,Opens the source issue at indexed page 4,Indexed source location: Page 4. The source button opens directly at that page.
EPH-0676,KNOWN,4,5,Open source at pages 4–5,"Opens at page 4, the first indexed page; record location: pages 4–5",Indexed source location: Pages 4–5. The source button opens at the first indexed page.
EPH-0677,UNRESOLVED,,,Open issue — exact page unresolved,Opens the complete source issue because the exact page remains unresolved,Indexed source location: Exact page unresolved. The source button opens the complete issue.
EPH-0678,UNRESOLVED,,,Open issue — exact page unresolved,Opens the complete source issue because the exact page remains unresolved,Indexed source location: Exact page unresolved. The source button opens the complete issue.
EPH-0679,UNRESOLVED,,,Open issue — exact page unresolved,Opens the complete source issue because the exact page remains unresolved,Indexed source location: Exact page unresolved. The source button opens the complete issue.
EPH-0680,UNRESOLVED,,,Open issue — exact page unresolved,Opens the complete source issue because the exact page remains unresolved,Indexed source location: Exact page unresolved. The source button opens the complete issue.
EPH-0681,UNRESOLVED,,,Open issue — exact page unresolved,Opens the complete source issue because the exact page remains unresolved,Indexed source location: Exact page unresolved. The source button opens the complete issue.
EPH-0682,UNRESOLVED,,,Open issue — exact page unresolved,Opens the complete source issue because the exact page remains unresolved,Indexed source location: Exact page unresolved. The source button opens the complete issue.
EPH-0683,UNRESOLVED,,,Open issue — exact page unresolved,Opens the complete source issue because the exact page remains unresolved,Indexed source location: Exact page unresolved. The source button opens the complete issue.
EPH-0684,UNRESOLVED,,,Open issue — exact page unresolved,Opens the complete source issue because the exact page remains unresolved,Indexed source location: Exact page unresolved. The source button opens the complete issue.
EPH-0685,KNOWN,5,5,Open source at page 5,Opens the source issue at indexed page 5,Indexed source location: Page 5. The source button opens directly at that page.
EPH-0686,KNOWN,6,6,Open source at page 6,Opens the source issue at indexed page 6,Indexed source location: Page 6. The source button opens directly at that page.
EPH-0687,KNOWN,6,6,Open source at page 6,Opens the source issue at indexed page 6,Indexed source location: Page 6. The source button opens directly at that page.
EPH-0688,KNOWN,6,6,Open source at page 6,Opens the source issue at indexed page 6,Indexed source location: Page 6. The source button opens directly at that page.
EPH-0689,KNOWN,6,6,Open source at page 6,Opens the source issue at indexed page 6,Indexed source location: Page 6. The source button opens directly at that page.
EPH-0690,KNOWN,7,7,Open source at page 7,Opens the source issue at indexed page 7,Indexed source location: Page 7. The source button opens directly at that page.
EPH-0691,KNOWN,8,8,Open source at page 8,Opens the source issue at indexed page 8,Indexed source location: Page 8. The source button opens directly at that page.
EPH-0692,KNOWN,9,9,Open source at page 9,Opens the source issue at indexed page 9,Indexed source location: Page 9. The source button opens directly at that page.
EPH-0693,KNOWN,10,10,Open source at page 10,Opens the source issue at indexed page 10,Indexed source location: Page 10. The source button opens directly at that page.
EPH-0694,KNOWN,10,10,Open source at page 10,Opens the source issue at indexed page 10,Indexed source location: Page 10. The source button opens directly at that page.
EPH-0695,KNOWN,10,10,Open source at page 10,Opens the source issue at indexed page 10,Indexed source location: Page 10. The source button opens directly at that page.
EPH-0696,KNOWN,10,10,Open source at page 10,Opens the source issue at indexed page 10,Indexed source location: Page 10. The source button opens directly at that page.
EPH-0697,KNOWN,11,11,Open source at page 11,Opens the source issue at indexed page 11,Indexed source location: Page 11. The source button opens directly at that page.
EPH-0698,KNOWN,12,12,Open source at page 12,Opens the source issue at indexed page 12,Indexed source location: Page 12. The source button opens directly at that page.
EPH-0699,KNOWN,12,12,Open source at page 12,Opens the source issue at indexed page 12,Indexed source location: Page 12. The source button opens directly at that page.
EPH-0700,KNOWN,12,12,Open source at page 12,Opens the source issue at indexed page 12,Indexed source location: Page 12. The source button opens directly at that page.
EPH-0701,KNOWN,13,13,Open source at page 13,Opens the source issue at indexed page 13,Indexed source location: Page 13. The source button opens directly at that page.
EPH-0702,KNOWN,13,13,Open source at page 13,Opens the source issue at indexed page 13,Indexed source location: Page 13. The source button opens directly at that page.
EPH-0703,KNOWN,13,13,Open source at page 13,Opens the source issue at indexed page 13,Indexed source location: Page 13. The source button opens directly at that page.
EPH-0704,KNOWN,14,14,Open source at page 14,Opens the source issue at indexed page 14,Indexed source location: Page 14. The source button opens directly at that page.
EPH-0705,KNOWN,14,14,Open source at page 14,Opens the source issue at indexed page 14,Indexed source location: Page 14. The source button opens directly at that page.
EPH-0706,KNOWN,14,14,Open source at page 14,Opens the source issue at indexed page 14,Indexed source location: Page 14. The source button opens directly at that page.
EPH-0707,KNOWN,15,38,Open source at pages 15–38,"Opens at page 15, the first indexed page; record location: pages 15–38",Indexed source location: Pages 15–38. The source button opens at the first indexed page.
EPH-0708,KNOWN,16,17,Open source at pages 16–17,"Opens at page 16, the first indexed page; record location: pages 16–17",Indexed source location: Pages 16–17. The source button opens at the first indexed page.
EPH-0709,KNOWN,18,19,Open source at pages 18–19,"Opens at page 18, the first indexed page; record location: pages 18–19",Indexed source location: Pages 18–19. The source button opens at the first indexed page.
EPH-0710,KNOWN,19,19,Open source at page 19,Opens the source issue at indexed page 19,Indexed source location: Page 19. The source button opens directly at that page.
EPH-0711,KNOWN,20,20,Open source at page 20,Opens the source issue at indexed page 20,Indexed source location: Page 20. The source button opens directly at that page.
EPH-0712,KNOWN,20,20,Open source at page 20,Opens the source issue at indexed page 20,Indexed source location: Page 20. The source button opens directly at that page.
EPH-0713,KNOWN,32,35,Open source at pages 32–35,"Opens at page 32, the first indexed page; record location: pages 32–35",Indexed source location: Pages 32–35. The source button opens at the first indexed page.
EPH-0714,KNOWN,36,37,Open source at pages 36–37,"Opens at page 36, the first indexed page; record location: pages 36–37",Indexed source location: Pages 36–37. The source button opens at the first indexed page.
EPH-0715,KNOWN,36,36,Open source at page 36,Opens the source issue at indexed page 36,Indexed source location: Page 36. The source button opens directly at that page.
EPH-0716,KNOWN,24,24,Open source at page 24,Opens the source issue at indexed page 24,Indexed source location: Page 24. The source button opens directly at that page.
EPH-0717,KNOWN,24,24,Open source at page 24,Opens the source issue at indexed page 24,Indexed source location: Page 24. The source button opens directly at that page.
EPH-0718,KNOWN,25,25,Open source at page 25,Opens the source issue at indexed page 25,Indexed source location: Page 25. The source button opens directly at that page.
EPH-0719,KNOWN,27,27,Open source at page 27,Opens the source issue at indexed page 27,Indexed source location: Page 27. The source button opens directly at that page.
EPH-0720,KNOWN,28,28,Open source at page 28,Opens the source issue at indexed page 28,Indexed source location: Page 28. The source button opens directly at that page.
EPH-0721,KNOWN,28,28,Open source at page 28,Opens the source issue at indexed page 28,Indexed source location: Page 28. The source button opens directly at that page.
EPH-0722,KNOWN,38,38,Open source at page 38,Opens the source issue at indexed page 38,Indexed source location: Page 38. The source button opens directly at that page.
EPH-0723,KNOWN,38,38,Open source at page 38,Opens the source issue at indexed page 38,Indexed source location: Page 38. The source button opens directly at that page.
EPH-0724,KNOWN,38,38,Open source at page 38,Opens the source issue at indexed page 38,Indexed source location: Page 38. The source button opens directly at that page.
EPH-0725,KNOWN,39,39,Open source at page 39,Opens the source issue at indexed page 39,Indexed source location: Page 39. The source button opens directly at that page.
EPH-0726,KNOWN,40,40,Open source at page 40,Opens the source issue at indexed page 40,Indexed source location: Page 40. The source button opens directly at that page.
EPH-0727,KNOWN,40,40,Open source at page 40,Opens the source issue at indexed page 40,Indexed source location: Page 40. The source button opens directly at that page.
EPH-0728,KNOWN,41,41,Open source at page 41,Opens the source issue at indexed page 41,Indexed source location: Page 41. The source button opens directly at that page.
EPH-0729,KNOWN,42,42,Open source at page 42,Opens the source issue at indexed page 42,Indexed source location: Page 42. The source button opens directly at that page.
EPH-0730,KNOWN,42,42,Open source at page 42,Opens the source issue at indexed page 42,Indexed source location: Page 42. The source button opens directly at that page.
EPH-0731,KNOWN,42,42,Open source at page 42,Opens the source issue at indexed page 42,Indexed source location: Page 42. The source button opens directly at that page.
EPH-0732,KNOWN,43,43,Open source at page 43,Opens the source issue at indexed page 43,Indexed source location: Page 43. The source button opens directly at that page.
EPH-0733,KNOWN,43,43,Open source at page 43,Opens the source issue at indexed page 43,Indexed source location: Page 43. The source button opens directly at that page.
EPH-0734,KNOWN,43,43,Open source at page 43,Opens the source issue at indexed page 43,Indexed source location: Page 43. The source button opens directly at that page.
EPH-0735,KNOWN,44,47,Open source at pages 44–47,"Opens at page 44, the first indexed page; record location: pages 44–47",Indexed source location: Pages 44–47. The source button opens at the first indexed page.
EPH-0736,KNOWN,48,49,Open source at pages 48–49,"Opens at page 48, the first indexed page; record location: pages 48–49",Indexed source location: Pages 48–49. The source button opens at the first indexed page.
EPH-0737,KNOWN,50,50,Open source at page 50,Opens the source issue at indexed page 50,Indexed source location: Page 50. The source button opens directly at that page.
EPH-0738,KNOWN,50,50,Open source at page 50,Opens the source issue at indexed page 50,Indexed source location: Page 50. The source button opens directly at that page.
EPH-0739,KNOWN,50,50,Open source at page 50,Opens the source issue at indexed page 50,Indexed source location: Page 50. The source button opens directly at that page.
EPH-0740,KNOWN,50,50,Open source at page 50,Opens the source issue at indexed page 50,Indexed source location: Page 50. The source button opens directly at that page.
EPH-0741,KNOWN,51,51,Open source at page 51,Opens the source issue at indexed page 51,Indexed source location: Page 51. The source button opens directly at that page.
EPH-0742,KNOWN,51,51,Open source at page 51,Opens the source issue at indexed page 51,Indexed source location: Page 51. The source button opens directly at that page.
EPH-0743,KNOWN,52,54,Open source at pages 52–54,"Opens at page 52, the first indexed page; record location: pages 52–54",Indexed source location: Pages 52–54. The source button opens at the first indexed page.
EPH-0744,KNOWN,55,55,Open source at page 55,Opens the source issue at indexed page 55,Indexed source location: Page 55. The source button opens directly at that page.
EPH-0745,KNOWN,55,55,Open source at page 55,Opens the source issue at indexed page 55,Indexed source location: Page 55. The source button opens directly at that page.
EPH-0746,KNOWN,56,56,Open source at page 56,Opens the source issue at indexed page 56,Indexed source location: Page 56. The source button opens directly at that page.
EPH-0747,KNOWN,56,56,Open source at page 56,Opens the source issue at indexed page 56,Indexed source location: Page 56. The source button opens directly at that page.
EPH-0748,KNOWN,57,57,Open source at page 57,Opens the source issue at indexed page 57,Indexed source location: Page 57. The source button opens directly at that page.
EPH-0749,KNOWN,57,57,Open source at page 57,Opens the source issue at indexed page 57,Indexed source location: Page 57. The source button opens directly at that page.
EPH-0750,KNOWN,58,58,Open source at page 58,Opens the source issue at indexed page 58,Indexed source location: Page 58. The source button opens directly at that page.
EPH-0751,KNOWN,59,59,Open source at page 59,Opens the source issue at indexed page 59,Indexed source location: Page 59. The source button opens directly at that page.
EPH-0752,KNOWN,59,59,Open source at page 59,Opens the source issue at indexed page 59,Indexed source location: Page 59. The source button opens directly at that page.
EPH-0753,KNOWN,59,59,Open source at page 59,Opens the source issue at indexed page 59,Indexed source location: Page 59. The source button opens directly at that page.
EPH-0754,KNOWN,59,60,Open source at pages 59–60,"Opens at page 59, the first indexed page; record location: pages 59–60",Indexed source location: Pages 59–60. The source button opens at the first indexed page.
EPH-0755,KNOWN,59,59,Open source at page 59,Opens the source issue at indexed page 59,Indexed source location: Page 59. The source button opens directly at that page.
EPH-0756,KNOWN,62,62,Open source at page 62,Opens the source issue at indexed page 62,Indexed source location: Page 62. The source button opens directly at that page.
EPH-0757,KNOWN,63,63,Open source at page 63,Opens the source issue at indexed page 63,Indexed source location: Page 63. The source button opens directly at that page.
EPH-0758,KNOWN,64,64,Open source at page 64,Opens the source issue at indexed page 64,Indexed source location: Page 64. The source button opens directly at that page.
EPH-0759,UNRESOLVED,,,Open issue — exact page unresolved,Opens the complete source issue because the exact page remains unresolved,Indexed source location: Exact page unresolved. The source button opens the complete issue.
EPH-0760,KNOWN,22,23,Open source at pages 22–23,"Opens at page 22, the first indexed page; record location: pages 22–23",Indexed source location: Pages 22–23. The source button opens at the first indexed page.
EPH-0761,KNOWN,3,3,Open source at pages 3 and 5,"Opens at page 3, the first indexed page; record location: pages 3 and 5",Indexed source location: Pages 3 and 5. The source button opens at the first indexed page.
EPH-0762,KNOWN,2,2,Open source at page 2,Opens the source issue at indexed page 2,Indexed source location: Page 2. The source button opens directly at that page.
EPH-0763,KNOWN,4,4,Open source at page 4,Opens the source issue at indexed page 4,Indexed source location: Page 4. The source button opens directly at that page.
EPH-0764,KNOWN,4,4,Open source at page 4,Opens the source issue at indexed page 4,Indexed source location: Page 4. The source button opens directly at that page.
EPH-0765,KNOWN,4,4,Open source at page 4,Opens the source issue at indexed page 4,Indexed source location: Page 4. The source button opens directly at that page.
EPH-0766,KNOWN,6,6,Open source at page 6,Opens the source issue at indexed page 6,Indexed source location: Page 6. The source button opens directly at that page.
EPH-0767,KNOWN,6,6,Open source at page 6,Opens the source issue at indexed page 6,Indexed source location: Page 6. The source button opens directly at that page.
EPH-0768,KNOWN,6,6,Open source at page 6,Opens the source issue at indexed page 6,Indexed source location: Page 6. The source button opens directly at that page.
EPH-0769,KNOWN,6,6,Open source at page 6,Opens the source issue at indexed page 6,Indexed source location: Page 6. The source button opens directly at that page.
EPH-0770,KNOWN,6,6,Open source at page 6,Opens the source issue at indexed page 6,Indexed source location: Page 6. The source button opens directly at that page.
EPH-0771,KNOWN,6,6,Open source at page 6,Opens the source issue at indexed page 6,Indexed source location: Page 6. The source button opens directly at that page.
EPH-0772,KNOWN,6,6,Open source at page 6,Opens the source issue at indexed page 6,Indexed source location: Page 6. The source button opens directly at that page.
EPH-0773,KNOWN,6,6,Open source at page 6,Opens the source issue at indexed page 6,Indexed source location: Page 6. The source button opens directly at that page.
EPH-0774,KNOWN,6,6,Open source at page 6,Opens the source issue at indexed page 6,Indexed source location: Page 6. The source button opens directly at that page.
EPH-0775,KNOWN,6,6,Open source at page 6,Opens the source issue at indexed page 6,Indexed source location: Page 6. The source button opens directly at that page.
EPH-0776,KNOWN,6,6,Open source at page 6,Opens the source issue at indexed page 6,Indexed source location: Page 6. The source button opens directly at that page.
EPH-0777,KNOWN,6,6,Open source at page 6,Opens the source issue at indexed page 6,Indexed source location: Page 6. The source button opens directly at that page.
EPH-0778,KNOWN,7,7,Open source at page 7,Opens the source issue at indexed page 7,Indexed source location: Page 7. The source button opens directly at that page.
EPH-0779,KNOWN,8,12,Open source at pages 8–12,"Opens at page 8, the first indexed page; record location: pages 8–12",Indexed source location: Pages 8–12. The source button opens at the first indexed page.
EPH-0780,KNOWN,13,13,Open source at page 13,Opens the source issue at indexed page 13,Indexed source location: Page 13. The source button opens directly at that page.
EPH-0781,KNOWN,14,14,Open source at page 14,Opens the source issue at indexed page 14,Indexed source location: Page 14. The source button opens directly at that page.
EPH-0782,KNOWN,14,14,Open source at page 14,Opens the source issue at indexed page 14,Indexed source location: Page 14. The source button opens directly at that page.
EPH-0783,KNOWN,14,14,Open source at page 14,Opens the source issue at indexed page 14,Indexed source location: Page 14. The source button opens directly at that page.
EPH-0784,KNOWN,15,15,Open source at page 15,Opens the source issue at indexed page 15,Indexed source location: Page 15. The source button opens directly at that page.
EPH-0785,KNOWN,15,15,Open source at page 15,Opens the source issue at indexed page 15,Indexed source location: Page 15. The source button opens directly at that page.
EPH-0786,KNOWN,15,15,Open source at page 15,Opens the source issue at indexed page 15,Indexed source location: Page 15. The source button opens directly at that page.
EPH-0787,KNOWN,15,15,Open source at page 15,Opens the source issue at indexed page 15,Indexed source location: Page 15. The source button opens directly at that page.
EPH-0788,KNOWN,15,15,Open source at page 15,Opens the source issue at indexed page 15,Indexed source location: Page 15. The source button opens directly at that page.
EPH-0789,KNOWN,15,15,Open source at page 15,Opens the source issue at indexed page 15,Indexed source location: Page 15. The source button opens directly at that page.
EPH-0790,KNOWN,16,16,Open source at page 16,Opens the source issue at indexed page 16,Indexed source location: Page 16. The source button opens directly at that page.
EPH-0791,KNOWN,16,16,Open source at page 16,Opens the source issue at indexed page 16,Indexed source location: Page 16. The source button opens directly at that page.
EPH-0792,KNOWN,16,16,Open source at page 16,Opens the source issue at indexed page 16,Indexed source location: Page 16. The source button opens directly at that page.
EPH-0793,KNOWN,16,16,Open source at page 16,Opens the source issue at indexed page 16,Indexed source location: Page 16. The source button opens directly at that page.
EPH-0794,KNOWN,16,16,Open source at page 16,Opens the source issue at indexed page 16,Indexed source location: Page 16. The source button opens directly at that page.
EPH-0795,KNOWN,16,16,Open source at page 16,Opens the source issue at indexed page 16,Indexed source location: Page 16. The source button opens directly at that page.
EPH-0796,KNOWN,16,16,Open source at page 16,Opens the source issue at indexed page 16,Indexed source location: Page 16. The source button opens directly at that page.
EPH-0797,KNOWN,19,20,Open source at pages 19–20,"Opens at page 19, the first indexed page; record location: pages 19–20",Indexed source location: Pages 19–20. The source button opens at the first indexed page.
EPH-0798,KNOWN,19,20,Open source at pages 19–20,"Opens at page 19, the first indexed page; record location: pages 19–20",Indexed source location: Pages 19–20. The source button opens at the first indexed page.
EPH-0799,KNOWN,20,21,Open source at pages 20–21,"Opens at page 20, the first indexed page; record location: pages 20–21",Indexed source location: Pages 20–21. The source button opens at the first indexed page.
EPH-0800,KNOWN,22,23,Open source at pages 22–23,"Opens at page 22, the first indexed page; record location: pages 22–23",Indexed source location: Pages 22–23. The source button opens at the first indexed page.
EPH-0801,KNOWN,22,23,Open source at pages 22–23,"Opens at page 22, the first indexed page; record location: pages 22–23",Indexed source location: Pages 22–23. The source button opens at the first indexed page.
EPH-0802,KNOWN,22,23,Open source at pages 22–23,"Opens at page 22, the first indexed page; record location: pages 22–23",Indexed source location: Pages 22–23. The source button opens at the first indexed page.
EPH-0803,KNOWN,22,23,Open source at pages 22–23,"Opens at page 22, the first indexed page; record location: pages 22–23",Indexed source location: Pages 22–23. The source button opens at the first indexed page.
EPH-0804,KNOWN,22,23,Open source at pages 22–23,"Opens at page 22, the first indexed page; record location: pages 22–23",Indexed source location: Pages 22–23. The source button opens at the first indexed page.
EPH-0805,KNOWN,22,23,Open source at pages 22–23,"Opens at page 22, the first indexed page; record location: pages 22–23",Indexed source location: Pages 22–23. The source button opens at the first indexed page.
EPH-0806,KNOWN,23,23,Open source at page 23,Opens the source issue at indexed page 23,Indexed source location: Page 23. The source button opens directly at that page.
EPH-0807,KNOWN,24,30,Open source at pages 24–30,"Opens at page 24, the first indexed page; record location: pages 24–30",Indexed source location: Pages 24–30. The source button opens at the first indexed page.
EPH-0808,KNOWN,24,30,Open source at pages 24–30,"Opens at page 24, the first indexed page; record location: pages 24–30",Indexed source location: Pages 24–30. The source button opens at the first indexed page.
EPH-0809,KNOWN,27,27,Open source at page 27,Opens the source issue at indexed page 27,Indexed source location: Page 27. The source button opens directly at that page.
EPH-0810,KNOWN,27,27,Open source at page 27,Opens the source issue at indexed page 27,Indexed source location: Page 27. The source button opens directly at that page.
EPH-0811,KNOWN,28,31,Open source at pages 28–31,"Opens at page 28, the first indexed page; record location: pages 28–31",Indexed source location: Pages 28–31. The source button opens at the first indexed page.
EPH-0812,KNOWN,29,31,Open source at pages 29–31,"Opens at page 29, the first indexed page; record location: pages 29–31",Indexed source location: Pages 29–31. The source button opens at the first indexed page.
EPH-0813,KNOWN,29,29,Open source at page 29,Opens the source issue at indexed page 29,Indexed source location: Page 29. The source button opens directly at that page.
EPH-0814,KNOWN,29,29,Open source at page 29,Opens the source issue at indexed page 29,Indexed source location: Page 29. The source button opens directly at that page.
EPH-0815,KNOWN,30,31,Open source at pages 30–31,"Opens at page 30, the first indexed page; record location: pages 30–31",Indexed source location: Pages 30–31. The source button opens at the first indexed page.
EPH-0816,KNOWN,30,30,Open source at page 30,Opens the source issue at indexed page 30,Indexed source location: Page 30. The source button opens directly at that page.
EPH-0817,KNOWN,31,31,Open source at page 31,Opens the source issue at indexed page 31,Indexed source location: Page 31. The source button opens directly at that page.
EPH-0818,KNOWN,31,31,Open source at page 31,Opens the source issue at indexed page 31,Indexed source location: Page 31. The source button opens directly at that page.
EPH-0819,KNOWN,32,32,Open source at page 32,Opens the source issue at indexed page 32,Indexed source location: Page 32. The source button opens directly at that page.
EPH-0820,KNOWN,3,3,Open source at page 3,Opens the source issue at indexed page 3,Indexed source location: Page 3. The source button opens directly at that page.
EPH-0821,KNOWN,4,5,Open source at pages 4–5,"Opens at page 4, the first indexed page; record location: pages 4–5",Indexed source location: Pages 4–5. The source button opens at the first indexed page.
EPH-0822,KNOWN,4,4,Open source at page 4,Opens the source issue at indexed page 4,Indexed source location: Page 4. The source button opens directly at that page.
EPH-0823,KNOWN,4,5,Open source at pages 4–5,"Opens at page 4, the first indexed page; record location: pages 4–5",Indexed source location: Pages 4–5. The source button opens at the first indexed page.
EPH-0824,KNOWN,5,5,Open source at page 5,Opens the source issue at indexed page 5,Indexed source location: Page 5. The source button opens directly at that page.
EPH-0825,KNOWN,5,5,Open source at page 5,Opens the source issue at indexed page 5,Indexed source location: Page 5. The source button opens directly at that page.
EPH-0826,KNOWN,5,5,Open source at page 5,Opens the source issue at indexed page 5,Indexed source location: Page 5. The source button opens directly at that page.
EPH-0827,KNOWN,5,5,Open source at page 5,Opens the source issue at indexed page 5,Indexed source location: Page 5. The source button opens directly at that page.
EPH-0828,KNOWN,6,7,Open source at pages 6–7,"Opens at page 6, the first indexed page; record location: pages 6–7",Indexed source location: Pages 6–7. The source button opens at the first indexed page.
EPH-0829,KNOWN,6,6,Open source at page 6,Opens the source issue at indexed page 6,Indexed source location: Page 6. The source button opens directly at that page.
EPH-0830,KNOWN,6,6,Open source at page 6,Opens the source issue at indexed page 6,Indexed source location: Page 6. The source button opens directly at that page.
EPH-0831,KNOWN,6,6,Open source at page 6,Opens the source issue at indexed page 6,Indexed source location: Page 6. The source button opens directly at that page.
EPH-0832,KNOWN,6,7,Open source at pages 6–7,"Opens at page 6, the first indexed page; record location: pages 6–7",Indexed source location: Pages 6–7. The source button opens at the first indexed page.
EPH-0833,KNOWN,7,7,Open source at page 7,Opens the source issue at indexed page 7,Indexed source location: Page 7. The source button opens directly at that page.
EPH-0834,KNOWN,11,11,Open source at page 11,Opens the source issue at indexed page 11,Indexed source location: Page 11. The source button opens directly at that page.
EPH-0835,KNOWN,29,29,Open source at page 29,Opens the source issue at indexed page 29,Indexed source location: Page 29. The source button opens directly at that page.
EPH-0836,KNOWN,11,11,Open source at page 11,Opens the source issue at indexed page 11,Indexed source location: Page 11. The source button opens directly at that page.
EPH-0837,KNOWN,12,12,Open source at page 12,Opens the source issue at indexed page 12,Indexed source location: Page 12. The source button opens directly at that page.
EPH-0838,KNOWN,12,12,Open source at page 12,Opens the source issue at indexed page 12,Indexed source location: Page 12. The source button opens directly at that page.
EPH-0839,KNOWN,12,12,Open source at page 12,Opens the source issue at indexed page 12,Indexed source location: Page 12. The source button opens directly at that page.
EPH-0840,KNOWN,12,12,Open source at page 12,Opens the source issue at indexed page 12,Indexed source location: Page 12. The source button opens directly at that page.
EPH-0841,KNOWN,12,12,Open source at page 12,Opens the source issue at indexed page 12,Indexed source location: Page 12. The source button opens directly at that page.
EPH-0842,KNOWN,12,12,Open source at page 12,Opens the source issue at indexed page 12,Indexed source location: Page 12. The source button opens directly at that page.
EPH-0843,KNOWN,12,12,Open source at page 12,Opens the source issue at indexed page 12,Indexed source location: Page 12. The source button opens directly at that page.
EPH-0844,KNOWN,13,13,Open source at page 13,Opens the source issue at indexed page 13,Indexed source location: Page 13. The source button opens directly at that page.
EPH-0845,KNOWN,13,13,Open source at page 13,Opens the source issue at indexed page 13,Indexed source location: Page 13. The source button opens directly at that page.
EPH-0846,KNOWN,13,13,Open source at page 13,Opens the source issue at indexed page 13,Indexed source location: Page 13. The source button opens directly at that page.
EPH-0847,KNOWN,13,13,Open source at page 13,Opens the source issue at indexed page 13,Indexed source location: Page 13. The source button opens directly at that page.
EPH-0848,KNOWN,13,13,Open source at page 13,Opens the source issue at indexed page 13,Indexed source location: Page 13. The source button opens directly at that page.
EPH-0849,KNOWN,13,13,Open source at page 13,Opens the source issue at indexed page 13,Indexed source location: Page 13. The source button opens directly at that page.
EPH-0850,KNOWN,13,13,Open source at page 13,Opens the source issue at indexed page 13,Indexed source location: Page 13. The source button opens directly at that page.
EPH-0851,KNOWN,13,13,Open source at page 13,Opens the source issue at indexed page 13,Indexed source location: Page 13. The source button opens directly at that page.
EPH-0852,KNOWN,14,18,Open source at pages 14–18,"Opens at page 14, the first indexed page; record location: pages 14–18",Indexed source location: Pages 14–18. The source button opens at the first indexed page.
EPH-0853,KNOWN,14,14,Open source at page 14,Opens the source issue at indexed page 14,Indexed source location: Page 14. The source button opens directly at that page.
EPH-0854,KNOWN,14,16,Open source at pages 14–16,"Opens at page 14, the first indexed page; record location: pages 14–16",Indexed source location: Pages 14–16. The source button opens at the first indexed page.
EPH-0855,KNOWN,16,16,Open source at page 16,Opens the source issue at indexed page 16,Indexed source location: Page 16. The source button opens directly at that page.
EPH-0856,KNOWN,16,16,Open source at page 16,Opens the source issue at indexed page 16,Indexed source location: Page 16. The source button opens directly at that page.
EPH-0857,KNOWN,17,17,Open source at page 17,Opens the source issue at indexed page 17,Indexed source location: Page 17. The source button opens directly at that page.
EPH-0858,KNOWN,17,18,Open source at pages 17–18,"Opens at page 17, the first indexed page; record location: pages 17–18",Indexed source location: Pages 17–18. The source button opens at the first indexed page.
EPH-0859,KNOWN,17,17,Open source at page 17,Opens the source issue at indexed page 17,Indexed source location: Page 17. The source button opens directly at that page.
EPH-0860,KNOWN,18,18,Open source at page 18,Opens the source issue at indexed page 18,Indexed source location: Page 18. The source button opens directly at that page.
EPH-0861,KNOWN,19,21,Open source at pages 19–21,"Opens at page 19, the first indexed page; record location: pages 19–21",Indexed source location: Pages 19–21. The source button opens at the first indexed page.
EPH-0862,KNOWN,19,21,Open source at pages 19–21,"Opens at page 19, the first indexed page; record location: pages 19–21",Indexed source location: Pages 19–21. The source button opens at the first indexed page.
EPH-0863,KNOWN,19,21,Open source at pages 19–21,"Opens at page 19, the first indexed page; record location: pages 19–21",Indexed source location: Pages 19–21. The source button opens at the first indexed page.
EPH-0864,KNOWN,19,21,Open source at pages 19–21,"Opens at page 19, the first indexed page; record location: pages 19–21",Indexed source location: Pages 19–21. The source button opens at the first indexed page.
EPH-0865,KNOWN,22,24,Open source at pages 22–24,"Opens at page 22, the first indexed page; record location: pages 22–24",Indexed source location: Pages 22–24. The source button opens at the first indexed page.
EPH-0866,KNOWN,22,23,Open source at pages 22–23,"Opens at page 22, the first indexed page; record location: pages 22–23",Indexed source location: Pages 22–23. The source button opens at the first indexed page.
EPH-0867,KNOWN,23,23,Open source at page 23,Opens the source issue at indexed page 23,Indexed source location: Page 23. The source button opens directly at that page.
EPH-0868,KNOWN,23,24,Open source at pages 23–24,"Opens at page 23, the first indexed page; record location: pages 23–24",Indexed source location: Pages 23–24. The source button opens at the first indexed page.
EPH-0869,KNOWN,24,24,Open source at page 24,Opens the source issue at indexed page 24,Indexed source location: Page 24. The source button opens directly at that page.
EPH-0870,KNOWN,27,28,Open source at pages 27–28,"Opens at page 27, the first indexed page; record location: pages 27–28",Indexed source location: Pages 27–28. The source button opens at the first indexed page.
EPH-0871,KNOWN,28,28,Open source at page 28,Opens the source issue at indexed page 28,Indexed source location: Page 28. The source button opens directly at that page.
EPH-0872,KNOWN,28,28,Open source at page 28,Opens the source issue at indexed page 28,Indexed source location: Page 28. The source button opens directly at that page.
EPH-0873,KNOWN,28,28,Open source at page 28,Opens the source issue at indexed page 28,Indexed source location: Page 28. The source button opens directly at that page.
EPH-0874,KNOWN,29,29,Open source at page 29,Opens the source issue at indexed page 29,Indexed source location: Page 29. The source button opens directly at that page.
EPH-0875,KNOWN,29,29,Open source at page 29,Opens the source issue at indexed page 29,Indexed source location: Page 29. The source button opens directly at that page.
EPH-0876,KNOWN,30,30,Open source at page 30,Opens the source issue at indexed page 30,Indexed source location: Page 30. The source button opens directly at that page.
EPH-0877,KNOWN,32,32,Open source at page 32,Opens the source issue at indexed page 32,Indexed source location: Page 32. The source button opens directly at that page.
EPH-0878,KNOWN,2,3,Open source at pages 2–3,"Opens at page 2, the first indexed page; record location: pages 2–3",Indexed source location: Pages 2–3. The source button opens at the first indexed page.
EPH-0879,KNOWN,3,3,Open source at page 3,Opens the source issue at indexed page 3,Indexed source location: Page 3. The source button opens directly at that page.
EPH-0880,KNOWN,4,4,Open source at page 4,Opens the source issue at indexed page 4,Indexed source location: Page 4. The source button opens directly at that page.
EPH-0881,KNOWN,4,4,Open source at page 4,Opens the source issue at indexed page 4,Indexed source location: Page 4. The source button opens directly at that page.
EPH-0882,KNOWN,4,4,Open source at page 4,Opens the source issue at indexed page 4,Indexed source location: Page 4. The source button opens directly at that page.
EPH-0883,KNOWN,4,5,Open source at pages 4–5,"Opens at page 4, the first indexed page; record location: pages 4–5",Indexed source location: Pages 4–5. The source button opens at the first indexed page.
EPH-0884,KNOWN,4,4,Open source at page 4,Opens the source issue at indexed page 4,Indexed source location: Page 4. The source button opens directly at that page.
EPH-0885,KNOWN,5,5,Open source at page 5,Opens the source issue at indexed page 5,Indexed source location: Page 5. The source button opens directly at that page.
EPH-0886,KNOWN,5,5,Open source at page 5,Opens the source issue at indexed page 5,Indexed source location: Page 5. The source button opens directly at that page.
EPH-0887,KNOWN,5,5,Open source at page 5,Opens the source issue at indexed page 5,Indexed source location: Page 5. The source button opens directly at that page.
EPH-0888,KNOWN,5,5,Open source at page 5,Opens the source issue at indexed page 5,Indexed source location: Page 5. The source button opens directly at that page.
EPH-0889,KNOWN,6,6,Open source at page 6,Opens the source issue at indexed page 6,Indexed source location: Page 6. The source button opens directly at that page.
EPH-0890,KNOWN,7,7,Open source at page 7,Opens the source issue at indexed page 7,Indexed source location: Page 7. The source button opens directly at that page.
EPH-0891,KNOWN,7,7,Open source at page 7,Opens the source issue at indexed page 7,Indexed source location: Page 7. The source button opens directly at that page.
EPH-0892,KNOWN,7,7,Open source at page 7,Opens the source issue at indexed page 7,Indexed source location: Page 7. The source button opens directly at that page.
EPH-0893,KNOWN,7,7,Open source at page 7,Opens the source issue at indexed page 7,Indexed source location: Page 7. The source button opens directly at that page.
EPH-0894,KNOWN,7,7,Open source at page 7,Opens the source issue at indexed page 7,Indexed source location: Page 7. The source button opens directly at that page.
EPH-0895,KNOWN,7,7,Open source at page 7,Opens the source issue at indexed page 7,Indexed source location: Page 7. The source button opens directly at that page.
EPH-0896,KNOWN,7,7,Open source at page 7,Opens the source issue at indexed page 7,Indexed source location: Page 7. The source button opens directly at that page.
EPH-0897,KNOWN,7,7,Open source at page 7,Opens the source issue at indexed page 7,Indexed source location: Page 7. The source button opens directly at that page.
EPH-0898,KNOWN,9,10,Open source at pages 9–10,"Opens at page 9, the first indexed page; record location: pages 9–10",Indexed source location: Pages 9–10. The source button opens at the first indexed page.
EPH-0899,KNOWN,11,11,Open source at page 11,Opens the source issue at indexed page 11,Indexed source location: Page 11. The source button opens directly at that page.
EPH-0900,KNOWN,11,11,Open source at page 11,Opens the source issue at indexed page 11,Indexed source location: Page 11. The source button opens directly at that page.
EPH-0901,KNOWN,11,11,Open source at page 11,Opens the source issue at indexed page 11,Indexed source location: Page 11. The source button opens directly at that page.
EPH-0902,KNOWN,11,11,Open source at page 11,Opens the source issue at indexed page 11,Indexed source location: Page 11. The source button opens directly at that page.
EPH-0903,KNOWN,11,11,Open source at page 11,Opens the source issue at indexed page 11,Indexed source location: Page 11. The source button opens directly at that page.
EPH-0904,KNOWN,11,12,Open source at pages 11–12,"Opens at page 11, the first indexed page; record location: pages 11–12",Indexed source location: Pages 11–12. The source button opens at the first indexed page.
EPH-0905,KNOWN,11,11,Open source at page 11,Opens the source issue at indexed page 11,Indexed source location: Page 11. The source button opens directly at that page.
EPH-0906,KNOWN,11,12,Open source at pages 11–12,"Opens at page 11, the first indexed page; record location: pages 11–12",Indexed source location: Pages 11–12. The source button opens at the first indexed page.
EPH-0907,KNOWN,11,11,Open source at page 11,Opens the source issue at indexed page 11,Indexed source location: Page 11. The source button opens directly at that page.
EPH-0908,KNOWN,11,11,Open source at page 11,Opens the source issue at indexed page 11,Indexed source location: Page 11. The source button opens directly at that page.
EPH-0909,KNOWN,10,11,Open source at pages 10–11,"Opens at page 10, the first indexed page; record location: pages 10–11",Indexed source location: Pages 10–11. The source button opens at the first indexed page.
EPH-0910,KNOWN,11,11,Open source at page 11,Opens the source issue at indexed page 11,Indexed source location: Page 11. The source button opens directly at that page.
EPH-0911,KNOWN,11,13,Open source at pages 11–13,"Opens at page 11, the first indexed page; record location: pages 11–13",Indexed source location: Pages 11–13. The source button opens at the first indexed page.
EPH-0912,KNOWN,13,13,Open source at page 13,Opens the source issue at indexed page 13,Indexed source location: Page 13. The source button opens directly at that page.
EPH-0913,KNOWN,13,13,Open source at page 13,Opens the source issue at indexed page 13,Indexed source location: Page 13. The source button opens directly at that page.
EPH-0914,KNOWN,14,14,Open source at page 14,Opens the source issue at indexed page 14,Indexed source location: Page 14. The source button opens directly at that page.
EPH-0915,KNOWN,14,14,Open source at page 14,Opens the source issue at indexed page 14,Indexed source location: Page 14. The source button opens directly at that page.
EPH-0916,KNOWN,14,14,Open source at page 14,Opens the source issue at indexed page 14,Indexed source location: Page 14. The source button opens directly at that page.
EPH-0917,KNOWN,14,14,Open source at page 14,Opens the source issue at indexed page 14,Indexed source location: Page 14. The source button opens directly at that page.
EPH-0918,KNOWN,14,14,Open source at page 14,Opens the source issue at indexed page 14,Indexed source location: Page 14. The source button opens directly at that page.
EPH-0919,KNOWN,14,14,Open source at page 14,Opens the source issue at indexed page 14,Indexed source location: Page 14. The source button opens directly at that page.
EPH-0920,KNOWN,14,14,Open source at page 14,Opens the source issue at indexed page 14,Indexed source location: Page 14. The source button opens directly at that page.
EPH-0921,KNOWN,14,14,Open source at page 14,Opens the source issue at indexed page 14,Indexed source location: Page 14. The source button opens directly at that page.
EPH-0922,KNOWN,14,15,Open source at pages 14–15,"Opens at page 14, the first indexed page; record location: pages 14–15",Indexed source location: Pages 14–15. The source button opens at the first indexed page.
EPH-0923,KNOWN,15,15,Open source at page 15,Opens the source issue at indexed page 15,Indexed source location: Page 15. The source button opens directly at that page.
EPH-0924,KNOWN,15,15,Open source at page 15,Opens the source issue at indexed page 15,Indexed source location: Page 15. The source button opens directly at that page.
EPH-0925,KNOWN,15,15,Open source at page 15,Opens the source issue at indexed page 15,Indexed source location: Page 15. The source button opens directly at that page.
EPH-0926,KNOWN,15,16,Open source at pages 15–16,"Opens at page 15, the first indexed page; record location: pages 15–16",Indexed source location: Pages 15–16. The source button opens at the first indexed page.
EPH-0927,KNOWN,16,16,Open source at page 16,Opens the source issue at indexed page 16,Indexed source location: Page 16. The source button opens directly at that page.
EPH-0928,KNOWN,13,13,Open source at pages 13 and 16,"Opens at page 13, the first indexed page; record location: pages 13 and 16",Indexed source location: Pages 13 and 16. The source button opens at the first indexed page.
EPH-0929,KNOWN,16,16,Open source at page 16,Opens the source issue at indexed page 16,Indexed source location: Page 16. The source button opens directly at that page.
EPH-0930,KNOWN,17,17,Open source at page 17,Opens the source issue at indexed page 17,Indexed source location: Page 17. The source button opens directly at that page.
EPH-0931,KNOWN,18,19,Open source at pages 18–19,"Opens at page 18, the first indexed page; record location: pages 18–19",Indexed source location: Pages 18–19. The source button opens at the first indexed page.
EPH-0932,KNOWN,18,20,Open source at pages 18–20,"Opens at page 18, the first indexed page; record location: pages 18–20",Indexed source location: Pages 18–20. The source button opens at the first indexed page.
EPH-0933,KNOWN,20,20,Open source at page 20,Opens the source issue at indexed page 20,Indexed source location: Page 20. The source button opens directly at that page.
EPH-0934,KNOWN,20,21,Open source at pages 20–21,"Opens at page 20, the first indexed page; record location: pages 20–21",Indexed source location: Pages 20–21. The source button opens at the first indexed page.
EPH-0935,KNOWN,22,22,Open source at page 22,Opens the source issue at indexed page 22,Indexed source location: Page 22. The source button opens directly at that page.
EPH-0936,KNOWN,22,22,Open source at page 22,Opens the source issue at indexed page 22,Indexed source location: Page 22. The source button opens directly at that page.
EPH-0937,KNOWN,22,25,Open source at pages 22–25,"Opens at page 22, the first indexed page; record location: pages 22–25",Indexed source location: Pages 22–25. The source button opens at the first indexed page.
EPH-0938,KNOWN,24,25,Open source at pages 24–25,"Opens at page 24, the first indexed page; record location: pages 24–25",Indexed source location: Pages 24–25. The source button opens at the first indexed page.
EPH-0939,KNOWN,26,27,Open source at pages 26–27,"Opens at page 26, the first indexed page; record location: pages 26–27",Indexed source location: Pages 26–27. The source button opens at the first indexed page.
EPH-0940,KNOWN,28,28,Open source at page 28,Opens the source issue at indexed page 28,Indexed source location: Page 28. The source button opens directly at that page.
EPH-0941,KNOWN,28,29,Open source at pages 28–29,"Opens at page 28, the first indexed page; record location: pages 28–29",Indexed source location: Pages 28–29. The source button opens at the first indexed page.
EPH-0942,KNOWN,29,29,Open source at page 29,Opens the source issue at indexed page 29,Indexed source location: Page 29. The source button opens directly at that page.
EPH-0943,KNOWN,29,29,Open source at page 29,Opens the source issue at indexed page 29,Indexed source location: Page 29. The source button opens directly at that page.
EPH-0944,KNOWN,30,30,Open source at page 30,Opens the source issue at indexed page 30,Indexed source location: Page 30. The source button opens directly at that page.
EPH-0945,KNOWN,31,31,Open source at page 31,Opens the source issue at indexed page 31,Indexed source location: Page 31. The source button opens directly at that page.
EPH-0946,KNOWN,32,32,Open source at page 32,Opens the source issue at indexed page 32,Indexed source location: Page 32. The source button opens directly at that page.
EPH-0947,KNOWN,1,3,Open source at pages 1–3,"Opens at page 1, the first indexed page; record location: pages 1–3",Indexed source location: Pages 1–3. The source button opens at the first indexed page.
EPH-0948,KNOWN,2,2,Open source at page 2,Opens the source issue at indexed page 2,Indexed source location: Page 2. The source button opens directly at that page.
EPH-0949,KNOWN,3,3,Open source at page 3,Opens the source issue at indexed page 3,Indexed source location: Page 3. The source button opens directly at that page.
EPH-0950,KNOWN,4,4,Open source at page 4,Opens the source issue at indexed page 4,Indexed source location: Page 4. The source button opens directly at that page.
EPH-0951,KNOWN,4,4,Open source at page 4,Opens the source issue at indexed page 4,Indexed source location: Page 4. The source button opens directly at that page.
EPH-0952,KNOWN,5,5,Open source at page 5,Opens the source issue at indexed page 5,Indexed source location: Page 5. The source button opens directly at that page.
EPH-0953,KNOWN,5,5,Open source at page 5,Opens the source issue at indexed page 5,Indexed source location: Page 5. The source button opens directly at that page.
EPH-0954,KNOWN,5,5,Open source at page 5,Opens the source issue at indexed page 5,Indexed source location: Page 5. The source button opens directly at that page.
EPH-0955,KNOWN,5,5,Open source at page 5,Opens the source issue at indexed page 5,Indexed source location: Page 5. The source button opens directly at that page.
EPH-0956,KNOWN,5,5,Open source at page 5,Opens the source issue at indexed page 5,Indexed source location: Page 5. The source button opens directly at that page.
EPH-0957,KNOWN,5,5,Open source at page 5,Opens the source issue at indexed page 5,Indexed source location: Page 5. The source button opens directly at that page.
EPH-0958,KNOWN,5,5,Open source at page 5,Opens the source issue at indexed page 5,Indexed source location: Page 5. The source button opens directly at that page.
EPH-0959,KNOWN,6,6,Open source at page 6,Opens the source issue at indexed page 6,Indexed source location: Page 6. The source button opens directly at that page.
EPH-0960,KNOWN,6,7,Open source at pages 6–7,"Opens at page 6, the first indexed page; record location: pages 6–7",Indexed source location: Pages 6–7. The source button opens at the first indexed page.
EPH-0961,KNOWN,6,6,Open source at page 6,Opens the source issue at indexed page 6,Indexed source location: Page 6. The source button opens directly at that page.
EPH-0962,KNOWN,6,7,Open source at pages 6–7,"Opens at page 6, the first indexed page; record location: pages 6–7",Indexed source location: Pages 6–7. The source button opens at the first indexed page.
EPH-0963,KNOWN,6,7,Open source at pages 6–7,"Opens at page 6, the first indexed page; record location: pages 6–7",Indexed source location: Pages 6–7. The source button opens at the first indexed page.
EPH-0964,KNOWN,7,7,Open source at page 7,Opens the source issue at indexed page 7,Indexed source location: Page 7. The source button opens directly at that page.
EPH-0965,KNOWN,7,7,Open source at page 7,Opens the source issue at indexed page 7,Indexed source location: Page 7. The source button opens directly at that page.
EPH-0966,KNOWN,7,7,Open source at page 7,Opens the source issue at indexed page 7,Indexed source location: Page 7. The source button opens directly at that page.
EPH-0967,KNOWN,7,7,Open source at page 7,Opens the source issue at indexed page 7,Indexed source location: Page 7. The source button opens directly at that page.
EPH-0968,KNOWN,7,7,Open source at page 7,Opens the source issue at indexed page 7,Indexed source location: Page 7. The source button opens directly at that page.
EPH-0969,KNOWN,10,16,Open source at pages 10–16,"Opens at page 10, the first indexed page; record location: pages 10–16",Indexed source location: Pages 10–16. The source button opens at the first indexed page.
EPH-0970,KNOWN,10,12,Open source at pages 10–12,"Opens at page 10, the first indexed page; record location: pages 10–12",Indexed source location: Pages 10–12. The source button opens at the first indexed page.
EPH-0971,KNOWN,12,15,Open source at pages 12–15,"Opens at page 12, the first indexed page; record location: pages 12–15",Indexed source location: Pages 12–15. The source button opens at the first indexed page.
EPH-0972,KNOWN,15,15,Open source at page 15,Opens the source issue at indexed page 15,Indexed source location: Page 15. The source button opens directly at that page.
EPH-0973,KNOWN,15,15,Open source at page 15,Opens the source issue at indexed page 15,Indexed source location: Page 15. The source button opens directly at that page.
EPH-0974,KNOWN,13,13,Open source at page 13,Opens the source issue at indexed page 13,Indexed source location: Page 13. The source button opens directly at that page.
EPH-0975,KNOWN,13,13,Open source at page 13,Opens the source issue at indexed page 13,Indexed source location: Page 13. The source button opens directly at that page.
EPH-0976,KNOWN,13,13,Open source at page 13,Opens the source issue at indexed page 13,Indexed source location: Page 13. The source button opens directly at that page.
EPH-0977,KNOWN,13,13,Open source at page 13,Opens the source issue at indexed page 13,Indexed source location: Page 13. The source button opens directly at that page.
EPH-0978,KNOWN,13,13,Open source at page 13,Opens the source issue at indexed page 13,Indexed source location: Page 13. The source button opens directly at that page.
EPH-0979,KNOWN,13,13,Open source at page 13,Opens the source issue at indexed page 13,Indexed source location: Page 13. The source button opens directly at that page.
EPH-0980,KNOWN,13,13,Open source at page 13,Opens the source issue at indexed page 13,Indexed source location: Page 13. The source button opens directly at that page.
EPH-0981,KNOWN,15,16,Open source at pages 15–16,"Opens at page 15, the first indexed page; record location: pages 15–16",Indexed source location: Pages 15–16. The source button opens at the first indexed page.
EPH-0982,KNOWN,16,16,Open source at page 16,Opens the source issue at indexed page 16,Indexed source location: Page 16. The source button opens directly at that page.
EPH-0983,KNOWN,16,16,Open source at page 16,Opens the source issue at indexed page 16,Indexed source location: Page 16. The source button opens directly at that page.
EPH-0984,KNOWN,14,14,Open source at page 14,Opens the source issue at indexed page 14,Indexed source location: Page 14. The source button opens directly at that page.
EPH-0985,KNOWN,14,14,Open source at page 14,Opens the source issue at indexed page 14,Indexed source location: Page 14. The source button opens directly at that page.
EPH-0986,KNOWN,14,14,Open source at page 14,Opens the source issue at indexed page 14,Indexed source location: Page 14. The source button opens directly at that page.
EPH-0987,KNOWN,17,17,Open source at page 17,Opens the source issue at indexed page 17,Indexed source location: Page 17. The source button opens directly at that page.
EPH-0988,KNOWN,17,17,Open source at page 17,Opens the source issue at indexed page 17,Indexed source location: Page 17. The source button opens directly at that page.
EPH-0989,KNOWN,17,17,Open source at page 17,Opens the source issue at indexed page 17,Indexed source location: Page 17. The source button opens directly at that page.
EPH-0990,KNOWN,18,20,Open source at pages 18–20,"Opens at page 18, the first indexed page; record location: pages 18–20",Indexed source location: Pages 18–20. The source button opens at the first indexed page.
EPH-0991,KNOWN,18,20,Open source at pages 18–20,"Opens at page 18, the first indexed page; record location: pages 18–20",Indexed source location: Pages 18–20. The source button opens at the first indexed page.
EPH-0992,KNOWN,20,21,Open source at pages 20–21,"Opens at page 20, the first indexed page; record location: pages 20–21",Indexed source location: Pages 20–21. The source button opens at the first indexed page.
EPH-0993,KNOWN,21,21,Open source at page 21,Opens the source issue at indexed page 21,Indexed source location: Page 21. The source button opens directly at that page.
EPH-0994,KNOWN,22,24,Open source at pages 22–24,"Opens at page 22, the first indexed page; record location: pages 22–24",Indexed source location: Pages 22–24. The source button opens at the first indexed page.
EPH-0995,KNOWN,22,24,Open source at pages 22–24,"Opens at page 22, the first indexed page; record location: pages 22–24",Indexed source location: Pages 22–24. The source button opens at the first indexed page.
EPH-0996,KNOWN,25,26,Open source at pages 25–26,"Opens at page 25, the first indexed page; record location: pages 25–26",Indexed source location: Pages 25–26. The source button opens at the first indexed page.
EPH-0997,KNOWN,27,27,Open source at page 27,Opens the source issue at indexed page 27,Indexed source location: Page 27. The source button opens directly at that page.
EPH-0998,KNOWN,27,27,Open source at page 27,Opens the source issue at indexed page 27,Indexed source location: Page 27. The source button opens directly at that page.
EPH-0999,KNOWN,27,27,Open source at page 27,Opens the source issue at indexed page 27,Indexed source location: Page 27. The source button opens directly at that page.
EPH-1000,KNOWN,27,27,Open source at page 27,Opens the source issue at indexed page 27,Indexed source location: Page 27. The source button opens directly at that page.
EPH-1001,KNOWN,27,27,Open source at page 27,Opens the source issue at indexed page 27,Indexed source location: Page 27. The source button opens directly at that page.
EPH-1002,KNOWN,27,27,Open source at page 27,Opens the source issue at indexed page 27,Indexed source location: Page 27. The source button opens directly at that page.
EPH-1003,KNOWN,28,28,Open source at page 28,Opens the source issue at indexed page 28,Indexed source location: Page 28. The source button opens directly at that page.
EPH-1004,KNOWN,29,29,Open source at page 29,Opens the source issue at indexed page 29,Indexed source location: Page 29. The source button opens directly at that page.
EPH-1005,KNOWN,29,29,Open source at page 29,Opens the source issue at indexed page 29,Indexed source location: Page 29. The source button opens directly at that page.
EPH-1006,KNOWN,29,29,Open source at page 29,Opens the source issue at indexed page 29,Indexed source location: Page 29. The source button opens directly at that page.
EPH-1007,KNOWN,30,30,Open source at page 30,Opens the source issue at indexed page 30,Indexed source location: Page 30. The source button opens directly at that page.
EPH-1008,KNOWN,31,31,Open source at page 31,Opens the source issue at indexed page 31,Indexed source location: Page 31. The source button opens directly at that page.
EPH-1009,KNOWN,31,31,Open source at page 31,Opens the source issue at indexed page 31,Indexed source location: Page 31. The source button opens directly at that page.
EPH-1010,KNOWN,31,31,Open source at page 31,Opens the source issue at indexed page 31,Indexed source location: Page 31. The source button opens directly at that page.
