id,source_object_id,source_record_id,canonical_object_id,brand,product_model,product_type,issue_date,observation_year,price_numeric,currency,displayed_price,price_basis,geography_context,source_type,directness_evidence,confidence,source_url,rights_code,observation_key,duplicate_decision,normalization_note,accessed,source_family,source_identity,access_host,access_route
BM-PRICE-0001,BM-AD-0011,,,JMC Racing,JMC BMX product range,Unresolved / varies,Undated,,,UNCONFIRMED,Not exposed in public index,Price list; dealer vs retail basis unresolved,Unresolved,JMC Racing Fliers and Price List,INDEXED-TITLE + EXTERNAL-CORROBORATION,MEDIUM,https://www.pinterest.com/pin/jmc-bmx-fliers-and-price-list--442478732119429034/,INDEX-ONLY,jmc racing|jmc bmx product range|undated||UNCONFIRMED|https www pinterest com pin jmc bmx fliers and price list 442478732119429034,RETAIN — source-specific observation,"Confirmed set title — locate exact reference ID, pages, date and price columns. Do not infer line-item prices from thumbnails or incomplete snippets.",2026-07-30,BMXMuseum reference lead,BMXMuseum reference lead,pinterest.com,Public index accessed through Pinterest
BM-PRICE-0002,BM-AD-0002,,,GT; Dyno,Interceptor,Unresolved / varies,1992,,259,UNCONFIRMED,$259,Printed catalog price; exact basis unresolved,Unresolved,1992 GT/Dyno Product Catalog,SEARCH-INDEXED-PAGE,MEDIUM,https://www.pinterest.com/pin/430304939389697452/,INDEX-ONLY,gt dyno|interceptor|1992|259.0|UNCONFIRMED|https www pinterest com pin 430304939389697452,DUP-PRICE-1992-259 — merge numeric observation; retain source row,"Observed in public index — verify exact page, configuration, currency and price basis. Do not label as MSRP, dealer cost or sale price until the page heading/legend is inspected.",2026-07-30,Public index lead,Public index lead,pinterest.com,Public index accessed through Pinterest
BM-PRICE-0003,BM-AD-0002,,,GT; Dyno,Blue bicycle; exact model unresolved,Unresolved / varies,1992,,319,UNCONFIRMED,$319,Printed catalog price; exact basis unresolved,Unresolved,1992 GT/Dyno Product Catalog,SEARCH-INDEXED-PAGE,LOW-MEDIUM,https://mx.pinterest.com/pin/430304939389697467/,INDEX-ONLY,gt dyno|blue bicycle exact model unresolved|1992|319.0|UNCONFIRMED|https mx pinterest com pin 430304939389697467,DUP-PRICE-1992-319 — merge numeric observation; retain source row,Retain model as unresolved until the page and adjacent catalog context are inspected. Price observation is preserved separately from model identification.,2026-07-30,mx.pinterest.com,mx.pinterest.com,mx.pinterest.com,Direct public route at mx.pinterest.com
BM-PRICE-0004,BM-AD-0012,,,JMC Racing,JMC Racing equipment,Unresolved / varies,Undated vintage document; public post 2026,,,UNCONFIRMED,Not exposed in public index,Dealer price list per public description,Unresolved,Vintage JMC Racing Equipment dealer's price list from Azusa collection,EXTERNAL-PUBLIC-LEAD,LOW-MEDIUM,https://www.facebook.com/groups/553888658024748/posts/27080185384968381/,INDEX-ONLY,jmc racing|jmc racing equipment|undated vintage document public post 2026||UNCONFIRMED|https www facebook com groups 553888658024748 posts 27080185384968381,RETAIN — source-specific observation,Corroboration only — compare against BM-PRICE-0001 before merging records. The collection/post context is not automatically the original document issuer or dealer.,2026-07-30,Public JMC collection post,Public JMC collection post,facebook.com,Public social access route at facebook.com
GTD-PR-0001,BM-AD-0002,,,GT,Interceptor,Complete bicycle,1992,,259,UNCONFIRMED,$259,Printed catalog price; exact basis unresolved,Market unresolved,Indexed catalog page,Indexed observation,MEDIUM,https://www.pinterest.com/pin/430304939389697452/,INDEX-ONLY,gt|interceptor|1992|259|UNCONFIRMED|https www pinterest com pin 430304939389697452,DUP-PRICE-1992-259 — merge numeric observation; retain source row,Numeric value normalized; currency intentionally not assumed.,2026-07-30,Public index lead,Public index lead,pinterest.com,Public index accessed through Pinterest
GTD-PR-0002,BM-AD-0002,,,GT/Dyno,Blue bicycle; model unresolved,Complete bicycle,1992,,319,UNCONFIRMED,$319,Printed catalog price; exact basis unresolved,Market unresolved,Indexed catalog page,Indexed observation,LOW-MEDIUM,https://mx.pinterest.com/pin/430304939389697467/,INDEX-ONLY,gt dyno|blue bicycle model unresolved|1992|319|UNCONFIRMED|https mx pinterest com pin 430304939389697467,DUP-PRICE-1992-319 — merge numeric observation; retain source row,Model and currency remain unresolved.,2026-07-30,mx.pinterest.com,mx.pinterest.com,mx.pinterest.com,Direct public route at mx.pinterest.com
GTD-PR-0003,GTD-OBJ-0004,,,Dyno,Dinky Dyno 16-inch,Complete bicycle,Aug 1987,,119,USD,$119,Advertised retailer/mail-order price,United States publication context,Period retailer advertisement,Direct text/OCR; clear pair,MEDIUM-HIGH,https://previouspage.co.uk/issues/245-august-nineteen-eighty-seven,INDEX-ONLY,dyno|dinky dyno 16 inch|aug 1987|119|USD|https previouspage co uk issues 245 august nineteen eighty seven,RETAIN — source-specific observation,Not manufacturer MSRP.,2026-07-30,BMX Plus!,BMX Plus!,previouspage.co.uk,Publication accessed through PreviousPage
GTD-PR-0004,GTD-OBJ-0004,,,Dyno,Compe,Complete bicycle,Aug 1987,,149,USD,$149,Advertised retailer/mail-order price,United States publication context,Period retailer advertisement,Direct text/OCR; clear pair,MEDIUM-HIGH,https://previouspage.co.uk/issues/245-august-nineteen-eighty-seven,INDEX-ONLY,dyno|compe|aug 1987|149|USD|https previouspage co uk issues 245 august nineteen eighty seven,RETAIN — source-specific observation,Not manufacturer MSRP.,2026-07-30,BMX Plus!,BMX Plus!,previouspage.co.uk,Publication accessed through PreviousPage
GTD-PR-0005,GTD-OBJ-0004,,,Dyno,D-Tour,Complete bicycle,Aug 1987,,189,USD,$189,Advertised retailer/mail-order price,United States publication context,Period retailer advertisement,Direct text/OCR; clear pair,MEDIUM-HIGH,https://previouspage.co.uk/issues/245-august-nineteen-eighty-seven,INDEX-ONLY,dyno|d tour|aug 1987|189|USD|https previouspage co uk issues 245 august nineteen eighty seven,RETAIN — source-specific observation,Not manufacturer MSRP.,2026-07-30,BMX Plus!,BMX Plus!,previouspage.co.uk,Publication accessed through PreviousPage
GTD-PR-0006,GTD-OBJ-0004,,,Dyno,Pro Compe,Complete bicycle,Aug 1987,,279,USD,$279,Advertised retailer/mail-order price,United States publication context,Period retailer advertisement,Direct text/OCR; clear pair,MEDIUM-HIGH,https://previouspage.co.uk/issues/245-august-nineteen-eighty-seven,INDEX-ONLY,dyno|pro compe|aug 1987|279|USD|https previouspage co uk issues 245 august nineteen eighty seven,RETAIN — source-specific observation,Not manufacturer MSRP.,2026-07-30,BMX Plus!,BMX Plus!,previouspage.co.uk,Publication accessed through PreviousPage
GTD-PR-0007,GTD-OBJ-0004,,,Dyno,Pro Compe Team,Complete bicycle,Aug 1987,,419,USD,$419,Advertised retailer/mail-order price,United States publication context,Period retailer advertisement,Direct text/OCR; clear pair,MEDIUM-HIGH,https://previouspage.co.uk/issues/245-august-nineteen-eighty-seven,INDEX-ONLY,dyno|pro compe team|aug 1987|419|USD|https previouspage co uk issues 245 august nineteen eighty seven,RETAIN — source-specific observation,Not manufacturer MSRP.,2026-07-30,BMX Plus!,BMX Plus!,previouspage.co.uk,Publication accessed through PreviousPage
GTD-PR-0008,GTD-OBJ-0004,,,Dyno,VFR BMX,Complete bicycle,Aug 1987,,129,USD,$129,Advertised retailer/mail-order price,United States publication context,Period retailer advertisement,Direct text/OCR; clear pair,MEDIUM-HIGH,https://previouspage.co.uk/issues/245-august-nineteen-eighty-seven,INDEX-ONLY,dyno|vfr bmx|aug 1987|129|USD|https previouspage co uk issues 245 august nineteen eighty seven,RETAIN — source-specific observation,Not manufacturer MSRP.,2026-07-30,BMX Plus!,BMX Plus!,previouspage.co.uk,Publication accessed through PreviousPage
GTD-PR-0009,GTD-OBJ-0004,,,GT,Jr. Performer,Complete bicycle,Aug 1987,,119,USD,$119,Advertised retailer/mail-order price,United States publication context,Period retailer advertisement,Direct text/OCR; clear pair,MEDIUM-HIGH,https://previouspage.co.uk/issues/245-august-nineteen-eighty-seven,INDEX-ONLY,gt|jr performer|aug 1987|119|USD|https previouspage co uk issues 245 august nineteen eighty seven,RETAIN — source-specific observation,Not manufacturer MSRP.,2026-07-30,BMX Plus!,BMX Plus!,previouspage.co.uk,Publication accessed through PreviousPage
GTD-PR-0010,GTD-OBJ-0004,,,GT,Vertigo,Complete bicycle,Aug 1987,,164,USD,$164,Advertised retailer/mail-order price,United States publication context,Period retailer advertisement,Direct text/OCR; clear pair,MEDIUM-HIGH,https://previouspage.co.uk/issues/245-august-nineteen-eighty-seven,INDEX-ONLY,gt|vertigo|aug 1987|164|USD|https previouspage co uk issues 245 august nineteen eighty seven,RETAIN — source-specific observation,Not manufacturer MSRP.,2026-07-30,BMX Plus!,BMX Plus!,previouspage.co.uk,Publication accessed through PreviousPage
GTD-PR-0011,GTD-OBJ-0004,,,GT,Performer,Complete bicycle,Aug 1987,,199,USD,$199,Advertised retailer/mail-order price,United States publication context,Period retailer advertisement,Direct text/OCR; clear pair,MEDIUM-HIGH,https://previouspage.co.uk/issues/245-august-nineteen-eighty-seven,INDEX-ONLY,gt|performer|aug 1987|199|USD|https previouspage co uk issues 245 august nineteen eighty seven,RETAIN — source-specific observation,Not manufacturer MSRP.,2026-07-30,BMX Plus!,BMX Plus!,previouspage.co.uk,Publication accessed through PreviousPage
GTD-PR-0012,GTD-OBJ-0004,,,GT,Pro Freestyle Tour,Complete bicycle,Aug 1987,,299,USD,$299,Advertised retailer/mail-order price,United States publication context,Period retailer advertisement,Direct text/OCR; clear pair,MEDIUM-HIGH,https://previouspage.co.uk/issues/245-august-nineteen-eighty-seven,INDEX-ONLY,gt|pro freestyle tour|aug 1987|299|USD|https previouspage co uk issues 245 august nineteen eighty seven,RETAIN — source-specific observation,Source abbreviates model as Pro F/S Tour.,2026-07-30,BMX Plus!,BMX Plus!,previouspage.co.uk,Publication accessed through PreviousPage
GTD-PR-0013,GTD-OBJ-0004,,,GT,Pro Freestyle Team,Complete bicycle,Aug 1987,,429,USD,$429,Advertised retailer/mail-order price,United States publication context,Period retailer advertisement,Direct text/OCR; clear pair,MEDIUM-HIGH,https://previouspage.co.uk/issues/245-august-nineteen-eighty-seven,INDEX-ONLY,gt|pro freestyle team|aug 1987|429|USD|https previouspage co uk issues 245 august nineteen eighty seven,RETAIN — source-specific observation,Source abbreviates model as Pro F/S Team.,2026-07-30,BMX Plus!,BMX Plus!,previouspage.co.uk,Publication accessed through PreviousPage
GTD-PR-0014,GTD-OBJ-0004,,,GT,Interceptor,Complete bicycle,Aug 1987,,169,USD,$169,Advertised retailer/mail-order price,United States publication context,Period retailer advertisement,Direct text/OCR; clear pair,MEDIUM-HIGH,https://previouspage.co.uk/issues/245-august-nineteen-eighty-seven,INDEX-ONLY,gt|interceptor|aug 1987|169|USD|https previouspage co uk issues 245 august nineteen eighty seven,RETAIN — source-specific observation,Do not compare directly with the unresolved 1992 $259 configuration.,2026-07-30,BMX Plus!,BMX Plus!,previouspage.co.uk,Publication accessed through PreviousPage
GTD-PR-0015,GTD-OBJ-0004,,,GT,Mach 1,Complete bicycle,Aug 1987,,209,USD,$209,Advertised retailer/mail-order price,United States publication context,Period retailer advertisement,Direct text/OCR; clear pair,MEDIUM-HIGH,https://previouspage.co.uk/issues/245-august-nineteen-eighty-seven,INDEX-ONLY,gt|mach 1|aug 1987|209|USD|https previouspage co uk issues 245 august nineteen eighty seven,RETAIN — source-specific observation,Not manufacturer MSRP.,2026-07-30,BMX Plus!,BMX Plus!,previouspage.co.uk,Publication accessed through PreviousPage
GTD-PR-0016,GTD-OBJ-0004,,,GT,Pro Series,Complete bicycle,Aug 1987,,329,USD,$329,Advertised retailer/mail-order price,United States publication context,Period retailer advertisement,Direct text/OCR; clear pair,MEDIUM-HIGH,https://previouspage.co.uk/issues/245-august-nineteen-eighty-seven,INDEX-ONLY,gt|pro series|aug 1987|329|USD|https previouspage co uk issues 245 august nineteen eighty seven,RETAIN — source-specific observation,Not manufacturer MSRP.,2026-07-30,BMX Plus!,BMX Plus!,previouspage.co.uk,Publication accessed through PreviousPage
GTD-PR-0017,GTD-OBJ-0004,,,GT,Pro Series Team,Complete bicycle,Aug 1987,,449,USD,$449,Advertised retailer/mail-order price,United States publication context,Period retailer advertisement,Direct text/OCR; clear pair,MEDIUM-HIGH,https://previouspage.co.uk/issues/245-august-nineteen-eighty-seven,INDEX-ONLY,gt|pro series team|aug 1987|449|USD|https previouspage co uk issues 245 august nineteen eighty seven,RETAIN — source-specific observation,Not manufacturer MSRP.,2026-07-30,BMX Plus!,BMX Plus!,previouspage.co.uk,Publication accessed through PreviousPage
GTD-PR-0018,GTD-OBJ-0005,,,GT,Performer,Complete bicycle,Jul 1987,,199.95,USD,$199.95,Advertised retailer/mail-order price,United States publication context,Period retailer advertisement,Direct text/OCR; clear pair,MEDIUM-HIGH,https://previouspage.co.uk/magazines/BMX%20Plus/issues/244-july-nineteen-eighty-seven,INDEX-ONLY,gt|performer|jul 1987|199.95|USD|https previouspage co uk magazines bmx 20plus issues 244 july nineteen eighty seven,RETAIN — source-specific observation,Separate seller/issue observation; do not deduplicate against August.,2026-07-30,BMX Plus!,BMX Plus!,previouspage.co.uk,Publication accessed through PreviousPage
GTD-PR-0019,GTD-OBJ-0005,,,GT,Pro Performer,Complete bicycle,Jul 1987,,289.95,USD,$289.95,Advertised retailer/mail-order price,United States publication context,Period retailer advertisement,Direct text/OCR; clear pair,MEDIUM-HIGH,https://previouspage.co.uk/magazines/BMX%20Plus/issues/244-july-nineteen-eighty-seven,INDEX-ONLY,gt|pro performer|jul 1987|289.95|USD|https previouspage co uk magazines bmx 20plus issues 244 july nineteen eighty seven,RETAIN — source-specific observation,Not manufacturer MSRP.,2026-07-30,BMX Plus!,BMX Plus!,previouspage.co.uk,Publication accessed through PreviousPage
GTD-PR-0020,GTD-OBJ-0005,,,GT,Pro World Tour,Complete bicycle,Jul 1987,,344.95,USD,$344.95,Advertised retailer/mail-order price,United States publication context,Period retailer advertisement,Direct text/OCR; clear pair,MEDIUM-HIGH,https://previouspage.co.uk/magazines/BMX%20Plus/issues/244-july-nineteen-eighty-seven,INDEX-ONLY,gt|pro world tour|jul 1987|344.95|USD|https previouspage co uk magazines bmx 20plus issues 244 july nineteen eighty seven,RETAIN — source-specific observation,Not manufacturer MSRP.,2026-07-30,BMX Plus!,BMX Plus!,previouspage.co.uk,Publication accessed through PreviousPage
GTD-PR-0021,GTD-OBJ-0005,,,GT,Mach 1,Complete bicycle,Jul 1987,,214.95,USD,$214.95,Advertised retailer/mail-order price,United States publication context,Period retailer advertisement,Direct text/OCR; clear pair,MEDIUM-HIGH,https://previouspage.co.uk/magazines/BMX%20Plus/issues/244-july-nineteen-eighty-seven,INDEX-ONLY,gt|mach 1|jul 1987|214.95|USD|https previouspage co uk magazines bmx 20plus issues 244 july nineteen eighty seven,RETAIN — source-specific observation,Separate seller/issue observation.,2026-07-30,BMX Plus!,BMX Plus!,previouspage.co.uk,Publication accessed through PreviousPage
HAR-PR-0001,GTD-OBJ-0004,,,Haro,Shredder,Complete bicycle,Aug 1987,,169,USD,$169,Advertised retailer/mail-order price,United States publication context,Period retailer advertisement,Direct text/OCR; clear pair,MEDIUM-HIGH,https://previouspage.co.uk/issues/245-august-nineteen-eighty-seven,INDEX-ONLY,haro|shredder|aug 1987|169|USD|https previouspage co uk issues 245 august nineteen eighty seven,RETAIN — source-specific observation,Pre-1990 benchmark; not catalog MSRP.,2026-07-30,BMX Plus!,BMX Plus!,previouspage.co.uk,Publication accessed through PreviousPage
HAR-PR-0002,GTD-OBJ-0004,,,Haro,Invert,Complete bicycle,Aug 1987,,219,USD,$219,Advertised retailer/mail-order price,United States publication context,Period retailer advertisement,Direct text/OCR; clear pair,MEDIUM-HIGH,https://previouspage.co.uk/issues/245-august-nineteen-eighty-seven,INDEX-ONLY,haro|invert|aug 1987|219|USD|https previouspage co uk issues 245 august nineteen eighty seven,RETAIN — source-specific observation,Pre-1990 benchmark; not catalog MSRP.,2026-07-30,BMX Plus!,BMX Plus!,previouspage.co.uk,Publication accessed through PreviousPage
HAR-PR-0003,GTD-OBJ-0004,,,Haro,Master,Complete bicycle,Aug 1987,,309,USD,$309,Advertised retailer/mail-order price,United States publication context,Period retailer advertisement,Direct text/OCR; clear pair,MEDIUM-HIGH,https://previouspage.co.uk/issues/245-august-nineteen-eighty-seven,INDEX-ONLY,haro|master|aug 1987|309|USD|https previouspage co uk issues 245 august nineteen eighty seven,RETAIN — source-specific observation,Pre-1990 benchmark; not catalog MSRP.,2026-07-30,BMX Plus!,BMX Plus!,previouspage.co.uk,Publication accessed through PreviousPage
HAR-PR-0004,GTD-OBJ-0004,,,Haro,Team Master,Complete bicycle,Aug 1987,,529,USD,$529,Advertised retailer/mail-order price,United States publication context,Period retailer advertisement,Direct text/OCR; clear pair,MEDIUM-HIGH,https://previouspage.co.uk/issues/245-august-nineteen-eighty-seven,INDEX-ONLY,haro|team master|aug 1987|529|USD|https previouspage co uk issues 245 august nineteen eighty seven,RETAIN — source-specific observation,Pre-1990 benchmark; not catalog MSRP.,2026-07-30,BMX Plus!,BMX Plus!,previouspage.co.uk,Publication accessed through PreviousPage
HAR-PR-0005,HAR-OBJ-0008,,,Haro/Fusion,1991 catalog mailer,Catalog / information pack,Nov 1991,,2,USD,$2,Catalog request fee,United States,Period catalog mailer,Direct indexed text,HIGH,https://www.previouspage.co.uk/issues/131-november-nineteen-ninety-one,INDEX-ONLY,haro fusion|1991 catalog mailer|nov 1991|2|USD|https www previouspage co uk issues 131 november nineteen ninety one,RETAIN — source-specific observation,"Catalog fee, not product price.",2026-07-30,GO,GO,previouspage.co.uk,Publication accessed through PreviousPage
MB-PR-0001,MB-OBJ-0007,,,Mongoose,Californian full chromoly frame,Frame,1985,,76.5,AUD-LIKELY,$76.50,Distributor price-list figure,Australia / Repco context,Collector summary of period distributor list,Transcribed public summary,MEDIUM,https://www.bloggingadeadhorse.com/hotfoot2.php,INDEX-ONLY,mongoose|californian full chromoly frame|1985|76.5|AUD-LIKELY|https www bloggingadeadhorse com hotfoot2 php,RETAIN — source-specific observation,Currency likely AUD; verify scan legend.,2026-07-30,Blogging a Dead Horse,Blogging a Dead Horse,bloggingadeadhorse.com,Direct public route at bloggingadeadhorse.com
MB-PR-0002,MB-OBJ-0007,,,Mongoose,Pro Class rims,Rims,1985,,15.5,AUD-LIKELY,$15.50,Distributor price-list figure,Australia / Repco context,Collector summary of period distributor list,Transcribed public summary,MEDIUM,https://www.bloggingadeadhorse.com/hotfoot2.php,INDEX-ONLY,mongoose|pro class rims|1985|15.5|AUD-LIKELY|https www bloggingadeadhorse com hotfoot2 php,RETAIN — source-specific observation,Currency likely AUD; unit/pair basis requires scan.,2026-07-30,Blogging a Dead Horse,Blogging a Dead Horse,bloggingadeadhorse.com,Direct public route at bloggingadeadhorse.com
MB-PR-0003,MB-OBJ-0007,,,Mongoose,Pad set,Pad set,1985,,5.65,AUD-LIKELY,$5.65,Distributor price-list figure,Australia / Repco context,Collector summary of period distributor list,Transcribed public summary,MEDIUM,https://www.bloggingadeadhorse.com/hotfoot2.php,INDEX-ONLY,mongoose|pad set|1985|5.65|AUD-LIKELY|https www bloggingadeadhorse com hotfoot2 php,RETAIN — source-specific observation,Currency likely AUD; exact set contents unresolved.,2026-07-30,Blogging a Dead Horse,Blogging a Dead Horse,bloggingadeadhorse.com,Direct public route at bloggingadeadhorse.com
MB-PR-0004,MB-OBJ-0010,,,Diamond Back,Silver Streak,Complete bicycle,Sep 1982,,119.37,GBP,£119.37,Advertised retailer price,United Kingdom,Period retailer advertisement,Indexed text/OCR,MEDIUM,https://previouspage.co.uk/magazines/BMX%20Weekly/issues/213-september-nineteen-eighty-two,INDEX-ONLY,diamond back|silver streak|sep 1982|119.37|GBP|https previouspage co uk magazines bmx 20weekly issues 213 september nineteen eighty two,RETAIN — source-specific observation,OCR alignment should be visually checked before elevation.,2026-07-30,BMX Weekly,BMX Weekly,previouspage.co.uk,Publication accessed through PreviousPage
MB-PR-0005,MB-OBJ-0010,,,Diamond Back,Silver Streak,Complete bicycle,Jul 1983,,195,GBP,£195,Advertised retailer price,United Kingdom,Period retailer advertisement,Direct indexed text,MEDIUM-HIGH,https://previouspage.co.uk/magazines/BMX%20Action%20Bike/issues/62-july-nineteen-eighty-three,INDEX-ONLY,diamond back|silver streak|jul 1983|195|GBP|https previouspage co uk magazines bmx 20action 20bike issues 62 july nineteen eighty three,RETAIN — source-specific observation,Separate seller/issue observation.,2026-07-30,BMX Action Bike,BMX Action Bike,previouspage.co.uk,Publication accessed through PreviousPage
MB-PR-0006,MB-OBJ-0010,,,Diamond Back,Silver Streak,Complete bicycle,Sep 1983,,195,GBP,£195,Advertised retailer price,United Kingdom,Period retailer advertisement,Direct indexed text,MEDIUM-HIGH,https://previouspage.co.uk/magazines/BMX%20Action%20Bike/issues/64-september-nineteen-eighty-three,INDEX-ONLY,diamond back|silver streak|sep 1983|195|GBP|https previouspage co uk magazines bmx 20action 20bike issues 64 september nineteen eighty three,RETAIN — source-specific observation,Separate seller/issue observation.,2026-07-30,BMX Action Bike,BMX Action Bike,previouspage.co.uk,Publication accessed through PreviousPage
MB-PR-0007,MB-OBJ-0010,,,Diamond Back,Silver Streak,Complete bicycle,Oct 1983,,199,GBP,£199,Advertised retailer price plus postage,United Kingdom,Period retailer advertisement,Direct indexed text,MEDIUM-HIGH,https://previouspage.co.uk/magazines/BMX%20Action%20Bike/issues/85-october-nineteen-eighty-three,INDEX-ONLY,diamond back|silver streak|oct 1983|199|GBP|https previouspage co uk magazines bmx 20action 20bike issues 85 october nineteen eighty three,RETAIN — source-specific observation,Postage excluded from numeric price.,2026-07-30,BMX Action Bike,BMX Action Bike,previouspage.co.uk,Publication accessed through PreviousPage
MB-PR-0008,MB-OBJ-0010,,,Diamond Back,Harry Leary Turbo,Complete bicycle,Oct 1983,,299,GBP,£299,Advertised retailer price,United Kingdom,Period retailer advertisement,Direct indexed text,MEDIUM-HIGH,https://previouspage.co.uk/magazines/BMX%20Action%20Bike/issues/85-october-nineteen-eighty-three,INDEX-ONLY,diamond back|harry leary turbo|oct 1983|299|GBP|https previouspage co uk magazines bmx 20action 20bike issues 85 october nineteen eighty three,RETAIN — source-specific observation,Useful Lititz BMX crosswalk; not MSRP.,2026-07-30,BMX Action Bike,BMX Action Bike,previouspage.co.uk,Publication accessed through PreviousPage
ABMX-PR-0001,V11-ABMX-0001,,,Suntour,"Chain wheel, 40–45T, assorted colors",Drivetrain component,April/May 1982,,7.3,GBP,£7.30,Advertised mail-order price,United Kingdom,Period retailer advertisement,Direct indexed text; clear price pairing,MEDIUM-HIGH,https://previouspage.co.uk/magazines/BMX%20Action%20Bike/issues/13-april%2Fmay-eighty-two,INDEX-ONLY,suntour chain wheel 40 45t assorted colors april may 1982 7 3 gbp https previouspage co uk magazines bmx 20action 20bike issues 13 april 2fmay eighty two,RETAIN — source-specific observation,Not manufacturer MSRP.,2026-07-31,BMX Action Bike,BMX Action Bike,previouspage.co.uk,Publication accessed through PreviousPage
ABMX-PR-0002,V11-ABMX-0001,,,Suntour,"Rear sprocket, 15–17T",Drivetrain component,April/May 1982,,4.25,GBP,£4.25,Advertised mail-order price,United Kingdom,Period retailer advertisement,Direct indexed text; clear price pairing,MEDIUM-HIGH,https://previouspage.co.uk/magazines/BMX%20Action%20Bike/issues/13-april%2Fmay-eighty-two,INDEX-ONLY,suntour rear sprocket 15 17t april may 1982 4 25 gbp https previouspage co uk magazines bmx 20action 20bike issues 13 april 2fmay eighty two,RETAIN — source-specific observation,Not manufacturer MSRP.,2026-07-31,BMX Action Bike,BMX Action Bike,previouspage.co.uk,Publication accessed through PreviousPage
ABMX-PR-0003,V11-ABMX-0001,,,Araya / Suzue,Front wheel with Suzue hub,Wheel,April/May 1982,,18.95,GBP,£18.95,Advertised mail-order price,United Kingdom,Period retailer advertisement,Direct indexed text; clear front-wheel pairing,MEDIUM-HIGH,https://previouspage.co.uk/magazines/BMX%20Action%20Bike/issues/13-april%2Fmay-eighty-two,INDEX-ONLY,araya suzue front wheel with suzue hub april may 1982 18 95 gbp https previouspage co uk magazines bmx 20action 20bike issues 13 april 2fmay eighty two,RETAIN — source-specific observation,Not manufacturer MSRP.,2026-07-31,BMX Action Bike,BMX Action Bike,previouspage.co.uk,Publication accessed through PreviousPage
ABMX-PR-0004,V11-ABMX-0001,,,Araya / Suzue,Rear wheel with Suzue hub,Wheel,April/May 1982,,19.95,GBP,£19.95,Advertised mail-order price,United Kingdom,Period retailer advertisement,Direct indexed text; clear rear-wheel pairing,MEDIUM-HIGH,https://previouspage.co.uk/magazines/BMX%20Action%20Bike/issues/13-april%2Fmay-eighty-two,INDEX-ONLY,araya suzue rear wheel with suzue hub april may 1982 19 95 gbp https previouspage co uk magazines bmx 20action 20bike issues 13 april 2fmay eighty two,RETAIN — source-specific observation,Not manufacturer MSRP.,2026-07-31,BMX Action Bike,BMX Action Bike,previouspage.co.uk,Publication accessed through PreviousPage
ABMX-PR-0005,V11-ABMX-0003,,,Kuwahara,Kuwahara frame set,Frame and fork set,April/May 1982,,109.95,GBP,£109.95,Advertised mail-order price,United Kingdom,Period retailer advertisement,Direct indexed text; clear price pairing,MEDIUM-HIGH,https://previouspage.co.uk/magazines/BMX%20Action%20Bike/issues/13-april%2Fmay-eighty-two,INDEX-ONLY,kuwahara kuwahara frame set april may 1982 109 95 gbp https previouspage co uk magazines bmx 20action 20bike issues 13 april 2fmay eighty two,RETAIN — source-specific observation,Postage and exact model specification should be checked against the page image.,2026-07-31,BMX Action Bike,BMX Action Bike,previouspage.co.uk,Publication accessed through PreviousPage
ABMX-PR-0006,V11-ABMX-0005,,,Hotshot BMX,Hotshot BMX complete race bike,Complete bicycle,April/May 1982,,169.95,GBP,£169.95,Advertised special price,United Kingdom,Period retailer advertisement,Direct indexed text; clear complete-bike price,HIGH,https://previouspage.co.uk/magazines/BMX%20Action%20Bike/issues/13-april%2Fmay-eighty-two,INDEX-ONLY,hotshot bmx hotshot bmx complete race bike april may 1982 169 95 gbp https previouspage co uk magazines bmx 20action 20bike issues 13 april 2fmay eighty two,RETAIN — source-specific observation,"Retailer special, not manufacturer MSRP.",2026-07-31,BMX Action Bike,BMX Action Bike,previouspage.co.uk,Publication accessed through PreviousPage
ABMX-PR-0007,V11-ABMX-0010,,,SJK Products,SJK Hurricane complete bike,Complete bicycle,April/May 1982,,272.84,GBP,£272.84,Advertised retail price,United Kingdom,Period product advertisement,Direct indexed text; clear price pairing,MEDIUM-HIGH,https://previouspage.co.uk/magazines/BMX%20Action%20Bike/issues/13-april%2Fmay-eighty-two,INDEX-ONLY,sjk products sjk hurricane complete bike april may 1982 272 84 gbp https previouspage co uk magazines bmx 20action 20bike issues 13 april 2fmay eighty two,RETAIN — source-specific observation,Frame-kit price was stated as price on application and is not inferred.,2026-07-31,BMX Action Bike,BMX Action Bike,previouspage.co.uk,Publication accessed through PreviousPage
ABMX-PR-0008,V11-ABMX-0011,,,CAMM,Power Stem,Stem,April/May 1982,,10.07,GBP,£10.07,Recommended retail price,United Kingdom,Period dealer advertisement,Direct indexed text; stated RRP,MEDIUM-HIGH,https://previouspage.co.uk/magazines/BMX%20Action%20Bike/issues/13-april%2Fmay-eighty-two,INDEX-ONLY,camm power stem april may 1982 10 07 gbp https previouspage co uk magazines bmx 20action 20bike issues 13 april 2fmay eighty two,RETAIN — source-specific observation,RRP transcription should be visually checked before exact quotation.,2026-07-31,BMX Action Bike,BMX Action Bike,previouspage.co.uk,Publication accessed through PreviousPage
ABMX-PR-0009,V11-ABMX-0012,,,Diamond Back,Silver Streak,Complete bicycle,April/May 1982,,195,GBP,Around £195,Projected retail price,United Kingdom,Period editorial test report,Direct indexed text; approximate launch-price statement,HIGH,https://previouspage.co.uk/magazines/BMX%20Action%20Bike/issues/13-april%2Fmay-eighty-two,INDEX-ONLY,diamond back silver streak april may 1982 195 0 gbp https previouspage co uk magazines bmx 20action 20bike issues 13 april 2fmay eighty two,RETAIN — source-specific observation,"Approximate projected shop price, not a confirmed transaction or formal MSRP.",2026-07-31,BMX Action Bike,BMX Action Bike,previouspage.co.uk,Publication accessed through PreviousPage
ABMX-PR-0010,V11-ABMX-0013,,,UKBMX,Temporary competition membership,Membership / insurance,April/May 1982,,1,GBP,£1,Temporary membership fee,United Kingdom,Period membership application,Direct indexed text; clear fee,HIGH,https://previouspage.co.uk/magazines/BMX%20Action%20Bike/issues/13-april%2Fmay-eighty-two,INDEX-ONLY,ukbmx temporary competition membership april may 1982 1 0 gbp https previouspage co uk magazines bmx 20action 20bike issues 13 april 2fmay eighty two,RETAIN — source-specific observation,"Day-specific temporary membership, not annual subscription.",2026-07-31,BMX Action Bike,BMX Action Bike,previouspage.co.uk,Publication accessed through PreviousPage
ABMX-PR-0011,V11-ABMX-0013,,,UKBMX,"Competition membership, one year",Membership / insurance,April/May 1982,,7,GBP,£7,Annual membership subscription,United Kingdom,Period membership application,Direct indexed text; clear fee,HIGH,https://previouspage.co.uk/magazines/BMX%20Action%20Bike/issues/13-april%2Fmay-eighty-two,INDEX-ONLY,ukbmx competition membership one year april may 1982 7 0 gbp https previouspage co uk magazines bmx 20action 20bike issues 13 april 2fmay eighty two,RETAIN — source-specific observation,Annual competition membership.,2026-07-31,BMX Action Bike,BMX Action Bike,previouspage.co.uk,Publication accessed through PreviousPage
ABMX-PR-0012,V11-ABMX-0013,,,UKBMX,European insurance extension,Membership / insurance,April/May 1982,,2.75,GBP,£2.75,Insurance extension fee,United Kingdom,Period membership application,Direct indexed text; clear fee,HIGH,https://previouspage.co.uk/magazines/BMX%20Action%20Bike/issues/13-april%2Fmay-eighty-two,INDEX-ONLY,ukbmx european insurance extension april may 1982 2 75 gbp https previouspage co uk magazines bmx 20action 20bike issues 13 april 2fmay eighty two,RETAIN — source-specific observation,Extension applies for the duration of the UK licence.,2026-07-31,BMX Action Bike,BMX Action Bike,previouspage.co.uk,Publication accessed through PreviousPage
ABMX-PR-0013,V11-ABMX-0013,,,UKBMX,Regional event racing fee,Event entry,April/May 1982,,1.25,GBP,£1.25,Regional event fee,United Kingdom,Period membership application,Direct indexed text; clear fee,HIGH,https://previouspage.co.uk/magazines/BMX%20Action%20Bike/issues/13-april%2Fmay-eighty-two,INDEX-ONLY,ukbmx regional event racing fee april may 1982 1 25 gbp https previouspage co uk magazines bmx 20action 20bike issues 13 april 2fmay eighty two,RETAIN — source-specific observation,Indoor events could differ with prior consultation.,2026-07-31,BMX Action Bike,BMX Action Bike,previouspage.co.uk,Publication accessed through PreviousPage
ABMX-PR-0014,V11-ABMX-0013,,,UKBMX,National event racing fee,Event entry,April/May 1982,,1.5,GBP,£1.50,National event fee,United Kingdom,Period membership application,Direct indexed text; clear fee,HIGH,https://previouspage.co.uk/magazines/BMX%20Action%20Bike/issues/13-april%2Fmay-eighty-two,INDEX-ONLY,ukbmx national event racing fee april may 1982 1 5 gbp https previouspage co uk magazines bmx 20action 20bike issues 13 april 2fmay eighty two,RETAIN — source-specific observation,Indoor events could differ with prior consultation.,2026-07-31,BMX Action Bike,BMX Action Bike,previouspage.co.uk,Publication accessed through PreviousPage
ABMX-PR-0015,V11-ABMX-0014,,,BMX Action Bike,Selected Official BMX back issue,Magazine back issue,April/May 1982,,0.7,GBP,70p per copy,Back-issue mail-order price,United Kingdom,Period publication mailer,Direct indexed text; clear per-copy price,HIGH,https://previouspage.co.uk/magazines/BMX%20Action%20Bike/issues/13-april%2Fmay-eighty-two,INDEX-ONLY,bmx action bike selected official bmx back issue april may 1982 0 7 gbp https previouspage co uk magazines bmx 20action 20bike issues 13 april 2fmay eighty two,RETAIN — source-specific observation,Only the listed available issues are covered.,2026-07-31,BMX Action Bike,BMX Action Bike,previouspage.co.uk,Publication accessed through PreviousPage
ABMX-PR-0016,V11-ABMX-0015,,,Stronglite,Prototype chromoly frame and forks,Frame and fork set,April/May 1982,,100,GBP,Around £100,Projected retail price,United Kingdom,Period product announcement,Direct indexed text; approximate projected price,MEDIUM,https://previouspage.co.uk/magazines/BMX%20Action%20Bike/issues/13-april%2Fmay-eighty-two,INDEX-ONLY,stronglite prototype chromoly frame and forks april may 1982 100 0 gbp https previouspage co uk magazines bmx 20action 20bike issues 13 april 2fmay eighty two,RETAIN — source-specific observation,"Prototype-stage estimate, not confirmed production price.",2026-07-31,BMX Action Bike,BMX Action Bike,previouspage.co.uk,Publication accessed through PreviousPage
ABMX-PR-0017,V11-ABMX-0016,,,Prolite,Fiberglass racing helmet,Protective equipment,April/May 1982,,29,GBP,£29,Advertised retailer price,United Kingdom,Period retailer offer,Direct indexed text; clear price pairing,MEDIUM-HIGH,https://previouspage.co.uk/magazines/BMX%20Action%20Bike/issues/13-april%2Fmay-eighty-two,INDEX-ONLY,prolite fiberglass racing helmet april may 1982 29 0 gbp https previouspage co uk magazines bmx 20action 20bike issues 13 april 2fmay eighty two,RETAIN — source-specific observation,"Retailer offer, not manufacturer MSRP.",2026-07-31,BMX Action Bike,BMX Action Bike,previouspage.co.uk,Publication accessed through PreviousPage
ABMX-PR-0018,V11-ABMX-0017,,,Pacer,Padded leather racing gloves,Protective apparel,April/May 1982,,9.95,GBP,£9.95,Advertised retailer price,United Kingdom,Period retailer offer,Direct indexed text; clear price pairing,HIGH,https://previouspage.co.uk/magazines/BMX%20Action%20Bike/issues/13-april%2Fmay-eighty-two,INDEX-ONLY,pacer padded leather racing gloves april may 1982 9 95 gbp https previouspage co uk magazines bmx 20action 20bike issues 13 april 2fmay eighty two,RETAIN — source-specific observation,Retailer offer.,2026-07-31,BMX Action Bike,BMX Action Bike,previouspage.co.uk,Publication accessed through PreviousPage
ABMX-PR-0019,V11-ABMX-0018,,,BMX Action Bike,Packet of seven assorted BMX stickers,Sticker packet,April/May 1982,,0.95,GBP,95p,Mail-order price,United Kingdom,Period publication mailer,Direct indexed text; clear price pairing,HIGH,https://previouspage.co.uk/magazines/BMX%20Action%20Bike/issues/13-april%2Fmay-eighty-two,INDEX-ONLY,bmx action bike packet of seven assorted bmx stickers april may 1982 0 95 gbp https previouspage co uk magazines bmx 20action 20bike issues 13 april 2fmay eighty two,RETAIN — source-specific observation,Stamped addressed envelope also required.,2026-07-31,BMX Action Bike,BMX Action Bike,previouspage.co.uk,Publication accessed through PreviousPage
ABMX-PR-0020,V11-ABMX-0019,,,MX 1000,Front-and-rear brake pair,Brake set,April/May 1982,,14.5,GBP,£14.50 per pair,Advertised post-paid price,United Kingdom,Period dealer advertisement,Direct indexed text; clear pair price,MEDIUM-HIGH,https://previouspage.co.uk/magazines/BMX%20Action%20Bike/issues/13-april%2Fmay-eighty-two,INDEX-ONLY,mx 1000 front and rear brake pair april may 1982 14 5 gbp https previouspage co uk magazines bmx 20action 20bike issues 13 april 2fmay eighty two,RETAIN — source-specific observation,Front-and-rear pair; exact retailer identity should be checked against page image.,2026-07-31,BMX Action Bike,BMX Action Bike,previouspage.co.uk,Publication accessed through PreviousPage
ABMX-PR-0021,V11-ABMX-0019,,,Retailer unresolved,BMX catalogue request,Catalogue,April/May 1982,,0.2,GBP,20p stamp,Catalogue request cost,United Kingdom,Period dealer advertisement,Direct indexed text; clear request cost,MEDIUM-HIGH,https://previouspage.co.uk/magazines/BMX%20Action%20Bike/issues/13-april%2Fmay-eighty-two,INDEX-ONLY,retailer unresolved bmx catalogue request april may 1982 0 2 gbp https previouspage co uk magazines bmx 20action 20bike issues 13 april 2fmay eighty two,RETAIN — source-specific observation,"Cost is a postage/stamp requirement, not a product price.",2026-07-31,BMX Action Bike,BMX Action Bike,previouspage.co.uk,Publication accessed through PreviousPage
ABMX-PR-0022,V11-ABMX-0023,,,Halfords,Entry-level BMX range,Complete bicycle,June/July 1982,,69.95,GBP,From £69.95,Advertised starting price,United Kingdom,Period publication,Direct indexed text; clearly paired amount and item.,HIGH,https://previouspage.co.uk/magazines/BMX%20Action%20Bike/issues/14-june%2Fjuly-eighty-two,INDEX-ONLY,halfords entry level bmx range june july 1982 69 95 gbp https previouspage co uk magazines bmx 20action 20bike issues 14 june 2fjuly eighty two,RETAIN — source-specific observation,Starting price for the advertised bicycle range.,2026-07-31,BMX Action Bike,BMX Action Bike,previouspage.co.uk,Publication accessed through PreviousPage
ABMX-PR-0023,V11-ABMX-0024,,,Hotshot BMX Racing,Complete BMX bicycle special,Complete bicycle,June/July 1982,,169.95,GBP,£169.95,Advertised special price,United Kingdom,Period publication,Direct indexed text; clearly paired amount and item.,HIGH,https://previouspage.co.uk/magazines/BMX%20Action%20Bike/issues/14-june%2Fjuly-eighty-two,INDEX-ONLY,hotshot bmx racing complete bmx bicycle special june july 1982 169 95 gbp https previouspage co uk magazines bmx 20action 20bike issues 14 june 2fjuly eighty two,RETAIN — source-specific observation,Retailer special; petrol and delivery terms were separate benefits.,2026-07-31,BMX Action Bike,BMX Action Bike,previouspage.co.uk,Publication accessed through PreviousPage
ABMX-PR-0024,V11-ABMX-0029,,,GT,Pro 4,Complete bicycle,June/July 1982,,275,GBP,Approximately £275,Approximate retail price,United Kingdom,Period publication,Direct indexed text; clearly paired amount and item.,HIGH,https://previouspage.co.uk/magazines/BMX%20Action%20Bike/issues/14-june%2Fjuly-eighty-two,INDEX-ONLY,gt pro 4 june july 1982 275 0 gbp https previouspage co uk magazines bmx 20action 20bike issues 14 june 2fjuly eighty two,RETAIN — source-specific observation,"Editorial specification-sheet estimate, not a documented transaction.",2026-07-31,BMX Action Bike,BMX Action Bike,previouspage.co.uk,Publication accessed through PreviousPage
ABMX-PR-0025,V11-ABMX-0039,,,Oakley,O/20 goggle,Protective equipment,June/July 1982,,13,GBP,£13,Advertised retail price,United Kingdom,Period publication,Direct indexed text; clearly paired amount and item.,HIGH,https://previouspage.co.uk/magazines/BMX%20Action%20Bike/issues/14-june%2Fjuly-eighty-two,INDEX-ONLY,oakley o 20 goggle june july 1982 13 0 gbp https previouspage co uk magazines bmx 20action 20bike issues 14 june 2fjuly eighty two,RETAIN — source-specific observation,Retail availability via Gecko.,2026-07-31,BMX Action Bike,BMX Action Bike,previouspage.co.uk,Publication accessed through PreviousPage
ABMX-PR-0026,V11-ABMX-0041,,,Renthal,Wide-rise BMX handlebars,Handlebar,June/July 1982,,12.94,GBP,From £12.94,Advertised starting price,United Kingdom,Period publication,Direct indexed text; clearly paired amount and item.,HIGH,https://previouspage.co.uk/magazines/BMX%20Action%20Bike/issues/14-june%2Fjuly-eighty-two,INDEX-ONLY,renthal wide rise bmx handlebars june july 1982 12 94 gbp https previouspage co uk magazines bmx 20action 20bike issues 14 june 2fjuly eighty two,RETAIN — source-specific observation,Starting price across multiple rise and finish options.,2026-07-31,BMX Action Bike,BMX Action Bike,previouspage.co.uk,Publication accessed through PreviousPage
ABMX-PR-0027,V11-ABMX-0042,,,BMX Action Bike,Wonder Light front/rear set,Lighting,June/July 1982,,5.95,GBP,£5.95,Reader-offer price,United Kingdom,Period publication,Direct indexed text; clearly paired amount and item.,HIGH,https://previouspage.co.uk/magazines/BMX%20Action%20Bike/issues/14-june%2Fjuly-eighty-two,INDEX-ONLY,bmx action bike wonder light front rear set june july 1982 5 95 gbp https previouspage co uk magazines bmx 20action 20bike issues 14 june 2fjuly eighty two,RETAIN — source-specific observation,Included brackets and reflective cycle clips; batteries excluded.,2026-07-31,BMX Action Bike,BMX Action Bike,previouspage.co.uk,Publication accessed through PreviousPage
ABMX-PR-0028,V11-ABMX-0052,,,Paul Connors,Home-built Diamond Back II-inspired bicycle,Complete bicycle,August/September 1982,,20,GBP,About £20,Reported build cost,United Kingdom,Period publication,Direct indexed text; clearly paired amount and item.,MEDIUM-HIGH,https://previouspage.co.uk/magazines/BMX%20Action%20Bike/issues/57-august%2Fseptember-eighty-two,INDEX-ONLY,paul connors home built diamond back ii inspired bicycle august september 1982 20 0 gbp https previouspage co uk magazines bmx 20action 20bike issues 57 august 2fseptember eighty two,RETAIN — source-specific observation,Reader-reported total using reused and purchased parts.,2026-07-31,BMX Action Bike,BMX Action Bike,previouspage.co.uk,Publication accessed through PreviousPage
ABMX-PR-0029,V11-ABMX-0062,,,March Racing Developments,Handmade BMX number plate,Number plate,August/September 1982,,6,GBP,£6,Retail shop price,United Kingdom,Period publication,Direct indexed text; clearly paired amount and item.,HIGH,https://previouspage.co.uk/magazines/BMX%20Action%20Bike/issues/57-august%2Fseptember-eighty-two,INDEX-ONLY,march racing developments handmade bmx number plate august september 1982 6 0 gbp https previouspage co uk magazines bmx 20action 20bike issues 57 august 2fseptember eighty two,RETAIN — source-specific observation,Interview states the plates were sold through shops rather than direct.,2026-07-31,BMX Action Bike,BMX Action Bike,previouspage.co.uk,Publication accessed through PreviousPage
ABMX-PR-0030,V11-ABMX-0067,,,Cooper,Convertible BMX helmet,Protective equipment,August/September 1982,,8.95,GBP,£8.95,Direct-mail price,United Kingdom,Period publication,Direct indexed text; clearly paired amount and item.,HIGH,https://previouspage.co.uk/magazines/BMX%20Action%20Bike/issues/57-august%2Fseptember-eighty-two,INDEX-ONLY,cooper convertible bmx helmet august september 1982 8 95 gbp https previouspage co uk magazines bmx 20action 20bike issues 57 august 2fseptember eighty two,RETAIN — source-specific observation,Postage and packing were additional.,2026-07-31,BMX Action Bike,BMX Action Bike,previouspage.co.uk,Publication accessed through PreviousPage
ABMX-PR-0031,V11-ABMX-0072,,,KHS,Duster 100,Complete bicycle,August/September 1982,,94.95,GBP,£94.95,Recommended retail price,United Kingdom,Period publication,Direct indexed text; clearly paired amount and item.,HIGH,https://previouspage.co.uk/magazines/BMX%20Action%20Bike/issues/57-august%2Fseptember-eighty-two,INDEX-ONLY,khs duster 100 august september 1982 94 95 gbp https previouspage co uk magazines bmx 20action 20bike issues 57 august 2fseptember eighty two,RETAIN — source-specific observation,Distributor-listed RRP.,2026-07-31,BMX Action Bike,BMX Action Bike,previouspage.co.uk,Publication accessed through PreviousPage
ABMX-PR-0032,V11-ABMX-0072,,,KHS,Duster 200,Complete bicycle,August/September 1982,,109.95,GBP,£109.95,Recommended retail price,United Kingdom,Period publication,Direct indexed text; clearly paired amount and item.,HIGH,https://previouspage.co.uk/magazines/BMX%20Action%20Bike/issues/57-august%2Fseptember-eighty-two,INDEX-ONLY,khs duster 200 august september 1982 109 95 gbp https previouspage co uk magazines bmx 20action 20bike issues 57 august 2fseptember eighty two,RETAIN — source-specific observation,Distributor-listed RRP.,2026-07-31,BMX Action Bike,BMX Action Bike,previouspage.co.uk,Publication accessed through PreviousPage
ABMX-PR-0033,V11-ABMX-0072,,,KHS,Duster 300,Complete bicycle,August/September 1982,,129.95,GBP,£129.95,Recommended retail price,United Kingdom,Period publication,Direct indexed text; clearly paired amount and item.,HIGH,https://previouspage.co.uk/magazines/BMX%20Action%20Bike/issues/57-august%2Fseptember-eighty-two,INDEX-ONLY,khs duster 300 august september 1982 129 95 gbp https previouspage co uk magazines bmx 20action 20bike issues 57 august 2fseptember eighty two,RETAIN — source-specific observation,Distributor-listed RRP.,2026-07-31,BMX Action Bike,BMX Action Bike,previouspage.co.uk,Publication accessed through PreviousPage
ABMX-PR-0034,V11-ABMX-0072,,,KHS,Duster 506,Complete bicycle,August/September 1982,,179.95,GBP,£179.95,Recommended retail price,United Kingdom,Period publication,Direct indexed text; clearly paired amount and item.,HIGH,https://previouspage.co.uk/magazines/BMX%20Action%20Bike/issues/57-august%2Fseptember-eighty-two,INDEX-ONLY,khs duster 506 august september 1982 179 95 gbp https previouspage co uk magazines bmx 20action 20bike issues 57 august 2fseptember eighty two,RETAIN — source-specific observation,Distributor-listed RRP.,2026-07-31,BMX Action Bike,BMX Action Bike,previouspage.co.uk,Publication accessed through PreviousPage
ABMX-PR-0035,V11-ABMX-0078,,,Shimano,DX pedals,Pedals,October/November 1982,,14.95,GBP,Special offer £14.95,Advertised special price,United Kingdom,Period publication,Direct indexed text; clearly paired amount and item.,HIGH,https://previouspage.co.uk/magazines/BMX%20Action%20Bike/issues/25-october%2Fnovember-eighty-two,INDEX-ONLY,shimano dx pedals october november 1982 14 95 gbp https previouspage co uk magazines bmx 20action 20bike issues 25 october 2fnovember eighty two,RETAIN — source-specific observation,Reduced from the listed regular price.,2026-07-31,BMX Action Bike,BMX Action Bike,previouspage.co.uk,Publication accessed through PreviousPage
ABMX-PR-0036,V11-ABMX-0078,,,Shimano,DX seat pillar,Seatpost,October/November 1982,,9.95,GBP,Special offer £9.95,Advertised special price,United Kingdom,Period publication,Direct indexed text; clearly paired amount and item.,HIGH,https://previouspage.co.uk/magazines/BMX%20Action%20Bike/issues/25-october%2Fnovember-eighty-two,INDEX-ONLY,shimano dx seat pillar october november 1982 9 95 gbp https previouspage co uk magazines bmx 20action 20bike issues 25 october 2fnovember eighty two,RETAIN — source-specific observation,Reduced from the listed regular price.,2026-07-31,BMX Action Bike,BMX Action Bike,previouspage.co.uk,Publication accessed through PreviousPage
ABMX-PR-0037,V11-ABMX-0087,,,BMX Action Bike,Blue-and-yellow race shirt,Apparel,October/November 1982,,6.95,GBP,£6.95,Mail-order price,United Kingdom,Period publication,Direct indexed text; clearly paired amount and item.,HIGH,https://previouspage.co.uk/magazines/BMX%20Action%20Bike/issues/25-october%2Fnovember-eighty-two,INDEX-ONLY,bmx action bike blue and yellow race shirt october november 1982 6 95 gbp https previouspage co uk magazines bmx 20action 20bike issues 25 october 2fnovember eighty two,RETAIN — source-specific observation,Price included post and packing.,2026-07-31,BMX Action Bike,BMX Action Bike,previouspage.co.uk,Publication accessed through PreviousPage
ABMX-PR-0038,V11-ABMX-0095,,,Tuff Neck,Stem,Stem,October/November 1982,,19.95,GBP,£19.95,Advertised special price,United Kingdom,Period publication,Direct indexed text; clearly paired amount and item.,HIGH,https://previouspage.co.uk/magazines/BMX%20Action%20Bike/issues/25-october%2Fnovember-eighty-two,INDEX-ONLY,tuff neck stem october november 1982 19 95 gbp https previouspage co uk magazines bmx 20action 20bike issues 25 october 2fnovember eighty two,RETAIN — source-specific observation,Monthly dealer special.,2026-07-31,BMX Action Bike,BMX Action Bike,previouspage.co.uk,Publication accessed through PreviousPage
ABMX-PR-0039,V11-ABMX-0095,,,Shimano,Custom DX pedals,Pedals,October/November 1982,,10.95,GBP,£10.95,Advertised special price,United Kingdom,Period publication,Direct indexed text; clearly paired amount and item.,HIGH,https://previouspage.co.uk/magazines/BMX%20Action%20Bike/issues/25-october%2Fnovember-eighty-two,INDEX-ONLY,shimano custom dx pedals october november 1982 10 95 gbp https previouspage co uk magazines bmx 20action 20bike issues 25 october 2fnovember eighty two,RETAIN — source-specific observation,Monthly dealer special.,2026-07-31,BMX Action Bike,BMX Action Bike,previouspage.co.uk,Publication accessed through PreviousPage
ABMX-PR-0040,V11-ABMX-0095,,,Kenda,Whitewall tyre,Tyre,October/November 1982,,3.95,GBP,£3.95,Advertised special price,United Kingdom,Period publication,Direct indexed text; clearly paired amount and item.,HIGH,https://previouspage.co.uk/magazines/BMX%20Action%20Bike/issues/25-october%2Fnovember-eighty-two,INDEX-ONLY,kenda whitewall tyre october november 1982 3 95 gbp https previouspage co uk magazines bmx 20action 20bike issues 25 october 2fnovember eighty two,RETAIN — source-specific observation,Monthly dealer special.,2026-07-31,BMX Action Bike,BMX Action Bike,previouspage.co.uk,Publication accessed through PreviousPage
ABMX-PR-0041,V11-ABMX-0095,,,Invader,PRO 531 complete bicycle,Complete bicycle,October/November 1982,,189.95,GBP,£189.95,Advertised retail price,United Kingdom,Period publication,Direct indexed text; clearly paired amount and item.,HIGH,https://previouspage.co.uk/magazines/BMX%20Action%20Bike/issues/25-october%2Fnovember-eighty-two,INDEX-ONLY,invader pro 531 complete bicycle october november 1982 189 95 gbp https previouspage co uk magazines bmx 20action 20bike issues 25 october 2fnovember eighty two,RETAIN — source-specific observation,Chrome and black complete bicycle.,2026-07-31,BMX Action Bike,BMX Action Bike,previouspage.co.uk,Publication accessed through PreviousPage
ABMX-PR-0042,V11-ABMX-0108,,,Halfords California,California,Complete bicycle,December 1982/January 1983,,69.95,GBP,£69.95,Advertised retail price,United Kingdom,Period publication,Direct indexed text; clearly paired amount and item.,HIGH,https://previouspage.co.uk/magazines/BMX%20Action%20Bike/issues/58-december%2Fjanuary-eighty-two,INDEX-ONLY,halfords california california december 1982 january 1983 69 95 gbp https previouspage co uk magazines bmx 20action 20bike issues 58 december 2fjanuary eighty two,RETAIN — source-specific observation,Period retail price.,2026-07-31,BMX Action Bike,BMX Action Bike,previouspage.co.uk,Publication accessed through PreviousPage
ABMX-PR-0043,V11-ABMX-0108,,,Halfords California,California Star,Complete bicycle,December 1982/January 1983,,79.95,GBP,£79.95,Advertised retail price,United Kingdom,Period publication,Direct indexed text; clearly paired amount and item.,HIGH,https://previouspage.co.uk/magazines/BMX%20Action%20Bike/issues/58-december%2Fjanuary-eighty-two,INDEX-ONLY,halfords california california star december 1982 january 1983 79 95 gbp https previouspage co uk magazines bmx 20action 20bike issues 58 december 2fjanuary eighty two,RETAIN — source-specific observation,Period retail price.,2026-07-31,BMX Action Bike,BMX Action Bike,previouspage.co.uk,Publication accessed through PreviousPage
ABMX-PR-0044,V11-ABMX-0108,,,Halfords California,California Trax Pro,Complete bicycle,December 1982/January 1983,,99.95,GBP,£99.95,Advertised retail price,United Kingdom,Period publication,Direct indexed text; clearly paired amount and item.,HIGH,https://previouspage.co.uk/magazines/BMX%20Action%20Bike/issues/58-december%2Fjanuary-eighty-two,INDEX-ONLY,halfords california california trax pro december 1982 january 1983 99 95 gbp https previouspage co uk magazines bmx 20action 20bike issues 58 december 2fjanuary eighty two,RETAIN — source-specific observation,Period retail price.,2026-07-31,BMX Action Bike,BMX Action Bike,previouspage.co.uk,Publication accessed through PreviousPage
ABMX-PR-0045,V11-ABMX-0108,,,Halfords,Turbo 20X,Complete bicycle,December 1982/January 1983,,99.95,GBP,£99.95,Advertised retail price,United Kingdom,Period publication,Direct indexed text; clearly paired amount and item.,HIGH,https://previouspage.co.uk/magazines/BMX%20Action%20Bike/issues/58-december%2Fjanuary-eighty-two,INDEX-ONLY,halfords turbo 20x december 1982 january 1983 99 95 gbp https previouspage co uk magazines bmx 20action 20bike issues 58 december 2fjanuary eighty two,RETAIN — source-specific observation,Period retail price.,2026-07-31,BMX Action Bike,BMX Action Bike,previouspage.co.uk,Publication accessed through PreviousPage
ABMX-PR-0046,V11-ABMX-0121,,,Raleigh,Pro Burner,Complete bicycle,December 1982/January 1983,,195,GBP,Now only £195,Advertised promotional price,United Kingdom,Period publication,Direct indexed text; clearly paired amount and item.,HIGH,https://previouspage.co.uk/magazines/BMX%20Action%20Bike/issues/58-december%2Fjanuary-eighty-two,INDEX-ONLY,raleigh pro burner december 1982 january 1983 195 0 gbp https previouspage co uk magazines bmx 20action 20bike issues 58 december 2fjanuary eighty two,RETAIN — source-specific observation,Advertisement stated a higher previous price.,2026-07-31,BMX Action Bike,BMX Action Bike,previouspage.co.uk,Publication accessed through PreviousPage
ABMX-PR-0047,V11-ABMX-0125,,,Kuwahara,Original E.T.,Complete bicycle,December 1982/January 1983,,185,GBP,£185,Advertised retail price,United Kingdom,Period publication,Direct indexed text; clearly paired amount and item.,HIGH,https://previouspage.co.uk/magazines/BMX%20Action%20Bike/issues/58-december%2Fjanuary-eighty-two,INDEX-ONLY,kuwahara original e t december 1982 january 1983 185 0 gbp https previouspage co uk magazines bmx 20action 20bike issues 58 december 2fjanuary eighty two,RETAIN — source-specific observation,Original E.T. model.,2026-07-31,BMX Action Bike,BMX Action Bike,previouspage.co.uk,Publication accessed through PreviousPage
ABMX-PR-0048,V11-ABMX-0125,,,Kuwahara,Replica E.T.,Complete bicycle,December 1982/January 1983,,151.5,GBP,£151.50,Advertised retail price,United Kingdom,Period publication,Direct indexed text; clearly paired amount and item.,HIGH,https://previouspage.co.uk/magazines/BMX%20Action%20Bike/issues/58-december%2Fjanuary-eighty-two,INDEX-ONLY,kuwahara replica e t december 1982 january 1983 151 50 gbp https previouspage co uk magazines bmx 20action 20bike issues 58 december 2fjanuary eighty two,RETAIN — source-specific observation,Replica E.T. model; indexed source amount corrected to £151.50 during release audit.,2026-07-31,BMX Action Bike,BMX Action Bike,previouspage.co.uk,Publication accessed through PreviousPage
ABMX-PR-0049,V11-ABMX-0132,,,Robinson Racing Products,Sticker and catalogue request,Catalogue,December 1982/January 1983,,1,GBP,£1,Catalogue/sticker request price,United Kingdom,Period publication,Direct indexed text; clearly paired amount and item.,HIGH,https://previouspage.co.uk/magazines/BMX%20Action%20Bike/issues/58-december%2Fjanuary-eighty-two,INDEX-ONLY,robinson racing products sticker and catalogue request december 1982 january 1983 1 0 gbp https previouspage co uk magazines bmx 20action 20bike issues 58 december 2fjanuary eighty two,RETAIN — source-specific observation,Advertisement wording pairs the payment with a sticker and catalogue.,2026-07-31,BMX Action Bike,BMX Action Bike,previouspage.co.uk,Publication accessed through PreviousPage
ABMX-PR-0050,V11-ABMX-0133,,,UNI,UNI Seat,Saddle,February/March 1983,,17.99,GBP,£17.99 or less,Suggested retail ceiling,United Kingdom,Period publication,Direct indexed text; clearly paired amount and item.,HIGH,https://previouspage.co.uk/magazines/BMX%20Action%20Bike/issues/59-february%2Fmarch-eighty-three,INDEX-ONLY,uni uni seat february march 1983 17 99 gbp https previouspage co uk magazines bmx 20action 20bike issues 59 february 2fmarch eighty three,RETAIN — source-specific observation,Advertisement stated retail at this amount or less.,2026-07-31,BMX Action Bike,BMX Action Bike,previouspage.co.uk,Publication accessed through PreviousPage
ABMX-PR-0051,V11-ABMX-0137,,,BMX Action Bike,Twelve-issue binder,Binder,February/March 1983,,3.95,GBP,£3.95,Mail-order price,United Kingdom,Period publication,Direct indexed text; clearly paired amount and item.,HIGH,https://previouspage.co.uk/magazines/BMX%20Action%20Bike/issues/59-february%2Fmarch-eighty-three,INDEX-ONLY,bmx action bike twelve issue binder february march 1983 3 95 gbp https previouspage co uk magazines bmx 20action 20bike issues 59 february 2fmarch eighty three,RETAIN — source-specific observation,Included post and packing.,2026-07-31,BMX Action Bike,BMX Action Bike,previouspage.co.uk,Publication accessed through PreviousPage
ABMX-PR-0052,V11-ABMX-0138,,,BMX Action Bike,Blue-and-yellow race shirt,Apparel,February/March 1983,,6.95,GBP,£6.95,Mail-order price,United Kingdom,Period publication,Direct indexed text; clearly paired amount and item.,HIGH,https://previouspage.co.uk/magazines/BMX%20Action%20Bike/issues/59-february%2Fmarch-eighty-three,INDEX-ONLY,bmx action bike blue and yellow race shirt february march 1983 6 95 gbp https previouspage co uk magazines bmx 20action 20bike issues 59 february 2fmarch eighty three,RETAIN — source-specific observation,Included post and packing.,2026-07-31,BMX Action Bike,BMX Action Bike,previouspage.co.uk,Publication accessed through PreviousPage
ABMX-PR-0053,V11-ABMX-0139,,,Araya,ADX-7W rim,Rim,February/March 1983,,14,GBP,Around £14 each,Approximate retail price,United Kingdom,Period publication,Direct indexed text; clearly paired amount and item.,HIGH,https://previouspage.co.uk/magazines/BMX%20Action%20Bike/issues/59-february%2Fmarch-eighty-three,INDEX-ONLY,araya adx 7w rim february march 1983 14 0 gbp https previouspage co uk magazines bmx 20action 20bike issues 59 february 2fmarch eighty three,RETAIN — source-specific observation,Approximate per-rim price.,2026-07-31,BMX Action Bike,BMX Action Bike,previouspage.co.uk,Publication accessed through PreviousPage
ABMX-PR-0054,V11-ABMX-0142,,,Raleigh,Pro Burner,Complete bicycle,February/March 1983,,195,GBP,£195,Advertised retail price,United Kingdom,Period publication,Direct indexed text; clearly paired amount and item.,HIGH,https://previouspage.co.uk/magazines/BMX%20Action%20Bike/issues/59-february%2Fmarch-eighty-three,INDEX-ONLY,raleigh pro burner february march 1983 195 0 gbp https previouspage co uk magazines bmx 20action 20bike issues 59 february 2fmarch eighty three,RETAIN — source-specific observation,Retail list price.,2026-07-31,BMX Action Bike,BMX Action Bike,previouspage.co.uk,Publication accessed through PreviousPage
ABMX-PR-0055,V11-ABMX-0163,,,Strongs Bicycles,BMX race shirt,Apparel,April/May 1983,,6.95,GBP,£6.95,Mail-order price,United Kingdom,Period publication,Direct indexed text; clearly paired amount and item.,HIGH,https://previouspage.co.uk/magazines/BMX%20Action%20Bike/issues/60-april%2Fmay-eighty-three,INDEX-ONLY,strongs bicycles bmx race shirt april may 1983 6 95 gbp https previouspage co uk magazines bmx 20action 20bike issues 60 april 2fmay eighty three,RETAIN — source-specific observation,Postage was additional.,2026-07-31,BMX Action Bike,BMX Action Bike,previouspage.co.uk,Publication accessed through PreviousPage
ABMX-PR-0056,V11-ABMX-0172,,,City BMX,Race pants,Protective apparel,April/May 1983,,15.2,GBP,£15.20,Mail-order price,United Kingdom,Period publication,Direct indexed text; clearly paired amount and item.,HIGH,https://previouspage.co.uk/magazines/BMX%20Action%20Bike/issues/60-april%2Fmay-eighty-three,INDEX-ONLY,city bmx race pants april may 1983 15 2 gbp https previouspage co uk magazines bmx 20action 20bike issues 60 april 2fmay eighty three,RETAIN — source-specific observation,Postage was additional.,2026-07-31,BMX Action Bike,BMX Action Bike,previouspage.co.uk,Publication accessed through PreviousPage
ABMX-PR-0057,V11-ABMX-0173,,,City BMX,Lightweight race helmet,Protective equipment,April/May 1983,,26.45,GBP,£26.45,Mail-order price,United Kingdom,Period publication,Direct indexed text; clearly paired amount and item.,MEDIUM-HIGH,https://previouspage.co.uk/magazines/BMX%20Action%20Bike/issues/60-april%2Fmay-eighty-three,INDEX-ONLY,city bmx lightweight race helmet april may 1983 26 45 gbp https previouspage co uk magazines bmx 20action 20bike issues 60 april 2fmay eighty three,RETAIN — source-specific observation,Postage was additional.,2026-07-31,BMX Action Bike,BMX Action Bike,previouspage.co.uk,Publication accessed through PreviousPage
ABMX-PR-0058,V11-ABMX-0174,,,City BMX,Shoulder protectors,Protective equipment,April/May 1983,,18.95,GBP,£18.95,Mail-order price,United Kingdom,Period publication,Direct indexed text; clearly paired amount and item.,HIGH,https://previouspage.co.uk/magazines/BMX%20Action%20Bike/issues/60-april%2Fmay-eighty-three,INDEX-ONLY,city bmx shoulder protectors april may 1983 18 95 gbp https previouspage co uk magazines bmx 20action 20bike issues 60 april 2fmay eighty three,RETAIN — source-specific observation,Postage was additional.,2026-07-31,BMX Action Bike,BMX Action Bike,previouspage.co.uk,Publication accessed through PreviousPage
ABMX-PR-0059,V11-ABMX-0182,,,Huffy,Pro Lightning,Complete bicycle,April/May 1983,,249,GBP,Approximately £249,Approximate retail price,United Kingdom,Period publication,Direct indexed text; clearly paired amount and item.,HIGH,https://previouspage.co.uk/magazines/BMX%20Action%20Bike/issues/60-april%2Fmay-eighty-three,INDEX-ONLY,huffy pro lightning april may 1983 249 0 gbp https previouspage co uk magazines bmx 20action 20bike issues 60 april 2fmay eighty three,RETAIN — source-specific observation,"Editorial test price; text contains OCR inconsistency elsewhere, so retained as approximate.",2026-07-31,BMX Action Bike,BMX Action Bike,previouspage.co.uk,Publication accessed through PreviousPage
ABMX-PR-0060,V11-ABMX-0183,,,Ride-On MX Products,Retrofit sealed-bearing hub pair,Hub conversion kit,April/May 1983,,19.99,GBP,£19.99 a pair,Mail-order price,United Kingdom,Period publication,Direct indexed text; clearly paired amount and item.,HIGH,https://previouspage.co.uk/magazines/BMX%20Action%20Bike/issues/60-april%2Fmay-eighty-three,INDEX-ONLY,ride on mx products retrofit sealed bearing hub pair april may 1983 19 99 gbp https previouspage co uk magazines bmx 20action 20bike issues 60 april 2fmay eighty three,RETAIN — source-specific observation,Price included VAT and postage/packing.,2026-07-31,BMX Action Bike,BMX Action Bike,previouspage.co.uk,Publication accessed through PreviousPage
ABMX-PR-0061,V11-ABMX-0185,,,Lee Cooper; Reflex Publications,Ready to Go BMX video,Video,April/May 1983,,29,GBP,£29,Mail-order price,United Kingdom,Period publication,Direct indexed text; clearly paired amount and item.,HIGH,https://previouspage.co.uk/magazines/BMX%20Action%20Bike/issues/60-april%2Fmay-eighty-three,INDEX-ONLY,lee cooper reflex publications ready to go bmx video april may 1983 29 0 gbp https previouspage co uk magazines bmx 20action 20bike issues 60 april 2fmay eighty three,RETAIN — source-specific observation,Price included VAT.,2026-07-31,BMX Action Bike,BMX Action Bike,previouspage.co.uk,Publication accessed through PreviousPage
ABMX-PR-0062,V11-ABMX-0186,,,BMX Video,USA professional BMX action video,Video,April/May 1983,,19.5,GBP,£19.50,Mail-order price,United Kingdom,Period publication,Direct indexed text; clearly paired amount and item.,HIGH,https://previouspage.co.uk/magazines/BMX%20Action%20Bike/issues/60-april%2Fmay-eighty-three,INDEX-ONLY,bmx video usa professional bmx action video april may 1983 19 5 gbp https previouspage co uk magazines bmx 20action 20bike issues 60 april 2fmay eighty three,RETAIN — source-specific observation,Price included postage and packing.,2026-07-31,BMX Action Bike,BMX Action Bike,previouspage.co.uk,Publication accessed through PreviousPage
ABMX-PR-0063,V11-ABMX-0187,,,BMX Action Bike,Six-issue subscription,Subscription,April/May 1983,,5,GBP,£5,Subscription price,United Kingdom,Period publication,Direct indexed text; clearly paired amount and item.,HIGH,https://previouspage.co.uk/magazines/BMX%20Action%20Bike/issues/60-april%2Fmay-eighty-three,INDEX-ONLY,bmx action bike six issue subscription april may 1983 5 0 gbp https previouspage co uk magazines bmx 20action 20bike issues 60 april 2fmay eighty three,RETAIN — source-specific observation,Offer covered the next six issues.,2026-07-31,BMX Action Bike,BMX Action Bike,previouspage.co.uk,Publication accessed through PreviousPage
ABMX-PR-0064,V12-ABMX-0190,,,Haro Designs,Brochure and decals,Information pack,June 1983,,1,USD,$1,Mail-order fee,United States mail-order offer published in UK issue,Period publication,Indexed issue text; the amount/item pairing is retained pending page-image comparison.,MEDIUM-HIGH,https://previouspage.co.uk/magazines/BMX%20Action%20Bike/issues/61-june-nineteen-eighty-three,INDEX-ONLY,haro designs brochure and decals june 1983 1 0 usd https previouspage co uk magazines bmx 20action 20bike issues 61 june nineteen eighty three,RETAIN — source-specific observation,Source-specific advertised amount; no inflation adjustment or averaging. Page-image comparison remains pending; no inflation adjustment or averaging is applied.,2026-08-01,BMX Action Bike,BMX Action Bike,previouspage.co.uk,Publication accessed through PreviousPage
ABMX-PR-0065,V12-ABMX-0191,,,Action Bike,BMX pad set,Pad set,June 1983,,8.95,GBP,£8.95,Advertised mail-order price,United Kingdom,Period publication,Indexed issue text; the amount/item pairing is retained pending page-image comparison.,MEDIUM-HIGH,https://previouspage.co.uk/magazines/BMX%20Action%20Bike/issues/61-june-nineteen-eighty-three,INDEX-ONLY,action bike bmx pad set june 1983 8 95 gbp https previouspage co uk magazines bmx 20action 20bike issues 61 june nineteen eighty three,RETAIN — source-specific observation,Source-specific advertised amount; no inflation adjustment or averaging. Page-image comparison remains pending; no inflation adjustment or averaging is applied.,2026-08-01,BMX Action Bike,BMX Action Bike,previouspage.co.uk,Publication accessed through PreviousPage
ABMX-PR-0066,V12-ABMX-0191,,,Oakley,Point Five grips,Grips,June 1983,,3.49,GBP,£3.49,Advertised mail-order price,United Kingdom,Period publication,Indexed issue text; the amount/item pairing is retained pending page-image comparison.,MEDIUM-HIGH,https://previouspage.co.uk/magazines/BMX%20Action%20Bike/issues/61-june-nineteen-eighty-three,INDEX-ONLY,oakley point five grips june 1983 3 49 gbp https previouspage co uk magazines bmx 20action 20bike issues 61 june nineteen eighty three,RETAIN — source-specific observation,Source-specific advertised amount; no inflation adjustment or averaging. Page-image comparison remains pending; no inflation adjustment or averaging is applied.,2026-08-01,BMX Action Bike,BMX Action Bike,previouspage.co.uk,Publication accessed through PreviousPage
ABMX-PR-0067,V12-ABMX-0191,,,Oakley,F-1 grips,Grips,June 1983,,6.5,GBP,£6.50,Advertised mail-order price,United Kingdom,Period publication,Indexed issue text; the amount/item pairing is retained pending page-image comparison.,MEDIUM-HIGH,https://previouspage.co.uk/magazines/BMX%20Action%20Bike/issues/61-june-nineteen-eighty-three,INDEX-ONLY,oakley f 1 grips june 1983 6 5 gbp https previouspage co uk magazines bmx 20action 20bike issues 61 june nineteen eighty three,RETAIN — source-specific observation,Source-specific advertised amount; no inflation adjustment or averaging. Page-image comparison remains pending; no inflation adjustment or averaging is applied.,2026-08-01,BMX Action Bike,BMX Action Bike,previouspage.co.uk,Publication accessed through PreviousPage
ABMX-PR-0068,V12-ABMX-0191,,,Oakley,B-1B grips,Grips,June 1983,,7.95,GBP,£7.95,Advertised mail-order price,United Kingdom,Period publication,Indexed issue text; the amount/item pairing is retained pending page-image comparison.,MEDIUM-HIGH,https://previouspage.co.uk/magazines/BMX%20Action%20Bike/issues/61-june-nineteen-eighty-three,INDEX-ONLY,oakley b 1b grips june 1983 7 95 gbp https previouspage co uk magazines bmx 20action 20bike issues 61 june nineteen eighty three,RETAIN — source-specific observation,Source-specific advertised amount; no inflation adjustment or averaging. Page-image comparison remains pending; no inflation adjustment or averaging is applied.,2026-08-01,BMX Action Bike,BMX Action Bike,previouspage.co.uk,Publication accessed through PreviousPage
ABMX-PR-0069,V12-ABMX-0193,,,Tange / Spokes,FMX 200 complete bicycle,Complete bicycle,June 1983,,109.95,GBP,£109.95,Cash-and-carry price,United Kingdom,Period publication,Indexed issue text; the amount/item pairing is retained pending page-image comparison.,MEDIUM-HIGH,https://previouspage.co.uk/magazines/BMX%20Action%20Bike/issues/61-june-nineteen-eighty-three,INDEX-ONLY,tange spokes fmx 200 complete bicycle june 1983 109 95 gbp https previouspage co uk magazines bmx 20action 20bike issues 61 june nineteen eighty three,RETAIN — source-specific observation,Source-specific advertised amount; no inflation adjustment or averaging. Page-image comparison remains pending; no inflation adjustment or averaging is applied.,2026-08-01,BMX Action Bike,BMX Action Bike,previouspage.co.uk,Publication accessed through PreviousPage
ABMX-PR-0070,V12-ABMX-0199,,,DP Racing,Firebird frame and fork set,Frame and fork set,June 1983,,64.95,GBP,£64.95,Mail-order price,United Kingdom,Period publication,Indexed issue text; the amount/item pairing is retained pending page-image comparison.,MEDIUM-HIGH,https://previouspage.co.uk/magazines/BMX%20Action%20Bike/issues/61-june-nineteen-eighty-three,INDEX-ONLY,dp racing firebird frame and fork set june 1983 64 95 gbp https previouspage co uk magazines bmx 20action 20bike issues 61 june nineteen eighty three,RETAIN — source-specific observation,Source-specific advertised amount; no inflation adjustment or averaging. Page-image comparison remains pending; no inflation adjustment or averaging is applied.,2026-08-01,BMX Action Bike,BMX Action Bike,previouspage.co.uk,Publication accessed through PreviousPage
ABMX-PR-0071,V12-ABMX-0198,,,BMX Action Bike,Available back issue,Magazine back issue,June 1983,,0.7,GBP,70p per copy,Back-issue mail-order price,United Kingdom,Period publication,Indexed issue text; the amount/item pairing is retained pending page-image comparison.,MEDIUM-HIGH,https://previouspage.co.uk/magazines/BMX%20Action%20Bike/issues/61-june-nineteen-eighty-three,INDEX-ONLY,bmx action bike available back issue june 1983 0 7 gbp https previouspage co uk magazines bmx 20action 20bike issues 61 june nineteen eighty three,RETAIN — source-specific observation,Source-specific advertised amount; no inflation adjustment or averaging. Page-image comparison remains pending; no inflation adjustment or averaging is applied.,2026-08-01,BMX Action Bike,BMX Action Bike,previouspage.co.uk,Publication accessed through PreviousPage
ABMX-PR-0072,V12-ABMX-0200,,,BMX Action Bike,Twelve-issue binder,Binder,June 1983,,3.95,GBP,£3.95,Mail-order price,United Kingdom,Period publication,Indexed issue text; the amount/item pairing is retained pending page-image comparison.,MEDIUM-HIGH,https://previouspage.co.uk/magazines/BMX%20Action%20Bike/issues/61-june-nineteen-eighty-three,INDEX-ONLY,bmx action bike twelve issue binder june 1983 3 95 gbp https previouspage co uk magazines bmx 20action 20bike issues 61 june nineteen eighty three,RETAIN — source-specific observation,Source-specific advertised amount; no inflation adjustment or averaging. Page-image comparison remains pending; no inflation adjustment or averaging is applied.,2026-08-01,BMX Action Bike,BMX Action Bike,previouspage.co.uk,Publication accessed through PreviousPage
ABMX-PR-0073,V12-ABMX-0201,,,BMX Action Bike,Blue-and-yellow race shirt,Apparel,June 1983,,6.95,GBP,£6.95,Mail-order price,United Kingdom,Period publication,Indexed issue text; the amount/item pairing is retained pending page-image comparison.,MEDIUM-HIGH,https://previouspage.co.uk/magazines/BMX%20Action%20Bike/issues/61-june-nineteen-eighty-three,INDEX-ONLY,bmx action bike blue and yellow race shirt june 1983 6 95 gbp https previouspage co uk magazines bmx 20action 20bike issues 61 june nineteen eighty three,RETAIN — source-specific observation,Source-specific advertised amount; no inflation adjustment or averaging. Page-image comparison remains pending; no inflation adjustment or averaging is applied.,2026-08-01,BMX Action Bike,BMX Action Bike,previouspage.co.uk,Publication accessed through PreviousPage
ABMX-PR-0074,V12-ABMX-0202,,,Torker,260 complete bicycle,Complete bicycle,June 1983,,225,GBP,£225.00,Advertised retail price,United Kingdom,Period publication,Indexed issue text; the amount/item pairing is retained pending page-image comparison.,MEDIUM-HIGH,https://previouspage.co.uk/magazines/BMX%20Action%20Bike/issues/61-june-nineteen-eighty-three,INDEX-ONLY,torker 260 complete bicycle june 1983 225 0 gbp https previouspage co uk magazines bmx 20action 20bike issues 61 june nineteen eighty three,RETAIN — source-specific observation,Source-specific advertised amount; no inflation adjustment or averaging. Page-image comparison remains pending; no inflation adjustment or averaging is applied.,2026-08-01,BMX Action Bike,BMX Action Bike,previouspage.co.uk,Publication accessed through PreviousPage
ABMX-PR-0075,V12-ABMX-0202,,,Torker,280X complete bicycle,Complete bicycle,June 1983,,228,GBP,£228.00,Advertised retail price,United Kingdom,Period publication,Indexed issue text; the amount/item pairing is retained pending page-image comparison.,MEDIUM-HIGH,https://previouspage.co.uk/magazines/BMX%20Action%20Bike/issues/61-june-nineteen-eighty-three,INDEX-ONLY,torker 280x complete bicycle june 1983 228 0 gbp https previouspage co uk magazines bmx 20action 20bike issues 61 june nineteen eighty three,RETAIN — source-specific observation,Source-specific advertised amount; no inflation adjustment or averaging. Page-image comparison remains pending; no inflation adjustment or averaging is applied.,2026-08-01,BMX Action Bike,BMX Action Bike,previouspage.co.uk,Publication accessed through PreviousPage
ABMX-PR-0076,V12-ABMX-0202,,,Torker,340 24-inch cruiser,Complete bicycle,June 1983,,275,GBP,£275.00,Advertised retail price,United Kingdom,Period publication,Indexed issue text; the amount/item pairing is retained pending page-image comparison.,MEDIUM-HIGH,https://previouspage.co.uk/magazines/BMX%20Action%20Bike/issues/61-june-nineteen-eighty-three,INDEX-ONLY,torker 340 24 inch cruiser june 1983 275 0 gbp https previouspage co uk magazines bmx 20action 20bike issues 61 june nineteen eighty three,RETAIN — source-specific observation,Source-specific advertised amount; no inflation adjustment or averaging. Page-image comparison remains pending; no inflation adjustment or averaging is applied.,2026-08-01,BMX Action Bike,BMX Action Bike,previouspage.co.uk,Publication accessed through PreviousPage
ABMX-PR-0077,V12-ABMX-0205,,,DP Racing,Firebird Delta II frame,Frame,June 1983,,89.95,GBP,£89.95,Advertised retail price,United Kingdom,Period publication,Indexed issue text; the amount/item pairing is retained pending page-image comparison.,MEDIUM-HIGH,https://previouspage.co.uk/magazines/BMX%20Action%20Bike/issues/61-june-nineteen-eighty-three,INDEX-ONLY,dp racing firebird delta ii frame june 1983 89 95 gbp https previouspage co uk magazines bmx 20action 20bike issues 61 june nineteen eighty three,RETAIN — source-specific observation,Source-specific advertised amount; no inflation adjustment or averaging. Page-image comparison remains pending; no inflation adjustment or averaging is applied.,2026-08-01,BMX Action Bike,BMX Action Bike,previouspage.co.uk,Publication accessed through PreviousPage
ABMX-PR-0078,V12-ABMX-0217,,,Rivat,BMX shoes,Footwear,June 1983,,25.28,GBP,£25.28,Advertised retail price,United Kingdom,Period publication,Indexed issue text; the amount/item pairing is retained pending page-image comparison.,MEDIUM-HIGH,https://previouspage.co.uk/magazines/BMX%20Action%20Bike/issues/61-june-nineteen-eighty-three,INDEX-ONLY,rivat bmx shoes june 1983 25 28 gbp https previouspage co uk magazines bmx 20action 20bike issues 61 june nineteen eighty three,RETAIN — source-specific observation,Source-specific advertised amount; no inflation adjustment or averaging. Page-image comparison remains pending; no inflation adjustment or averaging is applied.,2026-08-01,BMX Action Bike,BMX Action Bike,previouspage.co.uk,Publication accessed through PreviousPage
ABMX-PR-0079,V12-ABMX-0210,,,Kuwahara,E.T. Replica complete bicycle,Complete bicycle,June 1983,,151,GBP,£151.00,Advertised special price,United Kingdom,Period publication,Indexed issue text; the amount/item pairing is retained pending page-image comparison.,MEDIUM-HIGH,https://previouspage.co.uk/magazines/BMX%20Action%20Bike/issues/61-june-nineteen-eighty-three,INDEX-ONLY,kuwahara e t replica complete bicycle june 1983 151 0 gbp https previouspage co uk magazines bmx 20action 20bike issues 61 june nineteen eighty three,RETAIN — source-specific observation,Source-specific advertised amount; no inflation adjustment or averaging. Page-image comparison remains pending; no inflation adjustment or averaging is applied.,2026-08-01,BMX Action Bike,BMX Action Bike,previouspage.co.uk,Publication accessed through PreviousPage
ABMX-PR-0080,V12-ABMX-0211,,,Haro,Freestyle Moves book,Book,June 1983,,4.99,GBP,£4.99,Advertised mail-order price,United Kingdom,Period publication,Indexed issue text; the amount/item pairing is retained pending page-image comparison.,MEDIUM-HIGH,https://previouspage.co.uk/magazines/BMX%20Action%20Bike/issues/61-june-nineteen-eighty-three,INDEX-ONLY,haro freestyle moves book june 1983 4 99 gbp https previouspage co uk magazines bmx 20action 20bike issues 61 june nineteen eighty three,RETAIN — source-specific observation,Source-specific advertised amount; no inflation adjustment or averaging. Page-image comparison remains pending; no inflation adjustment or averaging is applied.,2026-08-01,BMX Action Bike,BMX Action Bike,previouspage.co.uk,Publication accessed through PreviousPage
ABMX-PR-0081,V12-ABMX-0211,,,California Lite,Litesliders elbow guards,Protective equipment,June 1983,,9.99,GBP,£9.99,Advertised mail-order price,United Kingdom,Period publication,Indexed issue text; the amount/item pairing is retained pending page-image comparison.,MEDIUM-HIGH,https://previouspage.co.uk/magazines/BMX%20Action%20Bike/issues/61-june-nineteen-eighty-three,INDEX-ONLY,california lite litesliders elbow guards june 1983 9 99 gbp https previouspage co uk magazines bmx 20action 20bike issues 61 june nineteen eighty three,RETAIN — source-specific observation,Source-specific advertised amount; no inflation adjustment or averaging. Page-image comparison remains pending; no inflation adjustment or averaging is applied.,2026-08-01,BMX Action Bike,BMX Action Bike,previouspage.co.uk,Publication accessed through PreviousPage
ABMX-PR-0082,V12-ABMX-0211,,,CW,29-inch Pro chromoly handlebar,Handlebar,June 1983,,17.99,GBP,£17.99,Advertised mail-order price,United Kingdom,Period publication,Indexed issue text; the amount/item pairing is retained pending page-image comparison.,MEDIUM-HIGH,https://previouspage.co.uk/magazines/BMX%20Action%20Bike/issues/61-june-nineteen-eighty-three,INDEX-ONLY,cw 29 inch pro chromoly handlebar june 1983 17 99 gbp https previouspage co uk magazines bmx 20action 20bike issues 61 june nineteen eighty three,RETAIN — source-specific observation,Source-specific advertised amount; no inflation adjustment or averaging. Page-image comparison remains pending; no inflation adjustment or averaging is applied.,2026-08-01,BMX Action Bike,BMX Action Bike,previouspage.co.uk,Publication accessed through PreviousPage
ABMX-PR-0083,V12-ABMX-0211,,,Haro,Series 1 number plate,Number plate,June 1983,,7.99,GBP,£7.99,Advertised mail-order price,United Kingdom,Period publication,Indexed issue text; the amount/item pairing is retained pending page-image comparison.,MEDIUM-HIGH,https://previouspage.co.uk/magazines/BMX%20Action%20Bike/issues/61-june-nineteen-eighty-three,INDEX-ONLY,haro series 1 number plate june 1983 7 99 gbp https previouspage co uk magazines bmx 20action 20bike issues 61 june nineteen eighty three,RETAIN — source-specific observation,Source-specific advertised amount; no inflation adjustment or averaging. Page-image comparison remains pending; no inflation adjustment or averaging is applied.,2026-08-01,BMX Action Bike,BMX Action Bike,previouspage.co.uk,Publication accessed through PreviousPage
ABMX-PR-0084,V12-ABMX-0211,,,Renthal,18-inch layback seatpost,Seatpost,June 1983,,6.75,GBP,£6.75,Advertised mail-order price,United Kingdom,Period publication,Indexed issue text; the amount/item pairing is retained pending page-image comparison.,MEDIUM-HIGH,https://previouspage.co.uk/magazines/BMX%20Action%20Bike/issues/61-june-nineteen-eighty-three,INDEX-ONLY,renthal 18 inch layback seatpost june 1983 6 75 gbp https previouspage co uk magazines bmx 20action 20bike issues 61 june nineteen eighty three,RETAIN — source-specific observation,Source-specific advertised amount; no inflation adjustment or averaging. Page-image comparison remains pending; no inflation adjustment or averaging is applied.,2026-08-01,BMX Action Bike,BMX Action Bike,previouspage.co.uk,Publication accessed through PreviousPage
ABMX-PR-0085,V12-ABMX-0212,,,MX 100,Rear brake with cable and lever,Brake set,June 1983,,7.5,GBP,£7.50,Advertised retail price,United Kingdom,Period publication,Indexed issue text; the amount/item pairing is retained pending page-image comparison.,MEDIUM-HIGH,https://previouspage.co.uk/magazines/BMX%20Action%20Bike/issues/61-june-nineteen-eighty-three,INDEX-ONLY,mx 100 rear brake with cable and lever june 1983 7 5 gbp https previouspage co uk magazines bmx 20action 20bike issues 61 june nineteen eighty three,RETAIN — source-specific observation,Source-specific advertised amount; no inflation adjustment or averaging. Page-image comparison remains pending; no inflation adjustment or averaging is applied.,2026-08-01,BMX Action Bike,BMX Action Bike,previouspage.co.uk,Publication accessed through PreviousPage
ABMX-PR-0086,V12-ABMX-0212,,,Sharp,Bottom-bracket boot,Bottom-bracket protector,June 1983,,1,GBP,£1.00,Advertised retail price,United Kingdom,Period publication,Indexed issue text; the amount/item pairing is retained pending page-image comparison.,MEDIUM-HIGH,https://previouspage.co.uk/magazines/BMX%20Action%20Bike/issues/61-june-nineteen-eighty-three,INDEX-ONLY,sharp bottom bracket boot june 1983 1 0 gbp https previouspage co uk magazines bmx 20action 20bike issues 61 june nineteen eighty three,RETAIN — source-specific observation,Source-specific advertised amount; no inflation adjustment or averaging. Page-image comparison remains pending; no inflation adjustment or averaging is applied.,2026-08-01,BMX Action Bike,BMX Action Bike,previouspage.co.uk,Publication accessed through PreviousPage
ABMX-PR-0087,V12-ABMX-0213,,,Cyclo,247 trials chainwheel for one-piece crank,Chainwheel,June 1983,,6.25,GBP,£6.25 inc. p&p,Advertised mail-order price,United Kingdom,Period publication,Indexed issue text; the amount/item pairing is retained pending page-image comparison.,MEDIUM-HIGH,https://previouspage.co.uk/magazines/BMX%20Action%20Bike/issues/61-june-nineteen-eighty-three,INDEX-ONLY,cyclo 247 trials chainwheel for one piece crank june 1983 6 25 gbp https previouspage co uk magazines bmx 20action 20bike issues 61 june nineteen eighty three,RETAIN — source-specific observation,Source-specific advertised amount; no inflation adjustment or averaging. Page-image comparison remains pending; no inflation adjustment or averaging is applied.,2026-08-01,BMX Action Bike,BMX Action Bike,previouspage.co.uk,Publication accessed through PreviousPage
ABMX-PR-0088,V12-ABMX-0222,,,Tioga,Sealed headset,Headset,June 1983,,9.95,GBP,£9.95,Advertised mail-order price,United Kingdom,Period publication,Indexed issue text; the amount/item pairing is retained pending page-image comparison.,MEDIUM-HIGH,https://previouspage.co.uk/magazines/BMX%20Action%20Bike/issues/61-june-nineteen-eighty-three,INDEX-ONLY,tioga sealed headset june 1983 9 95 gbp https previouspage co uk magazines bmx 20action 20bike issues 61 june nineteen eighty three,RETAIN — source-specific observation,Source-specific advertised amount; no inflation adjustment or averaging. Page-image comparison remains pending; no inflation adjustment or averaging is applied.,2026-08-01,BMX Action Bike,BMX Action Bike,previouspage.co.uk,Publication accessed through PreviousPage
ABMX-PR-0089,V12-ABMX-0222,,,Oakley,B-1B grips,Grips,June 1983,,8.99,GBP,£8.99,Advertised mail-order price,United Kingdom,Period publication,Indexed issue text; the amount/item pairing is retained pending page-image comparison.,MEDIUM-HIGH,https://previouspage.co.uk/magazines/BMX%20Action%20Bike/issues/61-june-nineteen-eighty-three,INDEX-ONLY,oakley b 1b grips june 1983 8 99 gbp https previouspage co uk magazines bmx 20action 20bike issues 61 june nineteen eighty three,RETAIN — source-specific observation,Source-specific advertised amount; no inflation adjustment or averaging. Page-image comparison remains pending; no inflation adjustment or averaging is applied.,2026-08-01,BMX Action Bike,BMX Action Bike,previouspage.co.uk,Publication accessed through PreviousPage
ABMX-PR-0090,V12-ABMX-0222,,,Suntour,VX crankset,Crankset,June 1983,,17.35,GBP,£17.35,Advertised mail-order price,United Kingdom,Period publication,Indexed issue text; the amount/item pairing is retained pending page-image comparison.,MEDIUM-HIGH,https://previouspage.co.uk/magazines/BMX%20Action%20Bike/issues/61-june-nineteen-eighty-three,INDEX-ONLY,suntour vx crankset june 1983 17 35 gbp https previouspage co uk magazines bmx 20action 20bike issues 61 june nineteen eighty three,RETAIN — source-specific observation,Source-specific advertised amount; no inflation adjustment or averaging. Page-image comparison remains pending; no inflation adjustment or averaging is applied.,2026-08-01,BMX Action Bike,BMX Action Bike,previouspage.co.uk,Publication accessed through PreviousPage
ABMX-PR-0091,V12-ABMX-0222,,,Takagi,Chromoly one-piece crank,Crank,June 1983,,9.95,GBP,£9.95,Advertised mail-order price,United Kingdom,Period publication,Indexed issue text; the amount/item pairing is retained pending page-image comparison.,MEDIUM-HIGH,https://previouspage.co.uk/magazines/BMX%20Action%20Bike/issues/61-june-nineteen-eighty-three,INDEX-ONLY,takagi chromoly one piece crank june 1983 9 95 gbp https previouspage co uk magazines bmx 20action 20bike issues 61 june nineteen eighty three,RETAIN — source-specific observation,Source-specific advertised amount; no inflation adjustment or averaging. Page-image comparison remains pending; no inflation adjustment or averaging is applied.,2026-08-01,BMX Action Bike,BMX Action Bike,previouspage.co.uk,Publication accessed through PreviousPage
ABMX-PR-0092,V12-ABMX-0222,,,Comp III,20 x 1.75 black tyre,Tyre,June 1983,,5.99,GBP,£5.99,Advertised mail-order price,United Kingdom,Period publication,Indexed issue text; the amount/item pairing is retained pending page-image comparison.,MEDIUM-HIGH,https://previouspage.co.uk/magazines/BMX%20Action%20Bike/issues/61-june-nineteen-eighty-three,INDEX-ONLY,comp iii 20 x 1 75 black tyre june 1983 5 99 gbp https previouspage co uk magazines bmx 20action 20bike issues 61 june nineteen eighty three,RETAIN — source-specific observation,Source-specific advertised amount; no inflation adjustment or averaging. Page-image comparison remains pending; no inflation adjustment or averaging is applied.,2026-08-01,BMX Action Bike,BMX Action Bike,previouspage.co.uk,Publication accessed through PreviousPage
ABMX-PR-0093,V12-ABMX-0226,,,Diatron / Wildcat,Lightweight BMX helmet,Protective equipment,June 1983,,14.95,GBP,£14.95,Advertised retail price,United Kingdom,Period publication,Indexed issue text; the amount/item pairing is retained pending page-image comparison.,MEDIUM-HIGH,https://previouspage.co.uk/magazines/BMX%20Action%20Bike/issues/61-june-nineteen-eighty-three,INDEX-ONLY,diatron wildcat lightweight bmx helmet june 1983 14 95 gbp https previouspage co uk magazines bmx 20action 20bike issues 61 june nineteen eighty three,RETAIN — source-specific observation,Source-specific advertised amount; no inflation adjustment or averaging. Page-image comparison remains pending; no inflation adjustment or averaging is applied.,2026-08-01,BMX Action Bike,BMX Action Bike,previouspage.co.uk,Publication accessed through PreviousPage
ABMX-PR-0094,V12-ABMX-0228,,,NBMXA,BMX rulebook,Rulebook,June 1983,,1,GBP,£1 inc. p&p,Mail-order price,United Kingdom,Period publication,Indexed issue text; the amount/item pairing is retained pending page-image comparison.,MEDIUM-HIGH,https://previouspage.co.uk/magazines/BMX%20Action%20Bike/issues/61-june-nineteen-eighty-three,INDEX-ONLY,nbmxa bmx rulebook june 1983 1 0 gbp https previouspage co uk magazines bmx 20action 20bike issues 61 june nineteen eighty three,RETAIN — source-specific observation,Source-specific advertised amount; no inflation adjustment or averaging. Page-image comparison remains pending; no inflation adjustment or averaging is applied.,2026-08-01,BMX Action Bike,BMX Action Bike,previouspage.co.uk,Publication accessed through PreviousPage
ABMX-PR-0095,V12-ABMX-0228,,,NBMXA,Club membership,Membership,June 1983,,4,GBP,£4,Membership fee,United Kingdom,Period publication,Indexed issue text; the amount/item pairing is retained pending page-image comparison.,MEDIUM-HIGH,https://previouspage.co.uk/magazines/BMX%20Action%20Bike/issues/61-june-nineteen-eighty-three,INDEX-ONLY,nbmxa club membership june 1983 4 0 gbp https previouspage co uk magazines bmx 20action 20bike issues 61 june nineteen eighty three,RETAIN — source-specific observation,Source-specific advertised amount; no inflation adjustment or averaging. Page-image comparison remains pending; no inflation adjustment or averaging is applied.,2026-08-01,BMX Action Bike,BMX Action Bike,previouspage.co.uk,Publication accessed through PreviousPage
ABMX-PR-0096,V12-ABMX-0232,,,Araya / Suzue,1 3/8-inch wheel pair,Wheelset,June 1983,,39.95,GBP,£39.95 per pair,Advertised retail price,United Kingdom,Period publication,Indexed issue text; the amount/item pairing is retained pending page-image comparison.,MEDIUM-HIGH,https://previouspage.co.uk/magazines/BMX%20Action%20Bike/issues/61-june-nineteen-eighty-three,INDEX-ONLY,araya suzue 1 3 8 inch wheel pair june 1983 39 95 gbp https previouspage co uk magazines bmx 20action 20bike issues 61 june nineteen eighty three,RETAIN — source-specific observation,Source-specific advertised amount; no inflation adjustment or averaging. Page-image comparison remains pending; no inflation adjustment or averaging is applied.,2026-08-01,BMX Action Bike,BMX Action Bike,previouspage.co.uk,Publication accessed through PreviousPage
ABMX-PR-0097,V12-ABMX-0232,,,Skyway,Tuff III wheel pair,Wheelset,June 1983,,59.95,GBP,£59.95 per pair,Advertised special price,United Kingdom,Period publication,Indexed issue text; the amount/item pairing is retained pending page-image comparison.,MEDIUM-HIGH,https://previouspage.co.uk/magazines/BMX%20Action%20Bike/issues/61-june-nineteen-eighty-three,INDEX-ONLY,skyway tuff iii wheel pair june 1983 59 95 gbp https previouspage co uk magazines bmx 20action 20bike issues 61 june nineteen eighty three,RETAIN — source-specific observation,Source-specific advertised amount; no inflation adjustment or averaging. Page-image comparison remains pending; no inflation adjustment or averaging is applied.,2026-08-01,BMX Action Bike,BMX Action Bike,previouspage.co.uk,Publication accessed through PreviousPage
ABMX-PR-0098,V12-ABMX-0233,,,UKBMX,Nine-day European and World Championship coach tour,Travel package,June 1983,,150,GBP,Projected £150,Projected package price,United Kingdom,Period publication,Indexed issue text; the amount/item pairing is retained pending page-image comparison.,MEDIUM-HIGH,https://previouspage.co.uk/magazines/BMX%20Action%20Bike/issues/61-june-nineteen-eighty-three,INDEX-ONLY,ukbmx nine day european and world championship coach tour june 1983 150 0 gbp https previouspage co uk magazines bmx 20action 20bike issues 61 june nineteen eighty three,RETAIN — source-specific observation,Source-specific advertised amount; no inflation adjustment or averaging. Page-image comparison remains pending; no inflation adjustment or averaging is applied.,2026-08-01,BMX Action Bike,BMX Action Bike,previouspage.co.uk,Publication accessed through PreviousPage
ABMX-PR-0099,V12-ABMX-0234,,,UKBMX,Full UK competition membership,Membership / insurance,June 1983,,7,GBP,£7.00,Membership fee,United Kingdom,Period publication,Indexed issue text; the amount/item pairing is retained pending page-image comparison.,MEDIUM-HIGH,https://previouspage.co.uk/magazines/BMX%20Action%20Bike/issues/61-june-nineteen-eighty-three,INDEX-ONLY,ukbmx full uk competition membership june 1983 7 0 gbp https previouspage co uk magazines bmx 20action 20bike issues 61 june nineteen eighty three,RETAIN — source-specific observation,Source-specific advertised amount; no inflation adjustment or averaging. Page-image comparison remains pending; no inflation adjustment or averaging is applied.,2026-08-01,BMX Action Bike,BMX Action Bike,previouspage.co.uk,Publication accessed through PreviousPage
ABMX-PR-0100,V12-ABMX-0234,,,UKBMX,European insurance extension,Membership / insurance,June 1983,,3,GBP,£3.00 extra,Insurance extension fee,United Kingdom,Period publication,Indexed issue text; the amount/item pairing is retained pending page-image comparison.,MEDIUM-HIGH,https://previouspage.co.uk/magazines/BMX%20Action%20Bike/issues/61-june-nineteen-eighty-three,INDEX-ONLY,ukbmx european insurance extension june 1983 3 0 gbp https previouspage co uk magazines bmx 20action 20bike issues 61 june nineteen eighty three,RETAIN — source-specific observation,Source-specific advertised amount; no inflation adjustment or averaging. Page-image comparison remains pending; no inflation adjustment or averaging is applied.,2026-08-01,BMX Action Bike,BMX Action Bike,previouspage.co.uk,Publication accessed through PreviousPage
ABMX-PR-0101,V12-ABMX-0234,,,UKBMX,Worldwide insurance extension,Membership / insurance,June 1983,,8,GBP,£8.00 extra,Insurance extension fee,United Kingdom,Period publication,Indexed issue text; the amount/item pairing is retained pending page-image comparison.,MEDIUM-HIGH,https://previouspage.co.uk/magazines/BMX%20Action%20Bike/issues/61-june-nineteen-eighty-three,INDEX-ONLY,ukbmx worldwide insurance extension june 1983 8 0 gbp https previouspage co uk magazines bmx 20action 20bike issues 61 june nineteen eighty three,RETAIN — source-specific observation,Source-specific advertised amount; no inflation adjustment or averaging. Page-image comparison remains pending; no inflation adjustment or averaging is applied.,2026-08-01,BMX Action Bike,BMX Action Bike,previouspage.co.uk,Publication accessed through PreviousPage
ABMX-PR-0102,V12-ABMX-0236,,,Tange,Aero chromoly frame and ARX forks,Frame and fork set,July 1983,,99.95,GBP,£99.95,Advertised retail price,United Kingdom,Period publication,Indexed issue text; the amount/item pairing is retained pending page-image comparison.,MEDIUM-HIGH,https://previouspage.co.uk/magazines/BMX%20Action%20Bike/issues/62-july-nineteen-eighty-three,INDEX-ONLY,tange aero chromoly frame and arx forks july 1983 99 95 gbp https previouspage co uk magazines bmx 20action 20bike issues 62 july nineteen eighty three,RETAIN — source-specific observation,Source-specific advertised amount; no inflation adjustment or averaging. Page-image comparison remains pending; no inflation adjustment or averaging is applied.,2026-08-01,BMX Action Bike,BMX Action Bike,previouspage.co.uk,Publication accessed through PreviousPage
ABMX-PR-0103,V12-ABMX-0236,,,Pro-Star,Chromoly frame and forks,Frame and fork set,July 1983,,89.95,GBP,£89.95,Advertised retail price,United Kingdom,Period publication,Indexed issue text; the amount/item pairing is retained pending page-image comparison.,MEDIUM-HIGH,https://previouspage.co.uk/magazines/BMX%20Action%20Bike/issues/62-july-nineteen-eighty-three,INDEX-ONLY,pro star chromoly frame and forks july 1983 89 95 gbp https previouspage co uk magazines bmx 20action 20bike issues 62 july nineteen eighty three,RETAIN — source-specific observation,Source-specific advertised amount; no inflation adjustment or averaging. Page-image comparison remains pending; no inflation adjustment or averaging is applied.,2026-08-01,BMX Action Bike,BMX Action Bike,previouspage.co.uk,Publication accessed through PreviousPage
ABMX-PR-0104,V12-ABMX-0236,,,Skyway,TA chromoly frame and forks,Frame and fork set,July 1983,,165,GBP,£165,Advertised retail price,United Kingdom,Period publication,Indexed issue text; the amount/item pairing is retained pending page-image comparison.,MEDIUM-HIGH,https://previouspage.co.uk/magazines/BMX%20Action%20Bike/issues/62-july-nineteen-eighty-three,INDEX-ONLY,skyway ta chromoly frame and forks july 1983 165 0 gbp https previouspage co uk magazines bmx 20action 20bike issues 62 july nineteen eighty three,RETAIN — source-specific observation,Source-specific advertised amount; no inflation adjustment or averaging. Page-image comparison remains pending; no inflation adjustment or averaging is applied.,2026-08-01,BMX Action Bike,BMX Action Bike,previouspage.co.uk,Publication accessed through PreviousPage
ABMX-PR-0105,V12-ABMX-0236,,,Haro,Freestyle frame and forks,Frame and fork set,July 1983,,165,GBP,£165,Advertised retail price,United Kingdom,Period publication,Indexed issue text; the amount/item pairing is retained pending page-image comparison.,MEDIUM-HIGH,https://previouspage.co.uk/magazines/BMX%20Action%20Bike/issues/62-july-nineteen-eighty-three,INDEX-ONLY,haro freestyle frame and forks july 1983 165 0 gbp https previouspage co uk magazines bmx 20action 20bike issues 62 july nineteen eighty three,RETAIN — source-specific observation,Source-specific advertised amount; no inflation adjustment or averaging. Page-image comparison remains pending; no inflation adjustment or averaging is applied.,2026-08-01,BMX Action Bike,BMX Action Bike,previouspage.co.uk,Publication accessed through PreviousPage
ABMX-PR-0106,V12-ABMX-0236,,,Raleigh,Extra Burner complete bicycle,Complete bicycle,July 1983,,89.95,GBP,£89.95,Advertised retail price,United Kingdom,Period publication,Indexed issue text; the amount/item pairing is retained pending page-image comparison.,MEDIUM-HIGH,https://previouspage.co.uk/magazines/BMX%20Action%20Bike/issues/62-july-nineteen-eighty-three,INDEX-ONLY,raleigh extra burner complete bicycle july 1983 89 95 gbp https previouspage co uk magazines bmx 20action 20bike issues 62 july nineteen eighty three,RETAIN — source-specific observation,Source-specific advertised amount; no inflation adjustment or averaging. Page-image comparison remains pending; no inflation adjustment or averaging is applied.,2026-08-01,BMX Action Bike,BMX Action Bike,previouspage.co.uk,Publication accessed through PreviousPage
ABMX-PR-0107,V12-ABMX-0236,,,Skyway,Tuff wheel pair,Wheelset,July 1983,,57.5,GBP,£57.50,Advertised retail price,United Kingdom,Period publication,Indexed issue text; the amount/item pairing is retained pending page-image comparison.,MEDIUM-HIGH,https://previouspage.co.uk/magazines/BMX%20Action%20Bike/issues/62-july-nineteen-eighty-three,INDEX-ONLY,skyway tuff wheel pair july 1983 57 5 gbp https previouspage co uk magazines bmx 20action 20bike issues 62 july nineteen eighty three,RETAIN — source-specific observation,Source-specific advertised amount; no inflation adjustment or averaging. Page-image comparison remains pending; no inflation adjustment or averaging is applied.,2026-08-01,BMX Action Bike,BMX Action Bike,previouspage.co.uk,Publication accessed through PreviousPage
ABMX-PR-0108,V12-ABMX-0239,,,Diamond Back,Silver Streak,Complete bicycle,July 1983,,220,GBP,£220,Advertised retail price,United Kingdom,Period publication,Indexed issue text; the amount/item pairing is retained pending page-image comparison.,MEDIUM-HIGH,https://previouspage.co.uk/magazines/BMX%20Action%20Bike/issues/62-july-nineteen-eighty-three,INDEX-ONLY,diamond back silver streak july 1983 220 0 gbp https previouspage co uk magazines bmx 20action 20bike issues 62 july nineteen eighty three,RETAIN — source-specific observation,Source-specific advertised amount; no inflation adjustment or averaging. Page-image comparison remains pending; no inflation adjustment or averaging is applied.,2026-08-01,BMX Action Bike,BMX Action Bike,previouspage.co.uk,Publication accessed through PreviousPage
ABMX-PR-0109,V12-ABMX-0239,,,Diamond Back,Harry Leary Turbo,Complete bicycle,July 1983,,339,GBP,£339,Advertised retail price,United Kingdom,Period publication,Indexed issue text; the amount/item pairing is retained pending page-image comparison.,MEDIUM-HIGH,https://previouspage.co.uk/magazines/BMX%20Action%20Bike/issues/62-july-nineteen-eighty-three,INDEX-ONLY,diamond back harry leary turbo july 1983 339 0 gbp https previouspage co uk magazines bmx 20action 20bike issues 62 july nineteen eighty three,RETAIN — source-specific observation,Source-specific advertised amount; no inflation adjustment or averaging. Page-image comparison remains pending; no inflation adjustment or averaging is applied.,2026-08-01,BMX Action Bike,BMX Action Bike,previouspage.co.uk,Publication accessed through PreviousPage
ABMX-PR-0110,V12-ABMX-0239,,,Mongoose,Chrome-plated complete bicycle,Complete bicycle,July 1983,,159,GBP,£159,Advertised retail price,United Kingdom,Period publication,Indexed issue text; the amount/item pairing is retained pending page-image comparison.,MEDIUM-HIGH,https://previouspage.co.uk/magazines/BMX%20Action%20Bike/issues/62-july-nineteen-eighty-three,INDEX-ONLY,mongoose chrome plated complete bicycle july 1983 159 0 gbp https previouspage co uk magazines bmx 20action 20bike issues 62 july nineteen eighty three,RETAIN — source-specific observation,Source-specific advertised amount; no inflation adjustment or averaging. Page-image comparison remains pending; no inflation adjustment or averaging is applied.,2026-08-01,BMX Action Bike,BMX Action Bike,previouspage.co.uk,Publication accessed through PreviousPage
ABMX-PR-0111,V12-ABMX-0239,,,Skyway,Tuff II wheel pair,Wheelset,July 1983,,59,GBP,£59 plus postage,Advertised retail price,United Kingdom,Period publication,Indexed issue text; the amount/item pairing is retained pending page-image comparison.,MEDIUM-HIGH,https://previouspage.co.uk/magazines/BMX%20Action%20Bike/issues/62-july-nineteen-eighty-three,INDEX-ONLY,skyway tuff ii wheel pair july 1983 59 0 gbp https previouspage co uk magazines bmx 20action 20bike issues 62 july nineteen eighty three,RETAIN — source-specific observation,Source-specific advertised amount; no inflation adjustment or averaging. Page-image comparison remains pending; no inflation adjustment or averaging is applied.,2026-08-01,BMX Action Bike,BMX Action Bike,previouspage.co.uk,Publication accessed through PreviousPage
ABMX-PR-0112,V12-ABMX-0240,,,DP Racing,Firebird Delta II frame,Frame,July 1983,,89.95,GBP,£89.95,Advertised retail price,United Kingdom,Period publication,Indexed issue text; the amount/item pairing is retained pending page-image comparison.,MEDIUM-HIGH,https://previouspage.co.uk/magazines/BMX%20Action%20Bike/issues/62-july-nineteen-eighty-three,INDEX-ONLY,dp racing firebird delta ii frame july 1983 89 95 gbp https previouspage co uk magazines bmx 20action 20bike issues 62 july nineteen eighty three,RETAIN — source-specific observation,Source-specific advertised amount; no inflation adjustment or averaging. Page-image comparison remains pending; no inflation adjustment or averaging is applied.,2026-08-01,BMX Action Bike,BMX Action Bike,previouspage.co.uk,Publication accessed through PreviousPage
ABMX-PR-0113,V12-ABMX-0241,,,Halfords,Turbo 20 complete bicycle,Complete bicycle,July 1983,,89.95,GBP,£89.95,Advertised retail price,United Kingdom,Period publication,Indexed issue text; the amount/item pairing is retained pending page-image comparison.,MEDIUM-HIGH,https://previouspage.co.uk/magazines/BMX%20Action%20Bike/issues/62-july-nineteen-eighty-three,INDEX-ONLY,halfords turbo 20 complete bicycle july 1983 89 95 gbp https previouspage co uk magazines bmx 20action 20bike issues 62 july nineteen eighty three,RETAIN — source-specific observation,Source-specific advertised amount; no inflation adjustment or averaging. Page-image comparison remains pending; no inflation adjustment or averaging is applied.,2026-08-01,BMX Action Bike,BMX Action Bike,previouspage.co.uk,Publication accessed through PreviousPage
ABMX-PR-0114,V12-ABMX-0241,,,Halfords,Turbo 20X complete bicycle,Complete bicycle,July 1983,,99.95,GBP,£99.95,Advertised retail price,United Kingdom,Period publication,Indexed issue text; the amount/item pairing is retained pending page-image comparison.,MEDIUM-HIGH,https://previouspage.co.uk/magazines/BMX%20Action%20Bike/issues/62-july-nineteen-eighty-three,INDEX-ONLY,halfords turbo 20x complete bicycle july 1983 99 95 gbp https previouspage co uk magazines bmx 20action 20bike issues 62 july nineteen eighty three,RETAIN — source-specific observation,Source-specific advertised amount; no inflation adjustment or averaging. Page-image comparison remains pending; no inflation adjustment or averaging is applied.,2026-08-01,BMX Action Bike,BMX Action Bike,previouspage.co.uk,Publication accessed through PreviousPage
ABMX-PR-0115,V12-ABMX-0246,,,Kryptonite,Megalock BMX,Bicycle lock,July 1983,,19.5,GBP,Around £19.50,Approximate retail price,United Kingdom,Period publication,Indexed issue text; the amount/item pairing is retained pending page-image comparison.,MEDIUM-HIGH,https://previouspage.co.uk/magazines/BMX%20Action%20Bike/issues/62-july-nineteen-eighty-three,INDEX-ONLY,kryptonite megalock bmx july 1983 19 5 gbp https previouspage co uk magazines bmx 20action 20bike issues 62 july nineteen eighty three,RETAIN — source-specific observation,Source-specific advertised amount; no inflation adjustment or averaging. Page-image comparison remains pending; no inflation adjustment or averaging is applied.,2026-08-01,BMX Action Bike,BMX Action Bike,previouspage.co.uk,Publication accessed through PreviousPage
ABMX-PR-0116,V12-ABMX-0247,,,Robinson / Alans BMX,Stickers and catalogue,Catalog and stickers,July 1983,,1,GBP,£1.00,Mail-order fee,United Kingdom,Period publication,Indexed issue text; the amount/item pairing is retained pending page-image comparison.,MEDIUM-HIGH,https://previouspage.co.uk/magazines/BMX%20Action%20Bike/issues/62-july-nineteen-eighty-three,INDEX-ONLY,robinson alans bmx stickers and catalogue july 1983 1 0 gbp https previouspage co uk magazines bmx 20action 20bike issues 62 july nineteen eighty three,RETAIN — source-specific observation,Source-specific advertised amount; no inflation adjustment or averaging. Page-image comparison remains pending; no inflation adjustment or averaging is applied.,2026-08-01,BMX Action Bike,BMX Action Bike,previouspage.co.uk,Publication accessed through PreviousPage
ABMX-PR-0117,V12-ABMX-0252,,,Sharp Racing Products,Bottom-bracket boot,Bottom-bracket protector,July 1983,,0.99,GBP,99p,Advertised dealer price,United Kingdom,Period publication,Indexed issue text; the amount/item pairing is retained pending page-image comparison.,MEDIUM-HIGH,https://previouspage.co.uk/magazines/BMX%20Action%20Bike/issues/62-july-nineteen-eighty-three,INDEX-ONLY,sharp racing products bottom bracket boot july 1983 0 99 gbp https previouspage co uk magazines bmx 20action 20bike issues 62 july nineteen eighty three,RETAIN — source-specific observation,Source-specific advertised amount; no inflation adjustment or averaging. Page-image comparison remains pending; no inflation adjustment or averaging is applied.,2026-08-01,BMX Action Bike,BMX Action Bike,previouspage.co.uk,Publication accessed through PreviousPage
ABMX-PR-0118,V12-ABMX-0254,,,GT / GB GT,"Greg Hill poster, stickers, and price list",Promotional information pack,July 1983,,1,GBP,£1,Mail-order fee,United Kingdom,Period publication,Indexed issue text; the amount/item pairing is retained pending page-image comparison.,MEDIUM-HIGH,https://previouspage.co.uk/magazines/BMX%20Action%20Bike/issues/62-july-nineteen-eighty-three,INDEX-ONLY,gt gb gt greg hill poster stickers and price list july 1983 1 0 gbp https previouspage co uk magazines bmx 20action 20bike issues 62 july nineteen eighty three,RETAIN — source-specific observation,Source-specific advertised amount; no inflation adjustment or averaging. Page-image comparison remains pending; no inflation adjustment or averaging is applied.,2026-08-01,BMX Action Bike,BMX Action Bike,previouspage.co.uk,Publication accessed through PreviousPage
ABMX-PR-0119,V12-ABMX-0253,,,Tioga,Sealed headset,Headset,July 1983,,9.95,GBP,£9.95,Advertised mail-order price,United Kingdom,Period publication,Indexed issue text; the amount/item pairing is retained pending page-image comparison.,MEDIUM-HIGH,https://previouspage.co.uk/magazines/BMX%20Action%20Bike/issues/62-july-nineteen-eighty-three,INDEX-ONLY,tioga sealed headset july 1983 9 95 gbp https previouspage co uk magazines bmx 20action 20bike issues 62 july nineteen eighty three,RETAIN — source-specific observation,Source-specific advertised amount; no inflation adjustment or averaging. Page-image comparison remains pending; no inflation adjustment or averaging is applied.,2026-08-01,BMX Action Bike,BMX Action Bike,previouspage.co.uk,Publication accessed through PreviousPage
ABMX-PR-0120,V12-ABMX-0253,,,Suntour,VX crankset,Crankset,July 1983,,17.35,GBP,£17.35,Advertised mail-order price,United Kingdom,Period publication,Indexed issue text; the amount/item pairing is retained pending page-image comparison.,MEDIUM-HIGH,https://previouspage.co.uk/magazines/BMX%20Action%20Bike/issues/62-july-nineteen-eighty-three,INDEX-ONLY,suntour vx crankset july 1983 17 35 gbp https previouspage co uk magazines bmx 20action 20bike issues 62 july nineteen eighty three,RETAIN — source-specific observation,Source-specific advertised amount; no inflation adjustment or averaging. Page-image comparison remains pending; no inflation adjustment or averaging is applied.,2026-08-01,BMX Action Bike,BMX Action Bike,previouspage.co.uk,Publication accessed through PreviousPage
ABMX-PR-0121,V12-ABMX-0253,,,Comp III,20 x 1 3/8 black tyre,Tyre,July 1983,,5.25,GBP,£5.25,Advertised mail-order price,United Kingdom,Period publication,Indexed issue text; the amount/item pairing is retained pending page-image comparison.,MEDIUM-HIGH,https://previouspage.co.uk/magazines/BMX%20Action%20Bike/issues/62-july-nineteen-eighty-three,INDEX-ONLY,comp iii 20 x 1 3 8 black tyre july 1983 5 25 gbp https previouspage co uk magazines bmx 20action 20bike issues 62 july nineteen eighty three,RETAIN — source-specific observation,Source-specific advertised amount; no inflation adjustment or averaging. Page-image comparison remains pending; no inflation adjustment or averaging is applied.,2026-08-01,BMX Action Bike,BMX Action Bike,previouspage.co.uk,Publication accessed through PreviousPage
ABMX-PR-0122,V12-ABMX-0260,,,Kuwahara,Lazer Lite complete bicycle,Complete bicycle,July 1983,,359.95,GBP,£359.95 plus carriage,Advertised retail price,United Kingdom,Period publication,Indexed issue text; the amount/item pairing is retained pending page-image comparison.,MEDIUM-HIGH,https://previouspage.co.uk/magazines/BMX%20Action%20Bike/issues/62-july-nineteen-eighty-three,INDEX-ONLY,kuwahara lazer lite complete bicycle july 1983 359 95 gbp https previouspage co uk magazines bmx 20action 20bike issues 62 july nineteen eighty three,RETAIN — source-specific observation,Source-specific advertised amount; no inflation adjustment or averaging. Page-image comparison remains pending; no inflation adjustment or averaging is applied.,2026-08-01,BMX Action Bike,BMX Action Bike,previouspage.co.uk,Publication accessed through PreviousPage
ABMX-PR-0123,V12-ABMX-0260,,,GT,Pro or Standard complete bicycle,Complete bicycle,July 1983,,239.95,GBP,£239.95 plus carriage,Advertised retail price,United Kingdom,Period publication,Indexed issue text; the amount/item pairing is retained pending page-image comparison.,MEDIUM-HIGH,https://previouspage.co.uk/magazines/BMX%20Action%20Bike/issues/62-july-nineteen-eighty-three,INDEX-ONLY,gt pro or standard complete bicycle july 1983 239 95 gbp https previouspage co uk magazines bmx 20action 20bike issues 62 july nineteen eighty three,RETAIN — source-specific observation,Source-specific advertised amount; no inflation adjustment or averaging. Page-image comparison remains pending; no inflation adjustment or averaging is applied.,2026-08-01,BMX Action Bike,BMX Action Bike,previouspage.co.uk,Publication accessed through PreviousPage
ABMX-PR-0124,V12-ABMX-0260,,,Redline,MX II complete bicycle,Complete bicycle,July 1983,,219.95,GBP,£219.95 plus carriage,Advertised retail price,United Kingdom,Period publication,Indexed issue text; the amount/item pairing is retained pending page-image comparison.,MEDIUM-HIGH,https://previouspage.co.uk/magazines/BMX%20Action%20Bike/issues/62-july-nineteen-eighty-three,INDEX-ONLY,redline mx ii complete bicycle july 1983 219 95 gbp https previouspage co uk magazines bmx 20action 20bike issues 62 july nineteen eighty three,RETAIN — source-specific observation,Source-specific advertised amount; no inflation adjustment or averaging. Page-image comparison remains pending; no inflation adjustment or averaging is applied.,2026-08-01,BMX Action Bike,BMX Action Bike,previouspage.co.uk,Publication accessed through PreviousPage
ABMX-PR-0125,V12-ABMX-0260,,,Haro,Freestyler frame and forks,Frame and fork set,July 1983,,166.95,GBP,£166.95 plus postage,Advertised retail price,United Kingdom,Period publication,Indexed issue text; the amount/item pairing is retained pending page-image comparison.,MEDIUM-HIGH,https://previouspage.co.uk/magazines/BMX%20Action%20Bike/issues/62-july-nineteen-eighty-three,INDEX-ONLY,haro freestyler frame and forks july 1983 166 95 gbp https previouspage co uk magazines bmx 20action 20bike issues 62 july nineteen eighty three,RETAIN — source-specific observation,Source-specific advertised amount; no inflation adjustment or averaging. Page-image comparison remains pending; no inflation adjustment or averaging is applied.,2026-08-01,BMX Action Bike,BMX Action Bike,previouspage.co.uk,Publication accessed through PreviousPage
ABMX-PR-0126,V12-ABMX-0260,,,Skyway,Totally Aerodynamic frame and forks,Frame and fork set,July 1983,,166.95,GBP,£166.95 plus postage,Advertised retail price,United Kingdom,Period publication,Indexed issue text; the amount/item pairing is retained pending page-image comparison.,MEDIUM-HIGH,https://previouspage.co.uk/magazines/BMX%20Action%20Bike/issues/62-july-nineteen-eighty-three,INDEX-ONLY,skyway totally aerodynamic frame and forks july 1983 166 95 gbp https previouspage co uk magazines bmx 20action 20bike issues 62 july nineteen eighty three,RETAIN — source-specific observation,Source-specific advertised amount; no inflation adjustment or averaging. Page-image comparison remains pending; no inflation adjustment or averaging is applied.,2026-08-01,BMX Action Bike,BMX Action Bike,previouspage.co.uk,Publication accessed through PreviousPage
ABMX-PR-0127,V12-ABMX-0260,,,Araya / Suzue,7X wheel pair,Wheelset,July 1983,,39.95,GBP,£39.95 plus postage,Advertised retail price,United Kingdom,Period publication,Indexed issue text; the amount/item pairing is retained pending page-image comparison.,MEDIUM-HIGH,https://previouspage.co.uk/magazines/BMX%20Action%20Bike/issues/62-july-nineteen-eighty-three,INDEX-ONLY,araya suzue 7x wheel pair july 1983 39 95 gbp https previouspage co uk magazines bmx 20action 20bike issues 62 july nineteen eighty three,RETAIN — source-specific observation,Source-specific advertised amount; no inflation adjustment or averaging. Page-image comparison remains pending; no inflation adjustment or averaging is applied.,2026-08-01,BMX Action Bike,BMX Action Bike,previouspage.co.uk,Publication accessed through PreviousPage
ABMX-PR-0128,V12-ABMX-0259,,,NBMXA,British BMX rulebook,Rulebook,July 1983,,1,GBP,£1 including postage,Mail-order price,United Kingdom,Period publication,Indexed issue text; the amount/item pairing is retained pending page-image comparison.,MEDIUM-HIGH,https://previouspage.co.uk/magazines/BMX%20Action%20Bike/issues/62-july-nineteen-eighty-three,INDEX-ONLY,nbmxa british bmx rulebook july 1983 1 0 gbp https previouspage co uk magazines bmx 20action 20bike issues 62 july nineteen eighty three,RETAIN — source-specific observation,Source-specific advertised amount; no inflation adjustment or averaging. Page-image comparison remains pending; no inflation adjustment or averaging is applied.,2026-08-01,BMX Action Bike,BMX Action Bike,previouspage.co.uk,Publication accessed through PreviousPage
ABMX-PR-0129,V12-ABMX-0259,,,NBMXA,Club membership,Membership,July 1983,,4,GBP,£4,Membership fee,United Kingdom,Period publication,Indexed issue text; the amount/item pairing is retained pending page-image comparison.,MEDIUM-HIGH,https://previouspage.co.uk/magazines/BMX%20Action%20Bike/issues/62-july-nineteen-eighty-three,INDEX-ONLY,nbmxa club membership july 1983 4 0 gbp https previouspage co uk magazines bmx 20action 20bike issues 62 july nineteen eighty three,RETAIN — source-specific observation,Source-specific advertised amount; no inflation adjustment or averaging. Page-image comparison remains pending; no inflation adjustment or averaging is applied.,2026-08-01,BMX Action Bike,BMX Action Bike,previouspage.co.uk,Publication accessed through PreviousPage
ABMX-PR-0130,V12-ABMX-0266,,,Kuwahara,E.T. Replica complete bicycle,Complete bicycle,July 1983,,149,GBP,£149.00,Advertised retail price,United Kingdom,Period publication,Indexed issue text; the amount/item pairing is retained pending page-image comparison.,MEDIUM-HIGH,https://previouspage.co.uk/magazines/BMX%20Action%20Bike/issues/62-july-nineteen-eighty-three,INDEX-ONLY,kuwahara e t replica complete bicycle july 1983 149 0 gbp https previouspage co uk magazines bmx 20action 20bike issues 62 july nineteen eighty three,RETAIN — source-specific observation,Source-specific advertised amount; no inflation adjustment or averaging. Page-image comparison remains pending; no inflation adjustment or averaging is applied.,2026-08-01,BMX Action Bike,BMX Action Bike,previouspage.co.uk,Publication accessed through PreviousPage
ABMX-PR-0131,V12-ABMX-0266,,,Kuwahara,E.T. Special complete bicycle,Complete bicycle,July 1983,,129,GBP,£129.00,Advertised retail price,United Kingdom,Period publication,Indexed issue text; the amount/item pairing is retained pending page-image comparison.,MEDIUM-HIGH,https://previouspage.co.uk/magazines/BMX%20Action%20Bike/issues/62-july-nineteen-eighty-three,INDEX-ONLY,kuwahara e t special complete bicycle july 1983 129 0 gbp https previouspage co uk magazines bmx 20action 20bike issues 62 july nineteen eighty three,RETAIN — source-specific observation,Source-specific advertised amount; no inflation adjustment or averaging. Page-image comparison remains pending; no inflation adjustment or averaging is applied.,2026-08-01,BMX Action Bike,BMX Action Bike,previouspage.co.uk,Publication accessed through PreviousPage
ABMX-PR-0132,V12-ABMX-0266,,,Silverfox,Complete bicycle,Complete bicycle,July 1983,,125,GBP,£125.00,Advertised retail price,United Kingdom,Period publication,Indexed issue text; the amount/item pairing is retained pending page-image comparison.,MEDIUM-HIGH,https://previouspage.co.uk/magazines/BMX%20Action%20Bike/issues/62-july-nineteen-eighty-three,INDEX-ONLY,silverfox complete bicycle july 1983 125 0 gbp https previouspage co uk magazines bmx 20action 20bike issues 62 july nineteen eighty three,RETAIN — source-specific observation,Source-specific advertised amount; no inflation adjustment or averaging. Page-image comparison remains pending; no inflation adjustment or averaging is applied.,2026-08-01,BMX Action Bike,BMX Action Bike,previouspage.co.uk,Publication accessed through PreviousPage
ABMX-PR-0133,V12-ABMX-0266,,,Diamond Back,Harry Leary Turbo complete bicycle,Complete bicycle,July 1983,,335,GBP,£335.00,Advertised retail price,United Kingdom,Period publication,Indexed issue text; the amount/item pairing is retained pending page-image comparison.,MEDIUM-HIGH,https://previouspage.co.uk/magazines/BMX%20Action%20Bike/issues/62-july-nineteen-eighty-three,INDEX-ONLY,diamond back harry leary turbo complete bicycle july 1983 335 0 gbp https previouspage co uk magazines bmx 20action 20bike issues 62 july nineteen eighty three,RETAIN — source-specific observation,Source-specific advertised amount; no inflation adjustment or averaging. Page-image comparison remains pending; no inflation adjustment or averaging is applied.,2026-08-01,BMX Action Bike,BMX Action Bike,previouspage.co.uk,Publication accessed through PreviousPage
ABMX-PR-0134,V12-ABMX-0268,,,Tange,TX 1200 chrome forks,Fork,July 1983,,15.32,GBP,£15.32,Advertised mail-order price,United Kingdom,Period publication,Indexed issue text; the amount/item pairing is retained pending page-image comparison.,MEDIUM-HIGH,https://previouspage.co.uk/magazines/BMX%20Action%20Bike/issues/62-july-nineteen-eighty-three,INDEX-ONLY,tange tx 1200 chrome forks july 1983 15 32 gbp https previouspage co uk magazines bmx 20action 20bike issues 62 july nineteen eighty three,RETAIN — source-specific observation,Source-specific advertised amount; no inflation adjustment or averaging. Page-image comparison remains pending; no inflation adjustment or averaging is applied.,2026-08-01,BMX Action Bike,BMX Action Bike,previouspage.co.uk,Publication accessed through PreviousPage
ABMX-PR-0135,V12-ABMX-0268,,,Suntour,Power Stem,Stem,July 1983,,15.19,GBP,£15.19,Advertised mail-order price,United Kingdom,Period publication,Indexed issue text; the amount/item pairing is retained pending page-image comparison.,MEDIUM-HIGH,https://previouspage.co.uk/magazines/BMX%20Action%20Bike/issues/62-july-nineteen-eighty-three,INDEX-ONLY,suntour power stem july 1983 15 19 gbp https previouspage co uk magazines bmx 20action 20bike issues 62 july nineteen eighty three,RETAIN — source-specific observation,Source-specific advertised amount; no inflation adjustment or averaging. Page-image comparison remains pending; no inflation adjustment or averaging is applied.,2026-08-01,BMX Action Bike,BMX Action Bike,previouspage.co.uk,Publication accessed through PreviousPage
ABMX-PR-0136,V12-ABMX-0268,,,CW,29-inch Pro bars,Handlebar,July 1983,,21.59,GBP,£21.59,Advertised mail-order price,United Kingdom,Period publication,Indexed issue text; the amount/item pairing is retained pending page-image comparison.,MEDIUM-HIGH,https://previouspage.co.uk/magazines/BMX%20Action%20Bike/issues/62-july-nineteen-eighty-three,INDEX-ONLY,cw 29 inch pro bars july 1983 21 59 gbp https previouspage co uk magazines bmx 20action 20bike issues 62 july nineteen eighty three,RETAIN — source-specific observation,Source-specific advertised amount; no inflation adjustment or averaging. Page-image comparison remains pending; no inflation adjustment or averaging is applied.,2026-08-01,BMX Action Bike,BMX Action Bike,previouspage.co.uk,Publication accessed through PreviousPage
ABMX-PR-0137,V12-ABMX-0268,,,Oakley,F-1 grips,Grips,July 1983,,7.96,GBP,£7.96,Advertised mail-order price,United Kingdom,Period publication,Indexed issue text; the amount/item pairing is retained pending page-image comparison.,MEDIUM-HIGH,https://previouspage.co.uk/magazines/BMX%20Action%20Bike/issues/62-july-nineteen-eighty-three,INDEX-ONLY,oakley f 1 grips july 1983 7 96 gbp https previouspage co uk magazines bmx 20action 20bike issues 62 july nineteen eighty three,RETAIN — source-specific observation,Source-specific advertised amount; no inflation adjustment or averaging. Page-image comparison remains pending; no inflation adjustment or averaging is applied.,2026-08-01,BMX Action Bike,BMX Action Bike,previouspage.co.uk,Publication accessed through PreviousPage
ABMX-PR-0138,V12-ABMX-0268,,,Skyway,Tuff II wheel pair,Wheelset,July 1983,,64,GBP,£64.00,Advertised mail-order price,United Kingdom,Period publication,Indexed issue text; the amount/item pairing is retained pending page-image comparison.,MEDIUM-HIGH,https://previouspage.co.uk/magazines/BMX%20Action%20Bike/issues/62-july-nineteen-eighty-three,INDEX-ONLY,skyway tuff ii wheel pair july 1983 64 0 gbp https previouspage co uk magazines bmx 20action 20bike issues 62 july nineteen eighty three,RETAIN — source-specific observation,Source-specific advertised amount; no inflation adjustment or averaging. Page-image comparison remains pending; no inflation adjustment or averaging is applied.,2026-08-01,BMX Action Bike,BMX Action Bike,previouspage.co.uk,Publication accessed through PreviousPage
ABMX-PR-0139,V12-ABMX-0272,,,Johar,Chrome BMX pad set,Pad set,July 1983,,7,GBP,Around £7,Approximate retail price,United Kingdom,Period publication,Indexed issue text; the amount/item pairing is retained pending page-image comparison.,MEDIUM-HIGH,https://previouspage.co.uk/magazines/BMX%20Action%20Bike/issues/62-july-nineteen-eighty-three,INDEX-ONLY,johar chrome bmx pad set july 1983 7 0 gbp https previouspage co uk magazines bmx 20action 20bike issues 62 july nineteen eighty three,RETAIN — source-specific observation,Source-specific advertised amount; no inflation adjustment or averaging. Page-image comparison remains pending; no inflation adjustment or averaging is applied.,2026-08-01,BMX Action Bike,BMX Action Bike,previouspage.co.uk,Publication accessed through PreviousPage
ABMX-PR-0140,V12-ABMX-0272,,,Lee Cooper,Denim BMX pad set,Pad set,July 1983,,6,GBP,Around £6,Approximate retail price,United Kingdom,Period publication,Indexed issue text; the amount/item pairing is retained pending page-image comparison.,MEDIUM-HIGH,https://previouspage.co.uk/magazines/BMX%20Action%20Bike/issues/62-july-nineteen-eighty-three,INDEX-ONLY,lee cooper denim bmx pad set july 1983 6 0 gbp https previouspage co uk magazines bmx 20action 20bike issues 62 july nineteen eighty three,RETAIN — source-specific observation,Source-specific advertised amount; no inflation adjustment or averaging. Page-image comparison remains pending; no inflation adjustment or averaging is applied.,2026-08-01,BMX Action Bike,BMX Action Bike,previouspage.co.uk,Publication accessed through PreviousPage
ABMX-PR-0141,V12-ABMX-0272,,,Superline,Foam grips,Grips,July 1983,,3.95,GBP,£3.95,Advertised retail price,United Kingdom,Period publication,Indexed issue text; the amount/item pairing is retained pending page-image comparison.,MEDIUM-HIGH,https://previouspage.co.uk/magazines/BMX%20Action%20Bike/issues/62-july-nineteen-eighty-three,INDEX-ONLY,superline foam grips july 1983 3 95 gbp https previouspage co uk magazines bmx 20action 20bike issues 62 july nineteen eighty three,RETAIN — source-specific observation,Source-specific advertised amount; no inflation adjustment or averaging. Page-image comparison remains pending; no inflation adjustment or averaging is applied.,2026-08-01,BMX Action Bike,BMX Action Bike,previouspage.co.uk,Publication accessed through PreviousPage
ABMX-PR-0142,V12-ABMX-0272,,,Kuwahara,Chromoly 12-speed mountain bike,Complete bicycle,July 1983,,600,GBP,£600,Advertised retail price,United Kingdom,Period publication,Indexed issue text; the amount/item pairing is retained pending page-image comparison.,MEDIUM-HIGH,https://previouspage.co.uk/magazines/BMX%20Action%20Bike/issues/62-july-nineteen-eighty-three,INDEX-ONLY,kuwahara chromoly 12 speed mountain bike july 1983 600 0 gbp https previouspage co uk magazines bmx 20action 20bike issues 62 july nineteen eighty three,RETAIN — source-specific observation,Source-specific advertised amount; no inflation adjustment or averaging. Page-image comparison remains pending; no inflation adjustment or averaging is applied.,2026-08-01,BMX Action Bike,BMX Action Bike,previouspage.co.uk,Publication accessed through PreviousPage
ABMX-PR-0143,V12-ABMX-0273,,,City BMX,"Pro race pants, small sizes",Protective apparel,July 1983,,15.95,GBP,£15.95 plus postage,Advertised retail price,United Kingdom,Period publication,Indexed issue text; the amount/item pairing is retained pending page-image comparison.,MEDIUM-HIGH,https://previouspage.co.uk/magazines/BMX%20Action%20Bike/issues/62-july-nineteen-eighty-three,INDEX-ONLY,city bmx pro race pants small sizes july 1983 15 95 gbp https previouspage co uk magazines bmx 20action 20bike issues 62 july nineteen eighty three,RETAIN — source-specific observation,Source-specific advertised amount; no inflation adjustment or averaging. Page-image comparison remains pending; no inflation adjustment or averaging is applied.,2026-08-01,BMX Action Bike,BMX Action Bike,previouspage.co.uk,Publication accessed through PreviousPage
ABMX-PR-0144,V12-ABMX-0273,,,City BMX,Fibre-Lite helmet,Protective equipment,July 1983,,7.95,GBP,£7.95 plus postage,Advertised retail price,United Kingdom,Period publication,Indexed issue text; the amount/item pairing is retained pending page-image comparison.,MEDIUM-HIGH,https://previouspage.co.uk/magazines/BMX%20Action%20Bike/issues/62-july-nineteen-eighty-three,INDEX-ONLY,city bmx fibre lite helmet july 1983 7 95 gbp https previouspage co uk magazines bmx 20action 20bike issues 62 july nineteen eighty three,RETAIN — source-specific observation,Source-specific advertised amount; no inflation adjustment or averaging. Page-image comparison remains pending; no inflation adjustment or averaging is applied.,2026-08-01,BMX Action Bike,BMX Action Bike,previouspage.co.uk,Publication accessed through PreviousPage
ABMX-PR-0145,V12-ABMX-0277,,,BMX Action Bike,Ten-issue UK subscription,Subscription,July 1983,,8.6,GBP,£8.60,Subscription price,United Kingdom,Period publication,Indexed issue text; the amount/item pairing is retained pending page-image comparison.,MEDIUM-HIGH,https://previouspage.co.uk/magazines/BMX%20Action%20Bike/issues/62-july-nineteen-eighty-three,INDEX-ONLY,bmx action bike ten issue uk subscription july 1983 8 6 gbp https previouspage co uk magazines bmx 20action 20bike issues 62 july nineteen eighty three,RETAIN — source-specific observation,Source-specific advertised amount; no inflation adjustment or averaging. Page-image comparison remains pending; no inflation adjustment or averaging is applied.,2026-08-01,BMX Action Bike,BMX Action Bike,previouspage.co.uk,Publication accessed through PreviousPage
ABMX-PR-0146,V12-ABMX-0278,,,Kuwahara,E.T. Replica complete bicycle,Complete bicycle,July 1983,,139.5,GBP,£139.50 plus postage,Advertised retail price,United Kingdom,Period publication,Indexed issue text; the amount/item pairing is retained pending page-image comparison.,MEDIUM-HIGH,https://previouspage.co.uk/magazines/BMX%20Action%20Bike/issues/62-july-nineteen-eighty-three,INDEX-ONLY,kuwahara e t replica complete bicycle july 1983 139 5 gbp https previouspage co uk magazines bmx 20action 20bike issues 62 july nineteen eighty three,RETAIN — source-specific observation,Source-specific advertised amount; no inflation adjustment or averaging. Page-image comparison remains pending; no inflation adjustment or averaging is applied.,2026-08-01,BMX Action Bike,BMX Action Bike,previouspage.co.uk,Publication accessed through PreviousPage
ABMX-PR-0147,V12-ABMX-0279,,,Len’s BMX Centre,Alloy racing wheel pair,Wheelset,July 1983,,25,GBP,£25.00 per pair,Advertised retail price,United Kingdom,Period publication,Indexed issue text; the amount/item pairing is retained pending page-image comparison.,MEDIUM-HIGH,https://previouspage.co.uk/magazines/BMX%20Action%20Bike/issues/62-july-nineteen-eighty-three,INDEX-ONLY,len s bmx centre alloy racing wheel pair july 1983 25 0 gbp https previouspage co uk magazines bmx 20action 20bike issues 62 july nineteen eighty three,RETAIN — source-specific observation,Source-specific advertised amount; no inflation adjustment or averaging. Page-image comparison remains pending; no inflation adjustment or averaging is applied.,2026-08-01,BMX Action Bike,BMX Action Bike,previouspage.co.uk,Publication accessed through PreviousPage
ABMX-PR-0148,V12-ABMX-0298,,,Raleigh,Burner complete bicycle,Complete bicycle,August 1983,,89.95,GBP,From £89.95,Advertised starting price,United Kingdom,Period publication,Indexed issue text; the amount/item pairing is retained pending page-image comparison.,MEDIUM-HIGH,https://previouspage.co.uk/magazines/BMX%20Action%20Bike/issues/63-august-nineteen-eighty-three,INDEX-ONLY,raleigh burner complete bicycle august 1983 89 95 gbp https previouspage co uk magazines bmx 20action 20bike issues 63 august nineteen eighty three,RETAIN — source-specific observation,Source-specific advertised amount; no inflation adjustment or averaging. Page-image comparison remains pending; no inflation adjustment or averaging is applied.,2026-08-01,BMX Action Bike,BMX Action Bike,previouspage.co.uk,Publication accessed through PreviousPage
ABMX-PR-0149,V12-ABMX-0298,,,Yamaha,Complete bicycle,Complete bicycle,August 1983,,99.95,GBP,From £99.95,Advertised starting price,United Kingdom,Period publication,Indexed issue text; the amount/item pairing is retained pending page-image comparison.,MEDIUM-HIGH,https://previouspage.co.uk/magazines/BMX%20Action%20Bike/issues/63-august-nineteen-eighty-three,INDEX-ONLY,yamaha complete bicycle august 1983 99 95 gbp https previouspage co uk magazines bmx 20action 20bike issues 63 august nineteen eighty three,RETAIN — source-specific observation,Source-specific advertised amount; no inflation adjustment or averaging. Page-image comparison remains pending; no inflation adjustment or averaging is applied.,2026-08-01,BMX Action Bike,BMX Action Bike,previouspage.co.uk,Publication accessed through PreviousPage
ABMX-PR-0150,V12-ABMX-0298,,,Diamond Back,Silver Streak,Complete bicycle,August 1983,,195,GBP,£195,Advertised retail price,United Kingdom,Period publication,Indexed issue text; the amount/item pairing is retained pending page-image comparison.,MEDIUM-HIGH,https://previouspage.co.uk/magazines/BMX%20Action%20Bike/issues/63-august-nineteen-eighty-three,INDEX-ONLY,diamond back silver streak august 1983 195 0 gbp https previouspage co uk magazines bmx 20action 20bike issues 63 august nineteen eighty three,RETAIN — source-specific observation,Source-specific advertised amount; no inflation adjustment or averaging. Page-image comparison remains pending; no inflation adjustment or averaging is applied.,2026-08-01,BMX Action Bike,BMX Action Bike,previouspage.co.uk,Publication accessed through PreviousPage
ABMX-PR-0151,V12-ABMX-0298,,,Kuwahara,KZ 83 Aero frame and forks,Frame and fork set,August 1983,,145,GBP,£145,Advertised retail price,United Kingdom,Period publication,Indexed issue text; the amount/item pairing is retained pending page-image comparison.,MEDIUM-HIGH,https://previouspage.co.uk/magazines/BMX%20Action%20Bike/issues/63-august-nineteen-eighty-three,INDEX-ONLY,kuwahara kz 83 aero frame and forks august 1983 145 0 gbp https previouspage co uk magazines bmx 20action 20bike issues 63 august nineteen eighty three,RETAIN — source-specific observation,Source-specific advertised amount; no inflation adjustment or averaging. Page-image comparison remains pending; no inflation adjustment or averaging is applied.,2026-08-01,BMX Action Bike,BMX Action Bike,previouspage.co.uk,Publication accessed through PreviousPage
ABMX-PR-0152,V12-ABMX-0298,,,Skyway,Tuff wheel pair,Wheelset,August 1983,,59.95,GBP,£59.95,Advertised retail price,United Kingdom,Period publication,Indexed issue text; the amount/item pairing is retained pending page-image comparison.,MEDIUM-HIGH,https://previouspage.co.uk/magazines/BMX%20Action%20Bike/issues/63-august-nineteen-eighty-three,INDEX-ONLY,skyway tuff wheel pair august 1983 59 95 gbp https previouspage co uk magazines bmx 20action 20bike issues 63 august nineteen eighty three,RETAIN — source-specific observation,Source-specific advertised amount; no inflation adjustment or averaging. Page-image comparison remains pending; no inflation adjustment or averaging is applied.,2026-08-01,BMX Action Bike,BMX Action Bike,previouspage.co.uk,Publication accessed through PreviousPage
ABMX-PR-0153,V12-ABMX-0298,,,ACS,Z wheel pair,Wheelset,August 1983,,45,GBP,£45,Advertised retail price,United Kingdom,Period publication,Indexed issue text; the amount/item pairing is retained pending page-image comparison.,MEDIUM-HIGH,https://previouspage.co.uk/magazines/BMX%20Action%20Bike/issues/63-august-nineteen-eighty-three,INDEX-ONLY,acs z wheel pair august 1983 45 0 gbp https previouspage co uk magazines bmx 20action 20bike issues 63 august nineteen eighty three,RETAIN — source-specific observation,Source-specific advertised amount; no inflation adjustment or averaging. Page-image comparison remains pending; no inflation adjustment or averaging is applied.,2026-08-01,BMX Action Bike,BMX Action Bike,previouspage.co.uk,Publication accessed through PreviousPage
ABMX-PR-0154,V12-ABMX-0298,,,Wildcat,Full-face helmet,Protective equipment,August 1983,,12.95,GBP,£12.95,Advertised retail price,United Kingdom,Period publication,Indexed issue text; the amount/item pairing is retained pending page-image comparison.,MEDIUM-HIGH,https://previouspage.co.uk/magazines/BMX%20Action%20Bike/issues/63-august-nineteen-eighty-three,INDEX-ONLY,wildcat full face helmet august 1983 12 95 gbp https previouspage co uk magazines bmx 20action 20bike issues 63 august nineteen eighty three,RETAIN — source-specific observation,Source-specific advertised amount; no inflation adjustment or averaging. Page-image comparison remains pending; no inflation adjustment or averaging is applied.,2026-08-01,BMX Action Bike,BMX Action Bike,previouspage.co.uk,Publication accessed through PreviousPage
ABMX-PR-0155,V12-ABMX-0298,,,Araya,Alloy wheel pair,Wheelset,August 1983,,35,GBP,£35,Advertised retail price,United Kingdom,Period publication,Indexed issue text; the amount/item pairing is retained pending page-image comparison.,MEDIUM-HIGH,https://previouspage.co.uk/magazines/BMX%20Action%20Bike/issues/63-august-nineteen-eighty-three,INDEX-ONLY,araya alloy wheel pair august 1983 35 0 gbp https previouspage co uk magazines bmx 20action 20bike issues 63 august nineteen eighty three,RETAIN — source-specific observation,Source-specific advertised amount; no inflation adjustment or averaging. Page-image comparison remains pending; no inflation adjustment or averaging is applied.,2026-08-01,BMX Action Bike,BMX Action Bike,previouspage.co.uk,Publication accessed through PreviousPage
ABMX-PR-0156,V12-ABMX-0298,,,Generic alloy,Alloy wheel pair,Wheelset,August 1983,,21,GBP,£21,Advertised retail price,United Kingdom,Period publication,Indexed issue text; the amount/item pairing is retained pending page-image comparison.,MEDIUM-HIGH,https://previouspage.co.uk/magazines/BMX%20Action%20Bike/issues/63-august-nineteen-eighty-three,INDEX-ONLY,generic alloy alloy wheel pair august 1983 21 0 gbp https previouspage co uk magazines bmx 20action 20bike issues 63 august nineteen eighty three,RETAIN — source-specific observation,Source-specific advertised amount; no inflation adjustment or averaging. Page-image comparison remains pending; no inflation adjustment or averaging is applied.,2026-08-01,BMX Action Bike,BMX Action Bike,previouspage.co.uk,Publication accessed through PreviousPage
ABMX-PR-0157,V12-ABMX-0298,,,Firebird,Frame and fork set,Frame and fork set,August 1983,,59.95,GBP,£59.95,Advertised retail price,United Kingdom,Period publication,Indexed issue text; the amount/item pairing is retained pending page-image comparison.,MEDIUM-HIGH,https://previouspage.co.uk/magazines/BMX%20Action%20Bike/issues/63-august-nineteen-eighty-three,INDEX-ONLY,firebird frame and fork set august 1983 59 95 gbp https previouspage co uk magazines bmx 20action 20bike issues 63 august nineteen eighty three,RETAIN — source-specific observation,Source-specific advertised amount; no inflation adjustment or averaging. Page-image comparison remains pending; no inflation adjustment or averaging is applied.,2026-08-01,BMX Action Bike,BMX Action Bike,previouspage.co.uk,Publication accessed through PreviousPage
ABMX-PR-0158,V12-ABMX-0305,,,Tange,TRX/ARX forks,Fork,August 1983,,19.95,GBP,£19.95 plus postage,Advertised retail price,United Kingdom,Period publication,Indexed issue text; the amount/item pairing is retained pending page-image comparison.,MEDIUM-HIGH,https://previouspage.co.uk/magazines/BMX%20Action%20Bike/issues/63-august-nineteen-eighty-three,INDEX-ONLY,tange trx arx forks august 1983 19 95 gbp https previouspage co uk magazines bmx 20action 20bike issues 63 august nineteen eighty three,RETAIN — source-specific observation,Source-specific advertised amount; no inflation adjustment or averaging. Page-image comparison remains pending; no inflation adjustment or averaging is applied.,2026-08-01,BMX Action Bike,BMX Action Bike,previouspage.co.uk,Publication accessed through PreviousPage
ABMX-PR-0159,V12-ABMX-0305,,,ACS,Z rim pair,Rim pair,August 1983,,45,GBP,£45.00 plus postage,Advertised retail price,United Kingdom,Period publication,Indexed issue text; the amount/item pairing is retained pending page-image comparison.,MEDIUM-HIGH,https://previouspage.co.uk/magazines/BMX%20Action%20Bike/issues/63-august-nineteen-eighty-three,INDEX-ONLY,acs z rim pair august 1983 45 0 gbp https previouspage co uk magazines bmx 20action 20bike issues 63 august nineteen eighty three,RETAIN — source-specific observation,Source-specific advertised amount; no inflation adjustment or averaging. Page-image comparison remains pending; no inflation adjustment or averaging is applied.,2026-08-01,BMX Action Bike,BMX Action Bike,previouspage.co.uk,Publication accessed through PreviousPage
ABMX-PR-0160,V12-ABMX-0305,,,CW,Pro/Expert bars,Handlebar,August 1983,,19.95,GBP,£19.95 plus postage,Advertised retail price,United Kingdom,Period publication,Indexed issue text; the amount/item pairing is retained pending page-image comparison.,MEDIUM-HIGH,https://previouspage.co.uk/magazines/BMX%20Action%20Bike/issues/63-august-nineteen-eighty-three,INDEX-ONLY,cw pro expert bars august 1983 19 95 gbp https previouspage co uk magazines bmx 20action 20bike issues 63 august nineteen eighty three,RETAIN — source-specific observation,Source-specific advertised amount; no inflation adjustment or averaging. Page-image comparison remains pending; no inflation adjustment or averaging is applied.,2026-08-01,BMX Action Bike,BMX Action Bike,previouspage.co.uk,Publication accessed through PreviousPage
ABMX-PR-0161,V12-ABMX-0305,,,Shimano,DX pedal pair,Pedals,August 1983,,14.95,GBP,£14.95 plus postage,Advertised retail price,United Kingdom,Period publication,Indexed issue text; the amount/item pairing is retained pending page-image comparison.,MEDIUM-HIGH,https://previouspage.co.uk/magazines/BMX%20Action%20Bike/issues/63-august-nineteen-eighty-three,INDEX-ONLY,shimano dx pedal pair august 1983 14 95 gbp https previouspage co uk magazines bmx 20action 20bike issues 63 august nineteen eighty three,RETAIN — source-specific observation,Source-specific advertised amount; no inflation adjustment or averaging. Page-image comparison remains pending; no inflation adjustment or averaging is applied.,2026-08-01,BMX Action Bike,BMX Action Bike,previouspage.co.uk,Publication accessed through PreviousPage
ABMX-PR-0162,V12-ABMX-0305,,,California Lite,Chequered pad set,Pad set,August 1983,,7.62,GBP,£7.62,Advertised retail price,United Kingdom,Period publication,Indexed issue text; the amount/item pairing is retained pending page-image comparison.,MEDIUM-HIGH,https://previouspage.co.uk/magazines/BMX%20Action%20Bike/issues/63-august-nineteen-eighty-three,INDEX-ONLY,california lite chequered pad set august 1983 7 62 gbp https previouspage co uk magazines bmx 20action 20bike issues 63 august nineteen eighty three,RETAIN — source-specific observation,Source-specific advertised amount; no inflation adjustment or averaging. Page-image comparison remains pending; no inflation adjustment or averaging is applied.,2026-08-01,BMX Action Bike,BMX Action Bike,previouspage.co.uk,Publication accessed through PreviousPage
ABMX-PR-0163,V12-ABMX-0305,,,Haro,Techplate,Number plate,August 1983,,10.31,GBP,£10.31,Advertised retail price,United Kingdom,Period publication,Indexed issue text; the amount/item pairing is retained pending page-image comparison.,MEDIUM-HIGH,https://previouspage.co.uk/magazines/BMX%20Action%20Bike/issues/63-august-nineteen-eighty-three,INDEX-ONLY,haro techplate august 1983 10 31 gbp https previouspage co uk magazines bmx 20action 20bike issues 63 august nineteen eighty three,RETAIN — source-specific observation,Source-specific advertised amount; no inflation adjustment or averaging. Page-image comparison remains pending; no inflation adjustment or averaging is applied.,2026-08-01,BMX Action Bike,BMX Action Bike,previouspage.co.uk,Publication accessed through PreviousPage
ABMX-PR-0164,V12-ABMX-0305,,,MKS,Grafight pedals,Pedals,August 1983,,11.9,GBP,£11.90,Advertised retail price,United Kingdom,Period publication,Indexed issue text; the amount/item pairing is retained pending page-image comparison.,MEDIUM-HIGH,https://previouspage.co.uk/magazines/BMX%20Action%20Bike/issues/63-august-nineteen-eighty-three,INDEX-ONLY,mks grafight pedals august 1983 11 9 gbp https previouspage co uk magazines bmx 20action 20bike issues 63 august nineteen eighty three,RETAIN — source-specific observation,Source-specific advertised amount; no inflation adjustment or averaging. Page-image comparison remains pending; no inflation adjustment or averaging is applied.,2026-08-01,BMX Action Bike,BMX Action Bike,previouspage.co.uk,Publication accessed through PreviousPage
ABMX-PR-0165,V12-ABMX-0304,,,GT,Pad set,Pad set,August 1983,,7.94,GBP,£7.94,Advertised mail-order price,United Kingdom,Period publication,Indexed issue text; the amount/item pairing is retained pending page-image comparison.,MEDIUM-HIGH,https://previouspage.co.uk/magazines/BMX%20Action%20Bike/issues/63-august-nineteen-eighty-three,INDEX-ONLY,gt pad set august 1983 7 94 gbp https previouspage co uk magazines bmx 20action 20bike issues 63 august nineteen eighty three,RETAIN — source-specific observation,Source-specific advertised amount; no inflation adjustment or averaging. Page-image comparison remains pending; no inflation adjustment or averaging is applied.,2026-08-01,BMX Action Bike,BMX Action Bike,previouspage.co.uk,Publication accessed through PreviousPage
ABMX-PR-0166,V12-ABMX-0304,,,Torker,Pad set,Pad set,August 1983,,10.37,GBP,£10.37,Advertised mail-order price,United Kingdom,Period publication,Indexed issue text; the amount/item pairing is retained pending page-image comparison.,MEDIUM-HIGH,https://previouspage.co.uk/magazines/BMX%20Action%20Bike/issues/63-august-nineteen-eighty-three,INDEX-ONLY,torker pad set august 1983 10 37 gbp https previouspage co uk magazines bmx 20action 20bike issues 63 august nineteen eighty three,RETAIN — source-specific observation,Source-specific advertised amount; no inflation adjustment or averaging. Page-image comparison remains pending; no inflation adjustment or averaging is applied.,2026-08-01,BMX Action Bike,BMX Action Bike,previouspage.co.uk,Publication accessed through PreviousPage
ABMX-PR-0167,V12-ABMX-0308,,,Suntour,Three-piece crankset,Crankset,August 1983,,23,GBP,Around £23,Approximate retail price,United Kingdom,Period publication,Indexed issue text; the amount/item pairing is retained pending page-image comparison.,MEDIUM-HIGH,https://previouspage.co.uk/magazines/BMX%20Action%20Bike/issues/63-august-nineteen-eighty-three,INDEX-ONLY,suntour three piece crankset august 1983 23 0 gbp https previouspage co uk magazines bmx 20action 20bike issues 63 august nineteen eighty three,RETAIN — source-specific observation,Source-specific advertised amount; no inflation adjustment or averaging. Page-image comparison remains pending; no inflation adjustment or averaging is applied.,2026-08-01,BMX Action Bike,BMX Action Bike,previouspage.co.uk,Publication accessed through PreviousPage
ABMX-PR-0168,V12-ABMX-0308,,,Suntour,Chainring,Chainring,August 1983,,9,GBP,Around £9,Approximate retail price,United Kingdom,Period publication,Indexed issue text; the amount/item pairing is retained pending page-image comparison.,MEDIUM-HIGH,https://previouspage.co.uk/magazines/BMX%20Action%20Bike/issues/63-august-nineteen-eighty-three,INDEX-ONLY,suntour chainring august 1983 9 0 gbp https previouspage co uk magazines bmx 20action 20bike issues 63 august nineteen eighty three,RETAIN — source-specific observation,Source-specific advertised amount; no inflation adjustment or averaging. Page-image comparison remains pending; no inflation adjustment or averaging is applied.,2026-08-01,BMX Action Bike,BMX Action Bike,previouspage.co.uk,Publication accessed through PreviousPage
ABMX-PR-0169,V12-ABMX-0308,,,Suntour,Bottom bracket,Bottom bracket,August 1983,,8,GBP,Around £8,Approximate retail price,United Kingdom,Period publication,Indexed issue text; the amount/item pairing is retained pending page-image comparison.,MEDIUM-HIGH,https://previouspage.co.uk/magazines/BMX%20Action%20Bike/issues/63-august-nineteen-eighty-three,INDEX-ONLY,suntour bottom bracket august 1983 8 0 gbp https previouspage co uk magazines bmx 20action 20bike issues 63 august nineteen eighty three,RETAIN — source-specific observation,Source-specific advertised amount; no inflation adjustment or averaging. Page-image comparison remains pending; no inflation adjustment or averaging is applied.,2026-08-01,BMX Action Bike,BMX Action Bike,previouspage.co.uk,Publication accessed through PreviousPage
ABMX-PR-0170,V12-ABMX-0310,,,No Crak,Heavy-duty chain lock,Bicycle lock,August 1983,,39.5,GBP,£39.50,Editorial test price,United Kingdom,Period publication,Indexed issue text; the amount/item pairing is retained pending page-image comparison.,MEDIUM-HIGH,https://previouspage.co.uk/magazines/BMX%20Action%20Bike/issues/63-august-nineteen-eighty-three,INDEX-ONLY,no crak heavy duty chain lock august 1983 39 5 gbp https previouspage co uk magazines bmx 20action 20bike issues 63 august nineteen eighty three,RETAIN — source-specific observation,Source-specific advertised amount; no inflation adjustment or averaging. Page-image comparison remains pending; no inflation adjustment or averaging is applied.,2026-08-01,BMX Action Bike,BMX Action Bike,previouspage.co.uk,Publication accessed through PreviousPage
ABMX-PR-0171,V12-ABMX-0310,,,No Crak,Two-ended chain lock,Bicycle lock,August 1983,,20,GBP,Around £20,Approximate editorial price,United Kingdom,Period publication,Indexed issue text; the amount/item pairing is retained pending page-image comparison.,MEDIUM-HIGH,https://previouspage.co.uk/magazines/BMX%20Action%20Bike/issues/63-august-nineteen-eighty-three,INDEX-ONLY,no crak two ended chain lock august 1983 20 0 gbp https previouspage co uk magazines bmx 20action 20bike issues 63 august nineteen eighty three,RETAIN — source-specific observation,Source-specific advertised amount; no inflation adjustment or averaging. Page-image comparison remains pending; no inflation adjustment or averaging is applied.,2026-08-01,BMX Action Bike,BMX Action Bike,previouspage.co.uk,Publication accessed through PreviousPage
ABMX-PR-0172,V12-ABMX-0310,,,Citadel,D-lock,Bicycle lock,August 1983,,5,GBP,Under £5,Approximate editorial price,United Kingdom,Period publication,Indexed issue text; the amount/item pairing is retained pending page-image comparison.,MEDIUM-HIGH,https://previouspage.co.uk/magazines/BMX%20Action%20Bike/issues/63-august-nineteen-eighty-three,INDEX-ONLY,citadel d lock august 1983 5 0 gbp https previouspage co uk magazines bmx 20action 20bike issues 63 august nineteen eighty three,RETAIN — source-specific observation,Source-specific advertised amount; no inflation adjustment or averaging. Page-image comparison remains pending; no inflation adjustment or averaging is applied.,2026-08-01,BMX Action Bike,BMX Action Bike,previouspage.co.uk,Publication accessed through PreviousPage
ABMX-PR-0173,V12-ABMX-0310,,,Squire,Six-foot cable lock,Bicycle lock,August 1983,,3.65,GBP,£3.65,Editorial test price,United Kingdom,Period publication,Indexed issue text; the amount/item pairing is retained pending page-image comparison.,MEDIUM-HIGH,https://previouspage.co.uk/magazines/BMX%20Action%20Bike/issues/63-august-nineteen-eighty-three,INDEX-ONLY,squire six foot cable lock august 1983 3 65 gbp https previouspage co uk magazines bmx 20action 20bike issues 63 august nineteen eighty three,RETAIN — source-specific observation,Source-specific advertised amount; no inflation adjustment or averaging. Page-image comparison remains pending; no inflation adjustment or averaging is applied.,2026-08-01,BMX Action Bike,BMX Action Bike,previouspage.co.uk,Publication accessed through PreviousPage
ABMX-PR-0174,V12-ABMX-0310,,,Squire,Eighteen-inch Ring of Steel,Bicycle lock,August 1983,,1.99,GBP,£1.99,Editorial test price,United Kingdom,Period publication,Indexed issue text; the amount/item pairing is retained pending page-image comparison.,MEDIUM-HIGH,https://previouspage.co.uk/magazines/BMX%20Action%20Bike/issues/63-august-nineteen-eighty-three,INDEX-ONLY,squire eighteen inch ring of steel august 1983 1 99 gbp https previouspage co uk magazines bmx 20action 20bike issues 63 august nineteen eighty three,RETAIN — source-specific observation,Source-specific advertised amount; no inflation adjustment or averaging. Page-image comparison remains pending; no inflation adjustment or averaging is applied.,2026-08-01,BMX Action Bike,BMX Action Bike,previouspage.co.uk,Publication accessed through PreviousPage
ABMX-PR-0175,V12-ABMX-0312,,,Raleigh,Pro Burner,Complete bicycle,August 1983,,195,GBP,£195.00,Advertised retail price,United Kingdom,Period publication,Indexed issue text; the amount/item pairing is retained pending page-image comparison.,MEDIUM-HIGH,https://previouspage.co.uk/magazines/BMX%20Action%20Bike/issues/63-august-nineteen-eighty-three,INDEX-ONLY,raleigh pro burner august 1983 195 0 gbp https previouspage co uk magazines bmx 20action 20bike issues 63 august nineteen eighty three,RETAIN — source-specific observation,Source-specific advertised amount; no inflation adjustment or averaging. Page-image comparison remains pending; no inflation adjustment or averaging is applied.,2026-08-01,BMX Action Bike,BMX Action Bike,previouspage.co.uk,Publication accessed through PreviousPage
ABMX-PR-0176,V12-ABMX-0312,,,Raleigh,Ultra Burner,Complete bicycle,August 1983,,115,GBP,£115.00,Advertised retail price,United Kingdom,Period publication,Indexed issue text; the amount/item pairing is retained pending page-image comparison.,MEDIUM-HIGH,https://previouspage.co.uk/magazines/BMX%20Action%20Bike/issues/63-august-nineteen-eighty-three,INDEX-ONLY,raleigh ultra burner august 1983 115 0 gbp https previouspage co uk magazines bmx 20action 20bike issues 63 august nineteen eighty three,RETAIN — source-specific observation,Source-specific advertised amount; no inflation adjustment or averaging. Page-image comparison remains pending; no inflation adjustment or averaging is applied.,2026-08-01,BMX Action Bike,BMX Action Bike,previouspage.co.uk,Publication accessed through PreviousPage
ABMX-PR-0177,V12-ABMX-0312,,,Raleigh,Extra Burner,Complete bicycle,August 1983,,89.95,GBP,£89.95,Advertised retail price,United Kingdom,Period publication,Indexed issue text; the amount/item pairing is retained pending page-image comparison.,MEDIUM-HIGH,https://previouspage.co.uk/magazines/BMX%20Action%20Bike/issues/63-august-nineteen-eighty-three,INDEX-ONLY,raleigh extra burner august 1983 89 95 gbp https previouspage co uk magazines bmx 20action 20bike issues 63 august nineteen eighty three,RETAIN — source-specific observation,Source-specific advertised amount; no inflation adjustment or averaging. Page-image comparison remains pending; no inflation adjustment or averaging is applied.,2026-08-01,BMX Action Bike,BMX Action Bike,previouspage.co.uk,Publication accessed through PreviousPage
ABMX-PR-0178,V12-ABMX-0312,,,Skyway,Tuff II wheel pair,Wheelset,August 1983,,55,GBP,£55.00 including postage,Advertised retail price,United Kingdom,Period publication,Indexed issue text; the amount/item pairing is retained pending page-image comparison.,MEDIUM-HIGH,https://previouspage.co.uk/magazines/BMX%20Action%20Bike/issues/63-august-nineteen-eighty-three,INDEX-ONLY,skyway tuff ii wheel pair august 1983 55 0 gbp https previouspage co uk magazines bmx 20action 20bike issues 63 august nineteen eighty three,RETAIN — source-specific observation,Source-specific advertised amount; no inflation adjustment or averaging. Page-image comparison remains pending; no inflation adjustment or averaging is applied.,2026-08-01,BMX Action Bike,BMX Action Bike,previouspage.co.uk,Publication accessed through PreviousPage
ABMX-PR-0179,V12-ABMX-0312,,,Araya,7X wheel pair,Wheelset,August 1983,,39.95,GBP,£39.95 including postage,Advertised retail price,United Kingdom,Period publication,Indexed issue text; the amount/item pairing is retained pending page-image comparison.,MEDIUM-HIGH,https://previouspage.co.uk/magazines/BMX%20Action%20Bike/issues/63-august-nineteen-eighty-three,INDEX-ONLY,araya 7x wheel pair august 1983 39 95 gbp https previouspage co uk magazines bmx 20action 20bike issues 63 august nineteen eighty three,RETAIN — source-specific observation,Source-specific advertised amount; no inflation adjustment or averaging. Page-image comparison remains pending; no inflation adjustment or averaging is applied.,2026-08-01,BMX Action Bike,BMX Action Bike,previouspage.co.uk,Publication accessed through PreviousPage
ABMX-PR-0180,V12-ABMX-0317,,,Araya / Suzue,ADX wheel pair,Wheelset,August 1983,,39.95,GBP,£39.95 plus postage,Advertised retail price,United Kingdom,Period publication,Indexed issue text; the amount/item pairing is retained pending page-image comparison.,MEDIUM-HIGH,https://previouspage.co.uk/magazines/BMX%20Action%20Bike/issues/63-august-nineteen-eighty-three,INDEX-ONLY,araya suzue adx wheel pair august 1983 39 95 gbp https previouspage co uk magazines bmx 20action 20bike issues 63 august nineteen eighty three,RETAIN — source-specific observation,Source-specific advertised amount; no inflation adjustment or averaging. Page-image comparison remains pending; no inflation adjustment or averaging is applied.,2026-08-01,BMX Action Bike,BMX Action Bike,previouspage.co.uk,Publication accessed through PreviousPage
ABMX-PR-0181,V12-ABMX-0317,,,Shimano,DX pedal pair,Pedals,August 1983,,12.95,GBP,£12.95 plus postage,Advertised retail price,United Kingdom,Period publication,Indexed issue text; the amount/item pairing is retained pending page-image comparison.,MEDIUM-HIGH,https://previouspage.co.uk/magazines/BMX%20Action%20Bike/issues/63-august-nineteen-eighty-three,INDEX-ONLY,shimano dx pedal pair august 1983 12 95 gbp https previouspage co uk magazines bmx 20action 20bike issues 63 august nineteen eighty three,RETAIN — source-specific observation,Source-specific advertised amount; no inflation adjustment or averaging. Page-image comparison remains pending; no inflation adjustment or averaging is applied.,2026-08-01,BMX Action Bike,BMX Action Bike,previouspage.co.uk,Publication accessed through PreviousPage
ABMX-PR-0182,V12-ABMX-0328,,,Allen’s BMX Centre,Alloy racing wheel pair,Wheelset,August 1983,,25,GBP,£25.00 per pair,Advertised retail price,United Kingdom,Period publication,Indexed issue text; the amount/item pairing is retained pending page-image comparison.,MEDIUM-HIGH,https://previouspage.co.uk/magazines/BMX%20Action%20Bike/issues/63-august-nineteen-eighty-three,INDEX-ONLY,allen s bmx centre alloy racing wheel pair august 1983 25 0 gbp https previouspage co uk magazines bmx 20action 20bike issues 63 august nineteen eighty three,RETAIN — source-specific observation,Source-specific advertised amount; no inflation adjustment or averaging. Page-image comparison remains pending; no inflation adjustment or averaging is applied.,2026-08-01,BMX Action Bike,BMX Action Bike,previouspage.co.uk,Publication accessed through PreviousPage
ABMX-PR-0183,V12-ABMX-0328,,,Allen’s BMX Centre,Fibre wheel pair,Wheelset,August 1983,,19.95,GBP,£19.95 per pair,Advertised retail price,United Kingdom,Period publication,Indexed issue text; the amount/item pairing is retained pending page-image comparison.,MEDIUM-HIGH,https://previouspage.co.uk/magazines/BMX%20Action%20Bike/issues/63-august-nineteen-eighty-three,INDEX-ONLY,allen s bmx centre fibre wheel pair august 1983 19 95 gbp https previouspage co uk magazines bmx 20action 20bike issues 63 august nineteen eighty three,RETAIN — source-specific observation,Source-specific advertised amount; no inflation adjustment or averaging. Page-image comparison remains pending; no inflation adjustment or averaging is applied.,2026-08-01,BMX Action Bike,BMX Action Bike,previouspage.co.uk,Publication accessed through PreviousPage
ABMX-PR-0184,V12-ABMX-0328,,,Allen’s BMX Centre,Alloy V bars,Handlebar,August 1983,,7.95,GBP,£7.95,Advertised retail price,United Kingdom,Period publication,Indexed issue text; the amount/item pairing is retained pending page-image comparison.,MEDIUM-HIGH,https://previouspage.co.uk/magazines/BMX%20Action%20Bike/issues/63-august-nineteen-eighty-three,INDEX-ONLY,allen s bmx centre alloy v bars august 1983 7 95 gbp https previouspage co uk magazines bmx 20action 20bike issues 63 august nineteen eighty three,RETAIN — source-specific observation,Source-specific advertised amount; no inflation adjustment or averaging. Page-image comparison remains pending; no inflation adjustment or averaging is applied.,2026-08-01,BMX Action Bike,BMX Action Bike,previouspage.co.uk,Publication accessed through PreviousPage
ABMX-PR-0185,V12-ABMX-0323,,,Haro,Freestyler frame and forks,Frame and fork set,August 1983,,149,GBP,£149,Discount retail price,United Kingdom,Period publication,Indexed issue text; the amount/item pairing is retained pending page-image comparison.,MEDIUM-HIGH,https://previouspage.co.uk/magazines/BMX%20Action%20Bike/issues/63-august-nineteen-eighty-three,INDEX-ONLY,haro freestyler frame and forks august 1983 149 0 gbp https previouspage co uk magazines bmx 20action 20bike issues 63 august nineteen eighty three,RETAIN — source-specific observation,Source-specific advertised amount; no inflation adjustment or averaging. Page-image comparison remains pending; no inflation adjustment or averaging is applied.,2026-08-01,BMX Action Bike,BMX Action Bike,previouspage.co.uk,Publication accessed through PreviousPage
ABMX-PR-0186,V12-ABMX-0323,,,Skyway,TA frame and forks,Frame and fork set,August 1983,,159,GBP,£159,Discount retail price,United Kingdom,Period publication,Indexed issue text; the amount/item pairing is retained pending page-image comparison.,MEDIUM-HIGH,https://previouspage.co.uk/magazines/BMX%20Action%20Bike/issues/63-august-nineteen-eighty-three,INDEX-ONLY,skyway ta frame and forks august 1983 159 0 gbp https previouspage co uk magazines bmx 20action 20bike issues 63 august nineteen eighty three,RETAIN — source-specific observation,Source-specific advertised amount; no inflation adjustment or averaging. Page-image comparison remains pending; no inflation adjustment or averaging is applied.,2026-08-01,BMX Action Bike,BMX Action Bike,previouspage.co.uk,Publication accessed through PreviousPage
ABMX-PR-0187,V12-ABMX-0335,,,Ukai,1 3/8-inch rim,Rim,August 1983,,12,GBP,From £12,Editorial price reference,United Kingdom,Period publication,Indexed issue text; the amount/item pairing is retained pending page-image comparison.,MEDIUM-HIGH,https://previouspage.co.uk/magazines/BMX%20Action%20Bike/issues/63-august-nineteen-eighty-three,INDEX-ONLY,ukai 1 3 8 inch rim august 1983 12 0 gbp https previouspage co uk magazines bmx 20action 20bike issues 63 august nineteen eighty three,RETAIN — source-specific observation,Source-specific advertised amount; no inflation adjustment or averaging. Page-image comparison remains pending; no inflation adjustment or averaging is applied.,2026-08-01,BMX Action Bike,BMX Action Bike,previouspage.co.uk,Publication accessed through PreviousPage
ABMX-PR-0188,V12-ABMX-0335,,,Panaracer,1 3/8-inch tyre,Tyre,August 1983,,6.25,GBP,From £6.25,Editorial price reference,United Kingdom,Period publication,Indexed issue text; the amount/item pairing is retained pending page-image comparison.,MEDIUM-HIGH,https://previouspage.co.uk/magazines/BMX%20Action%20Bike/issues/63-august-nineteen-eighty-three,INDEX-ONLY,panaracer 1 3 8 inch tyre august 1983 6 25 gbp https previouspage co uk magazines bmx 20action 20bike issues 63 august nineteen eighty three,RETAIN — source-specific observation,Source-specific advertised amount; no inflation adjustment or averaging. Page-image comparison remains pending; no inflation adjustment or averaging is applied.,2026-08-01,BMX Action Bike,BMX Action Bike,previouspage.co.uk,Publication accessed through PreviousPage
ABMX-PR-0189,V12-ABMX-0306,,,Skyway,Tuff wheel pair,Wheelset,August 1983,,57.5,GBP,£57.50,Advertised retail price,United Kingdom,Period publication,Indexed issue text; the amount/item pairing is retained pending page-image comparison.,MEDIUM-HIGH,https://previouspage.co.uk/magazines/BMX%20Action%20Bike/issues/63-august-nineteen-eighty-three,INDEX-ONLY,skyway tuff wheel pair august 1983 57 5 gbp https previouspage co uk magazines bmx 20action 20bike issues 63 august nineteen eighty three,RETAIN — source-specific observation,Source-specific advertised amount; no inflation adjustment or averaging. Page-image comparison remains pending; no inflation adjustment or averaging is applied.,2026-08-01,BMX Action Bike,BMX Action Bike,previouspage.co.uk,Publication accessed through PreviousPage
ABMX-PR-0190,V12-ABMX-0306,,,Custom,Z rim wheel pair,Wheelset,August 1983,,39,GBP,£39.00,Advertised retail price,United Kingdom,Period publication,Indexed issue text; the amount/item pairing is retained pending page-image comparison.,MEDIUM-HIGH,https://previouspage.co.uk/magazines/BMX%20Action%20Bike/issues/63-august-nineteen-eighty-three,INDEX-ONLY,custom z rim wheel pair august 1983 39 0 gbp https previouspage co uk magazines bmx 20action 20bike issues 63 august nineteen eighty three,RETAIN — source-specific observation,Source-specific advertised amount; no inflation adjustment or averaging. Page-image comparison remains pending; no inflation adjustment or averaging is applied.,2026-08-01,BMX Action Bike,BMX Action Bike,previouspage.co.uk,Publication accessed through PreviousPage
ABMX-PR-0191,V12-ABMX-0319,,,BMX Action Bike,Available back issue,Magazine back issue,August 1983,,0.7,GBP,70p per copy,Back-issue mail-order price,United Kingdom,Period publication,Indexed issue text; the amount/item pairing is retained pending page-image comparison.,MEDIUM-HIGH,https://previouspage.co.uk/magazines/BMX%20Action%20Bike/issues/63-august-nineteen-eighty-three,INDEX-ONLY,bmx action bike available back issue august 1983 0 7 gbp https previouspage co uk magazines bmx 20action 20bike issues 63 august nineteen eighty three,RETAIN — source-specific observation,Source-specific advertised amount; no inflation adjustment or averaging. Page-image comparison remains pending; no inflation adjustment or averaging is applied.,2026-08-01,BMX Action Bike,BMX Action Bike,previouspage.co.uk,Publication accessed through PreviousPage
ABMX-PR-0192,V12-ABMX-0320,,,BMX Action Bike,Twelve-issue binder,Binder,August 1983,,3.95,GBP,£3.95,Mail-order price,United Kingdom,Period publication,Indexed issue text; the amount/item pairing is retained pending page-image comparison.,MEDIUM-HIGH,https://previouspage.co.uk/magazines/BMX%20Action%20Bike/issues/63-august-nineteen-eighty-three,INDEX-ONLY,bmx action bike twelve issue binder august 1983 3 95 gbp https previouspage co uk magazines bmx 20action 20bike issues 63 august nineteen eighty three,RETAIN — source-specific observation,Source-specific advertised amount; no inflation adjustment or averaging. Page-image comparison remains pending; no inflation adjustment or averaging is applied.,2026-08-01,BMX Action Bike,BMX Action Bike,previouspage.co.uk,Publication accessed through PreviousPage
ABMX-PR-0193,V12-ABMX-0321,,,BMX Action Bike,Ten-issue UK subscription,Subscription,August 1983,,8.6,GBP,£8.60,Subscription price,United Kingdom,Period publication,Indexed issue text; the amount/item pairing is retained pending page-image comparison.,MEDIUM-HIGH,https://previouspage.co.uk/magazines/BMX%20Action%20Bike/issues/63-august-nineteen-eighty-three,INDEX-ONLY,bmx action bike ten issue uk subscription august 1983 8 6 gbp https previouspage co uk magazines bmx 20action 20bike issues 63 august nineteen eighty three,RETAIN — source-specific observation,Source-specific advertised amount; no inflation adjustment or averaging. Page-image comparison remains pending; no inflation adjustment or averaging is applied.,2026-08-01,BMX Action Bike,BMX Action Bike,previouspage.co.uk,Publication accessed through PreviousPage
ABMX-PR-0194,V12-ABMX-0297,,,King Sticker,Five-sticker packet,Sticker packet,August 1983,,1,GBP,£1,Mail-order price,United Kingdom,Period publication,Indexed issue text; the amount/item pairing is retained pending page-image comparison.,MEDIUM-HIGH,https://previouspage.co.uk/magazines/BMX%20Action%20Bike/issues/63-august-nineteen-eighty-three,INDEX-ONLY,king sticker five sticker packet august 1983 1 0 gbp https previouspage co uk magazines bmx 20action 20bike issues 63 august nineteen eighty three,RETAIN — source-specific observation,Source-specific advertised amount; no inflation adjustment or averaging. Page-image comparison remains pending; no inflation adjustment or averaging is applied.,2026-08-01,BMX Action Bike,BMX Action Bike,previouspage.co.uk,Publication accessed through PreviousPage
ABMX-PR-0195,V12-ABMX-0309,,,Superfox,Superfox complete bicycle,Complete bicycle,August 1983,,175,GBP,£175,Editorial price context,United Kingdom,Period publication,Indexed issue text; the amount/item pairing is retained pending page-image comparison.,MEDIUM-HIGH,https://previouspage.co.uk/magazines/BMX%20Action%20Bike/issues/63-august-nineteen-eighty-three,INDEX-ONLY,superfox superfox complete bicycle august 1983 175 0 gbp https previouspage co uk magazines bmx 20action 20bike issues 63 august nineteen eighty three,RETAIN — source-specific observation,Source-specific advertised amount; no inflation adjustment or averaging. Page-image comparison remains pending; no inflation adjustment or averaging is applied.,2026-08-01,BMX Action Bike,BMX Action Bike,previouspage.co.uk,Publication accessed through PreviousPage
ABMX-PR-0196,V12-ABMX-0322,,,BMX Centre Mousehole,Chromoly frame-and-fork set,Frame and fork set,August 1983,,63.95,GBP,£63.95,Advertised retail price,United Kingdom,Period publication,Indexed issue text; the amount/item pairing is retained pending page-image comparison.,MEDIUM-HIGH,https://previouspage.co.uk/magazines/BMX%20Action%20Bike/issues/63-august-nineteen-eighty-three,INDEX-ONLY,bmx centre mousehole chromoly frame and fork set august 1983 63 95 gbp https previouspage co uk magazines bmx 20action 20bike issues 63 august nineteen eighty three,RETAIN — source-specific observation,Source-specific advertised amount; no inflation adjustment or averaging. Page-image comparison remains pending; no inflation adjustment or averaging is applied.,2026-08-01,BMX Action Bike,BMX Action Bike,previouspage.co.uk,Publication accessed through PreviousPage
ABMX-PR-0197,V12-ABMX-0318,,,Firebird,Frame and fork set,Frame and fork set,August 1983,,64.95,GBP,£64.95 plus postage,Advertised retail price,United Kingdom,Period publication,Indexed issue text; the amount/item pairing is retained pending page-image comparison.,MEDIUM-HIGH,https://previouspage.co.uk/magazines/BMX%20Action%20Bike/issues/63-august-nineteen-eighty-three,INDEX-ONLY,firebird frame and fork set august 1983 64 95 gbp https previouspage co uk magazines bmx 20action 20bike issues 63 august nineteen eighty three,RETAIN — source-specific observation,Source-specific advertised amount; no inflation adjustment or averaging. Page-image comparison remains pending; no inflation adjustment or averaging is applied.,2026-08-01,BMX Action Bike,BMX Action Bike,previouspage.co.uk,Publication accessed through PreviousPage
ABMX-PR-0198,V12-ABMX-0345,,,Yes,Fibrelite helmet,Protective equipment,September 1983,,32,GBP,£32.00,Advertised or editorial period price,United Kingdom,Period publication,Indexed issue text; the amount/item pairing is retained pending page-image comparison.,MEDIUM-HIGH,https://previouspage.co.uk/magazines/BMX%20Action%20Bike/issues/64-september-nineteen-eighty-three,INDEX-ONLY,yes fibrelite helmet september 1983 32 0 gbp https previouspage co uk magazines bmx 20action 20bike issues 64 september nineteen eighty three,RETAIN — source-specific observation,Source-specific period amount; no inflation adjustment or averaging. Page-image comparison remains pending; no inflation adjustment or averaging is applied.,2026-08-01,BMX Action Bike,BMX Action Bike,previouspage.co.uk,Publication accessed through PreviousPage
ABMX-PR-0199,V12-ABMX-0345,,,Yes,Scorpion helmet,Protective equipment,September 1983,,18.95,GBP,£18.95,Advertised or editorial period price,United Kingdom,Period publication,Indexed issue text; the amount/item pairing is retained pending page-image comparison.,MEDIUM-HIGH,https://previouspage.co.uk/magazines/BMX%20Action%20Bike/issues/64-september-nineteen-eighty-three,INDEX-ONLY,yes scorpion helmet september 1983 18 95 gbp https previouspage co uk magazines bmx 20action 20bike issues 64 september nineteen eighty three,RETAIN — source-specific observation,Source-specific period amount; no inflation adjustment or averaging. Page-image comparison remains pending; no inflation adjustment or averaging is applied.,2026-08-01,BMX Action Bike,BMX Action Bike,previouspage.co.uk,Publication accessed through PreviousPage
ABMX-PR-0200,V12-ABMX-0346,,,Kashimax,Aero saddle,Saddle,September 1983,,14.95,GBP,£14.95,Advertised or editorial period price,United Kingdom,Period publication,Indexed issue text; the amount/item pairing is retained pending page-image comparison.,MEDIUM-HIGH,https://previouspage.co.uk/magazines/BMX%20Action%20Bike/issues/64-september-nineteen-eighty-three,INDEX-ONLY,kashimax aero saddle september 1983 14 95 gbp https previouspage co uk magazines bmx 20action 20bike issues 64 september nineteen eighty three,RETAIN — source-specific observation,Source-specific period amount; no inflation adjustment or averaging. Page-image comparison remains pending; no inflation adjustment or averaging is applied.,2026-08-01,BMX Action Bike,BMX Action Bike,previouspage.co.uk,Publication accessed through PreviousPage
ABMX-PR-0201,V12-ABMX-0346,,,Trax Pro,Full-face helmet,Protective equipment,September 1983,,12.95,GBP,£12.95,Advertised or editorial period price,United Kingdom,Period publication,Indexed issue text; the amount/item pairing is retained pending page-image comparison.,MEDIUM-HIGH,https://previouspage.co.uk/magazines/BMX%20Action%20Bike/issues/64-september-nineteen-eighty-three,INDEX-ONLY,trax pro full face helmet september 1983 12 95 gbp https previouspage co uk magazines bmx 20action 20bike issues 64 september nineteen eighty three,RETAIN — source-specific observation,Source-specific period amount; no inflation adjustment or averaging. Page-image comparison remains pending; no inflation adjustment or averaging is applied.,2026-08-01,BMX Action Bike,BMX Action Bike,previouspage.co.uk,Publication accessed through PreviousPage
ABMX-PR-0202,V12-ABMX-0346,,,Trax Pro,Open-face helmet,Protective equipment,September 1983,,8.95,GBP,£8.95,Advertised or editorial period price,United Kingdom,Period publication,Indexed issue text; the amount/item pairing is retained pending page-image comparison.,MEDIUM-HIGH,https://previouspage.co.uk/magazines/BMX%20Action%20Bike/issues/64-september-nineteen-eighty-three,INDEX-ONLY,trax pro open face helmet september 1983 8 95 gbp https previouspage co uk magazines bmx 20action 20bike issues 64 september nineteen eighty three,RETAIN — source-specific observation,Source-specific period amount; no inflation adjustment or averaging. Page-image comparison remains pending; no inflation adjustment or averaging is applied.,2026-08-01,BMX Action Bike,BMX Action Bike,previouspage.co.uk,Publication accessed through PreviousPage
ABMX-PR-0203,V12-ABMX-0346,,,Trax Pro,Goggles or face mask,Protective equipment,September 1983,,4.95,GBP,From £4.95,Advertised or editorial period price,United Kingdom,Period publication,Indexed issue text; the amount/item pairing is retained pending page-image comparison.,MEDIUM-HIGH,https://previouspage.co.uk/magazines/BMX%20Action%20Bike/issues/64-september-nineteen-eighty-three,INDEX-ONLY,trax pro goggles or face mask september 1983 4 95 gbp https previouspage co uk magazines bmx 20action 20bike issues 64 september nineteen eighty three,RETAIN — source-specific observation,Source-specific period amount; no inflation adjustment or averaging. Page-image comparison remains pending; no inflation adjustment or averaging is applied.,2026-08-01,BMX Action Bike,BMX Action Bike,previouspage.co.uk,Publication accessed through PreviousPage
ABMX-PR-0204,V12-ABMX-0346,,,MX,120 brake lever,Brake lever,September 1983,,3.35,GBP,£3.35,Advertised or editorial period price,United Kingdom,Period publication,Indexed issue text; the amount/item pairing is retained pending page-image comparison.,MEDIUM-HIGH,https://previouspage.co.uk/magazines/BMX%20Action%20Bike/issues/64-september-nineteen-eighty-three,INDEX-ONLY,mx 120 brake lever september 1983 3 35 gbp https previouspage co uk magazines bmx 20action 20bike issues 64 september nineteen eighty three,RETAIN — source-specific observation,Source-specific period amount; no inflation adjustment or averaging. Page-image comparison remains pending; no inflation adjustment or averaging is applied.,2026-08-01,BMX Action Bike,BMX Action Bike,previouspage.co.uk,Publication accessed through PreviousPage
ABMX-PR-0205,V12-ABMX-0346,,,Cobra,Aero grips,Grips,September 1983,,1.45,GBP,£1.45,Advertised or editorial period price,United Kingdom,Period publication,Indexed issue text; the amount/item pairing is retained pending page-image comparison.,MEDIUM-HIGH,https://previouspage.co.uk/magazines/BMX%20Action%20Bike/issues/64-september-nineteen-eighty-three,INDEX-ONLY,cobra aero grips september 1983 1 45 gbp https previouspage co uk magazines bmx 20action 20bike issues 64 september nineteen eighty three,RETAIN — source-specific observation,Source-specific period amount; no inflation adjustment or averaging. Page-image comparison remains pending; no inflation adjustment or averaging is applied.,2026-08-01,BMX Action Bike,BMX Action Bike,previouspage.co.uk,Publication accessed through PreviousPage
ABMX-PR-0206,V12-ABMX-0347,,,Rivat,Competition BMX shoes,Footwear,September 1983,,39,GBP,Around £39,Advertised or editorial period price,United Kingdom,Period publication,Indexed issue text; the amount/item pairing is retained pending page-image comparison.,MEDIUM-HIGH,https://previouspage.co.uk/magazines/BMX%20Action%20Bike/issues/64-september-nineteen-eighty-three,INDEX-ONLY,rivat competition bmx shoes september 1983 39 0 gbp https previouspage co uk magazines bmx 20action 20bike issues 64 september nineteen eighty three,RETAIN — source-specific observation,Source-specific period amount; no inflation adjustment or averaging. Page-image comparison remains pending; no inflation adjustment or averaging is applied.,2026-08-01,BMX Action Bike,BMX Action Bike,previouspage.co.uk,Publication accessed through PreviousPage
ABMX-PR-0207,V12-ABMX-0347,,,Minoura,W-10 workstand,Workshop equipment,September 1983,,29,GBP,Around £29,Advertised or editorial period price,United Kingdom,Period publication,Indexed issue text; the amount/item pairing is retained pending page-image comparison.,MEDIUM-HIGH,https://previouspage.co.uk/magazines/BMX%20Action%20Bike/issues/64-september-nineteen-eighty-three,INDEX-ONLY,minoura w 10 workstand september 1983 29 0 gbp https previouspage co uk magazines bmx 20action 20bike issues 64 september nineteen eighty three,RETAIN — source-specific observation,Source-specific period amount; no inflation adjustment or averaging. Page-image comparison remains pending; no inflation adjustment or averaging is applied.,2026-08-01,BMX Action Bike,BMX Action Bike,previouspage.co.uk,Publication accessed through PreviousPage
ABMX-PR-0208,V12-ABMX-0347,,,MKS,Grafight-X pedals,Pedals,September 1983,,19,GBP,Around £19,Advertised or editorial period price,United Kingdom,Period publication,Indexed issue text; the amount/item pairing is retained pending page-image comparison.,MEDIUM-HIGH,https://previouspage.co.uk/magazines/BMX%20Action%20Bike/issues/64-september-nineteen-eighty-three,INDEX-ONLY,mks grafight x pedals september 1983 19 0 gbp https previouspage co uk magazines bmx 20action 20bike issues 64 september nineteen eighty three,RETAIN — source-specific observation,Source-specific period amount; no inflation adjustment or averaging. Page-image comparison remains pending; no inflation adjustment or averaging is applied.,2026-08-01,BMX Action Bike,BMX Action Bike,previouspage.co.uk,Publication accessed through PreviousPage
ABMX-PR-0209,V12-ABMX-0347,,,MX,Quick-release brake control,Brake control,September 1983,,12.5,GBP,Around £12.50,Advertised or editorial period price,United Kingdom,Period publication,Indexed issue text; the amount/item pairing is retained pending page-image comparison.,MEDIUM-HIGH,https://previouspage.co.uk/magazines/BMX%20Action%20Bike/issues/64-september-nineteen-eighty-three,INDEX-ONLY,mx quick release brake control september 1983 12 5 gbp https previouspage co uk magazines bmx 20action 20bike issues 64 september nineteen eighty three,RETAIN — source-specific observation,Source-specific period amount; no inflation adjustment or averaging. Page-image comparison remains pending; no inflation adjustment or averaging is applied.,2026-08-01,BMX Action Bike,BMX Action Bike,previouspage.co.uk,Publication accessed through PreviousPage
ABMX-PR-0210,V12-ABMX-0348,,,Kuwahara,Lazer Lite complete bicycle,Complete bicycle,September 1983,,349.95,GBP,£349.95,Advertised or editorial period price,United Kingdom,Period publication,Indexed issue text; the amount/item pairing is retained pending page-image comparison.,MEDIUM-HIGH,https://previouspage.co.uk/magazines/BMX%20Action%20Bike/issues/64-september-nineteen-eighty-three,INDEX-ONLY,kuwahara lazer lite complete bicycle september 1983 349 95 gbp https previouspage co uk magazines bmx 20action 20bike issues 64 september nineteen eighty three,RETAIN — source-specific observation,Source-specific period amount; no inflation adjustment or averaging. Page-image comparison remains pending; no inflation adjustment or averaging is applied.,2026-08-01,BMX Action Bike,BMX Action Bike,previouspage.co.uk,Publication accessed through PreviousPage
ABMX-PR-0211,V12-ABMX-0348,,,Kuwahara,KE 2.5 complete bicycle,Complete bicycle,September 1983,,262.95,GBP,£262.95,Advertised or editorial period price,United Kingdom,Period publication,Indexed issue text; the amount/item pairing is retained pending page-image comparison.,MEDIUM-HIGH,https://previouspage.co.uk/magazines/BMX%20Action%20Bike/issues/64-september-nineteen-eighty-three,INDEX-ONLY,kuwahara ke 2 5 complete bicycle september 1983 262 95 gbp https previouspage co uk magazines bmx 20action 20bike issues 64 september nineteen eighty three,RETAIN — source-specific observation,Source-specific period amount; no inflation adjustment or averaging. Page-image comparison remains pending; no inflation adjustment or averaging is applied.,2026-08-01,BMX Action Bike,BMX Action Bike,previouspage.co.uk,Publication accessed through PreviousPage
ABMX-PR-0212,V12-ABMX-0348,,,GT,Pro or Standard complete bicycle,Complete bicycle,September 1983,,239.95,GBP,£239.95,Advertised or editorial period price,United Kingdom,Period publication,Indexed issue text; the amount/item pairing is retained pending page-image comparison.,MEDIUM-HIGH,https://previouspage.co.uk/magazines/BMX%20Action%20Bike/issues/64-september-nineteen-eighty-three,INDEX-ONLY,gt pro or standard complete bicycle september 1983 239 95 gbp https previouspage co uk magazines bmx 20action 20bike issues 64 september nineteen eighty three,RETAIN — source-specific observation,Source-specific period amount; no inflation adjustment or averaging. Page-image comparison remains pending; no inflation adjustment or averaging is applied.,2026-08-01,BMX Action Bike,BMX Action Bike,previouspage.co.uk,Publication accessed through PreviousPage
ABMX-PR-0213,V12-ABMX-0348,,,Torker,280X complete bicycle,Complete bicycle,September 1983,,224.95,GBP,£224.95,Advertised or editorial period price,United Kingdom,Period publication,Indexed issue text; the amount/item pairing is retained pending page-image comparison.,MEDIUM-HIGH,https://previouspage.co.uk/magazines/BMX%20Action%20Bike/issues/64-september-nineteen-eighty-three,INDEX-ONLY,torker 280x complete bicycle september 1983 224 95 gbp https previouspage co uk magazines bmx 20action 20bike issues 64 september nineteen eighty three,RETAIN — source-specific observation,Source-specific period amount; no inflation adjustment or averaging. Page-image comparison remains pending; no inflation adjustment or averaging is applied.,2026-08-01,BMX Action Bike,BMX Action Bike,previouspage.co.uk,Publication accessed through PreviousPage
ABMX-PR-0214,V12-ABMX-0348,,,Diamond Back,Silver Streak complete bicycle,Complete bicycle,September 1983,,197.5,GBP,£197.50,Advertised or editorial period price,United Kingdom,Period publication,Indexed issue text; the amount/item pairing is retained pending page-image comparison.,MEDIUM-HIGH,https://previouspage.co.uk/magazines/BMX%20Action%20Bike/issues/64-september-nineteen-eighty-three,INDEX-ONLY,diamond back silver streak complete bicycle september 1983 197 5 gbp https previouspage co uk magazines bmx 20action 20bike issues 64 september nineteen eighty three,RETAIN — source-specific observation,Source-specific period amount; no inflation adjustment or averaging. Page-image comparison remains pending; no inflation adjustment or averaging is applied.,2026-08-01,BMX Action Bike,BMX Action Bike,previouspage.co.uk,Publication accessed through PreviousPage
ABMX-PR-0215,V12-ABMX-0348,,,Haro,Freestyler frame and forks,Frame and fork set,September 1983,,166.95,GBP,£166.95,Advertised or editorial period price,United Kingdom,Period publication,Indexed issue text; the amount/item pairing is retained pending page-image comparison.,MEDIUM-HIGH,https://previouspage.co.uk/magazines/BMX%20Action%20Bike/issues/64-september-nineteen-eighty-three,INDEX-ONLY,haro freestyler frame and forks september 1983 166 95 gbp https previouspage co uk magazines bmx 20action 20bike issues 64 september nineteen eighty three,RETAIN — source-specific observation,Source-specific period amount; no inflation adjustment or averaging. Page-image comparison remains pending; no inflation adjustment or averaging is applied.,2026-08-01,BMX Action Bike,BMX Action Bike,previouspage.co.uk,Publication accessed through PreviousPage
ABMX-PR-0216,V12-ABMX-0348,,,PK Ripper,Frame and fork set,Frame and fork set,September 1983,,152.95,GBP,£152.95,Advertised or editorial period price,United Kingdom,Period publication,Indexed issue text; the amount/item pairing is retained pending page-image comparison.,MEDIUM-HIGH,https://previouspage.co.uk/magazines/BMX%20Action%20Bike/issues/64-september-nineteen-eighty-three,INDEX-ONLY,pk ripper frame and fork set september 1983 152 95 gbp https previouspage co uk magazines bmx 20action 20bike issues 64 september nineteen eighty three,RETAIN — source-specific observation,Source-specific period amount; no inflation adjustment or averaging. Page-image comparison remains pending; no inflation adjustment or averaging is applied.,2026-08-01,BMX Action Bike,BMX Action Bike,previouspage.co.uk,Publication accessed through PreviousPage
ABMX-PR-0217,V12-ABMX-0348,,,Hutch,Pro frame and forks,Frame and fork set,September 1983,,139.95,GBP,£139.95,Advertised or editorial period price,United Kingdom,Period publication,Indexed issue text; the amount/item pairing is retained pending page-image comparison.,MEDIUM-HIGH,https://previouspage.co.uk/magazines/BMX%20Action%20Bike/issues/64-september-nineteen-eighty-three,INDEX-ONLY,hutch pro frame and forks september 1983 139 95 gbp https previouspage co uk magazines bmx 20action 20bike issues 64 september nineteen eighty three,RETAIN — source-specific observation,Source-specific period amount; no inflation adjustment or averaging. Page-image comparison remains pending; no inflation adjustment or averaging is applied.,2026-08-01,BMX Action Bike,BMX Action Bike,previouspage.co.uk,Publication accessed through PreviousPage
ABMX-PR-0218,V12-ABMX-0348,,,GT,Pro or Standard frame and forks,Frame and fork set,September 1983,,119.95,GBP,£119.95,Advertised or editorial period price,United Kingdom,Period publication,Indexed issue text; the amount/item pairing is retained pending page-image comparison.,MEDIUM-HIGH,https://previouspage.co.uk/magazines/BMX%20Action%20Bike/issues/64-september-nineteen-eighty-three,INDEX-ONLY,gt pro or standard frame and forks september 1983 119 95 gbp https previouspage co uk magazines bmx 20action 20bike issues 64 september nineteen eighty three,RETAIN — source-specific observation,Source-specific period amount; no inflation adjustment or averaging. Page-image comparison remains pending; no inflation adjustment or averaging is applied.,2026-08-01,BMX Action Bike,BMX Action Bike,previouspage.co.uk,Publication accessed through PreviousPage
ABMX-PR-0219,V12-ABMX-0348,,,Araya / Suzue,7X wheel pair,Wheelset,September 1983,,45.95,GBP,£45.95,Advertised or editorial period price,United Kingdom,Period publication,Indexed issue text; the amount/item pairing is retained pending page-image comparison.,MEDIUM-HIGH,https://previouspage.co.uk/magazines/BMX%20Action%20Bike/issues/64-september-nineteen-eighty-three,INDEX-ONLY,araya suzue 7x wheel pair september 1983 45 95 gbp https previouspage co uk magazines bmx 20action 20bike issues 64 september nineteen eighty three,RETAIN — source-specific observation,Source-specific period amount; no inflation adjustment or averaging. Page-image comparison remains pending; no inflation adjustment or averaging is applied.,2026-08-01,BMX Action Bike,BMX Action Bike,previouspage.co.uk,Publication accessed through PreviousPage
ABMX-PR-0220,V12-ABMX-0348,,,Araya / Suzue,ADX wheel pair,Wheelset,September 1983,,49.95,GBP,£49.95,Advertised or editorial period price,United Kingdom,Period publication,Indexed issue text; the amount/item pairing is retained pending page-image comparison.,MEDIUM-HIGH,https://previouspage.co.uk/magazines/BMX%20Action%20Bike/issues/64-september-nineteen-eighty-three,INDEX-ONLY,araya suzue adx wheel pair september 1983 49 95 gbp https previouspage co uk magazines bmx 20action 20bike issues 64 september nineteen eighty three,RETAIN — source-specific observation,Source-specific period amount; no inflation adjustment or averaging. Page-image comparison remains pending; no inflation adjustment or averaging is applied.,2026-08-01,BMX Action Bike,BMX Action Bike,previouspage.co.uk,Publication accessed through PreviousPage
ABMX-PR-0221,V12-ABMX-0348,,,Landing Gear,20-inch forks,Fork,September 1983,,39.95,GBP,£39.95,Advertised or editorial period price,United Kingdom,Period publication,Indexed issue text; the amount/item pairing is retained pending page-image comparison.,MEDIUM-HIGH,https://previouspage.co.uk/magazines/BMX%20Action%20Bike/issues/64-september-nineteen-eighty-three,INDEX-ONLY,landing gear 20 inch forks september 1983 39 95 gbp https previouspage co uk magazines bmx 20action 20bike issues 64 september nineteen eighty three,RETAIN — source-specific observation,Source-specific period amount; no inflation adjustment or averaging. Page-image comparison remains pending; no inflation adjustment or averaging is applied.,2026-08-01,BMX Action Bike,BMX Action Bike,previouspage.co.uk,Publication accessed through PreviousPage
ABMX-PR-0222,V12-ABMX-0348,,,Haro,Freestyle Moves book,Book,September 1983,,4.5,GBP,£4.50,Advertised or editorial period price,United Kingdom,Period publication,Indexed issue text; the amount/item pairing is retained pending page-image comparison.,MEDIUM-HIGH,https://previouspage.co.uk/magazines/BMX%20Action%20Bike/issues/64-september-nineteen-eighty-three,INDEX-ONLY,haro freestyle moves book september 1983 4 5 gbp https previouspage co uk magazines bmx 20action 20bike issues 64 september nineteen eighty three,RETAIN — source-specific observation,Source-specific period amount; no inflation adjustment or averaging. Page-image comparison remains pending; no inflation adjustment or averaging is applied.,2026-08-01,BMX Action Bike,BMX Action Bike,previouspage.co.uk,Publication accessed through PreviousPage
ABMX-PR-0223,V12-ABMX-0348,,,Suntour,Beartrap pedals,Pedals,September 1983,,16.95,GBP,£16.95,Advertised or editorial period price,United Kingdom,Period publication,Indexed issue text; the amount/item pairing is retained pending page-image comparison.,MEDIUM-HIGH,https://previouspage.co.uk/magazines/BMX%20Action%20Bike/issues/64-september-nineteen-eighty-three,INDEX-ONLY,suntour beartrap pedals september 1983 16 95 gbp https previouspage co uk magazines bmx 20action 20bike issues 64 september nineteen eighty three,RETAIN — source-specific observation,Source-specific period amount; no inflation adjustment or averaging. Page-image comparison remains pending; no inflation adjustment or averaging is applied.,2026-08-01,BMX Action Bike,BMX Action Bike,previouspage.co.uk,Publication accessed through PreviousPage
ABMX-PR-0224,V12-ABMX-0348,,,Haro,Tech number plate,Number plate,September 1983,,9.99,GBP,£9.99,Advertised or editorial period price,United Kingdom,Period publication,Indexed issue text; the amount/item pairing is retained pending page-image comparison.,MEDIUM-HIGH,https://previouspage.co.uk/magazines/BMX%20Action%20Bike/issues/64-september-nineteen-eighty-three,INDEX-ONLY,haro tech number plate september 1983 9 99 gbp https previouspage co uk magazines bmx 20action 20bike issues 64 september nineteen eighty three,RETAIN — source-specific observation,Source-specific period amount; no inflation adjustment or averaging. Page-image comparison remains pending; no inflation adjustment or averaging is applied.,2026-08-01,BMX Action Bike,BMX Action Bike,previouspage.co.uk,Publication accessed through PreviousPage
ABMX-PR-0225,V12-ABMX-0348,,,MKS,Grafight pedals,Pedals,September 1983,,10.99,GBP,£10.99,Advertised or editorial period price,United Kingdom,Period publication,Indexed issue text; the amount/item pairing is retained pending page-image comparison.,MEDIUM-HIGH,https://previouspage.co.uk/magazines/BMX%20Action%20Bike/issues/64-september-nineteen-eighty-three,INDEX-ONLY,mks grafight pedals september 1983 10 99 gbp https previouspage co uk magazines bmx 20action 20bike issues 64 september nineteen eighty three,RETAIN — source-specific observation,Source-specific period amount; no inflation adjustment or averaging. Page-image comparison remains pending; no inflation adjustment or averaging is applied.,2026-08-01,BMX Action Bike,BMX Action Bike,previouspage.co.uk,Publication accessed through PreviousPage
ABMX-PR-0226,V12-ABMX-0354,,,Diamond Back,Viper complete bicycle,Complete bicycle,September 1983,,149,GBP,£149,Advertised or editorial period price,United Kingdom,Period publication,Indexed issue text; the amount/item pairing is retained pending page-image comparison.,MEDIUM-HIGH,https://previouspage.co.uk/magazines/BMX%20Action%20Bike/issues/64-september-nineteen-eighty-three,INDEX-ONLY,diamond back viper complete bicycle september 1983 149 0 gbp https previouspage co uk magazines bmx 20action 20bike issues 64 september nineteen eighty three,RETAIN — source-specific observation,Source-specific period amount; no inflation adjustment or averaging. Page-image comparison remains pending; no inflation adjustment or averaging is applied.,2026-08-01,BMX Action Bike,BMX Action Bike,previouspage.co.uk,Publication accessed through PreviousPage
ABMX-PR-0227,V12-ABMX-0354,,,Diamond Back,Harry Leary Turbo,Complete bicycle,September 1983,,309.95,GBP,£309.95,Advertised or editorial period price,United Kingdom,Period publication,Indexed issue text; the amount/item pairing is retained pending page-image comparison.,MEDIUM-HIGH,https://previouspage.co.uk/magazines/BMX%20Action%20Bike/issues/64-september-nineteen-eighty-three,INDEX-ONLY,diamond back harry leary turbo september 1983 309 95 gbp https previouspage co uk magazines bmx 20action 20bike issues 64 september nineteen eighty three,RETAIN — source-specific observation,Source-specific period amount; no inflation adjustment or averaging. Page-image comparison remains pending; no inflation adjustment or averaging is applied.,2026-08-01,BMX Action Bike,BMX Action Bike,previouspage.co.uk,Publication accessed through PreviousPage
ABMX-PR-0228,V12-ABMX-0355,,,Mongoose,Pro-Class complete bicycle,Complete bicycle,September 1983,,346,GBP,£346,Advertised or editorial period price,United Kingdom,Period publication,Indexed issue text; the amount/item pairing is retained pending page-image comparison.,MEDIUM-HIGH,https://previouspage.co.uk/magazines/BMX%20Action%20Bike/issues/64-september-nineteen-eighty-three,INDEX-ONLY,mongoose pro class complete bicycle september 1983 346 0 gbp https previouspage co uk magazines bmx 20action 20bike issues 64 september nineteen eighty three,RETAIN — source-specific observation,Source-specific period amount; no inflation adjustment or averaging. Page-image comparison remains pending; no inflation adjustment or averaging is applied.,2026-08-01,BMX Action Bike,BMX Action Bike,previouspage.co.uk,Publication accessed through PreviousPage
ABMX-PR-0229,V12-ABMX-0355,,,PK Ripper,Complete bicycle with Pro-Class wheels,Complete bicycle,September 1983,,339,GBP,£339,Advertised or editorial period price,United Kingdom,Period publication,Indexed issue text; the amount/item pairing is retained pending page-image comparison.,MEDIUM-HIGH,https://previouspage.co.uk/magazines/BMX%20Action%20Bike/issues/64-september-nineteen-eighty-three,INDEX-ONLY,pk ripper complete bicycle with pro class wheels september 1983 339 0 gbp https previouspage co uk magazines bmx 20action 20bike issues 64 september nineteen eighty three,RETAIN — source-specific observation,Source-specific period amount; no inflation adjustment or averaging. Page-image comparison remains pending; no inflation adjustment or averaging is applied.,2026-08-01,BMX Action Bike,BMX Action Bike,previouspage.co.uk,Publication accessed through PreviousPage
ABMX-PR-0230,V12-ABMX-0361,,,Haro,Chromoly complete bicycle,Complete bicycle,September 1983,,120,GBP,£120,Advertised or editorial period price,United Kingdom,Period publication,Indexed issue text; the amount/item pairing is retained pending page-image comparison.,MEDIUM-HIGH,https://previouspage.co.uk/magazines/BMX%20Action%20Bike/issues/64-september-nineteen-eighty-three,INDEX-ONLY,haro chromoly complete bicycle september 1983 120 0 gbp https previouspage co uk magazines bmx 20action 20bike issues 64 september nineteen eighty three,RETAIN — source-specific observation,Source-specific period amount; no inflation adjustment or averaging. Page-image comparison remains pending; no inflation adjustment or averaging is applied.,2026-08-01,BMX Action Bike,BMX Action Bike,previouspage.co.uk,Publication accessed through PreviousPage
ABMX-PR-0231,V12-ABMX-0359,,,GT,"Greg Hill poster, stickers, and price list",Promotional information pack,September 1983,,1,GBP,£1,Advertised or editorial period price,United Kingdom,Period publication,Indexed issue text; the amount/item pairing is retained pending page-image comparison.,MEDIUM-HIGH,https://previouspage.co.uk/magazines/BMX%20Action%20Bike/issues/64-september-nineteen-eighty-three,INDEX-ONLY,gt greg hill poster stickers and price list september 1983 1 0 gbp https previouspage co uk magazines bmx 20action 20bike issues 64 september nineteen eighty three,RETAIN — source-specific observation,Source-specific period amount; no inflation adjustment or averaging. Page-image comparison remains pending; no inflation adjustment or averaging is applied.,2026-08-01,BMX Action Bike,BMX Action Bike,previouspage.co.uk,Publication accessed through PreviousPage
ABMX-PR-0232,V12-ABMX-0366,,,Robinson,Pro or Expert frame and forks,Frame and fork set,September 1983,,139.95,GBP,£139.95,Advertised or editorial period price,United Kingdom,Period publication,Indexed issue text; the amount/item pairing is retained pending page-image comparison.,MEDIUM-HIGH,https://previouspage.co.uk/magazines/BMX%20Action%20Bike/issues/64-september-nineteen-eighty-three,INDEX-ONLY,robinson pro or expert frame and forks september 1983 139 95 gbp https previouspage co uk magazines bmx 20action 20bike issues 64 september nineteen eighty three,RETAIN — source-specific observation,Source-specific period amount; no inflation adjustment or averaging. Page-image comparison remains pending; no inflation adjustment or averaging is applied.,2026-08-01,BMX Action Bike,BMX Action Bike,previouspage.co.uk,Publication accessed through PreviousPage
ABMX-PR-0233,V12-ABMX-0366,,,Skyway,Tuff III wheel pair,Wheelset,September 1983,,58.95,GBP,£58.95,Advertised or editorial period price,United Kingdom,Period publication,Indexed issue text; the amount/item pairing is retained pending page-image comparison.,MEDIUM-HIGH,https://previouspage.co.uk/magazines/BMX%20Action%20Bike/issues/64-september-nineteen-eighty-three,INDEX-ONLY,skyway tuff iii wheel pair september 1983 58 95 gbp https previouspage co uk magazines bmx 20action 20bike issues 64 september nineteen eighty three,RETAIN — source-specific observation,Source-specific period amount; no inflation adjustment or averaging. Page-image comparison remains pending; no inflation adjustment or averaging is applied.,2026-08-01,BMX Action Bike,BMX Action Bike,previouspage.co.uk,Publication accessed through PreviousPage
ABMX-PR-0234,V12-ABMX-0366,,,Comp III,20 x 1 3/8 tyre pair,Tyres,September 1983,,9.95,GBP,£9.95 pair,Advertised or editorial period price,United Kingdom,Period publication,Indexed issue text; the amount/item pairing is retained pending page-image comparison.,MEDIUM-HIGH,https://previouspage.co.uk/magazines/BMX%20Action%20Bike/issues/64-september-nineteen-eighty-three,INDEX-ONLY,comp iii 20 x 1 3 8 tyre pair september 1983 9 95 gbp https previouspage co uk magazines bmx 20action 20bike issues 64 september nineteen eighty three,RETAIN — source-specific observation,Source-specific period amount; no inflation adjustment or averaging. Page-image comparison remains pending; no inflation adjustment or averaging is applied.,2026-08-01,BMX Action Bike,BMX Action Bike,previouspage.co.uk,Publication accessed through PreviousPage
ABMX-PR-0235,V12-ABMX-0366,,,Aero,Pro vent plate,Number plate,September 1983,,7.95,GBP,£7.95,Advertised or editorial period price,United Kingdom,Period publication,Indexed issue text; the amount/item pairing is retained pending page-image comparison.,MEDIUM-HIGH,https://previouspage.co.uk/magazines/BMX%20Action%20Bike/issues/64-september-nineteen-eighty-three,INDEX-ONLY,aero pro vent plate september 1983 7 95 gbp https previouspage co uk magazines bmx 20action 20bike issues 64 september nineteen eighty three,RETAIN — source-specific observation,Source-specific period amount; no inflation adjustment or averaging. Page-image comparison remains pending; no inflation adjustment or averaging is applied.,2026-08-01,BMX Action Bike,BMX Action Bike,previouspage.co.uk,Publication accessed through PreviousPage
ABMX-PR-0236,V12-ABMX-0366,,,Haro,Deluxe trousers,Racewear,September 1983,,39.95,GBP,£39.95,Advertised or editorial period price,United Kingdom,Period publication,Indexed issue text; the amount/item pairing is retained pending page-image comparison.,MEDIUM-HIGH,https://previouspage.co.uk/magazines/BMX%20Action%20Bike/issues/64-september-nineteen-eighty-three,INDEX-ONLY,haro deluxe trousers september 1983 39 95 gbp https previouspage co uk magazines bmx 20action 20bike issues 64 september nineteen eighty three,RETAIN — source-specific observation,Source-specific period amount; no inflation adjustment or averaging. Page-image comparison remains pending; no inflation adjustment or averaging is applied.,2026-08-01,BMX Action Bike,BMX Action Bike,previouspage.co.uk,Publication accessed through PreviousPage
ABMX-PR-0237,V12-ABMX-0367,,,Diamond Back,Viper complete bicycle,Complete bicycle,September 1983,,136,GBP,£136,Advertised or editorial period price,United Kingdom,Period publication,Indexed issue text; the amount/item pairing is retained pending page-image comparison.,MEDIUM-HIGH,https://previouspage.co.uk/magazines/BMX%20Action%20Bike/issues/64-september-nineteen-eighty-three,INDEX-ONLY,diamond back viper complete bicycle september 1983 136 0 gbp https previouspage co uk magazines bmx 20action 20bike issues 64 september nineteen eighty three,RETAIN — source-specific observation,Source-specific period amount; no inflation adjustment or averaging. Page-image comparison remains pending; no inflation adjustment or averaging is applied.,2026-08-01,BMX Action Bike,BMX Action Bike,previouspage.co.uk,Publication accessed through PreviousPage
ABMX-PR-0238,V12-ABMX-0367,,,Diamond Back,Silver Streak,Complete bicycle,September 1983,,195,GBP,£195,Advertised or editorial period price,United Kingdom,Period publication,Indexed issue text; the amount/item pairing is retained pending page-image comparison.,MEDIUM-HIGH,https://previouspage.co.uk/magazines/BMX%20Action%20Bike/issues/64-september-nineteen-eighty-three,INDEX-ONLY,diamond back silver streak september 1983 195 0 gbp https previouspage co uk magazines bmx 20action 20bike issues 64 september nineteen eighty three,RETAIN — source-specific observation,Source-specific period amount; no inflation adjustment or averaging. Page-image comparison remains pending; no inflation adjustment or averaging is applied.,2026-08-01,BMX Action Bike,BMX Action Bike,previouspage.co.uk,Publication accessed through PreviousPage
ABMX-PR-0239,V12-ABMX-0367,,,Kuwahara,KZ 83 Aero frame and forks,Frame and fork set,September 1983,,145,GBP,£145,Advertised or editorial period price,United Kingdom,Period publication,Indexed issue text; the amount/item pairing is retained pending page-image comparison.,MEDIUM-HIGH,https://previouspage.co.uk/magazines/BMX%20Action%20Bike/issues/64-september-nineteen-eighty-three,INDEX-ONLY,kuwahara kz 83 aero frame and forks september 1983 145 0 gbp https previouspage co uk magazines bmx 20action 20bike issues 64 september nineteen eighty three,RETAIN — source-specific observation,Source-specific period amount; no inflation adjustment or averaging. Page-image comparison remains pending; no inflation adjustment or averaging is applied.,2026-08-01,BMX Action Bike,BMX Action Bike,previouspage.co.uk,Publication accessed through PreviousPage
ABMX-PR-0240,V12-ABMX-0367,,,Skyway,TA frame and forks,Frame and fork set,September 1983,,169,GBP,£169,Advertised or editorial period price,United Kingdom,Period publication,Indexed issue text; the amount/item pairing is retained pending page-image comparison.,MEDIUM-HIGH,https://previouspage.co.uk/magazines/BMX%20Action%20Bike/issues/64-september-nineteen-eighty-three,INDEX-ONLY,skyway ta frame and forks september 1983 169 0 gbp https previouspage co uk magazines bmx 20action 20bike issues 64 september nineteen eighty three,RETAIN — source-specific observation,Source-specific period amount; no inflation adjustment or averaging. Page-image comparison remains pending; no inflation adjustment or averaging is applied.,2026-08-01,BMX Action Bike,BMX Action Bike,previouspage.co.uk,Publication accessed through PreviousPage
ABMX-PR-0241,V12-ABMX-0367,,,Araya,Wheel pair,Wheelset,September 1983,,35,GBP,£35,Advertised or editorial period price,United Kingdom,Period publication,Indexed issue text; the amount/item pairing is retained pending page-image comparison.,MEDIUM-HIGH,https://previouspage.co.uk/magazines/BMX%20Action%20Bike/issues/64-september-nineteen-eighty-three,INDEX-ONLY,araya wheel pair september 1983 35 0 gbp https previouspage co uk magazines bmx 20action 20bike issues 64 september nineteen eighty three,RETAIN — source-specific observation,Source-specific period amount; no inflation adjustment or averaging. Page-image comparison remains pending; no inflation adjustment or averaging is applied.,2026-08-01,BMX Action Bike,BMX Action Bike,previouspage.co.uk,Publication accessed through PreviousPage
ABMX-PR-0242,V12-ABMX-0367,,,Wildcat,Helmet,Protective equipment,September 1983,,12.95,GBP,£12.95,Advertised or editorial period price,United Kingdom,Period publication,Indexed issue text; the amount/item pairing is retained pending page-image comparison.,MEDIUM-HIGH,https://previouspage.co.uk/magazines/BMX%20Action%20Bike/issues/64-september-nineteen-eighty-three,INDEX-ONLY,wildcat helmet september 1983 12 95 gbp https previouspage co uk magazines bmx 20action 20bike issues 64 september nineteen eighty three,RETAIN — source-specific observation,Source-specific period amount; no inflation adjustment or averaging. Page-image comparison remains pending; no inflation adjustment or averaging is applied.,2026-08-01,BMX Action Bike,BMX Action Bike,previouspage.co.uk,Publication accessed through PreviousPage
ABMX-PR-0243,V12-ABMX-0370,,,Hutch,Seat clamp,Seat clamp,September 1983,,8.95,GBP,£8.95,Advertised or editorial period price,United Kingdom,Period publication,Indexed issue text; the amount/item pairing is retained pending page-image comparison.,MEDIUM-HIGH,https://previouspage.co.uk/magazines/BMX%20Action%20Bike/issues/64-september-nineteen-eighty-three,INDEX-ONLY,hutch seat clamp september 1983 8 95 gbp https previouspage co uk magazines bmx 20action 20bike issues 64 september nineteen eighty three,RETAIN — source-specific observation,Source-specific period amount; no inflation adjustment or averaging. Page-image comparison remains pending; no inflation adjustment or averaging is applied.,2026-08-01,BMX Action Bike,BMX Action Bike,previouspage.co.uk,Publication accessed through PreviousPage
ABMX-PR-0244,V12-ABMX-0370,,,Shimano,DX lever,Brake lever,September 1983,,3.95,GBP,£3.95,Advertised or editorial period price,United Kingdom,Period publication,Indexed issue text; the amount/item pairing is retained pending page-image comparison.,MEDIUM-HIGH,https://previouspage.co.uk/magazines/BMX%20Action%20Bike/issues/64-september-nineteen-eighty-three,INDEX-ONLY,shimano dx lever september 1983 3 95 gbp https previouspage co uk magazines bmx 20action 20bike issues 64 september nineteen eighty three,RETAIN — source-specific observation,Source-specific period amount; no inflation adjustment or averaging. Page-image comparison remains pending; no inflation adjustment or averaging is applied.,2026-08-01,BMX Action Bike,BMX Action Bike,previouspage.co.uk,Publication accessed through PreviousPage
ABMX-PR-0245,V12-ABMX-0370,,,Skyway,Tuff wheel pair,Wheelset,September 1983,,59.95,GBP,£59.95,Advertised or editorial period price,United Kingdom,Period publication,Indexed issue text; the amount/item pairing is retained pending page-image comparison.,MEDIUM-HIGH,https://previouspage.co.uk/magazines/BMX%20Action%20Bike/issues/64-september-nineteen-eighty-three,INDEX-ONLY,skyway tuff wheel pair september 1983 59 95 gbp https previouspage co uk magazines bmx 20action 20bike issues 64 september nineteen eighty three,RETAIN — source-specific observation,Source-specific period amount; no inflation adjustment or averaging. Page-image comparison remains pending; no inflation adjustment or averaging is applied.,2026-08-01,BMX Action Bike,BMX Action Bike,previouspage.co.uk,Publication accessed through PreviousPage
ABMX-PR-0246,V12-ABMX-0370,,,ACS,Z rim pair,Rim pair,September 1983,,42.95,GBP,£42.95,Advertised or editorial period price,United Kingdom,Period publication,Indexed issue text; the amount/item pairing is retained pending page-image comparison.,MEDIUM-HIGH,https://previouspage.co.uk/magazines/BMX%20Action%20Bike/issues/64-september-nineteen-eighty-three,INDEX-ONLY,acs z rim pair september 1983 42 95 gbp https previouspage co uk magazines bmx 20action 20bike issues 64 september nineteen eighty three,RETAIN — source-specific observation,Source-specific period amount; no inflation adjustment or averaging. Page-image comparison remains pending; no inflation adjustment or averaging is applied.,2026-08-01,BMX Action Bike,BMX Action Bike,previouspage.co.uk,Publication accessed through PreviousPage
ABMX-PR-0247,V12-ABMX-0370,,,Hutch,Pro frame and forks,Frame and fork set,September 1983,,145,GBP,£145.00,Advertised or editorial period price,United Kingdom,Period publication,Indexed issue text; the amount/item pairing is retained pending page-image comparison.,MEDIUM-HIGH,https://previouspage.co.uk/magazines/BMX%20Action%20Bike/issues/64-september-nineteen-eighty-three,INDEX-ONLY,hutch pro frame and forks september 1983 145 0 gbp https previouspage co uk magazines bmx 20action 20bike issues 64 september nineteen eighty three,RETAIN — source-specific observation,Source-specific period amount; no inflation adjustment or averaging. Page-image comparison remains pending; no inflation adjustment or averaging is applied.,2026-08-01,BMX Action Bike,BMX Action Bike,previouspage.co.uk,Publication accessed through PreviousPage
ABMX-PR-0248,V12-ABMX-0389,,,Torker,260 complete bicycle,Complete bicycle,October 1983,,225,GBP,£225.00,Advertised or editorial period price,United Kingdom,Period publication,Indexed issue text; the amount/item pairing is retained pending page-image comparison.,MEDIUM-HIGH,https://previouspage.co.uk/issues/85-october-nineteen-eighty-three,INDEX-ONLY,torker 260 complete bicycle october 1983 225 0 gbp https previouspage co uk issues 85 october nineteen eighty three,RETAIN — source-specific observation,Source-specific period amount; no inflation adjustment or averaging. Page-image comparison remains pending; no inflation adjustment or averaging is applied.,2026-08-01,BMX Action Bike,BMX Action Bike,previouspage.co.uk,Publication accessed through PreviousPage
ABMX-PR-0249,V12-ABMX-0389,,,Torker,280X complete bicycle,Complete bicycle,October 1983,,228,GBP,£228.00,Advertised or editorial period price,United Kingdom,Period publication,Indexed issue text; the amount/item pairing is retained pending page-image comparison.,MEDIUM-HIGH,https://previouspage.co.uk/issues/85-october-nineteen-eighty-three,INDEX-ONLY,torker 280x complete bicycle october 1983 228 0 gbp https previouspage co uk issues 85 october nineteen eighty three,RETAIN — source-specific observation,Source-specific period amount; no inflation adjustment or averaging. Page-image comparison remains pending; no inflation adjustment or averaging is applied.,2026-08-01,BMX Action Bike,BMX Action Bike,previouspage.co.uk,Publication accessed through PreviousPage
ABMX-PR-0250,V12-ABMX-0389,,,Torker,340 cruiser,Complete bicycle,October 1983,,275,GBP,£275.00,Advertised or editorial period price,United Kingdom,Period publication,Indexed issue text; the amount/item pairing is retained pending page-image comparison.,MEDIUM-HIGH,https://previouspage.co.uk/issues/85-october-nineteen-eighty-three,INDEX-ONLY,torker 340 cruiser october 1983 275 0 gbp https previouspage co uk issues 85 october nineteen eighty three,RETAIN — source-specific observation,Source-specific period amount; no inflation adjustment or averaging. Page-image comparison remains pending; no inflation adjustment or averaging is applied.,2026-08-01,BMX Action Bike,BMX Action Bike,previouspage.co.uk,Publication accessed through PreviousPage
ABMX-PR-0251,V12-ABMX-0390,,,Big W,Chromoly handlebars,Handlebar,October 1983,,7.95,GBP,From £7.95,Advertised or editorial period price,United Kingdom,Period publication,Indexed issue text; the amount/item pairing is retained pending page-image comparison.,MEDIUM-HIGH,https://previouspage.co.uk/issues/85-october-nineteen-eighty-three,INDEX-ONLY,big w chromoly handlebars october 1983 7 95 gbp https previouspage co uk issues 85 october nineteen eighty three,RETAIN — source-specific observation,Source-specific period amount; no inflation adjustment or averaging. Page-image comparison remains pending; no inflation adjustment or averaging is applied.,2026-08-01,BMX Action Bike,BMX Action Bike,previouspage.co.uk,Publication accessed through PreviousPage
ABMX-PR-0252,V12-ABMX-0390,,,Big W,Chromoly or alloy seatpost,Seatpost,October 1983,,2.99,GBP,From £2.99,Advertised or editorial period price,United Kingdom,Period publication,Indexed issue text; the amount/item pairing is retained pending page-image comparison.,MEDIUM-HIGH,https://previouspage.co.uk/issues/85-october-nineteen-eighty-three,INDEX-ONLY,big w chromoly or alloy seatpost october 1983 2 99 gbp https previouspage co uk issues 85 october nineteen eighty three,RETAIN — source-specific observation,Source-specific period amount; no inflation adjustment or averaging. Page-image comparison remains pending; no inflation adjustment or averaging is applied.,2026-08-01,BMX Action Bike,BMX Action Bike,previouspage.co.uk,Publication accessed through PreviousPage
ABMX-PR-0253,V12-ABMX-0390,,,Firebird,Frame and fork set,Frame and fork set,October 1983,,64.95,GBP,£64.95,Advertised or editorial period price,United Kingdom,Period publication,Indexed issue text; the amount/item pairing is retained pending page-image comparison.,MEDIUM-HIGH,https://previouspage.co.uk/issues/85-october-nineteen-eighty-three,INDEX-ONLY,firebird frame and fork set october 1983 64 95 gbp https previouspage co uk issues 85 october nineteen eighty three,RETAIN — source-specific observation,Source-specific period amount; no inflation adjustment or averaging. Page-image comparison remains pending; no inflation adjustment or averaging is applied.,2026-08-01,BMX Action Bike,BMX Action Bike,previouspage.co.uk,Publication accessed through PreviousPage
ABMX-PR-0254,V12-ABMX-0404,,,Kuwahara,Nova complete bicycle,Complete bicycle,October 1983,,215,GBP,£215 plus postage,Advertised or editorial period price,United Kingdom,Period publication,Indexed issue text; the amount/item pairing is retained pending page-image comparison.,MEDIUM-HIGH,https://previouspage.co.uk/issues/85-october-nineteen-eighty-three,INDEX-ONLY,kuwahara nova complete bicycle october 1983 215 0 gbp https previouspage co uk issues 85 october nineteen eighty three,RETAIN — source-specific observation,Source-specific period amount; no inflation adjustment or averaging. Page-image comparison remains pending; no inflation adjustment or averaging is applied.,2026-08-01,BMX Action Bike,BMX Action Bike,previouspage.co.uk,Publication accessed through PreviousPage
ABMX-PR-0255,V12-ABMX-0404,,,Curtis,Frame and forks,Frame and fork set,October 1983,,99,GBP,£99 plus postage,Advertised or editorial period price,United Kingdom,Period publication,Indexed issue text; the amount/item pairing is retained pending page-image comparison.,MEDIUM-HIGH,https://previouspage.co.uk/issues/85-october-nineteen-eighty-three,INDEX-ONLY,curtis frame and forks october 1983 99 0 gbp https previouspage co uk issues 85 october nineteen eighty three,RETAIN — source-specific observation,Source-specific period amount; no inflation adjustment or averaging. Page-image comparison remains pending; no inflation adjustment or averaging is applied.,2026-08-01,BMX Action Bike,BMX Action Bike,previouspage.co.uk,Publication accessed through PreviousPage
ABMX-PR-0256,V12-ABMX-0404,,,Diamond Back,Viper complete bicycle,Complete bicycle,October 1983,,147,GBP,£147 plus postage,Advertised or editorial period price,United Kingdom,Period publication,Indexed issue text; the amount/item pairing is retained pending page-image comparison.,MEDIUM-HIGH,https://previouspage.co.uk/issues/85-october-nineteen-eighty-three,INDEX-ONLY,diamond back viper complete bicycle october 1983 147 0 gbp https previouspage co uk issues 85 october nineteen eighty three,RETAIN — source-specific observation,Source-specific period amount; no inflation adjustment or averaging. Page-image comparison remains pending; no inflation adjustment or averaging is applied.,2026-08-01,BMX Action Bike,BMX Action Bike,previouspage.co.uk,Publication accessed through PreviousPage
ABMX-PR-0257,V12-ABMX-0404,,,GT,Team complete bicycle,Complete bicycle,October 1983,,259,GBP,£259 plus postage,Advertised or editorial period price,United Kingdom,Period publication,Indexed issue text; the amount/item pairing is retained pending page-image comparison.,MEDIUM-HIGH,https://previouspage.co.uk/issues/85-october-nineteen-eighty-three,INDEX-ONLY,gt team complete bicycle october 1983 259 0 gbp https previouspage co uk issues 85 october nineteen eighty three,RETAIN — source-specific observation,Source-specific period amount; no inflation adjustment or averaging. Page-image comparison remains pending; no inflation adjustment or averaging is applied.,2026-08-01,BMX Action Bike,BMX Action Bike,previouspage.co.uk,Publication accessed through PreviousPage
ABMX-PR-0258,V12-ABMX-0404,,,Mongoose,Californian complete bicycle,Complete bicycle,October 1983,,199,GBP,£199 plus postage,Advertised or editorial period price,United Kingdom,Period publication,Indexed issue text; the amount/item pairing is retained pending page-image comparison.,MEDIUM-HIGH,https://previouspage.co.uk/issues/85-october-nineteen-eighty-three,INDEX-ONLY,mongoose californian complete bicycle october 1983 199 0 gbp https previouspage co uk issues 85 october nineteen eighty three,RETAIN — source-specific observation,Source-specific period amount; no inflation adjustment or averaging. Page-image comparison remains pending; no inflation adjustment or averaging is applied.,2026-08-01,BMX Action Bike,BMX Action Bike,previouspage.co.uk,Publication accessed through PreviousPage
ABMX-PR-0259,V12-ABMX-0404,,,ACS,Z wheel pair,Wheelset,October 1983,,44,GBP,£44 plus postage,Advertised or editorial period price,United Kingdom,Period publication,Indexed issue text; the amount/item pairing is retained pending page-image comparison.,MEDIUM-HIGH,https://previouspage.co.uk/issues/85-october-nineteen-eighty-three,INDEX-ONLY,acs z wheel pair october 1983 44 0 gbp https previouspage co uk issues 85 october nineteen eighty three,RETAIN — source-specific observation,Source-specific period amount; no inflation adjustment or averaging. Page-image comparison remains pending; no inflation adjustment or averaging is applied.,2026-08-01,BMX Action Bike,BMX Action Bike,previouspage.co.uk,Publication accessed through PreviousPage
ABMX-PR-0260,V12-ABMX-0404,,,Skyway,Tuff wheel pair,Wheelset,October 1983,,59,GBP,£59 plus postage,Advertised or editorial period price,United Kingdom,Period publication,Indexed issue text; the amount/item pairing is retained pending page-image comparison.,MEDIUM-HIGH,https://previouspage.co.uk/issues/85-october-nineteen-eighty-three,INDEX-ONLY,skyway tuff wheel pair october 1983 59 0 gbp https previouspage co uk issues 85 october nineteen eighty three,RETAIN — source-specific observation,Source-specific period amount; no inflation adjustment or averaging. Page-image comparison remains pending; no inflation adjustment or averaging is applied.,2026-08-01,BMX Action Bike,BMX Action Bike,previouspage.co.uk,Publication accessed through PreviousPage
ABMX-PR-0261,V12-ABMX-0404,,,Araya,7X wheel pair,Wheelset,October 1983,,41,GBP,£41 plus postage,Advertised or editorial period price,United Kingdom,Period publication,Indexed issue text; the amount/item pairing is retained pending page-image comparison.,MEDIUM-HIGH,https://previouspage.co.uk/issues/85-october-nineteen-eighty-three,INDEX-ONLY,araya 7x wheel pair october 1983 41 0 gbp https previouspage co uk issues 85 october nineteen eighty three,RETAIN — source-specific observation,Source-specific period amount; no inflation adjustment or averaging. Page-image comparison remains pending; no inflation adjustment or averaging is applied.,2026-08-01,BMX Action Bike,BMX Action Bike,previouspage.co.uk,Publication accessed through PreviousPage
ABMX-PR-0262,V12-ABMX-0404,,,Mongoose,Pro-Class wheel pair,Wheelset,October 1983,,59,GBP,£59 plus postage,Advertised or editorial period price,United Kingdom,Period publication,Indexed issue text; the amount/item pairing is retained pending page-image comparison.,MEDIUM-HIGH,https://previouspage.co.uk/issues/85-october-nineteen-eighty-three,INDEX-ONLY,mongoose pro class wheel pair october 1983 59 0 gbp https previouspage co uk issues 85 october nineteen eighty three,RETAIN — source-specific observation,Source-specific period amount; no inflation adjustment or averaging. Page-image comparison remains pending; no inflation adjustment or averaging is applied.,2026-08-01,BMX Action Bike,BMX Action Bike,previouspage.co.uk,Publication accessed through PreviousPage
ABMX-PR-0263,V12-ABMX-0404,,,PK Ripper,Frame and forks,Frame and fork set,October 1983,,162.95,GBP,£162.95 plus postage,Advertised or editorial period price,United Kingdom,Period publication,Indexed issue text; the amount/item pairing is retained pending page-image comparison.,MEDIUM-HIGH,https://previouspage.co.uk/issues/85-october-nineteen-eighty-three,INDEX-ONLY,pk ripper frame and forks october 1983 162 95 gbp https previouspage co uk issues 85 october nineteen eighty three,RETAIN — source-specific observation,Source-specific period amount; no inflation adjustment or averaging. Page-image comparison remains pending; no inflation adjustment or averaging is applied.,2026-08-01,BMX Action Bike,BMX Action Bike,previouspage.co.uk,Publication accessed through PreviousPage
ABMX-PR-0264,V12-ABMX-0404,,,Shimano,DX pedals,Pedals,October 1983,,13.95,GBP,£13.95 plus postage,Advertised or editorial period price,United Kingdom,Period publication,Indexed issue text; the amount/item pairing is retained pending page-image comparison.,MEDIUM-HIGH,https://previouspage.co.uk/issues/85-october-nineteen-eighty-three,INDEX-ONLY,shimano dx pedals october 1983 13 95 gbp https previouspage co uk issues 85 october nineteen eighty three,RETAIN — source-specific observation,Source-specific period amount; no inflation adjustment or averaging. Page-image comparison remains pending; no inflation adjustment or averaging is applied.,2026-08-01,BMX Action Bike,BMX Action Bike,previouspage.co.uk,Publication accessed through PreviousPage
ABMX-PR-0265,V12-ABMX-0404,,,CW,Bars,Handlebar,October 1983,,20.38,GBP,£20.38 plus postage,Advertised or editorial period price,United Kingdom,Period publication,Indexed issue text; the amount/item pairing is retained pending page-image comparison.,MEDIUM-HIGH,https://previouspage.co.uk/issues/85-october-nineteen-eighty-three,INDEX-ONLY,cw bars october 1983 20 38 gbp https previouspage co uk issues 85 october nineteen eighty three,RETAIN — source-specific observation,Source-specific period amount; no inflation adjustment or averaging. Page-image comparison remains pending; no inflation adjustment or averaging is applied.,2026-08-01,BMX Action Bike,BMX Action Bike,previouspage.co.uk,Publication accessed through PreviousPage
ABMX-PR-0266,V12-ABMX-0405,,,Tange,TX1200 forks,Fork,October 1983,,8.63,GBP,£8.63,Advertised or editorial period price,United Kingdom,Period publication,Indexed issue text; the amount/item pairing is retained pending page-image comparison.,MEDIUM-HIGH,https://previouspage.co.uk/issues/85-october-nineteen-eighty-three,INDEX-ONLY,tange tx1200 forks october 1983 8 63 gbp https previouspage co uk issues 85 october nineteen eighty three,RETAIN — source-specific observation,Source-specific period amount; no inflation adjustment or averaging. Page-image comparison remains pending; no inflation adjustment or averaging is applied.,2026-08-01,BMX Action Bike,BMX Action Bike,previouspage.co.uk,Publication accessed through PreviousPage
ABMX-PR-0267,V12-ABMX-0405,,,Zeronine,Number plate,Number plate,October 1983,,8.95,GBP,£8.95,Advertised or editorial period price,United Kingdom,Period publication,Indexed issue text; the amount/item pairing is retained pending page-image comparison.,MEDIUM-HIGH,https://previouspage.co.uk/issues/85-october-nineteen-eighty-three,INDEX-ONLY,zeronine number plate october 1983 8 95 gbp https previouspage co uk issues 85 october nineteen eighty three,RETAIN — source-specific observation,Source-specific period amount; no inflation adjustment or averaging. Page-image comparison remains pending; no inflation adjustment or averaging is applied.,2026-08-01,BMX Action Bike,BMX Action Bike,previouspage.co.uk,Publication accessed through PreviousPage
ABMX-PR-0268,V12-ABMX-0405,,,ACS,Z rim pair,Rim pair,October 1983,,45,GBP,£45.00,Advertised or editorial period price,United Kingdom,Period publication,Indexed issue text; the amount/item pairing is retained pending page-image comparison.,MEDIUM-HIGH,https://previouspage.co.uk/issues/85-october-nineteen-eighty-three,INDEX-ONLY,acs z rim pair october 1983 45 0 gbp https previouspage co uk issues 85 october nineteen eighty three,RETAIN — source-specific observation,Source-specific period amount; no inflation adjustment or averaging. Page-image comparison remains pending; no inflation adjustment or averaging is applied.,2026-08-01,BMX Action Bike,BMX Action Bike,previouspage.co.uk,Publication accessed through PreviousPage
ABMX-PR-0269,V12-ABMX-0405,,,Yes,Shoes,Footwear,October 1983,,14.5,GBP,£14.50,Advertised or editorial period price,United Kingdom,Period publication,Indexed issue text; the amount/item pairing is retained pending page-image comparison.,MEDIUM-HIGH,https://previouspage.co.uk/issues/85-october-nineteen-eighty-three,INDEX-ONLY,yes shoes october 1983 14 5 gbp https previouspage co uk issues 85 october nineteen eighty three,RETAIN — source-specific observation,Source-specific period amount; no inflation adjustment or averaging. Page-image comparison remains pending; no inflation adjustment or averaging is applied.,2026-08-01,BMX Action Bike,BMX Action Bike,previouspage.co.uk,Publication accessed through PreviousPage
ABMX-PR-0270,V12-ABMX-0405,,,Mushroom,Original grips,Grips,October 1983,,4.47,GBP,£4.47,Advertised or editorial period price,United Kingdom,Period publication,Indexed issue text; the amount/item pairing is retained pending page-image comparison.,MEDIUM-HIGH,https://previouspage.co.uk/issues/85-october-nineteen-eighty-three,INDEX-ONLY,mushroom original grips october 1983 4 47 gbp https previouspage co uk issues 85 october nineteen eighty three,RETAIN — source-specific observation,Source-specific period amount; no inflation adjustment or averaging. Page-image comparison remains pending; no inflation adjustment or averaging is applied.,2026-08-01,BMX Action Bike,BMX Action Bike,previouspage.co.uk,Publication accessed through PreviousPage
ABMX-PR-0271,V12-ABMX-0405,,,CW,Pro or Expert bars,Handlebar,October 1983,,19.95,GBP,£19.95,Advertised or editorial period price,United Kingdom,Period publication,Indexed issue text; the amount/item pairing is retained pending page-image comparison.,MEDIUM-HIGH,https://previouspage.co.uk/issues/85-october-nineteen-eighty-three,INDEX-ONLY,cw pro or expert bars october 1983 19 95 gbp https previouspage co uk issues 85 october nineteen eighty three,RETAIN — source-specific observation,Source-specific period amount; no inflation adjustment or averaging. Page-image comparison remains pending; no inflation adjustment or averaging is applied.,2026-08-01,BMX Action Bike,BMX Action Bike,previouspage.co.uk,Publication accessed through PreviousPage
ABMX-PR-0272,V12-ABMX-0405,,,Oakley,Sliders,Protective equipment,October 1983,,9.23,GBP,£9.23,Advertised or editorial period price,United Kingdom,Period publication,Indexed issue text; the amount/item pairing is retained pending page-image comparison.,MEDIUM-HIGH,https://previouspage.co.uk/issues/85-october-nineteen-eighty-three,INDEX-ONLY,oakley sliders october 1983 9 23 gbp https previouspage co uk issues 85 october nineteen eighty three,RETAIN — source-specific observation,Source-specific period amount; no inflation adjustment or averaging. Page-image comparison remains pending; no inflation adjustment or averaging is applied.,2026-08-01,BMX Action Bike,BMX Action Bike,previouspage.co.uk,Publication accessed through PreviousPage
ABMX-PR-0273,V12-ABMX-0405,,,GT,Bars,Handlebar,October 1983,,18.95,GBP,£18.95,Advertised or editorial period price,United Kingdom,Period publication,Indexed issue text; the amount/item pairing is retained pending page-image comparison.,MEDIUM-HIGH,https://previouspage.co.uk/issues/85-october-nineteen-eighty-three,INDEX-ONLY,gt bars october 1983 18 95 gbp https previouspage co uk issues 85 october nineteen eighty three,RETAIN — source-specific observation,Source-specific period amount; no inflation adjustment or averaging. Page-image comparison remains pending; no inflation adjustment or averaging is applied.,2026-08-01,BMX Action Bike,BMX Action Bike,previouspage.co.uk,Publication accessed through PreviousPage
ABMX-PR-0274,V12-ABMX-0405,,,Haro,Techplate,Number plate,October 1983,,9.66,GBP,£9.66,Advertised or editorial period price,United Kingdom,Period publication,Indexed issue text; the amount/item pairing is retained pending page-image comparison.,MEDIUM-HIGH,https://previouspage.co.uk/issues/85-october-nineteen-eighty-three,INDEX-ONLY,haro techplate october 1983 9 66 gbp https previouspage co uk issues 85 october nineteen eighty three,RETAIN — source-specific observation,Source-specific period amount; no inflation adjustment or averaging. Page-image comparison remains pending; no inflation adjustment or averaging is applied.,2026-08-01,BMX Action Bike,BMX Action Bike,previouspage.co.uk,Publication accessed through PreviousPage
ABMX-PR-0275,V12-ABMX-0407,,,Skyway,Tuff III wheel pair,Wheelset,October 1983,,59.95,GBP,£59.95,Advertised or editorial period price,United Kingdom,Period publication,Indexed issue text; the amount/item pairing is retained pending page-image comparison.,MEDIUM-HIGH,https://previouspage.co.uk/issues/85-october-nineteen-eighty-three,INDEX-ONLY,skyway tuff iii wheel pair october 1983 59 95 gbp https previouspage co uk issues 85 october nineteen eighty three,RETAIN — source-specific observation,Source-specific period amount; no inflation adjustment or averaging. Page-image comparison remains pending; no inflation adjustment or averaging is applied.,2026-08-01,BMX Action Bike,BMX Action Bike,previouspage.co.uk,Publication accessed through PreviousPage
ABMX-PR-0276,V12-ABMX-0407,,,Aero,Zytec mag wheel pair,Wheelset,October 1983,,45,GBP,£45.00,Advertised or editorial period price,United Kingdom,Period publication,Indexed issue text; the amount/item pairing is retained pending page-image comparison.,MEDIUM-HIGH,https://previouspage.co.uk/issues/85-october-nineteen-eighty-three,INDEX-ONLY,aero zytec mag wheel pair october 1983 45 0 gbp https previouspage co uk issues 85 october nineteen eighty three,RETAIN — source-specific observation,Source-specific period amount; no inflation adjustment or averaging. Page-image comparison remains pending; no inflation adjustment or averaging is applied.,2026-08-01,BMX Action Bike,BMX Action Bike,previouspage.co.uk,Publication accessed through PreviousPage
ABMX-PR-0277,V12-ABMX-0407,,,Comp III,20 x 1 3/8 tyre pair,Tyres,October 1983,,9.95,GBP,£9.95 pair,Advertised or editorial period price,United Kingdom,Period publication,Indexed issue text; the amount/item pairing is retained pending page-image comparison.,MEDIUM-HIGH,https://previouspage.co.uk/issues/85-october-nineteen-eighty-three,INDEX-ONLY,comp iii 20 x 1 3 8 tyre pair october 1983 9 95 gbp https previouspage co uk issues 85 october nineteen eighty three,RETAIN — source-specific observation,Source-specific period amount; no inflation adjustment or averaging. Page-image comparison remains pending; no inflation adjustment or averaging is applied.,2026-08-01,BMX Action Bike,BMX Action Bike,previouspage.co.uk,Publication accessed through PreviousPage
ABMX-PR-0278,V12-ABMX-0407,,,Redline / Sugino,Flight crankset with sealed bottom bracket,Crankset,October 1983,,99,GBP,£99,Advertised or editorial period price,United Kingdom,Period publication,Indexed issue text; the amount/item pairing is retained pending page-image comparison.,MEDIUM-HIGH,https://previouspage.co.uk/issues/85-october-nineteen-eighty-three,INDEX-ONLY,redline sugino flight crankset with sealed bottom bracket october 1983 99 0 gbp https previouspage co uk issues 85 october nineteen eighty three,RETAIN — source-specific observation,Source-specific period amount; no inflation adjustment or averaging. Page-image comparison remains pending; no inflation adjustment or averaging is applied.,2026-08-01,BMX Action Bike,BMX Action Bike,previouspage.co.uk,Publication accessed through PreviousPage
ABMX-PR-0279,V12-ABMX-0407,,,Aero,Arm sliders,Protective equipment,October 1983,,4.99,GBP,£4.99 pair,Advertised or editorial period price,United Kingdom,Period publication,Indexed issue text; the amount/item pairing is retained pending page-image comparison.,MEDIUM-HIGH,https://previouspage.co.uk/issues/85-october-nineteen-eighty-three,INDEX-ONLY,aero arm sliders october 1983 4 99 gbp https previouspage co uk issues 85 october nineteen eighty three,RETAIN — source-specific observation,Source-specific period amount; no inflation adjustment or averaging. Page-image comparison remains pending; no inflation adjustment or averaging is applied.,2026-08-01,BMX Action Bike,BMX Action Bike,previouspage.co.uk,Publication accessed through PreviousPage
ABMX-PR-0280,V12-ABMX-0407,,,Uni,Turbo seat,Saddle,October 1983,,16.99,GBP,£16.99,Advertised or editorial period price,United Kingdom,Period publication,Indexed issue text; the amount/item pairing is retained pending page-image comparison.,MEDIUM-HIGH,https://previouspage.co.uk/issues/85-october-nineteen-eighty-three,INDEX-ONLY,uni turbo seat october 1983 16 99 gbp https previouspage co uk issues 85 october nineteen eighty three,RETAIN — source-specific observation,Source-specific period amount; no inflation adjustment or averaging. Page-image comparison remains pending; no inflation adjustment or averaging is applied.,2026-08-01,BMX Action Bike,BMX Action Bike,previouspage.co.uk,Publication accessed through PreviousPage
ABMX-PR-0281,V12-ABMX-0407,,,Diamond Back,Complete bicycle,Complete bicycle,October 1983,,145,GBP,£145,Advertised or editorial period price,United Kingdom,Period publication,Indexed issue text; the amount/item pairing is retained pending page-image comparison.,MEDIUM-HIGH,https://previouspage.co.uk/issues/85-october-nineteen-eighty-three,INDEX-ONLY,diamond back complete bicycle october 1983 145 0 gbp https previouspage co uk issues 85 october nineteen eighty three,RETAIN — source-specific observation,Source-specific period amount; no inflation adjustment or averaging. Page-image comparison remains pending; no inflation adjustment or averaging is applied.,2026-08-01,BMX Action Bike,BMX Action Bike,previouspage.co.uk,Publication accessed through PreviousPage
ABMX-PR-0282,V12-ABMX-0408,,,Firebird,Delta II frame,Frame,October 1983,,89.95,GBP,£89.95,Advertised or editorial period price,United Kingdom,Period publication,Indexed issue text; the amount/item pairing is retained pending page-image comparison.,MEDIUM-HIGH,https://previouspage.co.uk/issues/85-october-nineteen-eighty-three,INDEX-ONLY,firebird delta ii frame october 1983 89 95 gbp https previouspage co uk issues 85 october nineteen eighty three,RETAIN — source-specific observation,Source-specific period amount; no inflation adjustment or averaging. Page-image comparison remains pending; no inflation adjustment or averaging is applied.,2026-08-01,BMX Action Bike,BMX Action Bike,previouspage.co.uk,Publication accessed through PreviousPage
ABMX-PR-0283,V12-ABMX-0409,,,CW,Pro standard bars,Handlebar,October 1983,,21.5,GBP,£21.50,Advertised or editorial period price,United Kingdom,Period publication,Indexed issue text; the amount/item pairing is retained pending page-image comparison.,MEDIUM-HIGH,https://previouspage.co.uk/issues/85-october-nineteen-eighty-three,INDEX-ONLY,cw pro standard bars october 1983 21 5 gbp https previouspage co uk issues 85 october nineteen eighty three,RETAIN — source-specific observation,Source-specific period amount; no inflation adjustment or averaging. Page-image comparison remains pending; no inflation adjustment or averaging is applied.,2026-08-01,BMX Action Bike,BMX Action Bike,previouspage.co.uk,Publication accessed through PreviousPage
ABMX-PR-0284,V12-ABMX-0409,,,Oakley,O.5 grips,Grips,October 1983,,3.35,GBP,£3.35,Advertised or editorial period price,United Kingdom,Period publication,Indexed issue text; the amount/item pairing is retained pending page-image comparison.,MEDIUM-HIGH,https://previouspage.co.uk/issues/85-october-nineteen-eighty-three,INDEX-ONLY,oakley o 5 grips october 1983 3 35 gbp https previouspage co uk issues 85 october nineteen eighty three,RETAIN — source-specific observation,Source-specific period amount; no inflation adjustment or averaging. Page-image comparison remains pending; no inflation adjustment or averaging is applied.,2026-08-01,BMX Action Bike,BMX Action Bike,previouspage.co.uk,Publication accessed through PreviousPage
ABMX-PR-0285,V12-ABMX-0409,,,Shimano,DX pedals,Pedals,October 1983,,13.95,GBP,£13.95,Advertised or editorial period price,United Kingdom,Period publication,Indexed issue text; the amount/item pairing is retained pending page-image comparison.,MEDIUM-HIGH,https://previouspage.co.uk/issues/85-october-nineteen-eighty-three,INDEX-ONLY,shimano dx pedals october 1983 13 95 gbp https previouspage co uk issues 85 october nineteen eighty three,RETAIN — source-specific observation,Source-specific period amount; no inflation adjustment or averaging. Page-image comparison remains pending; no inflation adjustment or averaging is applied.,2026-08-01,BMX Action Bike,BMX Action Bike,previouspage.co.uk,Publication accessed through PreviousPage
ABMX-PR-0286,V12-ABMX-0409,,,GT,Mini frame and forks,Frame and fork set,October 1983,,140,GBP,£140.00,Advertised or editorial period price,United Kingdom,Period publication,Indexed issue text; the amount/item pairing is retained pending page-image comparison.,MEDIUM-HIGH,https://previouspage.co.uk/issues/85-october-nineteen-eighty-three,INDEX-ONLY,gt mini frame and forks october 1983 140 0 gbp https previouspage co uk issues 85 october nineteen eighty three,RETAIN — source-specific observation,Source-specific period amount; no inflation adjustment or averaging. Page-image comparison remains pending; no inflation adjustment or averaging is applied.,2026-08-01,BMX Action Bike,BMX Action Bike,previouspage.co.uk,Publication accessed through PreviousPage
ABMX-PR-0287,V12-ABMX-0409,,,GT,Pro or Medium frame and forks,Frame and fork set,October 1983,,135,GBP,£135.00,Advertised or editorial period price,United Kingdom,Period publication,Indexed issue text; the amount/item pairing is retained pending page-image comparison.,MEDIUM-HIGH,https://previouspage.co.uk/issues/85-october-nineteen-eighty-three,INDEX-ONLY,gt pro or medium frame and forks october 1983 135 0 gbp https previouspage co uk issues 85 october nineteen eighty three,RETAIN — source-specific observation,Source-specific period amount; no inflation adjustment or averaging. Page-image comparison remains pending; no inflation adjustment or averaging is applied.,2026-08-01,BMX Action Bike,BMX Action Bike,previouspage.co.uk,Publication accessed through PreviousPage
ABMX-PR-0288,V12-ABMX-0409,,,Diamond Back,Silver Streak frame and forks,Frame and fork set,October 1983,,102.95,GBP,£102.95,Advertised or editorial period price,United Kingdom,Period publication,Indexed issue text; the amount/item pairing is retained pending page-image comparison.,MEDIUM-HIGH,https://previouspage.co.uk/issues/85-october-nineteen-eighty-three,INDEX-ONLY,diamond back silver streak frame and forks october 1983 102 95 gbp https previouspage co uk issues 85 october nineteen eighty three,RETAIN — source-specific observation,Source-specific period amount; no inflation adjustment or averaging. Page-image comparison remains pending; no inflation adjustment or averaging is applied.,2026-08-01,BMX Action Bike,BMX Action Bike,previouspage.co.uk,Publication accessed through PreviousPage
ABMX-PR-0289,V12-ABMX-0409,,,Takagi,Chromoly one-piece crank,Crank,October 1983,,9.95,GBP,£9.95,Advertised or editorial period price,United Kingdom,Period publication,Indexed issue text; the amount/item pairing is retained pending page-image comparison.,MEDIUM-HIGH,https://previouspage.co.uk/issues/85-october-nineteen-eighty-three,INDEX-ONLY,takagi chromoly one piece crank october 1983 9 95 gbp https previouspage co uk issues 85 october nineteen eighty three,RETAIN — source-specific observation,Source-specific period amount; no inflation adjustment or averaging. Page-image comparison remains pending; no inflation adjustment or averaging is applied.,2026-08-01,BMX Action Bike,BMX Action Bike,previouspage.co.uk,Publication accessed through PreviousPage
ABMX-PR-0290,V12-ABMX-0409,,,Tioga,Sealed headset,Headset,October 1983,,9.95,GBP,£9.95,Advertised or editorial period price,United Kingdom,Period publication,Indexed issue text; the amount/item pairing is retained pending page-image comparison.,MEDIUM-HIGH,https://previouspage.co.uk/issues/85-october-nineteen-eighty-three,INDEX-ONLY,tioga sealed headset october 1983 9 95 gbp https previouspage co uk issues 85 october nineteen eighty three,RETAIN — source-specific observation,Source-specific period amount; no inflation adjustment or averaging. Page-image comparison remains pending; no inflation adjustment or averaging is applied.,2026-08-01,BMX Action Bike,BMX Action Bike,previouspage.co.uk,Publication accessed through PreviousPage
ABMX-PR-0291,V12-ABMX-0409,,,Yes,Full-face helmet,Protective equipment,October 1983,,32,GBP,£32.00,Advertised or editorial period price,United Kingdom,Period publication,Indexed issue text; the amount/item pairing is retained pending page-image comparison.,MEDIUM-HIGH,https://previouspage.co.uk/issues/85-october-nineteen-eighty-three,INDEX-ONLY,yes full face helmet october 1983 32 0 gbp https previouspage co uk issues 85 october nineteen eighty three,RETAIN — source-specific observation,Source-specific period amount; no inflation adjustment or averaging. Page-image comparison remains pending; no inflation adjustment or averaging is applied.,2026-08-01,BMX Action Bike,BMX Action Bike,previouspage.co.uk,Publication accessed through PreviousPage
ABMX-PR-0292,V12-ABMX-0414,,,Skyway,TA frame and forks,Frame and fork set,October 1983,,165,GBP,£165.00,Advertised or editorial period price,United Kingdom,Period publication,Indexed issue text; the amount/item pairing is retained pending page-image comparison.,MEDIUM-HIGH,https://previouspage.co.uk/issues/85-october-nineteen-eighty-three,INDEX-ONLY,skyway ta frame and forks october 1983 165 0 gbp https previouspage co uk issues 85 october nineteen eighty three,RETAIN — source-specific observation,Source-specific period amount; no inflation adjustment or averaging. Page-image comparison remains pending; no inflation adjustment or averaging is applied.,2026-08-01,BMX Action Bike,BMX Action Bike,previouspage.co.uk,Publication accessed through PreviousPage
ABMX-PR-0293,V12-ABMX-0414,,,Diamond Back,Viper complete bicycle,Complete bicycle,October 1983,,145,GBP,£145.00,Advertised or editorial period price,United Kingdom,Period publication,Indexed issue text; the amount/item pairing is retained pending page-image comparison.,MEDIUM-HIGH,https://previouspage.co.uk/issues/85-october-nineteen-eighty-three,INDEX-ONLY,diamond back viper complete bicycle october 1983 145 0 gbp https previouspage co uk issues 85 october nineteen eighty three,RETAIN — source-specific observation,Source-specific period amount; no inflation adjustment or averaging. Page-image comparison remains pending; no inflation adjustment or averaging is applied.,2026-08-01,BMX Action Bike,BMX Action Bike,previouspage.co.uk,Publication accessed through PreviousPage
ABMX-PR-0294,V12-ABMX-0414,,,Takagi,Three-piece crankset,Crankset,October 1983,,19.95,GBP,£19.95,Advertised or editorial period price,United Kingdom,Period publication,Indexed issue text; the amount/item pairing is retained pending page-image comparison.,MEDIUM-HIGH,https://previouspage.co.uk/issues/85-october-nineteen-eighty-three,INDEX-ONLY,takagi three piece crankset october 1983 19 95 gbp https previouspage co uk issues 85 october nineteen eighty three,RETAIN — source-specific observation,Source-specific period amount; no inflation adjustment or averaging. Page-image comparison remains pending; no inflation adjustment or averaging is applied.,2026-08-01,BMX Action Bike,BMX Action Bike,previouspage.co.uk,Publication accessed through PreviousPage
ABMX-PR-0295,V12-ABMX-0415,,,Retro,Fluted alloy seatpost,Seatpost,October 1983,,5,GBP,£5.00,Advertised or editorial period price,United Kingdom,Period publication,Indexed issue text; the amount/item pairing is retained pending page-image comparison.,MEDIUM-HIGH,https://previouspage.co.uk/issues/85-october-nineteen-eighty-three,INDEX-ONLY,retro fluted alloy seatpost october 1983 5 0 gbp https previouspage co uk issues 85 october nineteen eighty three,RETAIN — source-specific observation,Source-specific period amount; no inflation adjustment or averaging. Page-image comparison remains pending; no inflation adjustment or averaging is applied.,2026-08-01,BMX Action Bike,BMX Action Bike,previouspage.co.uk,Publication accessed through PreviousPage
ABMX-PR-0296,V12-ABMX-0415,,,Retro,Flat Top chromoly handlebars,Handlebar,October 1983,,14.95,GBP,£14.95,Advertised or editorial period price,United Kingdom,Period publication,Indexed issue text; the amount/item pairing is retained pending page-image comparison.,MEDIUM-HIGH,https://previouspage.co.uk/issues/85-october-nineteen-eighty-three,INDEX-ONLY,retro flat top chromoly handlebars october 1983 14 95 gbp https previouspage co uk issues 85 october nineteen eighty three,RETAIN — source-specific observation,Source-specific period amount; no inflation adjustment or averaging. Page-image comparison remains pending; no inflation adjustment or averaging is applied.,2026-08-01,BMX Action Bike,BMX Action Bike,previouspage.co.uk,Publication accessed through PreviousPage
ABMX-PR-0297,V12-ABMX-0415,,,Retro,Sealed-bearing hub pair for Skyways,Hub set,October 1983,,27.5,GBP,£27.50 pair,Advertised or editorial period price,United Kingdom,Period publication,Indexed issue text; the amount/item pairing is retained pending page-image comparison.,MEDIUM-HIGH,https://previouspage.co.uk/issues/85-october-nineteen-eighty-three,INDEX-ONLY,retro sealed bearing hub pair for skyways october 1983 27 5 gbp https previouspage co uk issues 85 october nineteen eighty three,RETAIN — source-specific observation,Source-specific period amount; no inflation adjustment or averaging. Page-image comparison remains pending; no inflation adjustment or averaging is applied.,2026-08-01,BMX Action Bike,BMX Action Bike,previouspage.co.uk,Publication accessed through PreviousPage
ABMX-PR-0298,V20-ABMX-0037,,,GT,Pro 4 complete bicycle,Complete bicycle,November 1983,,193,GBP,£193.00,Advertised period price,United Kingdom,Period publication,Indexed issue text; the amount/item pairing is retained pending page-image comparison.,MEDIUM-HIGH,https://previouspage.co.uk/magazines/BMX%20Action%20Bike/issues/86-november-nineteen-eighty-three,INDEX-ONLY,gt pro 4 complete bicycle november 1983 193 0 gbp https previouspage co uk magazines bmx 20action 20bike issues 86 november nineteen eighty three,RETAIN — source-specific observation,Source-specific period amount. Page-image comparison remains pending; no inflation adjustment or averaging is applied.,2026-08-01,BMX Action Bike,BMX Action Bike,previouspage.co.uk,Publication accessed through PreviousPage
ABMX-PR-0299,V20-ABMX-0037,,,Maximum,XL complete bicycle,Complete bicycle,November 1983,,132,GBP,£132.00,Advertised period price,United Kingdom,Period publication,Indexed issue text; the amount/item pairing is retained pending page-image comparison.,MEDIUM-HIGH,https://previouspage.co.uk/magazines/BMX%20Action%20Bike/issues/86-november-nineteen-eighty-three,INDEX-ONLY,maximum xl complete bicycle november 1983 132 0 gbp https previouspage co uk magazines bmx 20action 20bike issues 86 november nineteen eighty three,RETAIN — source-specific observation,Source-specific period amount. Page-image comparison remains pending; no inflation adjustment or averaging is applied.,2026-08-01,BMX Action Bike,BMX Action Bike,previouspage.co.uk,Publication accessed through PreviousPage
ABMX-PR-0300,V20-ABMX-0037,,,ACS,Z rim wheel pair,Wheelset,November 1983,,39,GBP,£39.00,Advertised period price,United Kingdom,Period publication,Indexed issue text; the amount/item pairing is retained pending page-image comparison.,MEDIUM-HIGH,https://previouspage.co.uk/magazines/BMX%20Action%20Bike/issues/86-november-nineteen-eighty-three,INDEX-ONLY,acs z rim wheel pair november 1983 39 0 gbp https previouspage co uk magazines bmx 20action 20bike issues 86 november nineteen eighty three,RETAIN — source-specific observation,Source-specific period amount. Page-image comparison remains pending; no inflation adjustment or averaging is applied.,2026-08-01,BMX Action Bike,BMX Action Bike,previouspage.co.uk,Publication accessed through PreviousPage
ABMX-PR-0301,V20-ABMX-0037,,,Araya,20 x 1 3/8 wheel pair,Wheelset,November 1983,,39,GBP,£39.00,Advertised period price,United Kingdom,Period publication,Indexed issue text; the amount/item pairing is retained pending page-image comparison.,MEDIUM-HIGH,https://previouspage.co.uk/magazines/BMX%20Action%20Bike/issues/86-november-nineteen-eighty-three,INDEX-ONLY,araya 20 x 1 3 8 wheel pair november 1983 39 0 gbp https previouspage co uk magazines bmx 20action 20bike issues 86 november nineteen eighty three,RETAIN — source-specific observation,Source-specific period amount. Page-image comparison remains pending; no inflation adjustment or averaging is applied.,2026-08-01,BMX Action Bike,BMX Action Bike,previouspage.co.uk,Publication accessed through PreviousPage
ABMX-PR-0302,V20-ABMX-0037,,,Suzue,Sealed hub,Hub,November 1983,,19,GBP,£19.00,Advertised period price,United Kingdom,Period publication,Indexed issue text; the amount/item pairing is retained pending page-image comparison.,MEDIUM-HIGH,https://previouspage.co.uk/magazines/BMX%20Action%20Bike/issues/86-november-nineteen-eighty-three,INDEX-ONLY,suzue sealed hub november 1983 19 0 gbp https previouspage co uk magazines bmx 20action 20bike issues 86 november nineteen eighty three,RETAIN — source-specific observation,Source-specific period amount. Page-image comparison remains pending; no inflation adjustment or averaging is applied.,2026-08-01,BMX Action Bike,BMX Action Bike,previouspage.co.uk,Publication accessed through PreviousPage
ABMX-PR-0303,V20-ABMX-0037,,,Skyway,Sealed hub,Hub,November 1983,,27.5,GBP,£27.50,Advertised period price,United Kingdom,Period publication,Indexed issue text; the amount/item pairing is retained pending page-image comparison.,MEDIUM-HIGH,https://previouspage.co.uk/magazines/BMX%20Action%20Bike/issues/86-november-nineteen-eighty-three,INDEX-ONLY,skyway sealed hub november 1983 27 5 gbp https previouspage co uk magazines bmx 20action 20bike issues 86 november nineteen eighty three,RETAIN — source-specific observation,Source-specific period amount. Page-image comparison remains pending; no inflation adjustment or averaging is applied.,2026-08-01,BMX Action Bike,BMX Action Bike,previouspage.co.uk,Publication accessed through PreviousPage
ABMX-PR-0304,V20-ABMX-0037,,,CW,Phase 1 product,BMX product,November 1983,,149,GBP,£149.00,Advertised period price,United Kingdom,Period publication,Indexed issue text; the amount/item pairing is retained pending page-image comparison.,MEDIUM-HIGH,https://previouspage.co.uk/magazines/BMX%20Action%20Bike/issues/86-november-nineteen-eighty-three,INDEX-ONLY,cw phase 1 product november 1983 149 0 gbp https previouspage co uk magazines bmx 20action 20bike issues 86 november nineteen eighty three,RETAIN — source-specific observation,Source-specific period amount. Page-image comparison remains pending; no inflation adjustment or averaging is applied.,2026-08-01,BMX Action Bike,BMX Action Bike,previouspage.co.uk,Publication accessed through PreviousPage
ABMX-PR-0305,V20-ABMX-0037,,,Takagi,Chromoly crank,Crank,November 1983,,7.5,GBP,£7.50,Advertised period price,United Kingdom,Period publication,Indexed issue text; the amount/item pairing is retained pending page-image comparison.,MEDIUM-HIGH,https://previouspage.co.uk/magazines/BMX%20Action%20Bike/issues/86-november-nineteen-eighty-three,INDEX-ONLY,takagi chromoly crank november 1983 7 5 gbp https previouspage co uk magazines bmx 20action 20bike issues 86 november nineteen eighty three,RETAIN — source-specific observation,Source-specific period amount. Page-image comparison remains pending; no inflation adjustment or averaging is applied.,2026-08-01,BMX Action Bike,BMX Action Bike,previouspage.co.uk,Publication accessed through PreviousPage
ABMX-PR-0306,V20-ABMX-0037,,,Firebird,Delta II frame,Frame,November 1983,,85,GBP,£85.00,Advertised period price,United Kingdom,Period publication,Indexed issue text; the amount/item pairing is retained pending page-image comparison.,MEDIUM-HIGH,https://previouspage.co.uk/magazines/BMX%20Action%20Bike/issues/86-november-nineteen-eighty-three,INDEX-ONLY,firebird delta ii frame november 1983 85 0 gbp https previouspage co uk magazines bmx 20action 20bike issues 86 november nineteen eighty three,RETAIN — source-specific observation,Source-specific period amount. Page-image comparison remains pending; no inflation adjustment or averaging is applied.,2026-08-01,BMX Action Bike,BMX Action Bike,previouspage.co.uk,Publication accessed through PreviousPage
ABMX-PR-0307,V20-ABMX-0037,,,Suntour,Beartrap pedals,Pedals,November 1983,,13.99,GBP,£13.99,Advertised period price,United Kingdom,Period publication,Indexed issue text; the amount/item pairing is retained pending page-image comparison.,MEDIUM-HIGH,https://previouspage.co.uk/magazines/BMX%20Action%20Bike/issues/86-november-nineteen-eighty-three,INDEX-ONLY,suntour beartrap pedals november 1983 13 99 gbp https previouspage co uk magazines bmx 20action 20bike issues 86 november nineteen eighty three,RETAIN — source-specific observation,Source-specific period amount. Page-image comparison remains pending; no inflation adjustment or averaging is applied.,2026-08-01,BMX Action Bike,BMX Action Bike,previouspage.co.uk,Publication accessed through PreviousPage
ABMX-PR-0308,V20-ABMX-0037,,,Wizard,Number plate,Number plate,November 1983,,11.99,GBP,£11.99,Advertised period price,United Kingdom,Period publication,Indexed issue text; the amount/item pairing is retained pending page-image comparison.,MEDIUM-HIGH,https://previouspage.co.uk/magazines/BMX%20Action%20Bike/issues/86-november-nineteen-eighty-three,INDEX-ONLY,wizard number plate november 1983 11 99 gbp https previouspage co uk magazines bmx 20action 20bike issues 86 november nineteen eighty three,RETAIN — source-specific observation,Source-specific period amount. Page-image comparison remains pending; no inflation adjustment or averaging is applied.,2026-08-01,BMX Action Bike,BMX Action Bike,previouspage.co.uk,Publication accessed through PreviousPage
ABMX-PR-0309,V20-ABMX-0008,,,Kuwahara,KE 2.5 complete bicycle,Complete bicycle,November 1983,,259,GBP,£259.00 plus carriage,Advertised period price,United Kingdom,Period publication,Indexed issue text; the amount/item pairing is retained pending page-image comparison.,MEDIUM-HIGH,https://previouspage.co.uk/magazines/BMX%20Action%20Bike/issues/86-november-nineteen-eighty-three,INDEX-ONLY,kuwahara ke 2 5 complete bicycle november 1983 259 0 gbp https previouspage co uk magazines bmx 20action 20bike issues 86 november nineteen eighty three,RETAIN — source-specific observation,Source-specific period amount. Page-image comparison remains pending; no inflation adjustment or averaging is applied.,2026-08-01,BMX Action Bike,BMX Action Bike,previouspage.co.uk,Publication accessed through PreviousPage
ABMX-PR-0310,V20-ABMX-0008,,,Kuwahara,KE 2 complete bicycle,Complete bicycle,November 1983,,210.95,GBP,£210.95 plus carriage,Advertised period price,United Kingdom,Period publication,Indexed issue text; the amount/item pairing is retained pending page-image comparison.,MEDIUM-HIGH,https://previouspage.co.uk/magazines/BMX%20Action%20Bike/issues/86-november-nineteen-eighty-three,INDEX-ONLY,kuwahara ke 2 complete bicycle november 1983 210 95 gbp https previouspage co uk magazines bmx 20action 20bike issues 86 november nineteen eighty three,RETAIN — source-specific observation,Source-specific period amount. Page-image comparison remains pending; no inflation adjustment or averaging is applied.,2026-08-01,BMX Action Bike,BMX Action Bike,previouspage.co.uk,Publication accessed through PreviousPage
ABMX-PR-0311,V20-ABMX-0008,,,Torker,280X complete bicycle,Complete bicycle,November 1983,,224.95,GBP,£224.95 plus carriage,Advertised period price,United Kingdom,Period publication,Indexed issue text; the amount/item pairing is retained pending page-image comparison.,MEDIUM-HIGH,https://previouspage.co.uk/magazines/BMX%20Action%20Bike/issues/86-november-nineteen-eighty-three,INDEX-ONLY,torker 280x complete bicycle november 1983 224 95 gbp https previouspage co uk magazines bmx 20action 20bike issues 86 november nineteen eighty three,RETAIN — source-specific observation,Source-specific period amount. Page-image comparison remains pending; no inflation adjustment or averaging is applied.,2026-08-01,BMX Action Bike,BMX Action Bike,previouspage.co.uk,Publication accessed through PreviousPage
ABMX-PR-0312,V20-ABMX-0008,,,Redline,600A complete bicycle,Complete bicycle,November 1983,,229.95,GBP,£229.95 plus carriage,Advertised period price,United Kingdom,Period publication,Indexed issue text; the amount/item pairing is retained pending page-image comparison.,MEDIUM-HIGH,https://previouspage.co.uk/magazines/BMX%20Action%20Bike/issues/86-november-nineteen-eighty-three,INDEX-ONLY,redline 600a complete bicycle november 1983 229 95 gbp https previouspage co uk magazines bmx 20action 20bike issues 86 november nineteen eighty three,RETAIN — source-specific observation,Source-specific period amount. Page-image comparison remains pending; no inflation adjustment or averaging is applied.,2026-08-01,BMX Action Bike,BMX Action Bike,previouspage.co.uk,Publication accessed through PreviousPage
ABMX-PR-0313,V20-ABMX-0008,,,Redline,Carrera II complete bicycle,Complete bicycle,November 1983,,379.95,GBP,£379.95 plus carriage,Advertised period price,United Kingdom,Period publication,Indexed issue text; the amount/item pairing is retained pending page-image comparison.,MEDIUM-HIGH,https://previouspage.co.uk/magazines/BMX%20Action%20Bike/issues/86-november-nineteen-eighty-three,INDEX-ONLY,redline carrera ii complete bicycle november 1983 379 95 gbp https previouspage co uk magazines bmx 20action 20bike issues 86 november nineteen eighty three,RETAIN — source-specific observation,Source-specific period amount. Page-image comparison remains pending; no inflation adjustment or averaging is applied.,2026-08-01,BMX Action Bike,BMX Action Bike,previouspage.co.uk,Publication accessed through PreviousPage
ABMX-PR-0314,V20-ABMX-0008,,,GT,Pro or Standard complete bicycle,Complete bicycle,November 1983,,239.95,GBP,£239.95 plus carriage,Advertised period price,United Kingdom,Period publication,Indexed issue text; the amount/item pairing is retained pending page-image comparison.,MEDIUM-HIGH,https://previouspage.co.uk/magazines/BMX%20Action%20Bike/issues/86-november-nineteen-eighty-three,INDEX-ONLY,gt pro or standard complete bicycle november 1983 239 95 gbp https previouspage co uk magazines bmx 20action 20bike issues 86 november nineteen eighty three,RETAIN — source-specific observation,Source-specific period amount. Page-image comparison remains pending; no inflation adjustment or averaging is applied.,2026-08-01,BMX Action Bike,BMX Action Bike,previouspage.co.uk,Publication accessed through PreviousPage
ABMX-PR-0315,V20-ABMX-0019,,,Skyway,TA frame and forks,Frame and fork set,November 1983,,170,GBP,£170.00,Advertised period price,United Kingdom,Period publication,Indexed issue text; the amount/item pairing is retained pending page-image comparison.,MEDIUM-HIGH,https://previouspage.co.uk/magazines/BMX%20Action%20Bike/issues/86-november-nineteen-eighty-three,INDEX-ONLY,skyway ta frame and forks november 1983 170 0 gbp https previouspage co uk magazines bmx 20action 20bike issues 86 november nineteen eighty three,RETAIN — source-specific observation,Source-specific period amount. Page-image comparison remains pending; no inflation adjustment or averaging is applied.,2026-08-01,BMX Action Bike,BMX Action Bike,previouspage.co.uk,Publication accessed through PreviousPage
ABMX-PR-0316,V20-ABMX-0019,,,GT,Frame and forks,Frame and fork set,November 1983,,119.95,GBP,£119.95,Advertised period price,United Kingdom,Period publication,Indexed issue text; the amount/item pairing is retained pending page-image comparison.,MEDIUM-HIGH,https://previouspage.co.uk/magazines/BMX%20Action%20Bike/issues/86-november-nineteen-eighty-three,INDEX-ONLY,gt frame and forks november 1983 119 95 gbp https previouspage co uk magazines bmx 20action 20bike issues 86 november nineteen eighty three,RETAIN — source-specific observation,Source-specific period amount. Page-image comparison remains pending; no inflation adjustment or averaging is applied.,2026-08-01,BMX Action Bike,BMX Action Bike,previouspage.co.uk,Publication accessed through PreviousPage
ABMX-PR-0317,V20-ABMX-0019,,,Redline,600A frame and forks,Frame and fork set,November 1983,,134.95,GBP,£134.95,Advertised period price,United Kingdom,Period publication,Indexed issue text; the amount/item pairing is retained pending page-image comparison.,MEDIUM-HIGH,https://previouspage.co.uk/magazines/BMX%20Action%20Bike/issues/86-november-nineteen-eighty-three,INDEX-ONLY,redline 600a frame and forks november 1983 134 95 gbp https previouspage co uk magazines bmx 20action 20bike issues 86 november nineteen eighty three,RETAIN — source-specific observation,Source-specific period amount. Page-image comparison remains pending; no inflation adjustment or averaging is applied.,2026-08-01,BMX Action Bike,BMX Action Bike,previouspage.co.uk,Publication accessed through PreviousPage
ABMX-PR-0318,V20-ABMX-0019,,,Kuwahara,1983 frame and forks,Frame and fork set,November 1983,,144.95,GBP,£144.95,Advertised period price,United Kingdom,Period publication,Indexed issue text; the amount/item pairing is retained pending page-image comparison.,MEDIUM-HIGH,https://previouspage.co.uk/magazines/BMX%20Action%20Bike/issues/86-november-nineteen-eighty-three,INDEX-ONLY,kuwahara 1983 frame and forks november 1983 144 95 gbp https previouspage co uk magazines bmx 20action 20bike issues 86 november nineteen eighty three,RETAIN — source-specific observation,Source-specific period amount. Page-image comparison remains pending; no inflation adjustment or averaging is applied.,2026-08-01,BMX Action Bike,BMX Action Bike,previouspage.co.uk,Publication accessed through PreviousPage
ABMX-PR-0319,V20-ABMX-0019,,,Skyway,Tuff wheel pair,Wheelset,November 1983,,59.95,GBP,£59.95,Advertised period price,United Kingdom,Period publication,Indexed issue text; the amount/item pairing is retained pending page-image comparison.,MEDIUM-HIGH,https://previouspage.co.uk/magazines/BMX%20Action%20Bike/issues/86-november-nineteen-eighty-three,INDEX-ONLY,skyway tuff wheel pair november 1983 59 95 gbp https previouspage co uk magazines bmx 20action 20bike issues 86 november nineteen eighty three,RETAIN — source-specific observation,Source-specific period amount. Page-image comparison remains pending; no inflation adjustment or averaging is applied.,2026-08-01,BMX Action Bike,BMX Action Bike,previouspage.co.uk,Publication accessed through PreviousPage
ABMX-PR-0320,V20-ABMX-0019,,,ACS,Z wheel pair,Wheelset,November 1983,,42.95,GBP,£42.95,Advertised period price,United Kingdom,Period publication,Indexed issue text; the amount/item pairing is retained pending page-image comparison.,MEDIUM-HIGH,https://previouspage.co.uk/magazines/BMX%20Action%20Bike/issues/86-november-nineteen-eighty-three,INDEX-ONLY,acs z wheel pair november 1983 42 95 gbp https previouspage co uk magazines bmx 20action 20bike issues 86 november nineteen eighty three,RETAIN — source-specific observation,Source-specific period amount. Page-image comparison remains pending; no inflation adjustment or averaging is applied.,2026-08-01,BMX Action Bike,BMX Action Bike,previouspage.co.uk,Publication accessed through PreviousPage
ABMX-PR-0321,V20-ABMX-0019,,,Ukai,Wheel pair,Wheelset,November 1983,,40.95,GBP,£40.95,Advertised period price,United Kingdom,Period publication,Indexed issue text; the amount/item pairing is retained pending page-image comparison.,MEDIUM-HIGH,https://previouspage.co.uk/magazines/BMX%20Action%20Bike/issues/86-november-nineteen-eighty-three,INDEX-ONLY,ukai wheel pair november 1983 40 95 gbp https previouspage co uk magazines bmx 20action 20bike issues 86 november nineteen eighty three,RETAIN — source-specific observation,Source-specific period amount. Page-image comparison remains pending; no inflation adjustment or averaging is applied.,2026-08-01,BMX Action Bike,BMX Action Bike,previouspage.co.uk,Publication accessed through PreviousPage
ABMX-PR-0322,V20-ABMX-0019,,,Tange,TRX forks,Fork,November 1983,,21.95,GBP,£21.95,Advertised period price,United Kingdom,Period publication,Indexed issue text; the amount/item pairing is retained pending page-image comparison.,MEDIUM-HIGH,https://previouspage.co.uk/magazines/BMX%20Action%20Bike/issues/86-november-nineteen-eighty-three,INDEX-ONLY,tange trx forks november 1983 21 95 gbp https previouspage co uk magazines bmx 20action 20bike issues 86 november nineteen eighty three,RETAIN — source-specific observation,Source-specific period amount. Page-image comparison remains pending; no inflation adjustment or averaging is applied.,2026-08-01,BMX Action Bike,BMX Action Bike,previouspage.co.uk,Publication accessed through PreviousPage
ABMX-PR-0323,V20-ABMX-0019,,,Tange,ARX forks,Fork,November 1983,,25.95,GBP,£25.95,Advertised period price,United Kingdom,Period publication,Indexed issue text; the amount/item pairing is retained pending page-image comparison.,MEDIUM-HIGH,https://previouspage.co.uk/magazines/BMX%20Action%20Bike/issues/86-november-nineteen-eighty-three,INDEX-ONLY,tange arx forks november 1983 25 95 gbp https previouspage co uk magazines bmx 20action 20bike issues 86 november nineteen eighty three,RETAIN — source-specific observation,Source-specific period amount. Page-image comparison remains pending; no inflation adjustment or averaging is applied.,2026-08-01,BMX Action Bike,BMX Action Bike,previouspage.co.uk,Publication accessed through PreviousPage
ABMX-PR-0324,V20-ABMX-0019,,,Shimano,DX pedals,Pedals,November 1983,,15.95,GBP,£15.95,Advertised period price,United Kingdom,Period publication,Indexed issue text; the amount/item pairing is retained pending page-image comparison.,MEDIUM-HIGH,https://previouspage.co.uk/magazines/BMX%20Action%20Bike/issues/86-november-nineteen-eighty-three,INDEX-ONLY,shimano dx pedals november 1983 15 95 gbp https previouspage co uk magazines bmx 20action 20bike issues 86 november nineteen eighty three,RETAIN — source-specific observation,Source-specific period amount. Page-image comparison remains pending; no inflation adjustment or averaging is applied.,2026-08-01,BMX Action Bike,BMX Action Bike,previouspage.co.uk,Publication accessed through PreviousPage
ABMX-PR-0325,V20-ABMX-0019,,,ACS,Pedals,Pedals,November 1983,,10.25,GBP,£10.25,Advertised period price,United Kingdom,Period publication,Indexed issue text; the amount/item pairing is retained pending page-image comparison.,MEDIUM-HIGH,https://previouspage.co.uk/magazines/BMX%20Action%20Bike/issues/86-november-nineteen-eighty-three,INDEX-ONLY,acs pedals november 1983 10 25 gbp https previouspage co uk magazines bmx 20action 20bike issues 86 november nineteen eighty three,RETAIN — source-specific observation,Source-specific period amount. Page-image comparison remains pending; no inflation adjustment or averaging is applied.,2026-08-01,BMX Action Bike,BMX Action Bike,previouspage.co.uk,Publication accessed through PreviousPage
ABMX-PR-0326,V20-ABMX-0020,,,G-Wheels,Dipper GS complete bicycle,Complete bicycle,November 1983,,119.95,GBP,£119.95 plus postage,Advertised period price,United Kingdom,Period publication,Indexed issue text; the amount/item pairing is retained pending page-image comparison.,MEDIUM-HIGH,https://previouspage.co.uk/magazines/BMX%20Action%20Bike/issues/86-november-nineteen-eighty-three,INDEX-ONLY,g wheels dipper gs complete bicycle november 1983 119 95 gbp https previouspage co uk magazines bmx 20action 20bike issues 86 november nineteen eighty three,RETAIN — source-specific observation,Source-specific period amount. Page-image comparison remains pending; no inflation adjustment or averaging is applied.,2026-08-01,BMX Action Bike,BMX Action Bike,previouspage.co.uk,Publication accessed through PreviousPage
ABMX-PR-0327,V20-ABMX-0033,,,Puch,Challenger Pro complete bicycle,Complete bicycle,November 1983,,169.95,GBP,£169.95 plus postage,Advertised period price,United Kingdom,Period publication,Indexed issue text; the amount/item pairing is retained pending page-image comparison.,MEDIUM-HIGH,https://previouspage.co.uk/magazines/BMX%20Action%20Bike/issues/86-november-nineteen-eighty-three,INDEX-ONLY,puch challenger pro complete bicycle november 1983 169 95 gbp https previouspage co uk magazines bmx 20action 20bike issues 86 november nineteen eighty three,RETAIN — source-specific observation,Source-specific period amount. Page-image comparison remains pending; no inflation adjustment or averaging is applied.,2026-08-01,BMX Action Bike,BMX Action Bike,previouspage.co.uk,Publication accessed through PreviousPage
ABMX-PR-0328,V20-ABMX-0033,,,Araya,7X wheel pair,Wheelset,November 1983,,39.99,GBP,£39.99 plus postage,Advertised period price,United Kingdom,Period publication,Indexed issue text; the amount/item pairing is retained pending page-image comparison.,MEDIUM-HIGH,https://previouspage.co.uk/magazines/BMX%20Action%20Bike/issues/86-november-nineteen-eighty-three,INDEX-ONLY,araya 7x wheel pair november 1983 39 99 gbp https previouspage co uk magazines bmx 20action 20bike issues 86 november nineteen eighty three,RETAIN — source-specific observation,Source-specific period amount. Page-image comparison remains pending; no inflation adjustment or averaging is applied.,2026-08-01,BMX Action Bike,BMX Action Bike,previouspage.co.uk,Publication accessed through PreviousPage
ABMX-PR-0329,V20-ABMX-0033,,,Araya,ADX wheel pair,Wheelset,November 1983,,44.99,GBP,£44.99 plus postage,Advertised period price,United Kingdom,Period publication,Indexed issue text; the amount/item pairing is retained pending page-image comparison.,MEDIUM-HIGH,https://previouspage.co.uk/magazines/BMX%20Action%20Bike/issues/86-november-nineteen-eighty-three,INDEX-ONLY,araya adx wheel pair november 1983 44 99 gbp https previouspage co uk magazines bmx 20action 20bike issues 86 november nineteen eighty three,RETAIN — source-specific observation,Source-specific period amount. Page-image comparison remains pending; no inflation adjustment or averaging is applied.,2026-08-01,BMX Action Bike,BMX Action Bike,previouspage.co.uk,Publication accessed through PreviousPage
ABMX-PR-0330,V20-ABMX-0033,,,ACS,Z rim pair,Rim pair,November 1983,,39.99,GBP,£39.99 plus postage,Advertised period price,United Kingdom,Period publication,Indexed issue text; the amount/item pairing is retained pending page-image comparison.,MEDIUM-HIGH,https://previouspage.co.uk/magazines/BMX%20Action%20Bike/issues/86-november-nineteen-eighty-three,INDEX-ONLY,acs z rim pair november 1983 39 99 gbp https previouspage co uk magazines bmx 20action 20bike issues 86 november nineteen eighty three,RETAIN — source-specific observation,Source-specific period amount. Page-image comparison remains pending; no inflation adjustment or averaging is applied.,2026-08-01,BMX Action Bike,BMX Action Bike,previouspage.co.uk,Publication accessed through PreviousPage
ABMX-PR-0331,V20-ABMX-0033,,,Skyway,Tuff wheel pair,Wheelset,November 1983,,59.95,GBP,£59.95 plus postage,Advertised period price,United Kingdom,Period publication,Indexed issue text; the amount/item pairing is retained pending page-image comparison.,MEDIUM-HIGH,https://previouspage.co.uk/magazines/BMX%20Action%20Bike/issues/86-november-nineteen-eighty-three,INDEX-ONLY,skyway tuff wheel pair november 1983 59 95 gbp https previouspage co uk magazines bmx 20action 20bike issues 86 november nineteen eighty three,RETAIN — source-specific observation,Source-specific period amount. Page-image comparison remains pending; no inflation adjustment or averaging is applied.,2026-08-01,BMX Action Bike,BMX Action Bike,previouspage.co.uk,Publication accessed through PreviousPage
ABMX-PR-0332,V20-ABMX-0030,,,BMX Action Bike,Hardcover BMX Action Bike Book,Book,November 1983,,2.99,GBP,£2.99,Advertised period price,United Kingdom,Period publication,Indexed issue text; the amount/item pairing is retained pending page-image comparison.,MEDIUM-HIGH,https://previouspage.co.uk/magazines/BMX%20Action%20Bike/issues/86-november-nineteen-eighty-three,INDEX-ONLY,bmx action bike hardcover bmx action bike book november 1983 2 99 gbp https previouspage co uk magazines bmx 20action 20bike issues 86 november nineteen eighty three,RETAIN — source-specific observation,Source-specific period amount. Page-image comparison remains pending; no inflation adjustment or averaging is applied.,2026-08-01,BMX Action Bike,BMX Action Bike,previouspage.co.uk,Publication accessed through PreviousPage
ABMX-PR-0333,V20-ABMX-0050,,,Stechford Cycles,Californian complete bike,Complete bike,December 1983 / January 1984,,199.95,GBP,£199.95,Advertised period price,United Kingdom,Period publication,Indexed issue text; the amount/item pairing is retained pending page-image comparison.,MEDIUM-HIGH,https://previouspage.co.uk/magazines/BMX%20Action%20Bike/issues/87-december%20%2F%20january-eighty-three,INDEX-ONLY,stechford cycles californian complete bike december 1983 january 1984 199 95 gbp https previouspage co uk magazines bmx 20action 20bike issues 87 december 20 2f 20january eighty three,RETAIN — source-specific observation,Source-specific period amount. Page-image comparison remains pending; no inflation adjustment or averaging is applied.,2026-08-01,BMX Action Bike,BMX Action Bike,previouspage.co.uk,Publication accessed through PreviousPage
ABMX-PR-0334,V20-ABMX-0050,,,Patterson,Patterson complete bike,Complete bike,December 1983 / January 1984,,100.95,GBP,£100.95,Advertised period price,United Kingdom,Period publication,Indexed issue text; the amount/item pairing is retained pending page-image comparison.,MEDIUM-HIGH,https://previouspage.co.uk/magazines/BMX%20Action%20Bike/issues/87-december%20%2F%20january-eighty-three,INDEX-ONLY,patterson patterson complete bike december 1983 january 1984 100 95 gbp https previouspage co uk magazines bmx 20action 20bike issues 87 december 20 2f 20january eighty three,RETAIN — source-specific observation,Source-specific period amount. Page-image comparison remains pending; no inflation adjustment or averaging is applied.,2026-08-01,BMX Action Bike,BMX Action Bike,previouspage.co.uk,Publication accessed through PreviousPage
ABMX-PR-0335,V20-ABMX-0050,,,CW,CW Z frame,Frame,December 1983 / January 1984,,158.95,GBP,£158.95,Advertised period price,United Kingdom,Period publication,Indexed issue text; the amount/item pairing is retained pending page-image comparison.,MEDIUM-HIGH,https://previouspage.co.uk/magazines/BMX%20Action%20Bike/issues/87-december%20%2F%20january-eighty-three,INDEX-ONLY,cw cw z frame december 1983 january 1984 158 95 gbp https previouspage co uk magazines bmx 20action 20bike issues 87 december 20 2f 20january eighty three,RETAIN — source-specific observation,Source-specific period amount. Page-image comparison remains pending; no inflation adjustment or averaging is applied.,2026-08-01,BMX Action Bike,BMX Action Bike,previouspage.co.uk,Publication accessed through PreviousPage
ABMX-PR-0336,V20-ABMX-0051,,,Skyway,T/A frame and fork set,Frame and fork set,December 1983 / January 1984,,170,GBP,£170.00,Advertised period price,United Kingdom,Period publication,Indexed issue text; the amount/item pairing is retained pending page-image comparison.,MEDIUM-HIGH,https://previouspage.co.uk/magazines/BMX%20Action%20Bike/issues/87-december%20%2F%20january-eighty-three,INDEX-ONLY,skyway t a frame and fork set december 1983 january 1984 170 0 gbp https previouspage co uk magazines bmx 20action 20bike issues 87 december 20 2f 20january eighty three,RETAIN — source-specific observation,Source-specific period amount. Page-image comparison remains pending; no inflation adjustment or averaging is applied.,2026-08-01,BMX Action Bike,BMX Action Bike,previouspage.co.uk,Publication accessed through PreviousPage
ABMX-PR-0337,V20-ABMX-0051,,,GT,Frame and fork set,Frame and fork set,December 1983 / January 1984,,119.95,GBP,£119.95,Advertised period price,United Kingdom,Period publication,Indexed issue text; the amount/item pairing is retained pending page-image comparison.,MEDIUM-HIGH,https://previouspage.co.uk/magazines/BMX%20Action%20Bike/issues/87-december%20%2F%20january-eighty-three,INDEX-ONLY,gt frame and fork set december 1983 january 1984 119 95 gbp https previouspage co uk magazines bmx 20action 20bike issues 87 december 20 2f 20january eighty three,RETAIN — source-specific observation,Source-specific period amount. Page-image comparison remains pending; no inflation adjustment or averaging is applied.,2026-08-01,BMX Action Bike,BMX Action Bike,previouspage.co.uk,Publication accessed through PreviousPage
ABMX-PR-0338,V20-ABMX-0051,,,Redline,600A frame and fork set,Frame and fork set,December 1983 / January 1984,,134.95,GBP,£134.95,Advertised period price,United Kingdom,Period publication,Indexed issue text; the amount/item pairing is retained pending page-image comparison.,MEDIUM-HIGH,https://previouspage.co.uk/magazines/BMX%20Action%20Bike/issues/87-december%20%2F%20january-eighty-three,INDEX-ONLY,redline 600a frame and fork set december 1983 january 1984 134 95 gbp https previouspage co uk magazines bmx 20action 20bike issues 87 december 20 2f 20january eighty three,RETAIN — source-specific observation,Source-specific period amount. Page-image comparison remains pending; no inflation adjustment or averaging is applied.,2026-08-01,BMX Action Bike,BMX Action Bike,previouspage.co.uk,Publication accessed through PreviousPage
ABMX-PR-0339,V20-ABMX-0051,,,Kuwahara,1983 frame and fork set,Frame and fork set,December 1983 / January 1984,,144.95,GBP,£144.95,Advertised period price,United Kingdom,Period publication,Indexed issue text; the amount/item pairing is retained pending page-image comparison.,MEDIUM-HIGH,https://previouspage.co.uk/magazines/BMX%20Action%20Bike/issues/87-december%20%2F%20january-eighty-three,INDEX-ONLY,kuwahara 1983 frame and fork set december 1983 january 1984 144 95 gbp https previouspage co uk magazines bmx 20action 20bike issues 87 december 20 2f 20january eighty three,RETAIN — source-specific observation,Source-specific period amount. Page-image comparison remains pending; no inflation adjustment or averaging is applied.,2026-08-01,BMX Action Bike,BMX Action Bike,previouspage.co.uk,Publication accessed through PreviousPage
ABMX-PR-0340,V20-ABMX-0051,,,Skyway,Tuff wheel pair,Wheelset,December 1983 / January 1984,,59.95,GBP,£59.95,Advertised period price,United Kingdom,Period publication,Indexed issue text; the amount/item pairing is retained pending page-image comparison.,MEDIUM-HIGH,https://previouspage.co.uk/magazines/BMX%20Action%20Bike/issues/87-december%20%2F%20january-eighty-three,INDEX-ONLY,skyway tuff wheel pair december 1983 january 1984 59 95 gbp https previouspage co uk magazines bmx 20action 20bike issues 87 december 20 2f 20january eighty three,RETAIN — source-specific observation,Source-specific period amount. Page-image comparison remains pending; no inflation adjustment or averaging is applied.,2026-08-01,BMX Action Bike,BMX Action Bike,previouspage.co.uk,Publication accessed through PreviousPage
ABMX-PR-0341,V20-ABMX-0051,,,ACS,Z wheel pair,Wheelset,December 1983 / January 1984,,42.95,GBP,£42.95,Advertised period price,United Kingdom,Period publication,Indexed issue text; the amount/item pairing is retained pending page-image comparison.,MEDIUM-HIGH,https://previouspage.co.uk/magazines/BMX%20Action%20Bike/issues/87-december%20%2F%20january-eighty-three,INDEX-ONLY,acs z wheel pair december 1983 january 1984 42 95 gbp https previouspage co uk magazines bmx 20action 20bike issues 87 december 20 2f 20january eighty three,RETAIN — source-specific observation,Source-specific period amount. Page-image comparison remains pending; no inflation adjustment or averaging is applied.,2026-08-01,BMX Action Bike,BMX Action Bike,previouspage.co.uk,Publication accessed through PreviousPage
ABMX-PR-0342,V20-ABMX-0055,,,Diamond Back,Harry Leary Turbo complete bike,Complete bike,December 1983 / January 1984,,330,GBP,£330 plus £8 carriage,Advertised period price,United Kingdom,Period publication,Indexed issue text; the amount/item pairing is retained pending page-image comparison.,MEDIUM-HIGH,https://previouspage.co.uk/magazines/BMX%20Action%20Bike/issues/87-december%20%2F%20january-eighty-three,INDEX-ONLY,diamond back harry leary turbo complete bike december 1983 january 1984 330 0 gbp https previouspage co uk magazines bmx 20action 20bike issues 87 december 20 2f 20january eighty three,RETAIN — source-specific observation,Source-specific period amount. Page-image comparison remains pending; no inflation adjustment or averaging is applied.,2026-08-01,BMX Action Bike,BMX Action Bike,previouspage.co.uk,Publication accessed through PreviousPage
ABMX-PR-0343,V20-ABMX-0055,,,Diamond Back,Silver Streak complete bike,Complete bike,December 1983 / January 1984,,220,GBP,£220 plus £8 carriage,Advertised period price,United Kingdom,Period publication,Indexed issue text; the amount/item pairing is retained pending page-image comparison.,MEDIUM-HIGH,https://previouspage.co.uk/magazines/BMX%20Action%20Bike/issues/87-december%20%2F%20january-eighty-three,INDEX-ONLY,diamond back silver streak complete bike december 1983 january 1984 220 0 gbp https previouspage co uk magazines bmx 20action 20bike issues 87 december 20 2f 20january eighty three,RETAIN — source-specific observation,Source-specific period amount. Page-image comparison remains pending; no inflation adjustment or averaging is applied.,2026-08-01,BMX Action Bike,BMX Action Bike,previouspage.co.uk,Publication accessed through PreviousPage
ABMX-PR-0344,V20-ABMX-0055,,,Mongoose,California complete bike,Complete bike,December 1983 / January 1984,,175,GBP,£175 plus £8 carriage,Advertised period price,United Kingdom,Period publication,Indexed issue text; the amount/item pairing is retained pending page-image comparison.,MEDIUM-HIGH,https://previouspage.co.uk/magazines/BMX%20Action%20Bike/issues/87-december%20%2F%20january-eighty-three,INDEX-ONLY,mongoose california complete bike december 1983 january 1984 175 0 gbp https previouspage co uk magazines bmx 20action 20bike issues 87 december 20 2f 20january eighty three,RETAIN — source-specific observation,Source-specific period amount. Page-image comparison remains pending; no inflation adjustment or averaging is applied.,2026-08-01,BMX Action Bike,BMX Action Bike,previouspage.co.uk,Publication accessed through PreviousPage
ABMX-PR-0345,V20-ABMX-0055,,,Raleigh,Aero Pro Burner complete bike,Complete bike,December 1983 / January 1984,,245,GBP,£245 plus £8 carriage,Advertised period price,United Kingdom,Period publication,Indexed issue text; the amount/item pairing is retained pending page-image comparison.,MEDIUM-HIGH,https://previouspage.co.uk/magazines/BMX%20Action%20Bike/issues/87-december%20%2F%20january-eighty-three,INDEX-ONLY,raleigh aero pro burner complete bike december 1983 january 1984 245 0 gbp https previouspage co uk magazines bmx 20action 20bike issues 87 december 20 2f 20january eighty three,RETAIN — source-specific observation,Source-specific period amount. Page-image comparison remains pending; no inflation adjustment or averaging is applied.,2026-08-01,BMX Action Bike,BMX Action Bike,previouspage.co.uk,Publication accessed through PreviousPage
ABMX-PR-0346,V20-ABMX-0055,,,DP Racing,Firebird frame and fork set,Frame and fork set,December 1983 / January 1984,,64.95,GBP,£64.95 plus £2 p&p,Advertised period price,United Kingdom,Period publication,Indexed issue text; the amount/item pairing is retained pending page-image comparison.,MEDIUM-HIGH,https://previouspage.co.uk/magazines/BMX%20Action%20Bike/issues/87-december%20%2F%20january-eighty-three,INDEX-ONLY,dp racing firebird frame and fork set december 1983 january 1984 64 95 gbp https previouspage co uk magazines bmx 20action 20bike issues 87 december 20 2f 20january eighty three,RETAIN — source-specific observation,Source-specific period amount. Page-image comparison remains pending; no inflation adjustment or averaging is applied.,2026-08-01,BMX Action Bike,BMX Action Bike,previouspage.co.uk,Publication accessed through PreviousPage
ABMX-PR-0347,V20-ABMX-0055,,,Haro,Freestyle frame and fork set,Frame and fork set,December 1983 / January 1984,,170,GBP,£170.00 inc. p&p,Advertised period price,United Kingdom,Period publication,Indexed issue text; the amount/item pairing is retained pending page-image comparison.,MEDIUM-HIGH,https://previouspage.co.uk/magazines/BMX%20Action%20Bike/issues/87-december%20%2F%20january-eighty-three,INDEX-ONLY,haro freestyle frame and fork set december 1983 january 1984 170 0 gbp https previouspage co uk magazines bmx 20action 20bike issues 87 december 20 2f 20january eighty three,RETAIN — source-specific observation,Source-specific period amount. Page-image comparison remains pending; no inflation adjustment or averaging is applied.,2026-08-01,BMX Action Bike,BMX Action Bike,previouspage.co.uk,Publication accessed through PreviousPage
ABMX-PR-0348,V20-ABMX-0055,,,Kuwahara,Lazer Lite frame and fork set,Frame and fork set,December 1983 / January 1984,,128.95,GBP,£128.95 plus £2 p&p,Advertised period price,United Kingdom,Period publication,Indexed issue text; the amount/item pairing is retained pending page-image comparison.,MEDIUM-HIGH,https://previouspage.co.uk/magazines/BMX%20Action%20Bike/issues/87-december%20%2F%20january-eighty-three,INDEX-ONLY,kuwahara lazer lite frame and fork set december 1983 january 1984 128 95 gbp https previouspage co uk magazines bmx 20action 20bike issues 87 december 20 2f 20january eighty three,RETAIN — source-specific observation,Source-specific period amount. Page-image comparison remains pending; no inflation adjustment or averaging is applied.,2026-08-01,BMX Action Bike,BMX Action Bike,previouspage.co.uk,Publication accessed through PreviousPage
ABMX-PR-0349,V20-ABMX-0055,,,GT,Pro/standard frame and fork set,Frame and fork set,December 1983 / January 1984,,135,GBP,£135.00 plus £2 p&p,Advertised period price,United Kingdom,Period publication,Indexed issue text; the amount/item pairing is retained pending page-image comparison.,MEDIUM-HIGH,https://previouspage.co.uk/magazines/BMX%20Action%20Bike/issues/87-december%20%2F%20january-eighty-three,INDEX-ONLY,gt pro standard frame and fork set december 1983 january 1984 135 0 gbp https previouspage co uk magazines bmx 20action 20bike issues 87 december 20 2f 20january eighty three,RETAIN — source-specific observation,Source-specific period amount. Page-image comparison remains pending; no inflation adjustment or averaging is applied.,2026-08-01,BMX Action Bike,BMX Action Bike,previouspage.co.uk,Publication accessed through PreviousPage
ABMX-PR-0350,V20-ABMX-0056,,,Aero,Race pants up to 30 inches,Racewear,December 1983 / January 1984,,22.95,GBP,£22.95,Advertised period price,United Kingdom,Period publication,Indexed issue text; the amount/item pairing is retained pending page-image comparison.,MEDIUM-HIGH,https://previouspage.co.uk/magazines/BMX%20Action%20Bike/issues/87-december%20%2F%20january-eighty-three,INDEX-ONLY,aero race pants up to 30 inches december 1983 january 1984 22 95 gbp https previouspage co uk magazines bmx 20action 20bike issues 87 december 20 2f 20january eighty three,RETAIN — source-specific observation,Source-specific period amount. Page-image comparison remains pending; no inflation adjustment or averaging is applied.,2026-08-01,BMX Action Bike,BMX Action Bike,previouspage.co.uk,Publication accessed through PreviousPage
ABMX-PR-0351,V20-ABMX-0056,,,MKS,Graphite pedals,Pedals,December 1983 / January 1984,,9.25,GBP,£9.25,Advertised period price,United Kingdom,Period publication,Indexed issue text; the amount/item pairing is retained pending page-image comparison.,MEDIUM-HIGH,https://previouspage.co.uk/magazines/BMX%20Action%20Bike/issues/87-december%20%2F%20january-eighty-three,INDEX-ONLY,mks graphite pedals december 1983 january 1984 9 25 gbp https previouspage co uk magazines bmx 20action 20bike issues 87 december 20 2f 20january eighty three,RETAIN — source-specific observation,Source-specific period amount. Page-image comparison remains pending; no inflation adjustment or averaging is applied.,2026-08-01,BMX Action Bike,BMX Action Bike,previouspage.co.uk,Publication accessed through PreviousPage
ABMX-PR-0352,V20-ABMX-0056,,,Shimano,DX pedals,Pedals,December 1983 / January 1984,,13.95,GBP,£13.95,Advertised period price,United Kingdom,Period publication,Indexed issue text; the amount/item pairing is retained pending page-image comparison.,MEDIUM-HIGH,https://previouspage.co.uk/magazines/BMX%20Action%20Bike/issues/87-december%20%2F%20january-eighty-three,INDEX-ONLY,shimano dx pedals december 1983 january 1984 13 95 gbp https previouspage co uk magazines bmx 20action 20bike issues 87 december 20 2f 20january eighty three,RETAIN — source-specific observation,Source-specific period amount. Page-image comparison remains pending; no inflation adjustment or averaging is applied.,2026-08-01,BMX Action Bike,BMX Action Bike,previouspage.co.uk,Publication accessed through PreviousPage
ABMX-PR-0353,V20-ABMX-0056,,,Suntour,Beartrap pedals,Pedals,December 1983 / January 1984,,16.95,GBP,£16.95,Advertised period price,United Kingdom,Period publication,Indexed issue text; the amount/item pairing is retained pending page-image comparison.,MEDIUM-HIGH,https://previouspage.co.uk/magazines/BMX%20Action%20Bike/issues/87-december%20%2F%20january-eighty-three,INDEX-ONLY,suntour beartrap pedals december 1983 january 1984 16 95 gbp https previouspage co uk magazines bmx 20action 20bike issues 87 december 20 2f 20january eighty three,RETAIN — source-specific observation,Source-specific period amount. Page-image comparison remains pending; no inflation adjustment or averaging is applied.,2026-08-01,BMX Action Bike,BMX Action Bike,previouspage.co.uk,Publication accessed through PreviousPage
ABMX-PR-0354,V20-ABMX-0056,,,Race Inc,"RA-10 frame, ball-burnished",Frame,December 1983 / January 1984,,159.5,GBP,£159.50,Advertised period price,United Kingdom,Period publication,Indexed issue text; the amount/item pairing is retained pending page-image comparison.,MEDIUM-HIGH,https://previouspage.co.uk/magazines/BMX%20Action%20Bike/issues/87-december%20%2F%20january-eighty-three,INDEX-ONLY,race inc ra 10 frame ball burnished december 1983 january 1984 159 5 gbp https previouspage co uk magazines bmx 20action 20bike issues 87 december 20 2f 20january eighty three,RETAIN — source-specific observation,Source-specific period amount. Page-image comparison remains pending; no inflation adjustment or averaging is applied.,2026-08-01,BMX Action Bike,BMX Action Bike,previouspage.co.uk,Publication accessed through PreviousPage
ABMX-PR-0355,V20-ABMX-0056,,,Race Inc,"RA-10 frame, black or white",Frame,December 1983 / January 1984,,149,GBP,£149.00,Advertised period price,United Kingdom,Period publication,Indexed issue text; the amount/item pairing is retained pending page-image comparison.,MEDIUM-HIGH,https://previouspage.co.uk/magazines/BMX%20Action%20Bike/issues/87-december%20%2F%20january-eighty-three,INDEX-ONLY,race inc ra 10 frame black or white december 1983 january 1984 149 0 gbp https previouspage co uk magazines bmx 20action 20bike issues 87 december 20 2f 20january eighty three,RETAIN — source-specific observation,Source-specific period amount. Page-image comparison remains pending; no inflation adjustment or averaging is applied.,2026-08-01,BMX Action Bike,BMX Action Bike,previouspage.co.uk,Publication accessed through PreviousPage
ABMX-PR-0356,V20-ABMX-0056,,,Kuwahara,KY 2.5 complete bike,Complete bike,December 1983 / January 1984,,259,GBP,£259.00,Advertised period price,United Kingdom,Period publication,Indexed issue text; the amount/item pairing is retained pending page-image comparison.,MEDIUM-HIGH,https://previouspage.co.uk/magazines/BMX%20Action%20Bike/issues/87-december%20%2F%20january-eighty-three,INDEX-ONLY,kuwahara ky 2 5 complete bike december 1983 january 1984 259 0 gbp https previouspage co uk magazines bmx 20action 20bike issues 87 december 20 2f 20january eighty three,RETAIN — source-specific observation,Source-specific period amount. Page-image comparison remains pending; no inflation adjustment or averaging is applied.,2026-08-01,BMX Action Bike,BMX Action Bike,previouspage.co.uk,Publication accessed through PreviousPage
ABMX-PR-0357,V20-ABMX-0060,,,Aero,Airflow number plate,Number plate,December 1983 / January 1984,,8.5,GBP,£8.50,Advertised period price,United Kingdom,Period publication,Indexed issue text; the amount/item pairing is retained pending page-image comparison.,MEDIUM-HIGH,https://previouspage.co.uk/magazines/BMX%20Action%20Bike/issues/87-december%20%2F%20january-eighty-three,INDEX-ONLY,aero airflow number plate december 1983 january 1984 8 5 gbp https previouspage co uk magazines bmx 20action 20bike issues 87 december 20 2f 20january eighty three,RETAIN — source-specific observation,Source-specific period amount. Page-image comparison remains pending; no inflation adjustment or averaging is applied.,2026-08-01,BMX Action Bike,BMX Action Bike,previouspage.co.uk,Publication accessed through PreviousPage
ABMX-PR-0358,V20-ABMX-0060,,,Aero,Race pants up to 30 inches,Racewear,December 1983 / January 1984,,25.75,GBP,£25.75,Advertised period price,United Kingdom,Period publication,Indexed issue text; the amount/item pairing is retained pending page-image comparison.,MEDIUM-HIGH,https://previouspage.co.uk/magazines/BMX%20Action%20Bike/issues/87-december%20%2F%20january-eighty-three,INDEX-ONLY,aero race pants up to 30 inches december 1983 january 1984 25 75 gbp https previouspage co uk magazines bmx 20action 20bike issues 87 december 20 2f 20january eighty three,RETAIN — source-specific observation,Source-specific period amount. Page-image comparison remains pending; no inflation adjustment or averaging is applied.,2026-08-01,BMX Action Bike,BMX Action Bike,previouspage.co.uk,Publication accessed through PreviousPage
ABMX-PR-0359,V20-ABMX-0060,,,Aero,Race pants over 30 inches,Racewear,December 1983 / January 1984,,29.75,GBP,£29.75,Advertised period price,United Kingdom,Period publication,Indexed issue text; the amount/item pairing is retained pending page-image comparison.,MEDIUM-HIGH,https://previouspage.co.uk/magazines/BMX%20Action%20Bike/issues/87-december%20%2F%20january-eighty-three,INDEX-ONLY,aero race pants over 30 inches december 1983 january 1984 29 75 gbp https previouspage co uk magazines bmx 20action 20bike issues 87 december 20 2f 20january eighty three,RETAIN — source-specific observation,Source-specific period amount. Page-image comparison remains pending; no inflation adjustment or averaging is applied.,2026-08-01,BMX Action Bike,BMX Action Bike,previouspage.co.uk,Publication accessed through PreviousPage
ABMX-PR-0360,V20-ABMX-0060,,,Aero,Brake guard,Protective equipment,December 1983 / January 1984,,4.75,GBP,£4.75,Advertised period price,United Kingdom,Period publication,Indexed issue text; the amount/item pairing is retained pending page-image comparison.,MEDIUM-HIGH,https://previouspage.co.uk/magazines/BMX%20Action%20Bike/issues/87-december%20%2F%20january-eighty-three,INDEX-ONLY,aero brake guard december 1983 january 1984 4 75 gbp https previouspage co uk magazines bmx 20action 20bike issues 87 december 20 2f 20january eighty three,RETAIN — source-specific observation,Source-specific period amount. Page-image comparison remains pending; no inflation adjustment or averaging is applied.,2026-08-01,BMX Action Bike,BMX Action Bike,previouspage.co.uk,Publication accessed through PreviousPage
ABMX-PR-0361,V20-ABMX-0060,,,Aero,Pro-Vent race jersey up to 30 inches,Racewear,December 1983 / January 1984,,9.75,GBP,£9.75,Advertised period price,United Kingdom,Period publication,Indexed issue text; the amount/item pairing is retained pending page-image comparison.,MEDIUM-HIGH,https://previouspage.co.uk/magazines/BMX%20Action%20Bike/issues/87-december%20%2F%20january-eighty-three,INDEX-ONLY,aero pro vent race jersey up to 30 inches december 1983 january 1984 9 75 gbp https previouspage co uk magazines bmx 20action 20bike issues 87 december 20 2f 20january eighty three,RETAIN — source-specific observation,Source-specific period amount. Page-image comparison remains pending; no inflation adjustment or averaging is applied.,2026-08-01,BMX Action Bike,BMX Action Bike,previouspage.co.uk,Publication accessed through PreviousPage
ABMX-PR-0362,V20-ABMX-0060,,,Aero,Pro-Vent race jersey sizes 38 and 40,Racewear,December 1983 / January 1984,,11.25,GBP,£11.25,Advertised period price,United Kingdom,Period publication,Indexed issue text; the amount/item pairing is retained pending page-image comparison.,MEDIUM-HIGH,https://previouspage.co.uk/magazines/BMX%20Action%20Bike/issues/87-december%20%2F%20january-eighty-three,INDEX-ONLY,aero pro vent race jersey sizes 38 and 40 december 1983 january 1984 11 25 gbp https previouspage co uk magazines bmx 20action 20bike issues 87 december 20 2f 20january eighty three,RETAIN — source-specific observation,Source-specific period amount. Page-image comparison remains pending; no inflation adjustment or averaging is applied.,2026-08-01,BMX Action Bike,BMX Action Bike,previouspage.co.uk,Publication accessed through PreviousPage
ABMX-PR-0363,V20-ABMX-0061,,,BMX Action Bike,BMX Action Bike Book,Book,December 1983 / January 1984,,2.99,GBP,£2.99,Advertised period price,United Kingdom,Period publication,Indexed issue text; the amount/item pairing is retained pending page-image comparison.,MEDIUM-HIGH,https://previouspage.co.uk/magazines/BMX%20Action%20Bike/issues/87-december%20%2F%20january-eighty-three,INDEX-ONLY,bmx action bike bmx action bike book december 1983 january 1984 2 99 gbp https previouspage co uk magazines bmx 20action 20bike issues 87 december 20 2f 20january eighty three,RETAIN — source-specific observation,Source-specific period amount. Page-image comparison remains pending; no inflation adjustment or averaging is applied.,2026-08-01,BMX Action Bike,BMX Action Bike,previouspage.co.uk,Publication accessed through PreviousPage
ABMX-PR-0364,V20-ABMX-0061,,,Hamlyn,BMX by Dave Spurdens,Book,December 1983 / January 1984,,3.99,GBP,£3.99,Advertised period price,United Kingdom,Period publication,Indexed issue text; the amount/item pairing is retained pending page-image comparison.,MEDIUM-HIGH,https://previouspage.co.uk/magazines/BMX%20Action%20Bike/issues/87-december%20%2F%20january-eighty-three,INDEX-ONLY,hamlyn bmx by dave spurdens december 1983 january 1984 3 99 gbp https previouspage co uk magazines bmx 20action 20bike issues 87 december 20 2f 20january eighty three,RETAIN — source-specific observation,Source-specific period amount. Page-image comparison remains pending; no inflation adjustment or averaging is applied.,2026-08-01,BMX Action Bike,BMX Action Bike,previouspage.co.uk,Publication accessed through PreviousPage
ABMX-PR-0365,V20-ABMX-0061,,,Reflex Publications,"Riders Ready, Pedals Ready, Go",Book,December 1983 / January 1984,,5.95,GBP,£5.95,Advertised period price,United Kingdom,Period publication,Indexed issue text; the amount/item pairing is retained pending page-image comparison.,MEDIUM-HIGH,https://previouspage.co.uk/magazines/BMX%20Action%20Bike/issues/87-december%20%2F%20january-eighty-three,INDEX-ONLY,reflex publications riders ready pedals ready go december 1983 january 1984 5 95 gbp https previouspage co uk magazines bmx 20action 20bike issues 87 december 20 2f 20january eighty three,RETAIN — source-specific observation,Source-specific period amount. Page-image comparison remains pending; no inflation adjustment or averaging is applied.,2026-08-01,BMX Action Bike,BMX Action Bike,previouspage.co.uk,Publication accessed through PreviousPage
ABMX-PR-0366,V20-ABMX-0061,,,Haynes,Ride It! BMX,Book,December 1983 / January 1984,,4.95,GBP,£4.95,Advertised period price,United Kingdom,Period publication,Indexed issue text; the amount/item pairing is retained pending page-image comparison.,MEDIUM-HIGH,https://previouspage.co.uk/magazines/BMX%20Action%20Bike/issues/87-december%20%2F%20january-eighty-three,INDEX-ONLY,haynes ride it bmx december 1983 january 1984 4 95 gbp https previouspage co uk magazines bmx 20action 20bike issues 87 december 20 2f 20january eighty three,RETAIN — source-specific observation,Source-specific period amount. Page-image comparison remains pending; no inflation adjustment or averaging is applied.,2026-08-01,BMX Action Bike,BMX Action Bike,previouspage.co.uk,Publication accessed through PreviousPage
ABMX-PR-0367,V20-ABMX-0066,,,DP Racing,Firebird frame and fork set,Frame and fork set,December 1983 / January 1984,,69.95,GBP,£69.95,Advertised period price,United Kingdom,Period publication,Indexed issue text; the amount/item pairing is retained pending page-image comparison.,MEDIUM-HIGH,https://previouspage.co.uk/magazines/BMX%20Action%20Bike/issues/87-december%20%2F%20january-eighty-three,INDEX-ONLY,dp racing firebird frame and fork set december 1983 january 1984 69 95 gbp https previouspage co uk magazines bmx 20action 20bike issues 87 december 20 2f 20january eighty three,RETAIN — source-specific observation,Source-specific period amount. Page-image comparison remains pending; no inflation adjustment or averaging is applied.,2026-08-01,BMX Action Bike,BMX Action Bike,previouspage.co.uk,Publication accessed through PreviousPage
ABMX-PR-0368,V20-ABMX-0066,,,DP Racing,Firebird Delta II frame and fork set,Frame and fork set,December 1983 / January 1984,,89.95,GBP,£89.95,Advertised period price,United Kingdom,Period publication,Indexed issue text; the amount/item pairing is retained pending page-image comparison.,MEDIUM-HIGH,https://previouspage.co.uk/magazines/BMX%20Action%20Bike/issues/87-december%20%2F%20january-eighty-three,INDEX-ONLY,dp racing firebird delta ii frame and fork set december 1983 january 1984 89 95 gbp https previouspage co uk magazines bmx 20action 20bike issues 87 december 20 2f 20january eighty three,RETAIN — source-specific observation,Source-specific period amount. Page-image comparison remains pending; no inflation adjustment or averaging is applied.,2026-08-01,BMX Action Bike,BMX Action Bike,previouspage.co.uk,Publication accessed through PreviousPage
ABMX-PR-0369,V20-ABMX-0066,,,DP Racing,Cruiser frame and fork set,Frame and fork set,December 1983 / January 1984,,89.95,GBP,£89.95,Advertised period price,United Kingdom,Period publication,Indexed issue text; the amount/item pairing is retained pending page-image comparison.,MEDIUM-HIGH,https://previouspage.co.uk/magazines/BMX%20Action%20Bike/issues/87-december%20%2F%20january-eighty-three,INDEX-ONLY,dp racing cruiser frame and fork set december 1983 january 1984 89 95 gbp https previouspage co uk magazines bmx 20action 20bike issues 87 december 20 2f 20january eighty three,RETAIN — source-specific observation,Source-specific period amount. Page-image comparison remains pending; no inflation adjustment or averaging is applied.,2026-08-01,BMX Action Bike,BMX Action Bike,previouspage.co.uk,Publication accessed through PreviousPage
ABMX-PR-0370,V20-ABMX-0066,,,DP Racing,Mini frame and fork set,Frame and fork set,December 1983 / January 1984,,69.95,GBP,£69.95,Advertised period price,United Kingdom,Period publication,Indexed issue text; the amount/item pairing is retained pending page-image comparison.,MEDIUM-HIGH,https://previouspage.co.uk/magazines/BMX%20Action%20Bike/issues/87-december%20%2F%20january-eighty-three,INDEX-ONLY,dp racing mini frame and fork set december 1983 january 1984 69 95 gbp https previouspage co uk magazines bmx 20action 20bike issues 87 december 20 2f 20january eighty three,RETAIN — source-specific observation,Source-specific period amount. Page-image comparison remains pending; no inflation adjustment or averaging is applied.,2026-08-01,BMX Action Bike,BMX Action Bike,previouspage.co.uk,Publication accessed through PreviousPage
ABMX-PR-0371,V20-ABMX-0071,,,Diamond Back,Viper complete bike,Complete bike,December 1983 / January 1984,,145,GBP,£145.00,Advertised period price,United Kingdom,Period publication,Indexed issue text; the amount/item pairing is retained pending page-image comparison.,MEDIUM-HIGH,https://previouspage.co.uk/magazines/BMX%20Action%20Bike/issues/87-december%20%2F%20january-eighty-three,INDEX-ONLY,diamond back viper complete bike december 1983 january 1984 145 0 gbp https previouspage co uk magazines bmx 20action 20bike issues 87 december 20 2f 20january eighty three,RETAIN — source-specific observation,Source-specific period amount. Page-image comparison remains pending; no inflation adjustment or averaging is applied.,2026-08-01,BMX Action Bike,BMX Action Bike,previouspage.co.uk,Publication accessed through PreviousPage
ABMX-PR-0372,V20-ABMX-0071,,,SE Racing,PK Ripper complete bike,Complete bike,December 1983 / January 1984,,249,GBP,£249.00,Advertised period price,United Kingdom,Period publication,Indexed issue text; the amount/item pairing is retained pending page-image comparison.,MEDIUM-HIGH,https://previouspage.co.uk/magazines/BMX%20Action%20Bike/issues/87-december%20%2F%20january-eighty-three,INDEX-ONLY,se racing pk ripper complete bike december 1983 january 1984 249 0 gbp https previouspage co uk magazines bmx 20action 20bike issues 87 december 20 2f 20january eighty three,RETAIN — source-specific observation,Source-specific period amount. Page-image comparison remains pending; no inflation adjustment or averaging is applied.,2026-08-01,BMX Action Bike,BMX Action Bike,previouspage.co.uk,Publication accessed through PreviousPage
ABMX-PR-0373,V20-ABMX-0071,,,Skyway,T/A complete bike,Complete bike,December 1983 / January 1984,,249,GBP,£249.00,Advertised period price,United Kingdom,Period publication,Indexed issue text; the amount/item pairing is retained pending page-image comparison.,MEDIUM-HIGH,https://previouspage.co.uk/magazines/BMX%20Action%20Bike/issues/87-december%20%2F%20january-eighty-three,INDEX-ONLY,skyway t a complete bike december 1983 january 1984 249 0 gbp https previouspage co uk magazines bmx 20action 20bike issues 87 december 20 2f 20january eighty three,RETAIN — source-specific observation,Source-specific period amount. Page-image comparison remains pending; no inflation adjustment or averaging is applied.,2026-08-01,BMX Action Bike,BMX Action Bike,previouspage.co.uk,Publication accessed through PreviousPage
ABMX-PR-0374,V20-ABMX-0071,,,Kuwahara,Nova complete bike,Complete bike,December 1983 / January 1984,,189,GBP,£189.00,Advertised period price,United Kingdom,Period publication,Indexed issue text; the amount/item pairing is retained pending page-image comparison.,MEDIUM-HIGH,https://previouspage.co.uk/magazines/BMX%20Action%20Bike/issues/87-december%20%2F%20january-eighty-three,INDEX-ONLY,kuwahara nova complete bike december 1983 january 1984 189 0 gbp https previouspage co uk magazines bmx 20action 20bike issues 87 december 20 2f 20january eighty three,RETAIN — source-specific observation,Source-specific period amount. Page-image comparison remains pending; no inflation adjustment or averaging is applied.,2026-08-01,BMX Action Bike,BMX Action Bike,previouspage.co.uk,Publication accessed through PreviousPage
ABMX-PR-0375,V20-ABMX-0071,,,Hutch,Frame and fork set,Frame and fork set,December 1983 / January 1984,,138,GBP,£138.00,Advertised period price,United Kingdom,Period publication,Indexed issue text; the amount/item pairing is retained pending page-image comparison.,MEDIUM-HIGH,https://previouspage.co.uk/magazines/BMX%20Action%20Bike/issues/87-december%20%2F%20january-eighty-three,INDEX-ONLY,hutch frame and fork set december 1983 january 1984 138 0 gbp https previouspage co uk magazines bmx 20action 20bike issues 87 december 20 2f 20january eighty three,RETAIN — source-specific observation,Source-specific period amount. Page-image comparison remains pending; no inflation adjustment or averaging is applied.,2026-08-01,BMX Action Bike,BMX Action Bike,previouspage.co.uk,Publication accessed through PreviousPage
ABMX-PR-0376,V20-ABMX-0071,,,Skyway,T/A frame and fork set,Frame and fork set,December 1983 / January 1984,,155,GBP,£155.00,Advertised period price,United Kingdom,Period publication,Indexed issue text; the amount/item pairing is retained pending page-image comparison.,MEDIUM-HIGH,https://previouspage.co.uk/magazines/BMX%20Action%20Bike/issues/87-december%20%2F%20january-eighty-three,INDEX-ONLY,skyway t a frame and fork set december 1983 january 1984 155 0 gbp https previouspage co uk magazines bmx 20action 20bike issues 87 december 20 2f 20january eighty three,RETAIN — source-specific observation,Source-specific period amount. Page-image comparison remains pending; no inflation adjustment or averaging is applied.,2026-08-01,BMX Action Bike,BMX Action Bike,previouspage.co.uk,Publication accessed through PreviousPage
ABMX-PR-0377,V20-ABMX-0072,,,Puch,Track Invader complete bike,Complete bike,December 1983 / January 1984,,180,GBP,£180,Advertised period price,United Kingdom,Period publication,Indexed issue text; the amount/item pairing is retained pending page-image comparison.,MEDIUM-HIGH,https://previouspage.co.uk/magazines/BMX%20Action%20Bike/issues/87-december%20%2F%20january-eighty-three,INDEX-ONLY,puch track invader complete bike december 1983 january 1984 180 0 gbp https previouspage co uk magazines bmx 20action 20bike issues 87 december 20 2f 20january eighty three,RETAIN — source-specific observation,Source-specific period amount. Page-image comparison remains pending; no inflation adjustment or averaging is applied.,2026-08-01,BMX Action Bike,BMX Action Bike,previouspage.co.uk,Publication accessed through PreviousPage
ABMX-PR-0378,V20-ABMX-0073,,,Strongs BMX,Neck Saver alloy stem shim,Stem accessory,December 1983 / January 1984,,3.89,GBP,£3.89 post free,Advertised period price,United Kingdom,Period publication,Indexed issue text; the amount/item pairing is retained pending page-image comparison.,MEDIUM-HIGH,https://previouspage.co.uk/magazines/BMX%20Action%20Bike/issues/87-december%20%2F%20january-eighty-three,INDEX-ONLY,strongs bmx neck saver alloy stem shim december 1983 january 1984 3 89 gbp https previouspage co uk magazines bmx 20action 20bike issues 87 december 20 2f 20january eighty three,RETAIN — source-specific observation,Source-specific period amount. Page-image comparison remains pending; no inflation adjustment or averaging is applied.,2026-08-01,BMX Action Bike,BMX Action Bike,previouspage.co.uk,Publication accessed through PreviousPage
ABMX-PR-0379,V20-ABMX-0084,,,Condor,Condor 1 complete bike,Complete bike,December 1983 / January 1984,,74.95,GBP,£74.95,Advertised period price,United Kingdom,Period publication,Indexed issue text; the amount/item pairing is retained pending page-image comparison.,MEDIUM-HIGH,https://previouspage.co.uk/magazines/BMX%20Action%20Bike/issues/87-december%20%2F%20january-eighty-three,INDEX-ONLY,condor condor 1 complete bike december 1983 january 1984 74 95 gbp https previouspage co uk magazines bmx 20action 20bike issues 87 december 20 2f 20january eighty three,RETAIN — source-specific observation,Source-specific period amount. Page-image comparison remains pending; no inflation adjustment or averaging is applied.,2026-08-01,BMX Action Bike,BMX Action Bike,previouspage.co.uk,Publication accessed through PreviousPage
ABMX-PR-0380,V20-ABMX-0084,,,Condor,Condor 3 complete bike,Complete bike,December 1983 / January 1984,,79.95,GBP,£79.95,Advertised period price,United Kingdom,Period publication,Indexed issue text; the amount/item pairing is retained pending page-image comparison.,MEDIUM-HIGH,https://previouspage.co.uk/magazines/BMX%20Action%20Bike/issues/87-december%20%2F%20january-eighty-three,INDEX-ONLY,condor condor 3 complete bike december 1983 january 1984 79 95 gbp https previouspage co uk magazines bmx 20action 20bike issues 87 december 20 2f 20january eighty three,RETAIN — source-specific observation,Source-specific period amount. Page-image comparison remains pending; no inflation adjustment or averaging is applied.,2026-08-01,BMX Action Bike,BMX Action Bike,previouspage.co.uk,Publication accessed through PreviousPage
ABMX-PR-0381,V20-ABMX-0084,,,Condor,Condor 5 complete bike,Complete bike,December 1983 / January 1984,,89.95,GBP,£89.95,Advertised period price,United Kingdom,Period publication,Indexed issue text; the amount/item pairing is retained pending page-image comparison.,MEDIUM-HIGH,https://previouspage.co.uk/magazines/BMX%20Action%20Bike/issues/87-december%20%2F%20january-eighty-three,INDEX-ONLY,condor condor 5 complete bike december 1983 january 1984 89 95 gbp https previouspage co uk magazines bmx 20action 20bike issues 87 december 20 2f 20january eighty three,RETAIN — source-specific observation,Source-specific period amount. Page-image comparison remains pending; no inflation adjustment or averaging is applied.,2026-08-01,BMX Action Bike,BMX Action Bike,previouspage.co.uk,Publication accessed through PreviousPage
ABMX-PR-0382,V20-ABMX-0084,,,Condor,16-inch complete bike,Complete bike,December 1983 / January 1984,,58,GBP,£58.00,Advertised period price,United Kingdom,Period publication,Indexed issue text; the amount/item pairing is retained pending page-image comparison.,MEDIUM-HIGH,https://previouspage.co.uk/magazines/BMX%20Action%20Bike/issues/87-december%20%2F%20january-eighty-three,INDEX-ONLY,condor 16 inch complete bike december 1983 january 1984 58 0 gbp https previouspage co uk magazines bmx 20action 20bike issues 87 december 20 2f 20january eighty three,RETAIN — source-specific observation,Source-specific period amount. Page-image comparison remains pending; no inflation adjustment or averaging is applied.,2026-08-01,BMX Action Bike,BMX Action Bike,previouspage.co.uk,Publication accessed through PreviousPage
ABMX-PR-0383,V20-ABMX-0089,,,Skyway,Tuff II wheel pair,Wheelset,December 1983 / January 1984,,59.95,GBP,£59.95,Advertised period price,United Kingdom,Period publication,Indexed issue text; the amount/item pairing is retained pending page-image comparison.,MEDIUM-HIGH,https://previouspage.co.uk/magazines/BMX%20Action%20Bike/issues/87-december%20%2F%20january-eighty-three,INDEX-ONLY,skyway tuff ii wheel pair december 1983 january 1984 59 95 gbp https previouspage co uk magazines bmx 20action 20bike issues 87 december 20 2f 20january eighty three,RETAIN — source-specific observation,Source-specific period amount. Page-image comparison remains pending; no inflation adjustment or averaging is applied.,2026-08-01,BMX Action Bike,BMX Action Bike,previouspage.co.uk,Publication accessed through PreviousPage
ABMX-PR-0384,V20-ABMX-0089,,,Skyway,16-inch Mini Tuff wheel pair,Wheelset,December 1983 / January 1984,,42,GBP,£42.00,Advertised period price,United Kingdom,Period publication,Indexed issue text; the amount/item pairing is retained pending page-image comparison.,MEDIUM-HIGH,https://previouspage.co.uk/magazines/BMX%20Action%20Bike/issues/87-december%20%2F%20january-eighty-three,INDEX-ONLY,skyway 16 inch mini tuff wheel pair december 1983 january 1984 42 0 gbp https previouspage co uk magazines bmx 20action 20bike issues 87 december 20 2f 20january eighty three,RETAIN — source-specific observation,Source-specific period amount. Page-image comparison remains pending; no inflation adjustment or averaging is applied.,2026-08-01,BMX Action Bike,BMX Action Bike,previouspage.co.uk,Publication accessed through PreviousPage
ABMX-PR-0385,V20-ABMX-0089,,,Shimano,SX freewheel,Freewheel,December 1983 / January 1984,,3.4,GBP,£3.40,Advertised period price,United Kingdom,Period publication,Indexed issue text; the amount/item pairing is retained pending page-image comparison.,MEDIUM-HIGH,https://previouspage.co.uk/magazines/BMX%20Action%20Bike/issues/87-december%20%2F%20january-eighty-three,INDEX-ONLY,shimano sx freewheel december 1983 january 1984 3 4 gbp https previouspage co uk magazines bmx 20action 20bike issues 87 december 20 2f 20january eighty three,RETAIN — source-specific observation,Source-specific period amount. Page-image comparison remains pending; no inflation adjustment or averaging is applied.,2026-08-01,BMX Action Bike,BMX Action Bike,previouspage.co.uk,Publication accessed through PreviousPage
ABMX-PR-0386,V20-ABMX-0089,,,Skyway,Tuff brake pads,Brake pads,December 1983 / January 1984,,4.31,GBP,£4.31,Advertised period price,United Kingdom,Period publication,Indexed issue text; the amount/item pairing is retained pending page-image comparison.,MEDIUM-HIGH,https://previouspage.co.uk/magazines/BMX%20Action%20Bike/issues/87-december%20%2F%20january-eighty-three,INDEX-ONLY,skyway tuff brake pads december 1983 january 1984 4 31 gbp https previouspage co uk magazines bmx 20action 20bike issues 87 december 20 2f 20january eighty three,RETAIN — source-specific observation,Source-specific period amount. Page-image comparison remains pending; no inflation adjustment or averaging is applied.,2026-08-01,BMX Action Bike,BMX Action Bike,previouspage.co.uk,Publication accessed through PreviousPage
ABMX-PR-0387,V20-ABMX-0092,,,JMC,Mini frame and fork set,Frame and fork set,December 1983 / January 1984,,145,GBP,£145,Advertised period price,United Kingdom,Period publication,Indexed issue text; the amount/item pairing is retained pending page-image comparison.,MEDIUM-HIGH,https://previouspage.co.uk/magazines/BMX%20Action%20Bike/issues/87-december%20%2F%20january-eighty-three,INDEX-ONLY,jmc mini frame and fork set december 1983 january 1984 145 0 gbp https previouspage co uk magazines bmx 20action 20bike issues 87 december 20 2f 20january eighty three,RETAIN — source-specific observation,Source-specific period amount. Page-image comparison remains pending; no inflation adjustment or averaging is applied.,2026-08-01,BMX Action Bike,BMX Action Bike,previouspage.co.uk,Publication accessed through PreviousPage
ABMX-PR-0388,V20-ABMX-0092,,,JMC,Straight flite pad set,Safety pads,December 1983 / January 1984,,8.95,GBP,£8.95 per set,Advertised period price,United Kingdom,Period publication,Indexed issue text; the amount/item pairing is retained pending page-image comparison.,MEDIUM-HIGH,https://previouspage.co.uk/magazines/BMX%20Action%20Bike/issues/87-december%20%2F%20january-eighty-three,INDEX-ONLY,jmc straight flite pad set december 1983 january 1984 8 95 gbp https previouspage co uk magazines bmx 20action 20bike issues 87 december 20 2f 20january eighty three,RETAIN — source-specific observation,Source-specific period amount. Page-image comparison remains pending; no inflation adjustment or averaging is applied.,2026-08-01,BMX Action Bike,BMX Action Bike,previouspage.co.uk,Publication accessed through PreviousPage
ABMX-PR-0389,V20-ABMX-0092,,,JMC,V-bar flite pad set,Safety pads,December 1983 / January 1984,,9.15,GBP,£9.15 per set,Advertised period price,United Kingdom,Period publication,Indexed issue text; the amount/item pairing is retained pending page-image comparison.,MEDIUM-HIGH,https://previouspage.co.uk/magazines/BMX%20Action%20Bike/issues/87-december%20%2F%20january-eighty-three,INDEX-ONLY,jmc v bar flite pad set december 1983 january 1984 9 15 gbp https previouspage co uk magazines bmx 20action 20bike issues 87 december 20 2f 20january eighty three,RETAIN — source-specific observation,Source-specific period amount. Page-image comparison remains pending; no inflation adjustment or averaging is applied.,2026-08-01,BMX Action Bike,BMX Action Bike,previouspage.co.uk,Publication accessed through PreviousPage
ABMX-PR-0390,V20-ABMX-0092,,,JMC,Anodised lever sleeve,Brake accessory,December 1983 / January 1984,,1.5,GBP,£1.50,Advertised period price,United Kingdom,Period publication,Indexed issue text; the amount/item pairing is retained pending page-image comparison.,MEDIUM-HIGH,https://previouspage.co.uk/magazines/BMX%20Action%20Bike/issues/87-december%20%2F%20january-eighty-three,INDEX-ONLY,jmc anodised lever sleeve december 1983 january 1984 1 5 gbp https previouspage co uk magazines bmx 20action 20bike issues 87 december 20 2f 20january eighty three,RETAIN — source-specific observation,Source-specific period amount. Page-image comparison remains pending; no inflation adjustment or averaging is applied.,2026-08-01,BMX Action Bike,BMX Action Bike,previouspage.co.uk,Publication accessed through PreviousPage
ABMX-PR-0391,V20-ABMX-0099,,,NBMXA,British BMX rulebook,Rulebook,December 1983 / January 1984,,1,GBP,£1 inc. p&p,Advertised period price,United Kingdom,Period publication,Indexed issue text; the amount/item pairing is retained pending page-image comparison.,MEDIUM-HIGH,https://previouspage.co.uk/magazines/BMX%20Action%20Bike/issues/87-december%20%2F%20january-eighty-three,INDEX-ONLY,nbmxa british bmx rulebook december 1983 january 1984 1 0 gbp https previouspage co uk magazines bmx 20action 20bike issues 87 december 20 2f 20january eighty three,RETAIN — source-specific observation,Source-specific period amount. Page-image comparison remains pending; no inflation adjustment or averaging is applied.,2026-08-01,BMX Action Bike,BMX Action Bike,previouspage.co.uk,Publication accessed through PreviousPage
ABMX-PR-0392,V20-ABMX-0098,,,Haro,Race jersey,Racewear,December 1983 / January 1984,,13.95,GBP,£13.95,Advertised period price,United Kingdom,Period publication,Indexed issue text; the amount/item pairing is retained pending page-image comparison.,MEDIUM-HIGH,https://previouspage.co.uk/magazines/BMX%20Action%20Bike/issues/87-december%20%2F%20january-eighty-three,INDEX-ONLY,haro race jersey december 1983 january 1984 13 95 gbp https previouspage co uk magazines bmx 20action 20bike issues 87 december 20 2f 20january eighty three,RETAIN — source-specific observation,Source-specific period amount. Page-image comparison remains pending; no inflation adjustment or averaging is applied.,2026-08-01,BMX Action Bike,BMX Action Bike,previouspage.co.uk,Publication accessed through PreviousPage
ABMX-PR-0393,V20-ABMX-0107,,,Oakley,Half-mask grip,Grips,February 1984,,3.88,GBP,£3.88,Advertised period price,United Kingdom,Period publication,Indexed issue text; the amount/item pairing is retained pending page-image comparison.,MEDIUM-HIGH,https://previouspage.co.uk/magazines/BMX%20Action%20Bike/issues/194-february-nineteen-eighty-four,INDEX-ONLY,v20 abmx 0107 oakley half mask grip february 1984 3 88 gbp https previouspage co uk magazines bmx 20action 20bike issues 194 february nineteen eighty four,RETAIN — source-specific observation,Source-specific period amount. Page-image comparison remains pending; no inflation adjustment or averaging is applied.,2026-08-02,BMX Action Bike,BMX Action Bike,previouspage.co.uk,Publication accessed through PreviousPage
ABMX-PR-0394,V20-ABMX-0107,,,Oakley,Model 5 grip,Grips,February 1984,,3.36,GBP,£3.36,Advertised period price,United Kingdom,Period publication,Indexed issue text; the amount/item pairing is retained pending page-image comparison.,MEDIUM-HIGH,https://previouspage.co.uk/magazines/BMX%20Action%20Bike/issues/194-february-nineteen-eighty-four,INDEX-ONLY,v20 abmx 0107 oakley model 5 grip february 1984 3 36 gbp https previouspage co uk magazines bmx 20action 20bike issues 194 february nineteen eighty four,RETAIN — source-specific observation,Source-specific period amount. Page-image comparison remains pending; no inflation adjustment or averaging is applied.,2026-08-02,BMX Action Bike,BMX Action Bike,previouspage.co.uk,Publication accessed through PreviousPage
ABMX-PR-0395,V20-ABMX-0107,,,Penguin,Goggles,Goggles,February 1984,,5.95,GBP,£5.95,Advertised period price,United Kingdom,Period publication,Indexed issue text; the amount/item pairing is retained pending page-image comparison.,MEDIUM-HIGH,https://previouspage.co.uk/magazines/BMX%20Action%20Bike/issues/194-february-nineteen-eighty-four,INDEX-ONLY,v20 abmx 0107 penguin goggles february 1984 5 95 gbp https previouspage co uk magazines bmx 20action 20bike issues 194 february nineteen eighty four,RETAIN — source-specific observation,Source-specific period amount. Page-image comparison remains pending; no inflation adjustment or averaging is applied.,2026-08-02,BMX Action Bike,BMX Action Bike,previouspage.co.uk,Publication accessed through PreviousPage
ABMX-PR-0396,V20-ABMX-0107,,,A’me,Tri round grips,Grips,February 1984,,3.38,GBP,£3.38,Advertised period price,United Kingdom,Period publication,Indexed issue text; the amount/item pairing is retained pending page-image comparison.,MEDIUM-HIGH,https://previouspage.co.uk/magazines/BMX%20Action%20Bike/issues/194-february-nineteen-eighty-four,INDEX-ONLY,v20 abmx 0107 a me tri round grips february 1984 3 38 gbp https previouspage co uk magazines bmx 20action 20bike issues 194 february nineteen eighty four,RETAIN — source-specific observation,Source-specific period amount. Page-image comparison remains pending; no inflation adjustment or averaging is applied.,2026-08-02,BMX Action Bike,BMX Action Bike,previouspage.co.uk,Publication accessed through PreviousPage
ABMX-PR-0397,V20-ABMX-0107,,,A’me,Dual grips,Grips,February 1984,,3.75,GBP,£3.75,Advertised period price,United Kingdom,Period publication,Indexed issue text; the amount/item pairing is retained pending page-image comparison.,MEDIUM-HIGH,https://previouspage.co.uk/magazines/BMX%20Action%20Bike/issues/194-february-nineteen-eighty-four,INDEX-ONLY,v20 abmx 0107 a me dual grips february 1984 3 75 gbp https previouspage co uk magazines bmx 20action 20bike issues 194 february nineteen eighty four,RETAIN — source-specific observation,Source-specific period amount. Page-image comparison remains pending; no inflation adjustment or averaging is applied.,2026-08-02,BMX Action Bike,BMX Action Bike,previouspage.co.uk,Publication accessed through PreviousPage
ABMX-PR-0398,V20-ABMX-0107,,,Mushroom ODI,Grips,Grips,February 1984,,4.47,GBP,£4.47,Advertised period price,United Kingdom,Period publication,Indexed issue text; the amount/item pairing is retained pending page-image comparison.,MEDIUM-HIGH,https://previouspage.co.uk/magazines/BMX%20Action%20Bike/issues/194-february-nineteen-eighty-four,INDEX-ONLY,v20 abmx 0107 mushroom odi grips february 1984 4 47 gbp https previouspage co uk magazines bmx 20action 20bike issues 194 february nineteen eighty four,RETAIN — source-specific observation,Source-specific period amount. Page-image comparison remains pending; no inflation adjustment or averaging is applied.,2026-08-02,BMX Action Bike,BMX Action Bike,previouspage.co.uk,Publication accessed through PreviousPage
ABMX-PR-0399,V20-ABMX-0107,,,Mushroom ODI,New grips,Grips,February 1984,,6.37,GBP,£6.37,Advertised period price,United Kingdom,Period publication,Indexed issue text; the amount/item pairing is retained pending page-image comparison.,MEDIUM-HIGH,https://previouspage.co.uk/magazines/BMX%20Action%20Bike/issues/194-february-nineteen-eighty-four,INDEX-ONLY,v20 abmx 0107 mushroom odi new grips february 1984 6 37 gbp https previouspage co uk magazines bmx 20action 20bike issues 194 february nineteen eighty four,RETAIN — source-specific observation,Source-specific period amount. Page-image comparison remains pending; no inflation adjustment or averaging is applied.,2026-08-02,BMX Action Bike,BMX Action Bike,previouspage.co.uk,Publication accessed through PreviousPage
ABMX-PR-0400,V20-ABMX-0107,,,Oakley,F1 grips,Grips,February 1984,,6.95,GBP,£6.95,Advertised period price,United Kingdom,Period publication,Indexed issue text; the amount/item pairing is retained pending page-image comparison.,MEDIUM-HIGH,https://previouspage.co.uk/magazines/BMX%20Action%20Bike/issues/194-february-nineteen-eighty-four,INDEX-ONLY,v20 abmx 0107 oakley f1 grips february 1984 6 95 gbp https previouspage co uk magazines bmx 20action 20bike issues 194 february nineteen eighty four,RETAIN — source-specific observation,Source-specific period amount. Page-image comparison remains pending; no inflation adjustment or averaging is applied.,2026-08-02,BMX Action Bike,BMX Action Bike,previouspage.co.uk,Publication accessed through PreviousPage
ABMX-PR-0401,V20-ABMX-0107,,,Oakley,B1B grips,Grips,February 1984,,8.95,GBP,£8.95,Advertised period price,United Kingdom,Period publication,Indexed issue text; the amount/item pairing is retained pending page-image comparison.,MEDIUM-HIGH,https://previouspage.co.uk/magazines/BMX%20Action%20Bike/issues/194-february-nineteen-eighty-four,INDEX-ONLY,v20 abmx 0107 oakley b1b grips february 1984 8 95 gbp https previouspage co uk magazines bmx 20action 20bike issues 194 february nineteen eighty four,RETAIN — source-specific observation,Source-specific period amount. Page-image comparison remains pending; no inflation adjustment or averaging is applied.,2026-08-02,BMX Action Bike,BMX Action Bike,previouspage.co.uk,Publication accessed through PreviousPage
ABMX-PR-0402,V20-ABMX-0107,,,Mushroom,Grip copies,Grips,February 1984,,1.6,GBP,£1.60,Advertised period price,United Kingdom,Period publication,Indexed issue text; the amount/item pairing is retained pending page-image comparison.,MEDIUM-HIGH,https://previouspage.co.uk/magazines/BMX%20Action%20Bike/issues/194-february-nineteen-eighty-four,INDEX-ONLY,v20 abmx 0107 mushroom grip copies february 1984 1 6 gbp https previouspage co uk magazines bmx 20action 20bike issues 194 february nineteen eighty four,RETAIN — source-specific observation,Source-specific period amount. Page-image comparison remains pending; no inflation adjustment or averaging is applied.,2026-08-02,BMX Action Bike,BMX Action Bike,previouspage.co.uk,Publication accessed through PreviousPage
ABMX-PR-0403,V20-ABMX-0119,,,Torker,280X complete bike,Complete bike,February 1984,,224.95,GBP,£224.95 + £8.00 carriage,Advertised period price,United Kingdom,Period publication,Indexed issue text; the amount/item pairing is retained pending page-image comparison.,MEDIUM-HIGH,https://previouspage.co.uk/magazines/BMX%20Action%20Bike/issues/194-february-nineteen-eighty-four,INDEX-ONLY,v20 abmx 0119 torker 280x complete bike february 1984 224 95 gbp https previouspage co uk magazines bmx 20action 20bike issues 194 february nineteen eighty four,RETAIN — source-specific observation,Source-specific period amount. Page-image comparison remains pending; no inflation adjustment or averaging is applied.,2026-08-02,BMX Action Bike,BMX Action Bike,previouspage.co.uk,Publication accessed through PreviousPage
ABMX-PR-0404,V20-ABMX-0119,,,GT,Pro or Standard complete bike,Complete bike,February 1984,,239.95,GBP,£239.95 + £8.00 carriage,Advertised period price,United Kingdom,Period publication,Indexed issue text; the amount/item pairing is retained pending page-image comparison.,MEDIUM-HIGH,https://previouspage.co.uk/magazines/BMX%20Action%20Bike/issues/194-february-nineteen-eighty-four,INDEX-ONLY,v20 abmx 0119 gt pro or standard complete bike february 1984 239 95 gbp https previouspage co uk magazines bmx 20action 20bike issues 194 february nineteen eighty four,RETAIN — source-specific observation,Source-specific period amount. Page-image comparison remains pending; no inflation adjustment or averaging is applied.,2026-08-02,BMX Action Bike,BMX Action Bike,previouspage.co.uk,Publication accessed through PreviousPage
ABMX-PR-0405,V20-ABMX-0119,,,Curtis,Pro or Standard T45 complete bike,Complete bike,February 1984,,199.99,GBP,£199.99 + £8.00 carriage,Advertised period price,United Kingdom,Period publication,Indexed issue text; the amount/item pairing is retained pending page-image comparison.,MEDIUM-HIGH,https://previouspage.co.uk/magazines/BMX%20Action%20Bike/issues/194-february-nineteen-eighty-four,INDEX-ONLY,v20 abmx 0119 curtis pro or standard t45 complete bike february 1984 199 99 gbp https previouspage co uk magazines bmx 20action 20bike issues 194 february nineteen eighty four,RETAIN — source-specific observation,Source-specific period amount. Page-image comparison remains pending; no inflation adjustment or averaging is applied.,2026-08-02,BMX Action Bike,BMX Action Bike,previouspage.co.uk,Publication accessed through PreviousPage
ABMX-PR-0406,V20-ABMX-0119,,,SE Racing,Quadrangle frame/fork set — blue,Frame and fork set,February 1984,,159.55,GBP,£159.55 + £2.35 p&p,Advertised period price,United Kingdom,Period publication,Indexed issue text; the amount/item pairing is retained pending page-image comparison.,MEDIUM-HIGH,https://previouspage.co.uk/magazines/BMX%20Action%20Bike/issues/194-february-nineteen-eighty-four,INDEX-ONLY,v20 abmx 0119 se racing quadrangle frame fork set blue february 1984 159 55 gbp https previouspage co uk magazines bmx 20action 20bike issues 194 february nineteen eighty four,RETAIN — source-specific observation,Source-specific period amount. Page-image comparison remains pending; no inflation adjustment or averaging is applied.,2026-08-02,BMX Action Bike,BMX Action Bike,previouspage.co.uk,Publication accessed through PreviousPage
ABMX-PR-0407,V20-ABMX-0119,,,SE Racing,Quadrangle frame/fork set — black,Frame and fork set,February 1984,,179.95,GBP,£179.95 + £2.35 p&p,Advertised period price,United Kingdom,Period publication,Indexed issue text; the amount/item pairing is retained pending page-image comparison.,MEDIUM-HIGH,https://previouspage.co.uk/magazines/BMX%20Action%20Bike/issues/194-february-nineteen-eighty-four,INDEX-ONLY,v20 abmx 0119 se racing quadrangle frame fork set black february 1984 179 95 gbp https previouspage co uk magazines bmx 20action 20bike issues 194 february nineteen eighty four,RETAIN — source-specific observation,Source-specific period amount. Page-image comparison remains pending; no inflation adjustment or averaging is applied.,2026-08-02,BMX Action Bike,BMX Action Bike,previouspage.co.uk,Publication accessed through PreviousPage
ABMX-PR-0408,V20-ABMX-0119,,,Haro,Freestyler frame/fork set,Frame and fork set,February 1984,,159.95,GBP,£159.95 + £2.35 p&p,Advertised period price,United Kingdom,Period publication,Indexed issue text; the amount/item pairing is retained pending page-image comparison.,MEDIUM-HIGH,https://previouspage.co.uk/magazines/BMX%20Action%20Bike/issues/194-february-nineteen-eighty-four,INDEX-ONLY,v20 abmx 0119 haro freestyler frame fork set february 1984 159 95 gbp https previouspage co uk magazines bmx 20action 20bike issues 194 february nineteen eighty four,RETAIN — source-specific observation,Source-specific period amount. Page-image comparison remains pending; no inflation adjustment or averaging is applied.,2026-08-02,BMX Action Bike,BMX Action Bike,previouspage.co.uk,Publication accessed through PreviousPage
ABMX-PR-0409,V20-ABMX-0119,,,Kuwahara,1983 Aero frame/fork set,Frame and fork set,February 1984,,129.95,GBP,£129.95 + £2.35 p&p,Advertised period price,United Kingdom,Period publication,Indexed issue text; the amount/item pairing is retained pending page-image comparison.,MEDIUM-HIGH,https://previouspage.co.uk/magazines/BMX%20Action%20Bike/issues/194-february-nineteen-eighty-four,INDEX-ONLY,v20 abmx 0119 kuwahara 1983 aero frame fork set february 1984 129 95 gbp https previouspage co uk magazines bmx 20action 20bike issues 194 february nineteen eighty four,RETAIN — source-specific observation,Source-specific period amount. Page-image comparison remains pending; no inflation adjustment or averaging is applied.,2026-08-02,BMX Action Bike,BMX Action Bike,previouspage.co.uk,Publication accessed through PreviousPage
ABMX-PR-0410,V20-ABMX-0119,,,GT,Pro or Standard frame/fork set,Frame and fork set,February 1984,,120.55,GBP,£120.55 + £2.35 p&p,Advertised period price,United Kingdom,Period publication,Indexed issue text; the amount/item pairing is retained pending page-image comparison.,MEDIUM-HIGH,https://previouspage.co.uk/magazines/BMX%20Action%20Bike/issues/194-february-nineteen-eighty-four,INDEX-ONLY,v20 abmx 0119 gt pro or standard frame fork set february 1984 120 55 gbp https previouspage co uk magazines bmx 20action 20bike issues 194 february nineteen eighty four,RETAIN — source-specific observation,Source-specific period amount. Page-image comparison remains pending; no inflation adjustment or averaging is applied.,2026-08-02,BMX Action Bike,BMX Action Bike,previouspage.co.uk,Publication accessed through PreviousPage
ABMX-PR-0411,V20-ABMX-0123,,,YES,Scorpion Cross helmet,Helmet,February 1984,,19.95,GBP,£19.95,Advertised period price,United Kingdom,Period publication,Indexed issue text; the amount/item pairing is retained pending page-image comparison.,MEDIUM-HIGH,https://previouspage.co.uk/magazines/BMX%20Action%20Bike/issues/194-february-nineteen-eighty-four,INDEX-ONLY,v20 abmx 0123 yes scorpion cross helmet february 1984 19 95 gbp https previouspage co uk magazines bmx 20action 20bike issues 194 february nineteen eighty four,RETAIN — source-specific observation,Source-specific period amount. Page-image comparison remains pending; no inflation adjustment or averaging is applied.,2026-08-02,BMX Action Bike,BMX Action Bike,previouspage.co.uk,Publication accessed through PreviousPage
ABMX-PR-0412,V20-ABMX-0123,,,YES,Fibrelite helmet,Helmet,February 1984,,34.95,GBP,£34.95,Advertised period price,United Kingdom,Period publication,Indexed issue text; the amount/item pairing is retained pending page-image comparison.,MEDIUM-HIGH,https://previouspage.co.uk/magazines/BMX%20Action%20Bike/issues/194-february-nineteen-eighty-four,INDEX-ONLY,v20 abmx 0123 yes fibrelite helmet february 1984 34 95 gbp https previouspage co uk magazines bmx 20action 20bike issues 194 february nineteen eighty four,RETAIN — source-specific observation,Source-specific period amount. Page-image comparison remains pending; no inflation adjustment or averaging is applied.,2026-08-02,BMX Action Bike,BMX Action Bike,previouspage.co.uk,Publication accessed through PreviousPage
ABMX-PR-0413,V20-ABMX-0124,,,DP Racing,Mini frame/fork set,Frame and fork set,February 1984,,69.95,GBP,£69.95,Advertised period price,United Kingdom,Period publication,Indexed issue text; the amount/item pairing is retained pending page-image comparison.,MEDIUM-HIGH,https://previouspage.co.uk/magazines/BMX%20Action%20Bike/issues/194-february-nineteen-eighty-four,INDEX-ONLY,v20 abmx 0124 dp racing mini frame fork set february 1984 69 95 gbp https previouspage co uk magazines bmx 20action 20bike issues 194 february nineteen eighty four,RETAIN — source-specific observation,Source-specific period amount. Page-image comparison remains pending; no inflation adjustment or averaging is applied.,2026-08-02,BMX Action Bike,BMX Action Bike,previouspage.co.uk,Publication accessed through PreviousPage
ABMX-PR-0414,V20-ABMX-0124,,,DP Racing,Firebird Delta II frame/fork set,Frame and fork set,February 1984,,89.95,GBP,£89.95,Advertised period price,United Kingdom,Period publication,Indexed issue text; the amount/item pairing is retained pending page-image comparison.,MEDIUM-HIGH,https://previouspage.co.uk/magazines/BMX%20Action%20Bike/issues/194-february-nineteen-eighty-four,INDEX-ONLY,v20 abmx 0124 dp racing firebird delta ii frame fork set february 1984 89 95 gbp https previouspage co uk magazines bmx 20action 20bike issues 194 february nineteen eighty four,RETAIN — source-specific observation,Source-specific period amount. Page-image comparison remains pending; no inflation adjustment or averaging is applied.,2026-08-02,BMX Action Bike,BMX Action Bike,previouspage.co.uk,Publication accessed through PreviousPage
ABMX-PR-0415,V20-ABMX-0124,,,DP Racing,Freestyler frame/fork set,Frame and fork set,February 1984,,74.95,GBP,£74.95,Advertised period price,United Kingdom,Period publication,Indexed issue text; the amount/item pairing is retained pending page-image comparison.,MEDIUM-HIGH,https://previouspage.co.uk/magazines/BMX%20Action%20Bike/issues/194-february-nineteen-eighty-four,INDEX-ONLY,v20 abmx 0124 dp racing freestyler frame fork set february 1984 74 95 gbp https previouspage co uk magazines bmx 20action 20bike issues 194 february nineteen eighty four,RETAIN — source-specific observation,Source-specific period amount. Page-image comparison remains pending; no inflation adjustment or averaging is applied.,2026-08-02,BMX Action Bike,BMX Action Bike,previouspage.co.uk,Publication accessed through PreviousPage
ABMX-PR-0416,V20-ABMX-0127,,,Diamond Back,Viper complete bike,Complete bike,February 1984,,145,GBP,£145.00,Advertised period price,United Kingdom,Period publication,Indexed issue text; the amount/item pairing is retained pending page-image comparison.,MEDIUM-HIGH,https://previouspage.co.uk/magazines/BMX%20Action%20Bike/issues/194-february-nineteen-eighty-four,INDEX-ONLY,v20 abmx 0127 diamond back viper complete bike february 1984 145 0 gbp https previouspage co uk magazines bmx 20action 20bike issues 194 february nineteen eighty four,RETAIN — source-specific observation,Source-specific period amount. Page-image comparison remains pending; no inflation adjustment or averaging is applied.,2026-08-02,BMX Action Bike,BMX Action Bike,previouspage.co.uk,Publication accessed through PreviousPage
ABMX-PR-0417,V20-ABMX-0127,,,Redline,600a complete bike,Complete bike,February 1984,,235,GBP,£235.00,Advertised period price,United Kingdom,Period publication,Indexed issue text; the amount/item pairing is retained pending page-image comparison.,MEDIUM-HIGH,https://previouspage.co.uk/magazines/BMX%20Action%20Bike/issues/194-february-nineteen-eighty-four,INDEX-ONLY,v20 abmx 0127 redline 600a complete bike february 1984 235 0 gbp https previouspage co uk magazines bmx 20action 20bike issues 194 february nineteen eighty four,RETAIN — source-specific observation,Source-specific period amount. Page-image comparison remains pending; no inflation adjustment or averaging is applied.,2026-08-02,BMX Action Bike,BMX Action Bike,previouspage.co.uk,Publication accessed through PreviousPage
ABMX-PR-0418,V20-ABMX-0127,,,Skyway,T/A complete bike with Tuff wheels,Complete bike,February 1984,,299.95,GBP,£299.95,Advertised period price,United Kingdom,Period publication,Indexed issue text; the amount/item pairing is retained pending page-image comparison.,MEDIUM-HIGH,https://previouspage.co.uk/magazines/BMX%20Action%20Bike/issues/194-february-nineteen-eighty-four,INDEX-ONLY,v20 abmx 0127 skyway t a complete bike with tuff wheels february 1984 299 95 gbp https previouspage co uk magazines bmx 20action 20bike issues 194 february nineteen eighty four,RETAIN — source-specific observation,Source-specific period amount. Page-image comparison remains pending; no inflation adjustment or averaging is applied.,2026-08-02,BMX Action Bike,BMX Action Bike,previouspage.co.uk,Publication accessed through PreviousPage
ABMX-PR-0419,V20-ABMX-0127,,,Skyway,Tuff wheel pair,Wheelset,February 1984,,59.95,GBP,£59.95 per pair,Advertised period price,United Kingdom,Period publication,Indexed issue text; the amount/item pairing is retained pending page-image comparison.,MEDIUM-HIGH,https://previouspage.co.uk/magazines/BMX%20Action%20Bike/issues/194-february-nineteen-eighty-four,INDEX-ONLY,v20 abmx 0127 skyway tuff wheel pair february 1984 59 95 gbp https previouspage co uk magazines bmx 20action 20bike issues 194 february nineteen eighty four,RETAIN — source-specific observation,Source-specific period amount. Page-image comparison remains pending; no inflation adjustment or averaging is applied.,2026-08-02,BMX Action Bike,BMX Action Bike,previouspage.co.uk,Publication accessed through PreviousPage
ABMX-PR-0420,V20-ABMX-0128,,,BMX Action Bike,Available back issue,Magazine back issue,February 1984,,0.7,GBP,70p per copy,Advertised period price,United Kingdom,Period publication,Indexed issue text; the amount/item pairing is retained pending page-image comparison.,MEDIUM-HIGH,https://previouspage.co.uk/magazines/BMX%20Action%20Bike/issues/194-february-nineteen-eighty-four,INDEX-ONLY,v20 abmx 0128 bmx action bike available back issue february 1984 0 7 gbp https previouspage co uk magazines bmx 20action 20bike issues 194 february nineteen eighty four,RETAIN — source-specific observation,Source-specific period amount. Page-image comparison remains pending; no inflation adjustment or averaging is applied.,2026-08-02,BMX Action Bike,BMX Action Bike,previouspage.co.uk,Publication accessed through PreviousPage
ABMX-PR-0421,V20-ABMX-0128,,,BMX Action Bike,Twelve-issue binder,Magazine binder,February 1984,,3.95,GBP,£3.95,Advertised period price,United Kingdom,Period publication,Indexed issue text; the amount/item pairing is retained pending page-image comparison.,MEDIUM-HIGH,https://previouspage.co.uk/magazines/BMX%20Action%20Bike/issues/194-february-nineteen-eighty-four,INDEX-ONLY,v20 abmx 0128 bmx action bike twelve issue binder february 1984 3 95 gbp https previouspage co uk magazines bmx 20action 20bike issues 194 february nineteen eighty four,RETAIN — source-specific observation,Source-specific period amount. Page-image comparison remains pending; no inflation adjustment or averaging is applied.,2026-08-02,BMX Action Bike,BMX Action Bike,previouspage.co.uk,Publication accessed through PreviousPage
ABMX-PR-0422,V20-ABMX-0131,,,Tioga,Spyder chainring,Chainring,February 1984,,8.5,GBP,£8.50,Advertised period price,United Kingdom,Period publication,Indexed issue text; the amount/item pairing is retained pending page-image comparison.,MEDIUM-HIGH,https://previouspage.co.uk/magazines/BMX%20Action%20Bike/issues/194-february-nineteen-eighty-four,INDEX-ONLY,v20 abmx 0131 tioga spyder chainring february 1984 8 5 gbp https previouspage co uk magazines bmx 20action 20bike issues 194 february nineteen eighty four,RETAIN — source-specific observation,Source-specific period amount. Page-image comparison remains pending; no inflation adjustment or averaging is applied.,2026-08-02,BMX Action Bike,BMX Action Bike,previouspage.co.uk,Publication accessed through PreviousPage
ABMX-PR-0423,V20-ABMX-0131,,,Sharp,Bottom-bracket boot,Bottom-bracket accessory,February 1984,,0.99,GBP,£0.99,Advertised period price,United Kingdom,Period publication,Indexed issue text; the amount/item pairing is retained pending page-image comparison.,MEDIUM-HIGH,https://previouspage.co.uk/magazines/BMX%20Action%20Bike/issues/194-february-nineteen-eighty-four,INDEX-ONLY,v20 abmx 0131 sharp bottom bracket boot february 1984 0 99 gbp https previouspage co uk magazines bmx 20action 20bike issues 194 february nineteen eighty four,RETAIN — source-specific observation,Source-specific period amount. Page-image comparison remains pending; no inflation adjustment or averaging is applied.,2026-08-02,BMX Action Bike,BMX Action Bike,previouspage.co.uk,Publication accessed through PreviousPage
ABMX-PR-0424,V20-ABMX-0131,,,Tioga,Sealed three-piece bottom bracket,Bottom bracket,February 1984,,17.75,GBP,£17.75,Advertised period price,United Kingdom,Period publication,Indexed issue text; the amount/item pairing is retained pending page-image comparison.,MEDIUM-HIGH,https://previouspage.co.uk/magazines/BMX%20Action%20Bike/issues/194-february-nineteen-eighty-four,INDEX-ONLY,v20 abmx 0131 tioga sealed three piece bottom bracket february 1984 17 75 gbp https previouspage co uk magazines bmx 20action 20bike issues 194 february nineteen eighty four,RETAIN — source-specific observation,Source-specific period amount. Page-image comparison remains pending; no inflation adjustment or averaging is applied.,2026-08-02,BMX Action Bike,BMX Action Bike,previouspage.co.uk,Publication accessed through PreviousPage
ABMX-PR-0425,V20-ABMX-0131,,,Tioga,Easy-running three-piece bottom-bracket set,Bottom bracket,February 1984,,5.5,GBP,£5.50,Advertised period price,United Kingdom,Period publication,Indexed issue text; the amount/item pairing is retained pending page-image comparison.,MEDIUM-HIGH,https://previouspage.co.uk/magazines/BMX%20Action%20Bike/issues/194-february-nineteen-eighty-four,INDEX-ONLY,v20 abmx 0131 tioga easy running three piece bottom bracket set february 1984 5 5 gbp https previouspage co uk magazines bmx 20action 20bike issues 194 february nineteen eighty four,RETAIN — source-specific observation,Source-specific period amount. Page-image comparison remains pending; no inflation adjustment or averaging is applied.,2026-08-02,BMX Action Bike,BMX Action Bike,previouspage.co.uk,Publication accessed through PreviousPage
ABMX-PR-0426,V20-ABMX-0131,,,SR,Platform pedals,Pedals,February 1984,,7.95,GBP,£7.95,Advertised period price,United Kingdom,Period publication,Indexed issue text; the amount/item pairing is retained pending page-image comparison.,MEDIUM-HIGH,https://previouspage.co.uk/magazines/BMX%20Action%20Bike/issues/194-february-nineteen-eighty-four,INDEX-ONLY,v20 abmx 0131 sr platform pedals february 1984 7 95 gbp https previouspage co uk magazines bmx 20action 20bike issues 194 february nineteen eighty four,RETAIN — source-specific observation,Source-specific period amount. Page-image comparison remains pending; no inflation adjustment or averaging is applied.,2026-08-02,BMX Action Bike,BMX Action Bike,previouspage.co.uk,Publication accessed through PreviousPage
ABMX-PR-0427,V20-ABMX-0131,,,Shimano,DX pedals,Pedals,February 1984,,13.95,GBP,£13.95,Advertised period price,United Kingdom,Period publication,Indexed issue text; the amount/item pairing is retained pending page-image comparison.,MEDIUM-HIGH,https://previouspage.co.uk/magazines/BMX%20Action%20Bike/issues/194-february-nineteen-eighty-four,INDEX-ONLY,v20 abmx 0131 shimano dx pedals february 1984 13 95 gbp https previouspage co uk magazines bmx 20action 20bike issues 194 february nineteen eighty four,RETAIN — source-specific observation,Source-specific period amount. Page-image comparison remains pending; no inflation adjustment or averaging is applied.,2026-08-02,BMX Action Bike,BMX Action Bike,previouspage.co.uk,Publication accessed through PreviousPage
ABMX-PR-0428,V20-ABMX-0131,,,Shimano,SX pedals,Pedals,February 1984,,8.6,GBP,£8.60,Advertised period price,United Kingdom,Period publication,Indexed issue text; the amount/item pairing is retained pending page-image comparison.,MEDIUM-HIGH,https://previouspage.co.uk/magazines/BMX%20Action%20Bike/issues/194-february-nineteen-eighty-four,INDEX-ONLY,v20 abmx 0131 shimano sx pedals february 1984 8 6 gbp https previouspage co uk magazines bmx 20action 20bike issues 194 february nineteen eighty four,RETAIN — source-specific observation,Source-specific period amount. Page-image comparison remains pending; no inflation adjustment or averaging is applied.,2026-08-02,BMX Action Bike,BMX Action Bike,previouspage.co.uk,Publication accessed through PreviousPage
ABMX-PR-0429,V20-ABMX-0131,,,GT,Layback seatpost,Seatpost,February 1984,,5.95,GBP,£5.95,Advertised period price,United Kingdom,Period publication,Indexed issue text; the amount/item pairing is retained pending page-image comparison.,MEDIUM-HIGH,https://previouspage.co.uk/magazines/BMX%20Action%20Bike/issues/194-february-nineteen-eighty-four,INDEX-ONLY,v20 abmx 0131 gt layback seatpost february 1984 5 95 gbp https previouspage co uk magazines bmx 20action 20bike issues 194 february nineteen eighty four,RETAIN — source-specific observation,Source-specific period amount. Page-image comparison remains pending; no inflation adjustment or averaging is applied.,2026-08-02,BMX Action Bike,BMX Action Bike,previouspage.co.uk,Publication accessed through PreviousPage
ABMX-PR-0430,V20-ABMX-0133,,,Peugeot,Vitus complete bike,Complete bike,February 1984,,367,GBP,£367,Advertised period price,United Kingdom,Period publication,Indexed issue text; the amount/item pairing is retained pending page-image comparison.,MEDIUM-HIGH,https://previouspage.co.uk/magazines/BMX%20Action%20Bike/issues/194-february-nineteen-eighty-four,INDEX-ONLY,v20 abmx 0133 peugeot vitus complete bike february 1984 367 0 gbp https previouspage co uk magazines bmx 20action 20bike issues 194 february nineteen eighty four,RETAIN — source-specific observation,Source-specific period amount. Page-image comparison remains pending; no inflation adjustment or averaging is applied.,2026-08-02,BMX Action Bike,BMX Action Bike,previouspage.co.uk,Publication accessed through PreviousPage
ABMX-PR-0431,V20-ABMX-0133,,,Hutch,Complete bike with Profile cranks and pedals,Complete bike,February 1984,,437,GBP,£437,Advertised period price,United Kingdom,Period publication,Indexed issue text; the amount/item pairing is retained pending page-image comparison.,MEDIUM-HIGH,https://previouspage.co.uk/magazines/BMX%20Action%20Bike/issues/194-february-nineteen-eighty-four,INDEX-ONLY,v20 abmx 0133 hutch complete bike with profile cranks and pedals february 1984 437 0 gbp https previouspage co uk magazines bmx 20action 20bike issues 194 february nineteen eighty four,RETAIN — source-specific observation,Source-specific period amount. Page-image comparison remains pending; no inflation adjustment or averaging is applied.,2026-08-02,BMX Action Bike,BMX Action Bike,previouspage.co.uk,Publication accessed through PreviousPage
ABMX-PR-0432,V20-ABMX-0133,,,Profile,Frame/fork set,Frame and fork set,February 1984,,129,GBP,£129,Advertised period price,United Kingdom,Period publication,Indexed issue text; the amount/item pairing is retained pending page-image comparison.,MEDIUM-HIGH,https://previouspage.co.uk/magazines/BMX%20Action%20Bike/issues/194-february-nineteen-eighty-four,INDEX-ONLY,v20 abmx 0133 profile frame fork set february 1984 129 0 gbp https previouspage co uk magazines bmx 20action 20bike issues 194 february nineteen eighty four,RETAIN — source-specific observation,Source-specific period amount. Page-image comparison remains pending; no inflation adjustment or averaging is applied.,2026-08-02,BMX Action Bike,BMX Action Bike,previouspage.co.uk,Publication accessed through PreviousPage
ABMX-PR-0433,V20-ABMX-0133,,,Skyway,Tuff wheel pair,Wheelset,February 1984,,58,GBP,£58,Advertised period price,United Kingdom,Period publication,Indexed issue text; the amount/item pairing is retained pending page-image comparison.,MEDIUM-HIGH,https://previouspage.co.uk/magazines/BMX%20Action%20Bike/issues/194-february-nineteen-eighty-four,INDEX-ONLY,v20 abmx 0133 skyway tuff wheel pair february 1984 58 0 gbp https previouspage co uk magazines bmx 20action 20bike issues 194 february nineteen eighty four,RETAIN — source-specific observation,Source-specific period amount. Page-image comparison remains pending; no inflation adjustment or averaging is applied.,2026-08-02,BMX Action Bike,BMX Action Bike,previouspage.co.uk,Publication accessed through PreviousPage
ABMX-PR-0434,V20-ABMX-0136,,,Skyway,T/A frame/fork set,Frame and fork set,February 1984,,179.95,GBP,£179.95,Advertised period price,United Kingdom,Period publication,Indexed issue text; the amount/item pairing is retained pending page-image comparison.,MEDIUM-HIGH,https://previouspage.co.uk/magazines/BMX%20Action%20Bike/issues/194-february-nineteen-eighty-four,INDEX-ONLY,v20 abmx 0136 skyway t a frame fork set february 1984 179 95 gbp https previouspage co uk magazines bmx 20action 20bike issues 194 february nineteen eighty four,RETAIN — source-specific observation,Source-specific period amount. Page-image comparison remains pending; no inflation adjustment or averaging is applied.,2026-08-02,BMX Action Bike,BMX Action Bike,previouspage.co.uk,Publication accessed through PreviousPage
ABMX-PR-0435,V20-ABMX-0136,,,GT,Frame/fork set,Frame and fork set,February 1984,,119.95,GBP,£119.95,Advertised period price,United Kingdom,Period publication,Indexed issue text; the amount/item pairing is retained pending page-image comparison.,MEDIUM-HIGH,https://previouspage.co.uk/magazines/BMX%20Action%20Bike/issues/194-february-nineteen-eighty-four,INDEX-ONLY,v20 abmx 0136 gt frame fork set february 1984 119 95 gbp https previouspage co uk magazines bmx 20action 20bike issues 194 february nineteen eighty four,RETAIN — source-specific observation,Source-specific period amount. Page-image comparison remains pending; no inflation adjustment or averaging is applied.,2026-08-02,BMX Action Bike,BMX Action Bike,previouspage.co.uk,Publication accessed through PreviousPage
ABMX-PR-0436,V20-ABMX-0136,,,Redline,600A frame/fork set,Frame and fork set,February 1984,,134.95,GBP,£134.95,Advertised period price,United Kingdom,Period publication,Indexed issue text; the amount/item pairing is retained pending page-image comparison.,MEDIUM-HIGH,https://previouspage.co.uk/magazines/BMX%20Action%20Bike/issues/194-february-nineteen-eighty-four,INDEX-ONLY,v20 abmx 0136 redline 600a frame fork set february 1984 134 95 gbp https previouspage co uk magazines bmx 20action 20bike issues 194 february nineteen eighty four,RETAIN — source-specific observation,Source-specific period amount. Page-image comparison remains pending; no inflation adjustment or averaging is applied.,2026-08-02,BMX Action Bike,BMX Action Bike,previouspage.co.uk,Publication accessed through PreviousPage
ABMX-PR-0437,V20-ABMX-0136,,,Kuwahara,1983 frame/fork set,Frame and fork set,February 1984,,144.95,GBP,£144.95,Advertised period price,United Kingdom,Period publication,Indexed issue text; the amount/item pairing is retained pending page-image comparison.,MEDIUM-HIGH,https://previouspage.co.uk/magazines/BMX%20Action%20Bike/issues/194-february-nineteen-eighty-four,INDEX-ONLY,v20 abmx 0136 kuwahara 1983 frame fork set february 1984 144 95 gbp https previouspage co uk magazines bmx 20action 20bike issues 194 february nineteen eighty four,RETAIN — source-specific observation,Source-specific period amount. Page-image comparison remains pending; no inflation adjustment or averaging is applied.,2026-08-02,BMX Action Bike,BMX Action Bike,previouspage.co.uk,Publication accessed through PreviousPage
ABMX-PR-0438,V20-ABMX-0136,,,Skyway,Tuff wheel pair,Wheelset,February 1984,,59.95,GBP,£59.95,Advertised period price,United Kingdom,Period publication,Indexed issue text; the amount/item pairing is retained pending page-image comparison.,MEDIUM-HIGH,https://previouspage.co.uk/magazines/BMX%20Action%20Bike/issues/194-february-nineteen-eighty-four,INDEX-ONLY,v20 abmx 0136 skyway tuff wheel pair february 1984 59 95 gbp https previouspage co uk magazines bmx 20action 20bike issues 194 february nineteen eighty four,RETAIN — source-specific observation,Source-specific period amount. Page-image comparison remains pending; no inflation adjustment or averaging is applied.,2026-08-02,BMX Action Bike,BMX Action Bike,previouspage.co.uk,Publication accessed through PreviousPage
ABMX-PR-0439,V20-ABMX-0136,,,ACS,Z-Wheel pair,Wheelset,February 1984,,42.95,GBP,£42.95,Advertised period price,United Kingdom,Period publication,Indexed issue text; the amount/item pairing is retained pending page-image comparison.,MEDIUM-HIGH,https://previouspage.co.uk/magazines/BMX%20Action%20Bike/issues/194-february-nineteen-eighty-four,INDEX-ONLY,v20 abmx 0136 acs z wheel pair february 1984 42 95 gbp https previouspage co uk magazines bmx 20action 20bike issues 194 february nineteen eighty four,RETAIN — source-specific observation,Source-specific period amount. Page-image comparison remains pending; no inflation adjustment or averaging is applied.,2026-08-02,BMX Action Bike,BMX Action Bike,previouspage.co.uk,Publication accessed through PreviousPage
ABMX-PR-0440,V20-ABMX-0136,,,Tange,TRX forks,Forks,February 1984,,21.95,GBP,£21.95,Advertised period price,United Kingdom,Period publication,Indexed issue text; the amount/item pairing is retained pending page-image comparison.,MEDIUM-HIGH,https://previouspage.co.uk/magazines/BMX%20Action%20Bike/issues/194-february-nineteen-eighty-four,INDEX-ONLY,v20 abmx 0136 tange trx forks february 1984 21 95 gbp https previouspage co uk magazines bmx 20action 20bike issues 194 february nineteen eighty four,RETAIN — source-specific observation,Source-specific period amount. Page-image comparison remains pending; no inflation adjustment or averaging is applied.,2026-08-02,BMX Action Bike,BMX Action Bike,previouspage.co.uk,Publication accessed through PreviousPage
ABMX-PR-0441,V20-ABMX-0136,,,Tange,ARX forks,Forks,February 1984,,25.95,GBP,£25.95,Advertised period price,United Kingdom,Period publication,Indexed issue text; the amount/item pairing is retained pending page-image comparison.,MEDIUM-HIGH,https://previouspage.co.uk/magazines/BMX%20Action%20Bike/issues/194-february-nineteen-eighty-four,INDEX-ONLY,v20 abmx 0136 tange arx forks february 1984 25 95 gbp https previouspage co uk magazines bmx 20action 20bike issues 194 february nineteen eighty four,RETAIN — source-specific observation,Source-specific period amount. Page-image comparison remains pending; no inflation adjustment or averaging is applied.,2026-08-02,BMX Action Bike,BMX Action Bike,previouspage.co.uk,Publication accessed through PreviousPage
ABMX-PR-0442,V20-ABMX-0137,,,Kuwahara,Nova complete bike,Complete bike,February 1984,,195,GBP,£195,Advertised period price,United Kingdom,Period publication,Indexed issue text; the amount/item pairing is retained pending page-image comparison.,MEDIUM-HIGH,https://previouspage.co.uk/magazines/BMX%20Action%20Bike/issues/194-february-nineteen-eighty-four,INDEX-ONLY,v20 abmx 0137 kuwahara nova complete bike february 1984 195 0 gbp https previouspage co uk magazines bmx 20action 20bike issues 194 february nineteen eighty four,RETAIN — source-specific observation,Source-specific period amount. Page-image comparison remains pending; no inflation adjustment or averaging is applied.,2026-08-02,BMX Action Bike,BMX Action Bike,previouspage.co.uk,Publication accessed through PreviousPage
ABMX-PR-0443,V20-ABMX-0137,,,Diamond Back,Turbo complete bike,Complete bike,February 1984,,295,GBP,£295,Advertised period price,United Kingdom,Period publication,Indexed issue text; the amount/item pairing is retained pending page-image comparison.,MEDIUM-HIGH,https://previouspage.co.uk/magazines/BMX%20Action%20Bike/issues/194-february-nineteen-eighty-four,INDEX-ONLY,v20 abmx 0137 diamond back turbo complete bike february 1984 295 0 gbp https previouspage co uk magazines bmx 20action 20bike issues 194 february nineteen eighty four,RETAIN — source-specific observation,Source-specific period amount. Page-image comparison remains pending; no inflation adjustment or averaging is applied.,2026-08-02,BMX Action Bike,BMX Action Bike,previouspage.co.uk,Publication accessed through PreviousPage
ABMX-PR-0444,V20-ABMX-0137,,,Diamond Back,Viper complete bike,Complete bike,February 1984,,125,GBP,£125,Advertised period price,United Kingdom,Period publication,Indexed issue text; the amount/item pairing is retained pending page-image comparison.,MEDIUM-HIGH,https://previouspage.co.uk/magazines/BMX%20Action%20Bike/issues/194-february-nineteen-eighty-four,INDEX-ONLY,v20 abmx 0137 diamond back viper complete bike february 1984 125 0 gbp https previouspage co uk magazines bmx 20action 20bike issues 194 february nineteen eighty four,RETAIN — source-specific observation,Source-specific period amount. Page-image comparison remains pending; no inflation adjustment or averaging is applied.,2026-08-02,BMX Action Bike,BMX Action Bike,previouspage.co.uk,Publication accessed through PreviousPage
ABMX-PR-0445,V20-ABMX-0137,,,Mongoose,Supergoose complete bike,Complete bike,February 1984,,235,GBP,£235,Advertised period price,United Kingdom,Period publication,Indexed issue text; the amount/item pairing is retained pending page-image comparison.,MEDIUM-HIGH,https://previouspage.co.uk/magazines/BMX%20Action%20Bike/issues/194-february-nineteen-eighty-four,INDEX-ONLY,v20 abmx 0137 mongoose supergoose complete bike february 1984 235 0 gbp https previouspage co uk magazines bmx 20action 20bike issues 194 february nineteen eighty four,RETAIN — source-specific observation,Source-specific period amount. Page-image comparison remains pending; no inflation adjustment or averaging is applied.,2026-08-02,BMX Action Bike,BMX Action Bike,previouspage.co.uk,Publication accessed through PreviousPage
ABMX-PR-0446,V20-ABMX-0142,,,Redline,600A complete bike,Complete bike,February 1984,,235,GBP,£235.00 + £8.00 p&p,Advertised period price,United Kingdom,Period publication,Indexed issue text; the amount/item pairing is retained pending page-image comparison.,MEDIUM-HIGH,https://previouspage.co.uk/magazines/BMX%20Action%20Bike/issues/194-february-nineteen-eighty-four,INDEX-ONLY,v20 abmx 0142 redline 600a complete bike february 1984 235 0 gbp https previouspage co uk magazines bmx 20action 20bike issues 194 february nineteen eighty four,RETAIN — source-specific observation,Source-specific period amount. Page-image comparison remains pending; no inflation adjustment or averaging is applied.,2026-08-02,BMX Action Bike,BMX Action Bike,previouspage.co.uk,Publication accessed through PreviousPage
ABMX-PR-0447,V20-ABMX-0142,,,Torker,280 complete bike,Complete bike,February 1984,,220,GBP,£220.00 + £8.00 p&p,Advertised period price,United Kingdom,Period publication,Indexed issue text; the amount/item pairing is retained pending page-image comparison.,MEDIUM-HIGH,https://previouspage.co.uk/magazines/BMX%20Action%20Bike/issues/194-february-nineteen-eighty-four,INDEX-ONLY,v20 abmx 0142 torker 280 complete bike february 1984 220 0 gbp https previouspage co uk magazines bmx 20action 20bike issues 194 february nineteen eighty four,RETAIN — source-specific observation,Source-specific period amount. Page-image comparison remains pending; no inflation adjustment or averaging is applied.,2026-08-02,BMX Action Bike,BMX Action Bike,previouspage.co.uk,Publication accessed through PreviousPage
ABMX-PR-0448,V20-ABMX-0142,,,Diamond Back,Viper complete bike,Complete bike,February 1984,,145,GBP,£145.00 + £8.00 p&p,Advertised period price,United Kingdom,Period publication,Indexed issue text; the amount/item pairing is retained pending page-image comparison.,MEDIUM-HIGH,https://previouspage.co.uk/magazines/BMX%20Action%20Bike/issues/194-february-nineteen-eighty-four,INDEX-ONLY,v20 abmx 0142 diamond back viper complete bike february 1984 145 0 gbp https previouspage co uk magazines bmx 20action 20bike issues 194 february nineteen eighty four,RETAIN — source-specific observation,Source-specific period amount. Page-image comparison remains pending; no inflation adjustment or averaging is applied.,2026-08-02,BMX Action Bike,BMX Action Bike,previouspage.co.uk,Publication accessed through PreviousPage
ABMX-PR-0449,V20-ABMX-0142,,,Diamond Back,Silver Streak complete bike,Complete bike,February 1984,,220,GBP,£220.00 + £8.00 p&p,Advertised period price,United Kingdom,Period publication,Indexed issue text; the amount/item pairing is retained pending page-image comparison.,MEDIUM-HIGH,https://previouspage.co.uk/magazines/BMX%20Action%20Bike/issues/194-february-nineteen-eighty-four,INDEX-ONLY,v20 abmx 0142 diamond back silver streak complete bike february 1984 220 0 gbp https previouspage co uk magazines bmx 20action 20bike issues 194 february nineteen eighty four,RETAIN — source-specific observation,Source-specific period amount. Page-image comparison remains pending; no inflation adjustment or averaging is applied.,2026-08-02,BMX Action Bike,BMX Action Bike,previouspage.co.uk,Publication accessed through PreviousPage
ABMX-PR-0450,V20-ABMX-0142,,,Kuwahara,Nova complete bike — chrome,Complete bike,February 1984,,229.95,GBP,£229.95 + £8.00 p&p,Advertised period price,United Kingdom,Period publication,Indexed issue text; the amount/item pairing is retained pending page-image comparison.,MEDIUM-HIGH,https://previouspage.co.uk/magazines/BMX%20Action%20Bike/issues/194-february-nineteen-eighty-four,INDEX-ONLY,v20 abmx 0142 kuwahara nova complete bike chrome february 1984 229 95 gbp https previouspage co uk magazines bmx 20action 20bike issues 194 february nineteen eighty four,RETAIN — source-specific observation,Source-specific period amount. Page-image comparison remains pending; no inflation adjustment or averaging is applied.,2026-08-02,BMX Action Bike,BMX Action Bike,previouspage.co.uk,Publication accessed through PreviousPage
ABMX-PR-0451,V20-ABMX-0142,,,Kuwahara,Survivor complete bike,Complete bike,February 1984,,299.99,GBP,£299.99 + £8.00 p&p,Advertised period price,United Kingdom,Period publication,Indexed issue text; the amount/item pairing is retained pending page-image comparison.,MEDIUM-HIGH,https://previouspage.co.uk/magazines/BMX%20Action%20Bike/issues/194-february-nineteen-eighty-four,INDEX-ONLY,v20 abmx 0142 kuwahara survivor complete bike february 1984 299 99 gbp https previouspage co uk magazines bmx 20action 20bike issues 194 february nineteen eighty four,RETAIN — source-specific observation,Source-specific period amount. Page-image comparison remains pending; no inflation adjustment or averaging is applied.,2026-08-02,BMX Action Bike,BMX Action Bike,previouspage.co.uk,Publication accessed through PreviousPage
ABMX-PR-0452,V20-ABMX-0142,,,Kuwahara,Laser Lite complete bike,Complete bike,February 1984,,379.99,GBP,£379.99 + £8.00 p&p,Advertised period price,United Kingdom,Period publication,Indexed issue text; the amount/item pairing is retained pending page-image comparison.,MEDIUM-HIGH,https://previouspage.co.uk/magazines/BMX%20Action%20Bike/issues/194-february-nineteen-eighty-four,INDEX-ONLY,v20 abmx 0142 kuwahara laser lite complete bike february 1984 379 99 gbp https previouspage co uk magazines bmx 20action 20bike issues 194 february nineteen eighty four,RETAIN — source-specific observation,Source-specific period amount. Page-image comparison remains pending; no inflation adjustment or averaging is applied.,2026-08-02,BMX Action Bike,BMX Action Bike,previouspage.co.uk,Publication accessed through PreviousPage
ABMX-PR-0453,V20-ABMX-0142,,,Mongoose,Californian complete bike,Complete bike,February 1984,,199.99,GBP,£199.99 + £8.00 p&p,Advertised period price,United Kingdom,Period publication,Indexed issue text; the amount/item pairing is retained pending page-image comparison.,MEDIUM-HIGH,https://previouspage.co.uk/magazines/BMX%20Action%20Bike/issues/194-february-nineteen-eighty-four,INDEX-ONLY,v20 abmx 0142 mongoose californian complete bike february 1984 199 99 gbp https previouspage co uk magazines bmx 20action 20bike issues 194 february nineteen eighty four,RETAIN — source-specific observation,Source-specific period amount. Page-image comparison remains pending; no inflation adjustment or averaging is applied.,2026-08-02,BMX Action Bike,BMX Action Bike,previouspage.co.uk,Publication accessed through PreviousPage
ABMX-PR-0454,V20-ABMX-0143,,,Scott,Model 90 goggles,Goggles,February 1984,,14.75,GBP,£14.75,Advertised period price,United Kingdom,Period publication,Indexed issue text; the amount/item pairing is retained pending page-image comparison.,MEDIUM-HIGH,https://previouspage.co.uk/magazines/BMX%20Action%20Bike/issues/194-february-nineteen-eighty-four,INDEX-ONLY,v20 abmx 0143 scott model 90 goggles february 1984 14 75 gbp https previouspage co uk magazines bmx 20action 20bike issues 194 february nineteen eighty four,RETAIN — source-specific observation,Source-specific period amount. Page-image comparison remains pending; no inflation adjustment or averaging is applied.,2026-08-02,BMX Action Bike,BMX Action Bike,previouspage.co.uk,Publication accessed through PreviousPage
ABMX-PR-0455,V20-ABMX-0143,,,Scott,Model 89 Series R goggles,Goggles,February 1984,,11.99,GBP,£11.99,Advertised period price,United Kingdom,Period publication,Indexed issue text; the amount/item pairing is retained pending page-image comparison.,MEDIUM-HIGH,https://previouspage.co.uk/magazines/BMX%20Action%20Bike/issues/194-february-nineteen-eighty-four,INDEX-ONLY,v20 abmx 0143 scott model 89 series r goggles february 1984 11 99 gbp https previouspage co uk magazines bmx 20action 20bike issues 194 february nineteen eighty four,RETAIN — source-specific observation,Source-specific period amount. Page-image comparison remains pending; no inflation adjustment or averaging is applied.,2026-08-02,BMX Action Bike,BMX Action Bike,previouspage.co.uk,Publication accessed through PreviousPage
ABMX-PR-0456,V20-ABMX-0143,,,Scott,Model 83 Antifog goggles,Goggles,February 1984,,9.95,GBP,£9.95,Advertised period price,United Kingdom,Period publication,Indexed issue text; the amount/item pairing is retained pending page-image comparison.,MEDIUM-HIGH,https://previouspage.co.uk/magazines/BMX%20Action%20Bike/issues/194-february-nineteen-eighty-four,INDEX-ONLY,v20 abmx 0143 scott model 83 antifog goggles february 1984 9 95 gbp https previouspage co uk magazines bmx 20action 20bike issues 194 february nineteen eighty four,RETAIN — source-specific observation,Source-specific period amount. Page-image comparison remains pending; no inflation adjustment or averaging is applied.,2026-08-02,BMX Action Bike,BMX Action Bike,previouspage.co.uk,Publication accessed through PreviousPage
ABMX-PR-0457,V20-ABMX-0143,,,Scott,Model 83 standard goggles,Goggles,February 1984,,7.99,GBP,£7.99,Advertised period price,United Kingdom,Period publication,Indexed issue text; the amount/item pairing is retained pending page-image comparison.,MEDIUM-HIGH,https://previouspage.co.uk/magazines/BMX%20Action%20Bike/issues/194-february-nineteen-eighty-four,INDEX-ONLY,v20 abmx 0143 scott model 83 standard goggles february 1984 7 99 gbp https previouspage co uk magazines bmx 20action 20bike issues 194 february nineteen eighty four,RETAIN — source-specific observation,Source-specific period amount. Page-image comparison remains pending; no inflation adjustment or averaging is applied.,2026-08-02,BMX Action Bike,BMX Action Bike,previouspage.co.uk,Publication accessed through PreviousPage
ABMX-PR-0458,V20-ABMX-0152,,,Acorn,Magnum Zytel wheel pair,Wheelset,February 1984,,19.95,GBP,£19.95 pair + £2.50 p&p,Advertised period price,United Kingdom,Period publication,Indexed issue text; the amount/item pairing is retained pending page-image comparison.,MEDIUM-HIGH,https://previouspage.co.uk/magazines/BMX%20Action%20Bike/issues/194-february-nineteen-eighty-four,INDEX-ONLY,v20 abmx 0152 acorn magnum zytel wheel pair february 1984 19 95 gbp https previouspage co uk magazines bmx 20action 20bike issues 194 february nineteen eighty four,RETAIN — source-specific observation,Source-specific period amount. Page-image comparison remains pending; no inflation adjustment or averaging is applied.,2026-08-02,BMX Action Bike,BMX Action Bike,previouspage.co.uk,Publication accessed through PreviousPage
ABMX-PR-0459,V20-ABMX-0157,,,Yamaha,401 complete bike,Complete bike,February 1984,,99.95,GBP,£99.95 — save £60,Advertised period price,United Kingdom,Period publication,Indexed issue text; the amount/item pairing is retained pending page-image comparison.,MEDIUM-HIGH,https://previouspage.co.uk/magazines/BMX%20Action%20Bike/issues/194-february-nineteen-eighty-four,INDEX-ONLY,v20 abmx 0157 yamaha 401 complete bike february 1984 99 95 gbp https previouspage co uk magazines bmx 20action 20bike issues 194 february nineteen eighty four,RETAIN — source-specific observation,Source-specific period amount. Page-image comparison remains pending; no inflation adjustment or averaging is applied.,2026-08-02,BMX Action Bike,BMX Action Bike,previouspage.co.uk,Publication accessed through PreviousPage
ABMX-PR-0460,V20-ABMX-0157,,,Yamaha,301 complete bike,Complete bike,February 1984,,75,GBP,£75.00 — save £40,Advertised period price,United Kingdom,Period publication,Indexed issue text; the amount/item pairing is retained pending page-image comparison.,MEDIUM-HIGH,https://previouspage.co.uk/magazines/BMX%20Action%20Bike/issues/194-february-nineteen-eighty-four,INDEX-ONLY,v20 abmx 0157 yamaha 301 complete bike february 1984 75 0 gbp https previouspage co uk magazines bmx 20action 20bike issues 194 february nineteen eighty four,RETAIN — source-specific observation,Source-specific period amount. Page-image comparison remains pending; no inflation adjustment or averaging is applied.,2026-08-02,BMX Action Bike,BMX Action Bike,previouspage.co.uk,Publication accessed through PreviousPage
ABMX-PR-0461,V20-ABMX-0157,,,Acorn,Magnum wheel pair,Wheelset,February 1984,,19.95,GBP,£19.95 pair + £2.50 p&p,Advertised period price,United Kingdom,Period publication,Indexed issue text; the amount/item pairing is retained pending page-image comparison.,MEDIUM-HIGH,https://previouspage.co.uk/magazines/BMX%20Action%20Bike/issues/194-february-nineteen-eighty-four,INDEX-ONLY,v20 abmx 0157 acorn magnum wheel pair february 1984 19 95 gbp https previouspage co uk magazines bmx 20action 20bike issues 194 february nineteen eighty four,RETAIN — source-specific observation,Source-specific period amount. Page-image comparison remains pending; no inflation adjustment or averaging is applied.,2026-08-02,BMX Action Bike,BMX Action Bike,previouspage.co.uk,Publication accessed through PreviousPage
ABMX-PR-0462,V20-ABMX-0158,,,Sharp Racing Products,1:11 Griplocks pair,Grips,February 1984,,3.99,GBP,£3.99 + 50p p&p,Advertised period price,United Kingdom,Period publication,Indexed issue text; the amount/item pairing is retained pending page-image comparison.,MEDIUM-HIGH,https://previouspage.co.uk/magazines/BMX%20Action%20Bike/issues/194-february-nineteen-eighty-four,INDEX-ONLY,v20 abmx 0158 sharp racing products 1 11 griplocks pair february 1984 3 99 gbp https previouspage co uk magazines bmx 20action 20bike issues 194 february nineteen eighty four,RETAIN — source-specific observation,Source-specific period amount. Page-image comparison remains pending; no inflation adjustment or averaging is applied.,2026-08-02,BMX Action Bike,BMX Action Bike,previouspage.co.uk,Publication accessed through PreviousPage
ABMX-PR-0463,V20-ABMX-0158,,,Suzue,Sealed replacement hub set,Hub set,February 1984,,25,GBP,Not more than £25,Advertised period price,United Kingdom,Period publication,Indexed issue text; the amount/item pairing is retained pending page-image comparison.,MEDIUM-HIGH,https://previouspage.co.uk/magazines/BMX%20Action%20Bike/issues/194-february-nineteen-eighty-four,INDEX-ONLY,v20 abmx 0158 suzue sealed replacement hub set february 1984 25 0 gbp https previouspage co uk magazines bmx 20action 20bike issues 194 february nineteen eighty four,RETAIN — source-specific observation,Source-specific period amount. Page-image comparison remains pending; no inflation adjustment or averaging is applied.,2026-08-02,BMX Action Bike,BMX Action Bike,previouspage.co.uk,Publication accessed through PreviousPage
ABMX-PR-0464,V20-ABMX-0163,,,Raleigh,Mag Burner complete bike,Complete bike,February 1984,,112.95,GBP,£112.95,Advertised period price,United Kingdom,Period publication,Indexed issue text; the amount/item pairing is retained pending page-image comparison.,MEDIUM-HIGH,https://previouspage.co.uk/magazines/BMX%20Action%20Bike/issues/194-february-nineteen-eighty-four,INDEX-ONLY,v20 abmx 0163 raleigh mag burner complete bike february 1984 112 95 gbp https previouspage co uk magazines bmx 20action 20bike issues 194 february nineteen eighty four,RETAIN — source-specific observation,Source-specific period amount. Page-image comparison remains pending; no inflation adjustment or averaging is applied.,2026-08-02,BMX Action Bike,BMX Action Bike,previouspage.co.uk,Publication accessed through PreviousPage
ABMX-PR-0465,V20-ABMX-0163,,,Cougar Cycles,Shimano SX pedals,Pedals,February 1984,,6.95,GBP,£6.95 + £1 p&p,Advertised period price,United Kingdom,Period publication,Indexed issue text; the amount/item pairing is retained pending page-image comparison.,MEDIUM-HIGH,https://previouspage.co.uk/magazines/BMX%20Action%20Bike/issues/194-february-nineteen-eighty-four,INDEX-ONLY,v20 abmx 0163 cougar cycles shimano sx pedals february 1984 6 95 gbp https previouspage co uk magazines bmx 20action 20bike issues 194 february nineteen eighty four,RETAIN — source-specific observation,Source-specific period amount. Page-image comparison remains pending; no inflation adjustment or averaging is applied.,2026-08-02,BMX Action Bike,BMX Action Bike,previouspage.co.uk,Publication accessed through PreviousPage
ABMX-PR-0466,V20-ABMX-0163,,,Cougar Cycles,Shimano DX pedals,Pedals,February 1984,,10.5,GBP,£10.50 + £1 p&p,Advertised period price,United Kingdom,Period publication,Indexed issue text; the amount/item pairing is retained pending page-image comparison.,MEDIUM-HIGH,https://previouspage.co.uk/magazines/BMX%20Action%20Bike/issues/194-february-nineteen-eighty-four,INDEX-ONLY,v20 abmx 0163 cougar cycles shimano dx pedals february 1984 10 5 gbp https previouspage co uk magazines bmx 20action 20bike issues 194 february nineteen eighty four,RETAIN — source-specific observation,Source-specific period amount. Page-image comparison remains pending; no inflation adjustment or averaging is applied.,2026-08-02,BMX Action Bike,BMX Action Bike,previouspage.co.uk,Publication accessed through PreviousPage
ABMX-PR-0467,V20-ABMX-0163,,,Cougar Cycles,Araya 7X wheel pair,Wheelset,February 1984,,35,GBP,£35 pair + £2.50 p&p,Advertised period price,United Kingdom,Period publication,Indexed issue text; the amount/item pairing is retained pending page-image comparison.,MEDIUM-HIGH,https://previouspage.co.uk/magazines/BMX%20Action%20Bike/issues/194-february-nineteen-eighty-four,INDEX-ONLY,v20 abmx 0163 cougar cycles araya 7x wheel pair february 1984 35 0 gbp https previouspage co uk magazines bmx 20action 20bike issues 194 february nineteen eighty four,RETAIN — source-specific observation,Source-specific period amount. Page-image comparison remains pending; no inflation adjustment or averaging is applied.,2026-08-02,BMX Action Bike,BMX Action Bike,previouspage.co.uk,Publication accessed through PreviousPage
ABMX-PR-0468,V20-ABMX-0163,,,Cranks Cycle Centre,Ammaco Team Pro complete bike,Complete bike,February 1984,,169,GBP,£169,Advertised period price,United Kingdom,Period publication,Indexed issue text; the amount/item pairing is retained pending page-image comparison.,MEDIUM-HIGH,https://previouspage.co.uk/magazines/BMX%20Action%20Bike/issues/194-february-nineteen-eighty-four,INDEX-ONLY,v20 abmx 0163 cranks cycle centre ammaco team pro complete bike february 1984 169 0 gbp https previouspage co uk magazines bmx 20action 20bike issues 194 february nineteen eighty four,RETAIN — source-specific observation,Source-specific period amount. Page-image comparison remains pending; no inflation adjustment or averaging is applied.,2026-08-02,BMX Action Bike,BMX Action Bike,previouspage.co.uk,Publication accessed through PreviousPage
ABMX-PR-0469,V20-ABMX-0164,,,TT Racing Products,Double tow-bar BMX carrier,Cycle carrier,February 1984,,21,GBP,£21,Advertised period price,United Kingdom,Period publication,Indexed issue text; the amount/item pairing is retained pending page-image comparison.,MEDIUM-HIGH,https://previouspage.co.uk/magazines/BMX%20Action%20Bike/issues/194-february-nineteen-eighty-four,INDEX-ONLY,v20 abmx 0164 tt racing products double tow bar bmx carrier february 1984 21 0 gbp https previouspage co uk magazines bmx 20action 20bike issues 194 february nineteen eighty four,RETAIN — source-specific observation,Source-specific period amount. Page-image comparison remains pending; no inflation adjustment or averaging is applied.,2026-08-02,BMX Action Bike,BMX Action Bike,previouspage.co.uk,Publication accessed through PreviousPage
ABMX-PR-0470,V20-ABMX-0164,,,TT Racing Products,Single tow-bar BMX carrier,Cycle carrier,February 1984,,19,GBP,£19,Advertised period price,United Kingdom,Period publication,Indexed issue text; the amount/item pairing is retained pending page-image comparison.,MEDIUM-HIGH,https://previouspage.co.uk/magazines/BMX%20Action%20Bike/issues/194-february-nineteen-eighty-four,INDEX-ONLY,v20 abmx 0164 tt racing products single tow bar bmx carrier february 1984 19 0 gbp https previouspage co uk magazines bmx 20action 20bike issues 194 february nineteen eighty four,RETAIN — source-specific observation,Source-specific period amount. Page-image comparison remains pending; no inflation adjustment or averaging is applied.,2026-08-02,BMX Action Bike,BMX Action Bike,previouspage.co.uk,Publication accessed through PreviousPage
ABMX-PR-0471,V20-ABMX-0164,,,TT Racing Products,Single roof-rack BMX carrier,Cycle carrier,February 1984,,19.5,GBP,£19.50,Advertised period price,United Kingdom,Period publication,Indexed issue text; the amount/item pairing is retained pending page-image comparison.,MEDIUM-HIGH,https://previouspage.co.uk/magazines/BMX%20Action%20Bike/issues/194-february-nineteen-eighty-four,INDEX-ONLY,v20 abmx 0164 tt racing products single roof rack bmx carrier february 1984 19 5 gbp https previouspage co uk magazines bmx 20action 20bike issues 194 february nineteen eighty four,RETAIN — source-specific observation,Source-specific period amount. Page-image comparison remains pending; no inflation adjustment or averaging is applied.,2026-08-02,BMX Action Bike,BMX Action Bike,previouspage.co.uk,Publication accessed through PreviousPage
ABMX-PR-0472,V20-ABMX-0189,,,Diamond Back,Helmet — black,Helmet,January 1985,,14.95,GBP,£14.95 + £1.50 p&p,Advertised period price,United Kingdom,Period publication,Indexed issue text; the amount/item pairing is retained pending page-image comparison.,MEDIUM-HIGH,https://previouspage.co.uk/magazines/BMX%20Action%20Bike/issues/44-january-nineteen-eighty-five,INDEX-ONLY,v20 abmx 0189 diamond back helmet black january 1985 14 95 gbp https previouspage co uk magazines bmx 20action 20bike issues 44 january nineteen eighty five,RETAIN — source-specific observation,Source-specific period amount. Page-image comparison remains pending; no inflation adjustment or averaging is applied.,2026-08-02,BMX Action Bike,BMX Action Bike,previouspage.co.uk,Publication accessed through PreviousPage
ABMX-PR-0473,V20-ABMX-0189,,,Generic,Alloy V bars,Handlebars,January 1985,,4.95,GBP,£4.95 + £1.50 p&p,Advertised period price,United Kingdom,Period publication,Indexed issue text; the amount/item pairing is retained pending page-image comparison.,MEDIUM-HIGH,https://previouspage.co.uk/magazines/BMX%20Action%20Bike/issues/44-january-nineteen-eighty-five,INDEX-ONLY,v20 abmx 0189 generic alloy v bars january 1985 4 95 gbp https previouspage co uk magazines bmx 20action 20bike issues 44 january nineteen eighty five,RETAIN — source-specific observation,Source-specific period amount. Page-image comparison remains pending; no inflation adjustment or averaging is applied.,2026-08-02,BMX Action Bike,BMX Action Bike,previouspage.co.uk,Publication accessed through PreviousPage
ABMX-PR-0474,V20-ABMX-0189,,,Generic,Steel V bars,Handlebars,January 1985,,3.95,GBP,£3.95 + £1.50 p&p,Advertised period price,United Kingdom,Period publication,Indexed issue text; the amount/item pairing is retained pending page-image comparison.,MEDIUM-HIGH,https://previouspage.co.uk/magazines/BMX%20Action%20Bike/issues/44-january-nineteen-eighty-five,INDEX-ONLY,v20 abmx 0189 generic steel v bars january 1985 3 95 gbp https previouspage co uk magazines bmx 20action 20bike issues 44 january nineteen eighty five,RETAIN — source-specific observation,Source-specific period amount. Page-image comparison remains pending; no inflation adjustment or averaging is applied.,2026-08-02,BMX Action Bike,BMX Action Bike,previouspage.co.uk,Publication accessed through PreviousPage
ABMX-PR-0475,V20-ABMX-0189,,,CW Racing,Genuine CW bars,Handlebars,January 1985,,20,GBP,£20 + £1.50 p&p,Advertised period price,United Kingdom,Period publication,Indexed issue text; the amount/item pairing is retained pending page-image comparison.,MEDIUM-HIGH,https://previouspage.co.uk/magazines/BMX%20Action%20Bike/issues/44-january-nineteen-eighty-five,INDEX-ONLY,v20 abmx 0189 cw racing genuine cw bars january 1985 20 0 gbp https previouspage co uk magazines bmx 20action 20bike issues 44 january nineteen eighty five,RETAIN — source-specific observation,Source-specific period amount. Page-image comparison remains pending; no inflation adjustment or averaging is applied.,2026-08-02,BMX Action Bike,BMX Action Bike,previouspage.co.uk,Publication accessed through PreviousPage
ABMX-PR-0476,V20-ABMX-0189,,,Generic,Copy Vector bars,Handlebars,January 1985,,9.5,GBP,£9.50 + £1.50 p&p,Advertised period price,United Kingdom,Period publication,Indexed issue text; the amount/item pairing is retained pending page-image comparison.,MEDIUM-HIGH,https://previouspage.co.uk/magazines/BMX%20Action%20Bike/issues/44-january-nineteen-eighty-five,INDEX-ONLY,v20 abmx 0189 generic copy vector bars january 1985 9 5 gbp https previouspage co uk magazines bmx 20action 20bike issues 44 january nineteen eighty five,RETAIN — source-specific observation,Source-specific period amount. Page-image comparison remains pending; no inflation adjustment or averaging is applied.,2026-08-02,BMX Action Bike,BMX Action Bike,previouspage.co.uk,Publication accessed through PreviousPage
ABMX-PR-0477,V20-ABMX-0189,,,Oakley,Oakley II grips,Grips,January 1985,,2,GBP,£2 + 50p p&p,Advertised period price,United Kingdom,Period publication,Indexed issue text; the amount/item pairing is retained pending page-image comparison.,MEDIUM-HIGH,https://previouspage.co.uk/magazines/BMX%20Action%20Bike/issues/44-january-nineteen-eighty-five,INDEX-ONLY,v20 abmx 0189 oakley oakley ii grips january 1985 2 0 gbp https previouspage co uk magazines bmx 20action 20bike issues 44 january nineteen eighty five,RETAIN — source-specific observation,Source-specific period amount. Page-image comparison remains pending; no inflation adjustment or averaging is applied.,2026-08-02,BMX Action Bike,BMX Action Bike,previouspage.co.uk,Publication accessed through PreviousPage
ABMX-PR-0478,V20-ABMX-0189,,,Mushroom,SM Mushroom grips,Grips,January 1985,,3.5,GBP,£3.50 + 50p p&p,Advertised period price,United Kingdom,Period publication,Indexed issue text; the amount/item pairing is retained pending page-image comparison.,MEDIUM-HIGH,https://previouspage.co.uk/magazines/BMX%20Action%20Bike/issues/44-january-nineteen-eighty-five,INDEX-ONLY,v20 abmx 0189 mushroom sm mushroom grips january 1985 3 5 gbp https previouspage co uk magazines bmx 20action 20bike issues 44 january nineteen eighty five,RETAIN — source-specific observation,Source-specific period amount. Page-image comparison remains pending; no inflation adjustment or averaging is applied.,2026-08-02,BMX Action Bike,BMX Action Bike,previouspage.co.uk,Publication accessed through PreviousPage
ABMX-PR-0479,V20-ABMX-0189,,,Generic,Beartrap copy pedals,Pedals,January 1985,,9.5,GBP,£9.50 + £1 p&p,Advertised period price,United Kingdom,Period publication,Indexed issue text; the amount/item pairing is retained pending page-image comparison.,MEDIUM-HIGH,https://previouspage.co.uk/magazines/BMX%20Action%20Bike/issues/44-january-nineteen-eighty-five,INDEX-ONLY,v20 abmx 0189 generic beartrap copy pedals january 1985 9 5 gbp https previouspage co uk magazines bmx 20action 20bike issues 44 january nineteen eighty five,RETAIN — source-specific observation,Source-specific period amount. Page-image comparison remains pending; no inflation adjustment or averaging is applied.,2026-08-02,BMX Action Bike,BMX Action Bike,previouspage.co.uk,Publication accessed through PreviousPage
ABMX-PR-0480,V20-ABMX-0189,,,Skyway,Brake blocks,Brake blocks,January 1985,,3,GBP,£3 post free,Advertised period price,United Kingdom,Period publication,Indexed issue text; the amount/item pairing is retained pending page-image comparison.,MEDIUM-HIGH,https://previouspage.co.uk/magazines/BMX%20Action%20Bike/issues/44-january-nineteen-eighty-five,INDEX-ONLY,v20 abmx 0189 skyway brake blocks january 1985 3 0 gbp https previouspage co uk magazines bmx 20action 20bike issues 44 january nineteen eighty five,RETAIN — source-specific observation,Source-specific period amount. Page-image comparison remains pending; no inflation adjustment or averaging is applied.,2026-08-02,BMX Action Bike,BMX Action Bike,previouspage.co.uk,Publication accessed through PreviousPage
ABMX-PR-0481,V20-ABMX-0189,,,A-Z,Letter kit,Lettering kit,January 1985,,14,GBP,£14 + 25p p&p,Advertised period price,United Kingdom,Period publication,Indexed issue text; the amount/item pairing is retained pending page-image comparison.,MEDIUM-HIGH,https://previouspage.co.uk/magazines/BMX%20Action%20Bike/issues/44-january-nineteen-eighty-five,INDEX-ONLY,v20 abmx 0189 a z letter kit january 1985 14 0 gbp https previouspage co uk magazines bmx 20action 20bike issues 44 january nineteen eighty five,RETAIN — source-specific observation,Source-specific period amount. Page-image comparison remains pending; no inflation adjustment or averaging is applied.,2026-08-02,BMX Action Bike,BMX Action Bike,previouspage.co.uk,Publication accessed through PreviousPage
ABMX-PR-0482,V20-ABMX-0189,,,Generic,MX1000 copy brake set,Brake set,January 1985,,9.95,GBP,£9.95 + £1 p&p,Advertised period price,United Kingdom,Period publication,Indexed issue text; the amount/item pairing is retained pending page-image comparison.,MEDIUM-HIGH,https://previouspage.co.uk/magazines/BMX%20Action%20Bike/issues/44-january-nineteen-eighty-five,INDEX-ONLY,v20 abmx 0189 generic mx1000 copy brake set january 1985 9 95 gbp https previouspage co uk magazines bmx 20action 20bike issues 44 january nineteen eighty five,RETAIN — source-specific observation,Source-specific period amount. Page-image comparison remains pending; no inflation adjustment or averaging is applied.,2026-08-02,BMX Action Bike,BMX Action Bike,previouspage.co.uk,Publication accessed through PreviousPage
ABMX-PR-0483,V20-ABMX-0189,,,Generic,Uniseat copies,Seat,January 1985,,4.5,GBP,£4.50 + £1 p&p,Advertised period price,United Kingdom,Period publication,Indexed issue text; the amount/item pairing is retained pending page-image comparison.,MEDIUM-HIGH,https://previouspage.co.uk/magazines/BMX%20Action%20Bike/issues/44-january-nineteen-eighty-five,INDEX-ONLY,v20 abmx 0189 generic uniseat copies january 1985 4 5 gbp https previouspage co uk magazines bmx 20action 20bike issues 44 january nineteen eighty five,RETAIN — source-specific observation,Source-specific period amount. Page-image comparison remains pending; no inflation adjustment or averaging is applied.,2026-08-02,BMX Action Bike,BMX Action Bike,previouspage.co.uk,Publication accessed through PreviousPage
ABMX-PR-0484,V20-ABMX-0189,,,JT,Wet Weather gloves,Gloves,January 1985,,4,GBP,£4 post free,Advertised period price,United Kingdom,Period publication,Indexed issue text; the amount/item pairing is retained pending page-image comparison.,MEDIUM-HIGH,https://previouspage.co.uk/magazines/BMX%20Action%20Bike/issues/44-january-nineteen-eighty-five,INDEX-ONLY,v20 abmx 0189 jt wet weather gloves january 1985 4 0 gbp https previouspage co uk magazines bmx 20action 20bike issues 44 january nineteen eighty five,RETAIN — source-specific observation,Source-specific period amount. Page-image comparison remains pending; no inflation adjustment or averaging is applied.,2026-08-02,BMX Action Bike,BMX Action Bike,previouspage.co.uk,Publication accessed through PreviousPage
ABMX-PR-0485,V20-ABMX-0189,,,Skyway,Trick platform,Freestyle platform,January 1985,,34.95,GBP,£34.95 + £2 p&p,Advertised period price,United Kingdom,Period publication,Indexed issue text; the amount/item pairing is retained pending page-image comparison.,MEDIUM-HIGH,https://previouspage.co.uk/magazines/BMX%20Action%20Bike/issues/44-january-nineteen-eighty-five,INDEX-ONLY,v20 abmx 0189 skyway trick platform january 1985 34 95 gbp https previouspage co uk magazines bmx 20action 20bike issues 44 january nineteen eighty five,RETAIN — source-specific observation,Source-specific period amount. Page-image comparison remains pending; no inflation adjustment or averaging is applied.,2026-08-02,BMX Action Bike,BMX Action Bike,previouspage.co.uk,Publication accessed through PreviousPage
ABMX-PR-0486,V20-ABMX-0189,,,Generic,16-inch mag wheel pair,Wheelset,January 1985,,24.95,GBP,£24.95 + £2 p&p,Advertised period price,United Kingdom,Period publication,Indexed issue text; the amount/item pairing is retained pending page-image comparison.,MEDIUM-HIGH,https://previouspage.co.uk/magazines/BMX%20Action%20Bike/issues/44-january-nineteen-eighty-five,INDEX-ONLY,v20 abmx 0189 generic 16 inch mag wheel pair january 1985 24 95 gbp https previouspage co uk magazines bmx 20action 20bike issues 44 january nineteen eighty five,RETAIN — source-specific observation,Source-specific period amount. Page-image comparison remains pending; no inflation adjustment or averaging is applied.,2026-08-02,BMX Action Bike,BMX Action Bike,previouspage.co.uk,Publication accessed through PreviousPage
ABMX-PR-0487,V20-ABMX-0189,,,Aero,Wheel pair,Wheelset,January 1985,,39.95,GBP,£39.95 + £2 p&p,Advertised period price,United Kingdom,Period publication,Indexed issue text; the amount/item pairing is retained pending page-image comparison.,MEDIUM-HIGH,https://previouspage.co.uk/magazines/BMX%20Action%20Bike/issues/44-january-nineteen-eighty-five,INDEX-ONLY,v20 abmx 0189 aero wheel pair january 1985 39 95 gbp https previouspage co uk magazines bmx 20action 20bike issues 44 january nineteen eighty five,RETAIN — source-specific observation,Source-specific period amount. Page-image comparison remains pending; no inflation adjustment or averaging is applied.,2026-08-02,BMX Action Bike,BMX Action Bike,previouspage.co.uk,Publication accessed through PreviousPage
ABMX-PR-0488,V20-ABMX-0193,,,Redline,RL20 Prostyler complete bike,Complete bike,January 1985,,249.5,GBP,£249.50,Advertised period price,United Kingdom,Period publication,Indexed issue text; the amount/item pairing is retained pending page-image comparison.,MEDIUM-HIGH,https://previouspage.co.uk/magazines/BMX%20Action%20Bike/issues/44-january-nineteen-eighty-five,INDEX-ONLY,v20 abmx 0193 redline rl20 prostyler complete bike january 1985 249 5 gbp https previouspage co uk magazines bmx 20action 20bike issues 44 january nineteen eighty five,RETAIN — source-specific observation,Source-specific period amount. Page-image comparison remains pending; no inflation adjustment or averaging is applied.,2026-08-02,BMX Action Bike,BMX Action Bike,previouspage.co.uk,Publication accessed through PreviousPage
ABMX-PR-0489,V20-ABMX-0193,,,Curtis,Pro or Expert complete bike,Complete bike,January 1985,,209.95,GBP,£209.95,Advertised period price,United Kingdom,Period publication,Indexed issue text; the amount/item pairing is retained pending page-image comparison.,MEDIUM-HIGH,https://previouspage.co.uk/magazines/BMX%20Action%20Bike/issues/44-january-nineteen-eighty-five,INDEX-ONLY,v20 abmx 0193 curtis pro or expert complete bike january 1985 209 95 gbp https previouspage co uk magazines bmx 20action 20bike issues 44 january nineteen eighty five,RETAIN — source-specific observation,Source-specific period amount. Page-image comparison remains pending; no inflation adjustment or averaging is applied.,2026-08-02,BMX Action Bike,BMX Action Bike,previouspage.co.uk,Publication accessed through PreviousPage
ABMX-PR-0490,V20-ABMX-0193,,,Skyway,T/A complete bike with Tuff wheels,Complete bike,January 1985,,309.95,GBP,£309.95,Advertised period price,United Kingdom,Period publication,Indexed issue text; the amount/item pairing is retained pending page-image comparison.,MEDIUM-HIGH,https://previouspage.co.uk/magazines/BMX%20Action%20Bike/issues/44-january-nineteen-eighty-five,INDEX-ONLY,v20 abmx 0193 skyway t a complete bike with tuff wheels january 1985 309 95 gbp https previouspage co uk magazines bmx 20action 20bike issues 44 january nineteen eighty five,RETAIN — source-specific observation,Source-specific period amount. Page-image comparison remains pending; no inflation adjustment or averaging is applied.,2026-08-02,BMX Action Bike,BMX Action Bike,previouspage.co.uk,Publication accessed through PreviousPage
ABMX-PR-0491,V20-ABMX-0193,,,Diamond Back,Formula One complete bike,Complete bike,January 1985,,278.99,GBP,£278.99,Advertised period price,United Kingdom,Period publication,Indexed issue text; the amount/item pairing is retained pending page-image comparison.,MEDIUM-HIGH,https://previouspage.co.uk/magazines/BMX%20Action%20Bike/issues/44-january-nineteen-eighty-five,INDEX-ONLY,v20 abmx 0193 diamond back formula one complete bike january 1985 278 99 gbp https previouspage co uk magazines bmx 20action 20bike issues 44 january nineteen eighty five,RETAIN — source-specific observation,Source-specific period amount. Page-image comparison remains pending; no inflation adjustment or averaging is applied.,2026-08-02,BMX Action Bike,BMX Action Bike,previouspage.co.uk,Publication accessed through PreviousPage
ABMX-PR-0492,V20-ABMX-0193,,,GHP,Long or Pro complete bike,Complete bike,January 1985,,234.95,GBP,£234.95,Advertised period price,United Kingdom,Period publication,Indexed issue text; the amount/item pairing is retained pending page-image comparison.,MEDIUM-HIGH,https://previouspage.co.uk/magazines/BMX%20Action%20Bike/issues/44-january-nineteen-eighty-five,INDEX-ONLY,v20 abmx 0193 ghp long or pro complete bike january 1985 234 95 gbp https previouspage co uk magazines bmx 20action 20bike issues 44 january nineteen eighty five,RETAIN — source-specific observation,Source-specific period amount. Page-image comparison remains pending; no inflation adjustment or averaging is applied.,2026-08-02,BMX Action Bike,BMX Action Bike,previouspage.co.uk,Publication accessed through PreviousPage
ABMX-PR-0493,V20-ABMX-0193,,,Torker,Magnum complete bike — white,Complete bike,January 1985,,205.95,GBP,£205.95,Advertised period price,United Kingdom,Period publication,Indexed issue text; the amount/item pairing is retained pending page-image comparison.,MEDIUM-HIGH,https://previouspage.co.uk/magazines/BMX%20Action%20Bike/issues/44-january-nineteen-eighty-five,INDEX-ONLY,v20 abmx 0193 torker magnum complete bike white january 1985 205 95 gbp https previouspage co uk magazines bmx 20action 20bike issues 44 january nineteen eighty five,RETAIN — source-specific observation,Source-specific period amount. Page-image comparison remains pending; no inflation adjustment or averaging is applied.,2026-08-02,BMX Action Bike,BMX Action Bike,previouspage.co.uk,Publication accessed through PreviousPage
ABMX-PR-0494,V20-ABMX-0193,,,Torker,Magnum complete bike — chrome,Complete bike,January 1985,,212.95,GBP,£212.95,Advertised period price,United Kingdom,Period publication,Indexed issue text; the amount/item pairing is retained pending page-image comparison.,MEDIUM-HIGH,https://previouspage.co.uk/magazines/BMX%20Action%20Bike/issues/44-january-nineteen-eighty-five,INDEX-ONLY,v20 abmx 0193 torker magnum complete bike chrome january 1985 212 95 gbp https previouspage co uk magazines bmx 20action 20bike issues 44 january nineteen eighty five,RETAIN — source-specific observation,Source-specific period amount. Page-image comparison remains pending; no inflation adjustment or averaging is applied.,2026-08-02,BMX Action Bike,BMX Action Bike,previouspage.co.uk,Publication accessed through PreviousPage
ABMX-PR-0495,V20-ABMX-0193,,,GT,Pro Performer complete bike,Complete bike,January 1985,,328.95,GBP,£328.95,Advertised period price,United Kingdom,Period publication,Indexed issue text; the amount/item pairing is retained pending page-image comparison.,MEDIUM-HIGH,https://previouspage.co.uk/magazines/BMX%20Action%20Bike/issues/44-january-nineteen-eighty-five,INDEX-ONLY,v20 abmx 0193 gt pro performer complete bike january 1985 328 95 gbp https previouspage co uk magazines bmx 20action 20bike issues 44 january nineteen eighty five,RETAIN — source-specific observation,Source-specific period amount. Page-image comparison remains pending; no inflation adjustment or averaging is applied.,2026-08-02,BMX Action Bike,BMX Action Bike,previouspage.co.uk,Publication accessed through PreviousPage
ABMX-PR-0496,V20-ABMX-0193,,,Kuwahara,Laser Lite complete bike,Complete bike,January 1985,,336.5,GBP,£336.50,Advertised period price,United Kingdom,Period publication,Indexed issue text; the amount/item pairing is retained pending page-image comparison.,MEDIUM-HIGH,https://previouspage.co.uk/magazines/BMX%20Action%20Bike/issues/44-january-nineteen-eighty-five,INDEX-ONLY,v20 abmx 0193 kuwahara laser lite complete bike january 1985 336 5 gbp https previouspage co uk magazines bmx 20action 20bike issues 44 january nineteen eighty five,RETAIN — source-specific observation,Source-specific period amount. Page-image comparison remains pending; no inflation adjustment or averaging is applied.,2026-08-02,BMX Action Bike,BMX Action Bike,previouspage.co.uk,Publication accessed through PreviousPage
ABMX-PR-0497,V20-ABMX-0193,,,Rickman,Freestyle frame/fork set with pegs,Frame and fork set,January 1985,,128.95,GBP,£128.95,Advertised period price,United Kingdom,Period publication,Indexed issue text; the amount/item pairing is retained pending page-image comparison.,MEDIUM-HIGH,https://previouspage.co.uk/magazines/BMX%20Action%20Bike/issues/44-january-nineteen-eighty-five,INDEX-ONLY,v20 abmx 0193 rickman freestyle frame fork set with pegs january 1985 128 95 gbp https previouspage co uk magazines bmx 20action 20bike issues 44 january nineteen eighty five,RETAIN — source-specific observation,Source-specific period amount. Page-image comparison remains pending; no inflation adjustment or averaging is applied.,2026-08-02,BMX Action Bike,BMX Action Bike,previouspage.co.uk,Publication accessed through PreviousPage
ABMX-PR-0498,V20-ABMX-0193,,,Rickman,Freestyle frame/fork set without pegs,Frame and fork set,January 1985,,120.95,GBP,£120.95,Advertised period price,United Kingdom,Period publication,Indexed issue text; the amount/item pairing is retained pending page-image comparison.,MEDIUM-HIGH,https://previouspage.co.uk/magazines/BMX%20Action%20Bike/issues/44-january-nineteen-eighty-five,INDEX-ONLY,v20 abmx 0193 rickman freestyle frame fork set without pegs january 1985 120 95 gbp https previouspage co uk magazines bmx 20action 20bike issues 44 january nineteen eighty five,RETAIN — source-specific observation,Source-specific period amount. Page-image comparison remains pending; no inflation adjustment or averaging is applied.,2026-08-02,BMX Action Bike,BMX Action Bike,previouspage.co.uk,Publication accessed through PreviousPage
ABMX-PR-0499,V20-ABMX-0193,,,Skyway,T/A frame/fork set,Frame and fork set,January 1985,,157.95,GBP,£157.95,Advertised period price,United Kingdom,Period publication,Indexed issue text; the amount/item pairing is retained pending page-image comparison.,MEDIUM-HIGH,https://previouspage.co.uk/magazines/BMX%20Action%20Bike/issues/44-january-nineteen-eighty-five,INDEX-ONLY,v20 abmx 0193 skyway t a frame fork set january 1985 157 95 gbp https previouspage co uk magazines bmx 20action 20bike issues 44 january nineteen eighty five,RETAIN — source-specific observation,Source-specific period amount. Page-image comparison remains pending; no inflation adjustment or averaging is applied.,2026-08-02,BMX Action Bike,BMX Action Bike,previouspage.co.uk,Publication accessed through PreviousPage
ABMX-PR-0500,V20-ABMX-0193,,,GHP,Long or Pro frame/fork set,Frame and fork set,January 1985,,119.95,GBP,£119.95,Advertised period price,United Kingdom,Period publication,Indexed issue text; the amount/item pairing is retained pending page-image comparison.,MEDIUM-HIGH,https://previouspage.co.uk/magazines/BMX%20Action%20Bike/issues/44-january-nineteen-eighty-five,INDEX-ONLY,v20 abmx 0193 ghp long or pro frame fork set january 1985 119 95 gbp https previouspage co uk magazines bmx 20action 20bike issues 44 january nineteen eighty five,RETAIN — source-specific observation,Source-specific period amount. Page-image comparison remains pending; no inflation adjustment or averaging is applied.,2026-08-02,BMX Action Bike,BMX Action Bike,previouspage.co.uk,Publication accessed through PreviousPage
ABMX-PR-0501,V20-ABMX-0193,,,GT,Pro Performer frame/fork set,Frame and fork set,January 1985,,166.95,GBP,£166.95,Advertised period price,United Kingdom,Period publication,Indexed issue text; the amount/item pairing is retained pending page-image comparison.,MEDIUM-HIGH,https://previouspage.co.uk/magazines/BMX%20Action%20Bike/issues/44-january-nineteen-eighty-five,INDEX-ONLY,v20 abmx 0193 gt pro performer frame fork set january 1985 166 95 gbp https previouspage co uk magazines bmx 20action 20bike issues 44 january nineteen eighty five,RETAIN — source-specific observation,Source-specific period amount. Page-image comparison remains pending; no inflation adjustment or averaging is applied.,2026-08-02,BMX Action Bike,BMX Action Bike,previouspage.co.uk,Publication accessed through PreviousPage
ABMX-PR-0502,V20-ABMX-0193,,,Haro,Master frame/fork set — white,Frame and fork set,January 1985,,185.95,GBP,£185.95,Advertised period price,United Kingdom,Period publication,Indexed issue text; the amount/item pairing is retained pending page-image comparison.,MEDIUM-HIGH,https://previouspage.co.uk/magazines/BMX%20Action%20Bike/issues/44-january-nineteen-eighty-five,INDEX-ONLY,v20 abmx 0193 haro master frame fork set white january 1985 185 95 gbp https previouspage co uk magazines bmx 20action 20bike issues 44 january nineteen eighty five,RETAIN — source-specific observation,Source-specific period amount. Page-image comparison remains pending; no inflation adjustment or averaging is applied.,2026-08-02,BMX Action Bike,BMX Action Bike,previouspage.co.uk,Publication accessed through PreviousPage
ABMX-PR-0503,V20-ABMX-0193,,,Skyway,Tuff wheel pair,Wheelset,January 1985,,59.95,GBP,£59.95 + £2 p&p,Advertised period price,United Kingdom,Period publication,Indexed issue text; the amount/item pairing is retained pending page-image comparison.,MEDIUM-HIGH,https://previouspage.co.uk/magazines/BMX%20Action%20Bike/issues/44-january-nineteen-eighty-five,INDEX-ONLY,v20 abmx 0193 skyway tuff wheel pair january 1985 59 95 gbp https previouspage co uk magazines bmx 20action 20bike issues 44 january nineteen eighty five,RETAIN — source-specific observation,Source-specific period amount. Page-image comparison remains pending; no inflation adjustment or averaging is applied.,2026-08-02,BMX Action Bike,BMX Action Bike,previouspage.co.uk,Publication accessed through PreviousPage
ABMX-PR-0504,V20-ABMX-0193,,,Araya,7X 1.75 wheel pair — standard hubs,Wheelset,January 1985,,35.95,GBP,£35.95 + £2 p&p,Advertised period price,United Kingdom,Period publication,Indexed issue text; the amount/item pairing is retained pending page-image comparison.,MEDIUM-HIGH,https://previouspage.co.uk/magazines/BMX%20Action%20Bike/issues/44-january-nineteen-eighty-five,INDEX-ONLY,v20 abmx 0193 araya 7x 1 75 wheel pair standard hubs january 1985 35 95 gbp https previouspage co uk magazines bmx 20action 20bike issues 44 january nineteen eighty five,RETAIN — source-specific observation,Source-specific period amount. Page-image comparison remains pending; no inflation adjustment or averaging is applied.,2026-08-02,BMX Action Bike,BMX Action Bike,previouspage.co.uk,Publication accessed through PreviousPage
ABMX-PR-0505,V20-ABMX-0193,,,Araya,7X 1.75 wheel pair — sealed hubs,Wheelset,January 1985,,45.95,GBP,£45.95 + £2 p&p,Advertised period price,United Kingdom,Period publication,Indexed issue text; the amount/item pairing is retained pending page-image comparison.,MEDIUM-HIGH,https://previouspage.co.uk/magazines/BMX%20Action%20Bike/issues/44-january-nineteen-eighty-five,INDEX-ONLY,v20 abmx 0193 araya 7x 1 75 wheel pair sealed hubs january 1985 45 95 gbp https previouspage co uk magazines bmx 20action 20bike issues 44 january nineteen eighty five,RETAIN — source-specific observation,Source-specific period amount. Page-image comparison remains pending; no inflation adjustment or averaging is applied.,2026-08-02,BMX Action Bike,BMX Action Bike,previouspage.co.uk,Publication accessed through PreviousPage
ABMX-PR-0506,V20-ABMX-0193,,,Rebel,Freestyler frame/fork set,Frame and fork set,January 1985,,74.95,GBP,£74.95,Advertised period price,United Kingdom,Period publication,Indexed issue text; the amount/item pairing is retained pending page-image comparison.,MEDIUM-HIGH,https://previouspage.co.uk/magazines/BMX%20Action%20Bike/issues/44-january-nineteen-eighty-five,INDEX-ONLY,v20 abmx 0193 rebel freestyler frame fork set january 1985 74 95 gbp https previouspage co uk magazines bmx 20action 20bike issues 44 january nineteen eighty five,RETAIN — source-specific observation,Source-specific period amount. Page-image comparison remains pending; no inflation adjustment or averaging is applied.,2026-08-02,BMX Action Bike,BMX Action Bike,previouspage.co.uk,Publication accessed through PreviousPage
ABMX-PR-0507,V20-ABMX-0193,,,Oakley,O-Wings grips,Grips,January 1985,,4.95,GBP,£4.95,Advertised period price,United Kingdom,Period publication,Indexed issue text; the amount/item pairing is retained pending page-image comparison.,MEDIUM-HIGH,https://previouspage.co.uk/magazines/BMX%20Action%20Bike/issues/44-january-nineteen-eighty-five,INDEX-ONLY,v20 abmx 0193 oakley o wings grips january 1985 4 95 gbp https previouspage co uk magazines bmx 20action 20bike issues 44 january nineteen eighty five,RETAIN — source-specific observation,Source-specific period amount. Page-image comparison remains pending; no inflation adjustment or averaging is applied.,2026-08-02,BMX Action Bike,BMX Action Bike,previouspage.co.uk,Publication accessed through PreviousPage
ABMX-PR-0508,V20-ABMX-0195,,,Andy Ruffell,BMX from Start to Finish book,Book,January 1985,,5.95,GBP,£5.95,Advertised period price,United Kingdom,Period publication,Indexed issue text; the amount/item pairing is retained pending page-image comparison.,MEDIUM-HIGH,https://previouspage.co.uk/magazines/BMX%20Action%20Bike/issues/44-january-nineteen-eighty-five,INDEX-ONLY,v20 abmx 0195 andy ruffell bmx from start to finish book january 1985 5 95 gbp https previouspage co uk magazines bmx 20action 20bike issues 44 january nineteen eighty five,RETAIN — source-specific observation,Source-specific period amount. Page-image comparison remains pending; no inflation adjustment or averaging is applied.,2026-08-02,BMX Action Bike,BMX Action Bike,previouspage.co.uk,Publication accessed through PreviousPage
ABMX-PR-0509,V20-ABMX-0196,,,Araya,XA-1 aero rim,Rim,January 1985,,17,GBP,Around £17,Advertised period price,United Kingdom,Period publication,Indexed issue text; the amount/item pairing is retained pending page-image comparison.,MEDIUM-HIGH,https://previouspage.co.uk/magazines/BMX%20Action%20Bike/issues/44-january-nineteen-eighty-five,INDEX-ONLY,v20 abmx 0196 araya xa 1 aero rim january 1985 17 0 gbp https previouspage co uk magazines bmx 20action 20bike issues 44 january nineteen eighty five,RETAIN — source-specific observation,Source-specific period amount. Page-image comparison remains pending; no inflation adjustment or averaging is applied.,2026-08-02,BMX Action Bike,BMX Action Bike,previouspage.co.uk,Publication accessed through PreviousPage
ABMX-PR-0510,V20-ABMX-0196,,,Araya,Lightweight 1.75 rim developed from 7X,Rim,January 1985,,14.5,GBP,Around £14.50,Advertised period price,United Kingdom,Period publication,Indexed issue text; the amount/item pairing is retained pending page-image comparison.,MEDIUM-HIGH,https://previouspage.co.uk/magazines/BMX%20Action%20Bike/issues/44-january-nineteen-eighty-five,INDEX-ONLY,v20 abmx 0196 araya lightweight 1 75 rim developed from 7x january 1985 14 5 gbp https previouspage co uk magazines bmx 20action 20bike issues 44 january nineteen eighty five,RETAIN — source-specific observation,Source-specific period amount. Page-image comparison remains pending; no inflation adjustment or averaging is applied.,2026-08-02,BMX Action Bike,BMX Action Bike,previouspage.co.uk,Publication accessed through PreviousPage
ABMX-PR-0511,V20-ABMX-0199,,,CW Racing,Californian freestyle bars,Handlebars,January 1985,,25,GBP,£25,Advertised period price,United Kingdom,Period publication,Indexed issue text; the amount/item pairing is retained pending page-image comparison.,MEDIUM-HIGH,https://previouspage.co.uk/magazines/BMX%20Action%20Bike/issues/44-january-nineteen-eighty-five,INDEX-ONLY,v20 abmx 0199 cw racing californian freestyle bars january 1985 25 0 gbp https previouspage co uk magazines bmx 20action 20bike issues 44 january nineteen eighty five,RETAIN — source-specific observation,Source-specific period amount. Page-image comparison remains pending; no inflation adjustment or averaging is applied.,2026-08-02,BMX Action Bike,BMX Action Bike,previouspage.co.uk,Publication accessed through PreviousPage
ABMX-PR-0512,V20-ABMX-0199,,,GT,Performer frame/fork set,Frame and fork set,January 1985,,175,GBP,£175,Advertised period price,United Kingdom,Period publication,Indexed issue text; the amount/item pairing is retained pending page-image comparison.,MEDIUM-HIGH,https://previouspage.co.uk/magazines/BMX%20Action%20Bike/issues/44-january-nineteen-eighty-five,INDEX-ONLY,v20 abmx 0199 gt performer frame fork set january 1985 175 0 gbp https previouspage co uk magazines bmx 20action 20bike issues 44 january nineteen eighty five,RETAIN — source-specific observation,Source-specific period amount. Page-image comparison remains pending; no inflation adjustment or averaging is applied.,2026-08-02,BMX Action Bike,BMX Action Bike,previouspage.co.uk,Publication accessed through PreviousPage
ABMX-PR-0513,V20-ABMX-0205,,,Mitsuboshi,Comp III tyre and tube pair,Tyres and tubes,January 1985,,12,GBP,£12 per pair,Advertised period price,United Kingdom,Period publication,Indexed issue text; the amount/item pairing is retained pending page-image comparison.,MEDIUM-HIGH,https://previouspage.co.uk/magazines/BMX%20Action%20Bike/issues/44-january-nineteen-eighty-five,INDEX-ONLY,v20 abmx 0205 mitsuboshi comp iii tyre and tube pair january 1985 12 0 gbp https previouspage co uk magazines bmx 20action 20bike issues 44 january nineteen eighty five,RETAIN — source-specific observation,Source-specific period amount. Page-image comparison remains pending; no inflation adjustment or averaging is applied.,2026-08-02,BMX Action Bike,BMX Action Bike,previouspage.co.uk,Publication accessed through PreviousPage
ABMX-PR-0514,V20-ABMX-0205,,,Shimano,SX one-finger levers,Brake levers,January 1985,,2.25,GBP,£2.25,Advertised period price,United Kingdom,Period publication,Indexed issue text; the amount/item pairing is retained pending page-image comparison.,MEDIUM-HIGH,https://previouspage.co.uk/magazines/BMX%20Action%20Bike/issues/44-january-nineteen-eighty-five,INDEX-ONLY,v20 abmx 0205 shimano sx one finger levers january 1985 2 25 gbp https previouspage co uk magazines bmx 20action 20bike issues 44 january nineteen eighty five,RETAIN — source-specific observation,Source-specific period amount. Page-image comparison remains pending; no inflation adjustment or averaging is applied.,2026-08-02,BMX Action Bike,BMX Action Bike,previouspage.co.uk,Publication accessed through PreviousPage
ABMX-PR-0515,V20-ABMX-0206,,,Larne Video Sales,Radical Freestyle Video Volume 1,Video,January 1985,,24,GBP,£24 + £1 post and packing,Advertised period price,United Kingdom,Period publication,Indexed issue text; the amount/item pairing is retained pending page-image comparison.,MEDIUM-HIGH,https://previouspage.co.uk/magazines/BMX%20Action%20Bike/issues/44-january-nineteen-eighty-five,INDEX-ONLY,v20 abmx 0206 larne video sales radical freestyle video volume 1 january 1985 24 0 gbp https previouspage co uk magazines bmx 20action 20bike issues 44 january nineteen eighty five,RETAIN — source-specific observation,Source-specific period amount. Page-image comparison remains pending; no inflation adjustment or averaging is applied.,2026-08-02,BMX Action Bike,BMX Action Bike,previouspage.co.uk,Publication accessed through PreviousPage
ABMX-PR-0516,V20-ABMX-0224,,,DP Racing,Firebird Freestyler frame/fork set,Frame and fork set,January 1985,,74.95,GBP,£74.95 including p&p,Advertised period price,United Kingdom,Period publication,Indexed issue text; the amount/item pairing is retained pending page-image comparison.,MEDIUM-HIGH,https://previouspage.co.uk/magazines/BMX%20Action%20Bike/issues/44-january-nineteen-eighty-five,INDEX-ONLY,v20 abmx 0224 dp racing firebird freestyler frame fork set january 1985 74 95 gbp https previouspage co uk magazines bmx 20action 20bike issues 44 january nineteen eighty five,RETAIN — source-specific observation,Source-specific period amount. Page-image comparison remains pending; no inflation adjustment or averaging is applied.,2026-08-02,BMX Action Bike,BMX Action Bike,previouspage.co.uk,Publication accessed through PreviousPage
ABMX-PR-0517,V20-ABMX-0224,,,DP Racing,Limited Edition Firebird Freestyler kit,Frame and fork set,January 1985,,139.95,GBP,£139.95,Advertised period price,United Kingdom,Period publication,Indexed issue text; the amount/item pairing is retained pending page-image comparison.,MEDIUM-HIGH,https://previouspage.co.uk/magazines/BMX%20Action%20Bike/issues/44-january-nineteen-eighty-five,INDEX-ONLY,v20 abmx 0224 dp racing limited edition firebird freestyler kit january 1985 139 95 gbp https previouspage co uk magazines bmx 20action 20bike issues 44 january nineteen eighty five,RETAIN — source-specific observation,Source-specific period amount. Page-image comparison remains pending; no inflation adjustment or averaging is applied.,2026-08-02,BMX Action Bike,BMX Action Bike,previouspage.co.uk,Publication accessed through PreviousPage
ABMX-PR-0518,V20-ABMX-0224,,,DP Racing,Firebird Delta III frame/fork set,Frame and fork set,January 1985,,89.95,GBP,£89.95,Advertised period price,United Kingdom,Period publication,Indexed issue text; the amount/item pairing is retained pending page-image comparison.,MEDIUM-HIGH,https://previouspage.co.uk/magazines/BMX%20Action%20Bike/issues/44-january-nineteen-eighty-five,INDEX-ONLY,v20 abmx 0224 dp racing firebird delta iii frame fork set january 1985 89 95 gbp https previouspage co uk magazines bmx 20action 20bike issues 44 january nineteen eighty five,RETAIN — source-specific observation,Source-specific period amount. Page-image comparison remains pending; no inflation adjustment or averaging is applied.,2026-08-02,BMX Action Bike,BMX Action Bike,previouspage.co.uk,Publication accessed through PreviousPage
ABMX-PR-0519,V20-ABMX-0224,,,DP Racing,Freestyler decal set,Decal set,January 1985,,2.5,GBP,£2.50,Advertised period price,United Kingdom,Period publication,Indexed issue text; the amount/item pairing is retained pending page-image comparison.,MEDIUM-HIGH,https://previouspage.co.uk/magazines/BMX%20Action%20Bike/issues/44-january-nineteen-eighty-five,INDEX-ONLY,v20 abmx 0224 dp racing freestyler decal set january 1985 2 5 gbp https previouspage co uk magazines bmx 20action 20bike issues 44 january nineteen eighty five,RETAIN — source-specific observation,Source-specific period amount. Page-image comparison remains pending; no inflation adjustment or averaging is applied.,2026-08-02,BMX Action Bike,BMX Action Bike,previouspage.co.uk,Publication accessed through PreviousPage
ABMX-PR-0520,V20-ABMX-0224,,,DP Racing,Freestyler pad set,Pad set,January 1985,,8.45,GBP,£8.45,Advertised period price,United Kingdom,Period publication,Indexed issue text; the amount/item pairing is retained pending page-image comparison.,MEDIUM-HIGH,https://previouspage.co.uk/magazines/BMX%20Action%20Bike/issues/44-january-nineteen-eighty-five,INDEX-ONLY,v20 abmx 0224 dp racing freestyler pad set january 1985 8 45 gbp https previouspage co uk magazines bmx 20action 20bike issues 44 january nineteen eighty five,RETAIN — source-specific observation,Source-specific period amount. Page-image comparison remains pending; no inflation adjustment or averaging is applied.,2026-08-02,BMX Action Bike,BMX Action Bike,previouspage.co.uk,Publication accessed through PreviousPage
ABMX-PR-0521,V20-ABMX-0224,,,DP Racing,Stunt nuts — standard or Skyway,Stunt nuts,January 1985,,5.5,GBP,£5.50,Advertised period price,United Kingdom,Period publication,Indexed issue text; the amount/item pairing is retained pending page-image comparison.,MEDIUM-HIGH,https://previouspage.co.uk/magazines/BMX%20Action%20Bike/issues/44-january-nineteen-eighty-five,INDEX-ONLY,v20 abmx 0224 dp racing stunt nuts standard or skyway january 1985 5 5 gbp https previouspage co uk magazines bmx 20action 20bike issues 44 january nineteen eighty five,RETAIN — source-specific observation,Source-specific period amount. Page-image comparison remains pending; no inflation adjustment or averaging is applied.,2026-08-02,BMX Action Bike,BMX Action Bike,previouspage.co.uk,Publication accessed through PreviousPage
ABMX-PR-0522,V20-ABMX-0224,,,DP Racing,Lay-back chromoly seatpost,Seatpost,January 1985,,5.5,GBP,£5.50,Advertised period price,United Kingdom,Period publication,Indexed issue text; the amount/item pairing is retained pending page-image comparison.,MEDIUM-HIGH,https://previouspage.co.uk/magazines/BMX%20Action%20Bike/issues/44-january-nineteen-eighty-five,INDEX-ONLY,v20 abmx 0224 dp racing lay back chromoly seatpost january 1985 5 5 gbp https previouspage co uk magazines bmx 20action 20bike issues 44 january nineteen eighty five,RETAIN — source-specific observation,Source-specific period amount. Page-image comparison remains pending; no inflation adjustment or averaging is applied.,2026-08-02,BMX Action Bike,BMX Action Bike,previouspage.co.uk,Publication accessed through PreviousPage
ABMX-PR-0523,V20-ABMX-0224,,,DP Racing,Hollow stem bolt,Stem bolt,January 1985,,3.95,GBP,£3.95,Advertised period price,United Kingdom,Period publication,Indexed issue text; the amount/item pairing is retained pending page-image comparison.,MEDIUM-HIGH,https://previouspage.co.uk/magazines/BMX%20Action%20Bike/issues/44-january-nineteen-eighty-five,INDEX-ONLY,v20 abmx 0224 dp racing hollow stem bolt january 1985 3 95 gbp https previouspage co uk magazines bmx 20action 20bike issues 44 january nineteen eighty five,RETAIN — source-specific observation,Source-specific period amount. Page-image comparison remains pending; no inflation adjustment or averaging is applied.,2026-08-02,BMX Action Bike,BMX Action Bike,previouspage.co.uk,Publication accessed through PreviousPage
ABMX-PR-0524,V20-ABMX-0224,,,Acorn,Freestyle wheel pair,Wheelset,January 1985,,36.5,GBP,£36.50,Advertised period price,United Kingdom,Period publication,Indexed issue text; the amount/item pairing is retained pending page-image comparison.,MEDIUM-HIGH,https://previouspage.co.uk/magazines/BMX%20Action%20Bike/issues/44-january-nineteen-eighty-five,INDEX-ONLY,v20 abmx 0224 acorn freestyle wheel pair january 1985 36 5 gbp https previouspage co uk magazines bmx 20action 20bike issues 44 january nineteen eighty five,RETAIN — source-specific observation,Source-specific period amount. Page-image comparison remains pending; no inflation adjustment or averaging is applied.,2026-08-02,BMX Action Bike,BMX Action Bike,previouspage.co.uk,Publication accessed through PreviousPage
ABMX-PR-0525,V20-ABMX-0226,,,Curtis,Freestyle frame/fork set,Frame and fork set,January 1985,,129,GBP,£129,Advertised period price,United Kingdom,Period publication,Indexed issue text; the amount/item pairing is retained pending page-image comparison.,MEDIUM-HIGH,https://previouspage.co.uk/magazines/BMX%20Action%20Bike/issues/44-january-nineteen-eighty-five,INDEX-ONLY,v20 abmx 0226 curtis freestyle frame fork set january 1985 129 0 gbp https previouspage co uk magazines bmx 20action 20bike issues 44 january nineteen eighty five,RETAIN — source-specific observation,Source-specific period amount. Page-image comparison remains pending; no inflation adjustment or averaging is applied.,2026-08-02,BMX Action Bike,BMX Action Bike,previouspage.co.uk,Publication accessed through PreviousPage
ABMX-PR-0526,V20-ABMX-0226,,,CW Racing,Freestyle frame/fork set,Frame and fork set,January 1985,,185,GBP,£185,Advertised period price,United Kingdom,Period publication,Indexed issue text; the amount/item pairing is retained pending page-image comparison.,MEDIUM-HIGH,https://previouspage.co.uk/magazines/BMX%20Action%20Bike/issues/44-january-nineteen-eighty-five,INDEX-ONLY,v20 abmx 0226 cw racing freestyle frame fork set january 1985 185 0 gbp https previouspage co uk magazines bmx 20action 20bike issues 44 january nineteen eighty five,RETAIN — source-specific observation,Source-specific period amount. Page-image comparison remains pending; no inflation adjustment or averaging is applied.,2026-08-02,BMX Action Bike,BMX Action Bike,previouspage.co.uk,Publication accessed through PreviousPage
ABMX-PR-0527,V20-ABMX-0226,,,VDC,Freestyle frame/fork set,Frame and fork set,January 1985,,185,GBP,£185,Advertised period price,United Kingdom,Period publication,Indexed issue text; the amount/item pairing is retained pending page-image comparison.,MEDIUM-HIGH,https://previouspage.co.uk/magazines/BMX%20Action%20Bike/issues/44-january-nineteen-eighty-five,INDEX-ONLY,v20 abmx 0226 vdc freestyle frame fork set january 1985 185 0 gbp https previouspage co uk magazines bmx 20action 20bike issues 44 january nineteen eighty five,RETAIN — source-specific observation,Source-specific period amount. Page-image comparison remains pending; no inflation adjustment or averaging is applied.,2026-08-02,BMX Action Bike,BMX Action Bike,previouspage.co.uk,Publication accessed through PreviousPage
ABMX-PR-0528,V20-ABMX-0226,,,Haro,Master frame/fork set,Frame and fork set,January 1985,,189,GBP,£189,Advertised period price,United Kingdom,Period publication,Indexed issue text; the amount/item pairing is retained pending page-image comparison.,MEDIUM-HIGH,https://previouspage.co.uk/magazines/BMX%20Action%20Bike/issues/44-january-nineteen-eighty-five,INDEX-ONLY,v20 abmx 0226 haro master frame fork set january 1985 189 0 gbp https previouspage co uk magazines bmx 20action 20bike issues 44 january nineteen eighty five,RETAIN — source-specific observation,Source-specific period amount. Page-image comparison remains pending; no inflation adjustment or averaging is applied.,2026-08-02,BMX Action Bike,BMX Action Bike,previouspage.co.uk,Publication accessed through PreviousPage
ABMX-PR-0529,V20-ABMX-0226,,,Haro,Sport frame/fork set,Frame and fork set,January 1985,,187,GBP,£187,Advertised period price,United Kingdom,Period publication,Indexed issue text; the amount/item pairing is retained pending page-image comparison.,MEDIUM-HIGH,https://previouspage.co.uk/magazines/BMX%20Action%20Bike/issues/44-january-nineteen-eighty-five,INDEX-ONLY,v20 abmx 0226 haro sport frame fork set january 1985 187 0 gbp https previouspage co uk magazines bmx 20action 20bike issues 44 january nineteen eighty five,RETAIN — source-specific observation,Source-specific period amount. Page-image comparison remains pending; no inflation adjustment or averaging is applied.,2026-08-02,BMX Action Bike,BMX Action Bike,previouspage.co.uk,Publication accessed through PreviousPage
ABMX-PR-0530,V20-ABMX-0226,,,SE Racing,Quadangle frame/fork set,Frame and fork set,January 1985,,189,GBP,£189,Advertised period price,United Kingdom,Period publication,Indexed issue text; the amount/item pairing is retained pending page-image comparison.,MEDIUM-HIGH,https://previouspage.co.uk/magazines/BMX%20Action%20Bike/issues/44-january-nineteen-eighty-five,INDEX-ONLY,v20 abmx 0226 se racing quadangle frame fork set january 1985 189 0 gbp https previouspage co uk magazines bmx 20action 20bike issues 44 january nineteen eighty five,RETAIN — source-specific observation,Source-specific period amount. Page-image comparison remains pending; no inflation adjustment or averaging is applied.,2026-08-02,BMX Action Bike,BMX Action Bike,previouspage.co.uk,Publication accessed through PreviousPage
ABMX-PR-0531,V20-ABMX-0226,,,Redline,Prostyler frame/fork set,Frame and fork set,January 1985,,165,GBP,£165,Advertised period price,United Kingdom,Period publication,Indexed issue text; the amount/item pairing is retained pending page-image comparison.,MEDIUM-HIGH,https://previouspage.co.uk/magazines/BMX%20Action%20Bike/issues/44-january-nineteen-eighty-five,INDEX-ONLY,v20 abmx 0226 redline prostyler frame fork set january 1985 165 0 gbp https previouspage co uk magazines bmx 20action 20bike issues 44 january nineteen eighty five,RETAIN — source-specific observation,Source-specific period amount. Page-image comparison remains pending; no inflation adjustment or averaging is applied.,2026-08-02,BMX Action Bike,BMX Action Bike,previouspage.co.uk,Publication accessed through PreviousPage
ABMX-PR-0532,V20-ABMX-0226,,,Free Agent,Freestyle frame/fork set,Frame and fork set,January 1985,,179,GBP,£179,Advertised period price,United Kingdom,Period publication,Indexed issue text; the amount/item pairing is retained pending page-image comparison.,MEDIUM-HIGH,https://previouspage.co.uk/magazines/BMX%20Action%20Bike/issues/44-january-nineteen-eighty-five,INDEX-ONLY,v20 abmx 0226 free agent freestyle frame fork set january 1985 179 0 gbp https previouspage co uk magazines bmx 20action 20bike issues 44 january nineteen eighty five,RETAIN — source-specific observation,Source-specific period amount. Page-image comparison remains pending; no inflation adjustment or averaging is applied.,2026-08-02,BMX Action Bike,BMX Action Bike,previouspage.co.uk,Publication accessed through PreviousPage
ABMX-PR-0533,V20-ABMX-0226,,,GJS,Freestyle frame/fork set,Frame and fork set,January 1985,,185,GBP,£185,Advertised period price,United Kingdom,Period publication,Indexed issue text; the amount/item pairing is retained pending page-image comparison.,MEDIUM-HIGH,https://previouspage.co.uk/magazines/BMX%20Action%20Bike/issues/44-january-nineteen-eighty-five,INDEX-ONLY,v20 abmx 0226 gjs freestyle frame fork set january 1985 185 0 gbp https previouspage co uk magazines bmx 20action 20bike issues 44 january nineteen eighty five,RETAIN — source-specific observation,Source-specific period amount. Page-image comparison remains pending; no inflation adjustment or averaging is applied.,2026-08-02,BMX Action Bike,BMX Action Bike,previouspage.co.uk,Publication accessed through PreviousPage
ABMX-PR-0534,V20-ABMX-0226,,,Vector,Freestyle frame/fork set,Frame and fork set,January 1985,,179,GBP,£179,Advertised period price,United Kingdom,Period publication,Indexed issue text; the amount/item pairing is retained pending page-image comparison.,MEDIUM-HIGH,https://previouspage.co.uk/magazines/BMX%20Action%20Bike/issues/44-january-nineteen-eighty-five,INDEX-ONLY,v20 abmx 0226 vector freestyle frame fork set january 1985 179 0 gbp https previouspage co uk magazines bmx 20action 20bike issues 44 january nineteen eighty five,RETAIN — source-specific observation,Source-specific period amount. Page-image comparison remains pending; no inflation adjustment or averaging is applied.,2026-08-02,BMX Action Bike,BMX Action Bike,previouspage.co.uk,Publication accessed through PreviousPage
ABMX-PR-0535,V20-ABMX-0226,,,GT,Performer frame/fork set,Frame and fork set,January 1985,,169,GBP,£169,Advertised period price,United Kingdom,Period publication,Indexed issue text; the amount/item pairing is retained pending page-image comparison.,MEDIUM-HIGH,https://previouspage.co.uk/magazines/BMX%20Action%20Bike/issues/44-january-nineteen-eighty-five,INDEX-ONLY,v20 abmx 0226 gt performer frame fork set january 1985 169 0 gbp https previouspage co uk magazines bmx 20action 20bike issues 44 january nineteen eighty five,RETAIN — source-specific observation,Source-specific period amount. Page-image comparison remains pending; no inflation adjustment or averaging is applied.,2026-08-02,BMX Action Bike,BMX Action Bike,previouspage.co.uk,Publication accessed through PreviousPage
ABMX-PR-0536,V20-ABMX-0226,,,ACS,Z brake blocks,Brake blocks,January 1985,,1.7,GBP,£1.70,Advertised period price,United Kingdom,Period publication,Indexed issue text; the amount/item pairing is retained pending page-image comparison.,MEDIUM-HIGH,https://previouspage.co.uk/magazines/BMX%20Action%20Bike/issues/44-january-nineteen-eighty-five,INDEX-ONLY,v20 abmx 0226 acs z brake blocks january 1985 1 7 gbp https previouspage co uk magazines bmx 20action 20bike issues 44 january nineteen eighty five,RETAIN — source-specific observation,Source-specific period amount. Page-image comparison remains pending; no inflation adjustment or averaging is applied.,2026-08-02,BMX Action Bike,BMX Action Bike,previouspage.co.uk,Publication accessed through PreviousPage
ABMX-PR-0537,V20-ABMX-0226,,,Redline,Forklifter stem,Stem,January 1985,,16.5,GBP,£16.50,Advertised period price,United Kingdom,Period publication,Indexed issue text; the amount/item pairing is retained pending page-image comparison.,MEDIUM-HIGH,https://previouspage.co.uk/magazines/BMX%20Action%20Bike/issues/44-january-nineteen-eighty-five,INDEX-ONLY,v20 abmx 0226 redline forklifter stem january 1985 16 5 gbp https previouspage co uk magazines bmx 20action 20bike issues 44 january nineteen eighty five,RETAIN — source-specific observation,Source-specific period amount. Page-image comparison remains pending; no inflation adjustment or averaging is applied.,2026-08-02,BMX Action Bike,BMX Action Bike,previouspage.co.uk,Publication accessed through PreviousPage
ABMX-PR-0538,V20-ABMX-0226,,,Sugino,Stem,Stem,January 1985,,9,GBP,£9.00,Advertised period price,United Kingdom,Period publication,Indexed issue text; the amount/item pairing is retained pending page-image comparison.,MEDIUM-HIGH,https://previouspage.co.uk/magazines/BMX%20Action%20Bike/issues/44-january-nineteen-eighty-five,INDEX-ONLY,v20 abmx 0226 sugino stem january 1985 9 0 gbp https previouspage co uk magazines bmx 20action 20bike issues 44 january nineteen eighty five,RETAIN — source-specific observation,Source-specific period amount. Page-image comparison remains pending; no inflation adjustment or averaging is applied.,2026-08-02,BMX Action Bike,BMX Action Bike,previouspage.co.uk,Publication accessed through PreviousPage
ABMX-PR-0539,V20-ABMX-0226,,,Generic,Tuff pads,Brake pads,January 1985,,4.25,GBP,£4.25,Advertised period price,United Kingdom,Period publication,Indexed issue text; the amount/item pairing is retained pending page-image comparison.,MEDIUM-HIGH,https://previouspage.co.uk/magazines/BMX%20Action%20Bike/issues/44-january-nineteen-eighty-five,INDEX-ONLY,v20 abmx 0226 generic tuff pads january 1985 4 25 gbp https previouspage co uk magazines bmx 20action 20bike issues 44 january nineteen eighty five,RETAIN — source-specific observation,Source-specific period amount. Page-image comparison remains pending; no inflation adjustment or averaging is applied.,2026-08-02,BMX Action Bike,BMX Action Bike,previouspage.co.uk,Publication accessed through PreviousPage
ABMX-PR-0540,V20-ABMX-0226,,,Generic,Tuff Pro pads,Brake pads,January 1985,,7.5,GBP,£7.50,Advertised period price,United Kingdom,Period publication,Indexed issue text; the amount/item pairing is retained pending page-image comparison.,MEDIUM-HIGH,https://previouspage.co.uk/magazines/BMX%20Action%20Bike/issues/44-january-nineteen-eighty-five,INDEX-ONLY,v20 abmx 0226 generic tuff pro pads january 1985 7 5 gbp https previouspage co uk magazines bmx 20action 20bike issues 44 january nineteen eighty five,RETAIN — source-specific observation,Source-specific period amount. Page-image comparison remains pending; no inflation adjustment or averaging is applied.,2026-08-02,BMX Action Bike,BMX Action Bike,previouspage.co.uk,Publication accessed through PreviousPage
ABMX-PR-0541,V20-ABMX-0226,,,Generic,Copy Pro pads,Brake pads,January 1985,,2.5,GBP,£2.50,Advertised period price,United Kingdom,Period publication,Indexed issue text; the amount/item pairing is retained pending page-image comparison.,MEDIUM-HIGH,https://previouspage.co.uk/magazines/BMX%20Action%20Bike/issues/44-january-nineteen-eighty-five,INDEX-ONLY,v20 abmx 0226 generic copy pro pads january 1985 2 5 gbp https previouspage co uk magazines bmx 20action 20bike issues 44 january nineteen eighty five,RETAIN — source-specific observation,Source-specific period amount. Page-image comparison remains pending; no inflation adjustment or averaging is applied.,2026-08-02,BMX Action Bike,BMX Action Bike,previouspage.co.uk,Publication accessed through PreviousPage
ABMX-PR-0542,V20-ABMX-0226,,,ACS,Stem,Stem,January 1985,,12.95,GBP,£12.95,Advertised period price,United Kingdom,Period publication,Indexed issue text; the amount/item pairing is retained pending page-image comparison.,MEDIUM-HIGH,https://previouspage.co.uk/magazines/BMX%20Action%20Bike/issues/44-january-nineteen-eighty-five,INDEX-ONLY,v20 abmx 0226 acs stem january 1985 12 95 gbp https previouspage co uk magazines bmx 20action 20bike issues 44 january nineteen eighty five,RETAIN — source-specific observation,Source-specific period amount. Page-image comparison remains pending; no inflation adjustment or averaging is applied.,2026-08-02,BMX Action Bike,BMX Action Bike,previouspage.co.uk,Publication accessed through PreviousPage
ABMX-PR-0543,V20-ABMX-0227,,,Rebel,Reynolds 531 freestyle frame/fork/headset set,Frame and fork set,January 1985,,74.75,GBP,£74.75,Advertised period price,United Kingdom,Period publication,Indexed issue text; the amount/item pairing is retained pending page-image comparison.,MEDIUM-HIGH,https://previouspage.co.uk/magazines/BMX%20Action%20Bike/issues/44-january-nineteen-eighty-five,INDEX-ONLY,v20 abmx 0227 rebel reynolds 531 freestyle frame fork headset set january 1985 74 75 gbp https previouspage co uk magazines bmx 20action 20bike issues 44 january nineteen eighty five,RETAIN — source-specific observation,Source-specific period amount. Page-image comparison remains pending; no inflation adjustment or averaging is applied.,2026-08-02,BMX Action Bike,BMX Action Bike,previouspage.co.uk,Publication accessed through PreviousPage
ABMX-PR-0544,V20-ABMX-0229,,,Falcon,Pro Omega complete bike,Complete bike,January 1985,,129.95,GBP,£129.95,Advertised period price,United Kingdom,Period publication,Indexed issue text; the amount/item pairing is retained pending page-image comparison.,MEDIUM-HIGH,https://previouspage.co.uk/magazines/BMX%20Action%20Bike/issues/44-january-nineteen-eighty-five,INDEX-ONLY,v20 abmx 0229 falcon pro omega complete bike january 1985 129 95 gbp https previouspage co uk magazines bmx 20action 20bike issues 44 january nineteen eighty five,RETAIN — source-specific observation,Source-specific period amount. Page-image comparison remains pending; no inflation adjustment or averaging is applied.,2026-08-02,BMX Action Bike,BMX Action Bike,previouspage.co.uk,Publication accessed through PreviousPage
ABMX-PR-0545,V20-ABMX-0229,,,Falcon,Comp Flyer clearance bike,Complete bike,January 1985,,124.95,GBP,£124.95 clearance,Advertised period price,United Kingdom,Period publication,Indexed issue text; the amount/item pairing is retained pending page-image comparison.,MEDIUM-HIGH,https://previouspage.co.uk/magazines/BMX%20Action%20Bike/issues/44-january-nineteen-eighty-five,INDEX-ONLY,v20 abmx 0229 falcon comp flyer clearance bike january 1985 124 95 gbp https previouspage co uk magazines bmx 20action 20bike issues 44 january nineteen eighty five,RETAIN — source-specific observation,Source-specific period amount. Page-image comparison remains pending; no inflation adjustment or averaging is applied.,2026-08-02,BMX Action Bike,BMX Action Bike,previouspage.co.uk,Publication accessed through PreviousPage
ABMX-PR-0546,V20-ABMX-0229,,,Falcon,Sigma Mags clearance bike,Complete bike,January 1985,,110.95,GBP,£110.95 clearance,Advertised period price,United Kingdom,Period publication,Indexed issue text; the amount/item pairing is retained pending page-image comparison.,MEDIUM-HIGH,https://previouspage.co.uk/magazines/BMX%20Action%20Bike/issues/44-january-nineteen-eighty-five,INDEX-ONLY,v20 abmx 0229 falcon sigma mags clearance bike january 1985 110 95 gbp https previouspage co uk magazines bmx 20action 20bike issues 44 january nineteen eighty five,RETAIN — source-specific observation,Source-specific period amount. Page-image comparison remains pending; no inflation adjustment or averaging is applied.,2026-08-02,BMX Action Bike,BMX Action Bike,previouspage.co.uk,Publication accessed through PreviousPage
ABMX-PR-0547,V20-ABMX-0229,,,Falcon,Acro Flyer clearance bike,Complete bike,January 1985,,99.95,GBP,£99.95 clearance,Advertised period price,United Kingdom,Period publication,Indexed issue text; the amount/item pairing is retained pending page-image comparison.,MEDIUM-HIGH,https://previouspage.co.uk/magazines/BMX%20Action%20Bike/issues/44-january-nineteen-eighty-five,INDEX-ONLY,v20 abmx 0229 falcon acro flyer clearance bike january 1985 99 95 gbp https previouspage co uk magazines bmx 20action 20bike issues 44 january nineteen eighty five,RETAIN — source-specific observation,Source-specific period amount. Page-image comparison remains pending; no inflation adjustment or averaging is applied.,2026-08-02,BMX Action Bike,BMX Action Bike,previouspage.co.uk,Publication accessed through PreviousPage
ABMX-PR-0548,V20-ABMX-0229,,,Falcon,Team Flyer clearance bike,Complete bike,January 1985,,179.95,GBP,£179.95 clearance,Advertised period price,United Kingdom,Period publication,Indexed issue text; the amount/item pairing is retained pending page-image comparison.,MEDIUM-HIGH,https://previouspage.co.uk/magazines/BMX%20Action%20Bike/issues/44-january-nineteen-eighty-five,INDEX-ONLY,v20 abmx 0229 falcon team flyer clearance bike january 1985 179 95 gbp https previouspage co uk magazines bmx 20action 20bike issues 44 january nineteen eighty five,RETAIN — source-specific observation,Source-specific period amount. Page-image comparison remains pending; no inflation adjustment or averaging is applied.,2026-08-02,BMX Action Bike,BMX Action Bike,previouspage.co.uk,Publication accessed through PreviousPage
ABMX-PR-0549,V20-ABMX-0229,,,Ammaco,Freestyle King complete bike,Complete bike,January 1985,,139.95,GBP,£139.95,Advertised period price,United Kingdom,Period publication,Indexed issue text; the amount/item pairing is retained pending page-image comparison.,MEDIUM-HIGH,https://previouspage.co.uk/magazines/BMX%20Action%20Bike/issues/44-january-nineteen-eighty-five,INDEX-ONLY,v20 abmx 0229 ammaco freestyle king complete bike january 1985 139 95 gbp https previouspage co uk magazines bmx 20action 20bike issues 44 january nineteen eighty five,RETAIN — source-specific observation,Source-specific period amount. Page-image comparison remains pending; no inflation adjustment or averaging is applied.,2026-08-02,BMX Action Bike,BMX Action Bike,previouspage.co.uk,Publication accessed through PreviousPage
ABMX-PR-0550,V20-ABMX-0229,,,Ammaco,Fox clearance bike,Complete bike,January 1985,,179.95,GBP,£179.95 clearance,Advertised period price,United Kingdom,Period publication,Indexed issue text; the amount/item pairing is retained pending page-image comparison.,MEDIUM-HIGH,https://previouspage.co.uk/magazines/BMX%20Action%20Bike/issues/44-january-nineteen-eighty-five,INDEX-ONLY,v20 abmx 0229 ammaco fox clearance bike january 1985 179 95 gbp https previouspage co uk magazines bmx 20action 20bike issues 44 january nineteen eighty five,RETAIN — source-specific observation,Source-specific period amount. Page-image comparison remains pending; no inflation adjustment or averaging is applied.,2026-08-02,BMX Action Bike,BMX Action Bike,previouspage.co.uk,Publication accessed through PreviousPage
ABMX-PR-0551,V20-ABMX-0229,,,Ammaco,Superfox clearance bike,Complete bike,January 1985,,154.95,GBP,£154.95 clearance,Advertised period price,United Kingdom,Period publication,Indexed issue text; the amount/item pairing is retained pending page-image comparison.,MEDIUM-HIGH,https://previouspage.co.uk/magazines/BMX%20Action%20Bike/issues/44-january-nineteen-eighty-five,INDEX-ONLY,v20 abmx 0229 ammaco superfox clearance bike january 1985 154 95 gbp https previouspage co uk magazines bmx 20action 20bike issues 44 january nineteen eighty five,RETAIN — source-specific observation,Source-specific period amount. Page-image comparison remains pending; no inflation adjustment or averaging is applied.,2026-08-02,BMX Action Bike,BMX Action Bike,previouspage.co.uk,Publication accessed through PreviousPage
ABMX-PR-0552,V20-ABMX-0229,,,Ammaco,Whitefox clearance bike,Complete bike,January 1985,,149.95,GBP,£149.95 clearance,Advertised period price,United Kingdom,Period publication,Indexed issue text; the amount/item pairing is retained pending page-image comparison.,MEDIUM-HIGH,https://previouspage.co.uk/magazines/BMX%20Action%20Bike/issues/44-january-nineteen-eighty-five,INDEX-ONLY,v20 abmx 0229 ammaco whitefox clearance bike january 1985 149 95 gbp https previouspage co uk magazines bmx 20action 20bike issues 44 january nineteen eighty five,RETAIN — source-specific observation,Source-specific period amount. Page-image comparison remains pending; no inflation adjustment or averaging is applied.,2026-08-02,BMX Action Bike,BMX Action Bike,previouspage.co.uk,Publication accessed through PreviousPage
ABMX-PR-0553,V20-ABMX-0229,,,Ammaco,Silverfox clearance bike,Complete bike,January 1985,,139.95,GBP,£139.95 clearance,Advertised period price,United Kingdom,Period publication,Indexed issue text; the amount/item pairing is retained pending page-image comparison.,MEDIUM-HIGH,https://previouspage.co.uk/magazines/BMX%20Action%20Bike/issues/44-january-nineteen-eighty-five,INDEX-ONLY,v20 abmx 0229 ammaco silverfox clearance bike january 1985 139 95 gbp https previouspage co uk magazines bmx 20action 20bike issues 44 january nineteen eighty five,RETAIN — source-specific observation,Source-specific period amount. Page-image comparison remains pending; no inflation adjustment or averaging is applied.,2026-08-02,BMX Action Bike,BMX Action Bike,previouspage.co.uk,Publication accessed through PreviousPage
ABMX-PR-0554,V20-ABMX-0229,,,Ammaco,Smart Fox clearance bike,Complete bike,January 1985,,109.95,GBP,£109.95 clearance,Advertised period price,United Kingdom,Period publication,Indexed issue text; the amount/item pairing is retained pending page-image comparison.,MEDIUM-HIGH,https://previouspage.co.uk/magazines/BMX%20Action%20Bike/issues/44-january-nineteen-eighty-five,INDEX-ONLY,v20 abmx 0229 ammaco smart fox clearance bike january 1985 109 95 gbp https previouspage co uk magazines bmx 20action 20bike issues 44 january nineteen eighty five,RETAIN — source-specific observation,Source-specific period amount. Page-image comparison remains pending; no inflation adjustment or averaging is applied.,2026-08-02,BMX Action Bike,BMX Action Bike,previouspage.co.uk,Publication accessed through PreviousPage
ABMX-PR-0555,V20-ABMX-0229,,,Kuwahara,Nova Chrome clearance bike,Complete bike,January 1985,,169,GBP,£169 clearance,Advertised period price,United Kingdom,Period publication,Indexed issue text; the amount/item pairing is retained pending page-image comparison.,MEDIUM-HIGH,https://previouspage.co.uk/magazines/BMX%20Action%20Bike/issues/44-january-nineteen-eighty-five,INDEX-ONLY,v20 abmx 0229 kuwahara nova chrome clearance bike january 1985 169 0 gbp https previouspage co uk magazines bmx 20action 20bike issues 44 january nineteen eighty five,RETAIN — source-specific observation,Source-specific period amount. Page-image comparison remains pending; no inflation adjustment or averaging is applied.,2026-08-02,BMX Action Bike,BMX Action Bike,previouspage.co.uk,Publication accessed through PreviousPage
ABMX-PR-0556,V20-ABMX-0229,,,Raleigh,1984 Aero Pro clearance bike,Complete bike,January 1985,,199.95,GBP,£199.95 clearance,Advertised period price,United Kingdom,Period publication,Indexed issue text; the amount/item pairing is retained pending page-image comparison.,MEDIUM-HIGH,https://previouspage.co.uk/magazines/BMX%20Action%20Bike/issues/44-january-nineteen-eighty-five,INDEX-ONLY,v20 abmx 0229 raleigh 1984 aero pro clearance bike january 1985 199 95 gbp https previouspage co uk magazines bmx 20action 20bike issues 44 january nineteen eighty five,RETAIN — source-specific observation,Source-specific period amount. Page-image comparison remains pending; no inflation adjustment or averaging is applied.,2026-08-02,BMX Action Bike,BMX Action Bike,previouspage.co.uk,Publication accessed through PreviousPage
ABMX-PR-0557,V20-ABMX-0229,,,Raleigh,1984 Cromo Burner clearance bike,Complete bike,January 1985,,159.95,GBP,£159.95 clearance,Advertised period price,United Kingdom,Period publication,Indexed issue text; the amount/item pairing is retained pending page-image comparison.,MEDIUM-HIGH,https://previouspage.co.uk/magazines/BMX%20Action%20Bike/issues/44-january-nineteen-eighty-five,INDEX-ONLY,v20 abmx 0229 raleigh 1984 cromo burner clearance bike january 1985 159 95 gbp https previouspage co uk magazines bmx 20action 20bike issues 44 january nineteen eighty five,RETAIN — source-specific observation,Source-specific period amount. Page-image comparison remains pending; no inflation adjustment or averaging is applied.,2026-08-02,BMX Action Bike,BMX Action Bike,previouspage.co.uk,Publication accessed through PreviousPage
ABMX-PR-0558,V20-ABMX-0229,,,Raleigh,1984 Super Tuff Burner clearance bike,Complete bike,January 1985,,154.95,GBP,£154.95 clearance,Advertised period price,United Kingdom,Period publication,Indexed issue text; the amount/item pairing is retained pending page-image comparison.,MEDIUM-HIGH,https://previouspage.co.uk/magazines/BMX%20Action%20Bike/issues/44-january-nineteen-eighty-five,INDEX-ONLY,v20 abmx 0229 raleigh 1984 super tuff burner clearance bike january 1985 154 95 gbp https previouspage co uk magazines bmx 20action 20bike issues 44 january nineteen eighty five,RETAIN — source-specific observation,Source-specific period amount. Page-image comparison remains pending; no inflation adjustment or averaging is applied.,2026-08-02,BMX Action Bike,BMX Action Bike,previouspage.co.uk,Publication accessed through PreviousPage
ABMX-PR-0559,V20-ABMX-0229,,,Raleigh,1984 Ultra Burner clearance bike,Complete bike,January 1985,,139.95,GBP,£139.95 clearance,Advertised period price,United Kingdom,Period publication,Indexed issue text; the amount/item pairing is retained pending page-image comparison.,MEDIUM-HIGH,https://previouspage.co.uk/magazines/BMX%20Action%20Bike/issues/44-january-nineteen-eighty-five,INDEX-ONLY,v20 abmx 0229 raleigh 1984 ultra burner clearance bike january 1985 139 95 gbp https previouspage co uk magazines bmx 20action 20bike issues 44 january nineteen eighty five,RETAIN — source-specific observation,Source-specific period amount. Page-image comparison remains pending; no inflation adjustment or averaging is applied.,2026-08-02,BMX Action Bike,BMX Action Bike,previouspage.co.uk,Publication accessed through PreviousPage
ABMX-PR-0560,V20-ABMX-0229,,,Diamond Back,Pacer 500 clearance bike,Complete bike,January 1985,,179.95,GBP,£179.95 clearance,Advertised period price,United Kingdom,Period publication,Indexed issue text; the amount/item pairing is retained pending page-image comparison.,MEDIUM-HIGH,https://previouspage.co.uk/magazines/BMX%20Action%20Bike/issues/44-january-nineteen-eighty-five,INDEX-ONLY,v20 abmx 0229 diamond back pacer 500 clearance bike january 1985 179 95 gbp https previouspage co uk magazines bmx 20action 20bike issues 44 january nineteen eighty five,RETAIN — source-specific observation,Source-specific period amount. Page-image comparison remains pending; no inflation adjustment or averaging is applied.,2026-08-02,BMX Action Bike,BMX Action Bike,previouspage.co.uk,Publication accessed through PreviousPage
ABMX-PR-0561,V20-ABMX-0229,,,Mongoose,Californian Pro Class rims bike,Complete bike,January 1985,,175,GBP,£175,Advertised period price,United Kingdom,Period publication,Indexed issue text; the amount/item pairing is retained pending page-image comparison.,MEDIUM-HIGH,https://previouspage.co.uk/magazines/BMX%20Action%20Bike/issues/44-january-nineteen-eighty-five,INDEX-ONLY,v20 abmx 0229 mongoose californian pro class rims bike january 1985 175 0 gbp https previouspage co uk magazines bmx 20action 20bike issues 44 january nineteen eighty five,RETAIN — source-specific observation,Source-specific period amount. Page-image comparison remains pending; no inflation adjustment or averaging is applied.,2026-08-02,BMX Action Bike,BMX Action Bike,previouspage.co.uk,Publication accessed through PreviousPage
ABMX-PR-0562,V20-ABMX-0229,,,Mongoose,Californian mag-wheel bike,Complete bike,January 1985,,168.95,GBP,£168.95,Advertised period price,United Kingdom,Period publication,Indexed issue text; the amount/item pairing is retained pending page-image comparison.,MEDIUM-HIGH,https://previouspage.co.uk/magazines/BMX%20Action%20Bike/issues/44-january-nineteen-eighty-five,INDEX-ONLY,v20 abmx 0229 mongoose californian mag wheel bike january 1985 168 95 gbp https previouspage co uk magazines bmx 20action 20bike issues 44 january nineteen eighty five,RETAIN — source-specific observation,Source-specific period amount. Page-image comparison remains pending; no inflation adjustment or averaging is applied.,2026-08-02,BMX Action Bike,BMX Action Bike,previouspage.co.uk,Publication accessed through PreviousPage
ABMX-PR-0563,V20-ABMX-0229,,,Mongoose,Grand Prix clearance bike,Complete bike,January 1985,,134.95,GBP,£134.95,Advertised period price,United Kingdom,Period publication,Indexed issue text; the amount/item pairing is retained pending page-image comparison.,MEDIUM-HIGH,https://previouspage.co.uk/magazines/BMX%20Action%20Bike/issues/44-january-nineteen-eighty-five,INDEX-ONLY,v20 abmx 0229 mongoose grand prix clearance bike january 1985 134 95 gbp https previouspage co uk magazines bmx 20action 20bike issues 44 january nineteen eighty five,RETAIN — source-specific observation,Source-specific period amount. Page-image comparison remains pending; no inflation adjustment or averaging is applied.,2026-08-02,BMX Action Bike,BMX Action Bike,previouspage.co.uk,Publication accessed through PreviousPage
ABMX-PR-0564,V20-ABMX-0229,,,Hutch,Pro Raider clearance bike,Complete bike,January 1985,,199.95,GBP,£199.95 clearance,Advertised period price,United Kingdom,Period publication,Indexed issue text; the amount/item pairing is retained pending page-image comparison.,MEDIUM-HIGH,https://previouspage.co.uk/magazines/BMX%20Action%20Bike/issues/44-january-nineteen-eighty-five,INDEX-ONLY,v20 abmx 0229 hutch pro raider clearance bike january 1985 199 95 gbp https previouspage co uk magazines bmx 20action 20bike issues 44 january nineteen eighty five,RETAIN — source-specific observation,Source-specific period amount. Page-image comparison remains pending; no inflation adjustment or averaging is applied.,2026-08-02,BMX Action Bike,BMX Action Bike,previouspage.co.uk,Publication accessed through PreviousPage
ABMX-PR-0565,V20-ABMX-0234,,,BMX Action Bike,BMX Hotshots book,Book,January 1985,,1,GBP,£1,Advertised period price,United Kingdom,Period publication,Indexed issue text; the amount/item pairing is retained pending page-image comparison.,MEDIUM-HIGH,https://previouspage.co.uk/magazines/BMX%20Action%20Bike/issues/44-january-nineteen-eighty-five,INDEX-ONLY,v20 abmx 0234 bmx action bike bmx hotshots book january 1985 1 0 gbp https previouspage co uk magazines bmx 20action 20bike issues 44 january nineteen eighty five,RETAIN — source-specific observation,Source-specific period amount. Page-image comparison remains pending; no inflation adjustment or averaging is applied.,2026-08-02,BMX Action Bike,BMX Action Bike,previouspage.co.uk,Publication accessed through PreviousPage
ABMX-PR-0566,V20-ABMX-0234,,,Stu Thomsen,Book of BMX,Book,January 1985,,4.95,GBP,£4.95,Advertised period price,United Kingdom,Period publication,Indexed issue text; the amount/item pairing is retained pending page-image comparison.,MEDIUM-HIGH,https://previouspage.co.uk/magazines/BMX%20Action%20Bike/issues/44-january-nineteen-eighty-five,INDEX-ONLY,v20 abmx 0234 stu thomsen book of bmx january 1985 4 95 gbp https previouspage co uk magazines bmx 20action 20bike issues 44 january nineteen eighty five,RETAIN — source-specific observation,Source-specific period amount. Page-image comparison remains pending; no inflation adjustment or averaging is applied.,2026-08-02,BMX Action Bike,BMX Action Bike,previouspage.co.uk,Publication accessed through PreviousPage
ABMX-PR-0567,V20-ABMX-0234,,,Greg Hill,BMX race-tactics book,Book,January 1985,,7.25,GBP,£7.25,Advertised period price,United Kingdom,Period publication,Indexed issue text; the amount/item pairing is retained pending page-image comparison.,MEDIUM-HIGH,https://previouspage.co.uk/magazines/BMX%20Action%20Bike/issues/44-january-nineteen-eighty-five,INDEX-ONLY,v20 abmx 0234 greg hill bmx race tactics book january 1985 7 25 gbp https previouspage co uk magazines bmx 20action 20bike issues 44 january nineteen eighty five,RETAIN — source-specific observation,Source-specific period amount. Page-image comparison remains pending; no inflation adjustment or averaging is applied.,2026-08-02,BMX Action Bike,BMX Action Bike,previouspage.co.uk,Publication accessed through PreviousPage
ABMX-PR-0568,V20-ABMX-0234,,,BMX Action Bike,BMX Action Bike Book,Book,January 1985,,2.95,GBP,£2.95,Advertised period price,United Kingdom,Period publication,Indexed issue text; the amount/item pairing is retained pending page-image comparison.,MEDIUM-HIGH,https://previouspage.co.uk/magazines/BMX%20Action%20Bike/issues/44-january-nineteen-eighty-five,INDEX-ONLY,v20 abmx 0234 bmx action bike bmx action bike book january 1985 2 95 gbp https previouspage co uk magazines bmx 20action 20bike issues 44 january nineteen eighty five,RETAIN — source-specific observation,Source-specific period amount. Page-image comparison remains pending; no inflation adjustment or averaging is applied.,2026-08-02,BMX Action Bike,BMX Action Bike,previouspage.co.uk,Publication accessed through PreviousPage
ABMX-PR-0569,V20-ABMX-0234,,,Puffin,BMX Handbook,Book,January 1985,,1.25,GBP,£1.25,Advertised period price,United Kingdom,Period publication,Indexed issue text; the amount/item pairing is retained pending page-image comparison.,MEDIUM-HIGH,https://previouspage.co.uk/magazines/BMX%20Action%20Bike/issues/44-january-nineteen-eighty-five,INDEX-ONLY,v20 abmx 0234 puffin bmx handbook january 1985 1 25 gbp https previouspage co uk magazines bmx 20action 20bike issues 44 january nineteen eighty five,RETAIN — source-specific observation,Source-specific period amount. Page-image comparison remains pending; no inflation adjustment or averaging is applied.,2026-08-02,BMX Action Bike,BMX Action Bike,previouspage.co.uk,Publication accessed through PreviousPage
ABMX-PR-0570,V20-ABMX-0234,,,Andy Ruffell,BMX from Start to Finish,Book,January 1985,,5.95,GBP,£5.95,Advertised period price,United Kingdom,Period publication,Indexed issue text; the amount/item pairing is retained pending page-image comparison.,MEDIUM-HIGH,https://previouspage.co.uk/magazines/BMX%20Action%20Bike/issues/44-january-nineteen-eighty-five,INDEX-ONLY,v20 abmx 0234 andy ruffell bmx from start to finish january 1985 5 95 gbp https previouspage co uk magazines bmx 20action 20bike issues 44 january nineteen eighty five,RETAIN — source-specific observation,Source-specific period amount. Page-image comparison remains pending; no inflation adjustment or averaging is applied.,2026-08-02,BMX Action Bike,BMX Action Bike,previouspage.co.uk,Publication accessed through PreviousPage
ABMX-PR-0571,V20-ABMX-0234,,,Bob Osborn,The Complete Book of BMX,Book,January 1985,,3.5,GBP,£3.50,Advertised period price,United Kingdom,Period publication,Indexed issue text; the amount/item pairing is retained pending page-image comparison.,MEDIUM-HIGH,https://previouspage.co.uk/magazines/BMX%20Action%20Bike/issues/44-january-nineteen-eighty-five,INDEX-ONLY,v20 abmx 0234 bob osborn the complete book of bmx january 1985 3 5 gbp https previouspage co uk magazines bmx 20action 20bike issues 44 january nineteen eighty five,RETAIN — source-specific observation,Source-specific period amount. Page-image comparison remains pending; no inflation adjustment or averaging is applied.,2026-08-02,BMX Action Bike,BMX Action Bike,previouspage.co.uk,Publication accessed through PreviousPage
ABMX-PR-0572,V20-ABMX-0256,,,Skyway,Tuff wheel pair — standard colors,Wheelset,January 1985,,59.95,GBP,£59.95,Advertised period price,United Kingdom,Period publication,Indexed issue text; the amount/item pairing is retained pending page-image comparison.,MEDIUM-HIGH,https://previouspage.co.uk/magazines/BMX%20Action%20Bike/issues/44-january-nineteen-eighty-five,INDEX-ONLY,v20 abmx 0256 skyway tuff wheel pair standard colors january 1985 59 95 gbp https previouspage co uk magazines bmx 20action 20bike issues 44 january nineteen eighty five,RETAIN — source-specific observation,Source-specific period amount. Page-image comparison remains pending; no inflation adjustment or averaging is applied.,2026-08-02,BMX Action Bike,BMX Action Bike,previouspage.co.uk,Publication accessed through PreviousPage
ABMX-PR-0573,V20-ABMX-0256,,,Skyway,Lavender Tuff II wheel pair,Wheelset,January 1985,,69.95,GBP,£69.95,Advertised period price,United Kingdom,Period publication,Indexed issue text; the amount/item pairing is retained pending page-image comparison.,MEDIUM-HIGH,https://previouspage.co.uk/magazines/BMX%20Action%20Bike/issues/44-january-nineteen-eighty-five,INDEX-ONLY,v20 abmx 0256 skyway lavender tuff ii wheel pair january 1985 69 95 gbp https previouspage co uk magazines bmx 20action 20bike issues 44 january nineteen eighty five,RETAIN — source-specific observation,Source-specific period amount. Page-image comparison remains pending; no inflation adjustment or averaging is applied.,2026-08-02,BMX Action Bike,BMX Action Bike,previouspage.co.uk,Publication accessed through PreviousPage
ABMX-PR-0574,V20-ABMX-0256,,,Skyway,Lavender brake blocks,Brake blocks,January 1985,,4.99,GBP,£4.99,Advertised period price,United Kingdom,Period publication,Indexed issue text; the amount/item pairing is retained pending page-image comparison.,MEDIUM-HIGH,https://previouspage.co.uk/magazines/BMX%20Action%20Bike/issues/44-january-nineteen-eighty-five,INDEX-ONLY,v20 abmx 0256 skyway lavender brake blocks january 1985 4 99 gbp https previouspage co uk magazines bmx 20action 20bike issues 44 january nineteen eighty five,RETAIN — source-specific observation,Source-specific period amount. Page-image comparison remains pending; no inflation adjustment or averaging is applied.,2026-08-02,BMX Action Bike,BMX Action Bike,previouspage.co.uk,Publication accessed through PreviousPage
ABMX-PR-0575,V20-ABMX-0256,,,Skyway,Axle peg set,Axle pegs,January 1985,,8.95,GBP,£8.95,Advertised period price,United Kingdom,Period publication,Indexed issue text; the amount/item pairing is retained pending page-image comparison.,MEDIUM-HIGH,https://previouspage.co.uk/magazines/BMX%20Action%20Bike/issues/44-january-nineteen-eighty-five,INDEX-ONLY,v20 abmx 0256 skyway axle peg set january 1985 8 95 gbp https previouspage co uk magazines bmx 20action 20bike issues 44 january nineteen eighty five,RETAIN — source-specific observation,Source-specific period amount. Page-image comparison remains pending; no inflation adjustment or averaging is applied.,2026-08-02,BMX Action Bike,BMX Action Bike,previouspage.co.uk,Publication accessed through PreviousPage
ABMX-PR-0576,V20-ABMX-0256,,,Skyway,Trick platform,Freestyle platform,January 1985,,35,GBP,£35.00,Advertised period price,United Kingdom,Period publication,Indexed issue text; the amount/item pairing is retained pending page-image comparison.,MEDIUM-HIGH,https://previouspage.co.uk/magazines/BMX%20Action%20Bike/issues/44-january-nineteen-eighty-five,INDEX-ONLY,v20 abmx 0256 skyway trick platform january 1985 35 0 gbp https previouspage co uk magazines bmx 20action 20bike issues 44 january nineteen eighty five,RETAIN — source-specific observation,Source-specific period amount. Page-image comparison remains pending; no inflation adjustment or averaging is applied.,2026-08-02,BMX Action Bike,BMX Action Bike,previouspage.co.uk,Publication accessed through PreviousPage
ABMX-PR-0577,V20-ABMX-0256,,,GT,Izumi slotted chain,Chain,January 1985,,5.53,GBP,£5.53,Advertised period price,United Kingdom,Period publication,Indexed issue text; the amount/item pairing is retained pending page-image comparison.,MEDIUM-HIGH,https://previouspage.co.uk/magazines/BMX%20Action%20Bike/issues/44-january-nineteen-eighty-five,INDEX-ONLY,v20 abmx 0256 gt izumi slotted chain january 1985 5 53 gbp https previouspage co uk magazines bmx 20action 20bike issues 44 january nineteen eighty five,RETAIN — source-specific observation,Source-specific period amount. Page-image comparison remains pending; no inflation adjustment or averaging is applied.,2026-08-02,BMX Action Bike,BMX Action Bike,previouspage.co.uk,Publication accessed through PreviousPage
ABMX-PR-0578,V20-ABMX-0256,,,Izumi,Colored chain,Chain,January 1985,,5.38,GBP,£5.38,Advertised period price,United Kingdom,Period publication,Indexed issue text; the amount/item pairing is retained pending page-image comparison.,MEDIUM-HIGH,https://previouspage.co.uk/magazines/BMX%20Action%20Bike/issues/44-january-nineteen-eighty-five,INDEX-ONLY,v20 abmx 0256 izumi colored chain january 1985 5 38 gbp https previouspage co uk magazines bmx 20action 20bike issues 44 january nineteen eighty five,RETAIN — source-specific observation,Source-specific period amount. Page-image comparison remains pending; no inflation adjustment or averaging is applied.,2026-08-02,BMX Action Bike,BMX Action Bike,previouspage.co.uk,Publication accessed through PreviousPage
ABMX-PR-0579,V20-ABMX-0256,,,Smoker,Chain,Chain,January 1985,,0.75,GBP,£0.75,Advertised period price,United Kingdom,Period publication,Indexed issue text; the amount/item pairing is retained pending page-image comparison.,MEDIUM-HIGH,https://previouspage.co.uk/magazines/BMX%20Action%20Bike/issues/44-january-nineteen-eighty-five,INDEX-ONLY,v20 abmx 0256 smoker chain january 1985 0 75 gbp https previouspage co uk magazines bmx 20action 20bike issues 44 january nineteen eighty five,RETAIN — source-specific observation,Source-specific period amount. Page-image comparison remains pending; no inflation adjustment or averaging is applied.,2026-08-02,BMX Action Bike,BMX Action Bike,previouspage.co.uk,Publication accessed through PreviousPage
ABMX-PR-0580,V20-BIC-0002,,,Jacques Laffite,BMX range starting price,Complete bike,July 1982,,675,FRF,à partir de 675 F TTC,Advertised period price,France,Period publication,Indexed French-language issue text; the amount/item pairing is retained pending page-image comparison.,MEDIUM-HIGH,https://previouspage.co.uk/magazines/Bicross/issues/230-july-nineteen-eighty-two,INDEX-ONLY,v20 bic 0002 jacques laffite bmx range starting price july 1982 675 0 frf https previouspage co uk magazines bicross issues 230 july nineteen eighty two,RETAIN — source-specific observation,"Source-specific period amount in French francs. No inflation adjustment, currency conversion, or averaging is applied.",2026-08-02,Bicross,Bicross,previouspage.co.uk,Publication accessed through PreviousPage
ABMX-PR-0581,V20-BIC-0002,,,Jacques Laffite,Super X complete BMX,Complete bike,July 1982,,1250,FRF,Super X — 1 250 F TTC,Advertised period price,France,Period publication,Indexed French-language issue text; the amount/item pairing is retained pending page-image comparison.,MEDIUM-HIGH,https://previouspage.co.uk/magazines/Bicross/issues/230-july-nineteen-eighty-two,INDEX-ONLY,v20 bic 0002 jacques laffite super x complete bmx july 1982 1250 0 frf https previouspage co uk magazines bicross issues 230 july nineteen eighty two,RETAIN — source-specific observation,"Source-specific period amount in French francs. No inflation adjustment, currency conversion, or averaging is applied.",2026-08-02,Bicross,Bicross,previouspage.co.uk,Publication accessed through PreviousPage
ABMX-PR-0582,V20-BIC-0003,,,Cyclo-Car,Universal two-bike carrier,Vehicle bicycle carrier,July 1982,,500,FRF,500 F + 72 F de frais d’envoi,Advertised period price,France,Period publication,Indexed French-language issue text; the amount/item pairing is retained pending page-image comparison.,MEDIUM-HIGH,https://previouspage.co.uk/magazines/Bicross/issues/230-july-nineteen-eighty-two,INDEX-ONLY,v20 bic 0003 cyclo car universal two bike carrier july 1982 500 0 frf https previouspage co uk magazines bicross issues 230 july nineteen eighty two,RETAIN — source-specific observation,"Source-specific period amount in French francs. No inflation adjustment, currency conversion, or averaging is applied.",2026-08-02,Bicross,Bicross,previouspage.co.uk,Publication accessed through PreviousPage
ABMX-PR-0583,V20-BIC-0018,,,Bicross Magazine,Domestic annual subscription — 12 issues,Magazine subscription,July 1982,,80,FRF,Abonnement 1 an ou 12 numéros : 80 F,Advertised period price,France,Period publication,Indexed French-language issue text; the amount/item pairing is retained pending page-image comparison.,MEDIUM-HIGH,https://previouspage.co.uk/magazines/Bicross/issues/230-july-nineteen-eighty-two,INDEX-ONLY,v20 bic 0018 bicross magazine domestic annual subscription 12 issues july 1982 80 0 frf https previouspage co uk magazines bicross issues 230 july nineteen eighty two,RETAIN — source-specific observation,"Source-specific period amount in French francs. No inflation adjustment, currency conversion, or averaging is applied.",2026-08-02,Bicross,Bicross,previouspage.co.uk,Publication accessed through PreviousPage
ABMX-PR-0584,V20-BIC-0018,,,Bicross Magazine,Foreign annual subscription — 12 issues,Magazine subscription,July 1982,,140,FRF,étranger : 140 F,Advertised period price,France,Period publication,Indexed French-language issue text; the amount/item pairing is retained pending page-image comparison.,MEDIUM-HIGH,https://previouspage.co.uk/magazines/Bicross/issues/230-july-nineteen-eighty-two,INDEX-ONLY,v20 bic 0018 bicross magazine foreign annual subscription 12 issues july 1982 140 0 frf https previouspage co uk magazines bicross issues 230 july nineteen eighty two,RETAIN — source-specific observation,"Source-specific period amount in French francs. No inflation adjustment, currency conversion, or averaging is applied.",2026-08-02,Bicross,Bicross,previouspage.co.uk,Publication accessed through PreviousPage
ABMX-PR-0585,V20-BIC-0019,,,Raleigh,Ultra Burner complete BMX,Complete bike,July 1982,,1400,FRF,Prix T.T.C. : 1 400 F,Reported period test price,France,Period publication,Indexed French-language issue text; the amount/item pairing is retained pending page-image comparison.,MEDIUM-HIGH,https://previouspage.co.uk/magazines/Bicross/issues/230-july-nineteen-eighty-two,INDEX-ONLY,v20 bic 0019 raleigh ultra burner complete bmx july 1982 1400 0 frf https previouspage co uk magazines bicross issues 230 july nineteen eighty two,RETAIN — source-specific observation,"Source-specific period amount in French francs. No inflation adjustment, currency conversion, or averaging is applied.",2026-08-02,Bicross,Bicross,previouspage.co.uk,Publication accessed through PreviousPage
ABMX-PR-0586,V20-BIC-0020,,,Motobécane-Loïs,Bol d’Or entry — licensed rider,Event entry fee,July 1982,,20,FRF,20 F — engagement pour licencié,Event entry fee,France,Period publication,Indexed French-language issue text; the amount/item pairing is retained pending page-image comparison.,MEDIUM-HIGH,https://previouspage.co.uk/magazines/Bicross/issues/230-july-nineteen-eighty-two,INDEX-ONLY,v20 bic 0020 motob cane lo s bol d or entry licensed rider july 1982 20 0 frf https previouspage co uk magazines bicross issues 230 july nineteen eighty two,RETAIN — source-specific observation,"Source-specific period amount in French francs. No inflation adjustment, currency conversion, or averaging is applied.",2026-08-02,Bicross,Bicross,previouspage.co.uk,Publication accessed through PreviousPage
ABMX-PR-0587,V20-BIC-0020,,,Motobécane-Loïs,Bol d’Or entry plus day licence,Event entry fee,July 1982,,50,FRF,50 F — engagement + licence journée,Event entry fee,France,Period publication,Indexed French-language issue text; the amount/item pairing is retained pending page-image comparison.,MEDIUM-HIGH,https://previouspage.co.uk/magazines/Bicross/issues/230-july-nineteen-eighty-two,INDEX-ONLY,v20 bic 0020 motob cane lo s bol d or entry plus day licence july 1982 50 0 frf https previouspage co uk magazines bicross issues 230 july nineteen eighty two,RETAIN — source-specific observation,"Source-specific period amount in French francs. No inflation adjustment, currency conversion, or averaging is applied.",2026-08-02,Bicross,Bicross,previouspage.co.uk,Publication accessed through PreviousPage
ABMX-PR-0588,V20-BIC-0022,,,Peugeot,CPX 150 complete BMX,Complete bike,July 1982,,1500,FRF,de l’ordre de 1 500 F,Approximate reported period price,France,Period publication,Indexed French-language issue text; the amount/item pairing is retained pending page-image comparison.,MEDIUM-HIGH,https://previouspage.co.uk/magazines/Bicross/issues/230-july-nineteen-eighty-two,INDEX-ONLY,v20 bic 0022 peugeot cpx 150 complete bmx july 1982 1500 0 frf https previouspage co uk magazines bicross issues 230 july nineteen eighty two,RETAIN — source-specific observation,"Source-specific period amount in French francs. No inflation adjustment, currency conversion, or averaging is applied.",2026-08-02,Bicross,Bicross,previouspage.co.uk,Publication accessed through PreviousPage
ABMX-PR-0589,V20-BIC-0023,,,Peugeot,CPX 600 complete BMX,Complete bike,July 1982,,4000,FRF,de l’ordre de 4 000 F,Approximate reported period price,France,Period publication,Indexed French-language issue text; the amount/item pairing is retained pending page-image comparison.,MEDIUM-HIGH,https://previouspage.co.uk/magazines/Bicross/issues/230-july-nineteen-eighty-two,INDEX-ONLY,v20 bic 0023 peugeot cpx 600 complete bmx july 1982 4000 0 frf https previouspage co uk magazines bicross issues 230 july nineteen eighty two,RETAIN — source-specific observation,"Source-specific period amount in French francs. No inflation adjustment, currency conversion, or averaging is applied.",2026-08-02,Bicross,Bicross,previouspage.co.uk,Publication accessed through PreviousPage
ABMX-PR-0590,V20-BIC-0024,,,Jacques Laffite,Super X complete BMX,Complete bike,July 1982,,1250,FRF,prix de 1 250 F,Reported period product price,France,Period publication,Indexed French-language issue text; the amount/item pairing is retained pending page-image comparison.,MEDIUM-HIGH,https://previouspage.co.uk/magazines/Bicross/issues/230-july-nineteen-eighty-two,INDEX-ONLY,v20 bic 0024 jacques laffite super x complete bmx july 1982 1250 0 frf https previouspage co uk magazines bicross issues 230 july nineteen eighty two,RETAIN — source-specific observation,"Source-specific period amount in French francs. No inflation adjustment, currency conversion, or averaging is applied.",2026-08-02,Bicross,Bicross,previouspage.co.uk,Publication accessed through PreviousPage
ABMX-PR-0591,V20-BIC-0025,,,Raleigh,Burner complete BMX,Complete bike,July 1982,,899,FRF,Vendu 899 F,Reported period product price,France,Period publication,Indexed French-language issue text; the amount/item pairing is retained pending page-image comparison.,MEDIUM-HIGH,https://previouspage.co.uk/magazines/Bicross/issues/230-july-nineteen-eighty-two,INDEX-ONLY,v20 bic 0025 raleigh burner complete bmx july 1982 899 0 frf https previouspage co uk magazines bicross issues 230 july nineteen eighty two,RETAIN — source-specific observation,"Source-specific period amount in French francs. No inflation adjustment, currency conversion, or averaging is applied.",2026-08-02,Bicross,Bicross,previouspage.co.uk,Publication accessed through PreviousPage
ABMX-PR-0592,V20-BIC-0026,,,Raleigh,Tuf Burner complete BMX,Complete bike,July 1982,,1199,FRF,prix : 1 199 F,Reported period product price,France,Period publication,Indexed French-language issue text; the amount/item pairing is retained pending page-image comparison.,MEDIUM-HIGH,https://previouspage.co.uk/magazines/Bicross/issues/230-july-nineteen-eighty-two,INDEX-ONLY,v20 bic 0026 raleigh tuf burner complete bmx july 1982 1199 0 frf https previouspage co uk magazines bicross issues 230 july nineteen eighty two,RETAIN — source-specific observation,"Source-specific period amount in French francs. No inflation adjustment, currency conversion, or averaging is applied.",2026-08-02,Bicross,Bicross,previouspage.co.uk,Publication accessed through PreviousPage
ABMX-PR-0593,V20-BIC-0027,,,Raleigh,Super Burner complete BMX,Complete bike,July 1982,,999,FRF,Prix : 999 F,Reported period product price,France,Period publication,Indexed French-language issue text; the amount/item pairing is retained pending page-image comparison.,MEDIUM-HIGH,https://previouspage.co.uk/magazines/Bicross/issues/230-july-nineteen-eighty-two,INDEX-ONLY,v20 bic 0027 raleigh super burner complete bmx july 1982 999 0 frf https previouspage co uk magazines bicross issues 230 july nineteen eighty two,RETAIN — source-specific observation,"Source-specific period amount in French francs. No inflation adjustment, currency conversion, or averaging is applied.",2026-08-02,Bicross,Bicross,previouspage.co.uk,Publication accessed through PreviousPage
ABMX-PR-0594,V20-BIC-0028,,,Raleigh,Pro Burner complete BMX,Complete bike,July 1982,,2400,FRF,Prix : 2 400 F,Reported period product price,France,Period publication,Indexed French-language issue text; the amount/item pairing is retained pending page-image comparison.,MEDIUM-HIGH,https://previouspage.co.uk/magazines/Bicross/issues/230-july-nineteen-eighty-two,INDEX-ONLY,v20 bic 0028 raleigh pro burner complete bmx july 1982 2400 0 frf https previouspage co uk magazines bicross issues 230 july nineteen eighty two,RETAIN — source-specific observation,"Source-specific period amount in French francs. No inflation adjustment, currency conversion, or averaging is applied.",2026-08-02,Bicross,Bicross,previouspage.co.uk,Publication accessed through PreviousPage
ABMX-PR-0595,V20-BIC-0029,,,Red Line,Competition complete BMX,Complete bike,July 1982,,4450,FRF,l’engin vaut 4 450 F,Reported period product price,France,Period publication,Indexed French-language issue text; the amount/item pairing is retained pending page-image comparison.,MEDIUM-HIGH,https://previouspage.co.uk/magazines/Bicross/issues/230-july-nineteen-eighty-two,INDEX-ONLY,v20 bic 0029 red line competition complete bmx july 1982 4450 0 frf https previouspage co uk magazines bicross issues 230 july nineteen eighty two,RETAIN — source-specific observation,"Source-specific period amount in French francs. No inflation adjustment, currency conversion, or averaging is applied.",2026-08-02,Bicross,Bicross,previouspage.co.uk,Publication accessed through PreviousPage
ABMX-PR-0596,V20-BIC-0030,,,Pro-Tec,Full-face BMX helmet,Helmet,July 1982,,380,FRF,380 F,Reported period product price,France,Period publication,Indexed French-language issue text; the amount/item pairing is retained pending page-image comparison.,MEDIUM-HIGH,https://previouspage.co.uk/magazines/Bicross/issues/230-july-nineteen-eighty-two,INDEX-ONLY,v20 bic 0030 pro tec full face bmx helmet july 1982 380 0 frf https previouspage co uk magazines bicross issues 230 july nineteen eighty two,RETAIN — source-specific observation,"Source-specific period amount in French francs. No inflation adjustment, currency conversion, or averaging is applied.",2026-08-02,Bicross,Bicross,previouspage.co.uk,Publication accessed through PreviousPage
ABMX-PR-0597,V20-BIC-0031,,,Cyclo-Car,Universal carrier with special fittings,Vehicle bicycle carrier,July 1982,,610,FRF,610 F avec les fixations spéciales,Reported period product price,France,Period publication,Indexed French-language issue text; the amount/item pairing is retained pending page-image comparison.,MEDIUM-HIGH,https://previouspage.co.uk/magazines/Bicross/issues/230-july-nineteen-eighty-two,INDEX-ONLY,v20 bic 0031 cyclo car universal carrier with special fittings july 1982 610 0 frf https previouspage co uk magazines bicross issues 230 july nineteen eighty two,RETAIN — source-specific observation,"Source-specific period amount in French francs. No inflation adjustment, currency conversion, or averaging is applied.",2026-08-02,Bicross,Bicross,previouspage.co.uk,Publication accessed through PreviousPage
ABMX-PR-0598,V20-BIC-0032,,,Bufalo,BMX racing pants,Racing pants,July 1982,,250,FRF,Prix : 250 F,Reported period product price,France,Period publication,Indexed French-language issue text; the amount/item pairing is retained pending page-image comparison.,MEDIUM-HIGH,https://previouspage.co.uk/magazines/Bicross/issues/230-july-nineteen-eighty-two,INDEX-ONLY,v20 bic 0032 bufalo bmx racing pants july 1982 250 0 frf https previouspage co uk magazines bicross issues 230 july nineteen eighty two,RETAIN — source-specific observation,"Source-specific period amount in French francs. No inflation adjustment, currency conversion, or averaging is applied.",2026-08-02,Bicross,Bicross,previouspage.co.uk,Publication accessed through PreviousPage
ABMX-PR-0599,V20-BIC-0035,,,Raleigh,Team-color BMX racing pants,Racing pants,July 1982,,200,FRF,prix de 200 F,Reported period product price,France,Period publication,Indexed French-language issue text; the amount/item pairing is retained pending page-image comparison.,MEDIUM-HIGH,https://previouspage.co.uk/magazines/Bicross/issues/230-july-nineteen-eighty-two,INDEX-ONLY,v20 bic 0035 raleigh team color bmx racing pants july 1982 200 0 frf https previouspage co uk magazines bicross issues 230 july nineteen eighty two,RETAIN — source-specific observation,"Source-specific period amount in French francs. No inflation adjustment, currency conversion, or averaging is applied.",2026-08-02,Bicross,Bicross,previouspage.co.uk,Publication accessed through PreviousPage
ABMX-PR-0600,V20-BIC-0016,,,Jacques Laffite,Vélo-Trial complete bicycle,Trial bicycle,July 1982,,1350,FRF,Prix : 1 350 F,Reported period product price,France,Period publication,Indexed French-language issue text; the amount/item pairing is retained pending page-image comparison.,MEDIUM-HIGH,https://previouspage.co.uk/magazines/Bicross/issues/230-july-nineteen-eighty-two,INDEX-ONLY,v20 bic 0016 jacques laffite v lo trial complete bicycle july 1982 1350 0 frf https previouspage co uk magazines bicross issues 230 july nineteen eighty two,RETAIN — source-specific observation,"Source-specific period amount in French francs. No inflation adjustment, currency conversion, or averaging is applied.",2026-08-02,Bicross,Bicross,previouspage.co.uk,Publication accessed through PreviousPage
ABMX-PR-0601,V20-BIC-0043,,,Yamaha,BYZ 301 complete BMX,Complete bike,July 1982,,1300,FRF,prix reste dans les 1 300 F,Approximate reported period price,France,Period publication,Indexed French-language issue text; the amount/item pairing is retained pending page-image comparison.,MEDIUM-HIGH,https://previouspage.co.uk/magazines/Bicross/issues/230-july-nineteen-eighty-two,INDEX-ONLY,v20 bic 0043 yamaha byz 301 complete bmx july 1982 1300 0 frf https previouspage co uk magazines bicross issues 230 july nineteen eighty two,RETAIN — source-specific observation,"Source-specific period amount in French francs. No inflation adjustment, currency conversion, or averaging is applied.",2026-08-02,Bicross,Bicross,previouspage.co.uk,Publication accessed through PreviousPage
ABMX-PR-0602,V20-BIC-0044,,,Yamaha,BYZ 401 complete BMX,Complete bike,July 1982,,1800,FRF,devrait coûter dans les 1 800 F,Approximate reported period price,France,Period publication,Indexed French-language issue text; the amount/item pairing is retained pending page-image comparison.,MEDIUM-HIGH,https://previouspage.co.uk/magazines/Bicross/issues/230-july-nineteen-eighty-two,INDEX-ONLY,v20 bic 0044 yamaha byz 401 complete bmx july 1982 1800 0 frf https previouspage co uk magazines bicross issues 230 july nineteen eighty two,RETAIN — source-specific observation,"Source-specific period amount in French francs. No inflation adjustment, currency conversion, or averaging is applied.",2026-08-02,Bicross,Bicross,previouspage.co.uk,Publication accessed through PreviousPage
ABMX-PR-0603,V20-BIC-0045,,,Yamaha,BYZ 501 complete BMX,Complete bike,July 1982,,2600,FRF,autour de 2 600 F,Approximate reported period price,France,Period publication,Indexed French-language issue text; the amount/item pairing is retained pending page-image comparison.,MEDIUM-HIGH,https://previouspage.co.uk/magazines/Bicross/issues/230-july-nineteen-eighty-two,INDEX-ONLY,v20 bic 0045 yamaha byz 501 complete bmx july 1982 2600 0 frf https previouspage co uk magazines bicross issues 230 july nineteen eighty two,RETAIN — source-specific observation,"Source-specific period amount in French francs. No inflation adjustment, currency conversion, or averaging is applied.",2026-08-02,Bicross,Bicross,previouspage.co.uk,Publication accessed through PreviousPage
ABMX-PR-0604,V20-BIC-0058,,,Bicross Magazine,Private classified advertisement line,Classified advertising rate,July 1982,,10,FRF,Annonce particulier : 10 F T.T.C. la ligne,Publication service rate,France,Period publication,Indexed French-language issue text; the amount/item pairing is retained pending page-image comparison.,MEDIUM-HIGH,https://previouspage.co.uk/magazines/Bicross/issues/230-july-nineteen-eighty-two,INDEX-ONLY,v20 bic 0058 bicross magazine private classified advertisement line july 1982 10 0 frf https previouspage co uk magazines bicross issues 230 july nineteen eighty two,RETAIN — source-specific observation,"Source-specific period amount in French francs. No inflation adjustment, currency conversion, or averaging is applied.",2026-08-02,Bicross,Bicross,previouspage.co.uk,Publication accessed through PreviousPage
ABMX-PR-0605,V20-BIC-0058,,,Bicross Magazine,Professional classified advertisement line,Classified advertising rate,July 1982,,30,FRF,Annonce professionnel : 30 F T.T.C. la ligne,Publication service rate,France,Period publication,Indexed French-language issue text; the amount/item pairing is retained pending page-image comparison.,MEDIUM-HIGH,https://previouspage.co.uk/magazines/Bicross/issues/230-july-nineteen-eighty-two,INDEX-ONLY,v20 bic 0058 bicross magazine professional classified advertisement line july 1982 30 0 frf https previouspage co uk magazines bicross issues 230 july nineteen eighty two,RETAIN — source-specific observation,"Source-specific period amount in French francs. No inflation adjustment, currency conversion, or averaging is applied.",2026-08-02,Bicross,Bicross,previouspage.co.uk,Publication accessed through PreviousPage
ABMX-PR-0606,V20-BIC-0060,,,Bicross Magazine,Domestic annual subscription — 12 issues,Magazine subscription,October 1982,,80,FRF,Abonnement 1 an ou 12 numéros : 80 F,Advertised period price,France,Period publication,Indexed French-language issue text; the amount/item pairing is retained pending page-image comparison.,MEDIUM-HIGH,https://previouspage.co.uk/magazines/Bicross/issues/231-october-nineteen-eighty-two,INDEX-ONLY,v20 bic 0060 bicross magazine domestic annual subscription 12 issues october 1982 80 frf https previouspage co uk magazines bicross issues 231 october nineteen eighty two,RETAIN — source-specific observation,"Source-specific period amount in French francs. No inflation adjustment, currency conversion, or averaging is applied.",2026-08-02,Bicross,Bicross,previouspage.co.uk,Publication accessed through PreviousPage
ABMX-PR-0607,V20-BIC-0060,,,Bicross Magazine,Foreign annual subscription — 12 issues,Magazine subscription,October 1982,,140,FRF,étranger : 140 F,Advertised period price,France,Period publication,Indexed French-language issue text; the amount/item pairing is retained pending page-image comparison.,MEDIUM-HIGH,https://previouspage.co.uk/magazines/Bicross/issues/231-october-nineteen-eighty-two,INDEX-ONLY,v20 bic 0060 bicross magazine foreign annual subscription 12 issues october 1982 140 frf https previouspage co uk magazines bicross issues 231 october nineteen eighty two,RETAIN — source-specific observation,"Source-specific period amount in French francs. No inflation adjustment, currency conversion, or averaging is applied.",2026-08-02,Bicross,Bicross,previouspage.co.uk,Publication accessed through PreviousPage
ABMX-PR-0608,V20-BIC-0069,,,Motobécane,BX 14 complete bicycle,Complete bike,October 1982,,565,FRF,commercialisé dans les 565 F,Reported period product price,France,Period publication,Indexed French-language issue text; the amount/item pairing is retained pending page-image comparison.,MEDIUM-HIGH,https://previouspage.co.uk/magazines/Bicross/issues/231-october-nineteen-eighty-two,INDEX-ONLY,v20 bic 0069 motobecane bx 14 complete bicycle october 1982 565 frf https previouspage co uk magazines bicross issues 231 october nineteen eighty two,RETAIN — source-specific observation,"Source-specific period amount in French francs. No inflation adjustment, currency conversion, or averaging is applied.",2026-08-02,Bicross,Bicross,previouspage.co.uk,Publication accessed through PreviousPage
ABMX-PR-0609,V20-BIC-0070,,,Motobécane,BX 20 complete bicycle,Complete bike,October 1982,,675,FRF,investissant 675 F dans le BX 20,Reported period product price,France,Period publication,Indexed French-language issue text; the amount/item pairing is retained pending page-image comparison.,MEDIUM-HIGH,https://previouspage.co.uk/magazines/Bicross/issues/231-october-nineteen-eighty-two,INDEX-ONLY,v20 bic 0070 motobecane bx 20 complete bicycle october 1982 675 frf https previouspage co uk magazines bicross issues 231 october nineteen eighty two,RETAIN — source-specific observation,"Source-specific period amount in French francs. No inflation adjustment, currency conversion, or averaging is applied.",2026-08-02,Bicross,Bicross,previouspage.co.uk,Publication accessed through PreviousPage
ABMX-PR-0610,V20-BIC-0071,,,Motobécane,MX 102 complete BMX,Complete bike,October 1982,,995,FRF,"il pèse 13,6 kg et vaut 995 F",Reported period product price,France,Period publication,Indexed French-language issue text; the amount/item pairing is retained pending page-image comparison.,MEDIUM-HIGH,https://previouspage.co.uk/magazines/Bicross/issues/231-october-nineteen-eighty-two,INDEX-ONLY,v20 bic 0071 motobecane mx 102 complete bmx october 1982 995 frf https previouspage co uk magazines bicross issues 231 october nineteen eighty two,RETAIN — source-specific observation,"Source-specific period amount in French francs. No inflation adjustment, currency conversion, or averaging is applied.",2026-08-02,Bicross,Bicross,previouspage.co.uk,Publication accessed through PreviousPage
ABMX-PR-0611,V20-BIC-0072,,,Motobécane,MX 152 complete BMX,Complete bike,October 1982,,1460,FRF,le MX 152 vaut 1 460 F,Reported period product price,France,Period publication,Indexed French-language issue text; the amount/item pairing is retained pending page-image comparison.,MEDIUM-HIGH,https://previouspage.co.uk/magazines/Bicross/issues/231-october-nineteen-eighty-two,INDEX-ONLY,v20 bic 0072 motobecane mx 152 complete bmx october 1982 1460 frf https previouspage co uk magazines bicross issues 231 october nineteen eighty two,RETAIN — source-specific observation,"Source-specific period amount in French francs. No inflation adjustment, currency conversion, or averaging is applied.",2026-08-02,Bicross,Bicross,previouspage.co.uk,Publication accessed through PreviousPage
ABMX-PR-0612,V20-BIC-0073,,,Motobécane,MX 252 complete BMX,Complete bike,October 1982,,3160,FRF,proposé contre 3 160 F,Reported period product price,France,Period publication,Indexed French-language issue text; the amount/item pairing is retained pending page-image comparison.,MEDIUM-HIGH,https://previouspage.co.uk/magazines/Bicross/issues/231-october-nineteen-eighty-two,INDEX-ONLY,v20 bic 0073 motobecane mx 252 complete bmx october 1982 3160 frf https previouspage co uk magazines bicross issues 231 october nineteen eighty two,RETAIN — source-specific observation,"Source-specific period amount in French francs. No inflation adjustment, currency conversion, or averaging is applied.",2026-08-02,Bicross,Bicross,previouspage.co.uk,Publication accessed through PreviousPage
ABMX-PR-0613,V20-BIC-0077,,,Cyclo-Car,Universal two-bike carrier,Vehicle bicycle carrier,October 1982,,500,FRF,Cyclo-Car — 500 F,Advertised period price,France,Period publication,Indexed French-language issue text; the amount/item pairing is retained pending page-image comparison.,MEDIUM-HIGH,https://previouspage.co.uk/magazines/Bicross/issues/231-october-nineteen-eighty-two,INDEX-ONLY,v20 bic 0077 cyclo car universal two bike carrier october 1982 500 frf https previouspage co uk magazines bicross issues 231 october nineteen eighty two,RETAIN — source-specific observation,"Source-specific period amount in French francs. No inflation adjustment, currency conversion, or averaging is applied.",2026-08-02,Bicross,Bicross,previouspage.co.uk,Publication accessed through PreviousPage
ABMX-PR-0614,V20-BIC-0077,,,Cyclo-Car,Carrier shipping charge,Shipping charge,October 1982,,72,FRF,72 F de frais d’envoi,Shipping charge,France,Period publication,Indexed French-language issue text; the amount/item pairing is retained pending page-image comparison.,MEDIUM-HIGH,https://previouspage.co.uk/magazines/Bicross/issues/231-october-nineteen-eighty-two,INDEX-ONLY,v20 bic 0077 cyclo car carrier shipping charge october 1982 72 frf https previouspage co uk magazines bicross issues 231 october nineteen eighty two,RETAIN — source-specific observation,"Source-specific period amount in French francs. No inflation adjustment, currency conversion, or averaging is applied.",2026-08-02,Bicross,Bicross,previouspage.co.uk,Publication accessed through PreviousPage
ABMX-PR-0615,V20-BIC-0077,,,Cyclo-Car,Carrier delivered total,Delivered total,October 1982,,572,FRF,572 F tout compris,Advertised delivered total,France,Period publication,Indexed French-language issue text; the amount/item pairing is retained pending page-image comparison.,MEDIUM-HIGH,https://previouspage.co.uk/magazines/Bicross/issues/231-october-nineteen-eighty-two,INDEX-ONLY,v20 bic 0077 cyclo car carrier delivered total october 1982 572 frf https previouspage co uk magazines bicross issues 231 october nineteen eighty two,RETAIN — source-specific observation,"Source-specific period amount in French francs. No inflation adjustment, currency conversion, or averaging is applied.",2026-08-02,Bicross,Bicross,previouspage.co.uk,Publication accessed through PreviousPage
ABMX-PR-0616,V20-BIC-0077,,,Cyclo-Car,Cash-on-delivery surcharge,Payment surcharge,October 1982,,31,FRF,ajouter 31 F pour paiement contre remboursement,Payment surcharge,France,Period publication,Indexed French-language issue text; the amount/item pairing is retained pending page-image comparison.,MEDIUM-HIGH,https://previouspage.co.uk/magazines/Bicross/issues/231-october-nineteen-eighty-two,INDEX-ONLY,v20 bic 0077 cyclo car cash on delivery surcharge october 1982 31 frf https previouspage co uk magazines bicross issues 231 october nineteen eighty two,RETAIN — source-specific observation,"Source-specific period amount in French francs. No inflation adjustment, currency conversion, or averaging is applied.",2026-08-02,Bicross,Bicross,previouspage.co.uk,Publication accessed through PreviousPage
ABMX-PR-0617,V20-BIC-0087,,,Cinelli,Lightweight custom BMX,Complete bike,October 1982,,4000,FRF,plus de 4 000 F,Minimum reported period price,France,Period publication,Indexed French-language issue text; the amount/item pairing is retained pending page-image comparison.,MEDIUM,https://previouspage.co.uk/magazines/Bicross/issues/231-october-nineteen-eighty-two,INDEX-ONLY,v20 bic 0087 cinelli lightweight custom bmx october 1982 4000 frf https previouspage co uk magazines bicross issues 231 october nineteen eighty two,RETAIN — source-specific observation,"Source-specific period amount in French francs. No inflation adjustment, currency conversion, or averaging is applied.",2026-08-02,Bicross,Bicross,previouspage.co.uk,Publication accessed through PreviousPage
ABMX-PR-0618,V20-BIC-0099,,,GT; Greg Hill,Dayton professional winner prize,Event prize money,October 1982,,20000,FRF,plus de 20 000 F,Minimum reported prize money,France,Period publication,Indexed French-language issue text; the amount/item pairing is retained pending page-image comparison.,MEDIUM,https://previouspage.co.uk/magazines/Bicross/issues/231-october-nineteen-eighty-two,INDEX-ONLY,v20 bic 0099 gt greg hill dayton professional winner prize october 1982 20000 frf https previouspage co uk magazines bicross issues 231 october nineteen eighty two,RETAIN — source-specific observation,"Source-specific period amount in French francs. No inflation adjustment, currency conversion, or averaging is applied.",2026-08-02,Bicross,Bicross,previouspage.co.uk,Publication accessed through PreviousPage
ABMX-PR-0619,V20-BIC-0101,,,Jacques Laffite,VLX 20 complete BMX,Complete bike,October 1982,,695,FRF,vendu 695 F,Reported period test price,France,Period publication,Indexed French-language issue text; the amount/item pairing is retained pending page-image comparison.,MEDIUM-HIGH,https://previouspage.co.uk/magazines/Bicross/issues/231-october-nineteen-eighty-two,INDEX-ONLY,v20 bic 0101 jacques laffite vlx 20 complete bmx october 1982 695 frf https previouspage co uk magazines bicross issues 231 october nineteen eighty two,RETAIN — source-specific observation,"Source-specific period amount in French francs. No inflation adjustment, currency conversion, or averaging is applied.",2026-08-02,Bicross,Bicross,previouspage.co.uk,Publication accessed through PreviousPage
ABMX-PR-0620,V20-BIC-0101,,,Jacques Laffite,VLX 20 three-piece foam pad set,Safety pad set,October 1982,,42,FRF,ajouter 42 F,Optional accessory price,France,Period publication,Indexed French-language issue text; the amount/item pairing is retained pending page-image comparison.,MEDIUM-HIGH,https://previouspage.co.uk/magazines/Bicross/issues/231-october-nineteen-eighty-two,INDEX-ONLY,v20 bic 0101 jacques laffite vlx 20 three piece foam pad set october 1982 42 frf https previouspage co uk magazines bicross issues 231 october nineteen eighty two,RETAIN — source-specific observation,"Source-specific period amount in French francs. No inflation adjustment, currency conversion, or averaging is applied.",2026-08-02,Bicross,Bicross,previouspage.co.uk,Publication accessed through PreviousPage
ABMX-PR-0621,V20-BIC-0116,,,Bicross Magazine,Private classified advertisement line,Classified advertising rate,October 1982,,10,FRF,Annonce particulier : 10 F T.T.C. la ligne,Publication service rate,France,Period publication,Indexed French-language issue text; the amount/item pairing is retained pending page-image comparison.,MEDIUM-HIGH,https://previouspage.co.uk/magazines/Bicross/issues/231-october-nineteen-eighty-two,INDEX-ONLY,v20 bic 0116 bicross magazine private classified advertisement line october 1982 10 frf https previouspage co uk magazines bicross issues 231 october nineteen eighty two,RETAIN — source-specific observation,"Source-specific period amount in French francs. No inflation adjustment, currency conversion, or averaging is applied.",2026-08-02,Bicross,Bicross,previouspage.co.uk,Publication accessed through PreviousPage
ABMX-PR-0622,V20-BIC-0116,,,Bicross Magazine,Professional classified advertisement line,Classified advertising rate,October 1982,,30,FRF,Annonce professionnel : 30 F T.T.C. la ligne,Publication service rate,France,Period publication,Indexed French-language issue text; the amount/item pairing is retained pending page-image comparison.,MEDIUM-HIGH,https://previouspage.co.uk/magazines/Bicross/issues/231-october-nineteen-eighty-two,INDEX-ONLY,v20 bic 0116 bicross magazine professional classified advertisement line october 1982 30 frf https previouspage co uk magazines bicross issues 231 october nineteen eighty two,RETAIN — source-specific observation,"Source-specific period amount in French francs. No inflation adjustment, currency conversion, or averaging is applied.",2026-08-02,Bicross,Bicross,previouspage.co.uk,Publication accessed through PreviousPage
ABMX-PR-0623,V20-BIC-0060,,,Bicross Magazine,Domestic annual subscription — 12 issues,Magazine subscription,November 1982,,80,FRF,Abonnement 1 an ou 12 numéros : 80 F,Advertised period price,France,Period publication,Indexed French-language issue text; the amount/item pairing is retained pending page-image comparison.,MEDIUM-HIGH,https://previouspage.co.uk/magazines/Bicross/issues/232-november-nineteen-eighty-two,INDEX-ONLY,v20 bic 0060 bicross magazine domestic annual subscription 12 issues november 1982 80 frf https previouspage co uk magazines bicross issues 232 november nineteen eighty two,RETAIN — source-specific observation,"Source-specific period amount in French francs. No inflation adjustment, currency conversion, or averaging is applied.",2026-08-02,Bicross,Bicross,previouspage.co.uk,Publication accessed through PreviousPage
ABMX-PR-0624,V20-BIC-0060,,,Bicross Magazine,Foreign annual subscription — 12 issues,Magazine subscription,November 1982,,140,FRF,étranger : 140 F,Advertised period price,France,Period publication,Indexed French-language issue text; the amount/item pairing is retained pending page-image comparison.,MEDIUM-HIGH,https://previouspage.co.uk/magazines/Bicross/issues/232-november-nineteen-eighty-two,INDEX-ONLY,v20 bic 0060 bicross magazine foreign annual subscription 12 issues november 1982 140 frf https previouspage co uk magazines bicross issues 232 november nineteen eighty two,RETAIN — source-specific observation,"Source-specific period amount in French francs. No inflation adjustment, currency conversion, or averaging is applied.",2026-08-02,Bicross,Bicross,previouspage.co.uk,Publication accessed through PreviousPage
ABMX-PR-0625,V20-BIC-0069,,,BMX Action,Annual subscription,Magazine subscription,November 1982,,160,FRF,"22.50 dollars, approximated in the source as 160 F",Source-stated French-franc equivalent,France,Period publication,Indexed French-language issue text; the amount/item pairing is retained pending page-image comparison.,MEDIUM,https://previouspage.co.uk/magazines/Bicross/issues/232-november-nineteen-eighty-two,INDEX-ONLY,v20 bic 0069 bmx action annual subscription november 1982 160 frf https previouspage co uk magazines bicross issues 232 november nineteen eighty two,RETAIN — source-specific observation,"Source-specific period amount in French francs. No inflation adjustment, currency conversion, or averaging is applied.",2026-08-02,Bicross,Bicross,previouspage.co.uk,Publication accessed through PreviousPage
ABMX-PR-0626,V20-BIC-0071,,,ALVA International,Classic BMX frame and fork set,Frame and fork set,November 1982,,240,FRF,cadre et fourche classique BMX 20 à 240 F T.T.C.,Advertised period price,France,Period publication,Indexed French-language issue text; the amount/item pairing is retained pending page-image comparison.,MEDIUM-HIGH,https://previouspage.co.uk/magazines/Bicross/issues/232-november-nineteen-eighty-two,INDEX-ONLY,v20 bic 0071 alva international classic bmx frame and fork set november 1982 240 frf https previouspage co uk magazines bicross issues 232 november nineteen eighty two,RETAIN — source-specific observation,"Source-specific period amount in French francs. No inflation adjustment, currency conversion, or averaging is applied.",2026-08-02,Bicross,Bicross,previouspage.co.uk,Publication accessed through PreviousPage
ABMX-PR-0627,V20-BIC-0071,,,ALVA International,Super Vitus BMX frame and fork set,Frame and fork set,November 1982,,690,FRF,cadre et fourche Super Vitus BMX 20 à 690 F T.T.C.,Advertised period price,France,Period publication,Indexed French-language issue text; the amount/item pairing is retained pending page-image comparison.,MEDIUM-HIGH,https://previouspage.co.uk/magazines/Bicross/issues/232-november-nineteen-eighty-two,INDEX-ONLY,v20 bic 0071 alva international super vitus bmx frame and fork set november 1982 690 frf https previouspage co uk magazines bicross issues 232 november nineteen eighty two,RETAIN — source-specific observation,"Source-specific period amount in French francs. No inflation adjustment, currency conversion, or averaging is applied.",2026-08-02,Bicross,Bicross,previouspage.co.uk,Publication accessed through PreviousPage
ABMX-PR-0628,V20-BIC-0071,,,ALVA International,Metallic-blue paint option,Paint option,November 1982,,40,FRF,Peinture bleu métal à 40 F T.T.C.,Optional finish price,France,Period publication,Indexed French-language issue text; the amount/item pairing is retained pending page-image comparison.,MEDIUM-HIGH,https://previouspage.co.uk/magazines/Bicross/issues/232-november-nineteen-eighty-two,INDEX-ONLY,v20 bic 0071 alva international metallic blue paint option november 1982 40 frf https previouspage co uk magazines bicross issues 232 november nineteen eighty two,RETAIN — source-specific observation,"Source-specific period amount in French francs. No inflation adjustment, currency conversion, or averaging is applied.",2026-08-02,Bicross,Bicross,previouspage.co.uk,Publication accessed through PreviousPage
ABMX-PR-0629,V20-BIC-0071,,,ALVA International,Cash-on-delivery charge,Payment surcharge,November 1982,,30,FRF,30 F pour frais,Payment surcharge,France,Period publication,Indexed French-language issue text; the amount/item pairing is retained pending page-image comparison.,MEDIUM-HIGH,https://previouspage.co.uk/magazines/Bicross/issues/232-november-nineteen-eighty-two,INDEX-ONLY,v20 bic 0071 alva international cash on delivery charge november 1982 30 frf https previouspage co uk magazines bicross issues 232 november nineteen eighty two,RETAIN — source-specific observation,"Source-specific period amount in French francs. No inflation adjustment, currency conversion, or averaging is applied.",2026-08-02,Bicross,Bicross,previouspage.co.uk,Publication accessed through PreviousPage
ABMX-PR-0630,V20-BIC-0075,,,Prom’Obi; AFB,Gruissan BMX training stage,Training stage,November 1982,,300,FRF,Le prix du stage est de 300 F,Reported period event price,France,Period publication,Indexed French-language issue text; the amount/item pairing is retained pending page-image comparison.,MEDIUM-HIGH,https://previouspage.co.uk/magazines/Bicross/issues/232-november-nineteen-eighty-two,INDEX-ONLY,v20 bic 0075 promobi afb gruissan bmx training stage november 1982 300 frf https previouspage co uk magazines bicross issues 232 november nineteen eighty two,RETAIN — source-specific observation,"Source-specific period amount in French francs. No inflation adjustment, currency conversion, or averaging is applied.",2026-08-02,Bicross,Bicross,previouspage.co.uk,Publication accessed through PreviousPage
ABMX-PR-0631,V20-BIC-0084,,,Lejeune,RMX 20 complete BMX,Complete bike,November 1982,,599,FRF,Vendu 599 F,Reported period product price,France,Period publication,Indexed French-language issue text; the amount/item pairing is retained pending page-image comparison.,MEDIUM-HIGH,https://previouspage.co.uk/magazines/Bicross/issues/232-november-nineteen-eighty-two,INDEX-ONLY,v20 bic 0084 lejeune rmx 20 complete bmx november 1982 599 frf https previouspage co uk magazines bicross issues 232 november nineteen eighty two,RETAIN — source-specific observation,"Source-specific period amount in French francs. No inflation adjustment, currency conversion, or averaging is applied.",2026-08-02,Bicross,Bicross,previouspage.co.uk,Publication accessed through PreviousPage
ABMX-PR-0632,V20-BIC-0098,,,Fréjus,Super X Action complete BMX,Complete bike,November 1982,,1000,FRF,l’engin ne vaut que 1 000 F,Reported period product price,France,Period publication,Indexed French-language issue text; the amount/item pairing is retained pending page-image comparison.,MEDIUM-HIGH,https://previouspage.co.uk/magazines/Bicross/issues/232-november-nineteen-eighty-two,INDEX-ONLY,v20 bic 0098 frejus super x action complete bmx november 1982 1000 frf https previouspage co uk magazines bicross issues 232 november nineteen eighty two,RETAIN — source-specific observation,"Source-specific period amount in French francs. No inflation adjustment, currency conversion, or averaging is applied.",2026-08-02,Bicross,Bicross,previouspage.co.uk,Publication accessed through PreviousPage
ABMX-PR-0633,V20-BIC-0104,,,Kuwahara,Super Pro estimated French retail value,Complete bike,November 1982,,5000,FRF,vaudrait en France dans les 5 000 F,Estimated period value,France,Period publication,Indexed French-language issue text; the amount/item pairing is retained pending page-image comparison.,MEDIUM,https://previouspage.co.uk/magazines/Bicross/issues/232-november-nineteen-eighty-two,INDEX-ONLY,v20 bic 0104 kuwahara super pro estimated french retail value november 1982 5000 frf https previouspage co uk magazines bicross issues 232 november nineteen eighty two,RETAIN — source-specific observation,"Source-specific period amount in French francs. No inflation adjustment, currency conversion, or averaging is applied.",2026-08-02,Bicross,Bicross,previouspage.co.uk,Publication accessed through PreviousPage
ABMX-PR-0634,V20-BIC-0119,,,Malvern Star,Supermax competition BMX approximate French equivalent,Complete bike,November 1982,,3000,FRF,près de trois mille francs en dollars australiens,Approximate reported equivalent,France,Period publication,Indexed French-language issue text; the amount/item pairing is retained pending page-image comparison.,MEDIUM,https://previouspage.co.uk/magazines/Bicross/issues/232-november-nineteen-eighty-two,INDEX-ONLY,v20 bic 0119 malvern star supermax competition bmx approximate french equivalent november 1982 3000 frf https previouspage co uk magazines bicross issues 232 november nineteen eighty two,RETAIN — source-specific observation,"Source-specific period amount in French francs. No inflation adjustment, currency conversion, or averaging is applied.",2026-08-02,Bicross,Bicross,previouspage.co.uk,Publication accessed through PreviousPage
ABMX-PR-0635,V20-BIC-0126,,,Bicross Magazine,Private classified advertisement line,Classified advertising rate,November 1982,,10,FRF,Annonce particulier : 10 F T.T.C. la ligne,Publication service rate,France,Period publication,Indexed French-language issue text; the amount/item pairing is retained pending page-image comparison.,MEDIUM-HIGH,https://previouspage.co.uk/magazines/Bicross/issues/232-november-nineteen-eighty-two,INDEX-ONLY,v20 bic 0126 bicross magazine private classified advertisement line november 1982 10 frf https previouspage co uk magazines bicross issues 232 november nineteen eighty two,RETAIN — source-specific observation,"Source-specific period amount in French francs. No inflation adjustment, currency conversion, or averaging is applied.",2026-08-02,Bicross,Bicross,previouspage.co.uk,Publication accessed through PreviousPage
ABMX-PR-0636,V20-BIC-0126,,,Bicross Magazine,Professional classified advertisement line,Classified advertising rate,November 1982,,30,FRF,Annonce professionnel : 30 F T.T.C. la ligne,Publication service rate,France,Period publication,Indexed French-language issue text; the amount/item pairing is retained pending page-image comparison.,MEDIUM-HIGH,https://previouspage.co.uk/magazines/Bicross/issues/232-november-nineteen-eighty-two,INDEX-ONLY,v20 bic 0126 bicross magazine professional classified advertisement line november 1982 30 frf https previouspage co uk magazines bicross issues 232 november nineteen eighty two,RETAIN — source-specific observation,"Source-specific period amount in French francs. No inflation adjustment, currency conversion, or averaging is applied.",2026-08-02,Bicross,Bicross,previouspage.co.uk,Publication accessed through PreviousPage
ABMX-PR-0637,V20-BIC-0130,,,Laffite,VLX 16 complete bicycle,Complete bike,December 1982,,675,FRF,VLX 16 — 675 F TTC,Advertised period price,France,Period publication,Indexed French-language issue text; the amount/item pairing is retained pending page-image comparison.,MEDIUM-HIGH,https://previouspage.co.uk/magazines/Bicross/issues/233-december-nineteen-eighty-two,INDEX-ONLY,v20 bic 0130 laffite vlx 16 complete bicycle december 1982 675 frf https previouspage co uk magazines bicross issues 233 december nineteen eighty two,RETAIN — source-specific observation,"Source-specific period amount. No inflation adjustment, currency conversion, or averaging is applied.",2026-08-02,Bicross,Bicross,previouspage.co.uk,Publication accessed through PreviousPage
ABMX-PR-0638,V20-BIC-0130,,,Laffite,VLX 20 complete bicycle,Complete bike,December 1982,,695,FRF,VLX 20 — 695 F TTC,Advertised period price,France,Period publication,Indexed French-language issue text; the amount/item pairing is retained pending page-image comparison.,MEDIUM-HIGH,https://previouspage.co.uk/magazines/Bicross/issues/233-december-nineteen-eighty-two,INDEX-ONLY,v20 bic 0130 laffite vlx 20 complete bicycle december 1982 695 frf https previouspage co uk magazines bicross issues 233 december nineteen eighty two,RETAIN — source-specific observation,"Source-specific period amount. No inflation adjustment, currency conversion, or averaging is applied.",2026-08-02,Bicross,Bicross,previouspage.co.uk,Publication accessed through PreviousPage
ABMX-PR-0639,V20-BIC-0130,,,Laffite,Home-delivery transport promotional value,Promotional benefit,December 1982,,60,FRF,transport value 60 F,Source-stated promotional value,France,Period publication,Indexed French-language issue text; the amount/item pairing is retained pending page-image comparison.,MEDIUM-HIGH,https://previouspage.co.uk/magazines/Bicross/issues/233-december-nineteen-eighty-two,INDEX-ONLY,v20 bic 0130 laffite home delivery transport promotional value december 1982 60 frf https previouspage co uk magazines bicross issues 233 december nineteen eighty two,RETAIN — source-specific observation,"Source-specific period amount. No inflation adjustment, currency conversion, or averaging is applied.",2026-08-02,Bicross,Bicross,previouspage.co.uk,Publication accessed through PreviousPage
ABMX-PR-0640,V20-BIC-0130,,,Laffite,Handlebar and frame protection-pad promotional value,Promotional benefit,December 1982,,42,FRF,mousses de protection value 42 F,Source-stated promotional value,France,Period publication,Indexed French-language issue text; the amount/item pairing is retained pending page-image comparison.,MEDIUM-HIGH,https://previouspage.co.uk/magazines/Bicross/issues/233-december-nineteen-eighty-two,INDEX-ONLY,v20 bic 0130 laffite handlebar and frame protection pad promotional value december 1982 42 frf https previouspage co uk magazines bicross issues 233 december nineteen eighty two,RETAIN — source-specific observation,"Source-specific period amount. No inflation adjustment, currency conversion, or averaging is applied.",2026-08-02,Bicross,Bicross,previouspage.co.uk,Publication accessed through PreviousPage
ABMX-PR-0641,V20-BIC-0130,,,Laffite,Handlebar number-plate promotional value,Promotional benefit,December 1982,,36,FRF,plaque numéro guidon value 36 F,Source-stated promotional value,France,Period publication,Indexed French-language issue text; the amount/item pairing is retained pending page-image comparison.,MEDIUM-HIGH,https://previouspage.co.uk/magazines/Bicross/issues/233-december-nineteen-eighty-two,INDEX-ONLY,v20 bic 0130 laffite handlebar number plate promotional value december 1982 36 frf https previouspage co uk magazines bicross issues 233 december nineteen eighty two,RETAIN — source-specific observation,"Source-specific period amount. No inflation adjustment, currency conversion, or averaging is applied.",2026-08-02,Bicross,Bicross,previouspage.co.uk,Publication accessed through PreviousPage
ABMX-PR-0642,V20-BIC-0134,,,Bicross Magazine,Injected-plastic mag wheel,Wheel,December 1982,,200,FRF,200 F pièce environ,Approximate technical guidance,France,Period publication,Indexed French-language issue text; the amount/item pairing is retained pending page-image comparison.,MEDIUM,https://previouspage.co.uk/magazines/Bicross/issues/233-december-nineteen-eighty-two,INDEX-ONLY,v20 bic 0134 bicross magazine injected plastic mag wheel december 1982 200 frf https previouspage co uk magazines bicross issues 233 december nineteen eighty two,RETAIN — source-specific observation,"Source-specific period amount. No inflation adjustment, currency conversion, or averaging is applied.",2026-08-02,Bicross,Bicross,previouspage.co.uk,Publication accessed through PreviousPage
ABMX-PR-0643,V20-BIC-0134,,,Araya; L’Ami des Sportifs,Complete front-and-rear wheel pair,Wheelset,December 1982,,360,FRF,paire de roues Araya complètes — 360 F,Reported dealer price,France,Period publication,Indexed French-language issue text; the amount/item pairing is retained pending page-image comparison.,MEDIUM-HIGH,https://previouspage.co.uk/magazines/Bicross/issues/233-december-nineteen-eighty-two,INDEX-ONLY,v20 bic 0134 araya lami des sportifs complete front and rear wheel pair december 1982 360 frf https previouspage co uk magazines bicross issues 233 december nineteen eighty two,RETAIN — source-specific observation,"Source-specific period amount. No inflation adjustment, currency conversion, or averaging is applied.",2026-08-02,Bicross,Bicross,previouspage.co.uk,Publication accessed through PreviousPage
ABMX-PR-0644,V20-BIC-0140,,,Moto Marconi,Bicross T-shirt,Apparel,December 1982,,50,FRF,montant de 50 F,Advertised period price,France,Period publication,Indexed French-language issue text; the amount/item pairing is retained pending page-image comparison.,MEDIUM-HIGH,https://previouspage.co.uk/magazines/Bicross/issues/233-december-nineteen-eighty-two,INDEX-ONLY,v20 bic 0140 moto marconi bicross t shirt december 1982 50 frf https previouspage co uk magazines bicross issues 233 december nineteen eighty two,RETAIN — source-specific observation,"Source-specific period amount. No inflation adjustment, currency conversion, or averaging is applied.",2026-08-02,Bicross,Bicross,previouspage.co.uk,Publication accessed through PreviousPage
ABMX-PR-0645,V20-BIC-0141,,,MX France,Toulouse-built BMX,Complete bike,December 1982,,995,FRF,engin de 995 F,Reported period product price,France,Period publication,Indexed French-language issue text; the amount/item pairing is retained pending page-image comparison.,MEDIUM-HIGH,https://previouspage.co.uk/magazines/Bicross/issues/233-december-nineteen-eighty-two,INDEX-ONLY,v20 bic 0141 mx france toulouse built bmx december 1982 995 frf https previouspage co uk magazines bicross issues 233 december nineteen eighty two,RETAIN — source-specific observation,"Source-specific period amount. No inflation adjustment, currency conversion, or averaging is applied.",2026-08-02,Bicross,Bicross,previouspage.co.uk,Publication accessed through PreviousPage
ABMX-PR-0646,V20-BIC-0146,,,AFB,1983 competition license,Membership / license,December 1982,,100,FRF,licences 1983 — 100 F,Official period fee,France,Period publication,Indexed French-language issue text; the amount/item pairing is retained pending page-image comparison.,MEDIUM-HIGH,https://previouspage.co.uk/magazines/Bicross/issues/233-december-nineteen-eighty-two,INDEX-ONLY,v20 bic 0146 afb 1983 competition license december 1982 100 frf https previouspage co uk magazines bicross issues 233 december nineteen eighty two,RETAIN — source-specific observation,"Source-specific period amount. No inflation adjustment, currency conversion, or averaging is applied.",2026-08-02,Bicross,Bicross,previouspage.co.uk,Publication accessed through PreviousPage
ABMX-PR-0647,V20-BIC-0150,,,Maison du Plateau,Annual membership — younger age band,Membership,December 1982,,36,FRF,adhésion et cotisation annuelle — 36 F,Reported program fee,France,Period publication,Indexed French-language issue text; the amount/item pairing is retained pending page-image comparison.,MEDIUM-HIGH,https://previouspage.co.uk/magazines/Bicross/issues/233-december-nineteen-eighty-two,INDEX-ONLY,v20 bic 0150 maison du plateau annual membership younger age band december 1982 36 frf https previouspage co uk magazines bicross issues 233 december nineteen eighty two,RETAIN — source-specific observation,"Source-specific period amount. No inflation adjustment, currency conversion, or averaging is applied.",2026-08-02,Bicross,Bicross,previouspage.co.uk,Publication accessed through PreviousPage
ABMX-PR-0648,V20-BIC-0150,,,Maison du Plateau,Annual membership — older age band,Membership,December 1982,,38,FRF,adhésion et cotisation annuelle — 38 F,Reported program fee,France,Period publication,Indexed French-language issue text; the amount/item pairing is retained pending page-image comparison.,MEDIUM-HIGH,https://previouspage.co.uk/magazines/Bicross/issues/233-december-nineteen-eighty-two,INDEX-ONLY,v20 bic 0150 maison du plateau annual membership older age band december 1982 38 frf https previouspage co uk magazines bicross issues 233 december nineteen eighty two,RETAIN — source-specific observation,"Source-specific period amount. No inflation adjustment, currency conversion, or averaging is applied.",2026-08-02,Bicross,Bicross,previouspage.co.uk,Publication accessed through PreviousPage
ABMX-PR-0649,V20-BIC-0150,,,Maison du Plateau,Shared-bicycle maintenance participation,Program participation,December 1982,,75,FRF,75 F pour participer à l’entretien des engins,Reported program fee,France,Period publication,Indexed French-language issue text; the amount/item pairing is retained pending page-image comparison.,MEDIUM-HIGH,https://previouspage.co.uk/magazines/Bicross/issues/233-december-nineteen-eighty-two,INDEX-ONLY,v20 bic 0150 maison du plateau shared bicycle maintenance participation december 1982 75 frf https previouspage co uk magazines bicross issues 233 december nineteen eighty two,RETAIN — source-specific observation,"Source-specific period amount. No inflation adjustment, currency conversion, or averaging is applied.",2026-08-02,Bicross,Bicross,previouspage.co.uk,Publication accessed through PreviousPage
ABMX-PR-0650,V20-BIC-0150,,,Maison du Plateau,Racing participation including dues and license,Membership / license,December 1982,,100,FRF,100 F englobe cotisation et licence,Reported program fee,France,Period publication,Indexed French-language issue text; the amount/item pairing is retained pending page-image comparison.,MEDIUM-HIGH,https://previouspage.co.uk/magazines/Bicross/issues/233-december-nineteen-eighty-two,INDEX-ONLY,v20 bic 0150 maison du plateau racing participation including dues and license december 1982 100 frf https previouspage co uk magazines bicross issues 233 december nineteen eighty two,RETAIN — source-specific observation,"Source-specific period amount. No inflation adjustment, currency conversion, or averaging is applied.",2026-08-02,Bicross,Bicross,previouspage.co.uk,Publication accessed through PreviousPage
ABMX-PR-0651,V20-BIC-0154,,,Mongoose Grand Prix of the United States,Novice or expert race entry,Event entry fee,December 1982,,25,USD,25 dollars,Official period event fee,United States,Period publication,Indexed French-language issue text; the amount/item pairing is retained pending page-image comparison.,MEDIUM-HIGH,https://previouspage.co.uk/magazines/Bicross/issues/233-december-nineteen-eighty-two,INDEX-ONLY,v20 bic 0154 mongoose grand prix of the united states novice or expert race entry december 1982 25 usd https previouspage co uk magazines bicross issues 233 december nineteen eighty two,RETAIN — source-specific observation,"Source-specific period amount. No inflation adjustment, currency conversion, or averaging is applied.",2026-08-02,Bicross,Bicross,previouspage.co.uk,Publication accessed through PreviousPage
ABMX-PR-0652,V20-BIC-0154,,,Mongoose Grand Prix of the United States,Professional race entry,Event entry fee,December 1982,,50,USD,50 dollars,Official period event fee,United States,Period publication,Indexed French-language issue text; the amount/item pairing is retained pending page-image comparison.,MEDIUM-HIGH,https://previouspage.co.uk/magazines/Bicross/issues/233-december-nineteen-eighty-two,INDEX-ONLY,v20 bic 0154 mongoose grand prix of the united states professional race entry december 1982 50 usd https previouspage co uk magazines bicross issues 233 december nineteen eighty two,RETAIN — source-specific observation,"Source-specific period amount. No inflation adjustment, currency conversion, or averaging is applied.",2026-08-02,Bicross,Bicross,previouspage.co.uk,Publication accessed through PreviousPage
ABMX-PR-0653,V20-BIC-0154,,,Mongoose Grand Prix of the United States,Novice or expert entry — source-stated French equivalent,Event entry fee,December 1982,,180,FRF,quelque 180 F,Source-stated French-franc equivalent,France,Period publication,Indexed French-language issue text; the amount/item pairing is retained pending page-image comparison.,MEDIUM,https://previouspage.co.uk/magazines/Bicross/issues/233-december-nineteen-eighty-two,INDEX-ONLY,v20 bic 0154 mongoose grand prix of the united states novice or expert entry source stated french equivalent december 1982 180 frf https previouspage co uk magazines bicross issues 233 december nineteen eighty two,RETAIN — source-specific observation,"Source-specific period amount. No inflation adjustment, currency conversion, or averaging is applied.",2026-08-02,Bicross,Bicross,previouspage.co.uk,Publication accessed through PreviousPage
ABMX-PR-0654,V20-BIC-0154,,,Mongoose Grand Prix of the United States,Professional entry — source-stated French equivalent,Event entry fee,December 1982,,360,FRF,quelque 360 F,Source-stated French-franc equivalent,France,Period publication,Indexed French-language issue text; the amount/item pairing is retained pending page-image comparison.,MEDIUM,https://previouspage.co.uk/magazines/Bicross/issues/233-december-nineteen-eighty-two,INDEX-ONLY,v20 bic 0154 mongoose grand prix of the united states professional entry source stated french equivalent december 1982 360 frf https previouspage co uk magazines bicross issues 233 december nineteen eighty two,RETAIN — source-specific observation,"Source-specific period amount. No inflation adjustment, currency conversion, or averaging is applied.",2026-08-02,Bicross,Bicross,previouspage.co.uk,Publication accessed through PreviousPage
ABMX-PR-0655,V20-BIC-0154,,,Mongoose Grand Prix of the United States,Professional purse,Prize purse,December 1982,,60000,FRF,plus de 60 000 F,Reported minimum purse,France,Period publication,Indexed French-language issue text; the amount/item pairing is retained pending page-image comparison.,MEDIUM,https://previouspage.co.uk/magazines/Bicross/issues/233-december-nineteen-eighty-two,INDEX-ONLY,v20 bic 0154 mongoose grand prix of the united states professional purse december 1982 60000 frf https previouspage co uk magazines bicross issues 233 december nineteen eighty two,RETAIN — source-specific observation,"Source-specific period amount. No inflation adjustment, currency conversion, or averaging is applied.",2026-08-02,Bicross,Bicross,previouspage.co.uk,Publication accessed through PreviousPage
ABMX-PR-0656,V20-BIC-0154,,,Mike Miranda; CW Racing,Estimated winner total including sponsor incentives,Prize / sponsor earnings,December 1982,,50000,FRF,quelque 50 000 F,Estimated period earnings,France,Period publication,Indexed French-language issue text; the amount/item pairing is retained pending page-image comparison.,MEDIUM,https://previouspage.co.uk/magazines/Bicross/issues/233-december-nineteen-eighty-two,INDEX-ONLY,v20 bic 0154 mike miranda cw racing estimated winner total including sponsor incentives december 1982 50000 frf https previouspage co uk magazines bicross issues 233 december nineteen eighty two,RETAIN — source-specific observation,"Source-specific period amount. No inflation adjustment, currency conversion, or averaging is applied.",2026-08-02,Bicross,Bicross,previouspage.co.uk,Publication accessed through PreviousPage
ABMX-PR-0657,V20-BIC-0155,,,Mongoose Grand Prix of the United States,Professional cruiser winner prize,Prize,December 1982,,7000,FRF,7 000 F,Reported period prize,France,Period publication,Indexed French-language issue text; the amount/item pairing is retained pending page-image comparison.,MEDIUM-HIGH,https://previouspage.co.uk/magazines/Bicross/issues/233-december-nineteen-eighty-two,INDEX-ONLY,v20 bic 0155 mongoose grand prix of the united states professional cruiser winner prize december 1982 7000 frf https previouspage co uk magazines bicross issues 233 december nineteen eighty two,RETAIN — source-specific observation,"Source-specific period amount. No inflation adjustment, currency conversion, or averaging is applied.",2026-08-02,Bicross,Bicross,previouspage.co.uk,Publication accessed through PreviousPage
ABMX-PR-0658,V20-BIC-0166,,,DH Distribution; Gilles Burgat,Series L bicycle-trial model,Complete bicycle,December 1982,,2550,FRF,2 550 F,Advertised period price,France,Period publication,Indexed French-language issue text; the amount/item pairing is retained pending page-image comparison.,MEDIUM-HIGH,https://previouspage.co.uk/magazines/Bicross/issues/233-december-nineteen-eighty-two,INDEX-ONLY,v20 bic 0166 dh distribution gilles burgat series l bicycle trial model december 1982 2550 frf https previouspage co uk magazines bicross issues 233 december nineteen eighty two,RETAIN — source-specific observation,"Source-specific period amount. No inflation adjustment, currency conversion, or averaging is applied.",2026-08-02,Bicross,Bicross,previouspage.co.uk,Publication accessed through PreviousPage
ABMX-PR-0659,V20-BIC-0166,,,DH Distribution,Super Vitus BMX,Complete bike,December 1982,,2200,FRF,2 200 F,Advertised period price,France,Period publication,Indexed French-language issue text; the amount/item pairing is retained pending page-image comparison.,MEDIUM-HIGH,https://previouspage.co.uk/magazines/Bicross/issues/233-december-nineteen-eighty-two,INDEX-ONLY,v20 bic 0166 dh distribution super vitus bmx december 1982 2200 frf https previouspage co uk magazines bicross issues 233 december nineteen eighty two,RETAIN — source-specific observation,"Source-specific period amount. No inflation adjustment, currency conversion, or averaging is applied.",2026-08-02,Bicross,Bicross,previouspage.co.uk,Publication accessed through PreviousPage
ABMX-PR-0660,V20-BIC-0166,,,DH Distribution,Action Super steel BMX,Complete bike,December 1982,,1500,FRF,1 500 F,Advertised period price,France,Period publication,Indexed French-language issue text; the amount/item pairing is retained pending page-image comparison.,MEDIUM-HIGH,https://previouspage.co.uk/magazines/Bicross/issues/233-december-nineteen-eighty-two,INDEX-ONLY,v20 bic 0166 dh distribution action super steel bmx december 1982 1500 frf https previouspage co uk magazines bicross issues 233 december nineteen eighty two,RETAIN — source-specific observation,"Source-specific period amount. No inflation adjustment, currency conversion, or averaging is applied.",2026-08-02,Bicross,Bicross,previouspage.co.uk,Publication accessed through PreviousPage
ABMX-PR-0661,V20-BIC-0167,,,Yamaha,BYZ BMX range starting price,Complete bike,December 1982,,1037,FRF,5 modèles à partir de 1 037 F,Advertised starting price,France,Period publication,Indexed French-language issue text; the amount/item pairing is retained pending page-image comparison.,MEDIUM-HIGH,https://previouspage.co.uk/magazines/Bicross/issues/233-december-nineteen-eighty-two,INDEX-ONLY,v20 bic 0167 yamaha byz bmx range starting price december 1982 1037 frf https previouspage co uk magazines bicross issues 233 december nineteen eighty two,RETAIN — source-specific observation,"Source-specific period amount. No inflation adjustment, currency conversion, or averaging is applied.",2026-08-02,Bicross,Bicross,previouspage.co.uk,Publication accessed through PreviousPage
ABMX-PR-0662,V20-BIC-0169,,,R. Julot,Two-finger colored brake lever,Brake lever,December 1982,,15,FRF,15 F,Advertised period price,France,Period publication,Indexed French-language issue text; the amount/item pairing is retained pending page-image comparison.,MEDIUM-HIGH,https://previouspage.co.uk/magazines/Bicross/issues/233-december-nineteen-eighty-two,INDEX-ONLY,v20 bic 0169 r julot two finger colored brake lever december 1982 15 frf https previouspage co uk magazines bicross issues 233 december nineteen eighty two,RETAIN — source-specific observation,"Source-specific period amount. No inflation adjustment, currency conversion, or averaging is applied.",2026-08-02,Bicross,Bicross,previouspage.co.uk,Publication accessed through PreviousPage
ABMX-PR-0663,V20-BIC-0169,,,R. Julot; Tange,Colored headset,Headset,December 1982,,74,FRF,74 F,Advertised period price,France,Period publication,Indexed French-language issue text; the amount/item pairing is retained pending page-image comparison.,MEDIUM-HIGH,https://previouspage.co.uk/magazines/Bicross/issues/233-december-nineteen-eighty-two,INDEX-ONLY,v20 bic 0169 r julot tange colored headset december 1982 74 frf https previouspage co uk magazines bicross issues 233 december nineteen eighty two,RETAIN — source-specific observation,"Source-specific period amount. No inflation adjustment, currency conversion, or averaging is applied.",2026-08-02,Bicross,Bicross,previouspage.co.uk,Publication accessed through PreviousPage
ABMX-PR-0664,V20-BIC-0169,,,R. Julot; Sakae,BMX pedals,Pedals,December 1982,,75,FRF,75 F,Advertised period price,France,Period publication,Indexed French-language issue text; the amount/item pairing is retained pending page-image comparison.,MEDIUM-HIGH,https://previouspage.co.uk/magazines/Bicross/issues/233-december-nineteen-eighty-two,INDEX-ONLY,v20 bic 0169 r julot sakae bmx pedals december 1982 75 frf https previouspage co uk magazines bicross issues 233 december nineteen eighty two,RETAIN — source-specific observation,"Source-specific period amount. No inflation adjustment, currency conversion, or averaging is applied.",2026-08-02,Bicross,Bicross,previouspage.co.uk,Publication accessed through PreviousPage
ABMX-PR-0665,V20-BIC-0169,,,R. Julot; KKT,BMX pedals,Pedals,December 1982,,120,FRF,120 F,Advertised period price,France,Period publication,Indexed French-language issue text; the amount/item pairing is retained pending page-image comparison.,MEDIUM-HIGH,https://previouspage.co.uk/magazines/Bicross/issues/233-december-nineteen-eighty-two,INDEX-ONLY,v20 bic 0169 r julot kkt bmx pedals december 1982 120 frf https previouspage co uk magazines bicross issues 233 december nineteen eighty two,RETAIN — source-specific observation,"Source-specific period amount. No inflation adjustment, currency conversion, or averaging is applied.",2026-08-02,Bicross,Bicross,previouspage.co.uk,Publication accessed through PreviousPage
ABMX-PR-0666,V20-BIC-0169,,,R. Julot,Colored alloy handlebar,Handlebar,December 1982,,115,FRF,115 F,Advertised period price,France,Period publication,Indexed French-language issue text; the amount/item pairing is retained pending page-image comparison.,MEDIUM-HIGH,https://previouspage.co.uk/magazines/Bicross/issues/233-december-nineteen-eighty-two,INDEX-ONLY,v20 bic 0169 r julot colored alloy handlebar december 1982 115 frf https previouspage co uk magazines bicross issues 233 december nineteen eighty two,RETAIN — source-specific observation,"Source-specific period amount. No inflation adjustment, currency conversion, or averaging is applied.",2026-08-02,Bicross,Bicross,previouspage.co.uk,Publication accessed through PreviousPage
ABMX-PR-0667,V20-BIC-0169,,,R. Julot,BMX gloves,Gloves,December 1982,,92,FRF,92 F,Advertised period price,France,Period publication,Indexed French-language issue text; the amount/item pairing is retained pending page-image comparison.,MEDIUM-HIGH,https://previouspage.co.uk/magazines/Bicross/issues/233-december-nineteen-eighty-two,INDEX-ONLY,v20 bic 0169 r julot bmx gloves december 1982 92 frf https previouspage co uk magazines bicross issues 233 december nineteen eighty two,RETAIN — source-specific observation,"Source-specific period amount. No inflation adjustment, currency conversion, or averaging is applied.",2026-08-02,Bicross,Bicross,previouspage.co.uk,Publication accessed through PreviousPage
ABMX-PR-0668,V20-BIC-0169,,,R. Julot; Protect,Eliminator helmet,Helmet,December 1982,,380,FRF,380 F,Advertised period price,France,Period publication,Indexed French-language issue text; the amount/item pairing is retained pending page-image comparison.,MEDIUM-HIGH,https://previouspage.co.uk/magazines/Bicross/issues/233-december-nineteen-eighty-two,INDEX-ONLY,v20 bic 0169 r julot protect eliminator helmet december 1982 380 frf https previouspage co uk magazines bicross issues 233 december nineteen eighty two,RETAIN — source-specific observation,"Source-specific period amount. No inflation adjustment, currency conversion, or averaging is applied.",2026-08-02,Bicross,Bicross,previouspage.co.uk,Publication accessed through PreviousPage
ABMX-PR-0669,V20-BIC-0169,,,R. Julot,Cross jersey,Jersey,December 1982,,50,FRF,50 F,Advertised period price,France,Period publication,Indexed French-language issue text; the amount/item pairing is retained pending page-image comparison.,MEDIUM-HIGH,https://previouspage.co.uk/magazines/Bicross/issues/233-december-nineteen-eighty-two,INDEX-ONLY,v20 bic 0169 r julot cross jersey december 1982 50 frf https previouspage co uk magazines bicross issues 233 december nineteen eighty two,RETAIN — source-specific observation,"Source-specific period amount. No inflation adjustment, currency conversion, or averaging is applied.",2026-08-02,Bicross,Bicross,previouspage.co.uk,Publication accessed through PreviousPage
ABMX-PR-0670,V20-BIC-0169,,,R. Julot; Motobécane,Motobécane BMX range starting price,Complete bike,December 1982,,565,FRF,à partir de 565 F,Advertised starting price,France,Period publication,Indexed French-language issue text; the amount/item pairing is retained pending page-image comparison.,MEDIUM-HIGH,https://previouspage.co.uk/magazines/Bicross/issues/233-december-nineteen-eighty-two,INDEX-ONLY,v20 bic 0169 r julot motobecane motobecane bmx range starting price december 1982 565 frf https previouspage co uk magazines bicross issues 233 december nineteen eighty two,RETAIN — source-specific observation,"Source-specific period amount. No inflation adjustment, currency conversion, or averaging is applied.",2026-08-02,Bicross,Bicross,previouspage.co.uk,Publication accessed through PreviousPage
ABMX-PR-0671,V20-BIC-0170,,,Lamouret,Straight or curved alloy seatpost,Seatpost,December 1982,,50,FRF,50 F,Advertised period price,France,Period publication,Indexed French-language issue text; the amount/item pairing is retained pending page-image comparison.,MEDIUM-HIGH,https://previouspage.co.uk/magazines/Bicross/issues/233-december-nineteen-eighty-two,INDEX-ONLY,v20 bic 0170 lamouret straight or curved alloy seatpost december 1982 50 frf https previouspage co uk magazines bicross issues 233 december nineteen eighty two,RETAIN — source-specific observation,"Source-specific period amount. No inflation adjustment, currency conversion, or averaging is applied.",2026-08-02,Bicross,Bicross,previouspage.co.uk,Publication accessed through PreviousPage
ABMX-PR-0672,V20-BIC-0175,,,Red Line,MX III complete BMX,Complete bike,December 1982,,4500,FRF,4 500 F,Reported period retail price,France,Period publication,Indexed French-language issue text; the amount/item pairing is retained pending page-image comparison.,MEDIUM-HIGH,https://previouspage.co.uk/magazines/Bicross/issues/233-december-nineteen-eighty-two,INDEX-ONLY,v20 bic 0175 red line mx iii complete bmx december 1982 4500 frf https previouspage co uk magazines bicross issues 233 december nineteen eighty two,RETAIN — source-specific observation,"Source-specific period amount. No inflation adjustment, currency conversion, or averaging is applied.",2026-08-02,Bicross,Bicross,previouspage.co.uk,Publication accessed through PreviousPage
ABMX-PR-0673,V20-BIC-0185,,,Motobécane,BX 20 diffusion model,Complete bike,December 1982,,675,FRF,675 F,Maximum recommended price,France,Period publication,Indexed French-language issue text; the amount/item pairing is retained pending page-image comparison.,MEDIUM-HIGH,https://previouspage.co.uk/magazines/Bicross/issues/233-december-nineteen-eighty-two,INDEX-ONLY,v20 bic 0185 motobecane bx 20 diffusion model december 1982 675 frf https previouspage co uk magazines bicross issues 233 december nineteen eighty two,RETAIN — source-specific observation,"Source-specific period amount. No inflation adjustment, currency conversion, or averaging is applied.",2026-08-02,Bicross,Bicross,previouspage.co.uk,Publication accessed through PreviousPage
ABMX-PR-0674,V20-BIC-0185,,,Motobécane,MX 120 competition model,Complete bike,December 1982,,995,FRF,995 F TTC,Maximum recommended price,France,Period publication,Indexed French-language issue text; the amount/item pairing is retained pending page-image comparison.,MEDIUM-HIGH,https://previouspage.co.uk/magazines/Bicross/issues/233-december-nineteen-eighty-two,INDEX-ONLY,v20 bic 0185 motobecane mx 120 competition model december 1982 995 frf https previouspage co uk magazines bicross issues 233 december nineteen eighty two,RETAIN — source-specific observation,"Source-specific period amount. No inflation adjustment, currency conversion, or averaging is applied.",2026-08-02,Bicross,Bicross,previouspage.co.uk,Publication accessed through PreviousPage
ABMX-PR-0675,V20-BIC-0185,,,Motobécane,MX 152 competition model,Complete bike,December 1982,,1460,FRF,1 460 F TTC,Maximum recommended price,France,Period publication,Indexed French-language issue text; the amount/item pairing is retained pending page-image comparison.,MEDIUM-HIGH,https://previouspage.co.uk/magazines/Bicross/issues/233-december-nineteen-eighty-two,INDEX-ONLY,v20 bic 0185 motobecane mx 152 competition model december 1982 1460 frf https previouspage co uk magazines bicross issues 233 december nineteen eighty two,RETAIN — source-specific observation,"Source-specific period amount. No inflation adjustment, currency conversion, or averaging is applied.",2026-08-02,Bicross,Bicross,previouspage.co.uk,Publication accessed through PreviousPage
ABMX-PR-0676,V20-BIC-0189,,,Bicross Magazine,Private classified advertisement line,Classified advertising rate,December 1982,,10,FRF,10 F T.T.C. la ligne,Publication service rate,France,Period publication,Indexed French-language issue text; the amount/item pairing is retained pending page-image comparison.,MEDIUM-HIGH,https://previouspage.co.uk/magazines/Bicross/issues/233-december-nineteen-eighty-two,INDEX-ONLY,v20 bic 0189 bicross magazine private classified advertisement line december 1982 10 frf https previouspage co uk magazines bicross issues 233 december nineteen eighty two,RETAIN — source-specific observation,"Source-specific period amount. No inflation adjustment, currency conversion, or averaging is applied.",2026-08-02,Bicross,Bicross,previouspage.co.uk,Publication accessed through PreviousPage
ABMX-PR-0677,V20-BIC-0189,,,Bicross Magazine,Professional classified advertisement line,Classified advertising rate,December 1982,,30,FRF,30 F T.T.C. la ligne,Publication service rate,France,Period publication,Indexed French-language issue text; the amount/item pairing is retained pending page-image comparison.,MEDIUM-HIGH,https://previouspage.co.uk/magazines/Bicross/issues/233-december-nineteen-eighty-two,INDEX-ONLY,v20 bic 0189 bicross magazine professional classified advertisement line december 1982 30 frf https previouspage co uk magazines bicross issues 233 december nineteen eighty two,RETAIN — source-specific observation,"Source-specific period amount. No inflation adjustment, currency conversion, or averaging is applied.",2026-08-02,Bicross,Bicross,previouspage.co.uk,Publication accessed through PreviousPage
ABMX-PR-0678,V20-BIC-0191,,,Bicross Magazine,Domestic annual subscription — 12 issues,Magazine subscription,December 1982,,80,FRF,France : 1 an 80 F TTC,Advertised period price,France,Period publication,Indexed French-language issue text; the amount/item pairing is retained pending page-image comparison.,MEDIUM-HIGH,https://previouspage.co.uk/magazines/Bicross/issues/233-december-nineteen-eighty-two,INDEX-ONLY,v20 bic 0191 bicross magazine domestic annual subscription 12 issues december 1982 80 frf https previouspage co uk magazines bicross issues 233 december nineteen eighty two,RETAIN — source-specific observation,"Source-specific period amount. No inflation adjustment, currency conversion, or averaging is applied.",2026-08-02,Bicross,Bicross,previouspage.co.uk,Publication accessed through PreviousPage
ABMX-PR-0679,V20-BIC-0191,,,Bicross Magazine,Foreign annual subscription — 12 issues,Magazine subscription,December 1982,,140,FRF,Étranger : 1 an 140 F,Advertised period price,France,Period publication,Indexed French-language issue text; the amount/item pairing is retained pending page-image comparison.,MEDIUM-HIGH,https://previouspage.co.uk/magazines/Bicross/issues/233-december-nineteen-eighty-two,INDEX-ONLY,v20 bic 0191 bicross magazine foreign annual subscription 12 issues december 1982 140 frf https previouspage co uk magazines bicross issues 233 december nineteen eighty two,RETAIN — source-specific observation,"Source-specific period amount. No inflation adjustment, currency conversion, or averaging is applied.",2026-08-02,Bicross,Bicross,previouspage.co.uk,Publication accessed through PreviousPage
HAR-PR-0006,OBJ-1004,EPH-1014,OBJ-1004,Haro,F1,Complete bicycle,2010,2010,295,USD,$295,Manufacturer MSRP,International / manufacturer listing,Official manufacturer model page,Official manufacturer model page,HIGH,https://archive.harobikes.com/bmx/2010-freestyle/f1-2010,INDEX-ONLY,haro|f1|2010|295|USD,NO MATCH — retain as new source-specific observation,Manufacturer MSRP; not evidence of a completed retail transaction.,2026-08-03,Haro official archive,Haro official archive,archive.harobikes.com,Direct official archive or organization route
HAR-PR-0007,OBJ-1005,EPH-1015,OBJ-1005,Haro,Forum Pro Lite,Complete bicycle,2010,2010,655,USD,$655,Manufacturer MSRP,International / manufacturer listing,Official manufacturer model page,Official manufacturer model page,HIGH,https://archive.harobikes.com/bmx/2010-freestyle/forum-pro-lite-2010,INDEX-ONLY,haro|forum-pro-lite|2010|655|USD,NO MATCH — retain as new source-specific observation,Manufacturer MSRP; not evidence of a completed retail transaction.,2026-08-03,Haro official archive,Haro official archive,archive.harobikes.com,Direct official archive or organization route
