source_record_id,route,canonical_url,file,robots,source_identity,access_host,deployment_state
EPH-0001,/lititzbmx-public-knowledge-register/records/EPH-0001/,https://article134-tech.github.io/lititzbmx-public-knowledge-register/records/EPH-0001/,records/EPH-0001/index.html,"noindex,nofollow",BMXMuseum reference lead,pinterest.com,offline staging
EPH-0002,/lititzbmx-public-knowledge-register/records/EPH-0002/,https://article134-tech.github.io/lititzbmx-public-knowledge-register/records/EPH-0002/,records/EPH-0002/index.html,"noindex,nofollow",BMXMuseum reference lead,in.pinterest.com,offline staging
EPH-0003,/lititzbmx-public-knowledge-register/records/EPH-0003/,https://article134-tech.github.io/lititzbmx-public-knowledge-register/records/EPH-0003/,records/EPH-0003/index.html,"noindex,nofollow",BMXMuseum reference lead,pinterest.com,offline staging
EPH-0004,/lititzbmx-public-knowledge-register/records/EPH-0004/,https://article134-tech.github.io/lititzbmx-public-knowledge-register/records/EPH-0004/,records/EPH-0004/index.html,"noindex,nofollow",Haro catalog record,storage.googleapis.com,offline staging
EPH-0005,/lititzbmx-public-knowledge-register/records/EPH-0005/,https://article134-tech.github.io/lititzbmx-public-knowledge-register/records/EPH-0005/,records/EPH-0005/index.html,"noindex,nofollow",BMXMuseum reference lead,pinterest.com,offline staging
EPH-0006,/lititzbmx-public-knowledge-register/records/EPH-0006/,https://article134-tech.github.io/lititzbmx-public-knowledge-register/records/EPH-0006/,records/EPH-0006/index.html,"noindex,nofollow",BMXMuseum,bmxmuseum.com,offline staging
EPH-0007,/lititzbmx-public-knowledge-register/records/EPH-0007/,https://article134-tech.github.io/lititzbmx-public-knowledge-register/records/EPH-0007/,records/EPH-0007/index.html,"noindex,nofollow",BMXMuseum,bmxmuseum.com,offline staging
EPH-0008,/lititzbmx-public-knowledge-register/records/EPH-0008/,https://article134-tech.github.io/lititzbmx-public-knowledge-register/records/EPH-0008/,records/EPH-0008/index.html,"noindex,nofollow",Edward Koenning archive,edwardkoenning.blogspot.com,offline staging
EPH-0009,/lititzbmx-public-knowledge-register/records/EPH-0009/,https://article134-tech.github.io/lititzbmx-public-knowledge-register/records/EPH-0009/,records/EPH-0009/index.html,"noindex,nofollow",Torker Racing archive,torkerracing.com,offline staging
EPH-0010,/lititzbmx-public-knowledge-register/records/EPH-0010/,https://article134-tech.github.io/lititzbmx-public-knowledge-register/records/EPH-0010/,records/EPH-0010/index.html,"noindex,nofollow",BMXMuseum,bmxmuseum.com,offline staging
EPH-0011,/lititzbmx-public-knowledge-register/records/EPH-0011/,https://article134-tech.github.io/lititzbmx-public-knowledge-register/records/EPH-0011/,records/EPH-0011/index.html,"noindex,nofollow",BMXMuseum reference lead,pinterest.com,offline staging
EPH-0012,/lititzbmx-public-knowledge-register/records/EPH-0012/,https://article134-tech.github.io/lititzbmx-public-knowledge-register/records/EPH-0012/,records/EPH-0012/index.html,"noindex,nofollow",Public JMC collection post,facebook.com,offline staging
EPH-0013,/lititzbmx-public-knowledge-register/records/EPH-0013/,https://article134-tech.github.io/lititzbmx-public-knowledge-register/records/EPH-0013/,records/EPH-0013/index.html,"noindex,nofollow",JMC historical archive,jmcbmx.wordpress.com,offline staging
EPH-0014,/lititzbmx-public-knowledge-register/records/EPH-0014/,https://article134-tech.github.io/lititzbmx-public-knowledge-register/records/EPH-0014/,records/EPH-0014/index.html,"noindex,nofollow",JMC historical archive,jmcbmx.wordpress.com,offline staging
EPH-0015,/lititzbmx-public-knowledge-register/records/EPH-0015/,https://article134-tech.github.io/lititzbmx-public-knowledge-register/records/EPH-0015/,records/EPH-0015/index.html,"noindex,nofollow",JMC historical archive,jmcbmx.wordpress.com,offline staging
EPH-0016,/lititzbmx-public-knowledge-register/records/EPH-0016/,https://article134-tech.github.io/lititzbmx-public-knowledge-register/records/EPH-0016/,records/EPH-0016/index.html,"noindex,nofollow",JMC historical archive,jmcbmx.wordpress.com,offline staging
EPH-0017,/lititzbmx-public-knowledge-register/records/EPH-0017/,https://article134-tech.github.io/lititzbmx-public-knowledge-register/records/EPH-0017/,records/EPH-0017/index.html,"noindex,nofollow",BMXMuseum reference lead,in.pinterest.com,offline staging
EPH-0018,/lititzbmx-public-knowledge-register/records/EPH-0018/,https://article134-tech.github.io/lititzbmx-public-knowledge-register/records/EPH-0018/,records/EPH-0018/index.html,"noindex,nofollow",BMXMuseum reference lead,pinterest.com,offline staging
EPH-0019,/lititzbmx-public-knowledge-register/records/EPH-0019/,https://article134-tech.github.io/lititzbmx-public-knowledge-register/records/EPH-0019/,records/EPH-0019/index.html,"noindex,nofollow",BMXMuseum reference lead,pinterest.com,offline staging
EPH-0020,/lititzbmx-public-knowledge-register/records/EPH-0020/,https://article134-tech.github.io/lititzbmx-public-knowledge-register/records/EPH-0020/,records/EPH-0020/index.html,"noindex,nofollow",BMX Plus!,previouspage.co.uk,offline staging
EPH-0021,/lititzbmx-public-knowledge-register/records/EPH-0021/,https://article134-tech.github.io/lititzbmx-public-knowledge-register/records/EPH-0021/,records/EPH-0021/index.html,"noindex,nofollow",BMX Plus!,previouspage.co.uk,offline staging
EPH-0022,/lititzbmx-public-knowledge-register/records/EPH-0022/,https://article134-tech.github.io/lititzbmx-public-knowledge-register/records/EPH-0022/,records/EPH-0022/index.html,"noindex,nofollow",BMX Plus!,previouspage.co.uk,offline staging
EPH-0023,/lititzbmx-public-knowledge-register/records/EPH-0023/,https://article134-tech.github.io/lititzbmx-public-knowledge-register/records/EPH-0023/,records/EPH-0023/index.html,"noindex,nofollow",Haro official archive,archive.harobikes.com,offline staging
EPH-0024,/lititzbmx-public-knowledge-register/records/EPH-0024/,https://article134-tech.github.io/lititzbmx-public-knowledge-register/records/EPH-0024/,records/EPH-0024/index.html,"noindex,nofollow",BMX Catalogue archive,bmx-catalogue.com,offline staging
EPH-0025,/lititzbmx-public-knowledge-register/records/EPH-0025/,https://article134-tech.github.io/lititzbmx-public-knowledge-register/records/EPH-0025/,records/EPH-0025/index.html,"noindex,nofollow",BMX Catalogue archive,bmx-catalogue.com,offline staging
EPH-0026,/lititzbmx-public-knowledge-register/records/EPH-0026/,https://article134-tech.github.io/lititzbmx-public-knowledge-register/records/EPH-0026/,records/EPH-0026/index.html,"noindex,nofollow",BMX Catalogue archive,bmx-catalogue.com,offline staging
EPH-0027,/lititzbmx-public-knowledge-register/records/EPH-0027/,https://article134-tech.github.io/lititzbmx-public-knowledge-register/records/EPH-0027/,records/EPH-0027/index.html,"noindex,nofollow",BMX Catalogue archive,bmx-catalogue.com,offline staging
EPH-0028,/lititzbmx-public-knowledge-register/records/EPH-0028/,https://article134-tech.github.io/lititzbmx-public-knowledge-register/records/EPH-0028/,records/EPH-0028/index.html,"noindex,nofollow",BMX Catalogue archive,bmx-catalogue.com,offline staging
EPH-0029,/lititzbmx-public-knowledge-register/records/EPH-0029/,https://article134-tech.github.io/lititzbmx-public-knowledge-register/records/EPH-0029/,records/EPH-0029/index.html,"noindex,nofollow",BMX Catalogue archive,bmx-catalogue.com,offline staging
EPH-0030,/lititzbmx-public-knowledge-register/records/EPH-0030/,https://article134-tech.github.io/lititzbmx-public-knowledge-register/records/EPH-0030/,records/EPH-0030/index.html,"noindex,nofollow",GO,previouspage.co.uk,offline staging
EPH-0031,/lititzbmx-public-knowledge-register/records/EPH-0031/,https://article134-tech.github.io/lititzbmx-public-knowledge-register/records/EPH-0031/,records/EPH-0031/index.html,"noindex,nofollow",BMXMuseum,bmxmuseum.com,offline staging
EPH-0032,/lititzbmx-public-knowledge-register/records/EPH-0032/,https://article134-tech.github.io/lititzbmx-public-knowledge-register/records/EPH-0032/,records/EPH-0032/index.html,"noindex,nofollow",The CABE,thecabe.com,offline staging
EPH-0033,/lititzbmx-public-knowledge-register/records/EPH-0033/,https://article134-tech.github.io/lititzbmx-public-knowledge-register/records/EPH-0033/,records/EPH-0033/index.html,"noindex,nofollow",The CABE,thecabe.com,offline staging
EPH-0034,/lititzbmx-public-knowledge-register/records/EPH-0034/,https://article134-tech.github.io/lititzbmx-public-knowledge-register/records/EPH-0034/,records/EPH-0034/index.html,"noindex,nofollow",Vintage Mongoose archive,vintagemongoose.com,offline staging
EPH-0035,/lititzbmx-public-knowledge-register/records/EPH-0035/,https://article134-tech.github.io/lititzbmx-public-knowledge-register/records/EPH-0035/,records/EPH-0035/index.html,"noindex,nofollow",Vintage Mongoose archive,vintagemongoose.com,offline staging
EPH-0036,/lititzbmx-public-knowledge-register/records/EPH-0036/,https://article134-tech.github.io/lititzbmx-public-knowledge-register/records/EPH-0036/,records/EPH-0036/index.html,"noindex,nofollow",Redline Vintage BMX archive,redlinevintagebmx.com,offline staging
EPH-0037,/lititzbmx-public-knowledge-register/records/EPH-0037/,https://article134-tech.github.io/lititzbmx-public-knowledge-register/records/EPH-0037/,records/EPH-0037/index.html,"noindex,nofollow",USA BMX,usabmx.com,offline staging
EPH-0038,/lititzbmx-public-knowledge-register/records/EPH-0038/,https://article134-tech.github.io/lititzbmx-public-knowledge-register/records/EPH-0038/,records/EPH-0038/index.html,"noindex,nofollow",Redline Vintage BMX archive,redlinevintagebmx.com,offline staging
EPH-0039,/lititzbmx-public-knowledge-register/records/EPH-0039/,https://article134-tech.github.io/lititzbmx-public-knowledge-register/records/EPH-0039/,records/EPH-0039/index.html,"noindex,nofollow",Vintage Mongoose archive,vintagemongoose.com,offline staging
EPH-0040,/lititzbmx-public-knowledge-register/records/EPH-0040/,https://article134-tech.github.io/lititzbmx-public-knowledge-register/records/EPH-0040/,records/EPH-0040/index.html,"noindex,nofollow",Vintage Mongoose archive,vintagemongoose.com,offline staging
EPH-0041,/lititzbmx-public-knowledge-register/records/EPH-0041/,https://article134-tech.github.io/lititzbmx-public-knowledge-register/records/EPH-0041/,records/EPH-0041/index.html,"noindex,nofollow",Vintage Mongoose archive,vintagemongoose.com,offline staging
EPH-0042,/lititzbmx-public-knowledge-register/records/EPH-0042/,https://article134-tech.github.io/lititzbmx-public-knowledge-register/records/EPH-0042/,records/EPH-0042/index.html,"noindex,nofollow",Blogging a Dead Horse,bloggingadeadhorse.com,offline staging
EPH-0043,/lititzbmx-public-knowledge-register/records/EPH-0043/,https://article134-tech.github.io/lititzbmx-public-knowledge-register/records/EPH-0043/,records/EPH-0043/index.html,"noindex,nofollow",SE Bikes official archive,sebikes.com,offline staging
EPH-0044,/lititzbmx-public-knowledge-register/records/EPH-0044/,https://article134-tech.github.io/lititzbmx-public-knowledge-register/records/EPH-0044/,records/EPH-0044/index.html,"noindex,nofollow",SE Bikes official archive,sebikes.com,offline staging
EPH-0045,/lititzbmx-public-knowledge-register/records/EPH-0045/,https://article134-tech.github.io/lititzbmx-public-knowledge-register/records/EPH-0045/,records/EPH-0045/index.html,"noindex,nofollow",BMX Action Bike,previouspage.co.uk,offline staging
EPH-0046,/lititzbmx-public-knowledge-register/records/EPH-0046/,https://article134-tech.github.io/lititzbmx-public-knowledge-register/records/EPH-0046/,records/EPH-0046/index.html,"noindex,nofollow",BMX Action Bike,previouspage.co.uk,offline staging
EPH-0047,/lititzbmx-public-knowledge-register/records/EPH-0047/,https://article134-tech.github.io/lititzbmx-public-knowledge-register/records/EPH-0047/,records/EPH-0047/index.html,"noindex,nofollow",Torker Racing archive,torkerracing.com,offline staging
EPH-0048,/lititzbmx-public-knowledge-register/records/EPH-0048/,https://article134-tech.github.io/lititzbmx-public-knowledge-register/records/EPH-0048/,records/EPH-0048/index.html,"noindex,nofollow",Torker Racing archive,torkerracing.com,offline staging
EPH-0049,/lititzbmx-public-knowledge-register/records/EPH-0049/,https://article134-tech.github.io/lititzbmx-public-knowledge-register/records/EPH-0049/,records/EPH-0049/index.html,"noindex,nofollow",Torker Racing archive,torkerracing.com,offline staging
EPH-0050,/lititzbmx-public-knowledge-register/records/EPH-0050/,https://article134-tech.github.io/lititzbmx-public-knowledge-register/records/EPH-0050/,records/EPH-0050/index.html,"noindex,nofollow",BMX Action Bike,previouspage.co.uk,offline staging
EPH-0051,/lititzbmx-public-knowledge-register/records/EPH-0051/,https://article134-tech.github.io/lititzbmx-public-knowledge-register/records/EPH-0051/,records/EPH-0051/index.html,"noindex,nofollow",BMX Action Bike,previouspage.co.uk,offline staging
EPH-0052,/lititzbmx-public-knowledge-register/records/EPH-0052/,https://article134-tech.github.io/lititzbmx-public-knowledge-register/records/EPH-0052/,records/EPH-0052/index.html,"noindex,nofollow",BMX Plus!,previouspage.co.uk,offline staging
EPH-0053,/lititzbmx-public-knowledge-register/records/EPH-0053/,https://article134-tech.github.io/lititzbmx-public-knowledge-register/records/EPH-0053/,records/EPH-0053/index.html,"noindex,nofollow",BMX Plus!,previouspage.co.uk,offline staging
EPH-0054,/lititzbmx-public-knowledge-register/records/EPH-0054/,https://article134-tech.github.io/lititzbmx-public-knowledge-register/records/EPH-0054/,records/EPH-0054/index.html,"noindex,nofollow",BMX Action Bike,previouspage.co.uk,offline staging
EPH-0055,/lititzbmx-public-knowledge-register/records/EPH-0055/,https://article134-tech.github.io/lititzbmx-public-knowledge-register/records/EPH-0055/,records/EPH-0055/index.html,"noindex,nofollow",GO,previouspage.co.uk,offline staging
EPH-0056,/lititzbmx-public-knowledge-register/records/EPH-0056/,https://article134-tech.github.io/lititzbmx-public-knowledge-register/records/EPH-0056/,records/EPH-0056/index.html,"noindex,nofollow",BMX Weekly,previouspage.co.uk,offline staging
EPH-0057,/lititzbmx-public-knowledge-register/records/EPH-0057/,https://article134-tech.github.io/lititzbmx-public-knowledge-register/records/EPH-0057/,records/EPH-0057/index.html,"noindex,nofollow",BMX Plus!,previouspage.co.uk,offline staging
EPH-0058,/lititzbmx-public-knowledge-register/records/EPH-0058/,https://article134-tech.github.io/lititzbmx-public-knowledge-register/records/EPH-0058/,records/EPH-0058/index.html,"noindex,nofollow",BMX Plus!,previouspage.co.uk,offline staging
EPH-0059,/lititzbmx-public-knowledge-register/records/EPH-0059/,https://article134-tech.github.io/lititzbmx-public-knowledge-register/records/EPH-0059/,records/EPH-0059/index.html,"noindex,nofollow",BMX Action Bike,previouspage.co.uk,offline staging
EPH-0060,/lititzbmx-public-knowledge-register/records/EPH-0060/,https://article134-tech.github.io/lititzbmx-public-knowledge-register/records/EPH-0060/,records/EPH-0060/index.html,"noindex,nofollow",BMX Action Bike,previouspage.co.uk,offline staging
EPH-0061,/lititzbmx-public-knowledge-register/records/EPH-0061/,https://article134-tech.github.io/lititzbmx-public-knowledge-register/records/EPH-0061/,records/EPH-0061/index.html,"noindex,nofollow",BMX Action Bike,previouspage.co.uk,offline staging
EPH-0062,/lititzbmx-public-knowledge-register/records/EPH-0062/,https://article134-tech.github.io/lititzbmx-public-knowledge-register/records/EPH-0062/,records/EPH-0062/index.html,"noindex,nofollow",BMX Action Bike,previouspage.co.uk,offline staging
EPH-0063,/lititzbmx-public-knowledge-register/records/EPH-0063/,https://article134-tech.github.io/lititzbmx-public-knowledge-register/records/EPH-0063/,records/EPH-0063/index.html,"noindex,nofollow",BMX Action Bike,previouspage.co.uk,offline staging
EPH-0064,/lititzbmx-public-knowledge-register/records/EPH-0064/,https://article134-tech.github.io/lititzbmx-public-knowledge-register/records/EPH-0064/,records/EPH-0064/index.html,"noindex,nofollow",BMX Action Bike,previouspage.co.uk,offline staging
EPH-0065,/lititzbmx-public-knowledge-register/records/EPH-0065/,https://article134-tech.github.io/lititzbmx-public-knowledge-register/records/EPH-0065/,records/EPH-0065/index.html,"noindex,nofollow",BMX Action Bike,previouspage.co.uk,offline staging
EPH-0066,/lititzbmx-public-knowledge-register/records/EPH-0066/,https://article134-tech.github.io/lititzbmx-public-knowledge-register/records/EPH-0066/,records/EPH-0066/index.html,"noindex,nofollow",BMX Action Bike,previouspage.co.uk,offline staging
EPH-0067,/lititzbmx-public-knowledge-register/records/EPH-0067/,https://article134-tech.github.io/lititzbmx-public-knowledge-register/records/EPH-0067/,records/EPH-0067/index.html,"noindex,nofollow",BMX Action Bike,previouspage.co.uk,offline staging
EPH-0068,/lititzbmx-public-knowledge-register/records/EPH-0068/,https://article134-tech.github.io/lititzbmx-public-knowledge-register/records/EPH-0068/,records/EPH-0068/index.html,"noindex,nofollow",BMX Action Bike,previouspage.co.uk,offline staging
EPH-0069,/lititzbmx-public-knowledge-register/records/EPH-0069/,https://article134-tech.github.io/lititzbmx-public-knowledge-register/records/EPH-0069/,records/EPH-0069/index.html,"noindex,nofollow",BMX Action Bike,previouspage.co.uk,offline staging
EPH-0070,/lititzbmx-public-knowledge-register/records/EPH-0070/,https://article134-tech.github.io/lititzbmx-public-knowledge-register/records/EPH-0070/,records/EPH-0070/index.html,"noindex,nofollow",BMX Action Bike,previouspage.co.uk,offline staging
EPH-0071,/lititzbmx-public-knowledge-register/records/EPH-0071/,https://article134-tech.github.io/lititzbmx-public-knowledge-register/records/EPH-0071/,records/EPH-0071/index.html,"noindex,nofollow",BMX Action Bike,previouspage.co.uk,offline staging
EPH-0072,/lititzbmx-public-knowledge-register/records/EPH-0072/,https://article134-tech.github.io/lititzbmx-public-knowledge-register/records/EPH-0072/,records/EPH-0072/index.html,"noindex,nofollow",BMX Action Bike,previouspage.co.uk,offline staging
EPH-0073,/lititzbmx-public-knowledge-register/records/EPH-0073/,https://article134-tech.github.io/lititzbmx-public-knowledge-register/records/EPH-0073/,records/EPH-0073/index.html,"noindex,nofollow",BMX Action Bike,previouspage.co.uk,offline staging
EPH-0074,/lititzbmx-public-knowledge-register/records/EPH-0074/,https://article134-tech.github.io/lititzbmx-public-knowledge-register/records/EPH-0074/,records/EPH-0074/index.html,"noindex,nofollow",BMX Action Bike,previouspage.co.uk,offline staging
EPH-0075,/lititzbmx-public-knowledge-register/records/EPH-0075/,https://article134-tech.github.io/lititzbmx-public-knowledge-register/records/EPH-0075/,records/EPH-0075/index.html,"noindex,nofollow",BMX Action Bike,previouspage.co.uk,offline staging
EPH-0076,/lititzbmx-public-knowledge-register/records/EPH-0076/,https://article134-tech.github.io/lititzbmx-public-knowledge-register/records/EPH-0076/,records/EPH-0076/index.html,"noindex,nofollow",BMX Action Bike,previouspage.co.uk,offline staging
EPH-0077,/lititzbmx-public-knowledge-register/records/EPH-0077/,https://article134-tech.github.io/lititzbmx-public-knowledge-register/records/EPH-0077/,records/EPH-0077/index.html,"noindex,nofollow",BMX Action Bike,previouspage.co.uk,offline staging
EPH-0078,/lititzbmx-public-knowledge-register/records/EPH-0078/,https://article134-tech.github.io/lititzbmx-public-knowledge-register/records/EPH-0078/,records/EPH-0078/index.html,"noindex,nofollow",BMX Action Bike,previouspage.co.uk,offline staging
EPH-0079,/lititzbmx-public-knowledge-register/records/EPH-0079/,https://article134-tech.github.io/lititzbmx-public-knowledge-register/records/EPH-0079/,records/EPH-0079/index.html,"noindex,nofollow",BMX Action Bike,previouspage.co.uk,offline staging
EPH-0080,/lititzbmx-public-knowledge-register/records/EPH-0080/,https://article134-tech.github.io/lititzbmx-public-knowledge-register/records/EPH-0080/,records/EPH-0080/index.html,"noindex,nofollow",BMX Action Bike,previouspage.co.uk,offline staging
EPH-0081,/lititzbmx-public-knowledge-register/records/EPH-0081/,https://article134-tech.github.io/lititzbmx-public-knowledge-register/records/EPH-0081/,records/EPH-0081/index.html,"noindex,nofollow",BMX Action Bike,previouspage.co.uk,offline staging
EPH-0082,/lititzbmx-public-knowledge-register/records/EPH-0082/,https://article134-tech.github.io/lititzbmx-public-knowledge-register/records/EPH-0082/,records/EPH-0082/index.html,"noindex,nofollow",BMX Action Bike,previouspage.co.uk,offline staging
EPH-0083,/lititzbmx-public-knowledge-register/records/EPH-0083/,https://article134-tech.github.io/lititzbmx-public-knowledge-register/records/EPH-0083/,records/EPH-0083/index.html,"noindex,nofollow",BMX Action Bike,previouspage.co.uk,offline staging
EPH-0084,/lititzbmx-public-knowledge-register/records/EPH-0084/,https://article134-tech.github.io/lititzbmx-public-knowledge-register/records/EPH-0084/,records/EPH-0084/index.html,"noindex,nofollow",BMX Action Bike,previouspage.co.uk,offline staging
EPH-0085,/lititzbmx-public-knowledge-register/records/EPH-0085/,https://article134-tech.github.io/lititzbmx-public-knowledge-register/records/EPH-0085/,records/EPH-0085/index.html,"noindex,nofollow",BMX Action Bike,previouspage.co.uk,offline staging
EPH-0086,/lititzbmx-public-knowledge-register/records/EPH-0086/,https://article134-tech.github.io/lititzbmx-public-knowledge-register/records/EPH-0086/,records/EPH-0086/index.html,"noindex,nofollow",BMX Action Bike,previouspage.co.uk,offline staging
EPH-0087,/lititzbmx-public-knowledge-register/records/EPH-0087/,https://article134-tech.github.io/lititzbmx-public-knowledge-register/records/EPH-0087/,records/EPH-0087/index.html,"noindex,nofollow",BMX Action Bike,previouspage.co.uk,offline staging
EPH-0088,/lititzbmx-public-knowledge-register/records/EPH-0088/,https://article134-tech.github.io/lititzbmx-public-knowledge-register/records/EPH-0088/,records/EPH-0088/index.html,"noindex,nofollow",BMX Action Bike,previouspage.co.uk,offline staging
EPH-0089,/lititzbmx-public-knowledge-register/records/EPH-0089/,https://article134-tech.github.io/lititzbmx-public-knowledge-register/records/EPH-0089/,records/EPH-0089/index.html,"noindex,nofollow",BMX Action Bike,previouspage.co.uk,offline staging
EPH-0090,/lititzbmx-public-knowledge-register/records/EPH-0090/,https://article134-tech.github.io/lititzbmx-public-knowledge-register/records/EPH-0090/,records/EPH-0090/index.html,"noindex,nofollow",BMX Action Bike,previouspage.co.uk,offline staging
EPH-0091,/lititzbmx-public-knowledge-register/records/EPH-0091/,https://article134-tech.github.io/lititzbmx-public-knowledge-register/records/EPH-0091/,records/EPH-0091/index.html,"noindex,nofollow",BMX Action Bike,previouspage.co.uk,offline staging
EPH-0092,/lititzbmx-public-knowledge-register/records/EPH-0092/,https://article134-tech.github.io/lititzbmx-public-knowledge-register/records/EPH-0092/,records/EPH-0092/index.html,"noindex,nofollow",BMX Action Bike,previouspage.co.uk,offline staging
EPH-0093,/lititzbmx-public-knowledge-register/records/EPH-0093/,https://article134-tech.github.io/lititzbmx-public-knowledge-register/records/EPH-0093/,records/EPH-0093/index.html,"noindex,nofollow",BMX Action Bike,previouspage.co.uk,offline staging
EPH-0094,/lititzbmx-public-knowledge-register/records/EPH-0094/,https://article134-tech.github.io/lititzbmx-public-knowledge-register/records/EPH-0094/,records/EPH-0094/index.html,"noindex,nofollow",BMX Action Bike,previouspage.co.uk,offline staging
EPH-0095,/lititzbmx-public-knowledge-register/records/EPH-0095/,https://article134-tech.github.io/lititzbmx-public-knowledge-register/records/EPH-0095/,records/EPH-0095/index.html,"noindex,nofollow",BMX Action Bike,previouspage.co.uk,offline staging
EPH-0096,/lititzbmx-public-knowledge-register/records/EPH-0096/,https://article134-tech.github.io/lititzbmx-public-knowledge-register/records/EPH-0096/,records/EPH-0096/index.html,"noindex,nofollow",BMX Action Bike,previouspage.co.uk,offline staging
EPH-0097,/lititzbmx-public-knowledge-register/records/EPH-0097/,https://article134-tech.github.io/lititzbmx-public-knowledge-register/records/EPH-0097/,records/EPH-0097/index.html,"noindex,nofollow",BMX Action Bike,previouspage.co.uk,offline staging
EPH-0098,/lititzbmx-public-knowledge-register/records/EPH-0098/,https://article134-tech.github.io/lititzbmx-public-knowledge-register/records/EPH-0098/,records/EPH-0098/index.html,"noindex,nofollow",BMX Action Bike,previouspage.co.uk,offline staging
EPH-0099,/lititzbmx-public-knowledge-register/records/EPH-0099/,https://article134-tech.github.io/lititzbmx-public-knowledge-register/records/EPH-0099/,records/EPH-0099/index.html,"noindex,nofollow",BMX Action Bike,previouspage.co.uk,offline staging
EPH-0100,/lititzbmx-public-knowledge-register/records/EPH-0100/,https://article134-tech.github.io/lititzbmx-public-knowledge-register/records/EPH-0100/,records/EPH-0100/index.html,"noindex,nofollow",BMX Action Bike,previouspage.co.uk,offline staging
EPH-0101,/lititzbmx-public-knowledge-register/records/EPH-0101/,https://article134-tech.github.io/lititzbmx-public-knowledge-register/records/EPH-0101/,records/EPH-0101/index.html,"noindex,nofollow",BMX Action Bike,previouspage.co.uk,offline staging
EPH-0102,/lititzbmx-public-knowledge-register/records/EPH-0102/,https://article134-tech.github.io/lititzbmx-public-knowledge-register/records/EPH-0102/,records/EPH-0102/index.html,"noindex,nofollow",BMX Action Bike,previouspage.co.uk,offline staging
EPH-0103,/lititzbmx-public-knowledge-register/records/EPH-0103/,https://article134-tech.github.io/lititzbmx-public-knowledge-register/records/EPH-0103/,records/EPH-0103/index.html,"noindex,nofollow",BMX Action Bike,previouspage.co.uk,offline staging
EPH-0104,/lititzbmx-public-knowledge-register/records/EPH-0104/,https://article134-tech.github.io/lititzbmx-public-knowledge-register/records/EPH-0104/,records/EPH-0104/index.html,"noindex,nofollow",BMX Action Bike,previouspage.co.uk,offline staging
EPH-0105,/lititzbmx-public-knowledge-register/records/EPH-0105/,https://article134-tech.github.io/lititzbmx-public-knowledge-register/records/EPH-0105/,records/EPH-0105/index.html,"noindex,nofollow",BMX Action Bike,previouspage.co.uk,offline staging
EPH-0106,/lititzbmx-public-knowledge-register/records/EPH-0106/,https://article134-tech.github.io/lititzbmx-public-knowledge-register/records/EPH-0106/,records/EPH-0106/index.html,"noindex,nofollow",BMX Action Bike,previouspage.co.uk,offline staging
EPH-0107,/lititzbmx-public-knowledge-register/records/EPH-0107/,https://article134-tech.github.io/lititzbmx-public-knowledge-register/records/EPH-0107/,records/EPH-0107/index.html,"noindex,nofollow",BMX Action Bike,previouspage.co.uk,offline staging
EPH-0108,/lititzbmx-public-knowledge-register/records/EPH-0108/,https://article134-tech.github.io/lititzbmx-public-knowledge-register/records/EPH-0108/,records/EPH-0108/index.html,"noindex,nofollow",BMX Action Bike,previouspage.co.uk,offline staging
EPH-0109,/lititzbmx-public-knowledge-register/records/EPH-0109/,https://article134-tech.github.io/lititzbmx-public-knowledge-register/records/EPH-0109/,records/EPH-0109/index.html,"noindex,nofollow",BMX Action Bike,previouspage.co.uk,offline staging
EPH-0110,/lititzbmx-public-knowledge-register/records/EPH-0110/,https://article134-tech.github.io/lititzbmx-public-knowledge-register/records/EPH-0110/,records/EPH-0110/index.html,"noindex,nofollow",BMX Action Bike,previouspage.co.uk,offline staging
EPH-0111,/lititzbmx-public-knowledge-register/records/EPH-0111/,https://article134-tech.github.io/lititzbmx-public-knowledge-register/records/EPH-0111/,records/EPH-0111/index.html,"noindex,nofollow",BMX Action Bike,previouspage.co.uk,offline staging
EPH-0112,/lititzbmx-public-knowledge-register/records/EPH-0112/,https://article134-tech.github.io/lititzbmx-public-knowledge-register/records/EPH-0112/,records/EPH-0112/index.html,"noindex,nofollow",BMX Action Bike,previouspage.co.uk,offline staging
EPH-0113,/lititzbmx-public-knowledge-register/records/EPH-0113/,https://article134-tech.github.io/lititzbmx-public-knowledge-register/records/EPH-0113/,records/EPH-0113/index.html,"noindex,nofollow",BMX Action Bike,previouspage.co.uk,offline staging
EPH-0114,/lititzbmx-public-knowledge-register/records/EPH-0114/,https://article134-tech.github.io/lititzbmx-public-knowledge-register/records/EPH-0114/,records/EPH-0114/index.html,"noindex,nofollow",BMX Action Bike,previouspage.co.uk,offline staging
EPH-0115,/lititzbmx-public-knowledge-register/records/EPH-0115/,https://article134-tech.github.io/lititzbmx-public-knowledge-register/records/EPH-0115/,records/EPH-0115/index.html,"noindex,nofollow",BMX Action Bike,previouspage.co.uk,offline staging
EPH-0116,/lititzbmx-public-knowledge-register/records/EPH-0116/,https://article134-tech.github.io/lititzbmx-public-knowledge-register/records/EPH-0116/,records/EPH-0116/index.html,"noindex,nofollow",BMX Action Bike,previouspage.co.uk,offline staging
EPH-0117,/lititzbmx-public-knowledge-register/records/EPH-0117/,https://article134-tech.github.io/lititzbmx-public-knowledge-register/records/EPH-0117/,records/EPH-0117/index.html,"noindex,nofollow",BMX Action Bike,previouspage.co.uk,offline staging
EPH-0118,/lititzbmx-public-knowledge-register/records/EPH-0118/,https://article134-tech.github.io/lititzbmx-public-knowledge-register/records/EPH-0118/,records/EPH-0118/index.html,"noindex,nofollow",BMX Action Bike,previouspage.co.uk,offline staging
EPH-0119,/lititzbmx-public-knowledge-register/records/EPH-0119/,https://article134-tech.github.io/lititzbmx-public-knowledge-register/records/EPH-0119/,records/EPH-0119/index.html,"noindex,nofollow",BMX Action Bike,previouspage.co.uk,offline staging
EPH-0120,/lititzbmx-public-knowledge-register/records/EPH-0120/,https://article134-tech.github.io/lititzbmx-public-knowledge-register/records/EPH-0120/,records/EPH-0120/index.html,"noindex,nofollow",BMX Action Bike,previouspage.co.uk,offline staging
EPH-0121,/lititzbmx-public-knowledge-register/records/EPH-0121/,https://article134-tech.github.io/lititzbmx-public-knowledge-register/records/EPH-0121/,records/EPH-0121/index.html,"noindex,nofollow",BMX Action Bike,previouspage.co.uk,offline staging
EPH-0122,/lititzbmx-public-knowledge-register/records/EPH-0122/,https://article134-tech.github.io/lititzbmx-public-knowledge-register/records/EPH-0122/,records/EPH-0122/index.html,"noindex,nofollow",BMX Action Bike,previouspage.co.uk,offline staging
EPH-0123,/lititzbmx-public-knowledge-register/records/EPH-0123/,https://article134-tech.github.io/lititzbmx-public-knowledge-register/records/EPH-0123/,records/EPH-0123/index.html,"noindex,nofollow",BMX Action Bike,previouspage.co.uk,offline staging
EPH-0124,/lititzbmx-public-knowledge-register/records/EPH-0124/,https://article134-tech.github.io/lititzbmx-public-knowledge-register/records/EPH-0124/,records/EPH-0124/index.html,"noindex,nofollow",BMX Action Bike,previouspage.co.uk,offline staging
EPH-0125,/lititzbmx-public-knowledge-register/records/EPH-0125/,https://article134-tech.github.io/lititzbmx-public-knowledge-register/records/EPH-0125/,records/EPH-0125/index.html,"noindex,nofollow",BMX Action Bike,previouspage.co.uk,offline staging
EPH-0126,/lititzbmx-public-knowledge-register/records/EPH-0126/,https://article134-tech.github.io/lititzbmx-public-knowledge-register/records/EPH-0126/,records/EPH-0126/index.html,"noindex,nofollow",BMX Action Bike,previouspage.co.uk,offline staging
EPH-0127,/lititzbmx-public-knowledge-register/records/EPH-0127/,https://article134-tech.github.io/lititzbmx-public-knowledge-register/records/EPH-0127/,records/EPH-0127/index.html,"noindex,nofollow",BMX Action Bike,previouspage.co.uk,offline staging
EPH-0128,/lititzbmx-public-knowledge-register/records/EPH-0128/,https://article134-tech.github.io/lititzbmx-public-knowledge-register/records/EPH-0128/,records/EPH-0128/index.html,"noindex,nofollow",BMX Action Bike,previouspage.co.uk,offline staging
EPH-0129,/lititzbmx-public-knowledge-register/records/EPH-0129/,https://article134-tech.github.io/lititzbmx-public-knowledge-register/records/EPH-0129/,records/EPH-0129/index.html,"noindex,nofollow",BMX Action Bike,previouspage.co.uk,offline staging
EPH-0130,/lititzbmx-public-knowledge-register/records/EPH-0130/,https://article134-tech.github.io/lititzbmx-public-knowledge-register/records/EPH-0130/,records/EPH-0130/index.html,"noindex,nofollow",BMX Action Bike,previouspage.co.uk,offline staging
EPH-0131,/lititzbmx-public-knowledge-register/records/EPH-0131/,https://article134-tech.github.io/lititzbmx-public-knowledge-register/records/EPH-0131/,records/EPH-0131/index.html,"noindex,nofollow",BMX Action Bike,previouspage.co.uk,offline staging
EPH-0132,/lititzbmx-public-knowledge-register/records/EPH-0132/,https://article134-tech.github.io/lititzbmx-public-knowledge-register/records/EPH-0132/,records/EPH-0132/index.html,"noindex,nofollow",BMX Action Bike,previouspage.co.uk,offline staging
EPH-0133,/lititzbmx-public-knowledge-register/records/EPH-0133/,https://article134-tech.github.io/lititzbmx-public-knowledge-register/records/EPH-0133/,records/EPH-0133/index.html,"noindex,nofollow",BMX Action Bike,previouspage.co.uk,offline staging
EPH-0134,/lititzbmx-public-knowledge-register/records/EPH-0134/,https://article134-tech.github.io/lititzbmx-public-knowledge-register/records/EPH-0134/,records/EPH-0134/index.html,"noindex,nofollow",BMX Action Bike,previouspage.co.uk,offline staging
EPH-0135,/lititzbmx-public-knowledge-register/records/EPH-0135/,https://article134-tech.github.io/lititzbmx-public-knowledge-register/records/EPH-0135/,records/EPH-0135/index.html,"noindex,nofollow",BMX Action Bike,previouspage.co.uk,offline staging
EPH-0136,/lititzbmx-public-knowledge-register/records/EPH-0136/,https://article134-tech.github.io/lititzbmx-public-knowledge-register/records/EPH-0136/,records/EPH-0136/index.html,"noindex,nofollow",BMX Action Bike,previouspage.co.uk,offline staging
EPH-0137,/lititzbmx-public-knowledge-register/records/EPH-0137/,https://article134-tech.github.io/lititzbmx-public-knowledge-register/records/EPH-0137/,records/EPH-0137/index.html,"noindex,nofollow",BMX Action Bike,previouspage.co.uk,offline staging
EPH-0138,/lititzbmx-public-knowledge-register/records/EPH-0138/,https://article134-tech.github.io/lititzbmx-public-knowledge-register/records/EPH-0138/,records/EPH-0138/index.html,"noindex,nofollow",BMX Action Bike,previouspage.co.uk,offline staging
EPH-0139,/lititzbmx-public-knowledge-register/records/EPH-0139/,https://article134-tech.github.io/lititzbmx-public-knowledge-register/records/EPH-0139/,records/EPH-0139/index.html,"noindex,nofollow",BMX Action Bike,previouspage.co.uk,offline staging
EPH-0140,/lititzbmx-public-knowledge-register/records/EPH-0140/,https://article134-tech.github.io/lititzbmx-public-knowledge-register/records/EPH-0140/,records/EPH-0140/index.html,"noindex,nofollow",BMX Action Bike,previouspage.co.uk,offline staging
EPH-0141,/lititzbmx-public-knowledge-register/records/EPH-0141/,https://article134-tech.github.io/lititzbmx-public-knowledge-register/records/EPH-0141/,records/EPH-0141/index.html,"noindex,nofollow",BMX Action Bike,previouspage.co.uk,offline staging
EPH-0142,/lititzbmx-public-knowledge-register/records/EPH-0142/,https://article134-tech.github.io/lititzbmx-public-knowledge-register/records/EPH-0142/,records/EPH-0142/index.html,"noindex,nofollow",BMX Action Bike,previouspage.co.uk,offline staging
EPH-0143,/lititzbmx-public-knowledge-register/records/EPH-0143/,https://article134-tech.github.io/lititzbmx-public-knowledge-register/records/EPH-0143/,records/EPH-0143/index.html,"noindex,nofollow",BMX Action Bike,previouspage.co.uk,offline staging
EPH-0144,/lititzbmx-public-knowledge-register/records/EPH-0144/,https://article134-tech.github.io/lititzbmx-public-knowledge-register/records/EPH-0144/,records/EPH-0144/index.html,"noindex,nofollow",BMX Action Bike,previouspage.co.uk,offline staging
EPH-0145,/lititzbmx-public-knowledge-register/records/EPH-0145/,https://article134-tech.github.io/lititzbmx-public-knowledge-register/records/EPH-0145/,records/EPH-0145/index.html,"noindex,nofollow",BMX Action Bike,previouspage.co.uk,offline staging
EPH-0146,/lititzbmx-public-knowledge-register/records/EPH-0146/,https://article134-tech.github.io/lititzbmx-public-knowledge-register/records/EPH-0146/,records/EPH-0146/index.html,"noindex,nofollow",BMX Action Bike,previouspage.co.uk,offline staging
EPH-0147,/lititzbmx-public-knowledge-register/records/EPH-0147/,https://article134-tech.github.io/lititzbmx-public-knowledge-register/records/EPH-0147/,records/EPH-0147/index.html,"noindex,nofollow",BMX Action Bike,previouspage.co.uk,offline staging
EPH-0148,/lititzbmx-public-knowledge-register/records/EPH-0148/,https://article134-tech.github.io/lititzbmx-public-knowledge-register/records/EPH-0148/,records/EPH-0148/index.html,"noindex,nofollow",BMX Action Bike,previouspage.co.uk,offline staging
EPH-0149,/lititzbmx-public-knowledge-register/records/EPH-0149/,https://article134-tech.github.io/lititzbmx-public-knowledge-register/records/EPH-0149/,records/EPH-0149/index.html,"noindex,nofollow",BMX Action Bike,previouspage.co.uk,offline staging
EPH-0150,/lititzbmx-public-knowledge-register/records/EPH-0150/,https://article134-tech.github.io/lititzbmx-public-knowledge-register/records/EPH-0150/,records/EPH-0150/index.html,"noindex,nofollow",BMX Action Bike,previouspage.co.uk,offline staging
EPH-0151,/lititzbmx-public-knowledge-register/records/EPH-0151/,https://article134-tech.github.io/lititzbmx-public-knowledge-register/records/EPH-0151/,records/EPH-0151/index.html,"noindex,nofollow",BMX Action Bike,previouspage.co.uk,offline staging
EPH-0152,/lititzbmx-public-knowledge-register/records/EPH-0152/,https://article134-tech.github.io/lititzbmx-public-knowledge-register/records/EPH-0152/,records/EPH-0152/index.html,"noindex,nofollow",BMX Action Bike,previouspage.co.uk,offline staging
EPH-0153,/lititzbmx-public-knowledge-register/records/EPH-0153/,https://article134-tech.github.io/lititzbmx-public-knowledge-register/records/EPH-0153/,records/EPH-0153/index.html,"noindex,nofollow",BMX Action Bike,previouspage.co.uk,offline staging
EPH-0154,/lititzbmx-public-knowledge-register/records/EPH-0154/,https://article134-tech.github.io/lititzbmx-public-knowledge-register/records/EPH-0154/,records/EPH-0154/index.html,"noindex,nofollow",BMX Action Bike,previouspage.co.uk,offline staging
EPH-0155,/lititzbmx-public-knowledge-register/records/EPH-0155/,https://article134-tech.github.io/lititzbmx-public-knowledge-register/records/EPH-0155/,records/EPH-0155/index.html,"noindex,nofollow",BMX Action Bike,previouspage.co.uk,offline staging
EPH-0156,/lititzbmx-public-knowledge-register/records/EPH-0156/,https://article134-tech.github.io/lititzbmx-public-knowledge-register/records/EPH-0156/,records/EPH-0156/index.html,"noindex,nofollow",BMX Action Bike,previouspage.co.uk,offline staging
EPH-0157,/lititzbmx-public-knowledge-register/records/EPH-0157/,https://article134-tech.github.io/lititzbmx-public-knowledge-register/records/EPH-0157/,records/EPH-0157/index.html,"noindex,nofollow",BMX Action Bike,previouspage.co.uk,offline staging
EPH-0158,/lititzbmx-public-knowledge-register/records/EPH-0158/,https://article134-tech.github.io/lititzbmx-public-knowledge-register/records/EPH-0158/,records/EPH-0158/index.html,"noindex,nofollow",BMX Action Bike,previouspage.co.uk,offline staging
EPH-0159,/lititzbmx-public-knowledge-register/records/EPH-0159/,https://article134-tech.github.io/lititzbmx-public-knowledge-register/records/EPH-0159/,records/EPH-0159/index.html,"noindex,nofollow",BMX Action Bike,previouspage.co.uk,offline staging
EPH-0160,/lititzbmx-public-knowledge-register/records/EPH-0160/,https://article134-tech.github.io/lititzbmx-public-knowledge-register/records/EPH-0160/,records/EPH-0160/index.html,"noindex,nofollow",BMX Action Bike,previouspage.co.uk,offline staging
EPH-0161,/lititzbmx-public-knowledge-register/records/EPH-0161/,https://article134-tech.github.io/lititzbmx-public-knowledge-register/records/EPH-0161/,records/EPH-0161/index.html,"noindex,nofollow",BMX Action Bike,previouspage.co.uk,offline staging
EPH-0162,/lititzbmx-public-knowledge-register/records/EPH-0162/,https://article134-tech.github.io/lititzbmx-public-knowledge-register/records/EPH-0162/,records/EPH-0162/index.html,"noindex,nofollow",BMX Action Bike,previouspage.co.uk,offline staging
EPH-0163,/lititzbmx-public-knowledge-register/records/EPH-0163/,https://article134-tech.github.io/lititzbmx-public-knowledge-register/records/EPH-0163/,records/EPH-0163/index.html,"noindex,nofollow",BMX Action Bike,previouspage.co.uk,offline staging
EPH-0164,/lititzbmx-public-knowledge-register/records/EPH-0164/,https://article134-tech.github.io/lititzbmx-public-knowledge-register/records/EPH-0164/,records/EPH-0164/index.html,"noindex,nofollow",BMX Action Bike,previouspage.co.uk,offline staging
EPH-0165,/lititzbmx-public-knowledge-register/records/EPH-0165/,https://article134-tech.github.io/lititzbmx-public-knowledge-register/records/EPH-0165/,records/EPH-0165/index.html,"noindex,nofollow",BMX Action Bike,previouspage.co.uk,offline staging
EPH-0166,/lititzbmx-public-knowledge-register/records/EPH-0166/,https://article134-tech.github.io/lititzbmx-public-knowledge-register/records/EPH-0166/,records/EPH-0166/index.html,"noindex,nofollow",BMX Action Bike,previouspage.co.uk,offline staging
EPH-0167,/lititzbmx-public-knowledge-register/records/EPH-0167/,https://article134-tech.github.io/lititzbmx-public-knowledge-register/records/EPH-0167/,records/EPH-0167/index.html,"noindex,nofollow",BMX Action Bike,previouspage.co.uk,offline staging
EPH-0168,/lititzbmx-public-knowledge-register/records/EPH-0168/,https://article134-tech.github.io/lititzbmx-public-knowledge-register/records/EPH-0168/,records/EPH-0168/index.html,"noindex,nofollow",BMX Action Bike,previouspage.co.uk,offline staging
EPH-0169,/lititzbmx-public-knowledge-register/records/EPH-0169/,https://article134-tech.github.io/lititzbmx-public-knowledge-register/records/EPH-0169/,records/EPH-0169/index.html,"noindex,nofollow",BMX Action Bike,previouspage.co.uk,offline staging
EPH-0170,/lititzbmx-public-knowledge-register/records/EPH-0170/,https://article134-tech.github.io/lititzbmx-public-knowledge-register/records/EPH-0170/,records/EPH-0170/index.html,"noindex,nofollow",BMX Action Bike,previouspage.co.uk,offline staging
EPH-0171,/lititzbmx-public-knowledge-register/records/EPH-0171/,https://article134-tech.github.io/lititzbmx-public-knowledge-register/records/EPH-0171/,records/EPH-0171/index.html,"noindex,nofollow",BMX Action Bike,previouspage.co.uk,offline staging
EPH-0172,/lititzbmx-public-knowledge-register/records/EPH-0172/,https://article134-tech.github.io/lititzbmx-public-knowledge-register/records/EPH-0172/,records/EPH-0172/index.html,"noindex,nofollow",BMX Action Bike,previouspage.co.uk,offline staging
EPH-0173,/lititzbmx-public-knowledge-register/records/EPH-0173/,https://article134-tech.github.io/lititzbmx-public-knowledge-register/records/EPH-0173/,records/EPH-0173/index.html,"noindex,nofollow",BMX Action Bike,previouspage.co.uk,offline staging
EPH-0174,/lititzbmx-public-knowledge-register/records/EPH-0174/,https://article134-tech.github.io/lititzbmx-public-knowledge-register/records/EPH-0174/,records/EPH-0174/index.html,"noindex,nofollow",BMX Action Bike,previouspage.co.uk,offline staging
EPH-0175,/lititzbmx-public-knowledge-register/records/EPH-0175/,https://article134-tech.github.io/lititzbmx-public-knowledge-register/records/EPH-0175/,records/EPH-0175/index.html,"noindex,nofollow",BMX Action Bike,previouspage.co.uk,offline staging
EPH-0176,/lititzbmx-public-knowledge-register/records/EPH-0176/,https://article134-tech.github.io/lititzbmx-public-knowledge-register/records/EPH-0176/,records/EPH-0176/index.html,"noindex,nofollow",BMX Action Bike,previouspage.co.uk,offline staging
EPH-0177,/lititzbmx-public-knowledge-register/records/EPH-0177/,https://article134-tech.github.io/lititzbmx-public-knowledge-register/records/EPH-0177/,records/EPH-0177/index.html,"noindex,nofollow",BMX Action Bike,previouspage.co.uk,offline staging
EPH-0178,/lititzbmx-public-knowledge-register/records/EPH-0178/,https://article134-tech.github.io/lititzbmx-public-knowledge-register/records/EPH-0178/,records/EPH-0178/index.html,"noindex,nofollow",BMX Action Bike,previouspage.co.uk,offline staging
EPH-0179,/lititzbmx-public-knowledge-register/records/EPH-0179/,https://article134-tech.github.io/lititzbmx-public-knowledge-register/records/EPH-0179/,records/EPH-0179/index.html,"noindex,nofollow",BMX Action Bike,previouspage.co.uk,offline staging
EPH-0180,/lititzbmx-public-knowledge-register/records/EPH-0180/,https://article134-tech.github.io/lititzbmx-public-knowledge-register/records/EPH-0180/,records/EPH-0180/index.html,"noindex,nofollow",BMX Action Bike,previouspage.co.uk,offline staging
EPH-0181,/lititzbmx-public-knowledge-register/records/EPH-0181/,https://article134-tech.github.io/lititzbmx-public-knowledge-register/records/EPH-0181/,records/EPH-0181/index.html,"noindex,nofollow",BMX Action Bike,previouspage.co.uk,offline staging
EPH-0182,/lititzbmx-public-knowledge-register/records/EPH-0182/,https://article134-tech.github.io/lititzbmx-public-knowledge-register/records/EPH-0182/,records/EPH-0182/index.html,"noindex,nofollow",BMX Action Bike,previouspage.co.uk,offline staging
EPH-0183,/lititzbmx-public-knowledge-register/records/EPH-0183/,https://article134-tech.github.io/lititzbmx-public-knowledge-register/records/EPH-0183/,records/EPH-0183/index.html,"noindex,nofollow",BMX Action Bike,previouspage.co.uk,offline staging
EPH-0184,/lititzbmx-public-knowledge-register/records/EPH-0184/,https://article134-tech.github.io/lititzbmx-public-knowledge-register/records/EPH-0184/,records/EPH-0184/index.html,"noindex,nofollow",BMX Action Bike,previouspage.co.uk,offline staging
EPH-0185,/lititzbmx-public-knowledge-register/records/EPH-0185/,https://article134-tech.github.io/lititzbmx-public-knowledge-register/records/EPH-0185/,records/EPH-0185/index.html,"noindex,nofollow",BMX Action Bike,previouspage.co.uk,offline staging
EPH-0186,/lititzbmx-public-knowledge-register/records/EPH-0186/,https://article134-tech.github.io/lititzbmx-public-knowledge-register/records/EPH-0186/,records/EPH-0186/index.html,"noindex,nofollow",BMX Action Bike,previouspage.co.uk,offline staging
EPH-0187,/lititzbmx-public-knowledge-register/records/EPH-0187/,https://article134-tech.github.io/lititzbmx-public-knowledge-register/records/EPH-0187/,records/EPH-0187/index.html,"noindex,nofollow",BMX Action Bike,previouspage.co.uk,offline staging
EPH-0188,/lititzbmx-public-knowledge-register/records/EPH-0188/,https://article134-tech.github.io/lititzbmx-public-knowledge-register/records/EPH-0188/,records/EPH-0188/index.html,"noindex,nofollow",BMX Action Bike,previouspage.co.uk,offline staging
EPH-0189,/lititzbmx-public-knowledge-register/records/EPH-0189/,https://article134-tech.github.io/lititzbmx-public-knowledge-register/records/EPH-0189/,records/EPH-0189/index.html,"noindex,nofollow",BMX Action Bike,previouspage.co.uk,offline staging
EPH-0190,/lititzbmx-public-knowledge-register/records/EPH-0190/,https://article134-tech.github.io/lititzbmx-public-knowledge-register/records/EPH-0190/,records/EPH-0190/index.html,"noindex,nofollow",BMX Action Bike,previouspage.co.uk,offline staging
EPH-0191,/lititzbmx-public-knowledge-register/records/EPH-0191/,https://article134-tech.github.io/lititzbmx-public-knowledge-register/records/EPH-0191/,records/EPH-0191/index.html,"noindex,nofollow",BMX Action Bike,previouspage.co.uk,offline staging
EPH-0192,/lititzbmx-public-knowledge-register/records/EPH-0192/,https://article134-tech.github.io/lititzbmx-public-knowledge-register/records/EPH-0192/,records/EPH-0192/index.html,"noindex,nofollow",BMX Action Bike,previouspage.co.uk,offline staging
EPH-0193,/lititzbmx-public-knowledge-register/records/EPH-0193/,https://article134-tech.github.io/lititzbmx-public-knowledge-register/records/EPH-0193/,records/EPH-0193/index.html,"noindex,nofollow",BMX Action Bike,previouspage.co.uk,offline staging
EPH-0194,/lititzbmx-public-knowledge-register/records/EPH-0194/,https://article134-tech.github.io/lititzbmx-public-knowledge-register/records/EPH-0194/,records/EPH-0194/index.html,"noindex,nofollow",BMX Action Bike,previouspage.co.uk,offline staging
EPH-0195,/lititzbmx-public-knowledge-register/records/EPH-0195/,https://article134-tech.github.io/lititzbmx-public-knowledge-register/records/EPH-0195/,records/EPH-0195/index.html,"noindex,nofollow",BMX Action Bike,previouspage.co.uk,offline staging
EPH-0196,/lititzbmx-public-knowledge-register/records/EPH-0196/,https://article134-tech.github.io/lititzbmx-public-knowledge-register/records/EPH-0196/,records/EPH-0196/index.html,"noindex,nofollow",BMX Action Bike,previouspage.co.uk,offline staging
EPH-0197,/lititzbmx-public-knowledge-register/records/EPH-0197/,https://article134-tech.github.io/lititzbmx-public-knowledge-register/records/EPH-0197/,records/EPH-0197/index.html,"noindex,nofollow",BMX Action Bike,previouspage.co.uk,offline staging
EPH-0198,/lititzbmx-public-knowledge-register/records/EPH-0198/,https://article134-tech.github.io/lititzbmx-public-knowledge-register/records/EPH-0198/,records/EPH-0198/index.html,"noindex,nofollow",BMX Action Bike,previouspage.co.uk,offline staging
EPH-0199,/lititzbmx-public-knowledge-register/records/EPH-0199/,https://article134-tech.github.io/lititzbmx-public-knowledge-register/records/EPH-0199/,records/EPH-0199/index.html,"noindex,nofollow",BMX Action Bike,previouspage.co.uk,offline staging
EPH-0200,/lititzbmx-public-knowledge-register/records/EPH-0200/,https://article134-tech.github.io/lititzbmx-public-knowledge-register/records/EPH-0200/,records/EPH-0200/index.html,"noindex,nofollow",BMX Action Bike,previouspage.co.uk,offline staging
EPH-0201,/lititzbmx-public-knowledge-register/records/EPH-0201/,https://article134-tech.github.io/lititzbmx-public-knowledge-register/records/EPH-0201/,records/EPH-0201/index.html,"noindex,nofollow",BMX Action Bike,previouspage.co.uk,offline staging
EPH-0202,/lititzbmx-public-knowledge-register/records/EPH-0202/,https://article134-tech.github.io/lititzbmx-public-knowledge-register/records/EPH-0202/,records/EPH-0202/index.html,"noindex,nofollow",BMX Action Bike,previouspage.co.uk,offline staging
EPH-0203,/lititzbmx-public-knowledge-register/records/EPH-0203/,https://article134-tech.github.io/lititzbmx-public-knowledge-register/records/EPH-0203/,records/EPH-0203/index.html,"noindex,nofollow",BMX Action Bike,previouspage.co.uk,offline staging
EPH-0204,/lititzbmx-public-knowledge-register/records/EPH-0204/,https://article134-tech.github.io/lititzbmx-public-knowledge-register/records/EPH-0204/,records/EPH-0204/index.html,"noindex,nofollow",BMX Action Bike,previouspage.co.uk,offline staging
EPH-0205,/lititzbmx-public-knowledge-register/records/EPH-0205/,https://article134-tech.github.io/lititzbmx-public-knowledge-register/records/EPH-0205/,records/EPH-0205/index.html,"noindex,nofollow",BMX Action Bike,previouspage.co.uk,offline staging
EPH-0206,/lititzbmx-public-knowledge-register/records/EPH-0206/,https://article134-tech.github.io/lititzbmx-public-knowledge-register/records/EPH-0206/,records/EPH-0206/index.html,"noindex,nofollow",BMX Action Bike,previouspage.co.uk,offline staging
EPH-0207,/lititzbmx-public-knowledge-register/records/EPH-0207/,https://article134-tech.github.io/lititzbmx-public-knowledge-register/records/EPH-0207/,records/EPH-0207/index.html,"noindex,nofollow",BMX Action Bike,previouspage.co.uk,offline staging
EPH-0208,/lititzbmx-public-knowledge-register/records/EPH-0208/,https://article134-tech.github.io/lititzbmx-public-knowledge-register/records/EPH-0208/,records/EPH-0208/index.html,"noindex,nofollow",BMX Action Bike,previouspage.co.uk,offline staging
EPH-0209,/lititzbmx-public-knowledge-register/records/EPH-0209/,https://article134-tech.github.io/lititzbmx-public-knowledge-register/records/EPH-0209/,records/EPH-0209/index.html,"noindex,nofollow",BMX Action Bike,previouspage.co.uk,offline staging
EPH-0210,/lititzbmx-public-knowledge-register/records/EPH-0210/,https://article134-tech.github.io/lititzbmx-public-knowledge-register/records/EPH-0210/,records/EPH-0210/index.html,"noindex,nofollow",BMX Action Bike,previouspage.co.uk,offline staging
EPH-0211,/lititzbmx-public-knowledge-register/records/EPH-0211/,https://article134-tech.github.io/lititzbmx-public-knowledge-register/records/EPH-0211/,records/EPH-0211/index.html,"noindex,nofollow",BMX Action Bike,previouspage.co.uk,offline staging
EPH-0212,/lititzbmx-public-knowledge-register/records/EPH-0212/,https://article134-tech.github.io/lititzbmx-public-knowledge-register/records/EPH-0212/,records/EPH-0212/index.html,"noindex,nofollow",BMX Action Bike,previouspage.co.uk,offline staging
EPH-0213,/lititzbmx-public-knowledge-register/records/EPH-0213/,https://article134-tech.github.io/lititzbmx-public-knowledge-register/records/EPH-0213/,records/EPH-0213/index.html,"noindex,nofollow",BMX Action Bike,previouspage.co.uk,offline staging
EPH-0214,/lititzbmx-public-knowledge-register/records/EPH-0214/,https://article134-tech.github.io/lititzbmx-public-knowledge-register/records/EPH-0214/,records/EPH-0214/index.html,"noindex,nofollow",BMX Action Bike,previouspage.co.uk,offline staging
EPH-0215,/lititzbmx-public-knowledge-register/records/EPH-0215/,https://article134-tech.github.io/lititzbmx-public-knowledge-register/records/EPH-0215/,records/EPH-0215/index.html,"noindex,nofollow",BMX Action Bike,previouspage.co.uk,offline staging
EPH-0216,/lititzbmx-public-knowledge-register/records/EPH-0216/,https://article134-tech.github.io/lititzbmx-public-knowledge-register/records/EPH-0216/,records/EPH-0216/index.html,"noindex,nofollow",BMX Action Bike,previouspage.co.uk,offline staging
EPH-0217,/lititzbmx-public-knowledge-register/records/EPH-0217/,https://article134-tech.github.io/lititzbmx-public-knowledge-register/records/EPH-0217/,records/EPH-0217/index.html,"noindex,nofollow",BMX Action Bike,previouspage.co.uk,offline staging
EPH-0218,/lititzbmx-public-knowledge-register/records/EPH-0218/,https://article134-tech.github.io/lititzbmx-public-knowledge-register/records/EPH-0218/,records/EPH-0218/index.html,"noindex,nofollow",BMX Action Bike,previouspage.co.uk,offline staging
EPH-0219,/lititzbmx-public-knowledge-register/records/EPH-0219/,https://article134-tech.github.io/lititzbmx-public-knowledge-register/records/EPH-0219/,records/EPH-0219/index.html,"noindex,nofollow",BMX Action Bike,previouspage.co.uk,offline staging
EPH-0220,/lititzbmx-public-knowledge-register/records/EPH-0220/,https://article134-tech.github.io/lititzbmx-public-knowledge-register/records/EPH-0220/,records/EPH-0220/index.html,"noindex,nofollow",BMX Action Bike,previouspage.co.uk,offline staging
EPH-0221,/lititzbmx-public-knowledge-register/records/EPH-0221/,https://article134-tech.github.io/lititzbmx-public-knowledge-register/records/EPH-0221/,records/EPH-0221/index.html,"noindex,nofollow",BMX Action Bike,previouspage.co.uk,offline staging
EPH-0222,/lititzbmx-public-knowledge-register/records/EPH-0222/,https://article134-tech.github.io/lititzbmx-public-knowledge-register/records/EPH-0222/,records/EPH-0222/index.html,"noindex,nofollow",BMX Action Bike,previouspage.co.uk,offline staging
EPH-0223,/lititzbmx-public-knowledge-register/records/EPH-0223/,https://article134-tech.github.io/lititzbmx-public-knowledge-register/records/EPH-0223/,records/EPH-0223/index.html,"noindex,nofollow",BMX Action Bike,previouspage.co.uk,offline staging
EPH-0224,/lititzbmx-public-knowledge-register/records/EPH-0224/,https://article134-tech.github.io/lititzbmx-public-knowledge-register/records/EPH-0224/,records/EPH-0224/index.html,"noindex,nofollow",BMX Action Bike,previouspage.co.uk,offline staging
EPH-0225,/lititzbmx-public-knowledge-register/records/EPH-0225/,https://article134-tech.github.io/lititzbmx-public-knowledge-register/records/EPH-0225/,records/EPH-0225/index.html,"noindex,nofollow",BMX Action Bike,previouspage.co.uk,offline staging
EPH-0226,/lititzbmx-public-knowledge-register/records/EPH-0226/,https://article134-tech.github.io/lititzbmx-public-knowledge-register/records/EPH-0226/,records/EPH-0226/index.html,"noindex,nofollow",BMX Action Bike,previouspage.co.uk,offline staging
EPH-0227,/lititzbmx-public-knowledge-register/records/EPH-0227/,https://article134-tech.github.io/lititzbmx-public-knowledge-register/records/EPH-0227/,records/EPH-0227/index.html,"noindex,nofollow",BMX Action Bike,previouspage.co.uk,offline staging
EPH-0228,/lititzbmx-public-knowledge-register/records/EPH-0228/,https://article134-tech.github.io/lititzbmx-public-knowledge-register/records/EPH-0228/,records/EPH-0228/index.html,"noindex,nofollow",BMX Action Bike,previouspage.co.uk,offline staging
EPH-0229,/lititzbmx-public-knowledge-register/records/EPH-0229/,https://article134-tech.github.io/lititzbmx-public-knowledge-register/records/EPH-0229/,records/EPH-0229/index.html,"noindex,nofollow",BMX Action Bike,previouspage.co.uk,offline staging
EPH-0230,/lititzbmx-public-knowledge-register/records/EPH-0230/,https://article134-tech.github.io/lititzbmx-public-knowledge-register/records/EPH-0230/,records/EPH-0230/index.html,"noindex,nofollow",BMX Action Bike,previouspage.co.uk,offline staging
EPH-0231,/lititzbmx-public-knowledge-register/records/EPH-0231/,https://article134-tech.github.io/lititzbmx-public-knowledge-register/records/EPH-0231/,records/EPH-0231/index.html,"noindex,nofollow",BMX Action Bike,previouspage.co.uk,offline staging
EPH-0232,/lititzbmx-public-knowledge-register/records/EPH-0232/,https://article134-tech.github.io/lititzbmx-public-knowledge-register/records/EPH-0232/,records/EPH-0232/index.html,"noindex,nofollow",BMX Action Bike,previouspage.co.uk,offline staging
EPH-0233,/lititzbmx-public-knowledge-register/records/EPH-0233/,https://article134-tech.github.io/lititzbmx-public-knowledge-register/records/EPH-0233/,records/EPH-0233/index.html,"noindex,nofollow",BMX Action Bike,previouspage.co.uk,offline staging
EPH-0234,/lititzbmx-public-knowledge-register/records/EPH-0234/,https://article134-tech.github.io/lititzbmx-public-knowledge-register/records/EPH-0234/,records/EPH-0234/index.html,"noindex,nofollow",BMX Action Bike,previouspage.co.uk,offline staging
EPH-0235,/lititzbmx-public-knowledge-register/records/EPH-0235/,https://article134-tech.github.io/lititzbmx-public-knowledge-register/records/EPH-0235/,records/EPH-0235/index.html,"noindex,nofollow",BMX Action Bike,previouspage.co.uk,offline staging
EPH-0236,/lititzbmx-public-knowledge-register/records/EPH-0236/,https://article134-tech.github.io/lititzbmx-public-knowledge-register/records/EPH-0236/,records/EPH-0236/index.html,"noindex,nofollow",BMX Action Bike,previouspage.co.uk,offline staging
EPH-0237,/lititzbmx-public-knowledge-register/records/EPH-0237/,https://article134-tech.github.io/lititzbmx-public-knowledge-register/records/EPH-0237/,records/EPH-0237/index.html,"noindex,nofollow",BMX Action Bike,previouspage.co.uk,offline staging
EPH-0238,/lititzbmx-public-knowledge-register/records/EPH-0238/,https://article134-tech.github.io/lititzbmx-public-knowledge-register/records/EPH-0238/,records/EPH-0238/index.html,"noindex,nofollow",BMX Action Bike,previouspage.co.uk,offline staging
EPH-0239,/lititzbmx-public-knowledge-register/records/EPH-0239/,https://article134-tech.github.io/lititzbmx-public-knowledge-register/records/EPH-0239/,records/EPH-0239/index.html,"noindex,nofollow",BMX Action Bike,previouspage.co.uk,offline staging
EPH-0240,/lititzbmx-public-knowledge-register/records/EPH-0240/,https://article134-tech.github.io/lititzbmx-public-knowledge-register/records/EPH-0240/,records/EPH-0240/index.html,"noindex,nofollow",BMX Action Bike,previouspage.co.uk,offline staging
EPH-0241,/lititzbmx-public-knowledge-register/records/EPH-0241/,https://article134-tech.github.io/lititzbmx-public-knowledge-register/records/EPH-0241/,records/EPH-0241/index.html,"noindex,nofollow",BMX Action Bike,previouspage.co.uk,offline staging
EPH-0242,/lititzbmx-public-knowledge-register/records/EPH-0242/,https://article134-tech.github.io/lititzbmx-public-knowledge-register/records/EPH-0242/,records/EPH-0242/index.html,"noindex,nofollow",BMX Action Bike,previouspage.co.uk,offline staging
EPH-0243,/lititzbmx-public-knowledge-register/records/EPH-0243/,https://article134-tech.github.io/lititzbmx-public-knowledge-register/records/EPH-0243/,records/EPH-0243/index.html,"noindex,nofollow",BMX Action Bike,previouspage.co.uk,offline staging
EPH-0244,/lititzbmx-public-knowledge-register/records/EPH-0244/,https://article134-tech.github.io/lititzbmx-public-knowledge-register/records/EPH-0244/,records/EPH-0244/index.html,"noindex,nofollow",BMX Action Bike,previouspage.co.uk,offline staging
EPH-0245,/lititzbmx-public-knowledge-register/records/EPH-0245/,https://article134-tech.github.io/lititzbmx-public-knowledge-register/records/EPH-0245/,records/EPH-0245/index.html,"noindex,nofollow",BMX Action Bike,previouspage.co.uk,offline staging
EPH-0246,/lititzbmx-public-knowledge-register/records/EPH-0246/,https://article134-tech.github.io/lititzbmx-public-knowledge-register/records/EPH-0246/,records/EPH-0246/index.html,"noindex,nofollow",BMX Action Bike,previouspage.co.uk,offline staging
EPH-0247,/lititzbmx-public-knowledge-register/records/EPH-0247/,https://article134-tech.github.io/lititzbmx-public-knowledge-register/records/EPH-0247/,records/EPH-0247/index.html,"noindex,nofollow",BMX Action Bike,previouspage.co.uk,offline staging
EPH-0248,/lititzbmx-public-knowledge-register/records/EPH-0248/,https://article134-tech.github.io/lititzbmx-public-knowledge-register/records/EPH-0248/,records/EPH-0248/index.html,"noindex,nofollow",BMX Action Bike,previouspage.co.uk,offline staging
EPH-0249,/lititzbmx-public-knowledge-register/records/EPH-0249/,https://article134-tech.github.io/lititzbmx-public-knowledge-register/records/EPH-0249/,records/EPH-0249/index.html,"noindex,nofollow",BMX Action Bike,previouspage.co.uk,offline staging
EPH-0250,/lititzbmx-public-knowledge-register/records/EPH-0250/,https://article134-tech.github.io/lititzbmx-public-knowledge-register/records/EPH-0250/,records/EPH-0250/index.html,"noindex,nofollow",BMX Action Bike,previouspage.co.uk,offline staging
EPH-0251,/lititzbmx-public-knowledge-register/records/EPH-0251/,https://article134-tech.github.io/lititzbmx-public-knowledge-register/records/EPH-0251/,records/EPH-0251/index.html,"noindex,nofollow",BMX Action Bike,previouspage.co.uk,offline staging
EPH-0252,/lititzbmx-public-knowledge-register/records/EPH-0252/,https://article134-tech.github.io/lititzbmx-public-knowledge-register/records/EPH-0252/,records/EPH-0252/index.html,"noindex,nofollow",BMX Action Bike,previouspage.co.uk,offline staging
EPH-0253,/lititzbmx-public-knowledge-register/records/EPH-0253/,https://article134-tech.github.io/lititzbmx-public-knowledge-register/records/EPH-0253/,records/EPH-0253/index.html,"noindex,nofollow",BMX Action Bike,previouspage.co.uk,offline staging
EPH-0254,/lititzbmx-public-knowledge-register/records/EPH-0254/,https://article134-tech.github.io/lititzbmx-public-knowledge-register/records/EPH-0254/,records/EPH-0254/index.html,"noindex,nofollow",BMX Action Bike,previouspage.co.uk,offline staging
EPH-0255,/lititzbmx-public-knowledge-register/records/EPH-0255/,https://article134-tech.github.io/lititzbmx-public-knowledge-register/records/EPH-0255/,records/EPH-0255/index.html,"noindex,nofollow",BMX Action Bike,previouspage.co.uk,offline staging
EPH-0256,/lititzbmx-public-knowledge-register/records/EPH-0256/,https://article134-tech.github.io/lititzbmx-public-knowledge-register/records/EPH-0256/,records/EPH-0256/index.html,"noindex,nofollow",BMX Action Bike,previouspage.co.uk,offline staging
EPH-0257,/lititzbmx-public-knowledge-register/records/EPH-0257/,https://article134-tech.github.io/lititzbmx-public-knowledge-register/records/EPH-0257/,records/EPH-0257/index.html,"noindex,nofollow",BMX Action Bike,previouspage.co.uk,offline staging
EPH-0258,/lititzbmx-public-knowledge-register/records/EPH-0258/,https://article134-tech.github.io/lititzbmx-public-knowledge-register/records/EPH-0258/,records/EPH-0258/index.html,"noindex,nofollow",BMX Action Bike,previouspage.co.uk,offline staging
EPH-0259,/lititzbmx-public-knowledge-register/records/EPH-0259/,https://article134-tech.github.io/lititzbmx-public-knowledge-register/records/EPH-0259/,records/EPH-0259/index.html,"noindex,nofollow",BMX Action Bike,previouspage.co.uk,offline staging
EPH-0260,/lititzbmx-public-knowledge-register/records/EPH-0260/,https://article134-tech.github.io/lititzbmx-public-knowledge-register/records/EPH-0260/,records/EPH-0260/index.html,"noindex,nofollow",BMX Action Bike,previouspage.co.uk,offline staging
EPH-0261,/lititzbmx-public-knowledge-register/records/EPH-0261/,https://article134-tech.github.io/lititzbmx-public-knowledge-register/records/EPH-0261/,records/EPH-0261/index.html,"noindex,nofollow",BMX Action Bike,previouspage.co.uk,offline staging
EPH-0262,/lititzbmx-public-knowledge-register/records/EPH-0262/,https://article134-tech.github.io/lititzbmx-public-knowledge-register/records/EPH-0262/,records/EPH-0262/index.html,"noindex,nofollow",BMX Action Bike,previouspage.co.uk,offline staging
EPH-0263,/lititzbmx-public-knowledge-register/records/EPH-0263/,https://article134-tech.github.io/lititzbmx-public-knowledge-register/records/EPH-0263/,records/EPH-0263/index.html,"noindex,nofollow",BMX Action Bike,previouspage.co.uk,offline staging
EPH-0264,/lititzbmx-public-knowledge-register/records/EPH-0264/,https://article134-tech.github.io/lititzbmx-public-knowledge-register/records/EPH-0264/,records/EPH-0264/index.html,"noindex,nofollow",BMX Action Bike,previouspage.co.uk,offline staging
EPH-0265,/lititzbmx-public-knowledge-register/records/EPH-0265/,https://article134-tech.github.io/lititzbmx-public-knowledge-register/records/EPH-0265/,records/EPH-0265/index.html,"noindex,nofollow",BMX Action Bike,previouspage.co.uk,offline staging
EPH-0266,/lititzbmx-public-knowledge-register/records/EPH-0266/,https://article134-tech.github.io/lititzbmx-public-knowledge-register/records/EPH-0266/,records/EPH-0266/index.html,"noindex,nofollow",BMX Action Bike,previouspage.co.uk,offline staging
EPH-0267,/lititzbmx-public-knowledge-register/records/EPH-0267/,https://article134-tech.github.io/lititzbmx-public-knowledge-register/records/EPH-0267/,records/EPH-0267/index.html,"noindex,nofollow",BMX Action Bike,previouspage.co.uk,offline staging
EPH-0268,/lititzbmx-public-knowledge-register/records/EPH-0268/,https://article134-tech.github.io/lititzbmx-public-knowledge-register/records/EPH-0268/,records/EPH-0268/index.html,"noindex,nofollow",BMX Action Bike,previouspage.co.uk,offline staging
EPH-0269,/lititzbmx-public-knowledge-register/records/EPH-0269/,https://article134-tech.github.io/lititzbmx-public-knowledge-register/records/EPH-0269/,records/EPH-0269/index.html,"noindex,nofollow",BMX Action Bike,previouspage.co.uk,offline staging
EPH-0270,/lititzbmx-public-knowledge-register/records/EPH-0270/,https://article134-tech.github.io/lititzbmx-public-knowledge-register/records/EPH-0270/,records/EPH-0270/index.html,"noindex,nofollow",BMX Action Bike,previouspage.co.uk,offline staging
EPH-0271,/lititzbmx-public-knowledge-register/records/EPH-0271/,https://article134-tech.github.io/lititzbmx-public-knowledge-register/records/EPH-0271/,records/EPH-0271/index.html,"noindex,nofollow",BMX Action Bike,previouspage.co.uk,offline staging
EPH-0272,/lititzbmx-public-knowledge-register/records/EPH-0272/,https://article134-tech.github.io/lititzbmx-public-knowledge-register/records/EPH-0272/,records/EPH-0272/index.html,"noindex,nofollow",BMX Action Bike,previouspage.co.uk,offline staging
EPH-0273,/lititzbmx-public-knowledge-register/records/EPH-0273/,https://article134-tech.github.io/lititzbmx-public-knowledge-register/records/EPH-0273/,records/EPH-0273/index.html,"noindex,nofollow",BMX Action Bike,previouspage.co.uk,offline staging
EPH-0274,/lititzbmx-public-knowledge-register/records/EPH-0274/,https://article134-tech.github.io/lititzbmx-public-knowledge-register/records/EPH-0274/,records/EPH-0274/index.html,"noindex,nofollow",BMX Action Bike,previouspage.co.uk,offline staging
EPH-0275,/lititzbmx-public-knowledge-register/records/EPH-0275/,https://article134-tech.github.io/lititzbmx-public-knowledge-register/records/EPH-0275/,records/EPH-0275/index.html,"noindex,nofollow",BMX Action Bike,previouspage.co.uk,offline staging
EPH-0276,/lititzbmx-public-knowledge-register/records/EPH-0276/,https://article134-tech.github.io/lititzbmx-public-knowledge-register/records/EPH-0276/,records/EPH-0276/index.html,"noindex,nofollow",BMX Action Bike,previouspage.co.uk,offline staging
EPH-0277,/lititzbmx-public-knowledge-register/records/EPH-0277/,https://article134-tech.github.io/lititzbmx-public-knowledge-register/records/EPH-0277/,records/EPH-0277/index.html,"noindex,nofollow",BMX Action Bike,previouspage.co.uk,offline staging
EPH-0278,/lititzbmx-public-knowledge-register/records/EPH-0278/,https://article134-tech.github.io/lititzbmx-public-knowledge-register/records/EPH-0278/,records/EPH-0278/index.html,"noindex,nofollow",BMX Action Bike,previouspage.co.uk,offline staging
EPH-0279,/lititzbmx-public-knowledge-register/records/EPH-0279/,https://article134-tech.github.io/lititzbmx-public-knowledge-register/records/EPH-0279/,records/EPH-0279/index.html,"noindex,nofollow",BMX Action Bike,previouspage.co.uk,offline staging
EPH-0280,/lititzbmx-public-knowledge-register/records/EPH-0280/,https://article134-tech.github.io/lititzbmx-public-knowledge-register/records/EPH-0280/,records/EPH-0280/index.html,"noindex,nofollow",BMX Action Bike,previouspage.co.uk,offline staging
EPH-0281,/lititzbmx-public-knowledge-register/records/EPH-0281/,https://article134-tech.github.io/lititzbmx-public-knowledge-register/records/EPH-0281/,records/EPH-0281/index.html,"noindex,nofollow",BMX Action Bike,previouspage.co.uk,offline staging
EPH-0282,/lititzbmx-public-knowledge-register/records/EPH-0282/,https://article134-tech.github.io/lititzbmx-public-knowledge-register/records/EPH-0282/,records/EPH-0282/index.html,"noindex,nofollow",BMX Action Bike,previouspage.co.uk,offline staging
EPH-0283,/lititzbmx-public-knowledge-register/records/EPH-0283/,https://article134-tech.github.io/lititzbmx-public-knowledge-register/records/EPH-0283/,records/EPH-0283/index.html,"noindex,nofollow",BMX Action Bike,previouspage.co.uk,offline staging
EPH-0284,/lititzbmx-public-knowledge-register/records/EPH-0284/,https://article134-tech.github.io/lititzbmx-public-knowledge-register/records/EPH-0284/,records/EPH-0284/index.html,"noindex,nofollow",BMX Action Bike,previouspage.co.uk,offline staging
EPH-0285,/lititzbmx-public-knowledge-register/records/EPH-0285/,https://article134-tech.github.io/lititzbmx-public-knowledge-register/records/EPH-0285/,records/EPH-0285/index.html,"noindex,nofollow",BMX Action Bike,previouspage.co.uk,offline staging
EPH-0286,/lititzbmx-public-knowledge-register/records/EPH-0286/,https://article134-tech.github.io/lititzbmx-public-knowledge-register/records/EPH-0286/,records/EPH-0286/index.html,"noindex,nofollow",BMX Action Bike,previouspage.co.uk,offline staging
EPH-0287,/lititzbmx-public-knowledge-register/records/EPH-0287/,https://article134-tech.github.io/lititzbmx-public-knowledge-register/records/EPH-0287/,records/EPH-0287/index.html,"noindex,nofollow",BMX Action Bike,previouspage.co.uk,offline staging
EPH-0288,/lititzbmx-public-knowledge-register/records/EPH-0288/,https://article134-tech.github.io/lititzbmx-public-knowledge-register/records/EPH-0288/,records/EPH-0288/index.html,"noindex,nofollow",BMX Action Bike,previouspage.co.uk,offline staging
EPH-0289,/lititzbmx-public-knowledge-register/records/EPH-0289/,https://article134-tech.github.io/lititzbmx-public-knowledge-register/records/EPH-0289/,records/EPH-0289/index.html,"noindex,nofollow",BMX Action Bike,previouspage.co.uk,offline staging
EPH-0290,/lititzbmx-public-knowledge-register/records/EPH-0290/,https://article134-tech.github.io/lititzbmx-public-knowledge-register/records/EPH-0290/,records/EPH-0290/index.html,"noindex,nofollow",BMX Action Bike,previouspage.co.uk,offline staging
EPH-0291,/lititzbmx-public-knowledge-register/records/EPH-0291/,https://article134-tech.github.io/lititzbmx-public-knowledge-register/records/EPH-0291/,records/EPH-0291/index.html,"noindex,nofollow",BMX Action Bike,previouspage.co.uk,offline staging
EPH-0292,/lititzbmx-public-knowledge-register/records/EPH-0292/,https://article134-tech.github.io/lititzbmx-public-knowledge-register/records/EPH-0292/,records/EPH-0292/index.html,"noindex,nofollow",BMX Action Bike,previouspage.co.uk,offline staging
EPH-0293,/lititzbmx-public-knowledge-register/records/EPH-0293/,https://article134-tech.github.io/lititzbmx-public-knowledge-register/records/EPH-0293/,records/EPH-0293/index.html,"noindex,nofollow",BMX Action Bike,previouspage.co.uk,offline staging
EPH-0294,/lititzbmx-public-knowledge-register/records/EPH-0294/,https://article134-tech.github.io/lititzbmx-public-knowledge-register/records/EPH-0294/,records/EPH-0294/index.html,"noindex,nofollow",BMX Action Bike,previouspage.co.uk,offline staging
EPH-0295,/lititzbmx-public-knowledge-register/records/EPH-0295/,https://article134-tech.github.io/lititzbmx-public-knowledge-register/records/EPH-0295/,records/EPH-0295/index.html,"noindex,nofollow",BMX Action Bike,previouspage.co.uk,offline staging
EPH-0296,/lititzbmx-public-knowledge-register/records/EPH-0296/,https://article134-tech.github.io/lititzbmx-public-knowledge-register/records/EPH-0296/,records/EPH-0296/index.html,"noindex,nofollow",BMX Action Bike,previouspage.co.uk,offline staging
EPH-0297,/lititzbmx-public-knowledge-register/records/EPH-0297/,https://article134-tech.github.io/lititzbmx-public-knowledge-register/records/EPH-0297/,records/EPH-0297/index.html,"noindex,nofollow",BMX Action Bike,previouspage.co.uk,offline staging
EPH-0298,/lititzbmx-public-knowledge-register/records/EPH-0298/,https://article134-tech.github.io/lititzbmx-public-knowledge-register/records/EPH-0298/,records/EPH-0298/index.html,"noindex,nofollow",BMX Action Bike,previouspage.co.uk,offline staging
EPH-0299,/lititzbmx-public-knowledge-register/records/EPH-0299/,https://article134-tech.github.io/lititzbmx-public-knowledge-register/records/EPH-0299/,records/EPH-0299/index.html,"noindex,nofollow",BMX Action Bike,previouspage.co.uk,offline staging
EPH-0300,/lititzbmx-public-knowledge-register/records/EPH-0300/,https://article134-tech.github.io/lititzbmx-public-knowledge-register/records/EPH-0300/,records/EPH-0300/index.html,"noindex,nofollow",BMX Action Bike,previouspage.co.uk,offline staging
EPH-0301,/lititzbmx-public-knowledge-register/records/EPH-0301/,https://article134-tech.github.io/lititzbmx-public-knowledge-register/records/EPH-0301/,records/EPH-0301/index.html,"noindex,nofollow",BMX Action Bike,previouspage.co.uk,offline staging
EPH-0302,/lititzbmx-public-knowledge-register/records/EPH-0302/,https://article134-tech.github.io/lititzbmx-public-knowledge-register/records/EPH-0302/,records/EPH-0302/index.html,"noindex,nofollow",BMX Action Bike,previouspage.co.uk,offline staging
EPH-0303,/lititzbmx-public-knowledge-register/records/EPH-0303/,https://article134-tech.github.io/lititzbmx-public-knowledge-register/records/EPH-0303/,records/EPH-0303/index.html,"noindex,nofollow",BMX Action Bike,previouspage.co.uk,offline staging
EPH-0304,/lititzbmx-public-knowledge-register/records/EPH-0304/,https://article134-tech.github.io/lititzbmx-public-knowledge-register/records/EPH-0304/,records/EPH-0304/index.html,"noindex,nofollow",BMX Action Bike,previouspage.co.uk,offline staging
EPH-0305,/lititzbmx-public-knowledge-register/records/EPH-0305/,https://article134-tech.github.io/lititzbmx-public-knowledge-register/records/EPH-0305/,records/EPH-0305/index.html,"noindex,nofollow",BMX Action Bike,previouspage.co.uk,offline staging
EPH-0306,/lititzbmx-public-knowledge-register/records/EPH-0306/,https://article134-tech.github.io/lititzbmx-public-knowledge-register/records/EPH-0306/,records/EPH-0306/index.html,"noindex,nofollow",BMX Action Bike,previouspage.co.uk,offline staging
EPH-0307,/lititzbmx-public-knowledge-register/records/EPH-0307/,https://article134-tech.github.io/lititzbmx-public-knowledge-register/records/EPH-0307/,records/EPH-0307/index.html,"noindex,nofollow",BMX Action Bike,previouspage.co.uk,offline staging
EPH-0308,/lititzbmx-public-knowledge-register/records/EPH-0308/,https://article134-tech.github.io/lititzbmx-public-knowledge-register/records/EPH-0308/,records/EPH-0308/index.html,"noindex,nofollow",BMX Action Bike,previouspage.co.uk,offline staging
EPH-0309,/lititzbmx-public-knowledge-register/records/EPH-0309/,https://article134-tech.github.io/lititzbmx-public-knowledge-register/records/EPH-0309/,records/EPH-0309/index.html,"noindex,nofollow",BMX Action Bike,previouspage.co.uk,offline staging
EPH-0310,/lititzbmx-public-knowledge-register/records/EPH-0310/,https://article134-tech.github.io/lititzbmx-public-knowledge-register/records/EPH-0310/,records/EPH-0310/index.html,"noindex,nofollow",BMX Action Bike,previouspage.co.uk,offline staging
EPH-0311,/lititzbmx-public-knowledge-register/records/EPH-0311/,https://article134-tech.github.io/lititzbmx-public-knowledge-register/records/EPH-0311/,records/EPH-0311/index.html,"noindex,nofollow",BMX Action Bike,previouspage.co.uk,offline staging
EPH-0312,/lititzbmx-public-knowledge-register/records/EPH-0312/,https://article134-tech.github.io/lititzbmx-public-knowledge-register/records/EPH-0312/,records/EPH-0312/index.html,"noindex,nofollow",BMX Action Bike,previouspage.co.uk,offline staging
EPH-0313,/lititzbmx-public-knowledge-register/records/EPH-0313/,https://article134-tech.github.io/lititzbmx-public-knowledge-register/records/EPH-0313/,records/EPH-0313/index.html,"noindex,nofollow",BMX Action Bike,previouspage.co.uk,offline staging
EPH-0314,/lititzbmx-public-knowledge-register/records/EPH-0314/,https://article134-tech.github.io/lititzbmx-public-knowledge-register/records/EPH-0314/,records/EPH-0314/index.html,"noindex,nofollow",BMX Action Bike,previouspage.co.uk,offline staging
EPH-0315,/lititzbmx-public-knowledge-register/records/EPH-0315/,https://article134-tech.github.io/lititzbmx-public-knowledge-register/records/EPH-0315/,records/EPH-0315/index.html,"noindex,nofollow",BMX Action Bike,previouspage.co.uk,offline staging
EPH-0316,/lititzbmx-public-knowledge-register/records/EPH-0316/,https://article134-tech.github.io/lititzbmx-public-knowledge-register/records/EPH-0316/,records/EPH-0316/index.html,"noindex,nofollow",BMX Action Bike,previouspage.co.uk,offline staging
EPH-0317,/lititzbmx-public-knowledge-register/records/EPH-0317/,https://article134-tech.github.io/lititzbmx-public-knowledge-register/records/EPH-0317/,records/EPH-0317/index.html,"noindex,nofollow",BMX Action Bike,previouspage.co.uk,offline staging
EPH-0318,/lititzbmx-public-knowledge-register/records/EPH-0318/,https://article134-tech.github.io/lititzbmx-public-knowledge-register/records/EPH-0318/,records/EPH-0318/index.html,"noindex,nofollow",BMX Action Bike,previouspage.co.uk,offline staging
EPH-0319,/lititzbmx-public-knowledge-register/records/EPH-0319/,https://article134-tech.github.io/lititzbmx-public-knowledge-register/records/EPH-0319/,records/EPH-0319/index.html,"noindex,nofollow",BMX Action Bike,previouspage.co.uk,offline staging
EPH-0320,/lititzbmx-public-knowledge-register/records/EPH-0320/,https://article134-tech.github.io/lititzbmx-public-knowledge-register/records/EPH-0320/,records/EPH-0320/index.html,"noindex,nofollow",BMX Action Bike,previouspage.co.uk,offline staging
EPH-0321,/lititzbmx-public-knowledge-register/records/EPH-0321/,https://article134-tech.github.io/lititzbmx-public-knowledge-register/records/EPH-0321/,records/EPH-0321/index.html,"noindex,nofollow",BMX Action Bike,previouspage.co.uk,offline staging
EPH-0322,/lititzbmx-public-knowledge-register/records/EPH-0322/,https://article134-tech.github.io/lititzbmx-public-knowledge-register/records/EPH-0322/,records/EPH-0322/index.html,"noindex,nofollow",BMX Action Bike,previouspage.co.uk,offline staging
EPH-0323,/lititzbmx-public-knowledge-register/records/EPH-0323/,https://article134-tech.github.io/lititzbmx-public-knowledge-register/records/EPH-0323/,records/EPH-0323/index.html,"noindex,nofollow",BMX Action Bike,previouspage.co.uk,offline staging
EPH-0324,/lititzbmx-public-knowledge-register/records/EPH-0324/,https://article134-tech.github.io/lititzbmx-public-knowledge-register/records/EPH-0324/,records/EPH-0324/index.html,"noindex,nofollow",BMX Action Bike,previouspage.co.uk,offline staging
EPH-0325,/lititzbmx-public-knowledge-register/records/EPH-0325/,https://article134-tech.github.io/lititzbmx-public-knowledge-register/records/EPH-0325/,records/EPH-0325/index.html,"noindex,nofollow",BMX Action Bike,previouspage.co.uk,offline staging
EPH-0326,/lititzbmx-public-knowledge-register/records/EPH-0326/,https://article134-tech.github.io/lititzbmx-public-knowledge-register/records/EPH-0326/,records/EPH-0326/index.html,"noindex,nofollow",BMX Action Bike,previouspage.co.uk,offline staging
EPH-0327,/lititzbmx-public-knowledge-register/records/EPH-0327/,https://article134-tech.github.io/lititzbmx-public-knowledge-register/records/EPH-0327/,records/EPH-0327/index.html,"noindex,nofollow",BMX Action Bike,previouspage.co.uk,offline staging
EPH-0328,/lititzbmx-public-knowledge-register/records/EPH-0328/,https://article134-tech.github.io/lititzbmx-public-knowledge-register/records/EPH-0328/,records/EPH-0328/index.html,"noindex,nofollow",BMX Action Bike,previouspage.co.uk,offline staging
EPH-0329,/lititzbmx-public-knowledge-register/records/EPH-0329/,https://article134-tech.github.io/lititzbmx-public-knowledge-register/records/EPH-0329/,records/EPH-0329/index.html,"noindex,nofollow",BMX Action Bike,previouspage.co.uk,offline staging
EPH-0330,/lititzbmx-public-knowledge-register/records/EPH-0330/,https://article134-tech.github.io/lititzbmx-public-knowledge-register/records/EPH-0330/,records/EPH-0330/index.html,"noindex,nofollow",BMX Action Bike,previouspage.co.uk,offline staging
EPH-0331,/lititzbmx-public-knowledge-register/records/EPH-0331/,https://article134-tech.github.io/lititzbmx-public-knowledge-register/records/EPH-0331/,records/EPH-0331/index.html,"noindex,nofollow",BMX Action Bike,previouspage.co.uk,offline staging
EPH-0332,/lititzbmx-public-knowledge-register/records/EPH-0332/,https://article134-tech.github.io/lititzbmx-public-knowledge-register/records/EPH-0332/,records/EPH-0332/index.html,"noindex,nofollow",BMX Action Bike,previouspage.co.uk,offline staging
EPH-0333,/lititzbmx-public-knowledge-register/records/EPH-0333/,https://article134-tech.github.io/lititzbmx-public-knowledge-register/records/EPH-0333/,records/EPH-0333/index.html,"noindex,nofollow",BMX Action Bike,previouspage.co.uk,offline staging
EPH-0334,/lititzbmx-public-knowledge-register/records/EPH-0334/,https://article134-tech.github.io/lititzbmx-public-knowledge-register/records/EPH-0334/,records/EPH-0334/index.html,"noindex,nofollow",BMX Action Bike,previouspage.co.uk,offline staging
EPH-0335,/lititzbmx-public-knowledge-register/records/EPH-0335/,https://article134-tech.github.io/lititzbmx-public-knowledge-register/records/EPH-0335/,records/EPH-0335/index.html,"noindex,nofollow",BMX Action Bike,previouspage.co.uk,offline staging
EPH-0336,/lititzbmx-public-knowledge-register/records/EPH-0336/,https://article134-tech.github.io/lititzbmx-public-knowledge-register/records/EPH-0336/,records/EPH-0336/index.html,"noindex,nofollow",BMX Action Bike,previouspage.co.uk,offline staging
EPH-0337,/lititzbmx-public-knowledge-register/records/EPH-0337/,https://article134-tech.github.io/lititzbmx-public-knowledge-register/records/EPH-0337/,records/EPH-0337/index.html,"noindex,nofollow",BMX Action Bike,previouspage.co.uk,offline staging
EPH-0338,/lititzbmx-public-knowledge-register/records/EPH-0338/,https://article134-tech.github.io/lititzbmx-public-knowledge-register/records/EPH-0338/,records/EPH-0338/index.html,"noindex,nofollow",BMX Action Bike,previouspage.co.uk,offline staging
EPH-0339,/lititzbmx-public-knowledge-register/records/EPH-0339/,https://article134-tech.github.io/lititzbmx-public-knowledge-register/records/EPH-0339/,records/EPH-0339/index.html,"noindex,nofollow",BMX Action Bike,previouspage.co.uk,offline staging
EPH-0340,/lititzbmx-public-knowledge-register/records/EPH-0340/,https://article134-tech.github.io/lititzbmx-public-knowledge-register/records/EPH-0340/,records/EPH-0340/index.html,"noindex,nofollow",BMX Action Bike,previouspage.co.uk,offline staging
EPH-0341,/lititzbmx-public-knowledge-register/records/EPH-0341/,https://article134-tech.github.io/lititzbmx-public-knowledge-register/records/EPH-0341/,records/EPH-0341/index.html,"noindex,nofollow",BMX Action Bike,previouspage.co.uk,offline staging
EPH-0342,/lititzbmx-public-knowledge-register/records/EPH-0342/,https://article134-tech.github.io/lititzbmx-public-knowledge-register/records/EPH-0342/,records/EPH-0342/index.html,"noindex,nofollow",BMX Action Bike,previouspage.co.uk,offline staging
EPH-0343,/lititzbmx-public-knowledge-register/records/EPH-0343/,https://article134-tech.github.io/lititzbmx-public-knowledge-register/records/EPH-0343/,records/EPH-0343/index.html,"noindex,nofollow",BMX Action Bike,previouspage.co.uk,offline staging
EPH-0344,/lititzbmx-public-knowledge-register/records/EPH-0344/,https://article134-tech.github.io/lititzbmx-public-knowledge-register/records/EPH-0344/,records/EPH-0344/index.html,"noindex,nofollow",BMX Action Bike,previouspage.co.uk,offline staging
EPH-0345,/lititzbmx-public-knowledge-register/records/EPH-0345/,https://article134-tech.github.io/lititzbmx-public-knowledge-register/records/EPH-0345/,records/EPH-0345/index.html,"noindex,nofollow",BMX Action Bike,previouspage.co.uk,offline staging
EPH-0346,/lititzbmx-public-knowledge-register/records/EPH-0346/,https://article134-tech.github.io/lititzbmx-public-knowledge-register/records/EPH-0346/,records/EPH-0346/index.html,"noindex,nofollow",BMX Action Bike,previouspage.co.uk,offline staging
EPH-0347,/lititzbmx-public-knowledge-register/records/EPH-0347/,https://article134-tech.github.io/lititzbmx-public-knowledge-register/records/EPH-0347/,records/EPH-0347/index.html,"noindex,nofollow",BMX Action Bike,previouspage.co.uk,offline staging
EPH-0348,/lititzbmx-public-knowledge-register/records/EPH-0348/,https://article134-tech.github.io/lititzbmx-public-knowledge-register/records/EPH-0348/,records/EPH-0348/index.html,"noindex,nofollow",BMX Action Bike,previouspage.co.uk,offline staging
EPH-0349,/lititzbmx-public-knowledge-register/records/EPH-0349/,https://article134-tech.github.io/lititzbmx-public-knowledge-register/records/EPH-0349/,records/EPH-0349/index.html,"noindex,nofollow",BMX Action Bike,previouspage.co.uk,offline staging
EPH-0350,/lititzbmx-public-knowledge-register/records/EPH-0350/,https://article134-tech.github.io/lititzbmx-public-knowledge-register/records/EPH-0350/,records/EPH-0350/index.html,"noindex,nofollow",BMX Action Bike,previouspage.co.uk,offline staging
EPH-0351,/lititzbmx-public-knowledge-register/records/EPH-0351/,https://article134-tech.github.io/lititzbmx-public-knowledge-register/records/EPH-0351/,records/EPH-0351/index.html,"noindex,nofollow",BMX Action Bike,previouspage.co.uk,offline staging
EPH-0352,/lititzbmx-public-knowledge-register/records/EPH-0352/,https://article134-tech.github.io/lititzbmx-public-knowledge-register/records/EPH-0352/,records/EPH-0352/index.html,"noindex,nofollow",BMX Action Bike,previouspage.co.uk,offline staging
EPH-0353,/lititzbmx-public-knowledge-register/records/EPH-0353/,https://article134-tech.github.io/lititzbmx-public-knowledge-register/records/EPH-0353/,records/EPH-0353/index.html,"noindex,nofollow",BMX Action Bike,previouspage.co.uk,offline staging
EPH-0354,/lititzbmx-public-knowledge-register/records/EPH-0354/,https://article134-tech.github.io/lititzbmx-public-knowledge-register/records/EPH-0354/,records/EPH-0354/index.html,"noindex,nofollow",BMX Action Bike,previouspage.co.uk,offline staging
EPH-0355,/lititzbmx-public-knowledge-register/records/EPH-0355/,https://article134-tech.github.io/lititzbmx-public-knowledge-register/records/EPH-0355/,records/EPH-0355/index.html,"noindex,nofollow",BMX Action Bike,previouspage.co.uk,offline staging
EPH-0356,/lititzbmx-public-knowledge-register/records/EPH-0356/,https://article134-tech.github.io/lititzbmx-public-knowledge-register/records/EPH-0356/,records/EPH-0356/index.html,"noindex,nofollow",BMX Action Bike,previouspage.co.uk,offline staging
EPH-0357,/lititzbmx-public-knowledge-register/records/EPH-0357/,https://article134-tech.github.io/lititzbmx-public-knowledge-register/records/EPH-0357/,records/EPH-0357/index.html,"noindex,nofollow",BMX Action Bike,previouspage.co.uk,offline staging
EPH-0358,/lititzbmx-public-knowledge-register/records/EPH-0358/,https://article134-tech.github.io/lititzbmx-public-knowledge-register/records/EPH-0358/,records/EPH-0358/index.html,"noindex,nofollow",BMX Action Bike,previouspage.co.uk,offline staging
EPH-0359,/lititzbmx-public-knowledge-register/records/EPH-0359/,https://article134-tech.github.io/lititzbmx-public-knowledge-register/records/EPH-0359/,records/EPH-0359/index.html,"noindex,nofollow",BMX Action Bike,previouspage.co.uk,offline staging
EPH-0360,/lititzbmx-public-knowledge-register/records/EPH-0360/,https://article134-tech.github.io/lititzbmx-public-knowledge-register/records/EPH-0360/,records/EPH-0360/index.html,"noindex,nofollow",BMX Action Bike,previouspage.co.uk,offline staging
EPH-0361,/lititzbmx-public-knowledge-register/records/EPH-0361/,https://article134-tech.github.io/lititzbmx-public-knowledge-register/records/EPH-0361/,records/EPH-0361/index.html,"noindex,nofollow",BMX Action Bike,previouspage.co.uk,offline staging
EPH-0362,/lititzbmx-public-knowledge-register/records/EPH-0362/,https://article134-tech.github.io/lititzbmx-public-knowledge-register/records/EPH-0362/,records/EPH-0362/index.html,"noindex,nofollow",BMX Action Bike,previouspage.co.uk,offline staging
EPH-0363,/lititzbmx-public-knowledge-register/records/EPH-0363/,https://article134-tech.github.io/lititzbmx-public-knowledge-register/records/EPH-0363/,records/EPH-0363/index.html,"noindex,nofollow",BMX Action Bike,previouspage.co.uk,offline staging
EPH-0364,/lititzbmx-public-knowledge-register/records/EPH-0364/,https://article134-tech.github.io/lititzbmx-public-knowledge-register/records/EPH-0364/,records/EPH-0364/index.html,"noindex,nofollow",BMX Action Bike,previouspage.co.uk,offline staging
EPH-0365,/lititzbmx-public-knowledge-register/records/EPH-0365/,https://article134-tech.github.io/lititzbmx-public-knowledge-register/records/EPH-0365/,records/EPH-0365/index.html,"noindex,nofollow",BMX Action Bike,previouspage.co.uk,offline staging
EPH-0366,/lititzbmx-public-knowledge-register/records/EPH-0366/,https://article134-tech.github.io/lititzbmx-public-knowledge-register/records/EPH-0366/,records/EPH-0366/index.html,"noindex,nofollow",BMX Action Bike,previouspage.co.uk,offline staging
EPH-0367,/lititzbmx-public-knowledge-register/records/EPH-0367/,https://article134-tech.github.io/lititzbmx-public-knowledge-register/records/EPH-0367/,records/EPH-0367/index.html,"noindex,nofollow",BMX Action Bike,previouspage.co.uk,offline staging
EPH-0368,/lititzbmx-public-knowledge-register/records/EPH-0368/,https://article134-tech.github.io/lititzbmx-public-knowledge-register/records/EPH-0368/,records/EPH-0368/index.html,"noindex,nofollow",BMX Action Bike,previouspage.co.uk,offline staging
EPH-0369,/lititzbmx-public-knowledge-register/records/EPH-0369/,https://article134-tech.github.io/lititzbmx-public-knowledge-register/records/EPH-0369/,records/EPH-0369/index.html,"noindex,nofollow",BMX Action Bike,previouspage.co.uk,offline staging
EPH-0370,/lititzbmx-public-knowledge-register/records/EPH-0370/,https://article134-tech.github.io/lititzbmx-public-knowledge-register/records/EPH-0370/,records/EPH-0370/index.html,"noindex,nofollow",BMX Action Bike,previouspage.co.uk,offline staging
EPH-0371,/lititzbmx-public-knowledge-register/records/EPH-0371/,https://article134-tech.github.io/lititzbmx-public-knowledge-register/records/EPH-0371/,records/EPH-0371/index.html,"noindex,nofollow",BMX Action Bike,previouspage.co.uk,offline staging
EPH-0372,/lititzbmx-public-knowledge-register/records/EPH-0372/,https://article134-tech.github.io/lititzbmx-public-knowledge-register/records/EPH-0372/,records/EPH-0372/index.html,"noindex,nofollow",BMX Action Bike,previouspage.co.uk,offline staging
EPH-0373,/lititzbmx-public-knowledge-register/records/EPH-0373/,https://article134-tech.github.io/lititzbmx-public-knowledge-register/records/EPH-0373/,records/EPH-0373/index.html,"noindex,nofollow",BMX Action Bike,previouspage.co.uk,offline staging
EPH-0374,/lititzbmx-public-knowledge-register/records/EPH-0374/,https://article134-tech.github.io/lititzbmx-public-knowledge-register/records/EPH-0374/,records/EPH-0374/index.html,"noindex,nofollow",BMX Action Bike,previouspage.co.uk,offline staging
EPH-0375,/lititzbmx-public-knowledge-register/records/EPH-0375/,https://article134-tech.github.io/lititzbmx-public-knowledge-register/records/EPH-0375/,records/EPH-0375/index.html,"noindex,nofollow",BMX Action Bike,previouspage.co.uk,offline staging
EPH-0376,/lititzbmx-public-knowledge-register/records/EPH-0376/,https://article134-tech.github.io/lititzbmx-public-knowledge-register/records/EPH-0376/,records/EPH-0376/index.html,"noindex,nofollow",BMX Action Bike,previouspage.co.uk,offline staging
EPH-0377,/lititzbmx-public-knowledge-register/records/EPH-0377/,https://article134-tech.github.io/lititzbmx-public-knowledge-register/records/EPH-0377/,records/EPH-0377/index.html,"noindex,nofollow",BMX Action Bike,previouspage.co.uk,offline staging
EPH-0378,/lititzbmx-public-knowledge-register/records/EPH-0378/,https://article134-tech.github.io/lititzbmx-public-knowledge-register/records/EPH-0378/,records/EPH-0378/index.html,"noindex,nofollow",BMX Action Bike,previouspage.co.uk,offline staging
EPH-0379,/lititzbmx-public-knowledge-register/records/EPH-0379/,https://article134-tech.github.io/lititzbmx-public-knowledge-register/records/EPH-0379/,records/EPH-0379/index.html,"noindex,nofollow",BMX Action Bike,previouspage.co.uk,offline staging
EPH-0380,/lititzbmx-public-knowledge-register/records/EPH-0380/,https://article134-tech.github.io/lititzbmx-public-knowledge-register/records/EPH-0380/,records/EPH-0380/index.html,"noindex,nofollow",BMX Action Bike,previouspage.co.uk,offline staging
EPH-0381,/lititzbmx-public-knowledge-register/records/EPH-0381/,https://article134-tech.github.io/lititzbmx-public-knowledge-register/records/EPH-0381/,records/EPH-0381/index.html,"noindex,nofollow",BMX Action Bike,previouspage.co.uk,offline staging
EPH-0382,/lititzbmx-public-knowledge-register/records/EPH-0382/,https://article134-tech.github.io/lititzbmx-public-knowledge-register/records/EPH-0382/,records/EPH-0382/index.html,"noindex,nofollow",BMX Action Bike,previouspage.co.uk,offline staging
EPH-0383,/lititzbmx-public-knowledge-register/records/EPH-0383/,https://article134-tech.github.io/lititzbmx-public-knowledge-register/records/EPH-0383/,records/EPH-0383/index.html,"noindex,nofollow",BMX Action Bike,previouspage.co.uk,offline staging
EPH-0384,/lititzbmx-public-knowledge-register/records/EPH-0384/,https://article134-tech.github.io/lititzbmx-public-knowledge-register/records/EPH-0384/,records/EPH-0384/index.html,"noindex,nofollow",BMX Action Bike,previouspage.co.uk,offline staging
EPH-0385,/lititzbmx-public-knowledge-register/records/EPH-0385/,https://article134-tech.github.io/lititzbmx-public-knowledge-register/records/EPH-0385/,records/EPH-0385/index.html,"noindex,nofollow",BMX Action Bike,previouspage.co.uk,offline staging
EPH-0386,/lititzbmx-public-knowledge-register/records/EPH-0386/,https://article134-tech.github.io/lititzbmx-public-knowledge-register/records/EPH-0386/,records/EPH-0386/index.html,"noindex,nofollow",BMX Action Bike,previouspage.co.uk,offline staging
EPH-0387,/lititzbmx-public-knowledge-register/records/EPH-0387/,https://article134-tech.github.io/lititzbmx-public-knowledge-register/records/EPH-0387/,records/EPH-0387/index.html,"noindex,nofollow",BMX Action Bike,previouspage.co.uk,offline staging
EPH-0388,/lititzbmx-public-knowledge-register/records/EPH-0388/,https://article134-tech.github.io/lititzbmx-public-knowledge-register/records/EPH-0388/,records/EPH-0388/index.html,"noindex,nofollow",BMX Action Bike,previouspage.co.uk,offline staging
EPH-0389,/lititzbmx-public-knowledge-register/records/EPH-0389/,https://article134-tech.github.io/lititzbmx-public-knowledge-register/records/EPH-0389/,records/EPH-0389/index.html,"noindex,nofollow",BMX Action Bike,previouspage.co.uk,offline staging
EPH-0390,/lititzbmx-public-knowledge-register/records/EPH-0390/,https://article134-tech.github.io/lititzbmx-public-knowledge-register/records/EPH-0390/,records/EPH-0390/index.html,"noindex,nofollow",BMX Action Bike,previouspage.co.uk,offline staging
EPH-0391,/lititzbmx-public-knowledge-register/records/EPH-0391/,https://article134-tech.github.io/lititzbmx-public-knowledge-register/records/EPH-0391/,records/EPH-0391/index.html,"noindex,nofollow",BMX Action Bike,previouspage.co.uk,offline staging
EPH-0392,/lititzbmx-public-knowledge-register/records/EPH-0392/,https://article134-tech.github.io/lititzbmx-public-knowledge-register/records/EPH-0392/,records/EPH-0392/index.html,"noindex,nofollow",BMX Action Bike,previouspage.co.uk,offline staging
EPH-0393,/lititzbmx-public-knowledge-register/records/EPH-0393/,https://article134-tech.github.io/lititzbmx-public-knowledge-register/records/EPH-0393/,records/EPH-0393/index.html,"noindex,nofollow",BMX Action Bike,previouspage.co.uk,offline staging
EPH-0394,/lititzbmx-public-knowledge-register/records/EPH-0394/,https://article134-tech.github.io/lititzbmx-public-knowledge-register/records/EPH-0394/,records/EPH-0394/index.html,"noindex,nofollow",BMX Action Bike,previouspage.co.uk,offline staging
EPH-0395,/lititzbmx-public-knowledge-register/records/EPH-0395/,https://article134-tech.github.io/lititzbmx-public-knowledge-register/records/EPH-0395/,records/EPH-0395/index.html,"noindex,nofollow",BMX Action Bike,previouspage.co.uk,offline staging
EPH-0396,/lititzbmx-public-knowledge-register/records/EPH-0396/,https://article134-tech.github.io/lititzbmx-public-knowledge-register/records/EPH-0396/,records/EPH-0396/index.html,"noindex,nofollow",BMX Action Bike,previouspage.co.uk,offline staging
EPH-0397,/lititzbmx-public-knowledge-register/records/EPH-0397/,https://article134-tech.github.io/lititzbmx-public-knowledge-register/records/EPH-0397/,records/EPH-0397/index.html,"noindex,nofollow",BMX Action Bike,previouspage.co.uk,offline staging
EPH-0398,/lititzbmx-public-knowledge-register/records/EPH-0398/,https://article134-tech.github.io/lititzbmx-public-knowledge-register/records/EPH-0398/,records/EPH-0398/index.html,"noindex,nofollow",BMX Action Bike,previouspage.co.uk,offline staging
EPH-0399,/lititzbmx-public-knowledge-register/records/EPH-0399/,https://article134-tech.github.io/lititzbmx-public-knowledge-register/records/EPH-0399/,records/EPH-0399/index.html,"noindex,nofollow",BMX Action Bike,previouspage.co.uk,offline staging
EPH-0400,/lititzbmx-public-knowledge-register/records/EPH-0400/,https://article134-tech.github.io/lititzbmx-public-knowledge-register/records/EPH-0400/,records/EPH-0400/index.html,"noindex,nofollow",BMX Action Bike,previouspage.co.uk,offline staging
EPH-0401,/lititzbmx-public-knowledge-register/records/EPH-0401/,https://article134-tech.github.io/lititzbmx-public-knowledge-register/records/EPH-0401/,records/EPH-0401/index.html,"noindex,nofollow",BMX Action Bike,previouspage.co.uk,offline staging
EPH-0402,/lititzbmx-public-knowledge-register/records/EPH-0402/,https://article134-tech.github.io/lititzbmx-public-knowledge-register/records/EPH-0402/,records/EPH-0402/index.html,"noindex,nofollow",BMX Action Bike,previouspage.co.uk,offline staging
EPH-0403,/lititzbmx-public-knowledge-register/records/EPH-0403/,https://article134-tech.github.io/lititzbmx-public-knowledge-register/records/EPH-0403/,records/EPH-0403/index.html,"noindex,nofollow",BMX Action Bike,previouspage.co.uk,offline staging
EPH-0404,/lititzbmx-public-knowledge-register/records/EPH-0404/,https://article134-tech.github.io/lititzbmx-public-knowledge-register/records/EPH-0404/,records/EPH-0404/index.html,"noindex,nofollow",BMX Action Bike,previouspage.co.uk,offline staging
EPH-0405,/lititzbmx-public-knowledge-register/records/EPH-0405/,https://article134-tech.github.io/lititzbmx-public-knowledge-register/records/EPH-0405/,records/EPH-0405/index.html,"noindex,nofollow",BMX Action Bike,previouspage.co.uk,offline staging
EPH-0406,/lititzbmx-public-knowledge-register/records/EPH-0406/,https://article134-tech.github.io/lititzbmx-public-knowledge-register/records/EPH-0406/,records/EPH-0406/index.html,"noindex,nofollow",BMX Action Bike,previouspage.co.uk,offline staging
EPH-0407,/lititzbmx-public-knowledge-register/records/EPH-0407/,https://article134-tech.github.io/lititzbmx-public-knowledge-register/records/EPH-0407/,records/EPH-0407/index.html,"noindex,nofollow",BMX Action Bike,previouspage.co.uk,offline staging
EPH-0408,/lititzbmx-public-knowledge-register/records/EPH-0408/,https://article134-tech.github.io/lititzbmx-public-knowledge-register/records/EPH-0408/,records/EPH-0408/index.html,"noindex,nofollow",BMX Action Bike,previouspage.co.uk,offline staging
EPH-0409,/lititzbmx-public-knowledge-register/records/EPH-0409/,https://article134-tech.github.io/lititzbmx-public-knowledge-register/records/EPH-0409/,records/EPH-0409/index.html,"noindex,nofollow",BMX Action Bike,previouspage.co.uk,offline staging
EPH-0410,/lititzbmx-public-knowledge-register/records/EPH-0410/,https://article134-tech.github.io/lititzbmx-public-knowledge-register/records/EPH-0410/,records/EPH-0410/index.html,"noindex,nofollow",BMX Action Bike,previouspage.co.uk,offline staging
EPH-0411,/lititzbmx-public-knowledge-register/records/EPH-0411/,https://article134-tech.github.io/lititzbmx-public-knowledge-register/records/EPH-0411/,records/EPH-0411/index.html,"noindex,nofollow",BMX Action Bike,previouspage.co.uk,offline staging
EPH-0412,/lititzbmx-public-knowledge-register/records/EPH-0412/,https://article134-tech.github.io/lititzbmx-public-knowledge-register/records/EPH-0412/,records/EPH-0412/index.html,"noindex,nofollow",BMX Action Bike,previouspage.co.uk,offline staging
EPH-0413,/lititzbmx-public-knowledge-register/records/EPH-0413/,https://article134-tech.github.io/lititzbmx-public-knowledge-register/records/EPH-0413/,records/EPH-0413/index.html,"noindex,nofollow",BMX Action Bike,previouspage.co.uk,offline staging
EPH-0414,/lititzbmx-public-knowledge-register/records/EPH-0414/,https://article134-tech.github.io/lititzbmx-public-knowledge-register/records/EPH-0414/,records/EPH-0414/index.html,"noindex,nofollow",BMX Action Bike,previouspage.co.uk,offline staging
EPH-0415,/lititzbmx-public-knowledge-register/records/EPH-0415/,https://article134-tech.github.io/lititzbmx-public-knowledge-register/records/EPH-0415/,records/EPH-0415/index.html,"noindex,nofollow",BMX Action Bike,previouspage.co.uk,offline staging
EPH-0416,/lititzbmx-public-knowledge-register/records/EPH-0416/,https://article134-tech.github.io/lititzbmx-public-knowledge-register/records/EPH-0416/,records/EPH-0416/index.html,"noindex,nofollow",BMX Action Bike,previouspage.co.uk,offline staging
EPH-0417,/lititzbmx-public-knowledge-register/records/EPH-0417/,https://article134-tech.github.io/lititzbmx-public-knowledge-register/records/EPH-0417/,records/EPH-0417/index.html,"noindex,nofollow",BMX Action Bike,previouspage.co.uk,offline staging
EPH-0418,/lititzbmx-public-knowledge-register/records/EPH-0418/,https://article134-tech.github.io/lititzbmx-public-knowledge-register/records/EPH-0418/,records/EPH-0418/index.html,"noindex,nofollow",BMX Action Bike,previouspage.co.uk,offline staging
EPH-0419,/lititzbmx-public-knowledge-register/records/EPH-0419/,https://article134-tech.github.io/lititzbmx-public-knowledge-register/records/EPH-0419/,records/EPH-0419/index.html,"noindex,nofollow",BMX Action Bike,previouspage.co.uk,offline staging
EPH-0420,/lititzbmx-public-knowledge-register/records/EPH-0420/,https://article134-tech.github.io/lititzbmx-public-knowledge-register/records/EPH-0420/,records/EPH-0420/index.html,"noindex,nofollow",BMX Action Bike,previouspage.co.uk,offline staging
EPH-0421,/lititzbmx-public-knowledge-register/records/EPH-0421/,https://article134-tech.github.io/lititzbmx-public-knowledge-register/records/EPH-0421/,records/EPH-0421/index.html,"noindex,nofollow",BMX Action Bike,previouspage.co.uk,offline staging
EPH-0422,/lititzbmx-public-knowledge-register/records/EPH-0422/,https://article134-tech.github.io/lititzbmx-public-knowledge-register/records/EPH-0422/,records/EPH-0422/index.html,"noindex,nofollow",BMX Action Bike,previouspage.co.uk,offline staging
EPH-0423,/lititzbmx-public-knowledge-register/records/EPH-0423/,https://article134-tech.github.io/lititzbmx-public-knowledge-register/records/EPH-0423/,records/EPH-0423/index.html,"noindex,nofollow",BMX Action Bike,previouspage.co.uk,offline staging
EPH-0424,/lititzbmx-public-knowledge-register/records/EPH-0424/,https://article134-tech.github.io/lititzbmx-public-knowledge-register/records/EPH-0424/,records/EPH-0424/index.html,"noindex,nofollow",BMX Action Bike,previouspage.co.uk,offline staging
EPH-0425,/lititzbmx-public-knowledge-register/records/EPH-0425/,https://article134-tech.github.io/lititzbmx-public-knowledge-register/records/EPH-0425/,records/EPH-0425/index.html,"noindex,nofollow",BMX Action Bike,previouspage.co.uk,offline staging
EPH-0426,/lititzbmx-public-knowledge-register/records/EPH-0426/,https://article134-tech.github.io/lititzbmx-public-knowledge-register/records/EPH-0426/,records/EPH-0426/index.html,"noindex,nofollow",BMX Action Bike,previouspage.co.uk,offline staging
EPH-0427,/lititzbmx-public-knowledge-register/records/EPH-0427/,https://article134-tech.github.io/lititzbmx-public-knowledge-register/records/EPH-0427/,records/EPH-0427/index.html,"noindex,nofollow",BMX Action Bike,previouspage.co.uk,offline staging
EPH-0428,/lititzbmx-public-knowledge-register/records/EPH-0428/,https://article134-tech.github.io/lititzbmx-public-knowledge-register/records/EPH-0428/,records/EPH-0428/index.html,"noindex,nofollow",BMX Action Bike,previouspage.co.uk,offline staging
EPH-0429,/lititzbmx-public-knowledge-register/records/EPH-0429/,https://article134-tech.github.io/lititzbmx-public-knowledge-register/records/EPH-0429/,records/EPH-0429/index.html,"noindex,nofollow",BMX Action Bike,previouspage.co.uk,offline staging
EPH-0430,/lititzbmx-public-knowledge-register/records/EPH-0430/,https://article134-tech.github.io/lititzbmx-public-knowledge-register/records/EPH-0430/,records/EPH-0430/index.html,"noindex,nofollow",BMX Action Bike,previouspage.co.uk,offline staging
EPH-0431,/lititzbmx-public-knowledge-register/records/EPH-0431/,https://article134-tech.github.io/lititzbmx-public-knowledge-register/records/EPH-0431/,records/EPH-0431/index.html,"noindex,nofollow",BMX Action Bike,previouspage.co.uk,offline staging
EPH-0432,/lititzbmx-public-knowledge-register/records/EPH-0432/,https://article134-tech.github.io/lititzbmx-public-knowledge-register/records/EPH-0432/,records/EPH-0432/index.html,"noindex,nofollow",BMX Action Bike,previouspage.co.uk,offline staging
EPH-0433,/lititzbmx-public-knowledge-register/records/EPH-0433/,https://article134-tech.github.io/lititzbmx-public-knowledge-register/records/EPH-0433/,records/EPH-0433/index.html,"noindex,nofollow",BMX Action Bike,previouspage.co.uk,offline staging
EPH-0434,/lititzbmx-public-knowledge-register/records/EPH-0434/,https://article134-tech.github.io/lititzbmx-public-knowledge-register/records/EPH-0434/,records/EPH-0434/index.html,"noindex,nofollow",BMX Action Bike,previouspage.co.uk,offline staging
EPH-0435,/lititzbmx-public-knowledge-register/records/EPH-0435/,https://article134-tech.github.io/lititzbmx-public-knowledge-register/records/EPH-0435/,records/EPH-0435/index.html,"noindex,nofollow",BMX Action Bike,previouspage.co.uk,offline staging
EPH-0436,/lititzbmx-public-knowledge-register/records/EPH-0436/,https://article134-tech.github.io/lititzbmx-public-knowledge-register/records/EPH-0436/,records/EPH-0436/index.html,"noindex,nofollow",BMX Action Bike,previouspage.co.uk,offline staging
EPH-0437,/lititzbmx-public-knowledge-register/records/EPH-0437/,https://article134-tech.github.io/lititzbmx-public-knowledge-register/records/EPH-0437/,records/EPH-0437/index.html,"noindex,nofollow",BMX Action Bike,previouspage.co.uk,offline staging
EPH-0438,/lititzbmx-public-knowledge-register/records/EPH-0438/,https://article134-tech.github.io/lititzbmx-public-knowledge-register/records/EPH-0438/,records/EPH-0438/index.html,"noindex,nofollow",BMX Action Bike,previouspage.co.uk,offline staging
EPH-0439,/lititzbmx-public-knowledge-register/records/EPH-0439/,https://article134-tech.github.io/lititzbmx-public-knowledge-register/records/EPH-0439/,records/EPH-0439/index.html,"noindex,nofollow",BMX Action Bike,previouspage.co.uk,offline staging
EPH-0440,/lititzbmx-public-knowledge-register/records/EPH-0440/,https://article134-tech.github.io/lititzbmx-public-knowledge-register/records/EPH-0440/,records/EPH-0440/index.html,"noindex,nofollow",BMX Action Bike,previouspage.co.uk,offline staging
EPH-0441,/lititzbmx-public-knowledge-register/records/EPH-0441/,https://article134-tech.github.io/lititzbmx-public-knowledge-register/records/EPH-0441/,records/EPH-0441/index.html,"noindex,nofollow",BMX Action Bike,previouspage.co.uk,offline staging
EPH-0442,/lititzbmx-public-knowledge-register/records/EPH-0442/,https://article134-tech.github.io/lititzbmx-public-knowledge-register/records/EPH-0442/,records/EPH-0442/index.html,"noindex,nofollow",BMX Action Bike,previouspage.co.uk,offline staging
EPH-0443,/lititzbmx-public-knowledge-register/records/EPH-0443/,https://article134-tech.github.io/lititzbmx-public-knowledge-register/records/EPH-0443/,records/EPH-0443/index.html,"noindex,nofollow",BMX Action Bike,previouspage.co.uk,offline staging
EPH-0444,/lititzbmx-public-knowledge-register/records/EPH-0444/,https://article134-tech.github.io/lititzbmx-public-knowledge-register/records/EPH-0444/,records/EPH-0444/index.html,"noindex,nofollow",BMX Action Bike,previouspage.co.uk,offline staging
EPH-0445,/lititzbmx-public-knowledge-register/records/EPH-0445/,https://article134-tech.github.io/lititzbmx-public-knowledge-register/records/EPH-0445/,records/EPH-0445/index.html,"noindex,nofollow",BMX Action Bike,previouspage.co.uk,offline staging
EPH-0446,/lititzbmx-public-knowledge-register/records/EPH-0446/,https://article134-tech.github.io/lititzbmx-public-knowledge-register/records/EPH-0446/,records/EPH-0446/index.html,"noindex,nofollow",BMX Action Bike,previouspage.co.uk,offline staging
EPH-0447,/lititzbmx-public-knowledge-register/records/EPH-0447/,https://article134-tech.github.io/lititzbmx-public-knowledge-register/records/EPH-0447/,records/EPH-0447/index.html,"noindex,nofollow",BMX Action Bike,previouspage.co.uk,offline staging
EPH-0448,/lititzbmx-public-knowledge-register/records/EPH-0448/,https://article134-tech.github.io/lititzbmx-public-knowledge-register/records/EPH-0448/,records/EPH-0448/index.html,"noindex,nofollow",BMX Action Bike,previouspage.co.uk,offline staging
EPH-0449,/lititzbmx-public-knowledge-register/records/EPH-0449/,https://article134-tech.github.io/lititzbmx-public-knowledge-register/records/EPH-0449/,records/EPH-0449/index.html,"noindex,nofollow",BMX Action Bike,previouspage.co.uk,offline staging
EPH-0450,/lititzbmx-public-knowledge-register/records/EPH-0450/,https://article134-tech.github.io/lititzbmx-public-knowledge-register/records/EPH-0450/,records/EPH-0450/index.html,"noindex,nofollow",BMX Action Bike,previouspage.co.uk,offline staging
EPH-0451,/lititzbmx-public-knowledge-register/records/EPH-0451/,https://article134-tech.github.io/lititzbmx-public-knowledge-register/records/EPH-0451/,records/EPH-0451/index.html,"noindex,nofollow",BMX Action Bike,previouspage.co.uk,offline staging
EPH-0452,/lititzbmx-public-knowledge-register/records/EPH-0452/,https://article134-tech.github.io/lititzbmx-public-knowledge-register/records/EPH-0452/,records/EPH-0452/index.html,"noindex,nofollow",BMX Action Bike,previouspage.co.uk,offline staging
EPH-0453,/lititzbmx-public-knowledge-register/records/EPH-0453/,https://article134-tech.github.io/lititzbmx-public-knowledge-register/records/EPH-0453/,records/EPH-0453/index.html,"noindex,nofollow",BMX Action Bike,previouspage.co.uk,offline staging
EPH-0454,/lititzbmx-public-knowledge-register/records/EPH-0454/,https://article134-tech.github.io/lititzbmx-public-knowledge-register/records/EPH-0454/,records/EPH-0454/index.html,"noindex,nofollow",BMX Action Bike,previouspage.co.uk,offline staging
EPH-0455,/lititzbmx-public-knowledge-register/records/EPH-0455/,https://article134-tech.github.io/lititzbmx-public-knowledge-register/records/EPH-0455/,records/EPH-0455/index.html,"noindex,nofollow",BMX Action Bike,previouspage.co.uk,offline staging
EPH-0456,/lititzbmx-public-knowledge-register/records/EPH-0456/,https://article134-tech.github.io/lititzbmx-public-knowledge-register/records/EPH-0456/,records/EPH-0456/index.html,"noindex,nofollow",BMX Action Bike,previouspage.co.uk,offline staging
EPH-0457,/lititzbmx-public-knowledge-register/records/EPH-0457/,https://article134-tech.github.io/lititzbmx-public-knowledge-register/records/EPH-0457/,records/EPH-0457/index.html,"noindex,nofollow",BMX Action Bike,previouspage.co.uk,offline staging
EPH-0458,/lititzbmx-public-knowledge-register/records/EPH-0458/,https://article134-tech.github.io/lititzbmx-public-knowledge-register/records/EPH-0458/,records/EPH-0458/index.html,"noindex,nofollow",BMX Action Bike,previouspage.co.uk,offline staging
EPH-0459,/lititzbmx-public-knowledge-register/records/EPH-0459/,https://article134-tech.github.io/lititzbmx-public-knowledge-register/records/EPH-0459/,records/EPH-0459/index.html,"noindex,nofollow",BMX Action Bike,previouspage.co.uk,offline staging
EPH-0460,/lititzbmx-public-knowledge-register/records/EPH-0460/,https://article134-tech.github.io/lititzbmx-public-knowledge-register/records/EPH-0460/,records/EPH-0460/index.html,"noindex,nofollow",BMX Action Bike,previouspage.co.uk,offline staging
EPH-0461,/lititzbmx-public-knowledge-register/records/EPH-0461/,https://article134-tech.github.io/lititzbmx-public-knowledge-register/records/EPH-0461/,records/EPH-0461/index.html,"noindex,nofollow",BMX Action Bike,previouspage.co.uk,offline staging
EPH-0462,/lititzbmx-public-knowledge-register/records/EPH-0462/,https://article134-tech.github.io/lititzbmx-public-knowledge-register/records/EPH-0462/,records/EPH-0462/index.html,"noindex,nofollow",BMX Action Bike,previouspage.co.uk,offline staging
EPH-0463,/lititzbmx-public-knowledge-register/records/EPH-0463/,https://article134-tech.github.io/lititzbmx-public-knowledge-register/records/EPH-0463/,records/EPH-0463/index.html,"noindex,nofollow",BMX Action Bike,previouspage.co.uk,offline staging
EPH-0464,/lititzbmx-public-knowledge-register/records/EPH-0464/,https://article134-tech.github.io/lititzbmx-public-knowledge-register/records/EPH-0464/,records/EPH-0464/index.html,"noindex,nofollow",BMX Action Bike,previouspage.co.uk,offline staging
EPH-0465,/lititzbmx-public-knowledge-register/records/EPH-0465/,https://article134-tech.github.io/lititzbmx-public-knowledge-register/records/EPH-0465/,records/EPH-0465/index.html,"noindex,nofollow",BMX Action Bike,previouspage.co.uk,offline staging
EPH-0466,/lititzbmx-public-knowledge-register/records/EPH-0466/,https://article134-tech.github.io/lititzbmx-public-knowledge-register/records/EPH-0466/,records/EPH-0466/index.html,"noindex,nofollow",BMX Action Bike,previouspage.co.uk,offline staging
EPH-0467,/lititzbmx-public-knowledge-register/records/EPH-0467/,https://article134-tech.github.io/lititzbmx-public-knowledge-register/records/EPH-0467/,records/EPH-0467/index.html,"noindex,nofollow",BMX Action Bike,previouspage.co.uk,offline staging
EPH-0468,/lititzbmx-public-knowledge-register/records/EPH-0468/,https://article134-tech.github.io/lititzbmx-public-knowledge-register/records/EPH-0468/,records/EPH-0468/index.html,"noindex,nofollow",BMX Action Bike,previouspage.co.uk,offline staging
EPH-0469,/lititzbmx-public-knowledge-register/records/EPH-0469/,https://article134-tech.github.io/lititzbmx-public-knowledge-register/records/EPH-0469/,records/EPH-0469/index.html,"noindex,nofollow",BMX Action Bike,previouspage.co.uk,offline staging
EPH-0470,/lititzbmx-public-knowledge-register/records/EPH-0470/,https://article134-tech.github.io/lititzbmx-public-knowledge-register/records/EPH-0470/,records/EPH-0470/index.html,"noindex,nofollow",BMX Action Bike,previouspage.co.uk,offline staging
EPH-0471,/lititzbmx-public-knowledge-register/records/EPH-0471/,https://article134-tech.github.io/lititzbmx-public-knowledge-register/records/EPH-0471/,records/EPH-0471/index.html,"noindex,nofollow",BMX Action Bike,previouspage.co.uk,offline staging
EPH-0472,/lititzbmx-public-knowledge-register/records/EPH-0472/,https://article134-tech.github.io/lititzbmx-public-knowledge-register/records/EPH-0472/,records/EPH-0472/index.html,"noindex,nofollow",BMX Action Bike,previouspage.co.uk,offline staging
EPH-0473,/lititzbmx-public-knowledge-register/records/EPH-0473/,https://article134-tech.github.io/lititzbmx-public-knowledge-register/records/EPH-0473/,records/EPH-0473/index.html,"noindex,nofollow",BMX Action Bike,previouspage.co.uk,offline staging
EPH-0474,/lititzbmx-public-knowledge-register/records/EPH-0474/,https://article134-tech.github.io/lititzbmx-public-knowledge-register/records/EPH-0474/,records/EPH-0474/index.html,"noindex,nofollow",BMX Action Bike,previouspage.co.uk,offline staging
EPH-0475,/lititzbmx-public-knowledge-register/records/EPH-0475/,https://article134-tech.github.io/lititzbmx-public-knowledge-register/records/EPH-0475/,records/EPH-0475/index.html,"noindex,nofollow",BMX Action Bike,previouspage.co.uk,offline staging
EPH-0476,/lititzbmx-public-knowledge-register/records/EPH-0476/,https://article134-tech.github.io/lititzbmx-public-knowledge-register/records/EPH-0476/,records/EPH-0476/index.html,"noindex,nofollow",BMX Action Bike,previouspage.co.uk,offline staging
EPH-0477,/lititzbmx-public-knowledge-register/records/EPH-0477/,https://article134-tech.github.io/lititzbmx-public-knowledge-register/records/EPH-0477/,records/EPH-0477/index.html,"noindex,nofollow",BMX Action Bike,previouspage.co.uk,offline staging
EPH-0478,/lititzbmx-public-knowledge-register/records/EPH-0478/,https://article134-tech.github.io/lititzbmx-public-knowledge-register/records/EPH-0478/,records/EPH-0478/index.html,"noindex,nofollow",BMX Action Bike,previouspage.co.uk,offline staging
EPH-0479,/lititzbmx-public-knowledge-register/records/EPH-0479/,https://article134-tech.github.io/lititzbmx-public-knowledge-register/records/EPH-0479/,records/EPH-0479/index.html,"noindex,nofollow",BMX Action Bike,previouspage.co.uk,offline staging
EPH-0480,/lititzbmx-public-knowledge-register/records/EPH-0480/,https://article134-tech.github.io/lititzbmx-public-knowledge-register/records/EPH-0480/,records/EPH-0480/index.html,"noindex,nofollow",BMX Action Bike,previouspage.co.uk,offline staging
EPH-0481,/lititzbmx-public-knowledge-register/records/EPH-0481/,https://article134-tech.github.io/lititzbmx-public-knowledge-register/records/EPH-0481/,records/EPH-0481/index.html,"noindex,nofollow",BMX Action Bike,previouspage.co.uk,offline staging
EPH-0482,/lititzbmx-public-knowledge-register/records/EPH-0482/,https://article134-tech.github.io/lititzbmx-public-knowledge-register/records/EPH-0482/,records/EPH-0482/index.html,"noindex,nofollow",BMX Action Bike,previouspage.co.uk,offline staging
EPH-0483,/lititzbmx-public-knowledge-register/records/EPH-0483/,https://article134-tech.github.io/lititzbmx-public-knowledge-register/records/EPH-0483/,records/EPH-0483/index.html,"noindex,nofollow",BMX Action Bike,previouspage.co.uk,offline staging
EPH-0484,/lititzbmx-public-knowledge-register/records/EPH-0484/,https://article134-tech.github.io/lititzbmx-public-knowledge-register/records/EPH-0484/,records/EPH-0484/index.html,"noindex,nofollow",BMX Action Bike,previouspage.co.uk,offline staging
EPH-0485,/lititzbmx-public-knowledge-register/records/EPH-0485/,https://article134-tech.github.io/lititzbmx-public-knowledge-register/records/EPH-0485/,records/EPH-0485/index.html,"noindex,nofollow",BMX Action Bike,previouspage.co.uk,offline staging
EPH-0486,/lititzbmx-public-knowledge-register/records/EPH-0486/,https://article134-tech.github.io/lititzbmx-public-knowledge-register/records/EPH-0486/,records/EPH-0486/index.html,"noindex,nofollow",BMX Action Bike,previouspage.co.uk,offline staging
EPH-0487,/lititzbmx-public-knowledge-register/records/EPH-0487/,https://article134-tech.github.io/lititzbmx-public-knowledge-register/records/EPH-0487/,records/EPH-0487/index.html,"noindex,nofollow",BMX Action Bike,previouspage.co.uk,offline staging
EPH-0488,/lititzbmx-public-knowledge-register/records/EPH-0488/,https://article134-tech.github.io/lititzbmx-public-knowledge-register/records/EPH-0488/,records/EPH-0488/index.html,"noindex,nofollow",BMX Action Bike,previouspage.co.uk,offline staging
EPH-0489,/lititzbmx-public-knowledge-register/records/EPH-0489/,https://article134-tech.github.io/lititzbmx-public-knowledge-register/records/EPH-0489/,records/EPH-0489/index.html,"noindex,nofollow",BMX Action Bike,previouspage.co.uk,offline staging
EPH-0490,/lititzbmx-public-knowledge-register/records/EPH-0490/,https://article134-tech.github.io/lititzbmx-public-knowledge-register/records/EPH-0490/,records/EPH-0490/index.html,"noindex,nofollow",BMX Action Bike,previouspage.co.uk,offline staging
EPH-0491,/lititzbmx-public-knowledge-register/records/EPH-0491/,https://article134-tech.github.io/lititzbmx-public-knowledge-register/records/EPH-0491/,records/EPH-0491/index.html,"noindex,nofollow",BMX Action Bike,previouspage.co.uk,offline staging
EPH-0492,/lititzbmx-public-knowledge-register/records/EPH-0492/,https://article134-tech.github.io/lititzbmx-public-knowledge-register/records/EPH-0492/,records/EPH-0492/index.html,"noindex,nofollow",BMX Action Bike,previouspage.co.uk,offline staging
EPH-0493,/lititzbmx-public-knowledge-register/records/EPH-0493/,https://article134-tech.github.io/lititzbmx-public-knowledge-register/records/EPH-0493/,records/EPH-0493/index.html,"noindex,nofollow",BMX Action Bike,previouspage.co.uk,offline staging
EPH-0494,/lititzbmx-public-knowledge-register/records/EPH-0494/,https://article134-tech.github.io/lititzbmx-public-knowledge-register/records/EPH-0494/,records/EPH-0494/index.html,"noindex,nofollow",BMX Action Bike,previouspage.co.uk,offline staging
EPH-0495,/lititzbmx-public-knowledge-register/records/EPH-0495/,https://article134-tech.github.io/lititzbmx-public-knowledge-register/records/EPH-0495/,records/EPH-0495/index.html,"noindex,nofollow",BMX Action Bike,previouspage.co.uk,offline staging
EPH-0496,/lititzbmx-public-knowledge-register/records/EPH-0496/,https://article134-tech.github.io/lititzbmx-public-knowledge-register/records/EPH-0496/,records/EPH-0496/index.html,"noindex,nofollow",BMX Action Bike,previouspage.co.uk,offline staging
EPH-0497,/lititzbmx-public-knowledge-register/records/EPH-0497/,https://article134-tech.github.io/lititzbmx-public-knowledge-register/records/EPH-0497/,records/EPH-0497/index.html,"noindex,nofollow",BMX Action Bike,previouspage.co.uk,offline staging
EPH-0498,/lititzbmx-public-knowledge-register/records/EPH-0498/,https://article134-tech.github.io/lititzbmx-public-knowledge-register/records/EPH-0498/,records/EPH-0498/index.html,"noindex,nofollow",BMX Action Bike,previouspage.co.uk,offline staging
EPH-0499,/lititzbmx-public-knowledge-register/records/EPH-0499/,https://article134-tech.github.io/lititzbmx-public-knowledge-register/records/EPH-0499/,records/EPH-0499/index.html,"noindex,nofollow",BMX Action Bike,previouspage.co.uk,offline staging
EPH-0500,/lititzbmx-public-knowledge-register/records/EPH-0500/,https://article134-tech.github.io/lititzbmx-public-knowledge-register/records/EPH-0500/,records/EPH-0500/index.html,"noindex,nofollow",BMX Action Bike,previouspage.co.uk,offline staging
EPH-0501,/lititzbmx-public-knowledge-register/records/EPH-0501/,https://article134-tech.github.io/lititzbmx-public-knowledge-register/records/EPH-0501/,records/EPH-0501/index.html,"noindex,nofollow",BMX Action Bike,previouspage.co.uk,offline staging
EPH-0502,/lititzbmx-public-knowledge-register/records/EPH-0502/,https://article134-tech.github.io/lititzbmx-public-knowledge-register/records/EPH-0502/,records/EPH-0502/index.html,"noindex,nofollow",BMX Action Bike,previouspage.co.uk,offline staging
EPH-0503,/lititzbmx-public-knowledge-register/records/EPH-0503/,https://article134-tech.github.io/lititzbmx-public-knowledge-register/records/EPH-0503/,records/EPH-0503/index.html,"noindex,nofollow",BMX Action Bike,previouspage.co.uk,offline staging
EPH-0504,/lititzbmx-public-knowledge-register/records/EPH-0504/,https://article134-tech.github.io/lititzbmx-public-knowledge-register/records/EPH-0504/,records/EPH-0504/index.html,"noindex,nofollow",BMX Action Bike,previouspage.co.uk,offline staging
EPH-0505,/lititzbmx-public-knowledge-register/records/EPH-0505/,https://article134-tech.github.io/lititzbmx-public-knowledge-register/records/EPH-0505/,records/EPH-0505/index.html,"noindex,nofollow",BMX Action Bike,previouspage.co.uk,offline staging
EPH-0506,/lititzbmx-public-knowledge-register/records/EPH-0506/,https://article134-tech.github.io/lititzbmx-public-knowledge-register/records/EPH-0506/,records/EPH-0506/index.html,"noindex,nofollow",BMX Action Bike,previouspage.co.uk,offline staging
EPH-0507,/lititzbmx-public-knowledge-register/records/EPH-0507/,https://article134-tech.github.io/lititzbmx-public-knowledge-register/records/EPH-0507/,records/EPH-0507/index.html,"noindex,nofollow",BMX Action Bike,previouspage.co.uk,offline staging
EPH-0508,/lititzbmx-public-knowledge-register/records/EPH-0508/,https://article134-tech.github.io/lititzbmx-public-knowledge-register/records/EPH-0508/,records/EPH-0508/index.html,"noindex,nofollow",BMX Action Bike,previouspage.co.uk,offline staging
EPH-0509,/lititzbmx-public-knowledge-register/records/EPH-0509/,https://article134-tech.github.io/lititzbmx-public-knowledge-register/records/EPH-0509/,records/EPH-0509/index.html,"noindex,nofollow",BMX Action Bike,previouspage.co.uk,offline staging
EPH-0510,/lititzbmx-public-knowledge-register/records/EPH-0510/,https://article134-tech.github.io/lititzbmx-public-knowledge-register/records/EPH-0510/,records/EPH-0510/index.html,"noindex,nofollow",BMX Action Bike,previouspage.co.uk,offline staging
EPH-0511,/lititzbmx-public-knowledge-register/records/EPH-0511/,https://article134-tech.github.io/lititzbmx-public-knowledge-register/records/EPH-0511/,records/EPH-0511/index.html,"noindex,nofollow",BMX Action Bike,previouspage.co.uk,offline staging
EPH-0512,/lititzbmx-public-knowledge-register/records/EPH-0512/,https://article134-tech.github.io/lititzbmx-public-knowledge-register/records/EPH-0512/,records/EPH-0512/index.html,"noindex,nofollow",BMX Action Bike,previouspage.co.uk,offline staging
EPH-0513,/lititzbmx-public-knowledge-register/records/EPH-0513/,https://article134-tech.github.io/lititzbmx-public-knowledge-register/records/EPH-0513/,records/EPH-0513/index.html,"noindex,nofollow",BMX Action Bike,previouspage.co.uk,offline staging
EPH-0514,/lititzbmx-public-knowledge-register/records/EPH-0514/,https://article134-tech.github.io/lititzbmx-public-knowledge-register/records/EPH-0514/,records/EPH-0514/index.html,"noindex,nofollow",BMX Action Bike,previouspage.co.uk,offline staging
EPH-0515,/lititzbmx-public-knowledge-register/records/EPH-0515/,https://article134-tech.github.io/lititzbmx-public-knowledge-register/records/EPH-0515/,records/EPH-0515/index.html,"noindex,nofollow",BMX Action Bike,previouspage.co.uk,offline staging
EPH-0516,/lititzbmx-public-knowledge-register/records/EPH-0516/,https://article134-tech.github.io/lititzbmx-public-knowledge-register/records/EPH-0516/,records/EPH-0516/index.html,"noindex,nofollow",BMX Action Bike,previouspage.co.uk,offline staging
EPH-0517,/lititzbmx-public-knowledge-register/records/EPH-0517/,https://article134-tech.github.io/lititzbmx-public-knowledge-register/records/EPH-0517/,records/EPH-0517/index.html,"noindex,nofollow",BMX Action Bike,previouspage.co.uk,offline staging
EPH-0518,/lititzbmx-public-knowledge-register/records/EPH-0518/,https://article134-tech.github.io/lititzbmx-public-knowledge-register/records/EPH-0518/,records/EPH-0518/index.html,"noindex,nofollow",BMX Action Bike,previouspage.co.uk,offline staging
EPH-0519,/lititzbmx-public-knowledge-register/records/EPH-0519/,https://article134-tech.github.io/lititzbmx-public-knowledge-register/records/EPH-0519/,records/EPH-0519/index.html,"noindex,nofollow",BMX Action Bike,previouspage.co.uk,offline staging
EPH-0520,/lititzbmx-public-knowledge-register/records/EPH-0520/,https://article134-tech.github.io/lititzbmx-public-knowledge-register/records/EPH-0520/,records/EPH-0520/index.html,"noindex,nofollow",BMX Action Bike,previouspage.co.uk,offline staging
EPH-0521,/lititzbmx-public-knowledge-register/records/EPH-0521/,https://article134-tech.github.io/lititzbmx-public-knowledge-register/records/EPH-0521/,records/EPH-0521/index.html,"noindex,nofollow",BMX Action Bike,previouspage.co.uk,offline staging
EPH-0522,/lititzbmx-public-knowledge-register/records/EPH-0522/,https://article134-tech.github.io/lititzbmx-public-knowledge-register/records/EPH-0522/,records/EPH-0522/index.html,"noindex,nofollow",BMX Action Bike,previouspage.co.uk,offline staging
EPH-0523,/lititzbmx-public-knowledge-register/records/EPH-0523/,https://article134-tech.github.io/lititzbmx-public-knowledge-register/records/EPH-0523/,records/EPH-0523/index.html,"noindex,nofollow",BMX Action Bike,previouspage.co.uk,offline staging
EPH-0524,/lititzbmx-public-knowledge-register/records/EPH-0524/,https://article134-tech.github.io/lititzbmx-public-knowledge-register/records/EPH-0524/,records/EPH-0524/index.html,"noindex,nofollow",BMX Action Bike,previouspage.co.uk,offline staging
EPH-0525,/lititzbmx-public-knowledge-register/records/EPH-0525/,https://article134-tech.github.io/lititzbmx-public-knowledge-register/records/EPH-0525/,records/EPH-0525/index.html,"noindex,nofollow",BMX Action Bike,previouspage.co.uk,offline staging
EPH-0526,/lititzbmx-public-knowledge-register/records/EPH-0526/,https://article134-tech.github.io/lititzbmx-public-knowledge-register/records/EPH-0526/,records/EPH-0526/index.html,"noindex,nofollow",BMX Action Bike,previouspage.co.uk,offline staging
EPH-0527,/lititzbmx-public-knowledge-register/records/EPH-0527/,https://article134-tech.github.io/lititzbmx-public-knowledge-register/records/EPH-0527/,records/EPH-0527/index.html,"noindex,nofollow",BMX Action Bike,previouspage.co.uk,offline staging
EPH-0528,/lititzbmx-public-knowledge-register/records/EPH-0528/,https://article134-tech.github.io/lititzbmx-public-knowledge-register/records/EPH-0528/,records/EPH-0528/index.html,"noindex,nofollow",BMX Action Bike,previouspage.co.uk,offline staging
EPH-0529,/lititzbmx-public-knowledge-register/records/EPH-0529/,https://article134-tech.github.io/lititzbmx-public-knowledge-register/records/EPH-0529/,records/EPH-0529/index.html,"noindex,nofollow",BMX Action Bike,previouspage.co.uk,offline staging
EPH-0530,/lititzbmx-public-knowledge-register/records/EPH-0530/,https://article134-tech.github.io/lititzbmx-public-knowledge-register/records/EPH-0530/,records/EPH-0530/index.html,"noindex,nofollow",BMX Action Bike,previouspage.co.uk,offline staging
EPH-0531,/lititzbmx-public-knowledge-register/records/EPH-0531/,https://article134-tech.github.io/lititzbmx-public-knowledge-register/records/EPH-0531/,records/EPH-0531/index.html,"noindex,nofollow",BMX Action Bike,previouspage.co.uk,offline staging
EPH-0532,/lititzbmx-public-knowledge-register/records/EPH-0532/,https://article134-tech.github.io/lititzbmx-public-knowledge-register/records/EPH-0532/,records/EPH-0532/index.html,"noindex,nofollow",BMX Action Bike,previouspage.co.uk,offline staging
EPH-0533,/lititzbmx-public-knowledge-register/records/EPH-0533/,https://article134-tech.github.io/lititzbmx-public-knowledge-register/records/EPH-0533/,records/EPH-0533/index.html,"noindex,nofollow",BMX Action Bike,previouspage.co.uk,offline staging
EPH-0534,/lititzbmx-public-knowledge-register/records/EPH-0534/,https://article134-tech.github.io/lititzbmx-public-knowledge-register/records/EPH-0534/,records/EPH-0534/index.html,"noindex,nofollow",BMX Action Bike,previouspage.co.uk,offline staging
EPH-0535,/lititzbmx-public-knowledge-register/records/EPH-0535/,https://article134-tech.github.io/lititzbmx-public-knowledge-register/records/EPH-0535/,records/EPH-0535/index.html,"noindex,nofollow",BMX Action Bike,previouspage.co.uk,offline staging
EPH-0536,/lititzbmx-public-knowledge-register/records/EPH-0536/,https://article134-tech.github.io/lititzbmx-public-knowledge-register/records/EPH-0536/,records/EPH-0536/index.html,"noindex,nofollow",BMX Action Bike,previouspage.co.uk,offline staging
EPH-0537,/lititzbmx-public-knowledge-register/records/EPH-0537/,https://article134-tech.github.io/lititzbmx-public-knowledge-register/records/EPH-0537/,records/EPH-0537/index.html,"noindex,nofollow",BMX Action Bike,previouspage.co.uk,offline staging
EPH-0538,/lititzbmx-public-knowledge-register/records/EPH-0538/,https://article134-tech.github.io/lititzbmx-public-knowledge-register/records/EPH-0538/,records/EPH-0538/index.html,"noindex,nofollow",BMX Action Bike,previouspage.co.uk,offline staging
EPH-0539,/lititzbmx-public-knowledge-register/records/EPH-0539/,https://article134-tech.github.io/lititzbmx-public-knowledge-register/records/EPH-0539/,records/EPH-0539/index.html,"noindex,nofollow",BMX Action Bike,previouspage.co.uk,offline staging
EPH-0540,/lititzbmx-public-knowledge-register/records/EPH-0540/,https://article134-tech.github.io/lititzbmx-public-knowledge-register/records/EPH-0540/,records/EPH-0540/index.html,"noindex,nofollow",BMX Action Bike,previouspage.co.uk,offline staging
EPH-0541,/lititzbmx-public-knowledge-register/records/EPH-0541/,https://article134-tech.github.io/lititzbmx-public-knowledge-register/records/EPH-0541/,records/EPH-0541/index.html,"noindex,nofollow",BMX Action Bike,previouspage.co.uk,offline staging
EPH-0542,/lititzbmx-public-knowledge-register/records/EPH-0542/,https://article134-tech.github.io/lititzbmx-public-knowledge-register/records/EPH-0542/,records/EPH-0542/index.html,"noindex,nofollow",BMX Action Bike,previouspage.co.uk,offline staging
EPH-0543,/lititzbmx-public-knowledge-register/records/EPH-0543/,https://article134-tech.github.io/lititzbmx-public-knowledge-register/records/EPH-0543/,records/EPH-0543/index.html,"noindex,nofollow",BMX Action Bike,previouspage.co.uk,offline staging
EPH-0544,/lititzbmx-public-knowledge-register/records/EPH-0544/,https://article134-tech.github.io/lititzbmx-public-knowledge-register/records/EPH-0544/,records/EPH-0544/index.html,"noindex,nofollow",BMX Action Bike,previouspage.co.uk,offline staging
EPH-0545,/lititzbmx-public-knowledge-register/records/EPH-0545/,https://article134-tech.github.io/lititzbmx-public-knowledge-register/records/EPH-0545/,records/EPH-0545/index.html,"noindex,nofollow",BMX Action Bike,previouspage.co.uk,offline staging
EPH-0546,/lititzbmx-public-knowledge-register/records/EPH-0546/,https://article134-tech.github.io/lititzbmx-public-knowledge-register/records/EPH-0546/,records/EPH-0546/index.html,"noindex,nofollow",BMX Action Bike,previouspage.co.uk,offline staging
EPH-0547,/lititzbmx-public-knowledge-register/records/EPH-0547/,https://article134-tech.github.io/lititzbmx-public-knowledge-register/records/EPH-0547/,records/EPH-0547/index.html,"noindex,nofollow",BMX Action Bike,previouspage.co.uk,offline staging
EPH-0548,/lititzbmx-public-knowledge-register/records/EPH-0548/,https://article134-tech.github.io/lititzbmx-public-knowledge-register/records/EPH-0548/,records/EPH-0548/index.html,"noindex,nofollow",BMX Action Bike,previouspage.co.uk,offline staging
EPH-0549,/lititzbmx-public-knowledge-register/records/EPH-0549/,https://article134-tech.github.io/lititzbmx-public-knowledge-register/records/EPH-0549/,records/EPH-0549/index.html,"noindex,nofollow",BMX Action Bike,previouspage.co.uk,offline staging
EPH-0550,/lititzbmx-public-knowledge-register/records/EPH-0550/,https://article134-tech.github.io/lititzbmx-public-knowledge-register/records/EPH-0550/,records/EPH-0550/index.html,"noindex,nofollow",BMX Action Bike,previouspage.co.uk,offline staging
EPH-0551,/lititzbmx-public-knowledge-register/records/EPH-0551/,https://article134-tech.github.io/lititzbmx-public-knowledge-register/records/EPH-0551/,records/EPH-0551/index.html,"noindex,nofollow",BMX Action Bike,previouspage.co.uk,offline staging
EPH-0552,/lititzbmx-public-knowledge-register/records/EPH-0552/,https://article134-tech.github.io/lititzbmx-public-knowledge-register/records/EPH-0552/,records/EPH-0552/index.html,"noindex,nofollow",BMX Action Bike,previouspage.co.uk,offline staging
EPH-0553,/lititzbmx-public-knowledge-register/records/EPH-0553/,https://article134-tech.github.io/lititzbmx-public-knowledge-register/records/EPH-0553/,records/EPH-0553/index.html,"noindex,nofollow",BMX Action Bike,previouspage.co.uk,offline staging
EPH-0554,/lititzbmx-public-knowledge-register/records/EPH-0554/,https://article134-tech.github.io/lititzbmx-public-knowledge-register/records/EPH-0554/,records/EPH-0554/index.html,"noindex,nofollow",BMX Action Bike,previouspage.co.uk,offline staging
EPH-0555,/lititzbmx-public-knowledge-register/records/EPH-0555/,https://article134-tech.github.io/lititzbmx-public-knowledge-register/records/EPH-0555/,records/EPH-0555/index.html,"noindex,nofollow",BMX Action Bike,previouspage.co.uk,offline staging
EPH-0556,/lititzbmx-public-knowledge-register/records/EPH-0556/,https://article134-tech.github.io/lititzbmx-public-knowledge-register/records/EPH-0556/,records/EPH-0556/index.html,"noindex,nofollow",BMX Action Bike,previouspage.co.uk,offline staging
EPH-0557,/lititzbmx-public-knowledge-register/records/EPH-0557/,https://article134-tech.github.io/lititzbmx-public-knowledge-register/records/EPH-0557/,records/EPH-0557/index.html,"noindex,nofollow",BMX Action Bike,previouspage.co.uk,offline staging
EPH-0558,/lititzbmx-public-knowledge-register/records/EPH-0558/,https://article134-tech.github.io/lititzbmx-public-knowledge-register/records/EPH-0558/,records/EPH-0558/index.html,"noindex,nofollow",BMX Action Bike,previouspage.co.uk,offline staging
EPH-0559,/lititzbmx-public-knowledge-register/records/EPH-0559/,https://article134-tech.github.io/lititzbmx-public-knowledge-register/records/EPH-0559/,records/EPH-0559/index.html,"noindex,nofollow",BMX Action Bike,previouspage.co.uk,offline staging
EPH-0560,/lititzbmx-public-knowledge-register/records/EPH-0560/,https://article134-tech.github.io/lititzbmx-public-knowledge-register/records/EPH-0560/,records/EPH-0560/index.html,"noindex,nofollow",BMX Action Bike,previouspage.co.uk,offline staging
EPH-0561,/lititzbmx-public-knowledge-register/records/EPH-0561/,https://article134-tech.github.io/lititzbmx-public-knowledge-register/records/EPH-0561/,records/EPH-0561/index.html,"noindex,nofollow",BMX Action Bike,previouspage.co.uk,offline staging
EPH-0562,/lititzbmx-public-knowledge-register/records/EPH-0562/,https://article134-tech.github.io/lititzbmx-public-knowledge-register/records/EPH-0562/,records/EPH-0562/index.html,"noindex,nofollow",BMX Action Bike,previouspage.co.uk,offline staging
EPH-0563,/lititzbmx-public-knowledge-register/records/EPH-0563/,https://article134-tech.github.io/lititzbmx-public-knowledge-register/records/EPH-0563/,records/EPH-0563/index.html,"noindex,nofollow",BMX Action Bike,previouspage.co.uk,offline staging
EPH-0564,/lititzbmx-public-knowledge-register/records/EPH-0564/,https://article134-tech.github.io/lititzbmx-public-knowledge-register/records/EPH-0564/,records/EPH-0564/index.html,"noindex,nofollow",BMX Action Bike,previouspage.co.uk,offline staging
EPH-0565,/lititzbmx-public-knowledge-register/records/EPH-0565/,https://article134-tech.github.io/lititzbmx-public-knowledge-register/records/EPH-0565/,records/EPH-0565/index.html,"noindex,nofollow",BMX Action Bike,previouspage.co.uk,offline staging
EPH-0566,/lititzbmx-public-knowledge-register/records/EPH-0566/,https://article134-tech.github.io/lititzbmx-public-knowledge-register/records/EPH-0566/,records/EPH-0566/index.html,"noindex,nofollow",BMX Action Bike,previouspage.co.uk,offline staging
EPH-0567,/lititzbmx-public-knowledge-register/records/EPH-0567/,https://article134-tech.github.io/lititzbmx-public-knowledge-register/records/EPH-0567/,records/EPH-0567/index.html,"noindex,nofollow",BMX Action Bike,previouspage.co.uk,offline staging
EPH-0568,/lititzbmx-public-knowledge-register/records/EPH-0568/,https://article134-tech.github.io/lititzbmx-public-knowledge-register/records/EPH-0568/,records/EPH-0568/index.html,"noindex,nofollow",BMX Action Bike,previouspage.co.uk,offline staging
EPH-0569,/lititzbmx-public-knowledge-register/records/EPH-0569/,https://article134-tech.github.io/lititzbmx-public-knowledge-register/records/EPH-0569/,records/EPH-0569/index.html,"noindex,nofollow",BMX Action Bike,previouspage.co.uk,offline staging
EPH-0570,/lititzbmx-public-knowledge-register/records/EPH-0570/,https://article134-tech.github.io/lititzbmx-public-knowledge-register/records/EPH-0570/,records/EPH-0570/index.html,"noindex,nofollow",BMX Action Bike,previouspage.co.uk,offline staging
EPH-0571,/lititzbmx-public-knowledge-register/records/EPH-0571/,https://article134-tech.github.io/lititzbmx-public-knowledge-register/records/EPH-0571/,records/EPH-0571/index.html,"noindex,nofollow",BMX Action Bike,previouspage.co.uk,offline staging
EPH-0572,/lititzbmx-public-knowledge-register/records/EPH-0572/,https://article134-tech.github.io/lititzbmx-public-knowledge-register/records/EPH-0572/,records/EPH-0572/index.html,"noindex,nofollow",BMX Action Bike,previouspage.co.uk,offline staging
EPH-0573,/lititzbmx-public-knowledge-register/records/EPH-0573/,https://article134-tech.github.io/lititzbmx-public-knowledge-register/records/EPH-0573/,records/EPH-0573/index.html,"noindex,nofollow",BMX Action Bike,previouspage.co.uk,offline staging
EPH-0574,/lititzbmx-public-knowledge-register/records/EPH-0574/,https://article134-tech.github.io/lititzbmx-public-knowledge-register/records/EPH-0574/,records/EPH-0574/index.html,"noindex,nofollow",BMX Action Bike,previouspage.co.uk,offline staging
EPH-0575,/lititzbmx-public-knowledge-register/records/EPH-0575/,https://article134-tech.github.io/lititzbmx-public-knowledge-register/records/EPH-0575/,records/EPH-0575/index.html,"noindex,nofollow",BMX Action Bike,previouspage.co.uk,offline staging
EPH-0576,/lititzbmx-public-knowledge-register/records/EPH-0576/,https://article134-tech.github.io/lititzbmx-public-knowledge-register/records/EPH-0576/,records/EPH-0576/index.html,"noindex,nofollow",BMX Action Bike,previouspage.co.uk,offline staging
EPH-0577,/lititzbmx-public-knowledge-register/records/EPH-0577/,https://article134-tech.github.io/lititzbmx-public-knowledge-register/records/EPH-0577/,records/EPH-0577/index.html,"noindex,nofollow",BMX Action Bike,previouspage.co.uk,offline staging
EPH-0578,/lititzbmx-public-knowledge-register/records/EPH-0578/,https://article134-tech.github.io/lititzbmx-public-knowledge-register/records/EPH-0578/,records/EPH-0578/index.html,"noindex,nofollow",BMX Action Bike,previouspage.co.uk,offline staging
EPH-0579,/lititzbmx-public-knowledge-register/records/EPH-0579/,https://article134-tech.github.io/lititzbmx-public-knowledge-register/records/EPH-0579/,records/EPH-0579/index.html,"noindex,nofollow",BMX Action Bike,previouspage.co.uk,offline staging
EPH-0580,/lititzbmx-public-knowledge-register/records/EPH-0580/,https://article134-tech.github.io/lititzbmx-public-knowledge-register/records/EPH-0580/,records/EPH-0580/index.html,"noindex,nofollow",BMX Action Bike,previouspage.co.uk,offline staging
EPH-0581,/lititzbmx-public-knowledge-register/records/EPH-0581/,https://article134-tech.github.io/lititzbmx-public-knowledge-register/records/EPH-0581/,records/EPH-0581/index.html,"noindex,nofollow",BMX Action Bike,previouspage.co.uk,offline staging
EPH-0582,/lititzbmx-public-knowledge-register/records/EPH-0582/,https://article134-tech.github.io/lititzbmx-public-knowledge-register/records/EPH-0582/,records/EPH-0582/index.html,"noindex,nofollow",BMX Action Bike,previouspage.co.uk,offline staging
EPH-0583,/lititzbmx-public-knowledge-register/records/EPH-0583/,https://article134-tech.github.io/lititzbmx-public-knowledge-register/records/EPH-0583/,records/EPH-0583/index.html,"noindex,nofollow",BMX Action Bike,previouspage.co.uk,offline staging
EPH-0584,/lititzbmx-public-knowledge-register/records/EPH-0584/,https://article134-tech.github.io/lititzbmx-public-knowledge-register/records/EPH-0584/,records/EPH-0584/index.html,"noindex,nofollow",BMX Action Bike,previouspage.co.uk,offline staging
EPH-0585,/lititzbmx-public-knowledge-register/records/EPH-0585/,https://article134-tech.github.io/lititzbmx-public-knowledge-register/records/EPH-0585/,records/EPH-0585/index.html,"noindex,nofollow",BMX Action Bike,previouspage.co.uk,offline staging
EPH-0586,/lititzbmx-public-knowledge-register/records/EPH-0586/,https://article134-tech.github.io/lititzbmx-public-knowledge-register/records/EPH-0586/,records/EPH-0586/index.html,"noindex,nofollow",BMX Action Bike,previouspage.co.uk,offline staging
EPH-0587,/lititzbmx-public-knowledge-register/records/EPH-0587/,https://article134-tech.github.io/lititzbmx-public-knowledge-register/records/EPH-0587/,records/EPH-0587/index.html,"noindex,nofollow",BMX Action Bike,previouspage.co.uk,offline staging
EPH-0588,/lititzbmx-public-knowledge-register/records/EPH-0588/,https://article134-tech.github.io/lititzbmx-public-knowledge-register/records/EPH-0588/,records/EPH-0588/index.html,"noindex,nofollow",BMX Action Bike,previouspage.co.uk,offline staging
EPH-0589,/lititzbmx-public-knowledge-register/records/EPH-0589/,https://article134-tech.github.io/lititzbmx-public-knowledge-register/records/EPH-0589/,records/EPH-0589/index.html,"noindex,nofollow",BMX Action Bike,previouspage.co.uk,offline staging
EPH-0590,/lititzbmx-public-knowledge-register/records/EPH-0590/,https://article134-tech.github.io/lititzbmx-public-knowledge-register/records/EPH-0590/,records/EPH-0590/index.html,"noindex,nofollow",BMX Action Bike,previouspage.co.uk,offline staging
EPH-0591,/lititzbmx-public-knowledge-register/records/EPH-0591/,https://article134-tech.github.io/lititzbmx-public-knowledge-register/records/EPH-0591/,records/EPH-0591/index.html,"noindex,nofollow",BMX Action Bike,previouspage.co.uk,offline staging
EPH-0592,/lititzbmx-public-knowledge-register/records/EPH-0592/,https://article134-tech.github.io/lititzbmx-public-knowledge-register/records/EPH-0592/,records/EPH-0592/index.html,"noindex,nofollow",BMX Action Bike,previouspage.co.uk,offline staging
EPH-0593,/lititzbmx-public-knowledge-register/records/EPH-0593/,https://article134-tech.github.io/lititzbmx-public-knowledge-register/records/EPH-0593/,records/EPH-0593/index.html,"noindex,nofollow",BMX Action Bike,previouspage.co.uk,offline staging
EPH-0594,/lititzbmx-public-knowledge-register/records/EPH-0594/,https://article134-tech.github.io/lititzbmx-public-knowledge-register/records/EPH-0594/,records/EPH-0594/index.html,"noindex,nofollow",BMX Action Bike,previouspage.co.uk,offline staging
EPH-0595,/lititzbmx-public-knowledge-register/records/EPH-0595/,https://article134-tech.github.io/lititzbmx-public-knowledge-register/records/EPH-0595/,records/EPH-0595/index.html,"noindex,nofollow",BMX Action Bike,previouspage.co.uk,offline staging
EPH-0596,/lititzbmx-public-knowledge-register/records/EPH-0596/,https://article134-tech.github.io/lititzbmx-public-knowledge-register/records/EPH-0596/,records/EPH-0596/index.html,"noindex,nofollow",BMX Action Bike,previouspage.co.uk,offline staging
EPH-0597,/lititzbmx-public-knowledge-register/records/EPH-0597/,https://article134-tech.github.io/lititzbmx-public-knowledge-register/records/EPH-0597/,records/EPH-0597/index.html,"noindex,nofollow",BMX Action Bike,previouspage.co.uk,offline staging
EPH-0598,/lititzbmx-public-knowledge-register/records/EPH-0598/,https://article134-tech.github.io/lititzbmx-public-knowledge-register/records/EPH-0598/,records/EPH-0598/index.html,"noindex,nofollow",BMX Action Bike,previouspage.co.uk,offline staging
EPH-0599,/lititzbmx-public-knowledge-register/records/EPH-0599/,https://article134-tech.github.io/lititzbmx-public-knowledge-register/records/EPH-0599/,records/EPH-0599/index.html,"noindex,nofollow",BMX Action Bike,previouspage.co.uk,offline staging
EPH-0600,/lititzbmx-public-knowledge-register/records/EPH-0600/,https://article134-tech.github.io/lititzbmx-public-knowledge-register/records/EPH-0600/,records/EPH-0600/index.html,"noindex,nofollow",BMX Action Bike,previouspage.co.uk,offline staging
EPH-0601,/lititzbmx-public-knowledge-register/records/EPH-0601/,https://article134-tech.github.io/lititzbmx-public-knowledge-register/records/EPH-0601/,records/EPH-0601/index.html,"noindex,nofollow",BMX Action Bike,previouspage.co.uk,offline staging
EPH-0602,/lititzbmx-public-knowledge-register/records/EPH-0602/,https://article134-tech.github.io/lititzbmx-public-knowledge-register/records/EPH-0602/,records/EPH-0602/index.html,"noindex,nofollow",BMX Action Bike,previouspage.co.uk,offline staging
EPH-0603,/lititzbmx-public-knowledge-register/records/EPH-0603/,https://article134-tech.github.io/lititzbmx-public-knowledge-register/records/EPH-0603/,records/EPH-0603/index.html,"noindex,nofollow",BMX Action Bike,previouspage.co.uk,offline staging
EPH-0604,/lititzbmx-public-knowledge-register/records/EPH-0604/,https://article134-tech.github.io/lititzbmx-public-knowledge-register/records/EPH-0604/,records/EPH-0604/index.html,"noindex,nofollow",BMX Action Bike,previouspage.co.uk,offline staging
EPH-0605,/lititzbmx-public-knowledge-register/records/EPH-0605/,https://article134-tech.github.io/lititzbmx-public-knowledge-register/records/EPH-0605/,records/EPH-0605/index.html,"noindex,nofollow",BMX Action Bike,previouspage.co.uk,offline staging
EPH-0606,/lititzbmx-public-knowledge-register/records/EPH-0606/,https://article134-tech.github.io/lititzbmx-public-knowledge-register/records/EPH-0606/,records/EPH-0606/index.html,"noindex,nofollow",BMX Action Bike,previouspage.co.uk,offline staging
EPH-0607,/lititzbmx-public-knowledge-register/records/EPH-0607/,https://article134-tech.github.io/lititzbmx-public-knowledge-register/records/EPH-0607/,records/EPH-0607/index.html,"noindex,nofollow",BMX Action Bike,previouspage.co.uk,offline staging
EPH-0608,/lititzbmx-public-knowledge-register/records/EPH-0608/,https://article134-tech.github.io/lititzbmx-public-knowledge-register/records/EPH-0608/,records/EPH-0608/index.html,"noindex,nofollow",BMX Action Bike,previouspage.co.uk,offline staging
EPH-0609,/lititzbmx-public-knowledge-register/records/EPH-0609/,https://article134-tech.github.io/lititzbmx-public-knowledge-register/records/EPH-0609/,records/EPH-0609/index.html,"noindex,nofollow",BMX Action Bike,previouspage.co.uk,offline staging
EPH-0610,/lititzbmx-public-knowledge-register/records/EPH-0610/,https://article134-tech.github.io/lititzbmx-public-knowledge-register/records/EPH-0610/,records/EPH-0610/index.html,"noindex,nofollow",BMX Action Bike,previouspage.co.uk,offline staging
EPH-0611,/lititzbmx-public-knowledge-register/records/EPH-0611/,https://article134-tech.github.io/lititzbmx-public-knowledge-register/records/EPH-0611/,records/EPH-0611/index.html,"noindex,nofollow",BMX Action Bike,previouspage.co.uk,offline staging
EPH-0612,/lititzbmx-public-knowledge-register/records/EPH-0612/,https://article134-tech.github.io/lititzbmx-public-knowledge-register/records/EPH-0612/,records/EPH-0612/index.html,"noindex,nofollow",BMX Action Bike,previouspage.co.uk,offline staging
EPH-0613,/lititzbmx-public-knowledge-register/records/EPH-0613/,https://article134-tech.github.io/lititzbmx-public-knowledge-register/records/EPH-0613/,records/EPH-0613/index.html,"noindex,nofollow",BMX Action Bike,previouspage.co.uk,offline staging
EPH-0614,/lititzbmx-public-knowledge-register/records/EPH-0614/,https://article134-tech.github.io/lititzbmx-public-knowledge-register/records/EPH-0614/,records/EPH-0614/index.html,"noindex,nofollow",BMX Action Bike,previouspage.co.uk,offline staging
EPH-0615,/lititzbmx-public-knowledge-register/records/EPH-0615/,https://article134-tech.github.io/lititzbmx-public-knowledge-register/records/EPH-0615/,records/EPH-0615/index.html,"noindex,nofollow",BMX Action Bike,previouspage.co.uk,offline staging
EPH-0616,/lititzbmx-public-knowledge-register/records/EPH-0616/,https://article134-tech.github.io/lititzbmx-public-knowledge-register/records/EPH-0616/,records/EPH-0616/index.html,"noindex,nofollow",BMX Action Bike,previouspage.co.uk,offline staging
EPH-0617,/lititzbmx-public-knowledge-register/records/EPH-0617/,https://article134-tech.github.io/lititzbmx-public-knowledge-register/records/EPH-0617/,records/EPH-0617/index.html,"noindex,nofollow",BMX Action Bike,previouspage.co.uk,offline staging
EPH-0618,/lititzbmx-public-knowledge-register/records/EPH-0618/,https://article134-tech.github.io/lititzbmx-public-knowledge-register/records/EPH-0618/,records/EPH-0618/index.html,"noindex,nofollow",BMX Action Bike,previouspage.co.uk,offline staging
EPH-0619,/lititzbmx-public-knowledge-register/records/EPH-0619/,https://article134-tech.github.io/lititzbmx-public-knowledge-register/records/EPH-0619/,records/EPH-0619/index.html,"noindex,nofollow",BMX Action Bike,previouspage.co.uk,offline staging
EPH-0620,/lititzbmx-public-knowledge-register/records/EPH-0620/,https://article134-tech.github.io/lititzbmx-public-knowledge-register/records/EPH-0620/,records/EPH-0620/index.html,"noindex,nofollow",BMX Action Bike,previouspage.co.uk,offline staging
EPH-0621,/lititzbmx-public-knowledge-register/records/EPH-0621/,https://article134-tech.github.io/lititzbmx-public-knowledge-register/records/EPH-0621/,records/EPH-0621/index.html,"noindex,nofollow",BMX Action Bike,previouspage.co.uk,offline staging
EPH-0622,/lititzbmx-public-knowledge-register/records/EPH-0622/,https://article134-tech.github.io/lititzbmx-public-knowledge-register/records/EPH-0622/,records/EPH-0622/index.html,"noindex,nofollow",BMX Action Bike,previouspage.co.uk,offline staging
EPH-0623,/lititzbmx-public-knowledge-register/records/EPH-0623/,https://article134-tech.github.io/lititzbmx-public-knowledge-register/records/EPH-0623/,records/EPH-0623/index.html,"noindex,nofollow",BMX Action Bike,previouspage.co.uk,offline staging
EPH-0624,/lititzbmx-public-knowledge-register/records/EPH-0624/,https://article134-tech.github.io/lititzbmx-public-knowledge-register/records/EPH-0624/,records/EPH-0624/index.html,"noindex,nofollow",BMX Action Bike,previouspage.co.uk,offline staging
EPH-0625,/lititzbmx-public-knowledge-register/records/EPH-0625/,https://article134-tech.github.io/lititzbmx-public-knowledge-register/records/EPH-0625/,records/EPH-0625/index.html,"noindex,nofollow",BMX Action Bike,previouspage.co.uk,offline staging
EPH-0626,/lititzbmx-public-knowledge-register/records/EPH-0626/,https://article134-tech.github.io/lititzbmx-public-knowledge-register/records/EPH-0626/,records/EPH-0626/index.html,"noindex,nofollow",BMX Action Bike,previouspage.co.uk,offline staging
EPH-0627,/lititzbmx-public-knowledge-register/records/EPH-0627/,https://article134-tech.github.io/lititzbmx-public-knowledge-register/records/EPH-0627/,records/EPH-0627/index.html,"noindex,nofollow",BMX Action Bike,previouspage.co.uk,offline staging
EPH-0628,/lititzbmx-public-knowledge-register/records/EPH-0628/,https://article134-tech.github.io/lititzbmx-public-knowledge-register/records/EPH-0628/,records/EPH-0628/index.html,"noindex,nofollow",BMX Action Bike,previouspage.co.uk,offline staging
EPH-0629,/lititzbmx-public-knowledge-register/records/EPH-0629/,https://article134-tech.github.io/lititzbmx-public-knowledge-register/records/EPH-0629/,records/EPH-0629/index.html,"noindex,nofollow",BMX Action Bike,previouspage.co.uk,offline staging
EPH-0630,/lititzbmx-public-knowledge-register/records/EPH-0630/,https://article134-tech.github.io/lititzbmx-public-knowledge-register/records/EPH-0630/,records/EPH-0630/index.html,"noindex,nofollow",BMX Action Bike,previouspage.co.uk,offline staging
EPH-0631,/lititzbmx-public-knowledge-register/records/EPH-0631/,https://article134-tech.github.io/lititzbmx-public-knowledge-register/records/EPH-0631/,records/EPH-0631/index.html,"noindex,nofollow",BMX Action Bike,previouspage.co.uk,offline staging
EPH-0632,/lititzbmx-public-knowledge-register/records/EPH-0632/,https://article134-tech.github.io/lititzbmx-public-knowledge-register/records/EPH-0632/,records/EPH-0632/index.html,"noindex,nofollow",BMX Action Bike,previouspage.co.uk,offline staging
EPH-0633,/lititzbmx-public-knowledge-register/records/EPH-0633/,https://article134-tech.github.io/lititzbmx-public-knowledge-register/records/EPH-0633/,records/EPH-0633/index.html,"noindex,nofollow",BMX Action Bike,previouspage.co.uk,offline staging
EPH-0634,/lititzbmx-public-knowledge-register/records/EPH-0634/,https://article134-tech.github.io/lititzbmx-public-knowledge-register/records/EPH-0634/,records/EPH-0634/index.html,"noindex,nofollow",BMX Action Bike,previouspage.co.uk,offline staging
EPH-0635,/lititzbmx-public-knowledge-register/records/EPH-0635/,https://article134-tech.github.io/lititzbmx-public-knowledge-register/records/EPH-0635/,records/EPH-0635/index.html,"noindex,nofollow",BMX Action Bike,previouspage.co.uk,offline staging
EPH-0636,/lititzbmx-public-knowledge-register/records/EPH-0636/,https://article134-tech.github.io/lititzbmx-public-knowledge-register/records/EPH-0636/,records/EPH-0636/index.html,"noindex,nofollow",BMX Action Bike,previouspage.co.uk,offline staging
EPH-0637,/lititzbmx-public-knowledge-register/records/EPH-0637/,https://article134-tech.github.io/lititzbmx-public-knowledge-register/records/EPH-0637/,records/EPH-0637/index.html,"noindex,nofollow",BMX Action Bike,previouspage.co.uk,offline staging
EPH-0638,/lititzbmx-public-knowledge-register/records/EPH-0638/,https://article134-tech.github.io/lititzbmx-public-knowledge-register/records/EPH-0638/,records/EPH-0638/index.html,"noindex,nofollow",BMX Action Bike,previouspage.co.uk,offline staging
EPH-0639,/lititzbmx-public-knowledge-register/records/EPH-0639/,https://article134-tech.github.io/lititzbmx-public-knowledge-register/records/EPH-0639/,records/EPH-0639/index.html,"noindex,nofollow",BMX Action Bike,previouspage.co.uk,offline staging
EPH-0640,/lititzbmx-public-knowledge-register/records/EPH-0640/,https://article134-tech.github.io/lititzbmx-public-knowledge-register/records/EPH-0640/,records/EPH-0640/index.html,"noindex,nofollow",BMX Action Bike,previouspage.co.uk,offline staging
EPH-0641,/lititzbmx-public-knowledge-register/records/EPH-0641/,https://article134-tech.github.io/lititzbmx-public-knowledge-register/records/EPH-0641/,records/EPH-0641/index.html,"noindex,nofollow",BMX Action Bike,previouspage.co.uk,offline staging
EPH-0642,/lititzbmx-public-knowledge-register/records/EPH-0642/,https://article134-tech.github.io/lititzbmx-public-knowledge-register/records/EPH-0642/,records/EPH-0642/index.html,"noindex,nofollow",BMX Action Bike,previouspage.co.uk,offline staging
EPH-0643,/lititzbmx-public-knowledge-register/records/EPH-0643/,https://article134-tech.github.io/lititzbmx-public-knowledge-register/records/EPH-0643/,records/EPH-0643/index.html,"noindex,nofollow",BMX Action Bike,previouspage.co.uk,offline staging
EPH-0644,/lititzbmx-public-knowledge-register/records/EPH-0644/,https://article134-tech.github.io/lititzbmx-public-knowledge-register/records/EPH-0644/,records/EPH-0644/index.html,"noindex,nofollow",BMX Action Bike,previouspage.co.uk,offline staging
EPH-0645,/lititzbmx-public-knowledge-register/records/EPH-0645/,https://article134-tech.github.io/lititzbmx-public-knowledge-register/records/EPH-0645/,records/EPH-0645/index.html,"noindex,nofollow",BMX Action Bike,previouspage.co.uk,offline staging
EPH-0646,/lititzbmx-public-knowledge-register/records/EPH-0646/,https://article134-tech.github.io/lititzbmx-public-knowledge-register/records/EPH-0646/,records/EPH-0646/index.html,"noindex,nofollow",BMX Action Bike,previouspage.co.uk,offline staging
EPH-0647,/lititzbmx-public-knowledge-register/records/EPH-0647/,https://article134-tech.github.io/lititzbmx-public-knowledge-register/records/EPH-0647/,records/EPH-0647/index.html,"noindex,nofollow",BMX Action Bike,previouspage.co.uk,offline staging
EPH-0648,/lititzbmx-public-knowledge-register/records/EPH-0648/,https://article134-tech.github.io/lititzbmx-public-knowledge-register/records/EPH-0648/,records/EPH-0648/index.html,"noindex,nofollow",BMX Action Bike,previouspage.co.uk,offline staging
EPH-0649,/lititzbmx-public-knowledge-register/records/EPH-0649/,https://article134-tech.github.io/lititzbmx-public-knowledge-register/records/EPH-0649/,records/EPH-0649/index.html,"noindex,nofollow",BMX Action Bike,previouspage.co.uk,offline staging
EPH-0650,/lititzbmx-public-knowledge-register/records/EPH-0650/,https://article134-tech.github.io/lititzbmx-public-knowledge-register/records/EPH-0650/,records/EPH-0650/index.html,"noindex,nofollow",BMX Action Bike,previouspage.co.uk,offline staging
EPH-0651,/lititzbmx-public-knowledge-register/records/EPH-0651/,https://article134-tech.github.io/lititzbmx-public-knowledge-register/records/EPH-0651/,records/EPH-0651/index.html,"noindex,nofollow",BMX Action Bike,previouspage.co.uk,offline staging
EPH-0652,/lititzbmx-public-knowledge-register/records/EPH-0652/,https://article134-tech.github.io/lititzbmx-public-knowledge-register/records/EPH-0652/,records/EPH-0652/index.html,"noindex,nofollow",BMX Action Bike,previouspage.co.uk,offline staging
EPH-0653,/lititzbmx-public-knowledge-register/records/EPH-0653/,https://article134-tech.github.io/lititzbmx-public-knowledge-register/records/EPH-0653/,records/EPH-0653/index.html,"noindex,nofollow",BMX Action Bike,previouspage.co.uk,offline staging
EPH-0654,/lititzbmx-public-knowledge-register/records/EPH-0654/,https://article134-tech.github.io/lititzbmx-public-knowledge-register/records/EPH-0654/,records/EPH-0654/index.html,"noindex,nofollow",BMX Action Bike,previouspage.co.uk,offline staging
EPH-0655,/lititzbmx-public-knowledge-register/records/EPH-0655/,https://article134-tech.github.io/lititzbmx-public-knowledge-register/records/EPH-0655/,records/EPH-0655/index.html,"noindex,nofollow",BMX Action Bike,previouspage.co.uk,offline staging
EPH-0656,/lititzbmx-public-knowledge-register/records/EPH-0656/,https://article134-tech.github.io/lititzbmx-public-knowledge-register/records/EPH-0656/,records/EPH-0656/index.html,"noindex,nofollow",BMX Action Bike,previouspage.co.uk,offline staging
EPH-0657,/lititzbmx-public-knowledge-register/records/EPH-0657/,https://article134-tech.github.io/lititzbmx-public-knowledge-register/records/EPH-0657/,records/EPH-0657/index.html,"noindex,nofollow",BMX Action Bike,previouspage.co.uk,offline staging
EPH-0658,/lititzbmx-public-knowledge-register/records/EPH-0658/,https://article134-tech.github.io/lititzbmx-public-knowledge-register/records/EPH-0658/,records/EPH-0658/index.html,"noindex,nofollow",BMX Action Bike,previouspage.co.uk,offline staging
EPH-0659,/lititzbmx-public-knowledge-register/records/EPH-0659/,https://article134-tech.github.io/lititzbmx-public-knowledge-register/records/EPH-0659/,records/EPH-0659/index.html,"noindex,nofollow",BMX Action Bike,previouspage.co.uk,offline staging
EPH-0660,/lititzbmx-public-knowledge-register/records/EPH-0660/,https://article134-tech.github.io/lititzbmx-public-knowledge-register/records/EPH-0660/,records/EPH-0660/index.html,"noindex,nofollow",BMX Action Bike,previouspage.co.uk,offline staging
EPH-0661,/lititzbmx-public-knowledge-register/records/EPH-0661/,https://article134-tech.github.io/lititzbmx-public-knowledge-register/records/EPH-0661/,records/EPH-0661/index.html,"noindex,nofollow",BMX Action Bike,previouspage.co.uk,offline staging
EPH-0662,/lititzbmx-public-knowledge-register/records/EPH-0662/,https://article134-tech.github.io/lititzbmx-public-knowledge-register/records/EPH-0662/,records/EPH-0662/index.html,"noindex,nofollow",BMX Action Bike,previouspage.co.uk,offline staging
EPH-0663,/lititzbmx-public-knowledge-register/records/EPH-0663/,https://article134-tech.github.io/lititzbmx-public-knowledge-register/records/EPH-0663/,records/EPH-0663/index.html,"noindex,nofollow",BMX Action Bike,previouspage.co.uk,offline staging
EPH-0664,/lititzbmx-public-knowledge-register/records/EPH-0664/,https://article134-tech.github.io/lititzbmx-public-knowledge-register/records/EPH-0664/,records/EPH-0664/index.html,"noindex,nofollow",BMX Action Bike,previouspage.co.uk,offline staging
EPH-0665,/lititzbmx-public-knowledge-register/records/EPH-0665/,https://article134-tech.github.io/lititzbmx-public-knowledge-register/records/EPH-0665/,records/EPH-0665/index.html,"noindex,nofollow",BMX Action Bike,previouspage.co.uk,offline staging
EPH-0666,/lititzbmx-public-knowledge-register/records/EPH-0666/,https://article134-tech.github.io/lititzbmx-public-knowledge-register/records/EPH-0666/,records/EPH-0666/index.html,"noindex,nofollow",BMX Action Bike,previouspage.co.uk,offline staging
EPH-0667,/lititzbmx-public-knowledge-register/records/EPH-0667/,https://article134-tech.github.io/lititzbmx-public-knowledge-register/records/EPH-0667/,records/EPH-0667/index.html,"noindex,nofollow",BMX Action Bike,previouspage.co.uk,offline staging
EPH-0668,/lititzbmx-public-knowledge-register/records/EPH-0668/,https://article134-tech.github.io/lititzbmx-public-knowledge-register/records/EPH-0668/,records/EPH-0668/index.html,"noindex,nofollow",BMX Action Bike,previouspage.co.uk,offline staging
EPH-0669,/lititzbmx-public-knowledge-register/records/EPH-0669/,https://article134-tech.github.io/lititzbmx-public-knowledge-register/records/EPH-0669/,records/EPH-0669/index.html,"noindex,nofollow",BMX Action Bike,previouspage.co.uk,offline staging
EPH-0670,/lititzbmx-public-knowledge-register/records/EPH-0670/,https://article134-tech.github.io/lititzbmx-public-knowledge-register/records/EPH-0670/,records/EPH-0670/index.html,"noindex,nofollow",BMX Action Bike,previouspage.co.uk,offline staging
EPH-0671,/lititzbmx-public-knowledge-register/records/EPH-0671/,https://article134-tech.github.io/lititzbmx-public-knowledge-register/records/EPH-0671/,records/EPH-0671/index.html,"noindex,nofollow",BMX Action Bike,previouspage.co.uk,offline staging
EPH-0672,/lititzbmx-public-knowledge-register/records/EPH-0672/,https://article134-tech.github.io/lititzbmx-public-knowledge-register/records/EPH-0672/,records/EPH-0672/index.html,"noindex,nofollow",BMX Action Bike,previouspage.co.uk,offline staging
EPH-0673,/lititzbmx-public-knowledge-register/records/EPH-0673/,https://article134-tech.github.io/lititzbmx-public-knowledge-register/records/EPH-0673/,records/EPH-0673/index.html,"noindex,nofollow",BMX Action Bike,previouspage.co.uk,offline staging
EPH-0674,/lititzbmx-public-knowledge-register/records/EPH-0674/,https://article134-tech.github.io/lititzbmx-public-knowledge-register/records/EPH-0674/,records/EPH-0674/index.html,"noindex,nofollow",BMX Action Bike,previouspage.co.uk,offline staging
EPH-0675,/lititzbmx-public-knowledge-register/records/EPH-0675/,https://article134-tech.github.io/lititzbmx-public-knowledge-register/records/EPH-0675/,records/EPH-0675/index.html,"noindex,nofollow",BMX Action Bike,previouspage.co.uk,offline staging
EPH-0676,/lititzbmx-public-knowledge-register/records/EPH-0676/,https://article134-tech.github.io/lititzbmx-public-knowledge-register/records/EPH-0676/,records/EPH-0676/index.html,"noindex,nofollow",BMX Action Bike,previouspage.co.uk,offline staging
EPH-0677,/lititzbmx-public-knowledge-register/records/EPH-0677/,https://article134-tech.github.io/lititzbmx-public-knowledge-register/records/EPH-0677/,records/EPH-0677/index.html,"noindex,nofollow",BMX Action Bike,previouspage.co.uk,offline staging
EPH-0678,/lititzbmx-public-knowledge-register/records/EPH-0678/,https://article134-tech.github.io/lititzbmx-public-knowledge-register/records/EPH-0678/,records/EPH-0678/index.html,"noindex,nofollow",BMX Action Bike,previouspage.co.uk,offline staging
EPH-0679,/lititzbmx-public-knowledge-register/records/EPH-0679/,https://article134-tech.github.io/lititzbmx-public-knowledge-register/records/EPH-0679/,records/EPH-0679/index.html,"noindex,nofollow",BMX Action Bike,previouspage.co.uk,offline staging
EPH-0680,/lititzbmx-public-knowledge-register/records/EPH-0680/,https://article134-tech.github.io/lititzbmx-public-knowledge-register/records/EPH-0680/,records/EPH-0680/index.html,"noindex,nofollow",BMX Action Bike,previouspage.co.uk,offline staging
EPH-0681,/lititzbmx-public-knowledge-register/records/EPH-0681/,https://article134-tech.github.io/lititzbmx-public-knowledge-register/records/EPH-0681/,records/EPH-0681/index.html,"noindex,nofollow",BMX Action Bike,previouspage.co.uk,offline staging
EPH-0682,/lititzbmx-public-knowledge-register/records/EPH-0682/,https://article134-tech.github.io/lititzbmx-public-knowledge-register/records/EPH-0682/,records/EPH-0682/index.html,"noindex,nofollow",BMX Action Bike,previouspage.co.uk,offline staging
EPH-0683,/lititzbmx-public-knowledge-register/records/EPH-0683/,https://article134-tech.github.io/lititzbmx-public-knowledge-register/records/EPH-0683/,records/EPH-0683/index.html,"noindex,nofollow",BMX Action Bike,previouspage.co.uk,offline staging
EPH-0684,/lititzbmx-public-knowledge-register/records/EPH-0684/,https://article134-tech.github.io/lititzbmx-public-knowledge-register/records/EPH-0684/,records/EPH-0684/index.html,"noindex,nofollow",BMX Action Bike,previouspage.co.uk,offline staging
EPH-0685,/lititzbmx-public-knowledge-register/records/EPH-0685/,https://article134-tech.github.io/lititzbmx-public-knowledge-register/records/EPH-0685/,records/EPH-0685/index.html,"noindex,nofollow",BMX Action Bike,previouspage.co.uk,offline staging
EPH-0686,/lititzbmx-public-knowledge-register/records/EPH-0686/,https://article134-tech.github.io/lititzbmx-public-knowledge-register/records/EPH-0686/,records/EPH-0686/index.html,"noindex,nofollow",BMX Action Bike,previouspage.co.uk,offline staging
EPH-0687,/lititzbmx-public-knowledge-register/records/EPH-0687/,https://article134-tech.github.io/lititzbmx-public-knowledge-register/records/EPH-0687/,records/EPH-0687/index.html,"noindex,nofollow",BMX Action Bike,previouspage.co.uk,offline staging
EPH-0688,/lititzbmx-public-knowledge-register/records/EPH-0688/,https://article134-tech.github.io/lititzbmx-public-knowledge-register/records/EPH-0688/,records/EPH-0688/index.html,"noindex,nofollow",BMX Action Bike,previouspage.co.uk,offline staging
EPH-0689,/lititzbmx-public-knowledge-register/records/EPH-0689/,https://article134-tech.github.io/lititzbmx-public-knowledge-register/records/EPH-0689/,records/EPH-0689/index.html,"noindex,nofollow",BMX Action Bike,previouspage.co.uk,offline staging
EPH-0690,/lititzbmx-public-knowledge-register/records/EPH-0690/,https://article134-tech.github.io/lititzbmx-public-knowledge-register/records/EPH-0690/,records/EPH-0690/index.html,"noindex,nofollow",BMX Action Bike,previouspage.co.uk,offline staging
EPH-0691,/lititzbmx-public-knowledge-register/records/EPH-0691/,https://article134-tech.github.io/lititzbmx-public-knowledge-register/records/EPH-0691/,records/EPH-0691/index.html,"noindex,nofollow",BMX Action Bike,previouspage.co.uk,offline staging
EPH-0692,/lititzbmx-public-knowledge-register/records/EPH-0692/,https://article134-tech.github.io/lititzbmx-public-knowledge-register/records/EPH-0692/,records/EPH-0692/index.html,"noindex,nofollow",BMX Action Bike,previouspage.co.uk,offline staging
EPH-0693,/lititzbmx-public-knowledge-register/records/EPH-0693/,https://article134-tech.github.io/lititzbmx-public-knowledge-register/records/EPH-0693/,records/EPH-0693/index.html,"noindex,nofollow",BMX Action Bike,previouspage.co.uk,offline staging
EPH-0694,/lititzbmx-public-knowledge-register/records/EPH-0694/,https://article134-tech.github.io/lititzbmx-public-knowledge-register/records/EPH-0694/,records/EPH-0694/index.html,"noindex,nofollow",BMX Action Bike,previouspage.co.uk,offline staging
EPH-0695,/lititzbmx-public-knowledge-register/records/EPH-0695/,https://article134-tech.github.io/lititzbmx-public-knowledge-register/records/EPH-0695/,records/EPH-0695/index.html,"noindex,nofollow",BMX Action Bike,previouspage.co.uk,offline staging
EPH-0696,/lititzbmx-public-knowledge-register/records/EPH-0696/,https://article134-tech.github.io/lititzbmx-public-knowledge-register/records/EPH-0696/,records/EPH-0696/index.html,"noindex,nofollow",BMX Action Bike,previouspage.co.uk,offline staging
EPH-0697,/lititzbmx-public-knowledge-register/records/EPH-0697/,https://article134-tech.github.io/lititzbmx-public-knowledge-register/records/EPH-0697/,records/EPH-0697/index.html,"noindex,nofollow",BMX Action Bike,previouspage.co.uk,offline staging
EPH-0698,/lititzbmx-public-knowledge-register/records/EPH-0698/,https://article134-tech.github.io/lititzbmx-public-knowledge-register/records/EPH-0698/,records/EPH-0698/index.html,"noindex,nofollow",BMX Action Bike,previouspage.co.uk,offline staging
EPH-0699,/lititzbmx-public-knowledge-register/records/EPH-0699/,https://article134-tech.github.io/lititzbmx-public-knowledge-register/records/EPH-0699/,records/EPH-0699/index.html,"noindex,nofollow",BMX Action Bike,previouspage.co.uk,offline staging
EPH-0700,/lititzbmx-public-knowledge-register/records/EPH-0700/,https://article134-tech.github.io/lititzbmx-public-knowledge-register/records/EPH-0700/,records/EPH-0700/index.html,"noindex,nofollow",BMX Action Bike,previouspage.co.uk,offline staging
EPH-0701,/lititzbmx-public-knowledge-register/records/EPH-0701/,https://article134-tech.github.io/lititzbmx-public-knowledge-register/records/EPH-0701/,records/EPH-0701/index.html,"noindex,nofollow",BMX Action Bike,previouspage.co.uk,offline staging
EPH-0702,/lititzbmx-public-knowledge-register/records/EPH-0702/,https://article134-tech.github.io/lititzbmx-public-knowledge-register/records/EPH-0702/,records/EPH-0702/index.html,"noindex,nofollow",BMX Action Bike,previouspage.co.uk,offline staging
EPH-0703,/lititzbmx-public-knowledge-register/records/EPH-0703/,https://article134-tech.github.io/lititzbmx-public-knowledge-register/records/EPH-0703/,records/EPH-0703/index.html,"noindex,nofollow",BMX Action Bike,previouspage.co.uk,offline staging
EPH-0704,/lititzbmx-public-knowledge-register/records/EPH-0704/,https://article134-tech.github.io/lititzbmx-public-knowledge-register/records/EPH-0704/,records/EPH-0704/index.html,"noindex,nofollow",BMX Action Bike,previouspage.co.uk,offline staging
EPH-0705,/lititzbmx-public-knowledge-register/records/EPH-0705/,https://article134-tech.github.io/lititzbmx-public-knowledge-register/records/EPH-0705/,records/EPH-0705/index.html,"noindex,nofollow",BMX Action Bike,previouspage.co.uk,offline staging
EPH-0706,/lititzbmx-public-knowledge-register/records/EPH-0706/,https://article134-tech.github.io/lititzbmx-public-knowledge-register/records/EPH-0706/,records/EPH-0706/index.html,"noindex,nofollow",BMX Action Bike,previouspage.co.uk,offline staging
EPH-0707,/lititzbmx-public-knowledge-register/records/EPH-0707/,https://article134-tech.github.io/lititzbmx-public-knowledge-register/records/EPH-0707/,records/EPH-0707/index.html,"noindex,nofollow",BMX Action Bike,previouspage.co.uk,offline staging
EPH-0708,/lititzbmx-public-knowledge-register/records/EPH-0708/,https://article134-tech.github.io/lititzbmx-public-knowledge-register/records/EPH-0708/,records/EPH-0708/index.html,"noindex,nofollow",BMX Action Bike,previouspage.co.uk,offline staging
EPH-0709,/lititzbmx-public-knowledge-register/records/EPH-0709/,https://article134-tech.github.io/lititzbmx-public-knowledge-register/records/EPH-0709/,records/EPH-0709/index.html,"noindex,nofollow",BMX Action Bike,previouspage.co.uk,offline staging
EPH-0710,/lititzbmx-public-knowledge-register/records/EPH-0710/,https://article134-tech.github.io/lititzbmx-public-knowledge-register/records/EPH-0710/,records/EPH-0710/index.html,"noindex,nofollow",BMX Action Bike,previouspage.co.uk,offline staging
EPH-0711,/lititzbmx-public-knowledge-register/records/EPH-0711/,https://article134-tech.github.io/lititzbmx-public-knowledge-register/records/EPH-0711/,records/EPH-0711/index.html,"noindex,nofollow",BMX Action Bike,previouspage.co.uk,offline staging
EPH-0712,/lititzbmx-public-knowledge-register/records/EPH-0712/,https://article134-tech.github.io/lititzbmx-public-knowledge-register/records/EPH-0712/,records/EPH-0712/index.html,"noindex,nofollow",BMX Action Bike,previouspage.co.uk,offline staging
EPH-0713,/lititzbmx-public-knowledge-register/records/EPH-0713/,https://article134-tech.github.io/lititzbmx-public-knowledge-register/records/EPH-0713/,records/EPH-0713/index.html,"noindex,nofollow",BMX Action Bike,previouspage.co.uk,offline staging
EPH-0714,/lititzbmx-public-knowledge-register/records/EPH-0714/,https://article134-tech.github.io/lititzbmx-public-knowledge-register/records/EPH-0714/,records/EPH-0714/index.html,"noindex,nofollow",BMX Action Bike,previouspage.co.uk,offline staging
EPH-0715,/lititzbmx-public-knowledge-register/records/EPH-0715/,https://article134-tech.github.io/lititzbmx-public-knowledge-register/records/EPH-0715/,records/EPH-0715/index.html,"noindex,nofollow",BMX Action Bike,previouspage.co.uk,offline staging
EPH-0716,/lititzbmx-public-knowledge-register/records/EPH-0716/,https://article134-tech.github.io/lititzbmx-public-knowledge-register/records/EPH-0716/,records/EPH-0716/index.html,"noindex,nofollow",BMX Action Bike,previouspage.co.uk,offline staging
EPH-0717,/lititzbmx-public-knowledge-register/records/EPH-0717/,https://article134-tech.github.io/lititzbmx-public-knowledge-register/records/EPH-0717/,records/EPH-0717/index.html,"noindex,nofollow",BMX Action Bike,previouspage.co.uk,offline staging
EPH-0718,/lititzbmx-public-knowledge-register/records/EPH-0718/,https://article134-tech.github.io/lititzbmx-public-knowledge-register/records/EPH-0718/,records/EPH-0718/index.html,"noindex,nofollow",BMX Action Bike,previouspage.co.uk,offline staging
EPH-0719,/lititzbmx-public-knowledge-register/records/EPH-0719/,https://article134-tech.github.io/lititzbmx-public-knowledge-register/records/EPH-0719/,records/EPH-0719/index.html,"noindex,nofollow",BMX Action Bike,previouspage.co.uk,offline staging
EPH-0720,/lititzbmx-public-knowledge-register/records/EPH-0720/,https://article134-tech.github.io/lititzbmx-public-knowledge-register/records/EPH-0720/,records/EPH-0720/index.html,"noindex,nofollow",BMX Action Bike,previouspage.co.uk,offline staging
EPH-0721,/lititzbmx-public-knowledge-register/records/EPH-0721/,https://article134-tech.github.io/lititzbmx-public-knowledge-register/records/EPH-0721/,records/EPH-0721/index.html,"noindex,nofollow",BMX Action Bike,previouspage.co.uk,offline staging
EPH-0722,/lititzbmx-public-knowledge-register/records/EPH-0722/,https://article134-tech.github.io/lititzbmx-public-knowledge-register/records/EPH-0722/,records/EPH-0722/index.html,"noindex,nofollow",BMX Action Bike,previouspage.co.uk,offline staging
EPH-0723,/lititzbmx-public-knowledge-register/records/EPH-0723/,https://article134-tech.github.io/lititzbmx-public-knowledge-register/records/EPH-0723/,records/EPH-0723/index.html,"noindex,nofollow",BMX Action Bike,previouspage.co.uk,offline staging
EPH-0724,/lititzbmx-public-knowledge-register/records/EPH-0724/,https://article134-tech.github.io/lititzbmx-public-knowledge-register/records/EPH-0724/,records/EPH-0724/index.html,"noindex,nofollow",BMX Action Bike,previouspage.co.uk,offline staging
EPH-0725,/lititzbmx-public-knowledge-register/records/EPH-0725/,https://article134-tech.github.io/lititzbmx-public-knowledge-register/records/EPH-0725/,records/EPH-0725/index.html,"noindex,nofollow",BMX Action Bike,previouspage.co.uk,offline staging
EPH-0726,/lititzbmx-public-knowledge-register/records/EPH-0726/,https://article134-tech.github.io/lititzbmx-public-knowledge-register/records/EPH-0726/,records/EPH-0726/index.html,"noindex,nofollow",BMX Action Bike,previouspage.co.uk,offline staging
EPH-0727,/lititzbmx-public-knowledge-register/records/EPH-0727/,https://article134-tech.github.io/lititzbmx-public-knowledge-register/records/EPH-0727/,records/EPH-0727/index.html,"noindex,nofollow",BMX Action Bike,previouspage.co.uk,offline staging
EPH-0728,/lititzbmx-public-knowledge-register/records/EPH-0728/,https://article134-tech.github.io/lititzbmx-public-knowledge-register/records/EPH-0728/,records/EPH-0728/index.html,"noindex,nofollow",BMX Action Bike,previouspage.co.uk,offline staging
EPH-0729,/lititzbmx-public-knowledge-register/records/EPH-0729/,https://article134-tech.github.io/lititzbmx-public-knowledge-register/records/EPH-0729/,records/EPH-0729/index.html,"noindex,nofollow",BMX Action Bike,previouspage.co.uk,offline staging
EPH-0730,/lititzbmx-public-knowledge-register/records/EPH-0730/,https://article134-tech.github.io/lititzbmx-public-knowledge-register/records/EPH-0730/,records/EPH-0730/index.html,"noindex,nofollow",BMX Action Bike,previouspage.co.uk,offline staging
EPH-0731,/lititzbmx-public-knowledge-register/records/EPH-0731/,https://article134-tech.github.io/lititzbmx-public-knowledge-register/records/EPH-0731/,records/EPH-0731/index.html,"noindex,nofollow",BMX Action Bike,previouspage.co.uk,offline staging
EPH-0732,/lititzbmx-public-knowledge-register/records/EPH-0732/,https://article134-tech.github.io/lititzbmx-public-knowledge-register/records/EPH-0732/,records/EPH-0732/index.html,"noindex,nofollow",BMX Action Bike,previouspage.co.uk,offline staging
EPH-0733,/lititzbmx-public-knowledge-register/records/EPH-0733/,https://article134-tech.github.io/lititzbmx-public-knowledge-register/records/EPH-0733/,records/EPH-0733/index.html,"noindex,nofollow",BMX Action Bike,previouspage.co.uk,offline staging
EPH-0734,/lititzbmx-public-knowledge-register/records/EPH-0734/,https://article134-tech.github.io/lititzbmx-public-knowledge-register/records/EPH-0734/,records/EPH-0734/index.html,"noindex,nofollow",BMX Action Bike,previouspage.co.uk,offline staging
EPH-0735,/lititzbmx-public-knowledge-register/records/EPH-0735/,https://article134-tech.github.io/lititzbmx-public-knowledge-register/records/EPH-0735/,records/EPH-0735/index.html,"noindex,nofollow",BMX Action Bike,previouspage.co.uk,offline staging
EPH-0736,/lititzbmx-public-knowledge-register/records/EPH-0736/,https://article134-tech.github.io/lititzbmx-public-knowledge-register/records/EPH-0736/,records/EPH-0736/index.html,"noindex,nofollow",BMX Action Bike,previouspage.co.uk,offline staging
EPH-0737,/lititzbmx-public-knowledge-register/records/EPH-0737/,https://article134-tech.github.io/lititzbmx-public-knowledge-register/records/EPH-0737/,records/EPH-0737/index.html,"noindex,nofollow",BMX Action Bike,previouspage.co.uk,offline staging
EPH-0738,/lititzbmx-public-knowledge-register/records/EPH-0738/,https://article134-tech.github.io/lititzbmx-public-knowledge-register/records/EPH-0738/,records/EPH-0738/index.html,"noindex,nofollow",BMX Action Bike,previouspage.co.uk,offline staging
EPH-0739,/lititzbmx-public-knowledge-register/records/EPH-0739/,https://article134-tech.github.io/lititzbmx-public-knowledge-register/records/EPH-0739/,records/EPH-0739/index.html,"noindex,nofollow",BMX Action Bike,previouspage.co.uk,offline staging
EPH-0740,/lititzbmx-public-knowledge-register/records/EPH-0740/,https://article134-tech.github.io/lititzbmx-public-knowledge-register/records/EPH-0740/,records/EPH-0740/index.html,"noindex,nofollow",BMX Action Bike,previouspage.co.uk,offline staging
EPH-0741,/lititzbmx-public-knowledge-register/records/EPH-0741/,https://article134-tech.github.io/lititzbmx-public-knowledge-register/records/EPH-0741/,records/EPH-0741/index.html,"noindex,nofollow",BMX Action Bike,previouspage.co.uk,offline staging
EPH-0742,/lititzbmx-public-knowledge-register/records/EPH-0742/,https://article134-tech.github.io/lititzbmx-public-knowledge-register/records/EPH-0742/,records/EPH-0742/index.html,"noindex,nofollow",BMX Action Bike,previouspage.co.uk,offline staging
EPH-0743,/lititzbmx-public-knowledge-register/records/EPH-0743/,https://article134-tech.github.io/lititzbmx-public-knowledge-register/records/EPH-0743/,records/EPH-0743/index.html,"noindex,nofollow",BMX Action Bike,previouspage.co.uk,offline staging
EPH-0744,/lititzbmx-public-knowledge-register/records/EPH-0744/,https://article134-tech.github.io/lititzbmx-public-knowledge-register/records/EPH-0744/,records/EPH-0744/index.html,"noindex,nofollow",BMX Action Bike,previouspage.co.uk,offline staging
EPH-0745,/lititzbmx-public-knowledge-register/records/EPH-0745/,https://article134-tech.github.io/lititzbmx-public-knowledge-register/records/EPH-0745/,records/EPH-0745/index.html,"noindex,nofollow",BMX Action Bike,previouspage.co.uk,offline staging
EPH-0746,/lititzbmx-public-knowledge-register/records/EPH-0746/,https://article134-tech.github.io/lititzbmx-public-knowledge-register/records/EPH-0746/,records/EPH-0746/index.html,"noindex,nofollow",BMX Action Bike,previouspage.co.uk,offline staging
EPH-0747,/lititzbmx-public-knowledge-register/records/EPH-0747/,https://article134-tech.github.io/lititzbmx-public-knowledge-register/records/EPH-0747/,records/EPH-0747/index.html,"noindex,nofollow",BMX Action Bike,previouspage.co.uk,offline staging
EPH-0748,/lititzbmx-public-knowledge-register/records/EPH-0748/,https://article134-tech.github.io/lititzbmx-public-knowledge-register/records/EPH-0748/,records/EPH-0748/index.html,"noindex,nofollow",BMX Action Bike,previouspage.co.uk,offline staging
EPH-0749,/lititzbmx-public-knowledge-register/records/EPH-0749/,https://article134-tech.github.io/lititzbmx-public-knowledge-register/records/EPH-0749/,records/EPH-0749/index.html,"noindex,nofollow",BMX Action Bike,previouspage.co.uk,offline staging
EPH-0750,/lititzbmx-public-knowledge-register/records/EPH-0750/,https://article134-tech.github.io/lititzbmx-public-knowledge-register/records/EPH-0750/,records/EPH-0750/index.html,"noindex,nofollow",BMX Action Bike,previouspage.co.uk,offline staging
EPH-0751,/lititzbmx-public-knowledge-register/records/EPH-0751/,https://article134-tech.github.io/lititzbmx-public-knowledge-register/records/EPH-0751/,records/EPH-0751/index.html,"noindex,nofollow",BMX Action Bike,previouspage.co.uk,offline staging
EPH-0752,/lititzbmx-public-knowledge-register/records/EPH-0752/,https://article134-tech.github.io/lititzbmx-public-knowledge-register/records/EPH-0752/,records/EPH-0752/index.html,"noindex,nofollow",BMX Action Bike,previouspage.co.uk,offline staging
EPH-0753,/lititzbmx-public-knowledge-register/records/EPH-0753/,https://article134-tech.github.io/lititzbmx-public-knowledge-register/records/EPH-0753/,records/EPH-0753/index.html,"noindex,nofollow",BMX Action Bike,previouspage.co.uk,offline staging
EPH-0754,/lititzbmx-public-knowledge-register/records/EPH-0754/,https://article134-tech.github.io/lititzbmx-public-knowledge-register/records/EPH-0754/,records/EPH-0754/index.html,"noindex,nofollow",BMX Action Bike,previouspage.co.uk,offline staging
EPH-0755,/lititzbmx-public-knowledge-register/records/EPH-0755/,https://article134-tech.github.io/lititzbmx-public-knowledge-register/records/EPH-0755/,records/EPH-0755/index.html,"noindex,nofollow",BMX Action Bike,previouspage.co.uk,offline staging
EPH-0756,/lititzbmx-public-knowledge-register/records/EPH-0756/,https://article134-tech.github.io/lititzbmx-public-knowledge-register/records/EPH-0756/,records/EPH-0756/index.html,"noindex,nofollow",BMX Action Bike,previouspage.co.uk,offline staging
EPH-0757,/lititzbmx-public-knowledge-register/records/EPH-0757/,https://article134-tech.github.io/lititzbmx-public-knowledge-register/records/EPH-0757/,records/EPH-0757/index.html,"noindex,nofollow",BMX Action Bike,previouspage.co.uk,offline staging
EPH-0758,/lititzbmx-public-knowledge-register/records/EPH-0758/,https://article134-tech.github.io/lititzbmx-public-knowledge-register/records/EPH-0758/,records/EPH-0758/index.html,"noindex,nofollow",BMX Action Bike,previouspage.co.uk,offline staging
EPH-0759,/lititzbmx-public-knowledge-register/records/EPH-0759/,https://article134-tech.github.io/lititzbmx-public-knowledge-register/records/EPH-0759/,records/EPH-0759/index.html,"noindex,nofollow",BMX Action Bike,previouspage.co.uk,offline staging
EPH-0760,/lititzbmx-public-knowledge-register/records/EPH-0760/,https://article134-tech.github.io/lititzbmx-public-knowledge-register/records/EPH-0760/,records/EPH-0760/index.html,"noindex,nofollow",BMX Action Bike,previouspage.co.uk,offline staging
EPH-0761,/lititzbmx-public-knowledge-register/records/EPH-0761/,https://article134-tech.github.io/lititzbmx-public-knowledge-register/records/EPH-0761/,records/EPH-0761/index.html,"noindex,nofollow",Bicross,previouspage.co.uk,offline staging
EPH-0762,/lititzbmx-public-knowledge-register/records/EPH-0762/,https://article134-tech.github.io/lititzbmx-public-knowledge-register/records/EPH-0762/,records/EPH-0762/index.html,"noindex,nofollow",Bicross,previouspage.co.uk,offline staging
EPH-0763,/lititzbmx-public-knowledge-register/records/EPH-0763/,https://article134-tech.github.io/lititzbmx-public-knowledge-register/records/EPH-0763/,records/EPH-0763/index.html,"noindex,nofollow",Bicross,previouspage.co.uk,offline staging
EPH-0764,/lititzbmx-public-knowledge-register/records/EPH-0764/,https://article134-tech.github.io/lititzbmx-public-knowledge-register/records/EPH-0764/,records/EPH-0764/index.html,"noindex,nofollow",Bicross,previouspage.co.uk,offline staging
EPH-0765,/lititzbmx-public-knowledge-register/records/EPH-0765/,https://article134-tech.github.io/lititzbmx-public-knowledge-register/records/EPH-0765/,records/EPH-0765/index.html,"noindex,nofollow",Bicross,previouspage.co.uk,offline staging
EPH-0766,/lititzbmx-public-knowledge-register/records/EPH-0766/,https://article134-tech.github.io/lititzbmx-public-knowledge-register/records/EPH-0766/,records/EPH-0766/index.html,"noindex,nofollow",Bicross,previouspage.co.uk,offline staging
EPH-0767,/lititzbmx-public-knowledge-register/records/EPH-0767/,https://article134-tech.github.io/lititzbmx-public-knowledge-register/records/EPH-0767/,records/EPH-0767/index.html,"noindex,nofollow",Bicross,previouspage.co.uk,offline staging
EPH-0768,/lititzbmx-public-knowledge-register/records/EPH-0768/,https://article134-tech.github.io/lititzbmx-public-knowledge-register/records/EPH-0768/,records/EPH-0768/index.html,"noindex,nofollow",Bicross,previouspage.co.uk,offline staging
EPH-0769,/lititzbmx-public-knowledge-register/records/EPH-0769/,https://article134-tech.github.io/lititzbmx-public-knowledge-register/records/EPH-0769/,records/EPH-0769/index.html,"noindex,nofollow",Bicross,previouspage.co.uk,offline staging
EPH-0770,/lititzbmx-public-knowledge-register/records/EPH-0770/,https://article134-tech.github.io/lititzbmx-public-knowledge-register/records/EPH-0770/,records/EPH-0770/index.html,"noindex,nofollow",Bicross,previouspage.co.uk,offline staging
EPH-0771,/lititzbmx-public-knowledge-register/records/EPH-0771/,https://article134-tech.github.io/lititzbmx-public-knowledge-register/records/EPH-0771/,records/EPH-0771/index.html,"noindex,nofollow",Bicross,previouspage.co.uk,offline staging
EPH-0772,/lititzbmx-public-knowledge-register/records/EPH-0772/,https://article134-tech.github.io/lititzbmx-public-knowledge-register/records/EPH-0772/,records/EPH-0772/index.html,"noindex,nofollow",Bicross,previouspage.co.uk,offline staging
EPH-0773,/lititzbmx-public-knowledge-register/records/EPH-0773/,https://article134-tech.github.io/lititzbmx-public-knowledge-register/records/EPH-0773/,records/EPH-0773/index.html,"noindex,nofollow",Bicross,previouspage.co.uk,offline staging
EPH-0774,/lititzbmx-public-knowledge-register/records/EPH-0774/,https://article134-tech.github.io/lititzbmx-public-knowledge-register/records/EPH-0774/,records/EPH-0774/index.html,"noindex,nofollow",Bicross,previouspage.co.uk,offline staging
EPH-0775,/lititzbmx-public-knowledge-register/records/EPH-0775/,https://article134-tech.github.io/lititzbmx-public-knowledge-register/records/EPH-0775/,records/EPH-0775/index.html,"noindex,nofollow",Bicross,previouspage.co.uk,offline staging
EPH-0776,/lititzbmx-public-knowledge-register/records/EPH-0776/,https://article134-tech.github.io/lititzbmx-public-knowledge-register/records/EPH-0776/,records/EPH-0776/index.html,"noindex,nofollow",Bicross,previouspage.co.uk,offline staging
EPH-0777,/lititzbmx-public-knowledge-register/records/EPH-0777/,https://article134-tech.github.io/lititzbmx-public-knowledge-register/records/EPH-0777/,records/EPH-0777/index.html,"noindex,nofollow",Bicross,previouspage.co.uk,offline staging
EPH-0778,/lititzbmx-public-knowledge-register/records/EPH-0778/,https://article134-tech.github.io/lititzbmx-public-knowledge-register/records/EPH-0778/,records/EPH-0778/index.html,"noindex,nofollow",Bicross,previouspage.co.uk,offline staging
EPH-0779,/lititzbmx-public-knowledge-register/records/EPH-0779/,https://article134-tech.github.io/lititzbmx-public-knowledge-register/records/EPH-0779/,records/EPH-0779/index.html,"noindex,nofollow",Bicross,previouspage.co.uk,offline staging
EPH-0780,/lititzbmx-public-knowledge-register/records/EPH-0780/,https://article134-tech.github.io/lititzbmx-public-knowledge-register/records/EPH-0780/,records/EPH-0780/index.html,"noindex,nofollow",Bicross,previouspage.co.uk,offline staging
EPH-0781,/lititzbmx-public-knowledge-register/records/EPH-0781/,https://article134-tech.github.io/lititzbmx-public-knowledge-register/records/EPH-0781/,records/EPH-0781/index.html,"noindex,nofollow",Bicross,previouspage.co.uk,offline staging
EPH-0782,/lititzbmx-public-knowledge-register/records/EPH-0782/,https://article134-tech.github.io/lititzbmx-public-knowledge-register/records/EPH-0782/,records/EPH-0782/index.html,"noindex,nofollow",Bicross,previouspage.co.uk,offline staging
EPH-0783,/lititzbmx-public-knowledge-register/records/EPH-0783/,https://article134-tech.github.io/lititzbmx-public-knowledge-register/records/EPH-0783/,records/EPH-0783/index.html,"noindex,nofollow",Bicross,previouspage.co.uk,offline staging
EPH-0784,/lititzbmx-public-knowledge-register/records/EPH-0784/,https://article134-tech.github.io/lititzbmx-public-knowledge-register/records/EPH-0784/,records/EPH-0784/index.html,"noindex,nofollow",Bicross,previouspage.co.uk,offline staging
EPH-0785,/lititzbmx-public-knowledge-register/records/EPH-0785/,https://article134-tech.github.io/lititzbmx-public-knowledge-register/records/EPH-0785/,records/EPH-0785/index.html,"noindex,nofollow",Bicross,previouspage.co.uk,offline staging
EPH-0786,/lititzbmx-public-knowledge-register/records/EPH-0786/,https://article134-tech.github.io/lititzbmx-public-knowledge-register/records/EPH-0786/,records/EPH-0786/index.html,"noindex,nofollow",Bicross,previouspage.co.uk,offline staging
EPH-0787,/lititzbmx-public-knowledge-register/records/EPH-0787/,https://article134-tech.github.io/lititzbmx-public-knowledge-register/records/EPH-0787/,records/EPH-0787/index.html,"noindex,nofollow",Bicross,previouspage.co.uk,offline staging
EPH-0788,/lititzbmx-public-knowledge-register/records/EPH-0788/,https://article134-tech.github.io/lititzbmx-public-knowledge-register/records/EPH-0788/,records/EPH-0788/index.html,"noindex,nofollow",Bicross,previouspage.co.uk,offline staging
EPH-0789,/lititzbmx-public-knowledge-register/records/EPH-0789/,https://article134-tech.github.io/lititzbmx-public-knowledge-register/records/EPH-0789/,records/EPH-0789/index.html,"noindex,nofollow",Bicross,previouspage.co.uk,offline staging
EPH-0790,/lititzbmx-public-knowledge-register/records/EPH-0790/,https://article134-tech.github.io/lititzbmx-public-knowledge-register/records/EPH-0790/,records/EPH-0790/index.html,"noindex,nofollow",Bicross,previouspage.co.uk,offline staging
EPH-0791,/lititzbmx-public-knowledge-register/records/EPH-0791/,https://article134-tech.github.io/lititzbmx-public-knowledge-register/records/EPH-0791/,records/EPH-0791/index.html,"noindex,nofollow",Bicross,previouspage.co.uk,offline staging
EPH-0792,/lititzbmx-public-knowledge-register/records/EPH-0792/,https://article134-tech.github.io/lititzbmx-public-knowledge-register/records/EPH-0792/,records/EPH-0792/index.html,"noindex,nofollow",Bicross,previouspage.co.uk,offline staging
EPH-0793,/lititzbmx-public-knowledge-register/records/EPH-0793/,https://article134-tech.github.io/lititzbmx-public-knowledge-register/records/EPH-0793/,records/EPH-0793/index.html,"noindex,nofollow",Bicross,previouspage.co.uk,offline staging
EPH-0794,/lititzbmx-public-knowledge-register/records/EPH-0794/,https://article134-tech.github.io/lititzbmx-public-knowledge-register/records/EPH-0794/,records/EPH-0794/index.html,"noindex,nofollow",Bicross,previouspage.co.uk,offline staging
EPH-0795,/lititzbmx-public-knowledge-register/records/EPH-0795/,https://article134-tech.github.io/lititzbmx-public-knowledge-register/records/EPH-0795/,records/EPH-0795/index.html,"noindex,nofollow",Bicross,previouspage.co.uk,offline staging
EPH-0796,/lititzbmx-public-knowledge-register/records/EPH-0796/,https://article134-tech.github.io/lititzbmx-public-knowledge-register/records/EPH-0796/,records/EPH-0796/index.html,"noindex,nofollow",Bicross,previouspage.co.uk,offline staging
EPH-0797,/lititzbmx-public-knowledge-register/records/EPH-0797/,https://article134-tech.github.io/lititzbmx-public-knowledge-register/records/EPH-0797/,records/EPH-0797/index.html,"noindex,nofollow",Bicross,previouspage.co.uk,offline staging
EPH-0798,/lititzbmx-public-knowledge-register/records/EPH-0798/,https://article134-tech.github.io/lititzbmx-public-knowledge-register/records/EPH-0798/,records/EPH-0798/index.html,"noindex,nofollow",Bicross,previouspage.co.uk,offline staging
EPH-0799,/lititzbmx-public-knowledge-register/records/EPH-0799/,https://article134-tech.github.io/lititzbmx-public-knowledge-register/records/EPH-0799/,records/EPH-0799/index.html,"noindex,nofollow",Bicross,previouspage.co.uk,offline staging
EPH-0800,/lititzbmx-public-knowledge-register/records/EPH-0800/,https://article134-tech.github.io/lititzbmx-public-knowledge-register/records/EPH-0800/,records/EPH-0800/index.html,"noindex,nofollow",Bicross,previouspage.co.uk,offline staging
EPH-0801,/lititzbmx-public-knowledge-register/records/EPH-0801/,https://article134-tech.github.io/lititzbmx-public-knowledge-register/records/EPH-0801/,records/EPH-0801/index.html,"noindex,nofollow",Bicross,previouspage.co.uk,offline staging
EPH-0802,/lititzbmx-public-knowledge-register/records/EPH-0802/,https://article134-tech.github.io/lititzbmx-public-knowledge-register/records/EPH-0802/,records/EPH-0802/index.html,"noindex,nofollow",Bicross,previouspage.co.uk,offline staging
EPH-0803,/lititzbmx-public-knowledge-register/records/EPH-0803/,https://article134-tech.github.io/lititzbmx-public-knowledge-register/records/EPH-0803/,records/EPH-0803/index.html,"noindex,nofollow",Bicross,previouspage.co.uk,offline staging
EPH-0804,/lititzbmx-public-knowledge-register/records/EPH-0804/,https://article134-tech.github.io/lititzbmx-public-knowledge-register/records/EPH-0804/,records/EPH-0804/index.html,"noindex,nofollow",Bicross,previouspage.co.uk,offline staging
EPH-0805,/lititzbmx-public-knowledge-register/records/EPH-0805/,https://article134-tech.github.io/lititzbmx-public-knowledge-register/records/EPH-0805/,records/EPH-0805/index.html,"noindex,nofollow",Bicross,previouspage.co.uk,offline staging
EPH-0806,/lititzbmx-public-knowledge-register/records/EPH-0806/,https://article134-tech.github.io/lititzbmx-public-knowledge-register/records/EPH-0806/,records/EPH-0806/index.html,"noindex,nofollow",Bicross,previouspage.co.uk,offline staging
EPH-0807,/lititzbmx-public-knowledge-register/records/EPH-0807/,https://article134-tech.github.io/lititzbmx-public-knowledge-register/records/EPH-0807/,records/EPH-0807/index.html,"noindex,nofollow",Bicross,previouspage.co.uk,offline staging
EPH-0808,/lititzbmx-public-knowledge-register/records/EPH-0808/,https://article134-tech.github.io/lititzbmx-public-knowledge-register/records/EPH-0808/,records/EPH-0808/index.html,"noindex,nofollow",Bicross,previouspage.co.uk,offline staging
EPH-0809,/lititzbmx-public-knowledge-register/records/EPH-0809/,https://article134-tech.github.io/lititzbmx-public-knowledge-register/records/EPH-0809/,records/EPH-0809/index.html,"noindex,nofollow",Bicross,previouspage.co.uk,offline staging
EPH-0810,/lititzbmx-public-knowledge-register/records/EPH-0810/,https://article134-tech.github.io/lititzbmx-public-knowledge-register/records/EPH-0810/,records/EPH-0810/index.html,"noindex,nofollow",Bicross,previouspage.co.uk,offline staging
EPH-0811,/lititzbmx-public-knowledge-register/records/EPH-0811/,https://article134-tech.github.io/lititzbmx-public-knowledge-register/records/EPH-0811/,records/EPH-0811/index.html,"noindex,nofollow",Bicross,previouspage.co.uk,offline staging
EPH-0812,/lititzbmx-public-knowledge-register/records/EPH-0812/,https://article134-tech.github.io/lititzbmx-public-knowledge-register/records/EPH-0812/,records/EPH-0812/index.html,"noindex,nofollow",Bicross,previouspage.co.uk,offline staging
EPH-0813,/lititzbmx-public-knowledge-register/records/EPH-0813/,https://article134-tech.github.io/lititzbmx-public-knowledge-register/records/EPH-0813/,records/EPH-0813/index.html,"noindex,nofollow",Bicross,previouspage.co.uk,offline staging
EPH-0814,/lititzbmx-public-knowledge-register/records/EPH-0814/,https://article134-tech.github.io/lititzbmx-public-knowledge-register/records/EPH-0814/,records/EPH-0814/index.html,"noindex,nofollow",Bicross,previouspage.co.uk,offline staging
EPH-0815,/lititzbmx-public-knowledge-register/records/EPH-0815/,https://article134-tech.github.io/lititzbmx-public-knowledge-register/records/EPH-0815/,records/EPH-0815/index.html,"noindex,nofollow",Bicross,previouspage.co.uk,offline staging
EPH-0816,/lititzbmx-public-knowledge-register/records/EPH-0816/,https://article134-tech.github.io/lititzbmx-public-knowledge-register/records/EPH-0816/,records/EPH-0816/index.html,"noindex,nofollow",Bicross,previouspage.co.uk,offline staging
EPH-0817,/lititzbmx-public-knowledge-register/records/EPH-0817/,https://article134-tech.github.io/lititzbmx-public-knowledge-register/records/EPH-0817/,records/EPH-0817/index.html,"noindex,nofollow",Bicross,previouspage.co.uk,offline staging
EPH-0818,/lititzbmx-public-knowledge-register/records/EPH-0818/,https://article134-tech.github.io/lititzbmx-public-knowledge-register/records/EPH-0818/,records/EPH-0818/index.html,"noindex,nofollow",Bicross,previouspage.co.uk,offline staging
EPH-0819,/lititzbmx-public-knowledge-register/records/EPH-0819/,https://article134-tech.github.io/lititzbmx-public-knowledge-register/records/EPH-0819/,records/EPH-0819/index.html,"noindex,nofollow",Bicross,previouspage.co.uk,offline staging
EPH-0820,/lititzbmx-public-knowledge-register/records/EPH-0820/,https://article134-tech.github.io/lititzbmx-public-knowledge-register/records/EPH-0820/,records/EPH-0820/index.html,"noindex,nofollow",Bicross,previouspage.co.uk,offline staging
EPH-0821,/lititzbmx-public-knowledge-register/records/EPH-0821/,https://article134-tech.github.io/lititzbmx-public-knowledge-register/records/EPH-0821/,records/EPH-0821/index.html,"noindex,nofollow",Bicross,previouspage.co.uk,offline staging
EPH-0822,/lititzbmx-public-knowledge-register/records/EPH-0822/,https://article134-tech.github.io/lititzbmx-public-knowledge-register/records/EPH-0822/,records/EPH-0822/index.html,"noindex,nofollow",Bicross,previouspage.co.uk,offline staging
EPH-0823,/lititzbmx-public-knowledge-register/records/EPH-0823/,https://article134-tech.github.io/lititzbmx-public-knowledge-register/records/EPH-0823/,records/EPH-0823/index.html,"noindex,nofollow",Bicross,previouspage.co.uk,offline staging
EPH-0824,/lititzbmx-public-knowledge-register/records/EPH-0824/,https://article134-tech.github.io/lititzbmx-public-knowledge-register/records/EPH-0824/,records/EPH-0824/index.html,"noindex,nofollow",Bicross,previouspage.co.uk,offline staging
EPH-0825,/lititzbmx-public-knowledge-register/records/EPH-0825/,https://article134-tech.github.io/lititzbmx-public-knowledge-register/records/EPH-0825/,records/EPH-0825/index.html,"noindex,nofollow",Bicross,previouspage.co.uk,offline staging
EPH-0826,/lititzbmx-public-knowledge-register/records/EPH-0826/,https://article134-tech.github.io/lititzbmx-public-knowledge-register/records/EPH-0826/,records/EPH-0826/index.html,"noindex,nofollow",Bicross,previouspage.co.uk,offline staging
EPH-0827,/lititzbmx-public-knowledge-register/records/EPH-0827/,https://article134-tech.github.io/lititzbmx-public-knowledge-register/records/EPH-0827/,records/EPH-0827/index.html,"noindex,nofollow",Bicross,previouspage.co.uk,offline staging
EPH-0828,/lititzbmx-public-knowledge-register/records/EPH-0828/,https://article134-tech.github.io/lititzbmx-public-knowledge-register/records/EPH-0828/,records/EPH-0828/index.html,"noindex,nofollow",Bicross,previouspage.co.uk,offline staging
EPH-0829,/lititzbmx-public-knowledge-register/records/EPH-0829/,https://article134-tech.github.io/lititzbmx-public-knowledge-register/records/EPH-0829/,records/EPH-0829/index.html,"noindex,nofollow",Bicross,previouspage.co.uk,offline staging
EPH-0830,/lititzbmx-public-knowledge-register/records/EPH-0830/,https://article134-tech.github.io/lititzbmx-public-knowledge-register/records/EPH-0830/,records/EPH-0830/index.html,"noindex,nofollow",Bicross,previouspage.co.uk,offline staging
EPH-0831,/lititzbmx-public-knowledge-register/records/EPH-0831/,https://article134-tech.github.io/lititzbmx-public-knowledge-register/records/EPH-0831/,records/EPH-0831/index.html,"noindex,nofollow",Bicross,previouspage.co.uk,offline staging
EPH-0832,/lititzbmx-public-knowledge-register/records/EPH-0832/,https://article134-tech.github.io/lititzbmx-public-knowledge-register/records/EPH-0832/,records/EPH-0832/index.html,"noindex,nofollow",Bicross,previouspage.co.uk,offline staging
EPH-0833,/lititzbmx-public-knowledge-register/records/EPH-0833/,https://article134-tech.github.io/lititzbmx-public-knowledge-register/records/EPH-0833/,records/EPH-0833/index.html,"noindex,nofollow",Bicross,previouspage.co.uk,offline staging
EPH-0834,/lititzbmx-public-knowledge-register/records/EPH-0834/,https://article134-tech.github.io/lititzbmx-public-knowledge-register/records/EPH-0834/,records/EPH-0834/index.html,"noindex,nofollow",Bicross,previouspage.co.uk,offline staging
EPH-0835,/lititzbmx-public-knowledge-register/records/EPH-0835/,https://article134-tech.github.io/lititzbmx-public-knowledge-register/records/EPH-0835/,records/EPH-0835/index.html,"noindex,nofollow",Bicross,previouspage.co.uk,offline staging
EPH-0836,/lititzbmx-public-knowledge-register/records/EPH-0836/,https://article134-tech.github.io/lititzbmx-public-knowledge-register/records/EPH-0836/,records/EPH-0836/index.html,"noindex,nofollow",Bicross,previouspage.co.uk,offline staging
EPH-0837,/lititzbmx-public-knowledge-register/records/EPH-0837/,https://article134-tech.github.io/lititzbmx-public-knowledge-register/records/EPH-0837/,records/EPH-0837/index.html,"noindex,nofollow",Bicross,previouspage.co.uk,offline staging
EPH-0838,/lititzbmx-public-knowledge-register/records/EPH-0838/,https://article134-tech.github.io/lititzbmx-public-knowledge-register/records/EPH-0838/,records/EPH-0838/index.html,"noindex,nofollow",Bicross,previouspage.co.uk,offline staging
EPH-0839,/lititzbmx-public-knowledge-register/records/EPH-0839/,https://article134-tech.github.io/lititzbmx-public-knowledge-register/records/EPH-0839/,records/EPH-0839/index.html,"noindex,nofollow",Bicross,previouspage.co.uk,offline staging
EPH-0840,/lititzbmx-public-knowledge-register/records/EPH-0840/,https://article134-tech.github.io/lititzbmx-public-knowledge-register/records/EPH-0840/,records/EPH-0840/index.html,"noindex,nofollow",Bicross,previouspage.co.uk,offline staging
EPH-0841,/lititzbmx-public-knowledge-register/records/EPH-0841/,https://article134-tech.github.io/lititzbmx-public-knowledge-register/records/EPH-0841/,records/EPH-0841/index.html,"noindex,nofollow",Bicross,previouspage.co.uk,offline staging
EPH-0842,/lititzbmx-public-knowledge-register/records/EPH-0842/,https://article134-tech.github.io/lititzbmx-public-knowledge-register/records/EPH-0842/,records/EPH-0842/index.html,"noindex,nofollow",Bicross,previouspage.co.uk,offline staging
EPH-0843,/lititzbmx-public-knowledge-register/records/EPH-0843/,https://article134-tech.github.io/lititzbmx-public-knowledge-register/records/EPH-0843/,records/EPH-0843/index.html,"noindex,nofollow",Bicross,previouspage.co.uk,offline staging
EPH-0844,/lititzbmx-public-knowledge-register/records/EPH-0844/,https://article134-tech.github.io/lititzbmx-public-knowledge-register/records/EPH-0844/,records/EPH-0844/index.html,"noindex,nofollow",Bicross,previouspage.co.uk,offline staging
EPH-0845,/lititzbmx-public-knowledge-register/records/EPH-0845/,https://article134-tech.github.io/lititzbmx-public-knowledge-register/records/EPH-0845/,records/EPH-0845/index.html,"noindex,nofollow",Bicross,previouspage.co.uk,offline staging
EPH-0846,/lititzbmx-public-knowledge-register/records/EPH-0846/,https://article134-tech.github.io/lititzbmx-public-knowledge-register/records/EPH-0846/,records/EPH-0846/index.html,"noindex,nofollow",Bicross,previouspage.co.uk,offline staging
EPH-0847,/lititzbmx-public-knowledge-register/records/EPH-0847/,https://article134-tech.github.io/lititzbmx-public-knowledge-register/records/EPH-0847/,records/EPH-0847/index.html,"noindex,nofollow",Bicross,previouspage.co.uk,offline staging
EPH-0848,/lititzbmx-public-knowledge-register/records/EPH-0848/,https://article134-tech.github.io/lititzbmx-public-knowledge-register/records/EPH-0848/,records/EPH-0848/index.html,"noindex,nofollow",Bicross,previouspage.co.uk,offline staging
EPH-0849,/lititzbmx-public-knowledge-register/records/EPH-0849/,https://article134-tech.github.io/lititzbmx-public-knowledge-register/records/EPH-0849/,records/EPH-0849/index.html,"noindex,nofollow",Bicross,previouspage.co.uk,offline staging
EPH-0850,/lititzbmx-public-knowledge-register/records/EPH-0850/,https://article134-tech.github.io/lititzbmx-public-knowledge-register/records/EPH-0850/,records/EPH-0850/index.html,"noindex,nofollow",Bicross,previouspage.co.uk,offline staging
EPH-0851,/lititzbmx-public-knowledge-register/records/EPH-0851/,https://article134-tech.github.io/lititzbmx-public-knowledge-register/records/EPH-0851/,records/EPH-0851/index.html,"noindex,nofollow",Bicross,previouspage.co.uk,offline staging
EPH-0852,/lititzbmx-public-knowledge-register/records/EPH-0852/,https://article134-tech.github.io/lititzbmx-public-knowledge-register/records/EPH-0852/,records/EPH-0852/index.html,"noindex,nofollow",Bicross,previouspage.co.uk,offline staging
EPH-0853,/lititzbmx-public-knowledge-register/records/EPH-0853/,https://article134-tech.github.io/lititzbmx-public-knowledge-register/records/EPH-0853/,records/EPH-0853/index.html,"noindex,nofollow",Bicross,previouspage.co.uk,offline staging
EPH-0854,/lititzbmx-public-knowledge-register/records/EPH-0854/,https://article134-tech.github.io/lititzbmx-public-knowledge-register/records/EPH-0854/,records/EPH-0854/index.html,"noindex,nofollow",Bicross,previouspage.co.uk,offline staging
EPH-0855,/lititzbmx-public-knowledge-register/records/EPH-0855/,https://article134-tech.github.io/lititzbmx-public-knowledge-register/records/EPH-0855/,records/EPH-0855/index.html,"noindex,nofollow",Bicross,previouspage.co.uk,offline staging
EPH-0856,/lititzbmx-public-knowledge-register/records/EPH-0856/,https://article134-tech.github.io/lititzbmx-public-knowledge-register/records/EPH-0856/,records/EPH-0856/index.html,"noindex,nofollow",Bicross,previouspage.co.uk,offline staging
EPH-0857,/lititzbmx-public-knowledge-register/records/EPH-0857/,https://article134-tech.github.io/lititzbmx-public-knowledge-register/records/EPH-0857/,records/EPH-0857/index.html,"noindex,nofollow",Bicross,previouspage.co.uk,offline staging
EPH-0858,/lititzbmx-public-knowledge-register/records/EPH-0858/,https://article134-tech.github.io/lititzbmx-public-knowledge-register/records/EPH-0858/,records/EPH-0858/index.html,"noindex,nofollow",Bicross,previouspage.co.uk,offline staging
EPH-0859,/lititzbmx-public-knowledge-register/records/EPH-0859/,https://article134-tech.github.io/lititzbmx-public-knowledge-register/records/EPH-0859/,records/EPH-0859/index.html,"noindex,nofollow",Bicross,previouspage.co.uk,offline staging
EPH-0860,/lititzbmx-public-knowledge-register/records/EPH-0860/,https://article134-tech.github.io/lititzbmx-public-knowledge-register/records/EPH-0860/,records/EPH-0860/index.html,"noindex,nofollow",Bicross,previouspage.co.uk,offline staging
EPH-0861,/lititzbmx-public-knowledge-register/records/EPH-0861/,https://article134-tech.github.io/lititzbmx-public-knowledge-register/records/EPH-0861/,records/EPH-0861/index.html,"noindex,nofollow",Bicross,previouspage.co.uk,offline staging
EPH-0862,/lititzbmx-public-knowledge-register/records/EPH-0862/,https://article134-tech.github.io/lititzbmx-public-knowledge-register/records/EPH-0862/,records/EPH-0862/index.html,"noindex,nofollow",Bicross,previouspage.co.uk,offline staging
EPH-0863,/lititzbmx-public-knowledge-register/records/EPH-0863/,https://article134-tech.github.io/lititzbmx-public-knowledge-register/records/EPH-0863/,records/EPH-0863/index.html,"noindex,nofollow",Bicross,previouspage.co.uk,offline staging
EPH-0864,/lititzbmx-public-knowledge-register/records/EPH-0864/,https://article134-tech.github.io/lititzbmx-public-knowledge-register/records/EPH-0864/,records/EPH-0864/index.html,"noindex,nofollow",Bicross,previouspage.co.uk,offline staging
EPH-0865,/lititzbmx-public-knowledge-register/records/EPH-0865/,https://article134-tech.github.io/lititzbmx-public-knowledge-register/records/EPH-0865/,records/EPH-0865/index.html,"noindex,nofollow",Bicross,previouspage.co.uk,offline staging
EPH-0866,/lititzbmx-public-knowledge-register/records/EPH-0866/,https://article134-tech.github.io/lititzbmx-public-knowledge-register/records/EPH-0866/,records/EPH-0866/index.html,"noindex,nofollow",Bicross,previouspage.co.uk,offline staging
EPH-0867,/lititzbmx-public-knowledge-register/records/EPH-0867/,https://article134-tech.github.io/lititzbmx-public-knowledge-register/records/EPH-0867/,records/EPH-0867/index.html,"noindex,nofollow",Bicross,previouspage.co.uk,offline staging
EPH-0868,/lititzbmx-public-knowledge-register/records/EPH-0868/,https://article134-tech.github.io/lititzbmx-public-knowledge-register/records/EPH-0868/,records/EPH-0868/index.html,"noindex,nofollow",Bicross,previouspage.co.uk,offline staging
EPH-0869,/lititzbmx-public-knowledge-register/records/EPH-0869/,https://article134-tech.github.io/lititzbmx-public-knowledge-register/records/EPH-0869/,records/EPH-0869/index.html,"noindex,nofollow",Bicross,previouspage.co.uk,offline staging
EPH-0870,/lititzbmx-public-knowledge-register/records/EPH-0870/,https://article134-tech.github.io/lititzbmx-public-knowledge-register/records/EPH-0870/,records/EPH-0870/index.html,"noindex,nofollow",Bicross,previouspage.co.uk,offline staging
EPH-0871,/lititzbmx-public-knowledge-register/records/EPH-0871/,https://article134-tech.github.io/lititzbmx-public-knowledge-register/records/EPH-0871/,records/EPH-0871/index.html,"noindex,nofollow",Bicross,previouspage.co.uk,offline staging
EPH-0872,/lititzbmx-public-knowledge-register/records/EPH-0872/,https://article134-tech.github.io/lititzbmx-public-knowledge-register/records/EPH-0872/,records/EPH-0872/index.html,"noindex,nofollow",Bicross,previouspage.co.uk,offline staging
EPH-0873,/lititzbmx-public-knowledge-register/records/EPH-0873/,https://article134-tech.github.io/lititzbmx-public-knowledge-register/records/EPH-0873/,records/EPH-0873/index.html,"noindex,nofollow",Bicross,previouspage.co.uk,offline staging
EPH-0874,/lititzbmx-public-knowledge-register/records/EPH-0874/,https://article134-tech.github.io/lititzbmx-public-knowledge-register/records/EPH-0874/,records/EPH-0874/index.html,"noindex,nofollow",Bicross,previouspage.co.uk,offline staging
EPH-0875,/lititzbmx-public-knowledge-register/records/EPH-0875/,https://article134-tech.github.io/lititzbmx-public-knowledge-register/records/EPH-0875/,records/EPH-0875/index.html,"noindex,nofollow",Bicross,previouspage.co.uk,offline staging
EPH-0876,/lititzbmx-public-knowledge-register/records/EPH-0876/,https://article134-tech.github.io/lititzbmx-public-knowledge-register/records/EPH-0876/,records/EPH-0876/index.html,"noindex,nofollow",Bicross,previouspage.co.uk,offline staging
EPH-0877,/lititzbmx-public-knowledge-register/records/EPH-0877/,https://article134-tech.github.io/lititzbmx-public-knowledge-register/records/EPH-0877/,records/EPH-0877/index.html,"noindex,nofollow",Bicross,previouspage.co.uk,offline staging
EPH-0878,/lititzbmx-public-knowledge-register/records/EPH-0878/,https://article134-tech.github.io/lititzbmx-public-knowledge-register/records/EPH-0878/,records/EPH-0878/index.html,"noindex,nofollow",Bicross,previouspage.co.uk,offline staging
EPH-0879,/lititzbmx-public-knowledge-register/records/EPH-0879/,https://article134-tech.github.io/lititzbmx-public-knowledge-register/records/EPH-0879/,records/EPH-0879/index.html,"noindex,nofollow",Bicross,previouspage.co.uk,offline staging
EPH-0880,/lititzbmx-public-knowledge-register/records/EPH-0880/,https://article134-tech.github.io/lititzbmx-public-knowledge-register/records/EPH-0880/,records/EPH-0880/index.html,"noindex,nofollow",Bicross,previouspage.co.uk,offline staging
EPH-0881,/lititzbmx-public-knowledge-register/records/EPH-0881/,https://article134-tech.github.io/lititzbmx-public-knowledge-register/records/EPH-0881/,records/EPH-0881/index.html,"noindex,nofollow",Bicross,previouspage.co.uk,offline staging
EPH-0882,/lititzbmx-public-knowledge-register/records/EPH-0882/,https://article134-tech.github.io/lititzbmx-public-knowledge-register/records/EPH-0882/,records/EPH-0882/index.html,"noindex,nofollow",Bicross,previouspage.co.uk,offline staging
EPH-0883,/lititzbmx-public-knowledge-register/records/EPH-0883/,https://article134-tech.github.io/lititzbmx-public-knowledge-register/records/EPH-0883/,records/EPH-0883/index.html,"noindex,nofollow",Bicross,previouspage.co.uk,offline staging
EPH-0884,/lititzbmx-public-knowledge-register/records/EPH-0884/,https://article134-tech.github.io/lititzbmx-public-knowledge-register/records/EPH-0884/,records/EPH-0884/index.html,"noindex,nofollow",Bicross,previouspage.co.uk,offline staging
EPH-0885,/lititzbmx-public-knowledge-register/records/EPH-0885/,https://article134-tech.github.io/lititzbmx-public-knowledge-register/records/EPH-0885/,records/EPH-0885/index.html,"noindex,nofollow",Bicross,previouspage.co.uk,offline staging
EPH-0886,/lititzbmx-public-knowledge-register/records/EPH-0886/,https://article134-tech.github.io/lititzbmx-public-knowledge-register/records/EPH-0886/,records/EPH-0886/index.html,"noindex,nofollow",Bicross,previouspage.co.uk,offline staging
EPH-0887,/lititzbmx-public-knowledge-register/records/EPH-0887/,https://article134-tech.github.io/lititzbmx-public-knowledge-register/records/EPH-0887/,records/EPH-0887/index.html,"noindex,nofollow",Bicross,previouspage.co.uk,offline staging
EPH-0888,/lititzbmx-public-knowledge-register/records/EPH-0888/,https://article134-tech.github.io/lititzbmx-public-knowledge-register/records/EPH-0888/,records/EPH-0888/index.html,"noindex,nofollow",Bicross,previouspage.co.uk,offline staging
EPH-0889,/lititzbmx-public-knowledge-register/records/EPH-0889/,https://article134-tech.github.io/lititzbmx-public-knowledge-register/records/EPH-0889/,records/EPH-0889/index.html,"noindex,nofollow",Bicross,previouspage.co.uk,offline staging
EPH-0890,/lititzbmx-public-knowledge-register/records/EPH-0890/,https://article134-tech.github.io/lititzbmx-public-knowledge-register/records/EPH-0890/,records/EPH-0890/index.html,"noindex,nofollow",Bicross,previouspage.co.uk,offline staging
EPH-0891,/lititzbmx-public-knowledge-register/records/EPH-0891/,https://article134-tech.github.io/lititzbmx-public-knowledge-register/records/EPH-0891/,records/EPH-0891/index.html,"noindex,nofollow",Bicross,previouspage.co.uk,offline staging
EPH-0892,/lititzbmx-public-knowledge-register/records/EPH-0892/,https://article134-tech.github.io/lititzbmx-public-knowledge-register/records/EPH-0892/,records/EPH-0892/index.html,"noindex,nofollow",Bicross,previouspage.co.uk,offline staging
EPH-0893,/lititzbmx-public-knowledge-register/records/EPH-0893/,https://article134-tech.github.io/lititzbmx-public-knowledge-register/records/EPH-0893/,records/EPH-0893/index.html,"noindex,nofollow",Bicross,previouspage.co.uk,offline staging
EPH-0894,/lititzbmx-public-knowledge-register/records/EPH-0894/,https://article134-tech.github.io/lititzbmx-public-knowledge-register/records/EPH-0894/,records/EPH-0894/index.html,"noindex,nofollow",Bicross,previouspage.co.uk,offline staging
EPH-0895,/lititzbmx-public-knowledge-register/records/EPH-0895/,https://article134-tech.github.io/lititzbmx-public-knowledge-register/records/EPH-0895/,records/EPH-0895/index.html,"noindex,nofollow",Bicross,previouspage.co.uk,offline staging
EPH-0896,/lititzbmx-public-knowledge-register/records/EPH-0896/,https://article134-tech.github.io/lititzbmx-public-knowledge-register/records/EPH-0896/,records/EPH-0896/index.html,"noindex,nofollow",Bicross,previouspage.co.uk,offline staging
EPH-0897,/lititzbmx-public-knowledge-register/records/EPH-0897/,https://article134-tech.github.io/lititzbmx-public-knowledge-register/records/EPH-0897/,records/EPH-0897/index.html,"noindex,nofollow",Bicross,previouspage.co.uk,offline staging
EPH-0898,/lititzbmx-public-knowledge-register/records/EPH-0898/,https://article134-tech.github.io/lititzbmx-public-knowledge-register/records/EPH-0898/,records/EPH-0898/index.html,"noindex,nofollow",Bicross,previouspage.co.uk,offline staging
EPH-0899,/lititzbmx-public-knowledge-register/records/EPH-0899/,https://article134-tech.github.io/lititzbmx-public-knowledge-register/records/EPH-0899/,records/EPH-0899/index.html,"noindex,nofollow",Bicross,previouspage.co.uk,offline staging
EPH-0900,/lititzbmx-public-knowledge-register/records/EPH-0900/,https://article134-tech.github.io/lititzbmx-public-knowledge-register/records/EPH-0900/,records/EPH-0900/index.html,"noindex,nofollow",Bicross,previouspage.co.uk,offline staging
EPH-0901,/lititzbmx-public-knowledge-register/records/EPH-0901/,https://article134-tech.github.io/lititzbmx-public-knowledge-register/records/EPH-0901/,records/EPH-0901/index.html,"noindex,nofollow",Bicross,previouspage.co.uk,offline staging
EPH-0902,/lititzbmx-public-knowledge-register/records/EPH-0902/,https://article134-tech.github.io/lititzbmx-public-knowledge-register/records/EPH-0902/,records/EPH-0902/index.html,"noindex,nofollow",Bicross,previouspage.co.uk,offline staging
EPH-0903,/lititzbmx-public-knowledge-register/records/EPH-0903/,https://article134-tech.github.io/lititzbmx-public-knowledge-register/records/EPH-0903/,records/EPH-0903/index.html,"noindex,nofollow",Bicross,previouspage.co.uk,offline staging
EPH-0904,/lititzbmx-public-knowledge-register/records/EPH-0904/,https://article134-tech.github.io/lititzbmx-public-knowledge-register/records/EPH-0904/,records/EPH-0904/index.html,"noindex,nofollow",Bicross,previouspage.co.uk,offline staging
EPH-0905,/lititzbmx-public-knowledge-register/records/EPH-0905/,https://article134-tech.github.io/lititzbmx-public-knowledge-register/records/EPH-0905/,records/EPH-0905/index.html,"noindex,nofollow",Bicross,previouspage.co.uk,offline staging
EPH-0906,/lititzbmx-public-knowledge-register/records/EPH-0906/,https://article134-tech.github.io/lititzbmx-public-knowledge-register/records/EPH-0906/,records/EPH-0906/index.html,"noindex,nofollow",Bicross,previouspage.co.uk,offline staging
EPH-0907,/lititzbmx-public-knowledge-register/records/EPH-0907/,https://article134-tech.github.io/lititzbmx-public-knowledge-register/records/EPH-0907/,records/EPH-0907/index.html,"noindex,nofollow",Bicross,previouspage.co.uk,offline staging
EPH-0908,/lititzbmx-public-knowledge-register/records/EPH-0908/,https://article134-tech.github.io/lititzbmx-public-knowledge-register/records/EPH-0908/,records/EPH-0908/index.html,"noindex,nofollow",Bicross,previouspage.co.uk,offline staging
EPH-0909,/lititzbmx-public-knowledge-register/records/EPH-0909/,https://article134-tech.github.io/lititzbmx-public-knowledge-register/records/EPH-0909/,records/EPH-0909/index.html,"noindex,nofollow",Bicross,previouspage.co.uk,offline staging
EPH-0910,/lititzbmx-public-knowledge-register/records/EPH-0910/,https://article134-tech.github.io/lititzbmx-public-knowledge-register/records/EPH-0910/,records/EPH-0910/index.html,"noindex,nofollow",Bicross,previouspage.co.uk,offline staging
EPH-0911,/lititzbmx-public-knowledge-register/records/EPH-0911/,https://article134-tech.github.io/lititzbmx-public-knowledge-register/records/EPH-0911/,records/EPH-0911/index.html,"noindex,nofollow",Bicross,previouspage.co.uk,offline staging
EPH-0912,/lititzbmx-public-knowledge-register/records/EPH-0912/,https://article134-tech.github.io/lititzbmx-public-knowledge-register/records/EPH-0912/,records/EPH-0912/index.html,"noindex,nofollow",Bicross,previouspage.co.uk,offline staging
EPH-0913,/lititzbmx-public-knowledge-register/records/EPH-0913/,https://article134-tech.github.io/lititzbmx-public-knowledge-register/records/EPH-0913/,records/EPH-0913/index.html,"noindex,nofollow",Bicross,previouspage.co.uk,offline staging
EPH-0914,/lititzbmx-public-knowledge-register/records/EPH-0914/,https://article134-tech.github.io/lititzbmx-public-knowledge-register/records/EPH-0914/,records/EPH-0914/index.html,"noindex,nofollow",Bicross,previouspage.co.uk,offline staging
EPH-0915,/lititzbmx-public-knowledge-register/records/EPH-0915/,https://article134-tech.github.io/lititzbmx-public-knowledge-register/records/EPH-0915/,records/EPH-0915/index.html,"noindex,nofollow",Bicross,previouspage.co.uk,offline staging
EPH-0916,/lititzbmx-public-knowledge-register/records/EPH-0916/,https://article134-tech.github.io/lititzbmx-public-knowledge-register/records/EPH-0916/,records/EPH-0916/index.html,"noindex,nofollow",Bicross,previouspage.co.uk,offline staging
EPH-0917,/lititzbmx-public-knowledge-register/records/EPH-0917/,https://article134-tech.github.io/lititzbmx-public-knowledge-register/records/EPH-0917/,records/EPH-0917/index.html,"noindex,nofollow",Bicross,previouspage.co.uk,offline staging
EPH-0918,/lititzbmx-public-knowledge-register/records/EPH-0918/,https://article134-tech.github.io/lititzbmx-public-knowledge-register/records/EPH-0918/,records/EPH-0918/index.html,"noindex,nofollow",Bicross,previouspage.co.uk,offline staging
EPH-0919,/lititzbmx-public-knowledge-register/records/EPH-0919/,https://article134-tech.github.io/lititzbmx-public-knowledge-register/records/EPH-0919/,records/EPH-0919/index.html,"noindex,nofollow",Bicross,previouspage.co.uk,offline staging
EPH-0920,/lititzbmx-public-knowledge-register/records/EPH-0920/,https://article134-tech.github.io/lititzbmx-public-knowledge-register/records/EPH-0920/,records/EPH-0920/index.html,"noindex,nofollow",Bicross,previouspage.co.uk,offline staging
EPH-0921,/lititzbmx-public-knowledge-register/records/EPH-0921/,https://article134-tech.github.io/lititzbmx-public-knowledge-register/records/EPH-0921/,records/EPH-0921/index.html,"noindex,nofollow",Bicross,previouspage.co.uk,offline staging
EPH-0922,/lititzbmx-public-knowledge-register/records/EPH-0922/,https://article134-tech.github.io/lititzbmx-public-knowledge-register/records/EPH-0922/,records/EPH-0922/index.html,"noindex,nofollow",Bicross,previouspage.co.uk,offline staging
EPH-0923,/lititzbmx-public-knowledge-register/records/EPH-0923/,https://article134-tech.github.io/lititzbmx-public-knowledge-register/records/EPH-0923/,records/EPH-0923/index.html,"noindex,nofollow",Bicross,previouspage.co.uk,offline staging
EPH-0924,/lititzbmx-public-knowledge-register/records/EPH-0924/,https://article134-tech.github.io/lititzbmx-public-knowledge-register/records/EPH-0924/,records/EPH-0924/index.html,"noindex,nofollow",Bicross,previouspage.co.uk,offline staging
EPH-0925,/lititzbmx-public-knowledge-register/records/EPH-0925/,https://article134-tech.github.io/lititzbmx-public-knowledge-register/records/EPH-0925/,records/EPH-0925/index.html,"noindex,nofollow",Bicross,previouspage.co.uk,offline staging
EPH-0926,/lititzbmx-public-knowledge-register/records/EPH-0926/,https://article134-tech.github.io/lititzbmx-public-knowledge-register/records/EPH-0926/,records/EPH-0926/index.html,"noindex,nofollow",Bicross,previouspage.co.uk,offline staging
EPH-0927,/lititzbmx-public-knowledge-register/records/EPH-0927/,https://article134-tech.github.io/lititzbmx-public-knowledge-register/records/EPH-0927/,records/EPH-0927/index.html,"noindex,nofollow",Bicross,previouspage.co.uk,offline staging
EPH-0928,/lititzbmx-public-knowledge-register/records/EPH-0928/,https://article134-tech.github.io/lititzbmx-public-knowledge-register/records/EPH-0928/,records/EPH-0928/index.html,"noindex,nofollow",Bicross,previouspage.co.uk,offline staging
EPH-0929,/lititzbmx-public-knowledge-register/records/EPH-0929/,https://article134-tech.github.io/lititzbmx-public-knowledge-register/records/EPH-0929/,records/EPH-0929/index.html,"noindex,nofollow",Bicross,previouspage.co.uk,offline staging
EPH-0930,/lititzbmx-public-knowledge-register/records/EPH-0930/,https://article134-tech.github.io/lititzbmx-public-knowledge-register/records/EPH-0930/,records/EPH-0930/index.html,"noindex,nofollow",Bicross,previouspage.co.uk,offline staging
EPH-0931,/lititzbmx-public-knowledge-register/records/EPH-0931/,https://article134-tech.github.io/lititzbmx-public-knowledge-register/records/EPH-0931/,records/EPH-0931/index.html,"noindex,nofollow",Bicross,previouspage.co.uk,offline staging
EPH-0932,/lititzbmx-public-knowledge-register/records/EPH-0932/,https://article134-tech.github.io/lititzbmx-public-knowledge-register/records/EPH-0932/,records/EPH-0932/index.html,"noindex,nofollow",Bicross,previouspage.co.uk,offline staging
EPH-0933,/lititzbmx-public-knowledge-register/records/EPH-0933/,https://article134-tech.github.io/lititzbmx-public-knowledge-register/records/EPH-0933/,records/EPH-0933/index.html,"noindex,nofollow",Bicross,previouspage.co.uk,offline staging
EPH-0934,/lititzbmx-public-knowledge-register/records/EPH-0934/,https://article134-tech.github.io/lititzbmx-public-knowledge-register/records/EPH-0934/,records/EPH-0934/index.html,"noindex,nofollow",Bicross,previouspage.co.uk,offline staging
EPH-0935,/lititzbmx-public-knowledge-register/records/EPH-0935/,https://article134-tech.github.io/lititzbmx-public-knowledge-register/records/EPH-0935/,records/EPH-0935/index.html,"noindex,nofollow",Bicross,previouspage.co.uk,offline staging
EPH-0936,/lititzbmx-public-knowledge-register/records/EPH-0936/,https://article134-tech.github.io/lititzbmx-public-knowledge-register/records/EPH-0936/,records/EPH-0936/index.html,"noindex,nofollow",Bicross,previouspage.co.uk,offline staging
EPH-0937,/lititzbmx-public-knowledge-register/records/EPH-0937/,https://article134-tech.github.io/lititzbmx-public-knowledge-register/records/EPH-0937/,records/EPH-0937/index.html,"noindex,nofollow",Bicross,previouspage.co.uk,offline staging
EPH-0938,/lititzbmx-public-knowledge-register/records/EPH-0938/,https://article134-tech.github.io/lititzbmx-public-knowledge-register/records/EPH-0938/,records/EPH-0938/index.html,"noindex,nofollow",Bicross,previouspage.co.uk,offline staging
EPH-0939,/lititzbmx-public-knowledge-register/records/EPH-0939/,https://article134-tech.github.io/lititzbmx-public-knowledge-register/records/EPH-0939/,records/EPH-0939/index.html,"noindex,nofollow",Bicross,previouspage.co.uk,offline staging
EPH-0940,/lititzbmx-public-knowledge-register/records/EPH-0940/,https://article134-tech.github.io/lititzbmx-public-knowledge-register/records/EPH-0940/,records/EPH-0940/index.html,"noindex,nofollow",Bicross,previouspage.co.uk,offline staging
EPH-0941,/lititzbmx-public-knowledge-register/records/EPH-0941/,https://article134-tech.github.io/lititzbmx-public-knowledge-register/records/EPH-0941/,records/EPH-0941/index.html,"noindex,nofollow",Bicross,previouspage.co.uk,offline staging
EPH-0942,/lititzbmx-public-knowledge-register/records/EPH-0942/,https://article134-tech.github.io/lititzbmx-public-knowledge-register/records/EPH-0942/,records/EPH-0942/index.html,"noindex,nofollow",Bicross,previouspage.co.uk,offline staging
EPH-0943,/lititzbmx-public-knowledge-register/records/EPH-0943/,https://article134-tech.github.io/lititzbmx-public-knowledge-register/records/EPH-0943/,records/EPH-0943/index.html,"noindex,nofollow",Bicross,previouspage.co.uk,offline staging
EPH-0944,/lititzbmx-public-knowledge-register/records/EPH-0944/,https://article134-tech.github.io/lititzbmx-public-knowledge-register/records/EPH-0944/,records/EPH-0944/index.html,"noindex,nofollow",Bicross,previouspage.co.uk,offline staging
EPH-0945,/lititzbmx-public-knowledge-register/records/EPH-0945/,https://article134-tech.github.io/lititzbmx-public-knowledge-register/records/EPH-0945/,records/EPH-0945/index.html,"noindex,nofollow",Bicross,previouspage.co.uk,offline staging
EPH-0946,/lititzbmx-public-knowledge-register/records/EPH-0946/,https://article134-tech.github.io/lititzbmx-public-knowledge-register/records/EPH-0946/,records/EPH-0946/index.html,"noindex,nofollow",Bicross,previouspage.co.uk,offline staging
EPH-0947,/lititzbmx-public-knowledge-register/records/EPH-0947/,https://article134-tech.github.io/lititzbmx-public-knowledge-register/records/EPH-0947/,records/EPH-0947/index.html,"noindex,nofollow",Bicross,previouspage.co.uk,offline staging
EPH-0948,/lititzbmx-public-knowledge-register/records/EPH-0948/,https://article134-tech.github.io/lititzbmx-public-knowledge-register/records/EPH-0948/,records/EPH-0948/index.html,"noindex,nofollow",Bicross,previouspage.co.uk,offline staging
EPH-0949,/lititzbmx-public-knowledge-register/records/EPH-0949/,https://article134-tech.github.io/lititzbmx-public-knowledge-register/records/EPH-0949/,records/EPH-0949/index.html,"noindex,nofollow",Bicross,previouspage.co.uk,offline staging
EPH-0950,/lititzbmx-public-knowledge-register/records/EPH-0950/,https://article134-tech.github.io/lititzbmx-public-knowledge-register/records/EPH-0950/,records/EPH-0950/index.html,"noindex,nofollow",Bicross,previouspage.co.uk,offline staging
EPH-0951,/lititzbmx-public-knowledge-register/records/EPH-0951/,https://article134-tech.github.io/lititzbmx-public-knowledge-register/records/EPH-0951/,records/EPH-0951/index.html,"noindex,nofollow",Bicross,previouspage.co.uk,offline staging
EPH-0952,/lititzbmx-public-knowledge-register/records/EPH-0952/,https://article134-tech.github.io/lititzbmx-public-knowledge-register/records/EPH-0952/,records/EPH-0952/index.html,"noindex,nofollow",Bicross,previouspage.co.uk,offline staging
EPH-0953,/lititzbmx-public-knowledge-register/records/EPH-0953/,https://article134-tech.github.io/lititzbmx-public-knowledge-register/records/EPH-0953/,records/EPH-0953/index.html,"noindex,nofollow",Bicross,previouspage.co.uk,offline staging
EPH-0954,/lititzbmx-public-knowledge-register/records/EPH-0954/,https://article134-tech.github.io/lititzbmx-public-knowledge-register/records/EPH-0954/,records/EPH-0954/index.html,"noindex,nofollow",Bicross,previouspage.co.uk,offline staging
EPH-0955,/lititzbmx-public-knowledge-register/records/EPH-0955/,https://article134-tech.github.io/lititzbmx-public-knowledge-register/records/EPH-0955/,records/EPH-0955/index.html,"noindex,nofollow",Bicross,previouspage.co.uk,offline staging
EPH-0956,/lititzbmx-public-knowledge-register/records/EPH-0956/,https://article134-tech.github.io/lititzbmx-public-knowledge-register/records/EPH-0956/,records/EPH-0956/index.html,"noindex,nofollow",Bicross,previouspage.co.uk,offline staging
EPH-0957,/lititzbmx-public-knowledge-register/records/EPH-0957/,https://article134-tech.github.io/lititzbmx-public-knowledge-register/records/EPH-0957/,records/EPH-0957/index.html,"noindex,nofollow",Bicross,previouspage.co.uk,offline staging
EPH-0958,/lititzbmx-public-knowledge-register/records/EPH-0958/,https://article134-tech.github.io/lititzbmx-public-knowledge-register/records/EPH-0958/,records/EPH-0958/index.html,"noindex,nofollow",Bicross,previouspage.co.uk,offline staging
EPH-0959,/lititzbmx-public-knowledge-register/records/EPH-0959/,https://article134-tech.github.io/lititzbmx-public-knowledge-register/records/EPH-0959/,records/EPH-0959/index.html,"noindex,nofollow",Bicross,previouspage.co.uk,offline staging
EPH-0960,/lititzbmx-public-knowledge-register/records/EPH-0960/,https://article134-tech.github.io/lititzbmx-public-knowledge-register/records/EPH-0960/,records/EPH-0960/index.html,"noindex,nofollow",Bicross,previouspage.co.uk,offline staging
EPH-0961,/lititzbmx-public-knowledge-register/records/EPH-0961/,https://article134-tech.github.io/lititzbmx-public-knowledge-register/records/EPH-0961/,records/EPH-0961/index.html,"noindex,nofollow",Bicross,previouspage.co.uk,offline staging
EPH-0962,/lititzbmx-public-knowledge-register/records/EPH-0962/,https://article134-tech.github.io/lititzbmx-public-knowledge-register/records/EPH-0962/,records/EPH-0962/index.html,"noindex,nofollow",Bicross,previouspage.co.uk,offline staging
EPH-0963,/lititzbmx-public-knowledge-register/records/EPH-0963/,https://article134-tech.github.io/lititzbmx-public-knowledge-register/records/EPH-0963/,records/EPH-0963/index.html,"noindex,nofollow",Bicross,previouspage.co.uk,offline staging
EPH-0964,/lititzbmx-public-knowledge-register/records/EPH-0964/,https://article134-tech.github.io/lititzbmx-public-knowledge-register/records/EPH-0964/,records/EPH-0964/index.html,"noindex,nofollow",Bicross,previouspage.co.uk,offline staging
EPH-0965,/lititzbmx-public-knowledge-register/records/EPH-0965/,https://article134-tech.github.io/lititzbmx-public-knowledge-register/records/EPH-0965/,records/EPH-0965/index.html,"noindex,nofollow",Bicross,previouspage.co.uk,offline staging
EPH-0966,/lititzbmx-public-knowledge-register/records/EPH-0966/,https://article134-tech.github.io/lititzbmx-public-knowledge-register/records/EPH-0966/,records/EPH-0966/index.html,"noindex,nofollow",Bicross,previouspage.co.uk,offline staging
EPH-0967,/lititzbmx-public-knowledge-register/records/EPH-0967/,https://article134-tech.github.io/lititzbmx-public-knowledge-register/records/EPH-0967/,records/EPH-0967/index.html,"noindex,nofollow",Bicross,previouspage.co.uk,offline staging
EPH-0968,/lititzbmx-public-knowledge-register/records/EPH-0968/,https://article134-tech.github.io/lititzbmx-public-knowledge-register/records/EPH-0968/,records/EPH-0968/index.html,"noindex,nofollow",Bicross,previouspage.co.uk,offline staging
EPH-0969,/lititzbmx-public-knowledge-register/records/EPH-0969/,https://article134-tech.github.io/lititzbmx-public-knowledge-register/records/EPH-0969/,records/EPH-0969/index.html,"noindex,nofollow",Bicross,previouspage.co.uk,offline staging
EPH-0970,/lititzbmx-public-knowledge-register/records/EPH-0970/,https://article134-tech.github.io/lititzbmx-public-knowledge-register/records/EPH-0970/,records/EPH-0970/index.html,"noindex,nofollow",Bicross,previouspage.co.uk,offline staging
EPH-0971,/lititzbmx-public-knowledge-register/records/EPH-0971/,https://article134-tech.github.io/lititzbmx-public-knowledge-register/records/EPH-0971/,records/EPH-0971/index.html,"noindex,nofollow",Bicross,previouspage.co.uk,offline staging
EPH-0972,/lititzbmx-public-knowledge-register/records/EPH-0972/,https://article134-tech.github.io/lititzbmx-public-knowledge-register/records/EPH-0972/,records/EPH-0972/index.html,"noindex,nofollow",Bicross,previouspage.co.uk,offline staging
EPH-0973,/lititzbmx-public-knowledge-register/records/EPH-0973/,https://article134-tech.github.io/lititzbmx-public-knowledge-register/records/EPH-0973/,records/EPH-0973/index.html,"noindex,nofollow",Bicross,previouspage.co.uk,offline staging
EPH-0974,/lititzbmx-public-knowledge-register/records/EPH-0974/,https://article134-tech.github.io/lititzbmx-public-knowledge-register/records/EPH-0974/,records/EPH-0974/index.html,"noindex,nofollow",Bicross,previouspage.co.uk,offline staging
EPH-0975,/lititzbmx-public-knowledge-register/records/EPH-0975/,https://article134-tech.github.io/lititzbmx-public-knowledge-register/records/EPH-0975/,records/EPH-0975/index.html,"noindex,nofollow",Bicross,previouspage.co.uk,offline staging
EPH-0976,/lititzbmx-public-knowledge-register/records/EPH-0976/,https://article134-tech.github.io/lititzbmx-public-knowledge-register/records/EPH-0976/,records/EPH-0976/index.html,"noindex,nofollow",Bicross,previouspage.co.uk,offline staging
EPH-0977,/lititzbmx-public-knowledge-register/records/EPH-0977/,https://article134-tech.github.io/lititzbmx-public-knowledge-register/records/EPH-0977/,records/EPH-0977/index.html,"noindex,nofollow",Bicross,previouspage.co.uk,offline staging
EPH-0978,/lititzbmx-public-knowledge-register/records/EPH-0978/,https://article134-tech.github.io/lititzbmx-public-knowledge-register/records/EPH-0978/,records/EPH-0978/index.html,"noindex,nofollow",Bicross,previouspage.co.uk,offline staging
EPH-0979,/lititzbmx-public-knowledge-register/records/EPH-0979/,https://article134-tech.github.io/lititzbmx-public-knowledge-register/records/EPH-0979/,records/EPH-0979/index.html,"noindex,nofollow",Bicross,previouspage.co.uk,offline staging
EPH-0980,/lititzbmx-public-knowledge-register/records/EPH-0980/,https://article134-tech.github.io/lititzbmx-public-knowledge-register/records/EPH-0980/,records/EPH-0980/index.html,"noindex,nofollow",Bicross,previouspage.co.uk,offline staging
EPH-0981,/lititzbmx-public-knowledge-register/records/EPH-0981/,https://article134-tech.github.io/lititzbmx-public-knowledge-register/records/EPH-0981/,records/EPH-0981/index.html,"noindex,nofollow",Bicross,previouspage.co.uk,offline staging
EPH-0982,/lititzbmx-public-knowledge-register/records/EPH-0982/,https://article134-tech.github.io/lititzbmx-public-knowledge-register/records/EPH-0982/,records/EPH-0982/index.html,"noindex,nofollow",Bicross,previouspage.co.uk,offline staging
EPH-0983,/lititzbmx-public-knowledge-register/records/EPH-0983/,https://article134-tech.github.io/lititzbmx-public-knowledge-register/records/EPH-0983/,records/EPH-0983/index.html,"noindex,nofollow",Bicross,previouspage.co.uk,offline staging
EPH-0984,/lititzbmx-public-knowledge-register/records/EPH-0984/,https://article134-tech.github.io/lititzbmx-public-knowledge-register/records/EPH-0984/,records/EPH-0984/index.html,"noindex,nofollow",Bicross,previouspage.co.uk,offline staging
EPH-0985,/lititzbmx-public-knowledge-register/records/EPH-0985/,https://article134-tech.github.io/lititzbmx-public-knowledge-register/records/EPH-0985/,records/EPH-0985/index.html,"noindex,nofollow",Bicross,previouspage.co.uk,offline staging
EPH-0986,/lititzbmx-public-knowledge-register/records/EPH-0986/,https://article134-tech.github.io/lititzbmx-public-knowledge-register/records/EPH-0986/,records/EPH-0986/index.html,"noindex,nofollow",Bicross,previouspage.co.uk,offline staging
EPH-0987,/lititzbmx-public-knowledge-register/records/EPH-0987/,https://article134-tech.github.io/lititzbmx-public-knowledge-register/records/EPH-0987/,records/EPH-0987/index.html,"noindex,nofollow",Bicross,previouspage.co.uk,offline staging
EPH-0988,/lititzbmx-public-knowledge-register/records/EPH-0988/,https://article134-tech.github.io/lititzbmx-public-knowledge-register/records/EPH-0988/,records/EPH-0988/index.html,"noindex,nofollow",Bicross,previouspage.co.uk,offline staging
EPH-0989,/lititzbmx-public-knowledge-register/records/EPH-0989/,https://article134-tech.github.io/lititzbmx-public-knowledge-register/records/EPH-0989/,records/EPH-0989/index.html,"noindex,nofollow",Bicross,previouspage.co.uk,offline staging
EPH-0990,/lititzbmx-public-knowledge-register/records/EPH-0990/,https://article134-tech.github.io/lititzbmx-public-knowledge-register/records/EPH-0990/,records/EPH-0990/index.html,"noindex,nofollow",Bicross,previouspage.co.uk,offline staging
EPH-0991,/lititzbmx-public-knowledge-register/records/EPH-0991/,https://article134-tech.github.io/lititzbmx-public-knowledge-register/records/EPH-0991/,records/EPH-0991/index.html,"noindex,nofollow",Bicross,previouspage.co.uk,offline staging
EPH-0992,/lititzbmx-public-knowledge-register/records/EPH-0992/,https://article134-tech.github.io/lititzbmx-public-knowledge-register/records/EPH-0992/,records/EPH-0992/index.html,"noindex,nofollow",Bicross,previouspage.co.uk,offline staging
EPH-0993,/lititzbmx-public-knowledge-register/records/EPH-0993/,https://article134-tech.github.io/lititzbmx-public-knowledge-register/records/EPH-0993/,records/EPH-0993/index.html,"noindex,nofollow",Bicross,previouspage.co.uk,offline staging
EPH-0994,/lititzbmx-public-knowledge-register/records/EPH-0994/,https://article134-tech.github.io/lititzbmx-public-knowledge-register/records/EPH-0994/,records/EPH-0994/index.html,"noindex,nofollow",Bicross,previouspage.co.uk,offline staging
EPH-0995,/lititzbmx-public-knowledge-register/records/EPH-0995/,https://article134-tech.github.io/lititzbmx-public-knowledge-register/records/EPH-0995/,records/EPH-0995/index.html,"noindex,nofollow",Bicross,previouspage.co.uk,offline staging
EPH-0996,/lititzbmx-public-knowledge-register/records/EPH-0996/,https://article134-tech.github.io/lititzbmx-public-knowledge-register/records/EPH-0996/,records/EPH-0996/index.html,"noindex,nofollow",Bicross,previouspage.co.uk,offline staging
EPH-0997,/lititzbmx-public-knowledge-register/records/EPH-0997/,https://article134-tech.github.io/lititzbmx-public-knowledge-register/records/EPH-0997/,records/EPH-0997/index.html,"noindex,nofollow",Bicross,previouspage.co.uk,offline staging
EPH-0998,/lititzbmx-public-knowledge-register/records/EPH-0998/,https://article134-tech.github.io/lititzbmx-public-knowledge-register/records/EPH-0998/,records/EPH-0998/index.html,"noindex,nofollow",Bicross,previouspage.co.uk,offline staging
EPH-0999,/lititzbmx-public-knowledge-register/records/EPH-0999/,https://article134-tech.github.io/lititzbmx-public-knowledge-register/records/EPH-0999/,records/EPH-0999/index.html,"noindex,nofollow",Bicross,previouspage.co.uk,offline staging
EPH-1000,/lititzbmx-public-knowledge-register/records/EPH-1000/,https://article134-tech.github.io/lititzbmx-public-knowledge-register/records/EPH-1000/,records/EPH-1000/index.html,"noindex,nofollow",Bicross,previouspage.co.uk,offline staging
EPH-1001,/lititzbmx-public-knowledge-register/records/EPH-1001/,https://article134-tech.github.io/lititzbmx-public-knowledge-register/records/EPH-1001/,records/EPH-1001/index.html,"noindex,nofollow",Bicross,previouspage.co.uk,offline staging
EPH-1002,/lititzbmx-public-knowledge-register/records/EPH-1002/,https://article134-tech.github.io/lititzbmx-public-knowledge-register/records/EPH-1002/,records/EPH-1002/index.html,"noindex,nofollow",Bicross,previouspage.co.uk,offline staging
EPH-1003,/lititzbmx-public-knowledge-register/records/EPH-1003/,https://article134-tech.github.io/lititzbmx-public-knowledge-register/records/EPH-1003/,records/EPH-1003/index.html,"noindex,nofollow",Bicross,previouspage.co.uk,offline staging
EPH-1004,/lititzbmx-public-knowledge-register/records/EPH-1004/,https://article134-tech.github.io/lititzbmx-public-knowledge-register/records/EPH-1004/,records/EPH-1004/index.html,"noindex,nofollow",Bicross,previouspage.co.uk,offline staging
EPH-1005,/lititzbmx-public-knowledge-register/records/EPH-1005/,https://article134-tech.github.io/lititzbmx-public-knowledge-register/records/EPH-1005/,records/EPH-1005/index.html,"noindex,nofollow",Bicross,previouspage.co.uk,offline staging
EPH-1006,/lititzbmx-public-knowledge-register/records/EPH-1006/,https://article134-tech.github.io/lititzbmx-public-knowledge-register/records/EPH-1006/,records/EPH-1006/index.html,"noindex,nofollow",Bicross,previouspage.co.uk,offline staging
EPH-1007,/lititzbmx-public-knowledge-register/records/EPH-1007/,https://article134-tech.github.io/lititzbmx-public-knowledge-register/records/EPH-1007/,records/EPH-1007/index.html,"noindex,nofollow",Bicross,previouspage.co.uk,offline staging
EPH-1008,/lititzbmx-public-knowledge-register/records/EPH-1008/,https://article134-tech.github.io/lititzbmx-public-knowledge-register/records/EPH-1008/,records/EPH-1008/index.html,"noindex,nofollow",Bicross,previouspage.co.uk,offline staging
EPH-1009,/lititzbmx-public-knowledge-register/records/EPH-1009/,https://article134-tech.github.io/lititzbmx-public-knowledge-register/records/EPH-1009/,records/EPH-1009/index.html,"noindex,nofollow",Bicross,previouspage.co.uk,offline staging
EPH-1010,/lititzbmx-public-knowledge-register/records/EPH-1010/,https://article134-tech.github.io/lititzbmx-public-knowledge-register/records/EPH-1010/,records/EPH-1010/index.html,"noindex,nofollow",Bicross,previouspage.co.uk,offline staging
EPH-1011,/lititzbmx-public-knowledge-register/records/EPH-1011/,https://article134-tech.github.io/lititzbmx-public-knowledge-register/records/EPH-1011/,records/EPH-1011/index.html,"noindex,nofollow",BMX Plus!,previouspage.co.uk,offline staging
EPH-1012,/lititzbmx-public-knowledge-register/records/EPH-1012/,https://article134-tech.github.io/lititzbmx-public-knowledge-register/records/EPH-1012/,records/EPH-1012/index.html,"noindex,nofollow",GO,previouspage.co.uk,offline staging
EPH-1013,/lititzbmx-public-knowledge-register/records/EPH-1013/,https://article134-tech.github.io/lititzbmx-public-knowledge-register/records/EPH-1013/,records/EPH-1013/index.html,"noindex,nofollow",GO,previouspage.co.uk,offline staging
EPH-1014,/lititzbmx-public-knowledge-register/records/EPH-1014/,https://article134-tech.github.io/lititzbmx-public-knowledge-register/records/EPH-1014/,records/EPH-1014/index.html,"noindex,nofollow",Haro official archive,archive.harobikes.com,offline staging
EPH-1015,/lititzbmx-public-knowledge-register/records/EPH-1015/,https://article134-tech.github.io/lititzbmx-public-knowledge-register/records/EPH-1015/,records/EPH-1015/index.html,"noindex,nofollow",Haro official archive,archive.harobikes.com,offline staging
EPH-1016,/lititzbmx-public-knowledge-register/records/EPH-1016/,https://article134-tech.github.io/lititzbmx-public-knowledge-register/records/EPH-1016/,records/EPH-1016/index.html,"noindex,nofollow",DIG BMX,digbmx.com,offline staging
EPH-1017,/lititzbmx-public-knowledge-register/records/EPH-1017/,https://article134-tech.github.io/lititzbmx-public-knowledge-register/records/EPH-1017/,records/EPH-1017/index.html,"noindex,nofollow",UCI,uci.org,offline staging
EPH-1018,/lititzbmx-public-knowledge-register/records/EPH-1018/,https://article134-tech.github.io/lititzbmx-public-knowledge-register/records/EPH-1018/,records/EPH-1018/index.html,"noindex,nofollow",UCI,uci.org,offline staging
EPH-1019,/lititzbmx-public-knowledge-register/records/EPH-1019/,https://article134-tech.github.io/lititzbmx-public-knowledge-register/records/EPH-1019/,records/EPH-1019/index.html,"noindex,nofollow",USA BMX,usabmx.com,offline staging
EPH-1020,/lititzbmx-public-knowledge-register/records/EPH-1020/,https://article134-tech.github.io/lititzbmx-public-knowledge-register/records/EPH-1020/,records/EPH-1020/index.html,"noindex,nofollow",USA BMX,usabmx.com,offline staging
EPH-1021,/lititzbmx-public-knowledge-register/records/EPH-1021/,https://article134-tech.github.io/lititzbmx-public-knowledge-register/records/EPH-1021/,records/EPH-1021/index.html,"noindex,nofollow",BMXMuseum,bmxmuseum.com,offline staging
EPH-1022,/lititzbmx-public-knowledge-register/records/EPH-1022/,https://article134-tech.github.io/lititzbmx-public-knowledge-register/records/EPH-1022/,records/EPH-1022/index.html,"noindex,nofollow",BMXMuseum,bmxmuseum.com,offline staging
EPH-1023,/lititzbmx-public-knowledge-register/records/EPH-1023/,https://article134-tech.github.io/lititzbmx-public-knowledge-register/records/EPH-1023/,records/EPH-1023/index.html,"noindex,nofollow",BMXMuseum,bmxmuseum.com,offline staging
EPH-1024,/lititzbmx-public-knowledge-register/records/EPH-1024/,https://article134-tech.github.io/lititzbmx-public-knowledge-register/records/EPH-1024/,records/EPH-1024/index.html,"noindex,nofollow",BMXMuseum,bmxmuseum.com,offline staging
EPH-1025,/lititzbmx-public-knowledge-register/records/EPH-1025/,https://article134-tech.github.io/lititzbmx-public-knowledge-register/records/EPH-1025/,records/EPH-1025/index.html,"noindex,nofollow",BMXMuseum,bmxmuseum.com,offline staging
EPH-1026,/lititzbmx-public-knowledge-register/records/EPH-1026/,https://article134-tech.github.io/lititzbmx-public-knowledge-register/records/EPH-1026/,records/EPH-1026/index.html,"noindex,nofollow",BMXMuseum,bmxmuseum.com,offline staging
EPH-1027,/lititzbmx-public-knowledge-register/records/EPH-1027/,https://article134-tech.github.io/lititzbmx-public-knowledge-register/records/EPH-1027/,records/EPH-1027/index.html,"noindex,nofollow",BMXMuseum,bmxmuseum.com,offline staging
EPH-1028,/lititzbmx-public-knowledge-register/records/EPH-1028/,https://article134-tech.github.io/lititzbmx-public-knowledge-register/records/EPH-1028/,records/EPH-1028/index.html,"noindex,nofollow",BMXMuseum,bmxmuseum.com,offline staging
EPH-1029,/lititzbmx-public-knowledge-register/records/EPH-1029/,https://article134-tech.github.io/lititzbmx-public-knowledge-register/records/EPH-1029/,records/EPH-1029/index.html,"noindex,nofollow",BMXMuseum,bmxmuseum.com,offline staging
EPH-1030,/lititzbmx-public-knowledge-register/records/EPH-1030/,https://article134-tech.github.io/lititzbmx-public-knowledge-register/records/EPH-1030/,records/EPH-1030/index.html,"noindex,nofollow",BMXMuseum,bmxmuseum.com,offline staging
EPH-1031,/lititzbmx-public-knowledge-register/records/EPH-1031/,https://article134-tech.github.io/lititzbmx-public-knowledge-register/records/EPH-1031/,records/EPH-1031/index.html,"noindex,nofollow",BMXMuseum,bmxmuseum.com,offline staging
EPH-1032,/lititzbmx-public-knowledge-register/records/EPH-1032/,https://article134-tech.github.io/lititzbmx-public-knowledge-register/records/EPH-1032/,records/EPH-1032/index.html,"noindex,nofollow",BMXMuseum,bmxmuseum.com,offline staging
EPH-1033,/lititzbmx-public-knowledge-register/records/EPH-1033/,https://article134-tech.github.io/lititzbmx-public-knowledge-register/records/EPH-1033/,records/EPH-1033/index.html,"noindex,nofollow",BMXMuseum,bmxmuseum.com,offline staging
EPH-1034,/lititzbmx-public-knowledge-register/records/EPH-1034/,https://article134-tech.github.io/lititzbmx-public-knowledge-register/records/EPH-1034/,records/EPH-1034/index.html,"noindex,nofollow",BMXMuseum,bmxmuseum.com,offline staging
EPH-1035,/lititzbmx-public-knowledge-register/records/EPH-1035/,https://article134-tech.github.io/lititzbmx-public-knowledge-register/records/EPH-1035/,records/EPH-1035/index.html,"noindex,nofollow",BMXMuseum,bmxmuseum.com,offline staging
EPH-1036,/lititzbmx-public-knowledge-register/records/EPH-1036/,https://article134-tech.github.io/lititzbmx-public-knowledge-register/records/EPH-1036/,records/EPH-1036/index.html,"noindex,nofollow",BMXMuseum,bmxmuseum.com,offline staging
EPH-1037,/lititzbmx-public-knowledge-register/records/EPH-1037/,https://article134-tech.github.io/lititzbmx-public-knowledge-register/records/EPH-1037/,records/EPH-1037/index.html,"noindex,nofollow",BMXMuseum,bmxmuseum.com,offline staging
EPH-1038,/lititzbmx-public-knowledge-register/records/EPH-1038/,https://article134-tech.github.io/lititzbmx-public-knowledge-register/records/EPH-1038/,records/EPH-1038/index.html,"noindex,nofollow",BMXMuseum,bmxmuseum.com,offline staging
EPH-1039,/lititzbmx-public-knowledge-register/records/EPH-1039/,https://article134-tech.github.io/lititzbmx-public-knowledge-register/records/EPH-1039/,records/EPH-1039/index.html,"noindex,nofollow",BMXMuseum,bmxmuseum.com,offline staging
EPH-1040,/lititzbmx-public-knowledge-register/records/EPH-1040/,https://article134-tech.github.io/lititzbmx-public-knowledge-register/records/EPH-1040/,records/EPH-1040/index.html,"noindex,nofollow",BMXMuseum,bmxmuseum.com,offline staging
EPH-1041,/lititzbmx-public-knowledge-register/records/EPH-1041/,https://article134-tech.github.io/lititzbmx-public-knowledge-register/records/EPH-1041/,records/EPH-1041/index.html,"noindex,nofollow",BMXMuseum,bmxmuseum.com,offline staging
EPH-1042,/lititzbmx-public-knowledge-register/records/EPH-1042/,https://article134-tech.github.io/lititzbmx-public-knowledge-register/records/EPH-1042/,records/EPH-1042/index.html,"noindex,nofollow",BMXMuseum,bmxmuseum.com,offline staging
EPH-1043,/lititzbmx-public-knowledge-register/records/EPH-1043/,https://article134-tech.github.io/lititzbmx-public-knowledge-register/records/EPH-1043/,records/EPH-1043/index.html,"noindex,nofollow",BMXMuseum,bmxmuseum.com,offline staging
EPH-1044,/lititzbmx-public-knowledge-register/records/EPH-1044/,https://article134-tech.github.io/lititzbmx-public-knowledge-register/records/EPH-1044/,records/EPH-1044/index.html,"noindex,nofollow",BMXMuseum,bmxmuseum.com,offline staging
EPH-1045,/lititzbmx-public-knowledge-register/records/EPH-1045/,https://article134-tech.github.io/lititzbmx-public-knowledge-register/records/EPH-1045/,records/EPH-1045/index.html,"noindex,nofollow",BMXMuseum,bmxmuseum.com,offline staging
EPH-1046,/lititzbmx-public-knowledge-register/records/EPH-1046/,https://article134-tech.github.io/lititzbmx-public-knowledge-register/records/EPH-1046/,records/EPH-1046/index.html,"noindex,nofollow",BMXMuseum,bmxmuseum.com,offline staging
EPH-1047,/lititzbmx-public-knowledge-register/records/EPH-1047/,https://article134-tech.github.io/lititzbmx-public-knowledge-register/records/EPH-1047/,records/EPH-1047/index.html,"noindex,nofollow",BMXMuseum,bmxmuseum.com,offline staging
EPH-1048,/lititzbmx-public-knowledge-register/records/EPH-1048/,https://article134-tech.github.io/lititzbmx-public-knowledge-register/records/EPH-1048/,records/EPH-1048/index.html,"noindex,nofollow",BMXMuseum,bmxmuseum.com,offline staging
EPH-1049,/lititzbmx-public-knowledge-register/records/EPH-1049/,https://article134-tech.github.io/lititzbmx-public-knowledge-register/records/EPH-1049/,records/EPH-1049/index.html,"noindex,nofollow",BMXMuseum,bmxmuseum.com,offline staging
EPH-1050,/lititzbmx-public-knowledge-register/records/EPH-1050/,https://article134-tech.github.io/lititzbmx-public-knowledge-register/records/EPH-1050/,records/EPH-1050/index.html,"noindex,nofollow",BMXMuseum,bmxmuseum.com,offline staging
EPH-1051,/lititzbmx-public-knowledge-register/records/EPH-1051/,https://article134-tech.github.io/lititzbmx-public-knowledge-register/records/EPH-1051/,records/EPH-1051/index.html,"noindex,nofollow",BMXMuseum,bmxmuseum.com,offline staging
EPH-1052,/lititzbmx-public-knowledge-register/records/EPH-1052/,https://article134-tech.github.io/lititzbmx-public-knowledge-register/records/EPH-1052/,records/EPH-1052/index.html,"noindex,nofollow",BMXMuseum,bmxmuseum.com,offline staging
EPH-1053,/lititzbmx-public-knowledge-register/records/EPH-1053/,https://article134-tech.github.io/lititzbmx-public-knowledge-register/records/EPH-1053/,records/EPH-1053/index.html,"noindex,nofollow",BMXMuseum,bmxmuseum.com,offline staging
EPH-1054,/lititzbmx-public-knowledge-register/records/EPH-1054/,https://article134-tech.github.io/lititzbmx-public-knowledge-register/records/EPH-1054/,records/EPH-1054/index.html,"noindex,nofollow",BMXMuseum,bmxmuseum.com,offline staging
EPH-1055,/lititzbmx-public-knowledge-register/records/EPH-1055/,https://article134-tech.github.io/lititzbmx-public-knowledge-register/records/EPH-1055/,records/EPH-1055/index.html,"noindex,nofollow",BMXMuseum,bmxmuseum.com,offline staging
EPH-1056,/lititzbmx-public-knowledge-register/records/EPH-1056/,https://article134-tech.github.io/lititzbmx-public-knowledge-register/records/EPH-1056/,records/EPH-1056/index.html,"noindex,nofollow",BMXMuseum,bmxmuseum.com,offline staging
EPH-1057,/lititzbmx-public-knowledge-register/records/EPH-1057/,https://article134-tech.github.io/lititzbmx-public-knowledge-register/records/EPH-1057/,records/EPH-1057/index.html,"noindex,nofollow",BMXMuseum,bmxmuseum.com,offline staging
EPH-1058,/lititzbmx-public-knowledge-register/records/EPH-1058/,https://article134-tech.github.io/lititzbmx-public-knowledge-register/records/EPH-1058/,records/EPH-1058/index.html,"noindex,nofollow",BMXMuseum,bmxmuseum.com,offline staging
EPH-1059,/lititzbmx-public-knowledge-register/records/EPH-1059/,https://article134-tech.github.io/lititzbmx-public-knowledge-register/records/EPH-1059/,records/EPH-1059/index.html,"noindex,nofollow",BMXMuseum,bmxmuseum.com,offline staging
EPH-1060,/lititzbmx-public-knowledge-register/records/EPH-1060/,https://article134-tech.github.io/lititzbmx-public-knowledge-register/records/EPH-1060/,records/EPH-1060/index.html,"noindex,nofollow",BMXMuseum,bmxmuseum.com,offline staging
EPH-1061,/lititzbmx-public-knowledge-register/records/EPH-1061/,https://article134-tech.github.io/lititzbmx-public-knowledge-register/records/EPH-1061/,records/EPH-1061/index.html,"noindex,nofollow",BMXMuseum,bmxmuseum.com,offline staging
